(-0.6403978000, -0.3912697000, 0.1601594000, 0.6412079000)
(-0.6403650000, -0.3912731000, 0.1601624000, 0.6412379000)
(-0.6403861000, -0.3912185000, 0.1602393000, 0.6412310000)
(-0.6403248000, -0.3913378000, 0.1602731000, 0.6412110000)
(-0.6403725000, -0.3912295000, 0.1600755000, 0.6412787000)
(-0.6403354000, -0.3912215000, 0.1601677000, 0.6412977000)
(-0.6402482000, -0.3912524000, 0.1601055000, 0.6413813000)
(-0.6402482000, -0.3912524000, 0.1601055000, 0.6413813000)
(-0.3587258000, -0.4225571000, 0.0871827200, 0.8277442000)
(-0.3586976000, -0.4226037000, 0.0872254500, 0.8277282000)
(-0.3586890000, -0.4226404000, 0.0871402100, 0.8277221000)
(-0.3586251000, -0.4225527000, 0.0871269400, 0.8277960000)
(-0.3586711000, -0.4225302000, 0.0870714800, 0.8277934000)
(-0.3583353000, -0.4227692000, 0.0869405400, 0.8278305000)
(-0.3584857000, -0.4226509000, 0.0869518600, 0.8278247000)
(-0.3585701000, -0.4227277000, 0.0868975300, 0.8277546000)
(-0.3585049000, -0.4226565000, 0.0869770400, 0.8278108000)
(-0.3584098000, -0.4226587000, 0.0869716000, 0.8278515000)
(-0.3583678000, -0.4227453000, 0.0870113700, 0.8278213000)
(-0.3582577000, -0.4227574000, 0.0869149900, 0.8278728000)
(-0.3582651000, -0.4227449000, 0.0869432900, 0.8278731000)
(-0.3583627000, -0.4227092000, 0.0869986400, 0.8278432000)
(-0.3583907000, -0.4228171000, 0.0869069500, 0.8277856000)
(-0.3584587000, -0.4227052000, 0.0870332800, 0.8278000000)
(-0.3582469000, -0.4227618000, 0.0869184400, 0.8278749000)
(-0.3583062000, -0.4228288000, 0.0869286200, 0.8278139000)
(-0.3584676000, -0.4228714000, 0.0869851000, 0.8277164000)
(-0.3583707000, -0.4228972000, 0.0870076300, 0.8277428000)
(-0.3585935000, -0.4228449000, 0.0869725400, 0.8276767000)
(-0.3585273000, -0.4229119000, 0.0870510900, 0.8276629000)
(-0.3585835000, -0.4228582000, 0.0871909200, 0.8276513000)
(-0.3586257000, -0.4228425000, 0.0871000800, 0.8276506000)
(-0.3587642000, -0.4228837000, 0.0872522100, 0.8275535000)
(-0.3588259000, -0.4228957000, 0.0872575000, 0.8275200000)
(-0.3588924000, -0.4229938000, 0.0873713800, 0.8274291000)
(-0.3588576000, -0.4229175000, 0.0873252100, 0.8274879000)
(-0.3590007000, -0.4228661000, 0.0873633800, 0.8274481000)
(-0.3589083000, -0.4230140000, 0.0873610700, 0.8274128000)
(-0.3589925000, -0.4229097000, 0.0874637000, 0.8274189000)
(-0.3590270000, -0.4229647000, 0.0874215300, 0.8273802000)
(-0.3591600000, -0.4229999000, 0.0874256800, 0.8273041000)
(-0.3590423000, -0.4229825000, 0.0874331700, 0.8273632000)
(-0.3592117000, -0.4229487000, 0.0874749300, 0.8273025000)
(-0.3590412000, -0.4230302000, 0.0874561400, 0.8273369000)
(-0.3590485000, -0.4229816000, 0.0875450400, 0.8273491000)
(-0.3591613000, -0.4229559000, 0.0875258300, 0.8273153000)
(-0.3590090000, -0.4230074000, 0.0875400200, 0.8273537000)
(-0.3592771000, -0.4229457000, 0.0875428800, 0.8272685000)
(-0.3591271000, -0.4229355000, 0.0875455100, 0.8273386000)
(-0.3590257000, -0.4229473000, 0.0875921800, 0.8273716000)
(-0.3591620000, -0.4229538000, 0.0876034800, 0.8273080000)
(-0.3592122000, -0.4228969000, 0.0876023000, 0.8273154000)
(-0.3594418000, -0.4229618000, 0.0877728000, 0.8271644000)
(-0.3597413000, -0.4229397000, 0.0879521400, 0.8270264000)
(-0.3599734000, -0.4228678000, 0.0879307100, 0.8269644000)
(-0.3599887000, -0.4227278000, 0.0878624200, 0.8270366000)
(-0.3599246000, -0.4227145000, 0.0878786100, 0.8270696000)
(-0.3600229000, -0.4227852000, 0.0879808300, 0.8269798000)
(-0.3601395000, -0.4227559000, 0.0880846800, 0.8269330000)
(-0.3601114000, -0.4227280000, 0.0879715900, 0.8269715000)
(-0.3604599000, -0.4226743000, 0.0881040100, 0.8268330000)
(-0.3605994000, -0.4227741000, 0.0881675600, 0.8267144000)
(-0.3606389000, -0.4227043000, 0.0884591800, 0.8267017000)
(-0.3609341000, -0.4226924000, 0.0886627100, 0.8265571000)
(-0.3613153000, -0.4227118000, 0.0886473100, 0.8263822000)
(-0.3617134000, -0.4225705000, 0.0887659300, 0.8262677000)
(-0.3618831000, -0.4224730000, 0.0890385400, 0.8262138000)
(-0.3617055000, -0.4226165000, 0.0888393200, 0.8262397000)
(-0.3618806000, -0.4225947000, 0.0888237200, 0.8261759000)
(-0.3619152000, -0.4225817000, 0.0888678400, 0.8261626000)
(-0.3619871000, -0.4225052000, 0.0888785400, 0.8261691000)
(-0.3620138000, -0.4225119000, 0.0889786800, 0.8261431000)
(-0.3619174000, -0.4224263000, 0.0890149600, 0.8262253000)
(-0.3620960000, -0.4225603000, 0.0889203300, 0.8260887000)
(-0.3622302000, -0.4224482000, 0.0892401200, 0.8260527000)
(-0.3622422000, -0.4224846000, 0.0890363900, 0.8260508000)
(-0.3620664000, -0.4225328000, 0.0891022500, 0.8260961000)
(-0.3622518000, -0.4224004000, 0.0890800000, 0.8260849000)
(-0.3622221000, -0.4224112000, 0.0890995900, 0.8260903000)
(-0.3624800000, -0.4223147000, 0.0891426500, 0.8260219000)
(-0.3623527000, -0.4224874000, 0.0890973400, 0.8259943000)
(-0.3623484000, -0.4223677000, 0.0892007000, 0.8260463000)
(-0.3624936000, -0.4223460000, 0.0893209200, 0.8259807000)
(-0.3623309000, -0.4223044000, 0.0891449700, 0.8260923000)
(-0.3625627000, -0.4223179000, 0.0891990100, 0.8259779000)
(-0.3626085000, -0.4223789000, 0.0892505300, 0.8259210000)
(-0.3627904000, -0.4222281000, 0.0893896800, 0.8259032000)
(-0.3628191000, -0.4223505000, 0.0894150900, 0.8258253000)
(-0.3627067000, -0.4221824000, 0.0895261100, 0.8259485000)
(-0.3629640000, -0.4222084000, 0.0896597900, 0.8258078000)
(-0.3628128000, -0.4221573000, 0.0895921700, 0.8259076000)
(-0.3631131000, -0.4221470000, 0.0896414700, 0.8257755000)
(-0.3630312000, -0.4221878000, 0.0895603600, 0.8257995000)
(-0.3630238000, -0.4221716000, 0.0896560800, 0.8258007000)
(-0.3631117000, -0.4221611000, 0.0896234700, 0.8257709000)
(-0.3630139000, -0.4223034000, 0.0896615000, 0.8257370000)
(-0.3631388000, -0.4221450000, 0.0897261900, 0.8257561000)
(-0.3630220000, -0.4222415000, 0.0897497200, 0.8257555000)
(-0.3628144000, -0.4222474000, 0.0897761200, 0.8258410000)
(-0.3630486000, -0.4222440000, 0.0898582300, 0.8257307000)
(-0.3628589000, -0.4221348000, 0.0896120900, 0.8258967000)
(-0.3627819000, -0.4222698000, 0.0895423600, 0.8258690000)
(-0.3625370000, -0.4223522000, 0.0894329300, 0.8259463000)
(-0.3626576000, -0.4224060000, 0.0895216600, 0.8258563000)
(-0.3626481000, -0.4223177000, 0.0894732800, 0.8259108000)
(-0.3627583000, -0.4223326000, 0.0895778800, 0.8258435000)
(-0.3626724000, -0.4222620000, 0.0895638900, 0.8259188000)
(-0.3628142000, -0.4223192000, 0.0895333100, 0.8258306000)
(-0.3627041000, -0.4222811000, 0.0896689900, 0.8258837000)
(-0.3628079000, -0.4222032000, 0.0895395400, 0.8258920000)
(-0.3627008000, -0.4222617000, 0.0896531200, 0.8258969000)
(-0.3629808000, -0.4224436000, 0.0895555200, 0.8256914000)
(-0.3631477000, -0.4223229000, 0.0898691300, 0.8256456000)
(-0.3630902000, -0.4223391000, 0.0897608800, 0.8256744000)
(-0.3632196000, -0.4222859000, 0.0899906500, 0.8256197000)
(-0.3630464000, -0.4223885000, 0.0898301400, 0.8256608000)
(-0.3630405000, -0.4222911000, 0.0896855700, 0.8257290000)
(-0.3631214000, -0.4223651000, 0.0899188600, 0.8256302000)
(-0.3629468000, -0.4222951000, 0.0897429000, 0.8257619000)
(-0.3631044000, -0.4222426000, 0.0897927600, 0.8257141000)
(-0.3628888000, -0.4223003000, 0.0897263400, 0.8257865000)
(-0.3627943000, -0.4223203000, 0.0898052200, 0.8258092000)
(-0.3629420000, -0.4222690000, 0.0897371800, 0.8257779000)
(-0.3625438000, -0.4223279000, 0.0896765300, 0.8259293000)
(-0.3625737000, -0.4221811000, 0.0896464100, 0.8259946000)
(-0.3625604000, -0.4222637000, 0.0896562600, 0.8259571000)
(-0.3623964000, -0.4221689000, 0.0895633300, 0.8260876000)
(-0.3623711000, -0.4220968000, 0.0895559300, 0.8261364000)
(-0.3623265000, -0.4219862000, 0.0896565100, 0.8262015000)
(-0.3625309000, -0.4220485000, 0.0896321500, 0.8260826000)
(-0.3626444000, -0.4220152000, 0.0894743900, 0.8260669000)
(-0.3624399000, -0.4220634000, 0.0896705800, 0.8261108000)
(-0.3624575000, -0.4219303000, 0.0895569500, 0.8261833000)
(-0.3625802000, -0.4218845000, 0.0895281000, 0.8261561000)
(-0.3629056000, -0.4218991000, 0.0896628200, 0.8259911000)
(-0.3629347000, -0.4219676000, 0.0895626800, 0.8259542000)
(-0.3629136000, -0.4218739000, 0.0895682700, 0.8260107000)
(-0.3628167000, -0.4219077000, 0.0896075400, 0.8260317000)
(-0.3626256000, -0.4219229000, 0.0896222400, 0.8261063000)
(-0.3628833000, -0.4219173000, 0.0894010600, 0.8260199000)
(-0.3627263000, -0.4219319000, 0.0895117700, 0.8260695000)
(-0.3628735000, -0.4218265000, 0.0894814700, 0.8260619000)
(-0.3630176000, -0.4219251000, 0.0893366100, 0.8259640000)
(-0.3627604000, -0.4218867000, 0.0893543900, 0.8260947000)
(-0.3628512000, -0.4218607000, 0.0894352100, 0.8260593000)
(-0.3628622000, -0.4217315000, 0.0895568100, 0.8261073000)
(-0.3629779000, -0.4218040000, 0.0895931800, 0.8260155000)
(-0.3629133000, -0.4219206000, 0.0892922900, 0.8260168000)
(-0.3629167000, -0.4218107000, 0.0893769700, 0.8260623000)
(-0.3628355000, -0.4218399000, 0.0894232400, 0.8260781000)
(-0.3626934000, -0.4218636000, 0.0894764700, 0.8261226000)
(-0.3629471000, -0.4218470000, 0.0893593400, 0.8260323000)
(-0.3629876000, -0.4219954000, 0.0894162500, 0.8259326000)
(-0.3628670000, -0.4218023000, 0.0894291000, 0.8260828000)
(-0.3629282000, -0.4218313000, 0.0894668700, 0.8260370000)
(-0.3629020000, -0.4217795000, 0.0892420000, 0.8260993000)
(-0.3630391000, -0.4218880000, 0.0893542800, 0.8259715000)
(-0.3631362000, -0.4219268000, 0.0894205600, 0.8259019000)
(-0.3633363000, -0.4216921000, 0.0893531400, 0.8259410000)
(-0.3632321000, -0.4217508000, 0.0894017600, 0.8259516000)
(-0.3629180000, -0.4217623000, 0.0892231100, 0.8261031000)
(-0.3629053000, -0.4217764000, 0.0892504600, 0.8260986000)
(-0.3628792000, -0.4218597000, 0.0893020200, 0.8260618000)
(-0.3629541000, -0.4219021000, 0.0894332500, 0.8259931000)
(-0.3631149000, -0.4217357000, 0.0892602700, 0.8260262000)
(-0.3632019000, -0.4218542000, 0.0893747300, 0.8259150000)
(-0.3630322000, -0.4217830000, 0.0893695000, 0.8260266000)
(-0.3629114000, -0.4217847000, 0.0892427800, 0.8260925000)
(-0.3629340000, -0.4218317000, 0.0893155400, 0.8260506000)
(-0.3629930000, -0.4219050000, 0.0893121000, 0.8259876000)
(-0.3630256000, -0.4217820000, 0.0892321200, 0.8260448000)
(-0.3630192000, -0.4217910000, 0.0892571400, 0.8260403000)
(-0.3629038000, -0.4218461000, 0.0892795800, 0.8260604000)
(-0.3630179000, -0.4216867000, 0.0894467700, 0.8260736000)
(-0.3631430000, -0.4217956000, 0.0894650700, 0.8259610000)
(-0.3629691000, -0.4216757000, 0.0894027900, 0.8261054000)
(-0.3628546000, -0.4216879000, 0.0893272800, 0.8261577000)
(-0.3629477000, -0.4217464000, 0.0893367200, 0.8260859000)
(-0.3632553000, -0.4216996000, 0.0894564800, 0.8259616000)
(-0.3632860000, -0.4217698000, 0.0894588300, 0.8259121000)
(-0.3630541000, -0.4217913000, 0.0893274800, 0.8260172000)
(-0.3633395000, -0.4216768000, 0.0893851900, 0.8259440000)
(-0.3632493000, -0.4216841000, 0.0894186800, 0.8259763000)
(-0.3631062000, -0.4217212000, 0.0893861900, 0.8260238000)
(-0.3631611000, -0.4217592000, 0.0893625000, 0.8259828000)
(-0.3633125000, -0.4217026000, 0.0894783900, 0.8259326000)
(-0.3631633000, -0.4216677000, 0.0893902200, 0.8260255000)
(-0.3630923000, -0.4216532000, 0.0894277000, 0.8260601000)
(-0.3629884000, -0.4217657000, 0.0894687500, 0.8260439000)
(-0.3630381000, -0.4217344000, 0.0894293800, 0.8260423000)
(-0.3629035000, -0.4217631000, 0.0893656900, 0.8260937000)
(-0.3629158000, -0.4217055000, 0.0894030900, 0.8261136000)
(-0.3631862000, -0.4216778000, 0.0894821500, 0.8260004000)
(-0.3632668000, -0.4218375000, 0.0896824700, 0.8258616000)
(-0.3632679000, -0.4217605000, 0.0894940400, 0.8259209000)
(-0.3632224000, -0.4217149000, 0.0894736100, 0.8259665000)
(-0.3630646000, -0.4217258000, 0.0896060500, 0.8260159000)
(-0.3632507000, -0.4217660000, 0.0896026200, 0.8259138000)
(-0.3630044000, -0.4218197000, 0.0894691400, 0.8260092000)
(-0.3629645000, -0.4217317000, 0.0895199300, 0.8260663000)
(-0.3629363000, -0.4217737000, 0.0894764200, 0.8260619000)
(-0.3628308000, -0.4216997000, 0.0895467500, 0.8261384000)
(-0.3625709000, -0.4218140000, 0.0894514700, 0.8262044000)
(-0.3626072000, -0.4218120000, 0.0895776600, 0.8261759000)
(-0.3625946000, -0.4217361000, 0.0895159700, 0.8262268000)
(-0.3627874000, -0.4217605000, 0.0895474500, 0.8261263000)
(-0.3628690000, -0.4216769000, 0.0895498800, 0.8261329000)
(-0.3627911000, -0.4217217000, 0.0896709000, 0.8261311000)
(-0.3627332000, -0.4217089000, 0.0894596400, 0.8261859000)
(-0.3626075000, -0.4216958000, 0.0894867000, 0.8262448000)
(-0.3627977000, -0.4216037000, 0.0895708900, 0.8261992000)
(-0.3628542000, -0.4217088000, 0.0895132900, 0.8261271000)
(-0.3628614000, -0.4216637000, 0.0896743600, 0.8261294000)
(-0.3628979000, -0.4216744000, 0.0894521300, 0.8261320000)
(-0.3625272000, -0.4216664000, 0.0893955100, 0.8263050000)
(-0.3627904000, -0.4217456000, 0.0894374500, 0.8261445000)
(-0.3628080000, -0.4216954000, 0.0895510300, 0.8261501000)
(-0.3629483000, -0.4218000000, 0.0895944800, 0.8260304000)
(-0.3630232000, -0.4216118000, 0.0895080800, 0.8261029000)
(-0.3627861000, -0.4216370000, 0.0896882100, 0.8261747000)
(-0.3627182000, -0.4216600000, 0.0895856100, 0.8262039000)
(-0.3629394000, -0.4216814000, 0.0896096500, 0.8260932000)
(-0.3628437000, -0.4217041000, 0.0896158100, 0.8261229000)
(-0.3629093000, -0.4216807000, 0.0894145100, 0.8261279000)
(-0.3629139000, -0.4217218000, 0.0895511000, 0.8260901000)
(-0.3627655000, -0.4215948000, 0.0894138200, 0.8262349000)
(-0.3630219000, -0.4217342000, 0.0895177800, 0.8260400000)
(-0.3628183000, -0.4216730000, 0.0895647100, 0.8261555000)
(-0.3628323000, -0.4216204000, 0.0895196900, 0.8261811000)
(-0.3628416000, -0.4216858000, 0.0896403100, 0.8261305000)
(-0.3627180000, -0.4216974000, 0.0896239600, 0.8261807000)
(-0.3627209000, -0.4216275000, 0.0895547400, 0.8262225000)
(-0.3628457000, -0.4216092000, 0.0895324300, 0.8261795000)
(-0.3630233000, -0.4215808000, 0.0897162700, 0.8260961000)
(-0.3629136000, -0.4216916000, 0.0897207300, 0.8260873000)
(-0.3629470000, -0.4215520000, 0.0896005000, 0.8261569000)
(-0.3628564000, -0.4215315000, 0.0895689200, 0.8262106000)
(-0.3629035000, -0.4215807000, 0.0896904100, 0.8261515000)
(-0.3628179000, -0.4215449000, 0.0897364200, 0.8262024000)
(-0.3629901000, -0.4217378000, 0.0896787800, 0.8260346000)
(-0.3629305000, -0.4216682000, 0.0897225500, 0.8260916000)
(-0.3628885000, -0.4216075000, 0.0896059700, 0.8261536000)
(-0.3627407000, -0.4217180000, 0.0895169000, 0.8261718000)
(-0.3627802000, -0.4216593000, 0.0895196500, 0.8261841000)
(-0.3629169000, -0.4217258000, 0.0895172900, 0.8260904000)
(-0.3630365000, -0.4216265000, 0.0895980000, 0.8260798000)
(-0.3631364000, -0.4217034000, 0.0896095100, 0.8259954000)
(-0.3629118000, -0.4216091000, 0.0895919700, 0.8261441000)
(-0.3627282000, -0.4216805000, 0.0895168700, 0.8261964000)
(-0.3626441000, -0.4216950000, 0.0896009000, 0.8262169000)
(-0.3626727000, -0.4217005000, 0.0895461000, 0.8262075000)
(-0.3627372000, -0.4216523000, 0.0896609800, 0.8261912000)
(-0.3627819000, -0.4217105000, 0.0895198500, 0.8261572000)
(-0.3626521000, -0.4217168000, 0.0895567200, 0.8262070000)
(-0.3626066000, -0.4217840000, 0.0895768200, 0.8261905000)
(-0.3626546000, -0.4217378000, 0.0896801300, 0.8261818000)
(-0.3628398000, -0.4216617000, 0.0896238800, 0.8261455000)
(-0.3627754000, -0.4216230000, 0.0894863500, 0.8262084000)
(-0.3626682000, -0.4215930000, 0.0895225200, 0.8262668000)
(-0.3627508000, -0.4217808000, 0.0894930200, 0.8261379000)
(-0.3625854000, -0.4216791000, 0.0895537500, 0.8262559000)
(-0.3625365000, -0.4217837000, 0.0895473700, 0.8262246000)
(-0.3627634000, -0.4217229000, 0.0896053500, 0.8261498000)
(-0.3628322000, -0.4216784000, 0.0895672900, 0.8261464000)
(-0.3626716000, -0.4216886000, 0.0895385500, 0.8262148000)
(-0.3626806000, -0.4217643000, 0.0895164500, 0.8261746000)
(-0.3626150000, -0.4216844000, 0.0895018600, 0.8262458000)
(-0.3624983000, -0.4216869000, 0.0894432400, 0.8263021000)
(-0.3626867000, -0.4217196000, 0.0895761300, 0.8261883000)
(-0.3626811000, -0.4217179000, 0.0893413000, 0.8262171000)
(-0.3625890000, -0.4216332000, 0.0894064400, 0.8262936000)
(-0.3624168000, -0.4216939000, 0.0894268500, 0.8263360000)
(-0.3625035000, -0.4216412000, 0.0894601000, 0.8263213000)
(-0.3625521000, -0.4215760000, 0.0893896900, 0.8263408000)
(-0.3626662000, -0.4215273000, 0.0895062600, 0.8263029000)
(-0.3626108000, -0.4215433000, 0.0895500900, 0.8263144000)
(-0.3625637000, -0.4215337000, 0.0893341700, 0.8263633000)
(-0.3624609000, -0.4215655000, 0.0894363400, 0.8263811000)
(-0.3624528000, -0.4214480000, 0.0893714900, 0.8264517000)
(-0.3626114000, -0.4215228000, 0.0894145700, 0.8263393000)
(-0.3624176000, -0.4215767000, 0.0892734800, 0.8264120000)
(-0.3626903000, -0.4215074000, 0.0893180700, 0.8263229000)
(-0.3624240000, -0.4216547000, 0.0893851400, 0.8263574000)
(-0.3625153000, -0.4216087000, 0.0892758100, 0.8263527000)
(-0.3626660000, -0.4215302000, 0.0893216300, 0.8263215000)
(-0.3624040000, -0.4216123000, 0.0893492300, 0.8263917000)
(-0.3627075000, -0.4215641000, 0.0892838800, 0.8262901000)
(-0.3625225000, -0.4216260000, 0.0893419600, 0.8263335000)
(-0.3626822000, -0.4215820000, 0.0894797400, 0.8262709000)
(-0.3626351000, -0.4216618000, 0.0894606300, 0.8262529000)
(-0.3625558000, -0.4216091000, 0.0895374600, 0.8263063000)
(-0.3626805000, -0.4215215000, 0.0895249500, 0.8262976000)
(-0.3623748000, -0.4216425000, 0.0894157000, 0.8263819000)
(-0.3625886000, -0.4215895000, 0.0894552000, 0.8263109000)
(-0.3624770000, -0.4216047000, 0.0892873400, 0.8263702000)
(-0.3624308000, -0.4215807000, 0.0893557300, 0.8263953000)
(-0.3624959000, -0.4215765000, 0.0893479400, 0.8263697000)
(-0.3623223000, -0.4216239000, 0.0892520800, 0.8264320000)
(-0.3626189000, -0.4214993000, 0.0893967300, 0.8263500000)
(-0.3624828000, -0.4215736000, 0.0893624400, 0.8263754000)
(-0.3624744000, -0.4215855000, 0.0893793000, 0.8263711000)
(-0.3625755000, -0.4215361000, 0.0894066400, 0.8263491000)
(-0.3626283000, -0.4216129000, 0.0891540900, 0.8263140000)
(-0.3627887000, -0.4215274000, 0.0892911800, 0.8262724000)
(-0.3624153000, -0.4216684000, 0.0893187200, 0.8263614000)
(-0.3626675000, -0.4217137000, 0.0892637600, 0.8262335000)
(-0.3625217000, -0.4216304000, 0.0893628900, 0.8263294000)
(-0.3625282000, -0.4215656000, 0.0894054100, 0.8263549000)
(-0.3626812000, -0.4216383000, 0.0893853300, 0.8262529000)
(-0.3624713000, -0.4216446000, 0.0893100100, 0.8263499000)
(-0.3626498000, -0.4216449000, 0.0892968300, 0.8262729000)
(-0.3625318000, -0.4216228000, 0.0893269100, 0.8263326000)
(-0.3625871000, -0.4216398000, 0.0893479400, 0.8262974000)
(-0.3624986000, -0.4216609000, 0.0893185700, 0.8263287000)
(-0.3625123000, -0.4216745000, 0.0892323900, 0.8263250000)
(-0.3626519000, -0.4215614000, 0.0892380100, 0.8263209000)
(-0.3623855000, -0.4215343000, 0.0892161700, 0.8264539000)
(-0.3625878000, -0.4216620000, 0.0892966700, 0.8262913000)
(-0.3624903000, -0.4216099000, 0.0893405800, 0.8263560000)
(-0.3625398000, -0.4215854000, 0.0892863000, 0.8263527000)
(-0.3624277000, -0.4216524000, 0.0892652600, 0.8263699000)
(-0.3622659000, -0.4215342000, 0.0894048500, 0.8264860000)
(-0.3624736000, -0.4216601000, 0.0893301500, 0.8263388000)
(-0.3625341000, -0.4215780000, 0.0893871000, 0.8263480000)
(-0.3626297000, -0.4215608000, 0.0894531400, 0.8263077000)
(-0.3624850000, -0.4215574000, 0.0893345000, 0.8263858000)
(-0.3623560000, -0.4216552000, 0.0892262900, 0.8264041000)
(-0.3623779000, -0.4216700000, 0.0893124900, 0.8263777000)
(-0.3626199000, -0.4215245000, 0.0892537300, 0.8263521000)
(-0.3627240000, -0.4215677000, 0.0893729600, 0.8262714000)
(-0.3625198000, -0.4216022000, 0.0892150800, 0.8263605000)
(-0.3624821000, -0.4216636000, 0.0892888500, 0.8263378000)
(-0.3622081000, -0.4217127000, 0.0892229300, 0.8264399000)
(-0.3623661000, -0.4215215000, 0.0892976100, 0.8264602000)
(-0.3624959000, -0.4216166000, 0.0893573000, 0.8263482000)
(-0.3626420000, -0.4216127000, 0.0893161200, 0.8262906000)
(-0.3626446000, -0.4216901000, 0.0894498000, 0.8262355000)
(-0.3623020000, -0.4217078000, 0.0893212100, 0.8263907000)
(-0.3623661000, -0.4218150000, 0.0893133700, 0.8263087000)
(-0.3623736000, -0.4217057000, 0.0892596300, 0.8263670000)
(-0.3626220000, -0.4216321000, 0.0893326100, 0.8262877000)
(-0.3627696000, -0.4217207000, 0.0892441600, 0.8261873000)
(-0.3625777000, -0.4216562000, 0.0893278700, 0.8262954000)
(-0.3622726000, -0.4216627000, 0.0892519500, 0.8264341000)
(-0.3623695000, -0.4216769000, 0.0893241300, 0.8263765000)
(-0.3624040000, -0.4216242000, 0.0894267000, 0.8263772000)
(-0.3627792000, -0.4215730000, 0.0895362900, 0.8262268000)
(-0.3627007000, -0.4215951000, 0.0893266900, 0.8262727000)
(-0.3625510000, -0.4216320000, 0.0894152800, 0.8263100000)
(-0.3624564000, -0.4216291000, 0.0893911700, 0.8263555000)
(-0.3622723000, -0.4217320000, 0.0892921100, 0.8263945000)
(-0.3625449000, -0.4216566000, 0.0894075500, 0.8263009000)
(-0.3627607000, -0.4217007000, 0.0894006400, 0.8261845000)
(-0.3628993000, -0.4215992000, 0.0895452400, 0.8261597000)
(-0.3627730000, -0.4216717000, 0.0893451700, 0.8261999000)
(-0.3626221000, -0.4216878000, 0.0892656800, 0.8262665000)
(-0.3625242000, -0.4216480000, 0.0893765400, 0.8263178000)
(-0.3625375000, -0.4215676000, 0.0894873300, 0.8263410000)
(-0.3627026000, -0.4214938000, 0.0894789000, 0.8263071000)
(-0.3627505000, -0.4216145000, 0.0894123800, 0.8262317000)
(-0.3626261000, -0.4215778000, 0.0893670500, 0.8263099000)
(-0.3624474000, -0.4216454000, 0.0892023400, 0.8263716000)
(-0.3624056000, -0.4216097000, 0.0891768800, 0.8264109000)
(-0.3625731000, -0.4214972000, 0.0893310400, 0.8263782000)
(-0.3626598000, -0.4215294000, 0.0893638200, 0.8263201000)
(-0.3628413000, -0.4214755000, 0.0892567000, 0.8262795000)
(-0.3625393000, -0.4215149000, 0.0893121400, 0.8263860000)
(-0.3627779000, -0.4215392000, 0.0891857600, 0.8262826000)
(-0.3627194000, -0.4216607000, 0.0892953800, 0.8262343000)
(-0.3627423000, -0.4216238000, 0.0892666300, 0.8262463000)
(-0.3627103000, -0.4216587000, 0.0892298000, 0.8262465000)
(-0.3627062000, -0.4216681000, 0.0892254400, 0.8262440000)
(-0.3628478000, -0.4216276000, 0.0893755300, 0.8261862000)
(-0.3628235000, -0.4216860000, 0.0893542000, 0.8261694000)
(-0.3628154000, -0.4217485000, 0.0892634500, 0.8261509000)
(-0.3628006000, -0.4215987000, 0.0893883900, 0.8262203000)
(-0.3626187000, -0.4216134000, 0.0893131800, 0.8263008000)
(-0.3624667000, -0.4216525000, 0.0892724000, 0.8263520000)
(-0.3626106000, -0.4216139000, 0.0894162100, 0.8262929000)
(-0.3626913000, -0.4217893000, 0.0895913900, 0.8261490000)
(-0.3628680000, -0.4216160000, 0.0893118300, 0.8261902000)
(-0.3626203000, -0.4217713000, 0.0894309200, 0.8262068000)
(-0.3625865000, -0.4217296000, 0.0892717800, 0.8262601000)
(-0.3625362000, -0.4216397000, 0.0893673200, 0.8263178000)
(-0.3625066000, -0.4218669000, 0.0893416600, 0.8262175000)
(-0.3626093000, -0.4218040000, 0.0894024100, 0.8261980000)
(-0.3625527000, -0.4217305000, 0.0895164500, 0.8262480000)
(-0.3624784000, -0.4217354000, 0.0894205200, 0.8262885000)
(-0.3623956000, -0.4216806000, 0.0893004500, 0.8263658000)
(-0.3625512000, -0.4216578000, 0.0893511800, 0.8263037000)
(-0.3625619000, -0.4218206000, 0.0894275900, 0.8262076000)
(-0.3627646000, -0.4216894000, 0.0894628000, 0.8261818000)
(-0.3628239000, -0.4217067000, 0.0895138200, 0.8261414000)
(-0.3628322000, -0.4216125000, 0.0895258300, 0.8261846000)
(-0.3627435000, -0.4217239000, 0.0894408400, 0.8261759000)
(-0.3627634000, -0.4218027000, 0.0893690100, 0.8261346000)
(-0.3627818000, -0.4216772000, 0.0894290000, 0.8261842000)
(-0.3626576000, -0.4217623000, 0.0895172000, 0.8261856000)
(-0.3624466000, -0.4218156000, 0.0894189600, 0.8262616000)
(-0.3622924000, -0.4219359000, 0.0894267800, 0.8262671000)
(-0.3622736000, -0.4217746000, 0.0893375100, 0.8263673000)
(-0.3624048000, -0.4217731000, 0.0892978400, 0.8263148000)
(-0.3626662000, -0.4217415000, 0.0894929600, 0.8261952000)
(-0.3626734000, -0.4218035000, 0.0896593100, 0.8261423000)
(-0.3626692000, -0.4217922000, 0.0894822000, 0.8261691000)
(-0.3624749000, -0.4218044000, 0.0893522500, 0.8262622000)
(-0.3622376000, -0.4217032000, 0.0893840400, 0.8264145000)
(-0.3623431000, -0.4217158000, 0.0893485900, 0.8263656000)
(-0.3624926000, -0.4217349000, 0.0893327000, 0.8262920000)
(-0.3626307000, -0.4219236000, 0.0894747400, 0.8261197000)
(-0.3622330000, -0.4218813000, 0.0893277800, 0.8263317000)
(-0.3624591000, -0.4218220000, 0.0894198300, 0.8262528000)
(-0.3623581000, -0.4219242000, 0.0893781400, 0.8262494000)
(-0.3622415000, -0.4219857000, 0.0893136300, 0.8262761000)
(-0.3625426000, -0.4219723000, 0.0893107900, 0.8261512000)
(-0.3622812000, -0.4219061000, 0.0893760800, 0.8262926000)
(-0.3626140000, -0.4217878000, 0.0893382200, 0.8262111000)
(-0.3625669000, -0.4218475000, 0.0893184500, 0.8262035000)
(-0.3625436000, -0.4219001000, 0.0893350600, 0.8261850000)
(-0.3625869000, -0.4218851000, 0.0893383600, 0.8261733000)
(-0.3625325000, -0.4218938000, 0.0893601800, 0.8261904000)
(-0.3627647000, -0.4218748000, 0.0893544800, 0.8260988000)
(-0.3625571000, -0.4217857000, 0.0893207800, 0.8262391000)
(-0.3628052000, -0.4218369000, 0.0894956500, 0.8260850000)
(-0.3627921000, -0.4218316000, 0.0895066200, 0.8260923000)
(-0.3628356000, -0.4217458000, 0.0893928200, 0.8261294000)
(-0.3628428000, -0.4217921000, 0.0893887900, 0.8261030000)
(-0.3627679000, -0.4218402000, 0.0894090200, 0.8261092000)
(-0.3623380000, -0.4219694000, 0.0893008000, 0.8262435000)
(-0.3622023000, -0.4220030000, 0.0891801700, 0.8262989000)
(-0.3626127000, -0.4218160000, 0.0893158800, 0.8261997000)
(-0.3627606000, -0.4217708000, 0.0895152500, 0.8261363000)
(-0.3626945000, -0.4218508000, 0.0894749800, 0.8261288000)
(-0.3628250000, -0.4218751000, 0.0893301600, 0.8260748000)
(-0.3626128000, -0.4218156000, 0.0893194500, 0.8261995000)
(-0.3625153000, -0.4217937000, 0.0892642100, 0.8262594000)
(-0.3625121000, -0.4218611000, 0.0893439700, 0.8262178000)
(-0.3626519000, -0.4218832000, 0.0891012100, 0.8261714000)
(-0.3628058000, -0.4217856000, 0.0893904600, 0.8261224000)
(-0.3624679000, -0.4217848000, 0.0892769500, 0.8262834000)
(-0.3623444000, -0.4218948000, 0.0892776800, 0.8262813000)
(-0.3623340000, -0.4218450000, 0.0893290600, 0.8263058000)
(-0.3626220000, -0.4217726000, 0.0893000700, 0.8262195000)
(-0.3625446000, -0.4217170000, 0.0892791100, 0.8262841000)
(-0.3627501000, -0.4218269000, 0.0893446300, 0.8261307000)
(-0.3626342000, -0.4217886000, 0.0890701000, 0.8262308000)
(-0.3622836000, -0.4219109000, 0.0893495500, 0.8262920000)
(-0.3623108000, -0.4218884000, 0.0892256400, 0.8263050000)
(-0.3624215000, -0.4217663000, 0.0891665700, 0.8263251000)
(-0.3627124000, -0.4217497000, 0.0892704700, 0.8261947000)
(-0.3626339000, -0.4217347000, 0.0893048000, 0.8262331000)
(-0.3624160000, -0.4217330000, 0.0892754600, 0.8263328000)
(-0.3622631000, -0.4217535000, 0.0891272700, 0.8264054000)
(-0.3623089000, -0.4218321000, 0.0891597900, 0.8263416000)
(-0.3623937000, -0.4217420000, 0.0892051500, 0.8263456000)
(-0.3626923000, -0.4217904000, 0.0893721100, 0.8261718000)
(-0.3627213000, -0.4216155000, 0.0893886600, 0.8262466000)
(-0.3625632000, -0.4218012000, 0.0893395900, 0.8262264000)
(-0.3624620000, -0.4218126000, 0.0893975300, 0.8262588000)
(-0.3623909000, -0.4218002000, 0.0892513400, 0.8263121000)
(-0.3626092000, -0.4217921000, 0.0893145900, 0.8262136000)
(-0.3628227000, -0.4217470000, 0.0893705700, 0.8261368000)
(-0.3626582000, -0.4218281000, 0.0893202100, 0.8261731000)
(-0.3624802000, -0.4219342000, 0.0893656200, 0.8261921000)
(-0.3623373000, -0.4219329000, 0.0894185200, 0.8262498000)
(-0.3623782000, -0.4218203000, 0.0892898600, 0.8263032000)
(-0.3623941000, -0.4217575000, 0.0893684200, 0.8263199000)
(-0.3626407000, -0.4218004000, 0.0892792100, 0.8261994000)
(-0.3624821000, -0.4219331000, 0.0893795900, 0.8261904000)
(-0.3624168000, -0.4218331000, 0.0893214800, 0.8262764000)
(-0.3624948000, -0.4218194000, 0.0892725900, 0.8262544000)
(-0.3625418000, -0.4217651000, 0.0894151900, 0.8262461000)
(-0.3624575000, -0.4217627000, 0.0893736300, 0.8262888000)
(-0.3624140000, -0.4218019000, 0.0893084800, 0.8262950000)
(-0.3622743000, -0.4218407000, 0.0892679800, 0.8263407000)
(-0.3624029000, -0.4218842000, 0.0891188100, 0.8262782000)
(-0.3626266000, -0.4217553000, 0.0892767500, 0.8262289000)
(-0.3625131000, -0.4218027000, 0.0893447400, 0.8262471000)
(-0.3627067000, -0.4219445000, 0.0893917200, 0.8260847000)
(-0.3623610000, -0.4218717000, 0.0891848200, 0.8262959000)
(-0.3623425000, -0.4219114000, 0.0892618200, 0.8262753000)
(-0.3623314000, -0.4218283000, 0.0890362900, 0.8263471000)
(-0.3626010000, -0.4218287000, 0.0892607100, 0.8262044000)
(-0.3625605000, -0.4218176000, 0.0891947400, 0.8262349000)
(-0.3624650000, -0.4219237000, 0.0892798800, 0.8262134000)
(-0.3624094000, -0.4218465000, 0.0893041000, 0.8262747000)
(-0.3624062000, -0.4219172000, 0.0891905300, 0.8262522000)
(-0.3624890000, -0.4219602000, 0.0892460700, 0.8261879000)
(-0.3626640000, -0.4219721000, 0.0893242600, 0.8260965000)
(-0.3626409000, -0.4217905000, 0.0893622900, 0.8261954000)
(-0.3623551000, -0.4219016000, 0.0893724000, 0.8262629000)
(-0.3622312000, -0.4219126000, 0.0893384100, 0.8263153000)
(-0.3623188000, -0.4219034000, 0.0892121800, 0.8262953000)
(-0.3624463000, -0.4218602000, 0.0893827400, 0.8262429000)
(-0.3625793000, -0.4219096000, 0.0893500500, 0.8261629000)
(-0.3624272000, -0.4219503000, 0.0893079000, 0.8262134000)
(-0.3624786000, -0.4217681000, 0.0893349300, 0.8262810000)
(-0.3622200000, -0.4218487000, 0.0893015600, 0.8263568000)
(-0.3622008000, -0.4219125000, 0.0893972200, 0.8263223000)
(-0.3623306000, -0.4219469000, 0.0894615800, 0.8262410000)
(-0.3623883000, -0.4218916000, 0.0894597900, 0.8262440000)
(-0.3623147000, -0.4217582000, 0.0893097200, 0.8263606000)
(-0.3621770000, -0.4219048000, 0.0894234000, 0.8263339000)
(-0.3620788000, -0.4218472000, 0.0893222400, 0.8264172000)
(-0.3621523000, -0.4219289000, 0.0893474700, 0.8263406000)
(-0.3624529000, -0.4217821000, 0.0893139600, 0.8262874000)
(-0.3626168000, -0.4218452000, 0.0893720900, 0.8261769000)
(-0.3625413000, -0.4219080000, 0.0894392700, 0.8261707000)
(-0.3623993000, -0.4218889000, 0.0892965300, 0.8262582000)
(-0.3620995000, -0.4220636000, 0.0893948500, 0.8262898000)
(-0.3621345000, -0.4220048000, 0.0893512500, 0.8263091000)
(-0.3623961000, -0.4218194000, 0.0894668800, 0.8262767000)
(-0.3624648000, -0.4219095000, 0.0894401600, 0.8262034000)
(-0.3623753000, -0.4219506000, 0.0894056400, 0.8262254000)
(-0.3623596000, -0.4219591000, 0.0895914000, 0.8262079000)
(-0.3623625000, -0.4219449000, 0.0894851200, 0.8262253000)
(-0.3626056000, -0.4218836000, 0.0894094300, 0.8261582000)
(-0.3626100000, -0.4219388000, 0.0895228600, 0.8261158000)
(-0.3623705000, -0.4219015000, 0.0896292400, 0.8262284000)
(-0.3622576000, -0.4220526000, 0.0894253600, 0.8262228000)
(-0.3623385000, -0.4221205000, 0.0894240100, 0.8261528000)
(-0.3624097000, -0.4219981000, 0.0896040400, 0.8261647000)
(-0.3624716000, -0.4219250000, 0.0895037700, 0.8261856000)
(-0.3622387000, -0.4219630000, 0.0894020700, 0.8262794000)
(-0.3623061000, -0.4219746000, 0.0894637600, 0.8262373000)
(-0.3622679000, -0.4220089000, 0.0894758900, 0.8262351000)
(-0.3624049000, -0.4219325000, 0.0892851000, 0.8262348000)
(-0.3625602000, -0.4218849000, 0.0893967600, 0.8261788000)
(-0.3624988000, -0.4219227000, 0.0895576400, 0.8261690000)
(-0.3624250000, -0.4218631000, 0.0895167300, 0.8262363000)
(-0.3622037000, -0.4219007000, 0.0894466200, 0.8263217000)
(-0.3621061000, -0.4219552000, 0.0895346800, 0.8263271000)
(-0.3621931000, -0.4218584000, 0.0894588200, 0.8263466000)
(-0.3623438000, -0.4219068000, 0.0894492900, 0.8262569000)
(-0.3624537000, -0.4218397000, 0.0895362300, 0.8262336000)
(-0.3623560000, -0.4219069000, 0.0895678400, 0.8262387000)
(-0.3622694000, -0.4218520000, 0.0894473500, 0.8263177000)
(-0.3620781000, -0.4219259000, 0.0894254200, 0.8263662000)
(-0.3622054000, -0.4218522000, 0.0894150300, 0.8263491000)
(-0.3624775000, -0.4219075000, 0.0894431000, 0.8261986000)
(-0.3625166000, -0.4218687000, 0.0894188500, 0.8262038000)
(-0.3622926000, -0.4219474000, 0.0892162500, 0.8262839000)
(-0.3620440000, -0.4219981000, 0.0893128500, 0.8263565000)
(-0.3620873000, -0.4220445000, 0.0892550700, 0.8263200000)
(-0.3622596000, -0.4218231000, 0.0892983900, 0.8263529000)
(-0.3622947000, -0.4219753000, 0.0895101400, 0.8262369000)
(-0.3622498000, -0.4219208000, 0.0895586800, 0.8262791000)
(-0.3620067000, -0.4219367000, 0.0894943300, 0.8263845000)
(-0.3620020000, -0.4218217000, 0.0894163100, 0.8264537000)
(-0.3621594000, -0.4217615000, 0.0893505500, 0.8264226000)
(-0.3622886000, -0.4219396000, 0.0894646600, 0.8262627000)
(-0.3624057000, -0.4218704000, 0.0894367800, 0.8262497000)
(-0.3623569000, -0.4218923000, 0.0894438900, 0.8262591000)
(-0.3623717000, -0.4218715000, 0.0893496900, 0.8262734000)
(-0.3621884000, -0.4218697000, 0.0894278700, 0.8263463000)
(-0.3620807000, -0.4218855000, 0.0893494400, 0.8263939000)
(-0.3622515000, -0.4217439000, 0.0893467700, 0.8263916000)
(-0.3624437000, -0.4219214000, 0.0894086300, 0.8262100000)
(-0.3624903000, -0.4218522000, 0.0894266400, 0.8262230000)
(-0.3622347000, -0.4218163000, 0.0893818400, 0.8263583000)
(-0.3621899000, -0.4218347000, 0.0892770300, 0.8263798000)
(-0.3622794000, -0.4217651000, 0.0893627700, 0.8263669000)
(-0.3621490000, -0.4217736000, 0.0893002900, 0.8264264000)
(-0.3622257000, -0.4218433000, 0.0893071100, 0.8263565000)
(-0.3623755000, -0.4218642000, 0.0893025400, 0.8262806000)
(-0.3621912000, -0.4218724000, 0.0892961700, 0.8263580000)
(-0.3622772000, -0.4219103000, 0.0893463200, 0.8262955000)
(-0.3621848000, -0.4219058000, 0.0892683900, 0.8263467000)
(-0.3623801000, -0.4218578000, 0.0893015600, 0.8262820000)
(-0.3623671000, -0.4219532000, 0.0893674900, 0.8262319000)
(-0.3621967000, -0.4219479000, 0.0894186900, 0.8263037000)
(-0.3621012000, -0.4218944000, 0.0892317100, 0.8263932000)
(-0.3618959000, -0.4219044000, 0.0893245200, 0.8264679000)
(-0.3620170000, -0.4219649000, 0.0891734700, 0.8264003000)
(-0.3621083000, -0.4219043000, 0.0892897000, 0.8263786000)
(-0.3622461000, -0.4219068000, 0.0893967000, 0.8263054000)
(-0.3624435000, -0.4217866000, 0.0893875800, 0.8262812000)
(-0.3622153000, -0.4220703000, 0.0892638100, 0.8262498000)
(-0.3620951000, -0.4219169000, 0.0892340900, 0.8263840000)
(-0.3620747000, -0.4219306000, 0.0891976100, 0.8263900000)
(-0.3622948000, -0.4218889000, 0.0892774900, 0.8263061000)
(-0.3625456000, -0.4219814000, 0.0891428200, 0.8261635000)
(-0.3625722000, -0.4218958000, 0.0893048600, 0.8261780000)
(-0.3623173000, -0.4218818000, 0.0892133200, 0.8263068000)
(-0.3622597000, -0.4220047000, 0.0891954000, 0.8262712000)
(-0.3621964000, -0.4219107000, 0.0891812000, 0.8263485000)
(-0.3624092000, -0.4218686000, 0.0893224300, 0.8262615000)
(-0.3624609000, -0.4218178000, 0.0893709900, 0.8262595000)
(-0.3623483000, -0.4218901000, 0.0890498000, 0.8263066000)
(-0.3621723000, -0.4219007000, 0.0891314800, 0.8263695000)
(-0.3620574000, -0.4220038000, 0.0893278000, 0.8263460000)
(-0.3619713000, -0.4219686000, 0.0893061200, 0.8264041000)
(-0.3622198000, -0.4219309000, 0.0890912600, 0.8263376000)
(-0.3623830000, -0.4218774000, 0.0892562000, 0.8262756000)
(-0.3624051000, -0.4219537000, 0.0891594300, 0.8262374000)
(-0.3624131000, -0.4219787000, 0.0891633300, 0.8262207000)
(-0.3621665000, -0.4219351000, 0.0890587400, 0.8263624000)
(-0.3621262000, -0.4219251000, 0.0888980600, 0.8264024000)
(-0.3622852000, -0.4219912000, 0.0891167200, 0.8262754000)
(-0.3622789000, -0.4219702000, 0.0890734400, 0.8262936000)
(-0.3624285000, -0.4218910000, 0.0890551300, 0.8262704000)
(-0.3622275000, -0.4220275000, 0.0889740600, 0.8262975000)
(-0.3621815000, -0.4220715000, 0.0891460900, 0.8262767000)
(-0.3620817000, -0.4220277000, 0.0890078600, 0.8263577000)
(-0.3622935000, -0.4220361000, 0.0889887400, 0.8262627000)
(-0.3622687000, -0.4220989000, 0.0889940300, 0.8262409000)
(-0.3624869000, -0.4220019000, 0.0891058000, 0.8261827000)
(-0.3624542000, -0.4221315000, 0.0891151700, 0.8261299000)
(-0.3623124000, -0.4220887000, 0.0890433200, 0.8262216000)
(-0.3623270000, -0.4221604000, 0.0890614500, 0.8261766000)
(-0.3622802000, -0.4220472000, 0.0890267900, 0.8262587000)
(-0.3622315000, -0.4221626000, 0.0889461200, 0.8262298000)
(-0.3622638000, -0.4220713000, 0.0890686700, 0.8262491000)
(-0.3622458000, -0.4220787000, 0.0890162700, 0.8262589000)
(-0.3624727000, -0.4220083000, 0.0890363400, 0.8261931000)
(-0.3624534000, -0.4219575000, 0.0890430200, 0.8262268000)
(-0.3624004000, -0.4221108000, 0.0891129800, 0.8261642000)
(-0.3623745000, -0.4221969000, 0.0890049700, 0.8261433000)
(-0.3621978000, -0.4220940000, 0.0889768700, 0.8262764000)
(-0.3622103000, -0.4220891000, 0.0889740400, 0.8262736000)
(-0.3626021000, -0.4219594000, 0.0890481000, 0.8261601000)
(-0.3623263000, -0.4220414000, 0.0890903800, 0.8262346000)
(-0.3622269000, -0.4220263000, 0.0889869300, 0.8262970000)
(-0.3622660000, -0.4222045000, 0.0891061600, 0.8261760000)
(-0.3625404000, -0.4218584000, 0.0892594800, 0.8262159000)
(-0.3624581000, -0.4219386000, 0.0890832900, 0.8262302000)
(-0.3625233000, -0.4218349000, 0.0892810200, 0.8262331000)
(-0.3622702000, -0.4220802000, 0.0892556600, 0.8262216000)
(-0.3622739000, -0.4219905000, 0.0891565500, 0.8262764000)
(-0.3623850000, -0.4219874000, 0.0891728800, 0.8262275000)
(-0.3624904000, -0.4220710000, 0.0891083600, 0.8261456000)
(-0.3626198000, -0.4219936000, 0.0891519300, 0.8261236000)
(-0.3623266000, -0.4219431000, 0.0891145200, 0.8262820000)
(-0.3624867000, -0.4219129000, 0.0891718600, 0.8262211000)
(-0.3621803000, -0.4218158000, 0.0890715100, 0.8264159000)
(-0.3623725000, -0.4219300000, 0.0891539900, 0.8262644000)
(-0.3624167000, -0.4218797000, 0.0891570700, 0.8262703000)
(-0.3622547000, -0.4218839000, 0.0892157300, 0.8263329000)
(-0.3624828000, -0.4218092000, 0.0892464700, 0.8262677000)
(-0.3622482000, -0.4218383000, 0.0891568800, 0.8263654000)
(-0.3622357000, -0.4220868000, 0.0892595600, 0.8262329000)
(-0.3624171000, -0.4219433000, 0.0891674700, 0.8262365000)
(-0.3623327000, -0.4219795000, 0.0893063600, 0.8262401000)
(-0.3623839000, -0.4219154000, 0.0891109900, 0.8262715000)
(-0.3625741000, -0.4218445000, 0.0893027600, 0.8262036000)
(-0.3625719000, -0.4219597000, 0.0893273400, 0.8261430000)
(-0.3624363000, -0.4218711000, 0.0892637600, 0.8262546000)
(-0.3625348000, -0.4218955000, 0.0892272500, 0.8262029000)
(-0.3623467000, -0.4219672000, 0.0892019300, 0.8262515000)
(-0.3622978000, -0.4219769000, 0.0891785400, 0.8262706000)
(-0.3624040000, -0.4219191000, 0.0891983200, 0.8262514000)
(-0.3623074000, -0.4219425000, 0.0891074000, 0.8262916000)
(-0.3625782000, -0.4218673000, 0.0892027800, 0.8262010000)
(-0.3624129000, -0.4218588000, 0.0891347800, 0.8262851000)
(-0.3624599000, -0.4218186000, 0.0891562200, 0.8262827000)
(-0.3622611000, -0.4219449000, 0.0891811800, 0.8263027000)
(-0.3622790000, -0.4218451000, 0.0892668800, 0.8263366000)
(-0.3624411000, -0.4218973000, 0.0890555800, 0.8262616000)
(-0.3625180000, -0.4219899000, 0.0893420400, 0.8261496000)
(-0.3625367000, -0.4218334000, 0.0891815300, 0.8262387000)
(-0.3622405000, -0.4218958000, 0.0891680100, 0.8263382000)
(-0.3621068000, -0.4218847000, 0.0892757800, 0.8263909000)
(-0.3623375000, -0.4218838000, 0.0890995000, 0.8263092000)
(-0.3623799000, -0.4219317000, 0.0891346600, 0.8262624000)
(-0.3622374000, -0.4219825000, 0.0891135300, 0.8263012000)
(-0.3625580000, -0.4218740000, 0.0891593800, 0.8262110000)
(-0.3624604000, -0.4219393000, 0.0892602500, 0.8262096000)
(-0.3624792000, -0.4218922000, 0.0891585300, 0.8262364000)
(-0.3626096000, -0.4219931000, 0.0891006100, 0.8261340000)
(-0.3623516000, -0.4219930000, 0.0891598100, 0.8262408000)
(-0.3623600000, -0.4218801000, 0.0890055600, 0.8263113000)
(-0.3624145000, -0.4219132000, 0.0890558200, 0.8262652000)
(-0.3622848000, -0.4220732000, 0.0890563400, 0.8262402000)
(-0.3625557000, -0.4219519000, 0.0891711800, 0.8261710000)
(-0.3623853000, -0.4219427000, 0.0891775600, 0.8262498000)
(-0.3624328000, -0.4220001000, 0.0891112400, 0.8262067000)
(-0.3625191000, -0.4219648000, 0.0891929900, 0.8261781000)
(-0.3622223000, -0.4220608000, 0.0891159000, 0.8262675000)
(-0.3623452000, -0.4220265000, 0.0891463800, 0.8262280000)
(-0.3624208000, -0.4219787000, 0.0892348800, 0.8262097000)
(-0.3624952000, -0.4218313000, 0.0892169100, 0.8262542000)
(-0.3625262000, -0.4219851000, 0.0890754800, 0.8261774000)
(-0.3622578000, -0.4219841000, 0.0891456500, 0.8262879000)
(-0.3622058000, -0.4219973000, 0.0890501800, 0.8263143000)
(-0.3621843000, -0.4220625000, 0.0889034600, 0.8263062000)
(-0.3623977000, -0.4219245000, 0.0889224600, 0.8262811000)
(-0.3625233000, -0.4219254000, 0.0889821600, 0.8262191000)
(-0.3624200000, -0.4219569000, 0.0889467200, 0.8262522000)
(-0.3623631000, -0.4220256000, 0.0888675700, 0.8262505000)
(-0.3621063000, -0.4219632000, 0.0888961300, 0.8263919000)
(-0.3621297000, -0.4221186000, 0.0890919400, 0.8262812000)
(-0.3624487000, -0.4220010000, 0.0889195900, 0.8262200000)
(-0.3624036000, -0.4219073000, 0.0890073000, 0.8262782000)
(-0.3625011000, -0.4220023000, 0.0889832500, 0.8261895000)
(-0.3622055000, -0.4220078000, 0.0890403900, 0.8263102000)
(-0.3621573000, -0.4220901000, 0.0888836600, 0.8263061000)
(-0.3623163000, -0.4220119000, 0.0889878700, 0.8262652000)
(-0.3623972000, -0.4221631000, 0.0888041000, 0.8261722000)
(-0.3624927000, -0.4220533000, 0.0889875700, 0.8261666000)
(-0.3624775000, -0.4220833000, 0.0889403200, 0.8261631000)
(-0.3621004000, -0.4221309000, 0.0889643000, 0.8263015000)
(-0.3621601000, -0.4219826000, 0.0889321100, 0.8263546000)
(-0.3621949000, -0.4220769000, 0.0888930200, 0.8262954000)
(-0.3624092000, -0.4220547000, 0.0890006200, 0.8262011000)
(-0.3625428000, -0.4221217000, 0.0889528000, 0.8261135000)
(-0.3623909000, -0.4221400000, 0.0890157600, 0.8261639000)
(-0.3623326000, -0.4219767000, 0.0890100200, 0.8262736000)
(-0.3621763000, -0.4221410000, 0.0890217400, 0.8262569000)
(-0.3623185000, -0.4219562000, 0.0889244000, 0.8262994000)
(-0.3624124000, -0.4220582000, 0.0890495500, 0.8261927000)
(-0.3623403000, -0.4219906000, 0.0889767200, 0.8262666000)
(-0.3623774000, -0.4221275000, 0.0889648100, 0.8261818000)
(-0.3620902000, -0.4221012000, 0.0889510600, 0.8263226000)
(-0.3620418000, -0.4222208000, 0.0888104100, 0.8262979000)
(-0.3623104000, -0.4221367000, 0.0887977600, 0.8262244000)
(-0.3624474000, -0.4220928000, 0.0889252000, 0.8261730000)
(-0.3626739000, -0.4220988000, 0.0889564500, 0.8260672000)
(-0.3624476000, -0.4220431000, 0.0889096300, 0.8262000000)
(-0.3622342000, -0.4220896000, 0.0890109200, 0.8262590000)
(-0.3622249000, -0.4221156000, 0.0888188800, 0.8262704000)
(-0.3623495000, -0.4220803000, 0.0889599500, 0.8262186000)
(-0.3625759000, -0.4220654000, 0.0890289000, 0.8261195000)
(-0.3625895000, -0.4220603000, 0.0890467100, 0.8261142000)
(-0.3622428000, -0.4219773000, 0.0889761700, 0.8263163000)
(-0.3623175000, -0.4219736000, 0.0889860200, 0.8262843000)
(-0.3625074000, -0.4219922000, 0.0890433300, 0.8261853000)
(-0.3624906000, -0.4219887000, 0.0890236000, 0.8261967000)
(-0.3624728000, -0.4218568000, 0.0890082500, 0.8262735000)
(-0.3622527000, -0.4220148000, 0.0889711600, 0.8262933000)
(-0.3623974000, -0.4220113000, 0.0888793900, 0.8262416000)
(-0.3624776000, -0.4220406000, 0.0889064400, 0.8261885000)
(-0.3624533000, -0.4219518000, 0.0889055000, 0.8262446000)
(-0.3623943000, -0.4220583000, 0.0889816100, 0.8262079000)
(-0.3621793000, -0.4220645000, 0.0889632800, 0.8263009000)
(-0.3623565000, -0.4220435000, 0.0889390300, 0.8262366000)
(-0.3620782000, -0.4220003000, 0.0889335300, 0.8263812000)
(-0.3621565000, -0.4220083000, 0.0889569100, 0.8263403000)
(-0.3624620000, -0.4218777000, 0.0890291900, 0.8262653000)
(-0.3623899000, -0.4219198000, 0.0889071400, 0.8262886000)
(-0.3622612000, -0.4219868000, 0.0890056300, 0.8263002000)
(-0.3621846000, -0.4220580000, 0.0888679600, 0.8263122000)
(-0.3621673000, -0.4218856000, 0.0889069600, 0.8264036000)
(-0.3623205000, -0.4219014000, 0.0888847900, 0.8263308000)
(-0.3623686000, -0.4219863000, 0.0890148700, 0.8262523000)
(-0.3623201000, -0.4219499000, 0.0889940000, 0.8262944000)
(-0.3622604000, -0.4220735000, 0.0890338900, 0.8262532000)
(-0.3620639000, -0.4221737000, 0.0889526000, 0.8262969000)
(-0.3621364000, -0.4221863000, 0.0890124100, 0.8262523000)
(-0.3623009000, -0.4221340000, 0.0889675300, 0.8262116000)
(-0.3623729000, -0.4219466000, 0.0889480600, 0.8262780000)
(-0.3620998000, -0.4221535000, 0.0889162400, 0.8262954000)
(-0.3621721000, -0.4222305000, 0.0889664800, 0.8262189000)
(-0.3624829000, -0.4219411000, 0.0891848400, 0.8262070000)
(-0.3623849000, -0.4221196000, 0.0891579900, 0.8261617000)
(-0.3622635000, -0.4219023000, 0.0892359300, 0.8263175000)
(-0.3622024000, -0.4220287000, 0.0890218600, 0.8263028000)
(-0.3621231000, -0.4220202000, 0.0889545600, 0.8263491000)
(-0.3621857000, -0.4219091000, 0.0890305400, 0.8263702000)
(-0.3625474000, -0.4218940000, 0.0890903500, 0.8262129000)
(-0.3625381000, -0.4219081000, 0.0892262200, 0.8261952000)
(-0.3623845000, -0.4218800000, 0.0892186000, 0.8262777000)
(-0.3621300000, -0.4219244000, 0.0890046800, 0.8263897000)
(-0.3621918000, -0.4218906000, 0.0891059000, 0.8263689000)
(-0.3621874000, -0.4218064000, 0.0889349200, 0.8264322000)
(-0.3622650000, -0.4216774000, 0.0891014000, 0.8264461000)
(-0.3623523000, -0.4218040000, 0.0891121600, 0.8263421000)
(-0.3623371000, -0.4217927000, 0.0891653200, 0.8263488000)
(-0.3623197000, -0.4217859000, 0.0890817100, 0.8263689000)
(-0.3621520000, -0.4217773000, 0.0891014700, 0.8264447000)
(-0.3620818000, -0.4219330000, 0.0891300800, 0.8263929000)
(-0.3624514000, -0.4216836000, 0.0892041000, 0.8263502000)
(-0.3624178000, -0.4216667000, 0.0892515000, 0.8263684000)
(-0.3622899000, -0.4218608000, 0.0893155600, 0.8263184000)
(-0.3621289000, -0.4217614000, 0.0891925400, 0.8264530000)
(-0.3620729000, -0.4219930000, 0.0893268100, 0.8263449000)
(-0.3622680000, -0.4221023000, 0.0892649900, 0.8262102000)
(-0.3625122000, -0.4219204000, 0.0893527000, 0.8261866000)
(-0.3627719000, -0.4220704000, 0.0895149600, 0.8259783000)
(-0.3629934000, -0.4219615000, 0.0896329000, 0.8259239000)
(-0.3632700000, -0.4219288000, 0.0897526800, 0.8258060000)
(-0.3632584000, -0.4219226000, 0.0898309400, 0.8258057000)
(-0.3633639000, -0.4219337000, 0.0897498300, 0.8257625000)
(-0.3630710000, -0.4221050000, 0.0896356300, 0.8258162000)
(-0.3627892000, -0.4220232000, 0.0894377200, 0.8260033000)
(-0.3625081000, -0.4219583000, 0.0894131800, 0.8261624000)
(-0.3623689000, -0.4220001000, 0.0895046500, 0.8261923000)
(-0.3624487000, -0.4218685000, 0.0894825200, 0.8262269000)
(-0.3625535000, -0.4218825000, 0.0895467800, 0.8261667000)
(-0.3624817000, -0.4219400000, 0.0895331100, 0.8261704000)
(-0.3626741000, -0.4218942000, 0.0895603200, 0.8261064000)
(-0.3625241000, -0.4217696000, 0.0896223300, 0.8262291000)
(-0.3626964000, -0.4218825000, 0.0896461000, 0.8260933000)
(-0.3624897000, -0.4219452000, 0.0897003500, 0.8261461000)
(-0.3625149000, -0.4219919000, 0.0895556900, 0.8261268000)
(-0.3625455000, -0.4220795000, 0.0895614200, 0.8260680000)
(-0.3626716000, -0.4221231000, 0.0895701600, 0.8259895000)
(-0.3627153000, -0.4222242000, 0.0894742200, 0.8259290000)
(-0.3624314000, -0.4223319000, 0.0893485500, 0.8260122000)
(-0.3619613000, -0.4222688000, 0.0892045700, 0.8262661000)
(-0.3615803000, -0.4223749000, 0.0888221700, 0.8264199000)
(-0.3614311000, -0.4221666000, 0.0888409500, 0.8265895000)
(-0.3615765000, -0.4224057000, 0.0889432200, 0.8263928000)
(-0.3617063000, -0.4223416000, 0.0889252800, 0.8263707000)
(-0.3617337000, -0.4224148000, 0.0888625000, 0.8263280000)
(-0.3616837000, -0.4225010000, 0.0890973100, 0.8262805000)
(-0.3616038000, -0.4223981000, 0.0889818700, 0.8263806000)
(-0.3620223000, -0.4224037000, 0.0891942300, 0.8261715000)
(-0.3625472000, -0.4223964000, 0.0892240300, 0.8259419000)
(-0.3625522000, -0.4223221000, 0.0892452200, 0.8259754000)
(-0.3621665000, -0.4224182000, 0.0890458200, 0.8261169000)
(-0.3617275000, -0.4225643000, 0.0891316400, 0.8262253000)
(-0.3615999000, -0.4225204000, 0.0889523300, 0.8263229000)
(-0.3617018000, -0.4226700000, 0.0889256200, 0.8262047000)
(-0.3618395000, -0.4226768000, 0.0890857900, 0.8261236000)
(-0.3619055000, -0.4225580000, 0.0890070900, 0.8261640000)
(-0.3620733000, -0.4225532000, 0.0891828500, 0.8260740000)
(-0.3620283000, -0.4227847000, 0.0890520700, 0.8259894000)
(-0.3621580000, -0.4226579000, 0.0890937400, 0.8259929000)
(-0.3622698000, -0.4226916000, 0.0891813800, 0.8259172000)
(-0.3622655000, -0.4228743000, 0.0890468500, 0.8258400000)
(-0.3623173000, -0.4226077000, 0.0890631500, 0.8259520000)
(-0.3620885000, -0.4225166000, 0.0888769100, 0.8261190000)
(-0.3618819000, -0.4229375000, 0.0890233700, 0.8259783000)
(-0.3619818000, -0.4226876000, 0.0891333500, 0.8260506000)
(-0.3623869000, -0.4229262000, 0.0890385100, 0.8257610000)
(-0.3626618000, -0.4228676000, 0.0890674700, 0.8256673000)
(-0.3628080000, -0.4229614000, 0.0890766100, 0.8255540000)
(-0.3627134000, -0.4229529000, 0.0892160400, 0.8255849000)
(-0.3625030000, -0.4229636000, 0.0890501500, 0.8256897000)
(-0.3623901000, -0.4230405000, 0.0889047500, 0.8257155000)
(-0.3620916000, -0.4230518000, 0.0888980300, 0.8258414000)
(-0.3620228000, -0.4228218000, 0.0889658600, 0.8259820000)
(-0.3619588000, -0.4228843000, 0.0887564300, 0.8260006000)
(-0.3618295000, -0.4226462000, 0.0887925400, 0.8261752000)
(-0.3616132000, -0.4226175000, 0.0886082900, 0.8263044000)
(-0.3615072000, -0.4225080000, 0.0884375900, 0.8264250000)
(-0.3617631000, -0.4226413000, 0.0885190900, 0.8262361000)
(-0.3618081000, -0.4224654000, 0.0886051000, 0.8262972000)
(-0.3615905000, -0.4224868000, 0.0886496500, 0.8263767000)
(-0.3615495000, -0.4223163000, 0.0887615000, 0.8264698000)
(-0.3615890000, -0.4223518000, 0.0886338700, 0.8264481000)
(-0.3617506000, -0.4225031000, 0.0887800900, 0.8262843000)
(-0.3616397000, -0.4223543000, 0.0887821800, 0.8264087000)
(-0.3615975000, -0.4225085000, 0.0888797400, 0.8263378000)
(-0.3613536000, -0.4225493000, 0.0885630500, 0.8264577000)
(-0.3613757000, -0.4226370000, 0.0885378000, 0.8264059000)
(-0.3615623000, -0.4226819000, 0.0886738100, 0.8262867000)
(-0.3614106000, -0.4225571000, 0.0886851900, 0.8264157000)
(-0.3612037000, -0.4226465000, 0.0885717500, 0.8264726000)
(-0.3609730000, -0.4227239000, 0.0886245300, 0.8265281000)
(-0.3609603000, -0.4226330000, 0.0886684300, 0.8265755000)
(-0.3608086000, -0.4226124000, 0.0886820600, 0.8266507000)
(-0.3612194000, -0.4225864000, 0.0889271900, 0.8264583000)
(-0.3613994000, -0.4226332000, 0.0890171000, 0.8263459000)
(-0.3614853000, -0.4227521000, 0.0890322700, 0.8262460000)
(-0.3615801000, -0.4227153000, 0.0889063700, 0.8262368000)
(-0.3612441000, -0.4227516000, 0.0888206300, 0.8263745000)
(-0.3613815000, -0.4228673000, 0.0886906900, 0.8262691000)
(-0.3614604000, -0.4228348000, 0.0887417500, 0.8262458000)
(-0.3614195000, -0.4228795000, 0.0887774500, 0.8262370000)
(-0.3614929000, -0.4228443000, 0.0888072600, 0.8262196000)
(-0.3612674000, -0.4229669000, 0.0887129300, 0.8262656000)
(-0.3612210000, -0.4230182000, 0.0888274700, 0.8262474000)
(-0.3611718000, -0.4230128000, 0.0886431900, 0.8262914000)
(-0.3615626000, -0.4229850000, 0.0887666000, 0.8261215000)
(-0.3614952000, -0.4229323000, 0.0889156500, 0.8261619000)
(-0.3617879000, -0.4231351000, 0.0888280100, 0.8259394000)
(-0.3617328000, -0.4229598000, 0.0888972900, 0.8260459000)
(-0.3617615000, -0.4230965000, 0.0890146700, 0.8259506000)
(-0.3619341000, -0.4231225000, 0.0891276100, 0.8258495000)
(-0.3621537000, -0.4231517000, 0.0892266500, 0.8257275000)
(-0.3623846000, -0.4229578000, 0.0892446300, 0.8257236000)
(-0.3623220000, -0.4231842000, 0.0891529900, 0.8256450000)
(-0.3619465000, -0.4231108000, 0.0890899800, 0.8258541000)
(-0.3617849000, -0.4230670000, 0.0891279100, 0.8259432000)
(-0.3617438000, -0.4231335000, 0.0888615800, 0.8259559000)
(-0.3618793000, -0.4230636000, 0.0890705100, 0.8259098000)
(-0.3620575000, -0.4230835000, 0.0887902300, 0.8258517000)
(-0.3620783000, -0.4230686000, 0.0889037600, 0.8258380000)
(-0.3618914000, -0.4231033000, 0.0887987500, 0.8259134000)
(-0.3617845000, -0.4230250000, 0.0889032600, 0.8259891000)
(-0.3617856000, -0.4231560000, 0.0888880800, 0.8259232000)
(-0.3618655000, -0.4230697000, 0.0890188900, 0.8259183000)
(-0.3618722000, -0.4230748000, 0.0889122100, 0.8259243000)
(-0.3620328000, -0.4231686000, 0.0890925700, 0.8257864000)
(-0.3618404000, -0.4231236000, 0.0890698400, 0.8258962000)
(-0.3618102000, -0.4229909000, 0.0890693300, 0.8259774000)
(-0.3618143000, -0.4230135000, 0.0892518500, 0.8259444000)
(-0.3618583000, -0.4227804000, 0.0891831400, 0.8260519000)
(-0.3616592000, -0.4228345000, 0.0892176600, 0.8261077000)
(-0.3617808000, -0.4229060000, 0.0892945600, 0.8260095000)
(-0.3617623000, -0.4228933000, 0.0892155800, 0.8260326000)
(-0.3619270000, -0.4229206000, 0.0892568500, 0.8259421000)
(-0.3620811000, -0.4229827000, 0.0892266400, 0.8258460000)
(-0.3619421000, -0.4229135000, 0.0892261500, 0.8259424000)
(-0.3618367000, -0.4229623000, 0.0892382400, 0.8259622000)
(-0.3617582000, -0.4230819000, 0.0891477700, 0.8259452000)
(-0.3617514000, -0.4229756000, 0.0892009400, 0.8259968000)
(-0.3618388000, -0.4231174000, 0.0892032600, 0.8258857000)
(-0.3621218000, -0.4230672000, 0.0892791200, 0.8257792000)
(-0.3621164000, -0.4232309000, 0.0892989000, 0.8256955000)
(-0.3622319000, -0.4232349000, 0.0892970000, 0.8256430000)
(-0.3620511000, -0.4232022000, 0.0891856300, 0.8257511000)
(-0.3620743000, -0.4232913000, 0.0891340500, 0.8257008000)
(-0.3621044000, -0.4233991000, 0.0891050200, 0.8256355000)
(-0.3620811000, -0.4234583000, 0.0889771000, 0.8256292000)
(-0.3617572000, -0.4234708000, 0.0887861100, 0.8257852000)
(-0.3617221000, -0.4235111000, 0.0888301300, 0.8257753000)
(-0.3616181000, -0.4236119000, 0.0887300400, 0.8257798000)
(-0.3615620000, -0.4235728000, 0.0886817400, 0.8258296000)
(-0.3615460000, -0.4235574000, 0.0887492700, 0.8258373000)
(-0.3617621000, -0.4235390000, 0.0886190200, 0.8257660000)
(-0.3616725000, -0.4235063000, 0.0886641000, 0.8258172000)
(-0.3616239000, -0.4232962000, 0.0885844500, 0.8259548000)
(-0.3615052000, -0.4232331000, 0.0886810300, 0.8260287000)
(-0.3612781000, -0.4233741000, 0.0887461800, 0.8260489000)
(-0.3615356000, -0.4232419000, 0.0888025800, 0.8259979000)
(-0.3618580000, -0.4233291000, 0.0888860800, 0.8258030000)
(-0.3620596000, -0.4232102000, 0.0888612900, 0.8257782000)
(-0.3619742000, -0.4233406000, 0.0888368400, 0.8257515000)
(-0.3618647000, -0.4233481000, 0.0889662300, 0.8257816000)
(-0.3622334000, -0.4232837000, 0.0888963300, 0.8256606000)
(-0.3623668000, -0.4233477000, 0.0889914900, 0.8255590000)
(-0.3622228000, -0.4234499000, 0.0889076600, 0.8255787000)
(-0.3621702000, -0.4233867000, 0.0889853400, 0.8256258000)
(-0.3619896000, -0.4234879000, 0.0889566200, 0.8256562000)
(-0.3621276000, -0.4234993000, 0.0890194300, 0.8255832000)
(-0.3621770000, -0.4234357000, 0.0890121100, 0.8255949000)
(-0.3622465000, -0.4233976000, 0.0890058100, 0.8255846000)
(-0.3622905000, -0.4232660000, 0.0890073600, 0.8256327000)
(-0.3622777000, -0.4234224000, 0.0890134700, 0.8255574000)
(-0.3620380000, -0.4234404000, 0.0889871000, 0.8256562000)
(-0.3620307000, -0.4233619000, 0.0889416500, 0.8257045000)
(-0.3618576000, -0.4234274000, 0.0889783100, 0.8257428000)
(-0.3620952000, -0.4234543000, 0.0889561100, 0.8256273000)
(-0.3621330000, -0.4233569000, 0.0889723400, 0.8256589000)
(-0.3620024000, -0.4234037000, 0.0890831400, 0.8256801000)
(-0.3618177000, -0.4234335000, 0.0889897000, 0.8257559000)
(-0.3616093000, -0.4233374000, 0.0889242700, 0.8259036000)
(-0.3614409000, -0.4235883000, 0.0889412000, 0.8258468000)
(-0.3615272000, -0.4234331000, 0.0889160900, 0.8258913000)
(-0.3616692000, -0.4235173000, 0.0889397300, 0.8257834000)
(-0.3614962000, -0.4235276000, 0.0889966100, 0.8258477000)
(-0.3614924000, -0.4236595000, 0.0888412500, 0.8257985000)
(-0.3612390000, -0.4235995000, 0.0889523800, 0.8259282000)
(-0.3613767000, -0.4235330000, 0.0888287400, 0.8259153000)
(-0.3613936000, -0.4236118000, 0.0888525400, 0.8258650000)
(-0.3615641000, -0.4234425000, 0.0889673300, 0.8258649000)
(-0.3615760000, -0.4235555000, 0.0888213300, 0.8258174000)
(-0.3614096000, -0.4235320000, 0.0888411400, 0.8259001000)
(-0.3613406000, -0.4235794000, 0.0888209500, 0.8259082000)
(-0.3615049000, -0.4234390000, 0.0888369500, 0.8259066000)
(-0.3617463000, -0.4235037000, 0.0891453600, 0.8257344000)
(-0.3620225000, -0.4234642000, 0.0891911600, 0.8256287000)
(-0.3618326000, -0.4235147000, 0.0890830700, 0.8256977000)
(-0.3617321000, -0.4233757000, 0.0890110400, 0.8258207000)
(-0.3615330000, -0.4234140000, 0.0891343300, 0.8258750000)
(-0.3616786000, -0.4234260000, 0.0888494700, 0.8258358000)
(-0.3617446000, -0.4234106000, 0.0888649100, 0.8258132000)
(-0.3621249000, -0.4234632000, 0.0890152400, 0.8256032000)
(-0.3618811000, -0.4233859000, 0.0889986200, 0.8257516000)
(-0.3617729000, -0.4234459000, 0.0888674800, 0.8257824000)
(-0.3616550000, -0.4234225000, 0.0888807700, 0.8258446000)
(-0.3615742000, -0.4234722000, 0.0889715500, 0.8258448000)
(-0.3618208000, -0.4233318000, 0.0888974100, 0.8258166000)
(-0.3618899000, -0.4234373000, 0.0888576100, 0.8257366000)
(-0.3618551000, -0.4234159000, 0.0890100400, 0.8257463000)
(-0.3615929000, -0.4234584000, 0.0888680700, 0.8258547000)
(-0.3615328000, -0.4234723000, 0.0887812500, 0.8258833000)
(-0.3615713000, -0.4234205000, 0.0887876600, 0.8258923000)
(-0.3618476000, -0.4235449000, 0.0888891800, 0.8256965000)
(-0.3619198000, -0.4235417000, 0.0887286700, 0.8256838000)
(-0.3620095000, -0.4234436000, 0.0888289700, 0.8256840000)
(-0.3618274000, -0.4235976000, 0.0888483300, 0.8256828000)
(-0.3618247000, -0.4235169000, 0.0889949500, 0.8257095000)
(-0.3615712000, -0.4235055000, 0.0888717600, 0.8258398000)
(-0.3619024000, -0.4235506000, 0.0888916800, 0.8256693000)
(-0.3619063000, -0.4235794000, 0.0888986200, 0.8256521000)
(-0.3616649000, -0.4235345000, 0.0889409700, 0.8257763000)
(-0.3617961000, -0.4235745000, 0.0888933400, 0.8257034000)
(-0.3619297000, -0.4235131000, 0.0888812400, 0.8256778000)
(-0.3619855000, -0.4236260000, 0.0888730200, 0.8255962000)
(-0.3621549000, -0.4235298000, 0.0887531500, 0.8255842000)
(-0.3619885000, -0.4235448000, 0.0888484000, 0.8256392000)
(-0.3618493000, -0.4235277000, 0.0887574100, 0.8257188000)
(-0.3617919000, -0.4236802000, 0.0886391800, 0.8256785000)
(-0.3618644000, -0.4236215000, 0.0887394400, 0.8256660000)
(-0.3619386000, -0.4236378000, 0.0889587500, 0.8256015000)
(-0.3621571000, -0.4235753000, 0.0888452200, 0.8255500000)
(-0.3619214000, -0.4237251000, 0.0886939800, 0.8255928000)
(-0.3617513000, -0.4237022000, 0.0888084200, 0.8256667000)
(-0.3617084000, -0.4237456000, 0.0886622100, 0.8256789000)
(-0.3618632000, -0.4236248000, 0.0887008200, 0.8256689000)
(-0.3620040000, -0.4237616000, 0.0887531000, 0.8255314000)
(-0.3621242000, -0.4237322000, 0.0887186800, 0.8254975000)
(-0.3619855000, -0.4236569000, 0.0887617200, 0.8255924000)
(-0.3616799000, -0.4237255000, 0.0886274300, 0.8257055000)
(-0.3618757000, -0.4236913000, 0.0888029600, 0.8256184000)
(-0.3617363000, -0.4237613000, 0.0887853400, 0.8256454000)
(-0.3618893000, -0.4237848000, 0.0887828900, 0.8255666000)
(-0.3620659000, -0.4237300000, 0.0886924300, 0.8255270000)
(-0.3620538000, -0.4235902000, 0.0887919000, 0.8255934000)
(-0.3618385000, -0.4236677000, 0.0888509700, 0.8256416000)
(-0.3618354000, -0.4236568000, 0.0886738500, 0.8256676000)
(-0.3619725000, -0.4236860000, 0.0887844600, 0.8255807000)
(-0.3622403000, -0.4237426000, 0.0888595800, 0.8254260000)
(-0.3621864000, -0.4237162000, 0.0887401900, 0.8254762000)
(-0.3620876000, -0.4236501000, 0.0887656200, 0.8255506000)
(-0.3618371000, -0.4237461000, 0.0887288500, 0.8256151000)
(-0.3618799000, -0.4237037000, 0.0885755900, 0.8256346000)
(-0.3617910000, -0.4237753000, 0.0886509500, 0.8256288000)
(-0.3620262000, -0.4237582000, 0.0888504000, 0.8255129000)
(-0.3621870000, -0.4237109000, 0.0887530400, 0.8254772000)
(-0.3620613000, -0.4237402000, 0.0888785300, 0.8255038000)
(-0.3618965000, -0.4236769000, 0.0888337200, 0.8256134000)
(-0.3617904000, -0.4237080000, 0.0887465600, 0.8256533000)
(-0.3619168000, -0.4237902000, 0.0886850700, 0.8255623000)
(-0.3621321000, -0.4236917000, 0.0888851400, 0.8254969000)
(-0.3620681000, -0.4236862000, 0.0888650600, 0.8255300000)
(-0.3620249000, -0.4237476000, 0.0887051200, 0.8255346000)
(-0.3619517000, -0.4237126000, 0.0888016400, 0.8255743000)
(-0.3618595000, -0.4237146000, 0.0887388400, 0.8256204000)
(-0.3619547000, -0.4237709000, 0.0888107400, 0.8255421000)
(-0.3620260000, -0.4237842000, 0.0888332600, 0.8255016000)
(-0.3619164000, -0.4238285000, 0.0888670200, 0.8255232000)
(-0.3619398000, -0.4237697000, 0.0888463700, 0.8255454000)
(-0.3621925000, -0.4238065000, 0.0888670000, 0.8254135000)
(-0.3622737000, -0.4238215000, 0.0889035300, 0.8253661000)
(-0.3621814000, -0.4237047000, 0.0888514600, 0.8254722000)
(-0.3619027000, -0.4237502000, 0.0888339700, 0.8255730000)
(-0.3616621000, -0.4238041000, 0.0888130500, 0.8256530000)
(-0.3618662000, -0.4238230000, 0.0888023200, 0.8255550000)
(-0.3620332000, -0.4238973000, 0.0888255500, 0.8254411000)
(-0.3621137000, -0.4238698000, 0.0887664600, 0.8254263000)
(-0.3622473000, -0.4239264000, 0.0889038400, 0.8253238000)
(-0.3619684000, -0.4238736000, 0.0886749200, 0.8254979000)
(-0.3618010000, -0.4238004000, 0.0889486400, 0.8255794000)
(-0.3618505000, -0.4238191000, 0.0887728900, 0.8255671000)
(-0.3618683000, -0.4237498000, 0.0888280800, 0.8255889000)
(-0.3618555000, -0.4237198000, 0.0889006800, 0.8256021000)
(-0.3619933000, -0.4238433000, 0.0888160300, 0.8254874000)
(-0.3617915000, -0.4238360000, 0.0888372700, 0.8255774000)
(-0.3617775000, -0.4238662000, 0.0887416100, 0.8255783000)
(-0.3618881000, -0.4236874000, 0.0888577700, 0.8256090000)
(-0.3620112000, -0.4236328000, 0.0889213200, 0.8255763000)
(-0.3620366000, -0.4237121000, 0.0889190700, 0.8255246000)
(-0.3620681000, -0.4237203000, 0.0889579700, 0.8255025000)
(-0.3617295000, -0.4236847000, 0.0888994600, 0.8256755000)
(-0.3617912000, -0.4238137000, 0.0888633900, 0.8255861000)
(-0.3617097000, -0.4237536000, 0.0889447700, 0.8256439000)
(-0.3618933000, -0.4238058000, 0.0889244500, 0.8255388000)
(-0.3619048000, -0.4237586000, 0.0889237800, 0.8255581000)
(-0.3619927000, -0.4238063000, 0.0889965900, 0.8254872000)
(-0.3619739000, -0.4236861000, 0.0888348500, 0.8255746000)
(-0.3617302000, -0.4237702000, 0.0888887900, 0.8256324000)
(-0.3617732000, -0.4238820000, 0.0888547200, 0.8255599000)
(-0.3620398000, -0.4238794000, 0.0887985000, 0.8254504000)
(-0.3620140000, -0.4236528000, 0.0889398600, 0.8255628000)
(-0.3620093000, -0.4236088000, 0.0889092000, 0.8255907000)
(-0.3619231000, -0.4237086000, 0.0888325300, 0.8255855000)
(-0.3617630000, -0.4238594000, 0.0888302600, 0.8255786000)
(-0.3617735000, -0.4237122000, 0.0888232000, 0.8256503000)
(-0.3619204000, -0.4238034000, 0.0887888400, 0.8255427000)
(-0.3620314000, -0.4238067000, 0.0888882600, 0.8254817000)
(-0.3619616000, -0.4237600000, 0.0889125600, 0.8255337000)
(-0.3619635000, -0.4237080000, 0.0888854600, 0.8255625000)
(-0.3618655000, -0.4237224000, 0.0887788900, 0.8256094000)
(-0.3616834000, -0.4237051000, 0.0888837100, 0.8256869000)
(-0.3619533000, -0.4236431000, 0.0888547400, 0.8256035000)
(-0.3617589000, -0.4237382000, 0.0889785200, 0.8256266000)
(-0.3617315000, -0.4237031000, 0.0886239900, 0.8256948000)
(-0.3618782000, -0.4237324000, 0.0886858100, 0.8256088000)
(-0.3619053000, -0.4238105000, 0.0886804200, 0.8255574000)
(-0.3618467000, -0.4238959000, 0.0885989400, 0.8255480000)
(-0.3616149000, -0.4238060000, 0.0886997700, 0.8256848000)
(-0.3619830000, -0.4238330000, 0.0886797200, 0.8255119000)
(-0.3622394000, -0.4237910000, 0.0887505000, 0.8254133000)
(-0.3619444000, -0.4237954000, 0.0887532900, 0.8255402000)
(-0.3618686000, -0.4237283000, 0.0886866200, 0.8256150000)
(-0.3619951000, -0.4237726000, 0.0886321500, 0.8255427000)
(-0.3617926000, -0.4238051000, 0.0888113400, 0.8255955000)
(-0.3620432000, -0.4237287000, 0.0887156600, 0.8255352000)
(-0.3620740000, -0.4236820000, 0.0887533100, 0.8255416000)
(-0.3619636000, -0.4237652000, 0.0887108700, 0.8255519000)
(-0.3619972000, -0.4237303000, 0.0887718400, 0.8255485000)
(-0.3620571000, -0.4237159000, 0.0888547400, 0.8255206000)
(-0.3618275000, -0.4237050000, 0.0887689700, 0.8256361000)
(-0.3619660000, -0.4237452000, 0.0888071600, 0.8255507000)
(-0.3618994000, -0.4237840000, 0.0887870500, 0.8255621000)
(-0.3621354000, -0.4236735000, 0.0888909000, 0.8255042000)
(-0.3620808000, -0.4237452000, 0.0888070600, 0.8255003000)
(-0.3621159000, -0.4237363000, 0.0888434600, 0.8254856000)
(-0.3621753000, -0.4237657000, 0.0890236300, 0.8254250000)
(-0.3619856000, -0.4237941000, 0.0889888300, 0.8254974000)
(-0.3619181000, -0.4237208000, 0.0887103300, 0.8255947000)
(-0.3618982000, -0.4236767000, 0.0888600200, 0.8256099000)
(-0.3617798000, -0.4236364000, 0.0888208700, 0.8256867000)
(-0.3619250000, -0.4236714000, 0.0888347600, 0.8256035000)
(-0.3619759000, -0.4236854000, 0.0887721600, 0.8255808000)
(-0.3620343000, -0.4237433000, 0.0888658900, 0.8255154000)
(-0.3619839000, -0.4237582000, 0.0888277200, 0.8255339000)
(-0.3617671000, -0.4236795000, 0.0887010800, 0.8256830000)
(-0.3616733000, -0.4238341000, 0.0887100200, 0.8256437000)
(-0.3618918000, -0.4238549000, 0.0887333800, 0.8255349000)
(-0.3620793000, -0.4238142000, 0.0888456200, 0.8254614000)
(-0.3620617000, -0.4238017000, 0.0887454500, 0.8254864000)
(-0.3618643000, -0.4236670000, 0.0887191700, 0.8256449000)
(-0.3617283000, -0.4238644000, 0.0886391400, 0.8256117000)
(-0.3618244000, -0.4237387000, 0.0885886800, 0.8256395000)
(-0.3618759000, -0.4237514000, 0.0887324400, 0.8255950000)
(-0.3621267000, -0.4237328000, 0.0888405300, 0.8254830000)
(-0.3621850000, -0.4236936000, 0.0887570100, 0.8254865000)
(-0.3620775000, -0.4236943000, 0.0887578000, 0.8255332000)
(-0.3619432000, -0.4236937000, 0.0887473100, 0.8255935000)
(-0.3617493000, -0.4236664000, 0.0887342800, 0.8256940000)
(-0.3618709000, -0.4236419000, 0.0888391100, 0.8256419000)
(-0.3619960000, -0.4236803000, 0.0888735900, 0.8255637000)
(-0.3620520000, -0.4236983000, 0.0888356900, 0.8255340000)
(-0.3620532000, -0.4235878000, 0.0888446400, 0.8255892000)
(-0.3616906000, -0.4237782000, 0.0888988100, 0.8256446000)
(-0.3620385000, -0.4236943000, 0.0888957700, 0.8255355000)
(-0.3619517000, -0.4237185000, 0.0887740300, 0.8255742000)
(-0.3618524000, -0.4236923000, 0.0888827100, 0.8256195000)
(-0.3619322000, -0.4237461000, 0.0888024900, 0.8255656000)
(-0.3617714000, -0.4238112000, 0.0888537500, 0.8255970000)
(-0.3619552000, -0.4235989000, 0.0890489900, 0.8256045000)
(-0.3619218000, -0.4237162000, 0.0890452000, 0.8255593000)
(-0.3620383000, -0.4236587000, 0.0889225300, 0.8255510000)
(-0.3619505000, -0.4235759000, 0.0889019600, 0.8256341000)
(-0.3618835000, -0.4236771000, 0.0888524300, 0.8256170000)
(-0.3619712000, -0.4237638000, 0.0888662300, 0.8255325000)
(-0.3617094000, -0.4236744000, 0.0889473000, 0.8256844000)
(-0.3619028000, -0.4235735000, 0.0889385700, 0.8256524000)
(-0.3619094000, -0.4236707000, 0.0889087600, 0.8256028000)
(-0.3617676000, -0.4235456000, 0.0890167200, 0.8257175000)
(-0.3620741000, -0.4235818000, 0.0889626200, 0.8255703000)
(-0.3619401000, -0.4235392000, 0.0889096100, 0.8256567000)
(-0.3619262000, -0.4235817000, 0.0888712500, 0.8256451000)
(-0.3616547000, -0.4235903000, 0.0889335800, 0.8257530000)
(-0.3617673000, -0.4236213000, 0.0888680100, 0.8256948000)
(-0.3617933000, -0.4235663000, 0.0887337500, 0.8257260000)
(-0.3619124000, -0.4235885000, 0.0888966600, 0.8256450000)
(-0.3619095000, -0.4235002000, 0.0888356100, 0.8256981000)
(-0.3617088000, -0.4235123000, 0.0887453300, 0.8257895000)
(-0.3617009000, -0.4235956000, 0.0887153000, 0.8257535000)
(-0.3616770000, -0.4235260000, 0.0889591100, 0.8257735000)
(-0.3619184000, -0.4235117000, 0.0890169400, 0.8256688000)
(-0.3620859000, -0.4234636000, 0.0889222500, 0.8256302000)
(-0.3620075000, -0.4234084000, 0.0889147100, 0.8256937000)
(-0.3617545000, -0.4234713000, 0.0889614200, 0.8257673000)
(-0.3617087000, -0.4236418000, 0.0889625600, 0.8256997000)
(-0.3616835000, -0.4235318000, 0.0888920800, 0.8257748000)
(-0.3618445000, -0.4235255000, 0.0889771300, 0.8256984000)
(-0.3620452000, -0.4235159000, 0.0889752200, 0.8256155000)
(-0.3619826000, -0.4235916000, 0.0888201400, 0.8256209000)
(-0.3618886000, -0.4236141000, 0.0887835200, 0.8256545000)
(-0.3620168000, -0.4235182000, 0.0889048700, 0.8256344000)
(-0.3618188000, -0.4236965000, 0.0887927500, 0.8256418000)
(-0.3618270000, -0.4235919000, 0.0888062200, 0.8256904000)
(-0.3619185000, -0.4236185000, 0.0889739800, 0.8256186000)
(-0.3618921000, -0.4236004000, 0.0889310800, 0.8256440000)
(-0.3619590000, -0.4235841000, 0.0888992200, 0.8256265000)
(-0.3618139000, -0.4236054000, 0.0887448900, 0.8256958000)
(-0.3619636000, -0.4235047000, 0.0888073700, 0.8256751000)
(-0.3617302000, -0.4234661000, 0.0887188800, 0.8258067000)
(-0.3616419000, -0.4235011000, 0.0886604000, 0.8258337000)
(-0.3618215000, -0.4235667000, 0.0887415300, 0.8257127000)
(-0.3617569000, -0.4236064000, 0.0888346700, 0.8257106000)
(-0.3619054000, -0.4234572000, 0.0887960100, 0.8257262000)
(-0.3620771000, -0.4235221000, 0.0888128100, 0.8256158000)
(-0.3619095000, -0.4234834000, 0.0887244600, 0.8257187000)
(-0.3620508000, -0.4234982000, 0.0889030800, 0.8256299000)
(-0.3616907000, -0.4235084000, 0.0887300900, 0.8258011000)
(-0.3617543000, -0.4234909000, 0.0886263800, 0.8257934000)
(-0.3617855000, -0.4234157000, 0.0887989100, 0.8257998000)
(-0.3616396000, -0.4235043000, 0.0886545000, 0.8258337000)
(-0.3616190000, -0.4234667000, 0.0887663000, 0.8258500000)
(-0.3619965000, -0.4234709000, 0.0888624400, 0.8256721000)
(-0.3620420000, -0.4234923000, 0.0887248000, 0.8256560000)
(-0.3619949000, -0.4234988000, 0.0888951800, 0.8256550000)
(-0.3620125000, -0.4233524000, 0.0888355600, 0.8257288000)
(-0.3617817000, -0.4234554000, 0.0886613100, 0.8257958000)
(-0.3620082000, -0.4235136000, 0.0887922500, 0.8256526000)
(-0.3618747000, -0.4234654000, 0.0888638000, 0.8257281000)
(-0.3618273000, -0.4235039000, 0.0888285000, 0.8257330000)
(-0.3620206000, -0.4235258000, 0.0886250700, 0.8256589000)
(-0.3616424000, -0.4234915000, 0.0887201700, 0.8258320000)
(-0.3618270000, -0.4234899000, 0.0886342700, 0.8257612000)
(-0.3618661000, -0.4234730000, 0.0887159600, 0.8257440000)
(-0.3616138000, -0.4235635000, 0.0886877000, 0.8258111000)
(-0.3619759000, -0.4235021000, 0.0887733400, 0.8256747000)
(-0.3619461000, -0.4236126000, 0.0887227400, 0.8256366000)
(-0.3618610000, -0.4234941000, 0.0886684400, 0.8257405000)
(-0.3620781000, -0.4234342000, 0.0886685300, 0.8256760000)
(-0.3617779000, -0.4235641000, 0.0886648100, 0.8257414000)
(-0.3617797000, -0.4233623000, 0.0886562800, 0.8258450000)
(-0.3618326000, -0.4235659000, 0.0887083600, 0.8257118000)
(-0.3615799000, -0.4234696000, 0.0887046400, 0.8258723000)
(-0.3618119000, -0.4234810000, 0.0887635600, 0.8257585000)
(-0.3617874000, -0.4233494000, 0.0888487000, 0.8258275000)
(-0.3617051000, -0.4234449000, 0.0886100600, 0.8258403000)
(-0.3618493000, -0.4232986000, 0.0887220300, 0.8258401000)
(-0.3617433000, -0.4234721000, 0.0885966000, 0.8258110000)
(-0.3618303000, -0.4233461000, 0.0887553500, 0.8258204000)
(-0.3619769000, -0.4234879000, 0.0887714500, 0.8256817000)
(-0.3618955000, -0.4234387000, 0.0887574200, 0.8257442000)
(-0.3619834000, -0.4234046000, 0.0887084800, 0.8257284000)
(-0.3618239000, -0.4235583000, 0.0888776300, 0.8257012000)
(-0.3617034000, -0.4236764000, 0.0886526400, 0.8257177000)
(-0.3616565000, -0.4236129000, 0.0885861700, 0.8257779000)
(-0.3618872000, -0.4236160000, 0.0885959300, 0.8256742000)
(-0.3617837000, -0.4235630000, 0.0885867400, 0.8257477000)
(-0.3617683000, -0.4235572000, 0.0886969900, 0.8257456000)
(-0.3617407000, -0.4235217000, 0.0886820300, 0.8257776000)
(-0.3619453000, -0.4236001000, 0.0886935300, 0.8256464000)
(-0.3616841000, -0.4235428000, 0.0887076300, 0.8257888000)
(-0.3615775000, -0.4235681000, 0.0887950600, 0.8258131000)
(-0.3618783000, -0.4234883000, 0.0886687900, 0.8257358000)
(-0.3616726000, -0.4234976000, 0.0887356500, 0.8258141000)
(-0.3619422000, -0.4235344000, 0.0887404400, 0.8256765000)
(-0.3620896000, -0.4235477000, 0.0887420800, 0.8256049000)
(-0.3618427000, -0.4235850000, 0.0886158000, 0.8257076000)
(-0.3619816000, -0.4234376000, 0.0886741300, 0.8257160000)
(-0.3620765000, -0.4234796000, 0.0887389300, 0.8256459000)
(-0.3617335000, -0.4235436000, 0.0886075300, 0.8257775000)
(-0.3619218000, -0.4234550000, 0.0886741400, 0.8257332000)
(-0.3618025000, -0.4235066000, 0.0886938000, 0.8257570000)
(-0.3620071000, -0.4235447000, 0.0887484300, 0.8256419000)
(-0.3619927000, -0.4236213000, 0.0887298700, 0.8256109000)
(-0.3619000000, -0.4236364000, 0.0886236100, 0.8256552000)
(-0.3617018000, -0.4235765000, 0.0885256100, 0.8257833000)
(-0.3615927000, -0.4235436000, 0.0885499600, 0.8258453000)
(-0.3619670000, -0.4235791000, 0.0887041500, 0.8256466000)
(-0.3618366000, -0.4235142000, 0.0886101600, 0.8257471000)
(-0.3619870000, -0.4236127000, 0.0886095400, 0.8256307000)
(-0.3619817000, -0.4236184000, 0.0885640600, 0.8256350000)
(-0.3620191000, -0.4236010000, 0.0886483500, 0.8256185000)
(-0.3618636000, -0.4234691000, 0.0886303800, 0.8257563000)
(-0.3617178000, -0.4235982000, 0.0885955800, 0.8257576000)
(-0.3618050000, -0.4235843000, 0.0886977600, 0.8257155000)
(-0.3618326000, -0.4236368000, 0.0885611400, 0.8256912000)
(-0.3620008000, -0.4236018000, 0.0886787100, 0.8256229000)
(-0.3620695000, -0.4236502000, 0.0886942000, 0.8255662000)
(-0.3619296000, -0.4234484000, 0.0886767300, 0.8257330000)
(-0.3617077000, -0.4235577000, 0.0886556300, 0.8257764000)
(-0.3615542000, -0.4235830000, 0.0886844300, 0.8258275000)
(-0.3618101000, -0.4235105000, 0.0888106000, 0.8257391000)
(-0.3619159000, -0.4235010000, 0.0888063800, 0.8256980000)
(-0.3619503000, -0.4234913000, 0.0888193300, 0.8256866000)
(-0.3618248000, -0.4233756000, 0.0888397400, 0.8257986000)
(-0.3616123000, -0.4236744000, 0.0886885000, 0.8257548000)
(-0.3616108000, -0.4235174000, 0.0887755500, 0.8258266000)
(-0.3616059000, -0.4237001000, 0.0887422000, 0.8257386000)
(-0.3619415000, -0.4236248000, 0.0887041100, 0.8256344000)
(-0.3620244000, -0.4235988000, 0.0889046100, 0.8255897000)
(-0.3619100000, -0.4235392000, 0.0887598800, 0.8256860000)
(-0.3617600000, -0.4236668000, 0.0886373700, 0.8256995000)
(-0.3616965000, -0.4236978000, 0.0886252900, 0.8257127000)
(-0.3617967000, -0.4235691000, 0.0887961900, 0.8257164000)
(-0.3618080000, -0.4236133000, 0.0888618400, 0.8256817000)
(-0.3619548000, -0.4235173000, 0.0887705300, 0.8256765000)
(-0.3618412000, -0.4235600000, 0.0888573200, 0.8256950000)
(-0.3617888000, -0.4235030000, 0.0887594700, 0.8257577000)
(-0.3617162000, -0.4235547000, 0.0887423200, 0.8257649000)
(-0.3617309000, -0.4235142000, 0.0888045400, 0.8257725000)
(-0.3618422000, -0.4234021000, 0.0888943000, 0.8257716000)
(-0.3622476000, -0.4233807000, 0.0887990400, 0.8256150000)
(-0.3619664000, -0.4234862000, 0.0886467900, 0.8257006000)
(-0.3618741000, -0.4235924000, 0.0886503600, 0.8256862000)
(-0.3618194000, -0.4235342000, 0.0887201000, 0.8257326000)
(-0.3618644000, -0.4235161000, 0.0887694100, 0.8257169000)
(-0.3620130000, -0.4235156000, 0.0887460000, 0.8256544000)
(-0.3620742000, -0.4235060000, 0.0887816000, 0.8256288000)
(-0.3620101000, -0.4235775000, 0.0886595800, 0.8256333000)
(-0.3618206000, -0.4236180000, 0.0887834100, 0.8256822000)
(-0.3618757000, -0.4236318000, 0.0886939400, 0.8256606000)
(-0.3619555000, -0.4236164000, 0.0887824300, 0.8256240000)
(-0.3619848000, -0.4234907000, 0.0888193800, 0.8256717000)
(-0.3621043000, -0.4234370000, 0.0887612000, 0.8256531000)
(-0.3617612000, -0.4235493000, 0.0885970100, 0.8257635000)
(-0.3617614000, -0.4236150000, 0.0886365500, 0.8257255000)
(-0.3617546000, -0.4235227000, 0.0886971200, 0.8257694000)
(-0.3617198000, -0.4235082000, 0.0887635100, 0.8257849000)
(-0.3619933000, -0.4235026000, 0.0887486500, 0.8256695000)
(-0.3621292000, -0.4235141000, 0.0887999000, 0.8255985000)
(-0.3619013000, -0.4236369000, 0.0886573900, 0.8256508000)
(-0.3618731000, -0.4235460000, 0.0888321400, 0.8256910000)
(-0.3620248000, -0.4234812000, 0.0887152400, 0.8256702000)
(-0.3620182000, -0.4235582000, 0.0887189300, 0.8256333000)
(-0.3618298000, -0.4234615000, 0.0886938100, 0.8257681000)
(-0.3617275000, -0.4235515000, 0.0887109000, 0.8257650000)
(-0.3618223000, -0.4235401000, 0.0888486900, 0.8257145000)
(-0.3620623000, -0.4236087000, 0.0888248600, 0.8255766000)
(-0.3620809000, -0.4236343000, 0.0888485500, 0.8255528000)
(-0.3623321000, -0.4236730000, 0.0889130700, 0.8254157000)
(-0.3621626000, -0.4237028000, 0.0887918100, 0.8254879000)
(-0.3619603000, -0.4237134000, 0.0888057400, 0.8255697000)
(-0.3618847000, -0.4237830000, 0.0887154300, 0.8255768000)
(-0.3621911000, -0.4238528000, 0.0887378500, 0.8254042000)
(-0.3623834000, -0.4237604000, 0.0888700300, 0.8253530000)
(-0.3622205000, -0.4239257000, 0.0889012000, 0.8253362000)
(-0.3621527000, -0.4237483000, 0.0887278200, 0.8254757000)
(-0.3620225000, -0.4238316000, 0.0886188300, 0.8255018000)
(-0.3620318000, -0.4239121000, 0.0887344300, 0.8254439000)
(-0.3621540000, -0.4239222000, 0.0887206000, 0.8253866000)
(-0.3623759000, -0.4240095000, 0.0888608200, 0.8252293000)
(-0.3623418000, -0.4238928000, 0.0887994200, 0.8253109000)
(-0.3621419000, -0.4239541000, 0.0887410900, 0.8253734000)
(-0.3620221000, -0.4239967000, 0.0887200200, 0.8254063000)
(-0.3619902000, -0.4239072000, 0.0886697400, 0.8254718000)
(-0.3619986000, -0.4239490000, 0.0888000800, 0.8254325000)
(-0.3619681000, -0.4240250000, 0.0885741700, 0.8254311000)
(-0.3619149000, -0.4240380000, 0.0887142700, 0.8254328000)
(-0.3618195000, -0.4241119000, 0.0886458000, 0.8254439000)
(-0.3615536000, -0.4240820000, 0.0888128300, 0.8255579000)
(-0.3616048000, -0.4240560000, 0.0885970000, 0.8255720000)
(-0.3616605000, -0.4239915000, 0.0886278100, 0.8255774000)
(-0.3616459000, -0.4240256000, 0.0886485000, 0.8255641000)
(-0.3616868000, -0.4240194000, 0.0886436100, 0.8255498000)
(-0.3615125000, -0.4239866000, 0.0887223700, 0.8256346000)
(-0.3614492000, -0.4239973000, 0.0884988700, 0.8256809000)
(-0.3613903000, -0.4239421000, 0.0886782800, 0.8257157000)
(-0.3614919000, -0.4239533000, 0.0888101100, 0.8256512000)
(-0.3617387000, -0.4238853000, 0.0887840500, 0.8255808000)
(-0.3615857000, -0.4238306000, 0.0886990200, 0.8256851000)
(-0.3613950000, -0.4238554000, 0.0887661600, 0.8257486000)
(-0.3612379000, -0.4237842000, 0.0887610300, 0.8258545000)
(-0.3612125000, -0.4237407000, 0.0887067500, 0.8258938000)
(-0.3613997000, -0.4238234000, 0.0888356300, 0.8257556000)
(-0.3612525000, -0.4236436000, 0.0887065800, 0.8259261000)
(-0.3610855000, -0.4236541000, 0.0886808900, 0.8259965000)
(-0.3606666000, -0.4236969000, 0.0884770000, 0.8261794000)
(-0.3605994000, -0.4235503000, 0.0883278000, 0.8262998000)
(-0.3609779000, -0.4236250000, 0.0885473400, 0.8260728000)
(-0.3608756000, -0.4237775000, 0.0883550100, 0.8260598000)
(-0.3606015000, -0.4237725000, 0.0883967900, 0.8261777000)
(-0.3605133000, -0.4239644000, 0.0883663100, 0.8261210000)
(-0.3606094000, -0.4237912000, 0.0884639500, 0.8261574000)
(-0.3608111000, -0.4239230000, 0.0884475200, 0.8260035000)
(-0.3607471000, -0.4238870000, 0.0883562600, 0.8260596000)
(-0.3606843000, -0.4239713000, 0.0883817700, 0.8260410000)
(-0.3604497000, -0.4238875000, 0.0881144300, 0.8262150000)
(-0.3602454000, -0.4239306000, 0.0881413000, 0.8262792000)
(-0.3601423000, -0.4238530000, 0.0879834600, 0.8263807000)
(-0.3603392000, -0.4236825000, 0.0880846800, 0.8263715000)
(-0.3603772000, -0.4236138000, 0.0881371900, 0.8263846000)
(-0.3602107000, -0.4237681000, 0.0880815500, 0.8263840000)
(-0.3602654000, -0.4236675000, 0.0881660700, 0.8264027000)
(-0.3605163000, -0.4235474000, 0.0881591200, 0.8263556000)
(-0.3602693000, -0.4236920000, 0.0882931400, 0.8263748000)
(-0.3605476000, -0.4235494000, 0.0882452700, 0.8263317000)
(-0.3605868000, -0.4237757000, 0.0883963300, 0.8261825000)
(-0.3606711000, -0.4235884000, 0.0883244400, 0.8262494000)
(-0.3604849000, -0.4235741000, 0.0884124300, 0.8263285000)
(-0.3608618000, -0.4235743000, 0.0883984700, 0.8261654000)
(-0.3604182000, -0.4237421000, 0.0884238000, 0.8262703000)
(-0.3605581000, -0.4236941000, 0.0883393300, 0.8262429000)
(-0.3605561000, -0.4237348000, 0.0883981800, 0.8262166000)
(-0.3604715000, -0.4237137000, 0.0883808700, 0.8262662000)
(-0.3605467000, -0.4236712000, 0.0883394300, 0.8262596000)
(-0.3601747000, -0.4237598000, 0.0882209800, 0.8263891000)
(-0.3604770000, -0.4237058000, 0.0882335400, 0.8262836000)
(-0.3603401000, -0.4237708000, 0.0881905600, 0.8263146000)
(-0.3603256000, -0.4237889000, 0.0881915500, 0.8263115000)
(-0.3604274000, -0.4237401000, 0.0881807200, 0.8262933000)
(-0.3602290000, -0.4238824000, 0.0880576100, 0.8263200000)
(-0.3604386000, -0.4237433000, 0.0881407600, 0.8262910000)
(-0.3603240000, -0.4238752000, 0.0881113500, 0.8262765000)
(-0.3604958000, -0.4237896000, 0.0882264500, 0.8262331000)
(-0.3604912000, -0.4238295000, 0.0882887400, 0.8262081000)
(-0.3605578000, -0.4238228000, 0.0883001700, 0.8261812000)
(-0.3606901000, -0.4237922000, 0.0882615500, 0.8261433000)
(-0.3606006000, -0.4237658000, 0.0881743500, 0.8262053000)
(-0.3607686000, -0.4237155000, 0.0883348800, 0.8261405000)
(-0.3606302000, -0.4237328000, 0.0881993800, 0.8262066000)
(-0.3607368000, -0.4237749000, 0.0882917100, 0.8261286000)
(-0.3608548000, -0.4237788000, 0.0883382300, 0.8260700000)
(-0.3608124000, -0.4237528000, 0.0883015800, 0.8261059000)
(-0.3609438000, -0.4238045000, 0.0884113800, 0.8260101000)
(-0.3608552000, -0.4237556000, 0.0882875000, 0.8260872000)
(-0.3607197000, -0.4237297000, 0.0883123200, 0.8261570000)
(-0.3606884000, -0.4238038000, 0.0882796900, 0.8261362000)
(-0.3606270000, -0.4237545000, 0.0882727200, 0.8261890000)
(-0.3606752000, -0.4237152000, 0.0883155100, 0.8261836000)
(-0.3608829000, -0.4237182000, 0.0882546200, 0.8260978000)
(-0.3606513000, -0.4236547000, 0.0883996000, 0.8262160000)
(-0.3606884000, -0.4237707000, 0.0883203500, 0.8261488000)
(-0.3604615000, -0.4236297000, 0.0882179100, 0.8263311000)
(-0.3603129000, -0.4236866000, 0.0881619700, 0.8263726000)
(-0.3605289000, -0.4237456000, 0.0882726200, 0.8262364000)
(-0.3607350000, -0.4234684000, 0.0881721600, 0.8262993000)
(-0.3607106000, -0.4236509000, 0.0881480300, 0.8262190000)
(-0.3605832000, -0.4235556000, 0.0882847500, 0.8263088000)
(-0.3604547000, -0.4235996000, 0.0882971100, 0.8263410000)
(-0.3604926000, -0.4235984000, 0.0882001700, 0.8263354000)
(-0.3606966000, -0.4237239000, 0.0882215000, 0.8261797000)
(-0.3608628000, -0.4235815000, 0.0883704100, 0.8261643000)
(-0.3608585000, -0.4235833000, 0.0882985400, 0.8261729000)
(-0.3606967000, -0.4236476000, 0.0882687600, 0.8262138000)
(-0.3605732000, -0.4235993000, 0.0882109000, 0.8262987000)
(-0.3604439000, -0.4237327000, 0.0880759100, 0.8263010000)
(-0.3607366000, -0.4237109000, 0.0881372100, 0.8261780000)
(-0.3609337000, -0.4236740000, 0.0882814000, 0.8260954000)
(-0.3610851000, -0.4236979000, 0.0883708100, 0.8260075000)
(-0.3609313000, -0.4235255000, 0.0882047700, 0.8261808000)
(-0.3607751000, -0.4235814000, 0.0882806500, 0.8262123000)
(-0.3608167000, -0.4236227000, 0.0883262900, 0.8261681000)
(-0.3608492000, -0.4236455000, 0.0882998600, 0.8261450000)
(-0.3611946000, -0.4235988000, 0.0883053600, 0.8260174000)
(-0.3611934000, -0.4234168000, 0.0883780900, 0.8261034000)
(-0.3612990000, -0.4236234000, 0.0884691600, 0.8259416000)
(-0.3608840000, -0.4237893000, 0.0883479600, 0.8260509000)
(-0.3608671000, -0.4237323000, 0.0884009400, 0.8260818000)
(-0.3608530000, -0.4238162000, 0.0882909500, 0.8260567000)
(-0.3611303000, -0.4237749000, 0.0883691800, 0.8259484000)
(-0.3610393000, -0.4237175000, 0.0884186800, 0.8260123000)
(-0.3608070000, -0.4237866000, 0.0883054700, 0.8260904000)
(-0.3605984000, -0.4236889000, 0.0881000000, 0.8262537000)
(-0.3606120000, -0.4238122000, 0.0882308200, 0.8261704000)
(-0.3606440000, -0.4237718000, 0.0883411800, 0.8261654000)
(-0.3609270000, -0.4237408000, 0.0882327300, 0.8260693000)
(-0.3609741000, -0.4237622000, 0.0882344900, 0.8260375000)
(-0.3608996000, -0.4235844000, 0.0883976200, 0.8261439000)
(-0.3606677000, -0.4236293000, 0.0883123900, 0.8262312000)
(-0.3609743000, -0.4237168000, 0.0883472000, 0.8260487000)
(-0.3608503000, -0.4237075000, 0.0881870700, 0.8261247000)
(-0.3610344000, -0.4237204000, 0.0882105500, 0.8260352000)
(-0.3609073000, -0.4238369000, 0.0883563500, 0.8260154000)
(-0.3606770000, -0.4237148000, 0.0883811000, 0.8261759000)
(-0.3609761000, -0.4238134000, 0.0882950600, 0.8260038000)
(-0.3611026000, -0.4237870000, 0.0884439600, 0.8259462000)
(-0.3611648000, -0.4235729000, 0.0883254500, 0.8260416000)
(-0.3611190000, -0.4235534000, 0.0884088000, 0.8260626000)
(-0.3610599000, -0.4237810000, 0.0883601500, 0.8259769000)
(-0.3610478000, -0.4236509000, 0.0882900200, 0.8260565000)
(-0.3609383000, -0.4235886000, 0.0883019900, 0.8261349000)
(-0.3611922000, -0.4236602000, 0.0883351000, 0.8259838000)
(-0.3613875000, -0.4235048000, 0.0882903900, 0.8259828000)
(-0.3613378000, -0.4236393000, 0.0883239900, 0.8259320000)
(-0.3610653000, -0.4236178000, 0.0883019700, 0.8260645000)
(-0.3610580000, -0.4236841000, 0.0882034100, 0.8260443000)
(-0.3611851000, -0.4236746000, 0.0882963300, 0.8259836000)
(-0.3611731000, -0.4236873000, 0.0883839100, 0.8259730000)
(-0.3615180000, -0.4235623000, 0.0882927700, 0.8258960000)
(-0.3615278000, -0.4236048000, 0.0884318900, 0.8258550000)
(-0.3612525000, -0.4236173000, 0.0883716500, 0.8259755000)
(-0.3610657000, -0.4236394000, 0.0882848800, 0.8260551000)
(-0.3611369000, -0.4236652000, 0.0882673800, 0.8260126000)
(-0.3612847000, -0.4236358000, 0.0883395100, 0.8259553000)
(-0.3613128000, -0.4235780000, 0.0884306300, 0.8259630000)
(-0.3614042000, -0.4235657000, 0.0884279700, 0.8259295000)
(-0.3612872000, -0.4236978000, 0.0882599700, 0.8259310000)
(-0.3612426000, -0.4235366000, 0.0882951600, 0.8260294000)
(-0.3611249000, -0.4237745000, 0.0884684100, 0.8259403000)
(-0.3612172000, -0.4236003000, 0.0885943000, 0.8259757000)
(-0.3613564000, -0.4234502000, 0.0885237400, 0.8259994000)
(-0.3613451000, -0.4236128000, 0.0883074200, 0.8259441000)
(-0.3613838000, -0.4236419000, 0.0883524600, 0.8259075000)
(-0.3612091000, -0.4236689000, 0.0883051400, 0.8259751000)
(-0.3611074000, -0.4235514000, 0.0883480800, 0.8260753000)
(-0.3612949000, -0.4237868000, 0.0882151600, 0.8258867000)
(-0.3613431000, -0.4236257000, 0.0884202300, 0.8259263000)
(-0.3614102000, -0.4235449000, 0.0884381600, 0.8259365000)
(-0.3611520000, -0.4236019000, 0.0883910700, 0.8260252000)
(-0.3610655000, -0.4235899000, 0.0884206600, 0.8260660000)
(-0.3610736000, -0.4235884000, 0.0883305200, 0.8260729000)
(-0.3610591000, -0.4234630000, 0.0883806600, 0.8261383000)
(-0.3614207000, -0.4234007000, 0.0885025700, 0.8259990000)
(-0.3613219000, -0.4235852000, 0.0884154400, 0.8259569000)
(-0.3613188000, -0.4235252000, 0.0884105200, 0.8259896000)
(-0.3612428000, -0.4235502000, 0.0884714300, 0.8260035000)
(-0.3612181000, -0.4237075000, 0.0883729200, 0.8259441000)
(-0.3614002000, -0.4236095000, 0.0884391300, 0.8259076000)
(-0.3613878000, -0.4235949000, 0.0883933800, 0.8259255000)
(-0.3612500000, -0.4236813000, 0.0884076200, 0.8259399000)
(-0.3611003000, -0.4236074000, 0.0883807500, 0.8260462000)
(-0.3611170000, -0.4234872000, 0.0883046900, 0.8261086000)
(-0.3613439000, -0.4235736000, 0.0884000400, 0.8259549000)
(-0.3613693000, -0.4236543000, 0.0884377700, 0.8258983000)
(-0.3612118000, -0.4236730000, 0.0884058000, 0.8259611000)
(-0.3610548000, -0.4236757000, 0.0884613100, 0.8260224000)
(-0.3610412000, -0.4235483000, 0.0884193000, 0.8260981000)
(-0.3610965000, -0.4236069000, 0.0883417400, 0.8260522000)
(-0.3612673000, -0.4236640000, 0.0884123700, 0.8259407000)
(-0.3613833000, -0.4236109000, 0.0884425800, 0.8259140000)
(-0.3611060000, -0.4236479000, 0.0884081700, 0.8260199000)
(-0.3610144000, -0.4237761000, 0.0883595300, 0.8259994000)
(-0.3610909000, -0.4236697000, 0.0883190500, 0.8260249000)
(-0.3613688000, -0.4236681000, 0.0884655600, 0.8258885000)
(-0.3614634000, -0.4236694000, 0.0885132800, 0.8258413000)
(-0.3613237000, -0.4236797000, 0.0885353800, 0.8258948000)
(-0.3611625000, -0.4236459000, 0.0884739500, 0.8259892000)
(-0.3611202000, -0.4236856000, 0.0884055000, 0.8259947000)
(-0.3610913000, -0.4237609000, 0.0883325000, 0.8259765000)
(-0.3612210000, -0.4236720000, 0.0884650400, 0.8259512000)
(-0.3614007000, -0.4236687000, 0.0884552600, 0.8258753000)
(-0.3613695000, -0.4236073000, 0.0885964300, 0.8259054000)
(-0.3611657000, -0.4236045000, 0.0885522400, 0.8260006000)
(-0.3611074000, -0.4238540000, 0.0884609600, 0.8259079000)
(-0.3610450000, -0.4237791000, 0.0884519500, 0.8259746000)
(-0.3612491000, -0.4238253000, 0.0885393200, 0.8258523000)
(-0.3614733000, -0.4237794000, 0.0884898300, 0.8257831000)
(-0.3613224000, -0.4238058000, 0.0886176800, 0.8258218000)
(-0.3612030000, -0.4237021000, 0.0885616500, 0.8259333000)
(-0.3610280000, -0.4237861000, 0.0885064800, 0.8259726000)
(-0.3607888000, -0.4237739000, 0.0883385500, 0.8261014000)
(-0.3610211000, -0.4236547000, 0.0884966500, 0.8260441000)
(-0.3611110000, -0.4238252000, 0.0885342100, 0.8259133000)
(-0.3613251000, -0.4237170000, 0.0884604300, 0.8258831000)
(-0.3612535000, -0.4237332000, 0.0884166400, 0.8259108000)
(-0.3609945000, -0.4237468000, 0.0885073700, 0.8260073000)
(-0.3610138000, -0.4237456000, 0.0884126100, 0.8260096000)
(-0.3612323000, -0.4236503000, 0.0885193700, 0.8259516000)
(-0.3613177000, -0.4236459000, 0.0885880000, 0.8259091000)
(-0.3611949000, -0.4236715000, 0.0884427300, 0.8259653000)
(-0.3611623000, -0.4236807000, 0.0885287900, 0.8259656000)
(-0.3609392000, -0.4236937000, 0.0884640100, 0.8260634000)
(-0.3611667000, -0.4237485000, 0.0885931900, 0.8259220000)
(-0.3612625000, -0.4238025000, 0.0886013200, 0.8258515000)
(-0.3610179000, -0.4238413000, 0.0884726900, 0.8259523000)
(-0.3610683000, -0.4237463000, 0.0884284500, 0.8259838000)
(-0.3608634000, -0.4238127000, 0.0883350700, 0.8260492000)
(-0.3611357000, -0.4237356000, 0.0884704800, 0.8259553000)
(-0.3612616000, -0.4237247000, 0.0884888000, 0.8259039000)
(-0.3611467000, -0.4238278000, 0.0883567100, 0.8259153000)
(-0.3610392000, -0.4238168000, 0.0885155500, 0.8259510000)
(-0.3609358000, -0.4237417000, 0.0885060400, 0.8260358000)
(-0.3608695000, -0.4238584000, 0.0885371900, 0.8260015000)
(-0.3610498000, -0.4238613000, 0.0886358200, 0.8259106000)
(-0.3611868000, -0.4237426000, 0.0886315100, 0.8259121000)
(-0.3613497000, -0.4237606000, 0.0885326000, 0.8258423000)
(-0.3611999000, -0.4238645000, 0.0885346200, 0.8258542000)
(-0.3611888000, -0.4238014000, 0.0885876700, 0.8258858000)
(-0.3610221000, -0.4238904000, 0.0885062000, 0.8259217000)
(-0.3612250000, -0.4237186000, 0.0885282200, 0.8259188000)
(-0.3612662000, -0.4237769000, 0.0885905800, 0.8258642000)
(-0.3612850000, -0.4236443000, 0.0886188500, 0.8259209000)
(-0.3610786000, -0.4238823000, 0.0885752700, 0.8258938000)
(-0.3609634000, -0.4237033000, 0.0885812200, 0.8260353000)
(-0.3610700000, -0.4237078000, 0.0884057600, 0.8260052000)
(-0.3611534000, -0.4237921000, 0.0885580600, 0.8259093000)
(-0.3615234000, -0.4236990000, 0.0886614300, 0.8257840000)
(-0.3614549000, -0.4236889000, 0.0887275900, 0.8258120000)
(-0.3613959000, -0.4235748000, 0.0885535700, 0.8259151000)
(-0.3611331000, -0.4237759000, 0.0886031300, 0.8259215000)
(-0.3609124000, -0.4237892000, 0.0886484800, 0.8260063000)
(-0.3610050000, -0.4237832000, 0.0884003100, 0.8259955000)
(-0.3609150000, -0.4237822000, 0.0885564200, 0.8260186000)
(-0.3612679000, -0.4236195000, 0.0885119600, 0.8259526000)
(-0.3612181000, -0.4236841000, 0.0884205400, 0.8259510000)
(-0.3608383000, -0.4237496000, 0.0883621900, 0.8260897000)
(-0.3607109000, -0.4236654000, 0.0884209600, 0.8261822000)
(-0.3607108000, -0.4237143000, 0.0883435700, 0.8261654000)
(-0.3611181000, -0.4236393000, 0.0884707700, 0.8260124000)
(-0.3613706000, -0.4237571000, 0.0884861400, 0.8258398000)
(-0.3611416000, -0.4237449000, 0.0885338000, 0.8259411000)
(-0.3609323000, -0.4236321000, 0.0884002700, 0.8261048000)
(-0.3610485000, -0.4237565000, 0.0883262600, 0.8259981000)
(-0.3609469000, -0.4237474000, 0.0883204200, 0.8260478000)
(-0.3611519000, -0.4236018000, 0.0885084800, 0.8260128000)
(-0.3612416000, -0.4237655000, 0.0883835000, 0.8259029000)
(-0.3611821000, -0.4237629000, 0.0884951800, 0.8259183000)
(-0.3610251000, -0.4238323000, 0.0884339800, 0.8259580000)
(-0.3613023000, -0.4237398000, 0.0884667600, 0.8258806000)
(-0.3611507000, -0.4239031000, 0.0884126900, 0.8258690000)
(-0.3610391000, -0.4237579000, 0.0884718100, 0.8259859000)
(-0.3608938000, -0.4238491000, 0.0883673900, 0.8260139000)
(-0.3608693000, -0.4238899000, 0.0884119000, 0.8259988000)
(-0.3611713000, -0.4238896000, 0.0883493600, 0.8258737000)
(-0.3611705000, -0.4237420000, 0.0884278900, 0.8259414000)
(-0.3611147000, -0.4237927000, 0.0884527200, 0.8259371000)
(-0.3610047000, -0.4237798000, 0.0884518500, 0.8259918000)
(-0.3609185000, -0.4238357000, 0.0884380000, 0.8260024000)
(-0.3609740000, -0.4238032000, 0.0884091800, 0.8259978000)
(-0.3611495000, -0.4238393000, 0.0884165200, 0.8259018000)
(-0.3612485000, -0.4238388000, 0.0885797700, 0.8258413000)
(-0.3613712000, -0.4237763000, 0.0885108300, 0.8258271000)
(-0.3610579000, -0.4237976000, 0.0886627300, 0.8259369000)
(-0.3609812000, -0.4238420000, 0.0885387100, 0.8259609000)
(-0.3611109000, -0.4238597000, 0.0884794300, 0.8259015000)
(-0.3610853000, -0.4238324000, 0.0884983600, 0.8259247000)
(-0.3612379000, -0.4237281000, 0.0884993600, 0.8259113000)
(-0.3613246000, -0.4237593000, 0.0886223100, 0.8258443000)
(-0.3612324000, -0.4238593000, 0.0885324000, 0.8258429000)
(-0.3611556000, -0.4237804000, 0.0884706400, 0.8259236000)
(-0.3612699000, -0.4237991000, 0.0886469100, 0.8258451000)
(-0.3613424000, -0.4237978000, 0.0887279700, 0.8258053000)
(-0.3612260000, -0.4237175000, 0.0886047300, 0.8259107000)
(-0.3611569000, -0.4237080000, 0.0886109800, 0.8259451000)
(-0.3609694000, -0.4238524000, 0.0886280000, 0.8259512000)
(-0.3612271000, -0.4237002000, 0.0886353500, 0.8259158000)
(-0.3609916000, -0.4238141000, 0.0884588700, 0.8259792000)
(-0.3613637000, -0.4237405000, 0.0886076200, 0.8258384000)
(-0.3610040000, -0.4239050000, 0.0885141300, 0.8259213000)
(-0.3611672000, -0.4238298000, 0.0885584700, 0.8258838000)
(-0.3613917000, -0.4237239000, 0.0884939800, 0.8258468000)
(-0.3611472000, -0.4238890000, 0.0885515900, 0.8258629000)
(-0.3614186000, -0.4237174000, 0.0885720400, 0.8258300000)
(-0.3611771000, -0.4238815000, 0.0885700600, 0.8258516000)
(-0.3613866000, -0.4238606000, 0.0885402500, 0.8257739000)
(-0.3613547000, -0.4238065000, 0.0885576600, 0.8258138000)
(-0.3611762000, -0.4237635000, 0.0886037900, 0.8259090000)
(-0.3613871000, -0.4236772000, 0.0886910800, 0.8258516000)
(-0.3614708000, -0.4238435000, 0.0886327500, 0.8257360000)
(-0.3611565000, -0.4237386000, 0.0885730800, 0.8259337000)
(-0.3615254000, -0.4236158000, 0.0885804500, 0.8258345000)
(-0.3611266000, -0.4237272000, 0.0885042700, 0.8259600000)
(-0.3613875000, -0.4238059000, 0.0885403500, 0.8258016000)
(-0.3614492000, -0.4238757000, 0.0884607500, 0.8257473000)
(-0.3612182000, -0.4237956000, 0.0885160900, 0.8258836000)
(-0.3614787000, -0.4237563000, 0.0885960000, 0.8257812000)
(-0.3611992000, -0.4239420000, 0.0884837600, 0.8258201000)
(-0.3611827000, -0.4238251000, 0.0883599100, 0.8259007000)
(-0.3614280000, -0.4238479000, 0.0885558000, 0.8257607000)
(-0.3611888000, -0.4238763000, 0.0885024000, 0.8258564000)
(-0.3611648000, -0.4238766000, 0.0884351400, 0.8258740000)
(-0.3613587000, -0.4238573000, 0.0885716100, 0.8257844000)
(-0.3613770000, -0.4238867000, 0.0886169200, 0.8257565000)
(-0.3615841000, -0.4238827000, 0.0884749700, 0.8256831000)
(-0.3615127000, -0.4238554000, 0.0884954300, 0.8257262000)
(-0.3612846000, -0.4240233000, 0.0885817300, 0.8257306000)
(-0.3613963000, -0.4238669000, 0.0885824800, 0.8257620000)
(-0.3612652000, -0.4239088000, 0.0884083400, 0.8258165000)
(-0.3611491000, -0.4238564000, 0.0886282100, 0.8258705000)
(-0.3613746000, -0.4238569000, 0.0885406800, 0.8257810000)
(-0.3612517000, -0.4236962000, 0.0886088700, 0.8259099000)
(-0.3613126000, -0.4237401000, 0.0885172900, 0.8258706000)
(-0.3614031000, -0.4237798000, 0.0886694700, 0.8257944000)
(-0.3612543000, -0.4237981000, 0.0884720200, 0.8258712000)
(-0.3613681000, -0.4237920000, 0.0886021700, 0.8258106000)
(-0.3612842000, -0.4237981000, 0.0885638100, 0.8258483000)
(-0.3611266000, -0.4237438000, 0.0884406700, 0.8259583000)
(-0.3613546000, -0.4238508000, 0.0885560100, 0.8257912000)
(-0.3612510000, -0.4240054000, 0.0884976500, 0.8257635000)
(-0.3613893000, -0.4238620000, 0.0885156900, 0.8257746000)
(-0.3612375000, -0.4239383000, 0.0884699800, 0.8258068000)
(-0.3612959000, -0.4238452000, 0.0885594900, 0.8258194000)
(-0.3613578000, -0.4239215000, 0.0884458100, 0.8257654000)
(-0.3612990000, -0.4239410000, 0.0885790700, 0.8257669000)
(-0.3612067000, -0.4238421000, 0.0884161700, 0.8258755000)
(-0.3614171000, -0.4238840000, 0.0884114700, 0.8257623000)
(-0.3612856000, -0.4239348000, 0.0886138600, 0.8257722000)
(-0.3615414000, -0.4239030000, 0.0884917200, 0.8256896000)
(-0.3615683000, -0.4238367000, 0.0886280900, 0.8256972000)
(-0.3612416000, -0.4239510000, 0.0884783300, 0.8257976000)
(-0.3614511000, -0.4239259000, 0.0885561300, 0.8257105000)
(-0.3612867000, -0.4238567000, 0.0884813000, 0.8258260000)
(-0.3613222000, -0.4239870000, 0.0885345400, 0.8257378000)
(-0.3612539000, -0.4239470000, 0.0885048000, 0.8257914000)
(-0.3614623000, -0.4239610000, 0.0886139700, 0.8256813000)
(-0.3616989000, -0.4237969000, 0.0885234500, 0.8256717000)
(-0.3611599000, -0.4239539000, 0.0886239800, 0.8258163000)
(-0.3613378000, -0.4237975000, 0.0886184200, 0.8258193000)
(-0.3614711000, -0.4240014000, 0.0885644700, 0.8256620000)
(-0.3613631000, -0.4240108000, 0.0885967500, 0.8257010000)
(-0.3613250000, -0.4239013000, 0.0883106500, 0.8258046000)
(-0.3611954000, -0.4239193000, 0.0885059200, 0.8258311000)
(-0.3611487000, -0.4239216000, 0.0885001100, 0.8258510000)
(-0.3614879000, -0.4238805000, 0.0885139600, 0.8257222000)
(-0.3613214000, -0.4238990000, 0.0884867800, 0.8257885000)
(-0.3611483000, -0.4238887000, 0.0885255300, 0.8258653000)
(-0.3615133000, -0.4238979000, 0.0885076700, 0.8257028000)
(-0.3613607000, -0.4237587000, 0.0885800400, 0.8258333000)
(-0.3613441000, -0.4238078000, 0.0885877600, 0.8258146000)
(-0.3614410000, -0.4238528000, 0.0886402400, 0.8257434000)
(-0.3610296000, -0.4238484000, 0.0886934700, 0.8259199000)
(-0.3613580000, -0.4238443000, 0.0886940400, 0.8257783000)
(-0.3611837000, -0.4238584000, 0.0886279000, 0.8258544000)
(-0.3613982000, -0.4238872000, 0.0887255100, 0.8257353000)
(-0.3616035000, -0.4238489000, 0.0886665600, 0.8256714000)
(-0.3612468000, -0.4238725000, 0.0886132300, 0.8258212000)
(-0.3614048000, -0.4239108000, 0.0886726000, 0.8257260000)
(-0.3615672000, -0.4239560000, 0.0886627400, 0.8256328000)
(-0.3612138000, -0.4239247000, 0.0886676100, 0.8258029000)
(-0.3614092000, -0.4238112000, 0.0886884900, 0.8257735000)
(-0.3612521000, -0.4239255000, 0.0885937600, 0.8257937000)
(-0.3611299000, -0.4236902000, 0.0884777500, 0.8259804000)
(-0.3610715000, -0.4239320000, 0.0885682300, 0.8258721000)
(-0.3613508000, -0.4238130000, 0.0886112500, 0.8258064000)
(-0.3614166000, -0.4236916000, 0.0886842300, 0.8258321000)
(-0.3612964000, -0.4238193000, 0.0885934900, 0.8258289000)
(-0.3612651000, -0.4238182000, 0.0887242900, 0.8258291000)
(-0.3610867000, -0.4238488000, 0.0886718500, 0.8258970000)
(-0.3611971000, -0.4238427000, 0.0887846800, 0.8258398000)
(-0.3611448000, -0.4237809000, 0.0887636500, 0.8258966000)
(-0.3613454000, -0.4237320000, 0.0887612200, 0.8258342000)
(-0.3609477000, -0.4237343000, 0.0885946000, 0.8260248000)
(-0.3610567000, -0.4236447000, 0.0886843900, 0.8260135000)
(-0.3609797000, -0.4236920000, 0.0886116400, 0.8260307000)
(-0.3609637000, -0.4235803000, 0.0886640600, 0.8260894000)
(-0.3611241000, -0.4236973000, 0.0887525100, 0.8259498000)
(-0.3612532000, -0.4237437000, 0.0887169800, 0.8258733000)
(-0.3614747000, -0.4237539000, 0.0890617000, 0.8257341000)
(-0.3616416000, -0.4236868000, 0.0893018600, 0.8256695000)
(-0.3621993000, -0.4236639000, 0.0892337000, 0.8254441000)
(-0.3623899000, -0.4236178000, 0.0894446400, 0.8253613000)
(-0.3624827000, -0.4234779000, 0.0893581700, 0.8254016000)
(-0.3622756000, -0.4236233000, 0.0892091300, 0.8254341000)
(-0.3621413000, -0.4235216000, 0.0892613200, 0.8255396000)
(-0.3619430000, -0.4236004000, 0.0889079000, 0.8256242000)
(-0.3616745000, -0.4236353000, 0.0889339900, 0.8257212000)
(-0.3613788000, -0.4235879000, 0.0887777500, 0.8258918000)
(-0.3613407000, -0.4235321000, 0.0888776100, 0.8259263000)
(-0.3613809000, -0.4234302000, 0.0889751200, 0.8259504000)
(-0.3613563000, -0.4235073000, 0.0888841200, 0.8259315000)
(-0.3614650000, -0.4234930000, 0.0888764600, 0.8258921000)
(-0.3614271000, -0.4237567000, 0.0889107400, 0.8257697000)
(-0.3616014000, -0.4236042000, 0.0888547900, 0.8257776000)
(-0.3616621000, -0.4236797000, 0.0889163800, 0.8257058000)
(-0.3616379000, -0.4238729000, 0.0888192800, 0.8256276000)
(-0.3616810000, -0.4238776000, 0.0888173000, 0.8256065000)
(-0.3615539000, -0.4238286000, 0.0888216400, 0.8256869000)
(-0.3612003000, -0.4237859000, 0.0887252800, 0.8258740000)
(-0.3612183000, -0.4236867000, 0.0888429700, 0.8259043000)
(-0.3612006000, -0.4237902000, 0.0887891600, 0.8258647000)
(-0.3614093000, -0.4239721000, 0.0888358100, 0.8256750000)
(-0.3612937000, -0.4236996000, 0.0888084700, 0.8258684000)
(-0.3613257000, -0.4238427000, 0.0888414500, 0.8257774000)
(-0.3611131000, -0.4238199000, 0.0888144700, 0.8258850000)
(-0.3614881000, -0.4239019000, 0.0887790800, 0.8256826000)
(-0.3613442000, -0.4237968000, 0.0888613700, 0.8257907000)
(-0.3614594000, -0.4238458000, 0.0888391600, 0.8257175000)
(-0.3614706000, -0.4238411000, 0.0888042700, 0.8257188000)
(-0.3611472000, -0.4238537000, 0.0888762300, 0.8258461000)
(-0.3608193000, -0.4240080000, 0.0887281700, 0.8259261000)
(-0.3606030000, -0.4239014000, 0.0888368800, 0.8260636000)
(-0.3609047000, -0.4239448000, 0.0888294000, 0.8259104000)
(-0.3610898000, -0.4239988000, 0.0888056400, 0.8258044000)
(-0.3610731000, -0.4238025000, 0.0888912100, 0.8259032000)
(-0.3608709000, -0.4239790000, 0.0887750800, 0.8259134000)
(-0.3613455000, -0.4241325000, 0.0890109700, 0.8256017000)
(-0.3613643000, -0.4241394000, 0.0889043200, 0.8256014000)
(-0.3612003000, -0.4242251000, 0.0889199100, 0.8256275000)
(-0.3609923000, -0.4240628000, 0.0887508200, 0.8258200000)
(-0.3607238000, -0.4241471000, 0.0887205200, 0.8258973000)
(-0.3608013000, -0.4242601000, 0.0887695000, 0.8258001000)
(-0.3609447000, -0.4242110000, 0.0889612600, 0.8257420000)
(-0.3610305000, -0.4241737000, 0.0890550800, 0.8257136000)
(-0.3609778000, -0.4242290000, 0.0887250500, 0.8257437000)
(-0.3608827000, -0.4244145000, 0.0887948600, 0.8256825000)
(-0.3609322000, -0.4243291000, 0.0887012000, 0.8257148000)
(-0.3608033000, -0.4243261000, 0.0886727600, 0.8257757000)
(-0.3611028000, -0.4243092000, 0.0887765700, 0.8256423000)
(-0.3608419000, -0.4243098000, 0.0887730200, 0.8257564000)
(-0.3608013000, -0.4241904000, 0.0886500400, 0.8258487000)
(-0.3606957000, -0.4241142000, 0.0887225100, 0.8259262000)
(-0.3608876000, -0.4239687000, 0.0886992300, 0.8259196000)
(-0.3607326000, -0.4240662000, 0.0888527800, 0.8259208000)
(-0.3606619000, -0.4240307000, 0.0886129500, 0.8259956000)
(-0.3604538000, -0.4239933000, 0.0886699100, 0.8260996000)
(-0.3603043000, -0.4240873000, 0.0887612500, 0.8261067000)
(-0.3606212000, -0.4241166000, 0.0886644000, 0.8259637000)
(-0.3605651000, -0.4240609000, 0.0887479200, 0.8260079000)
(-0.3606717000, -0.4240992000, 0.0886298900, 0.8259544000)
(-0.3607141000, -0.4242100000, 0.0888032700, 0.8258603000)
(-0.3606402000, -0.4241973000, 0.0886990700, 0.8259103000)
(-0.3605941000, -0.4240659000, 0.0886211500, 0.8260062000)
(-0.3605090000, -0.4240982000, 0.0886932200, 0.8260191000)
(-0.3606279000, -0.4241252000, 0.0887551300, 0.8259467000)
(-0.3605993000, -0.4241745000, 0.0887580100, 0.8259335000)
(-0.3605416000, -0.4241572000, 0.0886914100, 0.8259748000)
(-0.3606607000, -0.4241505000, 0.0886895500, 0.8259264000)
(-0.3606121000, -0.4242064000, 0.0887838400, 0.8259088000)
(-0.3604642000, -0.4243041000, 0.0886459600, 0.8259379000)
(-0.3605572000, -0.4243382000, 0.0885571100, 0.8258894000)
(-0.3605261000, -0.4243296000, 0.0887235000, 0.8258895000)
(-0.3607290000, -0.4243492000, 0.0887918800, 0.8257835000)
(-0.3608749000, -0.4243658000, 0.0886133200, 0.8257304000)
(-0.3609139000, -0.4243375000, 0.0886742900, 0.8257213000)
(-0.3608612000, -0.4243752000, 0.0885483600, 0.8257385000)
(-0.3607021000, -0.4244786000, 0.0884966500, 0.8257605000)
(-0.3607218000, -0.4243786000, 0.0886467500, 0.8257871000)
(-0.3608398000, -0.4244303000, 0.0885432700, 0.8257201000)
(-0.3608963000, -0.4243816000, 0.0885640600, 0.8257182000)
(-0.3608843000, -0.4243338000, 0.0885871600, 0.8257455000)
(-0.3608590000, -0.4243588000, 0.0885651000, 0.8257462000)
(-0.3606846000, -0.4245036000, 0.0885041100, 0.8257545000)
(-0.3606159000, -0.4244362000, 0.0886197700, 0.8258067000)
(-0.3609852000, -0.4241782000, 0.0886108800, 0.8257788000)
(-0.3609428000, -0.4243481000, 0.0886395500, 0.8257070000)
(-0.3611037000, -0.4242704000, 0.0886199600, 0.8256787000)
(-0.3609699000, -0.4244005000, 0.0885425600, 0.8256786000)
(-0.3607789000, -0.4244213000, 0.0886494600, 0.8257400000)
(-0.3607134000, -0.4244463000, 0.0884348800, 0.8257787000)
(-0.3607981000, -0.4244840000, 0.0885806500, 0.8257067000)
(-0.3611097000, -0.4246020000, 0.0886180800, 0.8255057000)
(-0.3611947000, -0.4245827000, 0.0886317600, 0.8254770000)
(-0.3611211000, -0.4246289000, 0.0886074200, 0.8254882000)
(-0.3608942000, -0.4245470000, 0.0885737600, 0.8256330000)
(-0.3606266000, -0.4247468000, 0.0884748500, 0.8256578000)
(-0.3608429000, -0.4246329000, 0.0885224600, 0.8256168000)
(-0.3609816000, -0.4246902000, 0.0885546900, 0.8255232000)
(-0.3612196000, -0.4246320000, 0.0885095300, 0.8254539000)
(-0.3610822000, -0.4246989000, 0.0887040100, 0.8254587000)
(-0.3610182000, -0.4247083000, 0.0885409600, 0.8254994000)
(-0.3609087000, -0.4247215000, 0.0885932400, 0.8255349000)
(-0.3609149000, -0.4248556000, 0.0885849100, 0.8254641000)
(-0.3611875000, -0.4246925000, 0.0886147200, 0.8254256000)
(-0.3609369000, -0.4246657000, 0.0884888100, 0.8255625000)
(-0.3611451000, -0.4247259000, 0.0885248200, 0.8254365000)
(-0.3610233000, -0.4247154000, 0.0884619600, 0.8255020000)
(-0.3611101000, -0.4247446000, 0.0885497900, 0.8254396000)
(-0.3609749000, -0.4247072000, 0.0884174000, 0.8255322000)
(-0.3611551000, -0.4246325000, 0.0885220200, 0.8254805000)
(-0.3611225000, -0.4245816000, 0.0886899600, 0.8255029000)
(-0.3608497000, -0.4246385000, 0.0885180100, 0.8256114000)
(-0.3612410000, -0.4246379000, 0.0885372200, 0.8254385000)
(-0.3609281000, -0.4246652000, 0.0884451000, 0.8255712000)
(-0.3608687000, -0.4246618000, 0.0884338200, 0.8256001000)
(-0.3610976000, -0.4247136000, 0.0884619400, 0.8254704000)
(-0.3609507000, -0.4246499000, 0.0884979700, 0.8255636000)
(-0.3610984000, -0.4247177000, 0.0884304000, 0.8254713000)
(-0.3612347000, -0.4247739000, 0.0886922100, 0.8253547000)
(-0.3610375000, -0.4247644000, 0.0884864600, 0.8254679000)
(-0.3608079000, -0.4247933000, 0.0883904200, 0.8255637000)
(-0.3608029000, -0.4245768000, 0.0884463000, 0.8256713000)
(-0.3610818000, -0.4247173000, 0.0886013400, 0.8254604000)
(-0.3608246000, -0.4245889000, 0.0884094800, 0.8256596000)
(-0.3609978000, -0.4246911000, 0.0886553700, 0.8255049000)
(-0.3611205000, -0.4247704000, 0.0886872200, 0.8254070000)
(-0.3610955000, -0.4247801000, 0.0885184500, 0.8254310000)
(-0.3608401000, -0.4248523000, 0.0885034900, 0.8255072000)
(-0.3610300000, -0.4248438000, 0.0885715200, 0.8254212000)
(-0.3609244000, -0.4248785000, 0.0885182100, 0.8254553000)
(-0.3611793000, -0.4248656000, 0.0885761500, 0.8253441000)
(-0.3613090000, -0.4246714000, 0.0884990700, 0.8253956000)
(-0.3609876000, -0.4247599000, 0.0885650600, 0.8254836000)
(-0.3611853000, -0.4246709000, 0.0884864200, 0.8254514000)
(-0.3612376000, -0.4247790000, 0.0886699900, 0.8253531000)
(-0.3611849000, -0.4247933000, 0.0886683500, 0.8253691000)
(-0.3609908000, -0.4246255000, 0.0885065000, 0.8255577000)
(-0.3607419000, -0.4247909000, 0.0884387600, 0.8255886000)
(-0.3606559000, -0.4248067000, 0.0883571900, 0.8256268000)
(-0.3609077000, -0.4247017000, 0.0886076000, 0.8255439000)
(-0.3610788000, -0.4246654000, 0.0885429500, 0.8254948000)
(-0.3611068000, -0.4245347000, 0.0885698900, 0.8255469000)
(-0.3610118000, -0.4247122000, 0.0885432600, 0.8255000000)
(-0.3611017000, -0.4246979000, 0.0885404300, 0.8254682000)
(-0.3613279000, -0.4246625000, 0.0886056100, 0.8253805000)
(-0.3613079000, -0.4246116000, 0.0886535100, 0.8254103000)
(-0.3611045000, -0.4247674000, 0.0885493600, 0.8254303000)
(-0.3610440000, -0.4247042000, 0.0885626500, 0.8254879000)
(-0.3608081000, -0.4248024000, 0.0885250700, 0.8255445000)
(-0.3608829000, -0.4247727000, 0.0885319600, 0.8255264000)
(-0.3610071000, -0.4247983000, 0.0885735500, 0.8254544000)
(-0.3610387000, -0.4246719000, 0.0885367300, 0.8255095000)
(-0.3608924000, -0.4246978000, 0.0883401000, 0.8255813000)
(-0.3608598000, -0.4248715000, 0.0884795600, 0.8254913000)
(-0.3607144000, -0.4247724000, 0.0886190200, 0.8255908000)
(-0.3608778000, -0.4247814000, 0.0885638800, 0.8255207000)
(-0.3610725000, -0.4247040000, 0.0886817400, 0.8254628000)
(-0.3611711000, -0.4246948000, 0.0887386400, 0.8254182000)
(-0.3612280000, -0.4247240000, 0.0887026300, 0.8253822000)
(-0.3610819000, -0.4246448000, 0.0886934000, 0.8254879000)
(-0.3608055000, -0.4247721000, 0.0885450200, 0.8255591000)
(-0.3607110000, -0.4247774000, 0.0883630200, 0.8256172000)
(-0.3607934000, -0.4246686000, 0.0886015700, 0.8256117000)
(-0.3608840000, -0.4247090000, 0.0884622800, 0.8255661000)
(-0.3610433000, -0.4246143000, 0.0885885400, 0.8255316000)
(-0.3609053000, -0.4247504000, 0.0886571700, 0.8255146000)
(-0.3606723000, -0.4248329000, 0.0886645800, 0.8255733000)
(-0.3605909000, -0.4248072000, 0.0883532200, 0.8256553000)
(-0.3607840000, -0.4247224000, 0.0885581700, 0.8255927000)
(-0.3609166000, -0.4245506000, 0.0885845100, 0.8256203000)
(-0.3610580000, -0.4247566000, 0.0885970100, 0.8254511000)
(-0.3610405000, -0.4247059000, 0.0885274000, 0.8254923000)
(-0.3607706000, -0.4246199000, 0.0884822800, 0.8256594000)
(-0.3607628000, -0.4247721000, 0.0883942500, 0.8255939000)
(-0.3606064000, -0.4247871000, 0.0884937300, 0.8256439000)
(-0.3607774000, -0.4247150000, 0.0885270500, 0.8256027000)
(-0.3609627000, -0.4246852000, 0.0885497300, 0.8255346000)
(-0.3608747000, -0.4246981000, 0.0886503300, 0.8255557000)
(-0.3607003000, -0.4246173000, 0.0885539200, 0.8256838000)
(-0.3605422000, -0.4247937000, 0.0883678900, 0.8256820000)
(-0.3606419000, -0.4247633000, 0.0884016000, 0.8256505000)
(-0.3607846000, -0.4248292000, 0.0884783200, 0.8255461000)
(-0.3610589000, -0.4247015000, 0.0885094100, 0.8254884000)
(-0.3608224000, -0.4247585000, 0.0884669800, 0.8255671000)
(-0.3607487000, -0.4248263000, 0.0884926200, 0.8255616000)
(-0.3607040000, -0.4247508000, 0.0885003500, 0.8256192000)
(-0.3607306000, -0.4246659000, 0.0883772000, 0.8256644000)
(-0.3610955000, -0.4246173000, 0.0884731700, 0.8255196000)
(-0.3610877000, -0.4247235000, 0.0884629300, 0.8254696000)
(-0.3611848000, -0.4247200000, 0.0884095400, 0.8254346000)
(-0.3609289000, -0.4246906000, 0.0883790800, 0.8255649000)
(-0.3610494000, -0.4247317000, 0.0883780100, 0.8254911000)
(-0.3610977000, -0.4247206000, 0.0882733300, 0.8254870000)
(-0.3608747000, -0.4248949000, 0.0881728000, 0.8255055000)
(-0.3605639000, -0.4246750000, 0.0881738300, 0.8257543000)
(-0.3605692000, -0.4247423000, 0.0882178400, 0.8257127000)
(-0.3605772000, -0.4246789000, 0.0882873800, 0.8257344000)
(-0.3607317000, -0.4246899000, 0.0882750500, 0.8256626000)
(-0.3605704000, -0.4245572000, 0.0881933600, 0.8258100000)
(-0.3608885000, -0.4246445000, 0.0883273400, 0.8256118000)
(-0.3607299000, -0.4245943000, 0.0883687700, 0.8257025000)
(-0.3606118000, -0.4246117000, 0.0883250000, 0.8257498000)
(-0.3609718000, -0.4246306000, 0.0882838400, 0.8255872000)
(-0.3606371000, -0.4247879000, 0.0884240800, 0.8256375000)
(-0.3610345000, -0.4247180000, 0.0883531000, 0.8255073000)
(-0.3607045000, -0.4246067000, 0.0883920500, 0.8257048000)
(-0.3609937000, -0.4246254000, 0.0883614400, 0.8255720000)
(-0.3608921000, -0.4246275000, 0.0883904600, 0.8256122000)
(-0.3609118000, -0.4247362000, 0.0882908000, 0.8255584000)
(-0.3611186000, -0.4246352000, 0.0883551800, 0.8255130000)
(-0.3606740000, -0.4247000000, 0.0883706400, 0.8256723000)
(-0.3610379000, -0.4247379000, 0.0882561600, 0.8255061000)
(-0.3607994000, -0.4246753000, 0.0883666300, 0.8256307000)
(-0.3608239000, -0.4247667000, 0.0883434200, 0.8255755000)
(-0.3608765000, -0.4246729000, 0.0883869700, 0.8255960000)
(-0.3607124000, -0.4245302000, 0.0882390000, 0.8257569000)
(-0.3609248000, -0.4246605000, 0.0883442200, 0.8255859000)
(-0.3606841000, -0.4246035000, 0.0882107100, 0.8257347000)
(-0.3608691000, -0.4246482000, 0.0882576200, 0.8256258000)
(-0.3607789000, -0.4246572000, 0.0884764300, 0.8256372000)
(-0.3609285000, -0.4247377000, 0.0883758600, 0.8255411000)
(-0.3608539000, -0.4247531000, 0.0882249900, 0.8255821000)
(-0.3607554000, -0.4246130000, 0.0883368900, 0.8256852000)
(-0.3609714000, -0.4246787000, 0.0883996900, 0.8255502000)
(-0.3607176000, -0.4247671000, 0.0882464100, 0.8256320000)
(-0.3609956000, -0.4245974000, 0.0882962300, 0.8255926000)
(-0.3609209000, -0.4246610000, 0.0882328900, 0.8255993000)
(-0.3607320000, -0.4246851000, 0.0883241400, 0.8256596000)
(-0.3609118000, -0.4246446000, 0.0883276800, 0.8256015000)
(-0.3605964000, -0.4248674000, 0.0881718300, 0.8256413000)
(-0.3608394000, -0.4247835000, 0.0882646200, 0.8255685000)
(-0.3607120000, -0.4247812000, 0.0881848900, 0.8256338000)
(-0.3607446000, -0.4247557000, 0.0882408500, 0.8256267000)
(-0.3609121000, -0.4247611000, 0.0882814200, 0.8255464000)
(-0.3606733000, -0.4247351000, 0.0882009500, 0.8256727000)
(-0.3609092000, -0.4246462000, 0.0882820300, 0.8256067000)
(-0.3606113000, -0.4247159000, 0.0882474800, 0.8257048000)
(-0.3607038000, -0.4247612000, 0.0883181900, 0.8256335000)
(-0.3606366000, -0.4246624000, 0.0882167700, 0.8257245000)
(-0.3607149000, -0.4247015000, 0.0881769100, 0.8256744000)
(-0.3610552000, -0.4247620000, 0.0882335000, 0.8254885000)
(-0.3607803000, -0.4246508000, 0.0881490200, 0.8256750000)
(-0.3609725000, -0.4246902000, 0.0881924100, 0.8255661000)
(-0.3611023000, -0.4247741000, 0.0881556600, 0.8254700000)
(-0.3607129000, -0.4247973000, 0.0881992100, 0.8256236000)
(-0.3606778000, -0.4246848000, 0.0881639800, 0.8257006000)
(-0.3609756000, -0.4245355000, 0.0882283400, 0.8256404000)
(-0.3610701000, -0.4246423000, 0.0883075100, 0.8255357000)
(-0.3610720000, -0.4246785000, 0.0883522600, 0.8255114000)
(-0.3610519000, -0.4246683000, 0.0881702800, 0.8255449000)
(-0.3609074000, -0.4245395000, 0.0881061900, 0.8256812000)
(-0.3607599000, -0.4245583000, 0.0880864200, 0.8257381000)
(-0.3607906000, -0.4245640000, 0.0881268400, 0.8257174000)
(-0.3610070000, -0.4246653000, 0.0881236300, 0.8255711000)
(-0.3610849000, -0.4246217000, 0.0882636800, 0.8255445000)
(-0.3610350000, -0.4246587000, 0.0879887800, 0.8255766000)
(-0.3608253000, -0.4248378000, 0.0880492700, 0.8255697000)
(-0.3605804000, -0.4246917000, 0.0881717700, 0.8257387000)
(-0.3605115000, -0.4246221000, 0.0880726500, 0.8258152000)
(-0.3606415000, -0.4246590000, 0.0878455200, 0.8257636000)
(-0.3606721000, -0.4246851000, 0.0881357100, 0.8257059000)
(-0.3606056000, -0.4247246000, 0.0880741300, 0.8257213000)
(-0.3605474000, -0.4247012000, 0.0880712900, 0.8257591000)
(-0.3604109000, -0.4247396000, 0.0880013200, 0.8258063000)
(-0.3602932000, -0.4248040000, 0.0879712800, 0.8258278000)
(-0.3603964000, -0.4247745000, 0.0880473900, 0.8257897000)
(-0.3605387000, -0.4247140000, 0.0880712400, 0.8257562000)
(-0.3605732000, -0.4247420000, 0.0880889700, 0.8257248000)
(-0.3604199000, -0.4247599000, 0.0880301700, 0.8257889000)
(-0.3602056000, -0.4247879000, 0.0879826000, 0.8258730000)
(-0.3603789000, -0.4247701000, 0.0880337000, 0.8258011000)
(-0.3603249000, -0.4249721000, 0.0880274300, 0.8257214000)
(-0.3605486000, -0.4249189000, 0.0880288800, 0.8256510000)
(-0.3605345000, -0.4248725000, 0.0879878000, 0.8256854000)
(-0.3603655000, -0.4248764000, 0.0880965400, 0.8257456000)
(-0.3602290000, -0.4250235000, 0.0878263300, 0.8257582000)
(-0.3603537000, -0.4250316000, 0.0878144900, 0.8257009000)
(-0.3602972000, -0.4250401000, 0.0879596800, 0.8257057000)
(-0.3604508000, -0.4249146000, 0.0880174300, 0.8256971000)
(-0.3605611000, -0.4249694000, 0.0880033800, 0.8256223000)
(-0.3603900000, -0.4250769000, 0.0879540900, 0.8256469000)
(-0.3600974000, -0.4250384000, 0.0878612600, 0.8258042000)
(-0.3600983000, -0.4250072000, 0.0879148500, 0.8258142000)
(-0.3602068000, -0.4251386000, 0.0879834600, 0.8256919000)
(-0.3603404000, -0.4250928000, 0.0880067800, 0.8256548000)
(-0.3604555000, -0.4250785000, 0.0880095800, 0.8256116000)
(-0.3602965000, -0.4250219000, 0.0880215600, 0.8257088000)
(-0.3601040000, -0.4250396000, 0.0878456500, 0.8258024000)
(-0.3600520000, -0.4251100000, 0.0880284400, 0.8257694000)
(-0.3602901000, -0.4250894000, 0.0880697400, 0.8256717000)
(-0.3601526000, -0.4250593000, 0.0881175700, 0.8257421000)
(-0.3600506000, -0.4250239000, 0.0880330600, 0.8258138000)
(-0.3600266000, -0.4249064000, 0.0880854700, 0.8258792000)
(-0.3601237000, -0.4250306000, 0.0880698200, 0.8257746000)
(-0.3603545000, -0.4249910000, 0.0881184300, 0.8256891000)
(-0.3602426000, -0.4250247000, 0.0882064800, 0.8257112000)
(-0.3602845000, -0.4250109000, 0.0881892600, 0.8257018000)
(-0.3601845000, -0.4250528000, 0.0881223600, 0.8257310000)
(-0.3600599000, -0.4250701000, 0.0881985100, 0.8257683000)
(-0.3601960000, -0.4250391000, 0.0883104700, 0.8257130000)
(-0.3604458000, -0.4250937000, 0.0882121100, 0.8255864000)
(-0.3603910000, -0.4251204000, 0.0881599600, 0.8256021000)
(-0.3602556000, -0.4251337000, 0.0881796000, 0.8256522000)
(-0.3600605000, -0.4250351000, 0.0881738800, 0.8257887000)
(-0.3599103000, -0.4250384000, 0.0883823300, 0.8258302000)
(-0.3602419000, -0.4251791000, 0.0883349700, 0.8256183000)
(-0.3604760000, -0.4249725000, 0.0883047200, 0.8256257000)
(-0.3605748000, -0.4249612000, 0.0884199700, 0.8255760000)
(-0.3605109000, -0.4250324000, 0.0882944100, 0.8255807000)
(-0.3602923000, -0.4248687000, 0.0884129000, 0.8257477000)
(-0.3601727000, -0.4248995000, 0.0883082500, 0.8257952000)
(-0.3601652000, -0.4249997000, 0.0882879600, 0.8257491000)
(-0.3603686000, -0.4249807000, 0.0883282400, 0.8256658000)
(-0.3604053000, -0.4249213000, 0.0883776800, 0.8256751000)
(-0.3605032000, -0.4250240000, 0.0883085500, 0.8255869000)
(-0.3603351000, -0.4248535000, 0.0884024400, 0.8257380000)
(-0.3602957000, -0.4250157000, 0.0884040700, 0.8256715000)
(-0.3602433000, -0.4250450000, 0.0883195200, 0.8256883000)
(-0.3603263000, -0.4249559000, 0.0883556800, 0.8256941000)
(-0.3605303000, -0.4250753000, 0.0884788900, 0.8255304000)
(-0.3605120000, -0.4248586000, 0.0885015500, 0.8256475000)
(-0.3604690000, -0.4249762000, 0.0884565600, 0.8256105000)
(-0.3603027000, -0.4248829000, 0.0884271800, 0.8257343000)
(-0.3602110000, -0.4250063000, 0.0884396100, 0.8257095000)
(-0.3602925000, -0.4248421000, 0.0884102400, 0.8257616000)
(-0.3605197000, -0.4249900000, 0.0883600300, 0.8255917000)
(-0.3603985000, -0.4246960000, 0.0884584600, 0.8257853000)
(-0.3604431000, -0.4249000000, 0.0885151300, 0.8256549000)
(-0.3603190000, -0.4249239000, 0.0882992400, 0.8257198000)
(-0.3601615000, -0.4249425000, 0.0883743000, 0.8257709000)
(-0.3601093000, -0.4248853000, 0.0883487700, 0.8258258000)
(-0.3603800000, -0.4249588000, 0.0882166500, 0.8256840000)
(-0.3605588000, -0.4248230000, 0.0883188500, 0.8256649000)
(-0.3605647000, -0.4249252000, 0.0884020900, 0.8256009000)
(-0.3602855000, -0.4250476000, 0.0883076100, 0.8256698000)
(-0.3605510000, -0.4248127000, 0.0884134400, 0.8256635000)
(-0.3605371000, -0.4249736000, 0.0883679500, 0.8255917000)
(-0.3603831000, -0.4250900000, 0.0884654000, 0.8255885000)
(-0.3603164000, -0.4251310000, 0.0883729400, 0.8256064000)
(-0.3603793000, -0.4249670000, 0.0884673600, 0.8256533000)
(-0.3602967000, -0.4251313000, 0.0883866000, 0.8256134000)
(-0.3604079000, -0.4250590000, 0.0885006100, 0.8255899000)
(-0.3603689000, -0.4250774000, 0.0883433000, 0.8256142000)
(-0.3607118000, -0.4250681000, 0.0884083800, 0.8254624000)
(-0.3603268000, -0.4250360000, 0.0883271600, 0.8256557000)
(-0.3605827000, -0.4250898000, 0.0884262500, 0.8255057000)
(-0.3603157000, -0.4252087000, 0.0884691600, 0.8255564000)
(-0.3603561000, -0.4250601000, 0.0883751100, 0.8256254000)
(-0.3603539000, -0.4251138000, 0.0884002700, 0.8255960000)
(-0.3601462000, -0.4252153000, 0.0883239800, 0.8256425000)
(-0.3605486000, -0.4251798000, 0.0883072400, 0.8254870000)
(-0.3601245000, -0.4251957000, 0.0883300800, 0.8256614000)
(-0.3605616000, -0.4251323000, 0.0882919700, 0.8255073000)
(-0.3603636000, -0.4252388000, 0.0883628200, 0.8255314000)
(-0.3604210000, -0.4251988000, 0.0884558900, 0.8255170000)
(-0.3605262000, -0.4251868000, 0.0884283800, 0.8254802000)
(-0.3602646000, -0.4251756000, 0.0883066900, 0.8256131000)
(-0.3605422000, -0.4251487000, 0.0883838800, 0.8254976000)
(-0.3602236000, -0.4251707000, 0.0884688600, 0.8256162000)
(-0.3605546000, -0.4252066000, 0.0883742900, 0.8254633000)
(-0.3602099000, -0.4250697000, 0.0882543000, 0.8256972000)
(-0.3605151000, -0.4251148000, 0.0883384600, 0.8255317000)
(-0.3601863000, -0.4251825000, 0.0883742700, 0.8256365000)
(-0.3603466000, -0.4251494000, 0.0883895200, 0.8255820000)
(-0.3601742000, -0.4250869000, 0.0883579000, 0.8256928000)
(-0.3603890000, -0.4250569000, 0.0883085800, 0.8256198000)
(-0.3603399000, -0.4250287000, 0.0883484500, 0.8256515000)
(-0.3604686000, -0.4250363000, 0.0884220700, 0.8255835000)
(-0.3606804000, -0.4250750000, 0.0884978800, 0.8254630000)
(-0.3604271000, -0.4251361000, 0.0883846100, 0.8255543000)
(-0.3603740000, -0.4250681000, 0.0884464800, 0.8256058000)
(-0.3604996000, -0.4251391000, 0.0885193000, 0.8255066000)
(-0.3603599000, -0.4251919000, 0.0883873900, 0.8255545000)
(-0.3602957000, -0.4251404000, 0.0884964100, 0.8255974000)
(-0.3604028000, -0.4251904000, 0.0884004600, 0.8255352000)
(-0.3606118000, -0.4250429000, 0.0885888600, 0.8254997000)
(-0.3605747000, -0.4252313000, 0.0884145100, 0.8254375000)
(-0.3605868000, -0.4251458000, 0.0885535600, 0.8254614000)
(-0.3603895000, -0.4251149000, 0.0883721500, 0.8255829000)
(-0.3603646000, -0.4250913000, 0.0884218100, 0.8256006000)
(-0.3601325000, -0.4250532000, 0.0884361000, 0.8257200000)
(-0.3602473000, -0.4250672000, 0.0884643000, 0.8256596000)
(-0.3603806000, -0.4252404000, 0.0886011500, 0.8254976000)
(-0.3604518000, -0.4249614000, 0.0885578400, 0.8256148000)
(-0.3602821000, -0.4250514000, 0.0884427200, 0.8256549000)
(-0.3602279000, -0.4251062000, 0.0886384200, 0.8256294000)
(-0.3601897000, -0.4249812000, 0.0886275500, 0.8257115000)
(-0.3600999000, -0.4249997000, 0.0885766800, 0.8257466000)
(-0.3602175000, -0.4251665000, 0.0885002500, 0.8256177000)
(-0.3603098000, -0.4250824000, 0.0884838800, 0.8256224000)
(-0.3604950000, -0.4249530000, 0.0886383400, 0.8255916000)
(-0.3604327000, -0.4250949000, 0.0885119700, 0.8255594000)
(-0.3603174000, -0.4250891000, 0.0885671700, 0.8256068000)
(-0.3600780000, -0.4252204000, 0.0885784900, 0.8256423000)
(-0.3601619000, -0.4251071000, 0.0883551900, 0.8256880000)
(-0.3602428000, -0.4250497000, 0.0883628000, 0.8256815000)
(-0.3603227000, -0.4250718000, 0.0885724800, 0.8256128000)
(-0.3602862000, -0.4250668000, 0.0884826500, 0.8256409000)
(-0.3602573000, -0.4249431000, 0.0885747900, 0.8257073000)
(-0.3602012000, -0.4251665000, 0.0885628700, 0.8256181000)
(-0.3601724000, -0.4250849000, 0.0884604300, 0.8256837000)
(-0.3601855000, -0.4249770000, 0.0883830400, 0.8257418000)
(-0.3602293000, -0.4250940000, 0.0885869000, 0.8256406000)
(-0.3601995000, -0.4249171000, 0.0884149600, 0.8257630000)
(-0.3603707000, -0.4249640000, 0.0884853700, 0.8256567000)
(-0.3604460000, -0.4250011000, 0.0884525000, 0.8256083000)
(-0.3602297000, -0.4249778000, 0.0883569100, 0.8257248000)
(-0.3601828000, -0.4250007000, 0.0881931500, 0.8257510000)
(-0.3601569000, -0.4249174000, 0.0883318800, 0.8257903000)
(-0.3602052000, -0.4250160000, 0.0883891600, 0.8257124000)
(-0.3602190000, -0.4248748000, 0.0884122300, 0.8257766000)
(-0.3603691000, -0.4248969000, 0.0884002100, 0.8257010000)
(-0.3603792000, -0.4249697000, 0.0884425000, 0.8256546000)
(-0.3601931000, -0.4250056000, 0.0884666300, 0.8257148000)
(-0.3602548000, -0.4248457000, 0.0884923300, 0.8257674000)
(-0.3600527000, -0.4250419000, 0.0883959600, 0.8257648000)
(-0.3600758000, -0.4250422000, 0.0883193300, 0.8257628000)
(-0.3603001000, -0.4250750000, 0.0883763600, 0.8256420000)
(-0.3604170000, -0.4249964000, 0.0885094900, 0.8256172000)
(-0.3601838000, -0.4249815000, 0.0883666400, 0.8257419000)
(-0.3601780000, -0.4250567000, 0.0882822800, 0.8257148000)
(-0.3602985000, -0.4248978000, 0.0882699800, 0.8257453000)
(-0.3603668000, -0.4248370000, 0.0882958800, 0.8257440000)
(-0.3603221000, -0.4250832000, 0.0884040100, 0.8256252000)
(-0.3603134000, -0.4249390000, 0.0883848100, 0.8257053000)
(-0.3601536000, -0.4248451000, 0.0882992200, 0.8258325000)
(-0.3602213000, -0.4249090000, 0.0883021400, 0.8257698000)
(-0.3602451000, -0.4248623000, 0.0882280300, 0.8257913000)
(-0.3601166000, -0.4249471000, 0.0883738400, 0.8257881000)
(-0.3603811000, -0.4248637000, 0.0882878900, 0.8257250000)
(-0.3605003000, -0.4249479000, 0.0883882700, 0.8256188000)
(-0.3603367000, -0.4249002000, 0.0883543000, 0.8257183000)
(-0.3603697000, -0.4248988000, 0.0883091800, 0.8257096000)
(-0.3600529000, -0.4249812000, 0.0883471100, 0.8258013000)
(-0.3600622000, -0.4250094000, 0.0882887100, 0.8257889000)
(-0.3601461000, -0.4249919000, 0.0882633300, 0.8257641000)
(-0.3601597000, -0.4248443000, 0.0883076200, 0.8258293000)
(-0.3603126000, -0.4247810000, 0.0884183000, 0.8257834000)
(-0.3601599000, -0.4249238000, 0.0886313200, 0.8257537000)
(-0.3603155000, -0.4248331000, 0.0884165300, 0.8257555000)
(-0.3601794000, -0.4247751000, 0.0887890800, 0.8258047000)
(-0.3601446000, -0.4248954000, 0.0884796200, 0.8257912000)
(-0.3602124000, -0.4248267000, 0.0886081700, 0.8257832000)
(-0.3603602000, -0.4247687000, 0.0885012300, 0.8257601000)
(-0.3604210000, -0.4248349000, 0.0885502100, 0.8256942000)
(-0.3603966000, -0.4249373000, 0.0885038200, 0.8256571000)
(-0.3603761000, -0.4249195000, 0.0883925700, 0.8256872000)
(-0.3602834000, -0.4249690000, 0.0883182600, 0.8257101000)
(-0.3599627000, -0.4249237000, 0.0884012100, 0.8258644000)
(-0.3601446000, -0.4248874000, 0.0884637200, 0.8257970000)
(-0.3601620000, -0.4249338000, 0.0882557000, 0.8257878000)
(-0.3602223000, -0.4248468000, 0.0885945700, 0.8257700000)
(-0.3602758000, -0.4249047000, 0.0885198300, 0.8257250000)
(-0.3600135000, -0.4249248000, 0.0883874000, 0.8258432000)
(-0.3601427000, -0.4248896000, 0.0883662600, 0.8258072000)
(-0.3600065000, -0.4249162000, 0.0884802700, 0.8258407000)
(-0.3600135000, -0.4249443000, 0.0884185700, 0.8258298000)
(-0.3602200000, -0.4248739000, 0.0884668400, 0.8257707000)
(-0.3602076000, -0.4248833000, 0.0885586200, 0.8257615000)
(-0.3600945000, -0.4248825000, 0.0885634500, 0.8258108000)
(-0.3600785000, -0.4248334000, 0.0885011800, 0.8258497000)
(-0.3601961000, -0.4248411000, 0.0884614400, 0.8257987000)
(-0.3601402000, -0.4248160000, 0.0884873700, 0.8258332000)
(-0.3602800000, -0.4248684000, 0.0885104500, 0.8257427000)
(-0.3603242000, -0.4247980000, 0.0884862600, 0.8257623000)
(-0.3602377000, -0.4248037000, 0.0884426200, 0.8258018000)
(-0.3602143000, -0.4248932000, 0.0885189900, 0.8257577000)
(-0.3603445000, -0.4248079000, 0.0884047200, 0.8257571000)
(-0.3602030000, -0.4248270000, 0.0885347900, 0.8257951000)
(-0.3603658000, -0.4247789000, 0.0884440500, 0.8257585000)
(-0.3603153000, -0.4247985000, 0.0884633700, 0.8257684000)
(-0.3602673000, -0.4247775000, 0.0884867900, 0.8257976000)
(-0.3602823000, -0.4249377000, 0.0885750400, 0.8256992000)
(-0.3602017000, -0.4248974000, 0.0885471600, 0.8257580000)
(-0.3603977000, -0.4248682000, 0.0886213600, 0.8256796000)
(-0.3601745000, -0.4248839000, 0.0884872100, 0.8257833000)
(-0.3603611000, -0.4248247000, 0.0887023000, 0.8257093000)
(-0.3602284000, -0.4249382000, 0.0885946900, 0.8257203000)
(-0.3603679000, -0.4248226000, 0.0886409100, 0.8257140000)
(-0.3603614000, -0.4248595000, 0.0886356600, 0.8256984000)
(-0.3603289000, -0.4249218000, 0.0886104000, 0.8256832000)
(-0.3604433000, -0.4248500000, 0.0885925400, 0.8256721000)
(-0.3602930000, -0.4248164000, 0.0886476800, 0.8257492000)
(-0.3604830000, -0.4248218000, 0.0887423200, 0.8256533000)
(-0.3602902000, -0.4250096000, 0.0885811100, 0.8256580000)
(-0.3604548000, -0.4248475000, 0.0886989500, 0.8256570000)
(-0.3602683000, -0.4249034000, 0.0885809400, 0.8257223000)
(-0.3603742000, -0.4249674000, 0.0886213600, 0.8256388000)
(-0.3603687000, -0.4249206000, 0.0887062400, 0.8256562000)
(-0.3602845000, -0.4248981000, 0.0886837800, 0.8257069000)
(-0.3604569000, -0.4248722000, 0.0886997200, 0.8256433000)
(-0.3602293000, -0.4249460000, 0.0886674400, 0.8257081000)
(-0.3603707000, -0.4248665000, 0.0887120800, 0.8256825000)
(-0.3602910000, -0.4249224000, 0.0886663100, 0.8256934000)
(-0.3603724000, -0.4248920000, 0.0888064000, 0.8256586000)
(-0.3603243000, -0.4248239000, 0.0887807500, 0.8257173000)
(-0.3602501000, -0.4248456000, 0.0887342200, 0.8257435000)
(-0.3602710000, -0.4248213000, 0.0886860200, 0.8257521000)
(-0.3600953000, -0.4248946000, 0.0886260400, 0.8257974000)
(-0.3602776000, -0.4248209000, 0.0886329000, 0.8257551000)
(-0.3601505000, -0.4248899000, 0.0886402700, 0.8257743000)
(-0.3602116000, -0.4248218000, 0.0885837600, 0.8257887000)
(-0.3602401000, -0.4248550000, 0.0885975700, 0.8257577000)
(-0.3600878000, -0.4248872000, 0.0885787500, 0.8258096000)
(-0.3601864000, -0.4248263000, 0.0886077700, 0.8257948000)
(-0.3600534000, -0.4247949000, 0.0886357700, 0.8258660000)
(-0.3602471000, -0.4247938000, 0.0886577700, 0.8257797000)
(-0.3600774000, -0.4248309000, 0.0885552000, 0.8258456000)
(-0.3601457000, -0.4247093000, 0.0885168800, 0.8258825000)
(-0.3601855000, -0.4248271000, 0.0886490100, 0.8257903000)
(-0.3602680000, -0.4247917000, 0.0886411000, 0.8257735000)
(-0.3602327000, -0.4247304000, 0.0885982700, 0.8258249000)
(-0.3603084000, -0.4247196000, 0.0886242200, 0.8257947000)
(-0.3602770000, -0.4246818000, 0.0886813800, 0.8258217000)
(-0.3601015000, -0.4246637000, 0.0886370200, 0.8259123000)
(-0.3600174000, -0.4247817000, 0.0886368400, 0.8258883000)
(-0.3601129000, -0.4247442000, 0.0888136300, 0.8258470000)
(-0.3600653000, -0.4247178000, 0.0887335700, 0.8258899000)
(-0.3601026000, -0.4246437000, 0.0887259400, 0.8259127000)
(-0.3602257000, -0.4246726000, 0.0886388400, 0.8258533000)
(-0.3601400000, -0.4246488000, 0.0887298300, 0.8258932000)
(-0.3601568000, -0.4246947000, 0.0887025700, 0.8258652000)
(-0.3602923000, -0.4247499000, 0.0884608300, 0.8258036000)
(-0.3601741000, -0.4247152000, 0.0886516600, 0.8258526000)
(-0.3602525000, -0.4247608000, 0.0886380700, 0.8257964000)
(-0.3603000000, -0.4246503000, 0.0885457200, 0.8258424000)
(-0.3604294000, -0.4246092000, 0.0886193500, 0.8257992000)
(-0.3603158000, -0.4246757000, 0.0886496400, 0.8258114000)
(-0.3602728000, -0.4248272000, 0.0886315900, 0.8257541000)
(-0.3603134000, -0.4245402000, 0.0885242400, 0.8258955000)
(-0.3602753000, -0.4247213000, 0.0885302100, 0.8258184000)
(-0.3602408000, -0.4246896000, 0.0884902800, 0.8258541000)
(-0.3602715000, -0.4249471000, 0.0886785500, 0.8256879000)
(-0.3606939000, -0.4245777000, 0.0884112100, 0.8257222000)
(-0.3604932000, -0.4249260000, 0.0885953400, 0.8256110000)
(-0.3602490000, -0.4248558000, 0.0885567700, 0.8257577000)
(-0.3602239000, -0.4247363000, 0.0884694900, 0.8258396000)
(-0.3601409000, -0.4247818000, 0.0884202900, 0.8258576000)
(-0.3601315000, -0.4247329000, 0.0885943600, 0.8258682000)
(-0.3602264000, -0.4248108000, 0.0884599800, 0.8258012000)
(-0.3602242000, -0.4247176000, 0.0886000100, 0.8258351000)
(-0.3602054000, -0.4247611000, 0.0885407300, 0.8258272000)
(-0.3604180000, -0.4247783000, 0.0884927600, 0.8257308000)
(-0.3602578000, -0.4247435000, 0.0885750100, 0.8258097000)
(-0.3601643000, -0.4246304000, 0.0885355300, 0.8259130000)
(-0.3602561000, -0.4247358000, 0.0884776100, 0.8258249000)
(-0.3601639000, -0.4248296000, 0.0886077100, 0.8258029000)
(-0.3601218000, -0.4246191000, 0.0886358800, 0.8259265000)
(-0.3601649000, -0.4246969000, 0.0885039600, 0.8258819000)
(-0.3602285000, -0.4247307000, 0.0884729000, 0.8258401000)
(-0.3602480000, -0.4247104000, 0.0885333300, 0.8258355000)
(-0.3603266000, -0.4247935000, 0.0885061800, 0.8257614000)
(-0.3601557000, -0.4248460000, 0.0883185300, 0.8258290000)
(-0.3601006000, -0.4248144000, 0.0885493200, 0.8258446000)
(-0.3603728000, -0.4246614000, 0.0886039400, 0.8257987000)
(-0.3601802000, -0.4246950000, 0.0885182500, 0.8258746000)
(-0.3601695000, -0.4246680000, 0.0884467200, 0.8259009000)
(-0.3601576000, -0.4249150000, 0.0883632200, 0.8257879000)
(-0.3601993000, -0.4247403000, 0.0886096300, 0.8258332000)
(-0.3601568000, -0.4251971000, 0.0883754000, 0.8256418000)
(-0.3602914000, -0.4247752000, 0.0884791200, 0.8257891000)
(-0.3602411000, -0.4250400000, 0.0885721800, 0.8256648000)
(-0.3602703000, -0.4247797000, 0.0883602400, 0.8258088000)
(-0.3601875000, -0.4250254000, 0.0885161000, 0.8257017000)
(-0.3602279000, -0.4250647000, 0.0884031300, 0.8256760000)
(-0.3601606000, -0.4250966000, 0.0883506500, 0.8256946000)
(-0.3602702000, -0.4250203000, 0.0881876200, 0.8257034000)
(-0.3600641000, -0.4251121000, 0.0883183000, 0.8257321000)
(-0.3600776000, -0.4251063000, 0.0884059600, 0.8257198000)
(-0.3601553000, -0.4251050000, 0.0884051100, 0.8256866000)
(-0.3601903000, -0.4250571000, 0.0883084800, 0.8257064000)
(-0.3602929000, -0.4249238000, 0.0883220300, 0.8257288000)
(-0.3601872000, -0.4251553000, 0.0884514900, 0.8256419000)
(-0.3601704000, -0.4250531000, 0.0885104300, 0.8256956000)
(-0.3601465000, -0.4249991000, 0.0884234800, 0.8257431000)
(-0.3601763000, -0.4250500000, 0.0883937000, 0.8257071000)
(-0.3601226000, -0.4250125000, 0.0882088900, 0.8257695000)
(-0.3601624000, -0.4250696000, 0.0883673600, 0.8257058000)
(-0.3601698000, -0.4250121000, 0.0883533400, 0.8257337000)
(-0.3603188000, -0.4249434000, 0.0882337500, 0.8257169000)
(-0.3600685000, -0.4250849000, 0.0883098200, 0.8257450000)
(-0.3602248000, -0.4249519000, 0.0881900200, 0.8257582000)
(-0.3601697000, -0.4251160000, 0.0882204100, 0.8256944000)
(-0.3600722000, -0.4249808000, 0.0882679500, 0.8258015000)
(-0.3602397000, -0.4251083000, 0.0882869400, 0.8256608000)
(-0.3603869000, -0.4248689000, 0.0882718300, 0.8257214000)
(-0.3603164000, -0.4249369000, 0.0882793100, 0.8257164000)
(-0.3602284000, -0.4249652000, 0.0881524800, 0.8257537000)
(-0.3602772000, -0.4247497000, 0.0880925800, 0.8258497000)
(-0.3602685000, -0.4247584000, 0.0882660900, 0.8258305000)
(-0.3602305000, -0.4250340000, 0.0882321400, 0.8257089000)
(-0.3603006000, -0.4249023000, 0.0882561900, 0.8257436000)
(-0.3602729000, -0.4249738000, 0.0881322600, 0.8257321000)
(-0.3602556000, -0.4249061000, 0.0881803700, 0.8257693000)
(-0.3602580000, -0.4249281000, 0.0880078800, 0.8257753000)
(-0.3602225000, -0.4249143000, 0.0880695700, 0.8257913000)
(-0.3601180000, -0.4249413000, 0.0880703300, 0.8258229000)
(-0.3602183000, -0.4249065000, 0.0880508100, 0.8257992000)
(-0.3600821000, -0.4250285000, 0.0880964800, 0.8257910000)
(-0.3602285000, -0.4248708000, 0.0881327800, 0.8258044000)
(-0.3602931000, -0.4248115000, 0.0880360600, 0.8258170000)
(-0.3603030000, -0.4248860000, 0.0880202400, 0.8257760000)
(-0.3602926000, -0.4248603000, 0.0882031600, 0.8257743000)
(-0.3603162000, -0.4249141000, 0.0881788000, 0.8257390000)
(-0.3601438000, -0.4250120000, 0.0882016000, 0.8257614000)
(-0.3601627000, -0.4249682000, 0.0880991100, 0.8257865000)
(-0.3601243000, -0.4249434000, 0.0880618700, 0.8258200000)
(-0.3600572000, -0.4249909000, 0.0882358000, 0.8258063000)
(-0.3600926000, -0.4248491000, 0.0881411900, 0.8258740000)
(-0.3601737000, -0.4248198000, 0.0881871700, 0.8258487000)
(-0.3601301000, -0.4249203000, 0.0881014100, 0.8258252000)
(-0.3601818000, -0.4249600000, 0.0880914100, 0.8257833000)
(-0.3602232000, -0.4249987000, 0.0882533000, 0.8257280000)
(-0.3601893000, -0.4249306000, 0.0882454300, 0.8257787000)
(-0.3602363000, -0.4248757000, 0.0882581500, 0.8257850000)
(-0.3602295000, -0.4248039000, 0.0882201300, 0.8258291000)
(-0.3601304000, -0.4249457000, 0.0882234300, 0.8257989000)
(-0.3602060000, -0.4248998000, 0.0882204400, 0.8257899000)
(-0.3600486000, -0.4250523000, 0.0881629900, 0.8257862000)
(-0.3601497000, -0.4252034000, 0.0882810400, 0.8256517000)
(-0.3601654000, -0.4250159000, 0.0881712600, 0.8257531000)
(-0.3602837000, -0.4250429000, 0.0882956200, 0.8256743000)
(-0.3602391000, -0.4250675000, 0.0882930200, 0.8256814000)
(-0.3600997000, -0.4250508000, 0.0882413600, 0.8257563000)
(-0.3601972000, -0.4252169000, 0.0883853600, 0.8256129000)
(-0.3600681000, -0.4250442000, 0.0883155300, 0.8257656000)
(-0.3601055000, -0.4250184000, 0.0883877100, 0.8257548000)
(-0.3599916000, -0.4251638000, 0.0882152000, 0.8257481000)
(-0.3601159000, -0.4250398000, 0.0883560400, 0.8257427000)
(-0.3600399000, -0.4250967000, 0.0881098100, 0.8257729000)
(-0.3601807000, -0.4251166000, 0.0883027500, 0.8256806000)
(-0.3600446000, -0.4250361000, 0.0882553900, 0.8257864000)
(-0.3601244000, -0.4251602000, 0.0882874100, 0.8256843000)
(-0.3601168000, -0.4250345000, 0.0883582800, 0.8257447000)
(-0.3601238000, -0.4250626000, 0.0882579500, 0.8257380000)
(-0.3600542000, -0.4249679000, 0.0883682500, 0.8258052000)
(-0.3599588000, -0.4250564000, 0.0883590700, 0.8258023000)
(-0.3601042000, -0.4250920000, 0.0884017500, 0.8257160000)
(-0.3599805000, -0.4250554000, 0.0882754200, 0.8258023000)
(-0.3601501000, -0.4251602000, 0.0884130000, 0.8256597000)
(-0.3602239000, -0.4251126000, 0.0883302600, 0.8256609000)
(-0.3600734000, -0.4250723000, 0.0884079900, 0.8257389000)
(-0.3601293000, -0.4250891000, 0.0883996000, 0.8257068000)
(-0.3602878000, -0.4250442000, 0.0883554100, 0.8256655000)
(-0.3602412000, -0.4252886000, 0.0883669300, 0.8255587000)
(-0.3602604000, -0.4250808000, 0.0883714400, 0.8256569000)
(-0.3602867000, -0.4251992000, 0.0884840700, 0.8255724000)
(-0.3601440000, -0.4252053000, 0.0884440400, 0.8256358000)
(-0.3601855000, -0.4251439000, 0.0885596300, 0.8256369000)
(-0.3600630000, -0.4251030000, 0.0884506400, 0.8257231000)
(-0.3601390000, -0.4251947000, 0.0885692800, 0.8256300000)
(-0.3601014000, -0.4250760000, 0.0883641400, 0.8257295000)
(-0.3600090000, -0.4251358000, 0.0884524800, 0.8257295000)
(-0.3600771000, -0.4250897000, 0.0883311600, 0.8257366000)
(-0.3601448000, -0.4251191000, 0.0884301700, 0.8256813000)
(-0.3600324000, -0.4250099000, 0.0884143900, 0.8257882000)
(-0.3601853000, -0.4251572000, 0.0884409900, 0.8256428000)
(-0.3601034000, -0.4252442000, 0.0885214400, 0.8256251000)
(-0.3601072000, -0.4251421000, 0.0886421700, 0.8256631000)
(-0.3601837000, -0.4251436000, 0.0885182500, 0.8256423000)
(-0.3600826000, -0.4251711000, 0.0885173500, 0.8256723000)
(-0.3599945000, -0.4251404000, 0.0884975600, 0.8257287000)
(-0.3601904000, -0.4252630000, 0.0884615000, 0.8255839000)
(-0.3602406000, -0.4251791000, 0.0885575800, 0.8255950000)
(-0.3601295000, -0.4252539000, 0.0885274400, 0.8256081000)
(-0.3602675000, -0.4251829000, 0.0884444600, 0.8255934000)
(-0.3601643000, -0.4252058000, 0.0884596800, 0.8256250000)
(-0.3601645000, -0.4252604000, 0.0884640200, 0.8255963000)
(-0.3601464000, -0.4251918000, 0.0883476000, 0.8256520000)
(-0.3602169000, -0.4252681000, 0.0884333600, 0.8255728000)
(-0.3599656000, -0.4252189000, 0.0885086100, 0.8256997000)
(-0.3601153000, -0.4251463000, 0.0884279100, 0.8256804000)
(-0.3599918000, -0.4252221000, 0.0884857800, 0.8256890000)
(-0.3600005000, -0.4251845000, 0.0884337700, 0.8257102000)
(-0.3601181000, -0.4252239000, 0.0883012600, 0.8256528000)
(-0.3600462000, -0.4250580000, 0.0884311300, 0.8257557000)
(-0.3600626000, -0.4250974000, 0.0884022900, 0.8257313000)
(-0.3601790000, -0.4250522000, 0.0884131000, 0.8257027000)
(-0.3599716000, -0.4251271000, 0.0884307300, 0.8257527000)
(-0.3600728000, -0.4251777000, 0.0884145100, 0.8256842000)
(-0.3600631000, -0.4251265000, 0.0885130500, 0.8257043000)
(-0.3601500000, -0.4250214000, 0.0884343200, 0.8257288000)
(-0.3602026000, -0.4251342000, 0.0885837500, 0.8256319000)
(-0.3602425000, -0.4250132000, 0.0885049400, 0.8256852000)
(-0.3602304000, -0.4250054000, 0.0884332100, 0.8257021000)
(-0.3602279000, -0.4250182000, 0.0885429800, 0.8256850000)
(-0.3602324000, -0.4250569000, 0.0885281900, 0.8256646000)
(-0.3602622000, -0.4249583000, 0.0885751700, 0.8256974000)
(-0.3601998000, -0.4251314000, 0.0885833800, 0.8256345000)
(-0.3602579000, -0.4250564000, 0.0884942000, 0.8256574000)
(-0.3602369000, -0.4251553000, 0.0884462100, 0.8256208000)
(-0.3602228000, -0.4250354000, 0.0885274200, 0.8256799000)
(-0.3602549000, -0.4249228000, 0.0883934000, 0.8257383000)
(-0.3603494000, -0.4249532000, 0.0884425400, 0.8256761000)
(-0.3603188000, -0.4250042000, 0.0885250700, 0.8256543000)
(-0.3605020000, -0.4249103000, 0.0884471800, 0.8256311000)
(-0.3604201000, -0.4249299000, 0.0884948700, 0.8256516000)
(-0.3603958000, -0.4248835000, 0.0885300000, 0.8256823000)
(-0.3604038000, -0.4249148000, 0.0885486400, 0.8256608000)
(-0.3604557000, -0.4247084000, 0.0884360200, 0.8257564000)
(-0.3605824000, -0.4248444000, 0.0885434100, 0.8256196000)
(-0.3605590000, -0.4247415000, 0.0885691900, 0.8256800000)
(-0.3606569000, -0.4247865000, 0.0885465600, 0.8256165000)
(-0.3607562000, -0.4246887000, 0.0885491400, 0.8256232000)
(-0.3605513000, -0.4249176000, 0.0886959500, 0.8255791000)
(-0.3607728000, -0.4248919000, 0.0885516600, 0.8255110000)
(-0.3605970000, -0.4249110000, 0.0885671800, 0.8255764000)
(-0.3606769000, -0.4249097000, 0.0884902400, 0.8255504000)
(-0.3608671000, -0.4249566000, 0.0885662700, 0.8254350000)
(-0.3607229000, -0.4248830000, 0.0885947700, 0.8255328000)
(-0.3608405000, -0.4248622000, 0.0885559300, 0.8254963000)
(-0.3608854000, -0.4247965000, 0.0885544700, 0.8255107000)
(-0.3607584000, -0.4250389000, 0.0885416000, 0.8254427000)
(-0.3607401000, -0.4249241000, 0.0884743300, 0.8255171000)
(-0.3605784000, -0.4249392000, 0.0884301500, 0.8255847000)
(-0.3605022000, -0.4249495000, 0.0885426800, 0.8256006000)
(-0.3605115000, -0.4250287000, 0.0884126600, 0.8255697000)
(-0.3605057000, -0.4251361000, 0.0884416200, 0.8255138000)
(-0.3605297000, -0.4250675000, 0.0886228700, 0.8255193000)
(-0.3606004000, -0.4248935000, 0.0885971600, 0.8255807000)
(-0.3605498000, -0.4250450000, 0.0884230700, 0.8255435000)
(-0.3603716000, -0.4249640000, 0.0885100000, 0.8256537000)
(-0.3602502000, -0.4251301000, 0.0883807000, 0.8256350000)
(-0.3601467000, -0.4250996000, 0.0882823500, 0.8257063000)
(-0.3601334000, -0.4251578000, 0.0885277200, 0.8256559000)
(-0.3602529000, -0.4250834000, 0.0884718400, 0.8256481000)
(-0.3601986000, -0.4251764000, 0.0884990200, 0.8256209000)
(-0.3601917000, -0.4251661000, 0.0885089100, 0.8256282000)
(-0.3602321000, -0.4251599000, 0.0884090200, 0.8256245000)
(-0.3602586000, -0.4251444000, 0.0884051400, 0.8256213000)
(-0.3603366000, -0.4250701000, 0.0883394400, 0.8256325000)
(-0.3603143000, -0.4251544000, 0.0882759500, 0.8256057000)
(-0.3601750000, -0.4251291000, 0.0883299200, 0.8256737000)
(-0.3602521000, -0.4250724000, 0.0883193200, 0.8256704000)
(-0.3600804000, -0.4251178000, 0.0883489300, 0.8257188000)
(-0.3598890000, -0.4251691000, 0.0883412700, 0.8257766000)
(-0.3599960000, -0.4252280000, 0.0882794300, 0.8257062000)
(-0.3600961000, -0.4252038000, 0.0883128600, 0.8256715000)
(-0.3600741000, -0.4252082000, 0.0883118700, 0.8256789000)
(-0.3600274000, -0.4251822000, 0.0884009200, 0.8257032000)
(-0.3601737000, -0.4250263000, 0.0883378400, 0.8257264000)
(-0.3602681000, -0.4250233000, 0.0884359100, 0.8256762000)
(-0.3604687000, -0.4250002000, 0.0883934900, 0.8256052000)
(-0.3603283000, -0.4250300000, 0.0883904400, 0.8256514000)
(-0.3603677000, -0.4250867000, 0.0884772800, 0.8255956000)
(-0.3602980000, -0.4249877000, 0.0884283700, 0.8256823000)
(-0.3603460000, -0.4250596000, 0.0885312900, 0.8256133000)
(-0.3604652000, -0.4249993000, 0.0884389000, 0.8256022000)
(-0.3603033000, -0.4250263000, 0.0883738600, 0.8256659000)
(-0.3604197000, -0.4250512000, 0.0884236600, 0.8255970000)
(-0.3602422000, -0.4250961000, 0.0883743200, 0.8256566000)
(-0.3603632000, -0.4251412000, 0.0883979000, 0.8255781000)
(-0.3603742000, -0.4250439000, 0.0883930200, 0.8256239000)
(-0.3603791000, -0.4250452000, 0.0883718300, 0.8256234000)
(-0.3603570000, -0.4250010000, 0.0883850800, 0.8256543000)
(-0.3604444000, -0.4251356000, 0.0883752000, 0.8255479000)
(-0.3604476000, -0.4250555000, 0.0884155300, 0.8255835000)
(-0.3603947000, -0.4251015000, 0.0884324000, 0.8255811000)
(-0.3604996000, -0.4250909000, 0.0883023100, 0.8255547000)
(-0.3604605000, -0.4250556000, 0.0884554200, 0.8255735000)
(-0.3604034000, -0.4250545000, 0.0883904600, 0.8256060000)
(-0.3604012000, -0.4250029000, 0.0884391100, 0.8256283000)
(-0.3604054000, -0.4250601000, 0.0883712400, 0.8256043000)
(-0.3604424000, -0.4250434000, 0.0882694000, 0.8256077000)
(-0.3604516000, -0.4249137000, 0.0884466200, 0.8256514000)
(-0.3604123000, -0.4249595000, 0.0883522600, 0.8256551000)
(-0.3604599000, -0.4249769000, 0.0883033400, 0.8256306000)
(-0.3603874000, -0.4250088000, 0.0883909400, 0.8256364000)
(-0.3603370000, -0.4249463000, 0.0882936600, 0.8257010000)
(-0.3603458000, -0.4250401000, 0.0883775200, 0.8256399000)
(-0.3603781000, -0.4249197000, 0.0882765800, 0.8256986000)
(-0.3603901000, -0.4249609000, 0.0883522500, 0.8256640000)
(-0.3602630000, -0.4248807000, 0.0883522600, 0.8257608000)
(-0.3603199000, -0.4248864000, 0.0883564700, 0.8257326000)
(-0.3602333000, -0.4249087000, 0.0883100200, 0.8257639000)
(-0.3602545000, -0.4249276000, 0.0883090000, 0.8257450000)
(-0.3601458000, -0.4249271000, 0.0882241900, 0.8258017000)
(-0.3601328000, -0.4249728000, 0.0882922300, 0.8257766000)
(-0.3601898000, -0.4249490000, 0.0883071800, 0.8257624000)
(-0.3601581000, -0.4249029000, 0.0882840800, 0.8258024000)
(-0.3602533000, -0.4249840000, 0.0882633900, 0.8257214000)
(-0.3602500000, -0.4249040000, 0.0881908000, 0.8257717000)
(-0.3602144000, -0.4249656000, 0.0882939000, 0.8257445000)
(-0.3601127000, -0.4249413000, 0.0883617500, 0.8257942000)
(-0.3601035000, -0.4248767000, 0.0883562900, 0.8258319000)
(-0.3600987000, -0.4248983000, 0.0883336500, 0.8258254000)
(-0.3599427000, -0.4247872000, 0.0881830600, 0.8259667000)
(-0.3601194000, -0.4248602000, 0.0882767100, 0.8258420000)
(-0.3600065000, -0.4248187000, 0.0882551400, 0.8259149000)
(-0.3600462000, -0.4248009000, 0.0882074600, 0.8259118000)
(-0.3601064000, -0.4248367000, 0.0883276300, 0.8258543000)
(-0.3601585000, -0.4249069000, 0.0883968000, 0.8257881000)
(-0.3600317000, -0.4249052000, 0.0884345900, 0.8258402000)
(-0.3600924000, -0.4248348000, 0.0883143500, 0.8258628000)
(-0.3599961000, -0.4248053000, 0.0882988400, 0.8259217000)
(-0.3600985000, -0.4249347000, 0.0882653300, 0.8258140000)
(-0.3599918000, -0.4249329000, 0.0883287800, 0.8258547000)
(-0.3600608000, -0.4248765000, 0.0884000800, 0.8258460000)
(-0.3600711000, -0.4248871000, 0.0883757000, 0.8258387000)
(-0.3600120000, -0.4248444000, 0.0882320000, 0.8259018000)
(-0.3600034000, -0.4248851000, 0.0883770500, 0.8258691000)
(-0.3600142000, -0.4249754000, 0.0882732600, 0.8258290000)
(-0.3600559000, -0.4249706000, 0.0882887800, 0.8258117000)
(-0.3599049000, -0.4249244000, 0.0882828400, 0.8259019000)
(-0.3598101000, -0.4249587000, 0.0883222600, 0.8259213000)
(-0.3599566000, -0.4248932000, 0.0882365900, 0.8259004000)
(-0.3599155000, -0.4249078000, 0.0882774300, 0.8259063000)
(-0.3599173000, -0.4249017000, 0.0881687800, 0.8259203000)
(-0.3599924000, -0.4248671000, 0.0882066900, 0.8259013000)
(-0.3600191000, -0.4248694000, 0.0881315500, 0.8258966000)
(-0.3599164000, -0.4247970000, 0.0881729900, 0.8259741000)
(-0.3599353000, -0.4249542000, 0.0882432200, 0.8258775000)
(-0.3599756000, -0.4248162000, 0.0881661000, 0.8259392000)
(-0.3598718000, -0.4250225000, 0.0881092900, 0.8258843000)
(-0.3599992000, -0.4248812000, 0.0882463800, 0.8258868000)
(-0.3598060000, -0.4248538000, 0.0881993400, 0.8259903000)
(-0.3599819000, -0.4248596000, 0.0882218000, 0.8259081000)
(-0.3598424000, -0.4248957000, 0.0881879300, 0.8259540000)
(-0.3599646000, -0.4247042000, 0.0882474200, 0.8259929000)
(-0.3598028000, -0.4248487000, 0.0881927100, 0.8259949000)
(-0.3598627000, -0.4249037000, 0.0883857900, 0.8259199000)
(-0.3599092000, -0.4247153000, 0.0881123500, 0.8260257000)
(-0.3598379000, -0.4246587000, 0.0880063000, 0.8260972000)
(-0.3600488000, -0.4247697000, 0.0882103000, 0.8259265000)
(-0.3599993000, -0.4248208000, 0.0880892600, 0.8259346000)
(-0.3598898000, -0.4246315000, 0.0881671600, 0.8260714000)
(-0.3600524000, -0.4247002000, 0.0882024200, 0.8259615000)
(-0.3600227000, -0.4248639000, 0.0882304700, 0.8258873000)
(-0.3600248000, -0.4249449000, 0.0882792200, 0.8258395000)
(-0.3600051000, -0.4250297000, 0.0882227000, 0.8258105000)
(-0.3599667000, -0.4249212000, 0.0882050900, 0.8258849000)
(-0.3601836000, -0.4249526000, 0.0882306800, 0.8257714000)
(-0.3601843000, -0.4251259000, 0.0880788400, 0.8256981000)
(-0.3600782000, -0.4248327000, 0.0882971600, 0.8258720000)
(-0.3599230000, -0.4248706000, 0.0882253800, 0.8259278000)
(-0.3599883000, -0.4248268000, 0.0882030900, 0.8259242000)
(-0.3600730000, -0.4248322000, 0.0880455300, 0.8259013000)
(-0.3600763000, -0.4249326000, 0.0880854700, 0.8258440000)
(-0.3600703000, -0.4249322000, 0.0881539700, 0.8258395000)
(-0.3600256000, -0.4250301000, 0.0880459900, 0.8258201000)
(-0.3601174000, -0.4248272000, 0.0881276400, 0.8258758000)
(-0.3600807000, -0.4248221000, 0.0881399200, 0.8258931000)
(-0.3600217000, -0.4249559000, 0.0882000800, 0.8258436000)
(-0.3601322000, -0.4249226000, 0.0882132900, 0.8258111000)
(-0.3600439000, -0.4249584000, 0.0881796000, 0.8258348000)
(-0.3599264000, -0.4248719000, 0.0881787700, 0.8259306000)
(-0.3600649000, -0.4248011000, 0.0881126700, 0.8259137000)
(-0.3599805000, -0.4248760000, 0.0881518600, 0.8259078000)
(-0.3599394000, -0.4249709000, 0.0881691100, 0.8258751000)
(-0.3598504000, -0.4246775000, 0.0881489100, 0.8260669000)
(-0.3599577000, -0.4248614000, 0.0881942400, 0.8259208000)
(-0.3598961000, -0.4248870000, 0.0882340000, 0.8259302000)
(-0.3599512000, -0.4249332000, 0.0882213200, 0.8258837000)
(-0.3598995000, -0.4247895000, 0.0881294100, 0.8259900000)
(-0.3599640000, -0.4248493000, 0.0881270900, 0.8259313000)
(-0.3601387000, -0.4247769000, 0.0882928300, 0.8258747000)
(-0.3599273000, -0.4248423000, 0.0882524600, 0.8259376000)
(-0.3599321000, -0.4248841000, 0.0880665900, 0.8259338000)
(-0.3599460000, -0.4248406000, 0.0882251900, 0.8259332000)
(-0.3599577000, -0.4248508000, 0.0881947200, 0.8259261000)
(-0.3600985000, -0.4247516000, 0.0880944100, 0.8259265000)
(-0.3601446000, -0.4250342000, 0.0881308900, 0.8257571000)
(-0.3602181000, -0.4248149000, 0.0883271000, 0.8258169000)
(-0.3600916000, -0.4247967000, 0.0881604700, 0.8258992000)
(-0.3600228000, -0.4249449000, 0.0882798000, 0.8258403000)
(-0.3600689000, -0.4248563000, 0.0881070100, 0.8258842000)
(-0.3601569000, -0.4247981000, 0.0882032400, 0.8258655000)
(-0.3599161000, -0.4250357000, 0.0879994900, 0.8258700000)
(-0.3599417000, -0.4249267000, 0.0881237700, 0.8259017000)
(-0.3598960000, -0.4249333000, 0.0881991200, 0.8259102000)
(-0.3598440000, -0.4250499000, 0.0880515700, 0.8258885000)
(-0.3598373000, -0.4249150000, 0.0879983700, 0.8259665000)
(-0.3599035000, -0.4248796000, 0.0879501600, 0.8259610000)
(-0.3598320000, -0.4248066000, 0.0880874200, 0.8260151000)
(-0.3598588000, -0.4246691000, 0.0880226000, 0.8260811000)
(-0.3598401000, -0.4248666000, 0.0880708200, 0.8259825000)
(-0.3599182000, -0.4248920000, 0.0880894300, 0.8259334000)
(-0.3599000000, -0.4248944000, 0.0880985600, 0.8259391000)
(-0.3598450000, -0.4248996000, 0.0881034800, 0.8259599000)
(-0.3599156000, -0.4248529000, 0.0880395400, 0.8259600000)
(-0.3599345000, -0.4249326000, 0.0880191500, 0.8259129000)
(-0.3598959000, -0.4248731000, 0.0879627100, 0.8259664000)
(-0.3600757000, -0.4249503000, 0.0879430900, 0.8258503000)
(-0.3599470000, -0.4249555000, 0.0879959500, 0.8258981000)
(-0.3599577000, -0.4248933000, 0.0880134900, 0.8259236000)
(-0.3601422000, -0.4249833000, 0.0880295100, 0.8257952000)
(-0.3601064000, -0.4250517000, 0.0879960100, 0.8257791000)
(-0.3602662000, -0.4248920000, 0.0881908300, 0.8257708000)
(-0.3603894000, -0.4248615000, 0.0880636200, 0.8257464000)
(-0.3600471000, -0.4250378000, 0.0880792800, 0.8258033000)
(-0.3597646000, -0.4250411000, 0.0880961500, 0.8259228000)
(-0.3597648000, -0.4250694000, 0.0878067900, 0.8259391000)
(-0.3595055000, -0.4250011000, 0.0879656400, 0.8260702000)
(-0.3598752000, -0.4248829000, 0.0879434900, 0.8259724000)
(-0.3598405000, -0.4249932000, 0.0880700600, 0.8259172000)
(-0.3599057000, -0.4249230000, 0.0880268400, 0.8259295000)
(-0.3599128000, -0.4250071000, 0.0881970200, 0.8258650000)
(-0.3598216000, -0.4250401000, 0.0880125600, 0.8259075000)
(-0.3597603000, -0.4251473000, 0.0879383000, 0.8258869000)
(-0.3597175000, -0.4249645000, 0.0880368900, 0.8259891000)
(-0.3595897000, -0.4249130000, 0.0880050400, 0.8260747000)
(-0.3596767000, -0.4247899000, 0.0882358500, 0.8260755000)
(-0.3597788000, -0.4248154000, 0.0880359400, 0.8260392000)
(-0.3598742000, -0.4250097000, 0.0880980600, 0.8258911000)
(-0.3599124000, -0.4249874000, 0.0883687400, 0.8258570000)
(-0.3601677000, -0.4248779000, 0.0883074200, 0.8258086000)
(-0.3601410000, -0.4249984000, 0.0880166100, 0.8257892000)
(-0.3601657000, -0.4250530000, 0.0882218100, 0.8257285000)
(-0.3602687000, -0.4249625000, 0.0884243400, 0.8257085000)
(-0.3600116000, -0.4249044000, 0.0881365800, 0.8258812000)
(-0.3600343000, -0.4249784000, 0.0881797700, 0.8258287000)
(-0.3599642000, -0.4249731000, 0.0881975200, 0.8258601000)
(-0.3600751000, -0.4249439000, 0.0881006500, 0.8258371000)
(-0.3599860000, -0.4249303000, 0.0880701300, 0.8258862000)
(-0.3600440000, -0.4249711000, 0.0882157700, 0.8258244000)
(-0.3601659000, -0.4249715000, 0.0882072300, 0.8257719000)
(-0.3603752000, -0.4248185000, 0.0883316500, 0.8257461000)
(-0.3603334000, -0.4249492000, 0.0882002200, 0.8257110000)
(-0.3601013000, -0.4249355000, 0.0881579200, 0.8258238000)
(-0.3601248000, -0.4250409000, 0.0880651700, 0.8257693000)
(-0.3602278000, -0.4248298000, 0.0881396600, 0.8258251000)
(-0.3600500000, -0.4248673000, 0.0881184600, 0.8258855000)
(-0.3600860000, -0.4250018000, 0.0881809300, 0.8257940000)
(-0.3601490000, -0.4250754000, 0.0879533700, 0.8257529000)
(-0.3603252000, -0.4251474000, 0.0881558600, 0.8256174000)
(-0.3602851000, -0.4248856000, 0.0881322500, 0.8257721000)
(-0.3601259000, -0.4250621000, 0.0880408200, 0.8257605000)
(-0.3601413000, -0.4251323000, 0.0881077000, 0.8257105000)
(-0.3601480000, -0.4251156000, 0.0882192600, 0.8257043000)
(-0.3602344000, -0.4252719000, 0.0881384300, 0.8255947000)
(-0.3602949000, -0.4250954000, 0.0880421200, 0.8256695000)
(-0.3603760000, -0.4250909000, 0.0882407100, 0.8256152000)
(-0.3603360000, -0.4250618000, 0.0881435900, 0.8256580000)
(-0.3602291000, -0.4251280000, 0.0880027200, 0.8256856000)
(-0.3602854000, -0.4250491000, 0.0881010800, 0.8256912000)
(-0.3604511000, -0.4251427000, 0.0880834300, 0.8255726000)
(-0.3603141000, -0.4251785000, 0.0882241800, 0.8255989000)
(-0.3603004000, -0.4252325000, 0.0882658300, 0.8255726000)
(-0.3602661000, -0.4251158000, 0.0882577600, 0.8256485000)
(-0.3602781000, -0.4251173000, 0.0881682100, 0.8256521000)
(-0.3603423000, -0.4251687000, 0.0882094100, 0.8255932000)
(-0.3602897000, -0.4250163000, 0.0882646200, 0.8256887000)
(-0.3602579000, -0.4250749000, 0.0882631400, 0.8256726000)
(-0.3601033000, -0.4252543000, 0.0881548000, 0.8256593000)
(-0.3602412000, -0.4250730000, 0.0882163300, 0.8256859000)
(-0.3600374000, -0.4250939000, 0.0881250400, 0.8257738000)
(-0.3600755000, -0.4252574000, 0.0880731600, 0.8256785000)
(-0.3601341000, -0.4251333000, 0.0881694900, 0.8257065000)
(-0.3603014000, -0.4252017000, 0.0882588900, 0.8255887000)
(-0.3601789000, -0.4251059000, 0.0880488500, 0.8257141000)
(-0.3600719000, -0.4252540000, 0.0881866200, 0.8256696000)
(-0.3600776000, -0.4253227000, 0.0879852000, 0.8256533000)
(-0.3601239000, -0.4250965000, 0.0880033600, 0.8257477000)
(-0.3601516000, -0.4251958000, 0.0879510300, 0.8256901000)
(-0.3601849000, -0.4249400000, 0.0881146300, 0.8257897000)
(-0.3601359000, -0.4252355000, 0.0881062700, 0.8256599000)
(-0.3600959000, -0.4251390000, 0.0879916300, 0.8257393000)
(-0.3599825000, -0.4251536000, 0.0879777600, 0.8257827000)
(-0.3600647000, -0.4251720000, 0.0880787500, 0.8257266000)
(-0.3601593000, -0.4250388000, 0.0881337900, 0.8257480000)
(-0.3601705000, -0.4250502000, 0.0881034100, 0.8257405000)
(-0.3600200000, -0.4250492000, 0.0881032200, 0.8258067000)
(-0.3600886000, -0.4250396000, 0.0880450700, 0.8257879000)
(-0.3600209000, -0.4251176000, 0.0881267600, 0.8257686000)
(-0.3599749000, -0.4250971000, 0.0881587900, 0.8257957000)
(-0.3601165000, -0.4251094000, 0.0881649300, 0.8257270000)
(-0.3601080000, -0.4251334000, 0.0881129800, 0.8257239000)
(-0.3599792000, -0.4250458000, 0.0881139900, 0.8258250000)
(-0.3599597000, -0.4251865000, 0.0880674300, 0.8257661000)
(-0.3600622000, -0.4251972000, 0.0880302400, 0.8257198000)
(-0.3600140000, -0.4251321000, 0.0879924100, 0.8257784000)
(-0.3600139000, -0.4250743000, 0.0880461000, 0.8258025000)
(-0.3600168000, -0.4252267000, 0.0880263900, 0.8257248000)
(-0.3600916000, -0.4251562000, 0.0881555200, 0.8257148000)
(-0.3600877000, -0.4253241000, 0.0880748600, 0.8256386000)
(-0.3601771000, -0.4253703000, 0.0881790100, 0.8255647000)
(-0.3600779000, -0.4252641000, 0.0881483100, 0.8256659000)
(-0.3600684000, -0.4253444000, 0.0882754200, 0.8256152000)
(-0.3599733000, -0.4251980000, 0.0880904800, 0.8257517000)
(-0.3600859000, -0.4252095000, 0.0880124300, 0.8257051000)
(-0.3601702000, -0.4251944000, 0.0881600100, 0.8256603000)
(-0.3601184000, -0.4252506000, 0.0881727700, 0.8256527000)
(-0.3601995000, -0.4251384000, 0.0881689700, 0.8256754000)
(-0.3600732000, -0.4251687000, 0.0882262700, 0.8257088000)
(-0.3600153000, -0.4250712000, 0.0881688100, 0.8257905000)
(-0.3599975000, -0.4251499000, 0.0880790900, 0.8257672000)
(-0.3600514000, -0.4250224000, 0.0881898900, 0.8257975000)
(-0.3600473000, -0.4251339000, 0.0880880600, 0.8257528000)
(-0.3599586000, -0.4251245000, 0.0882231200, 0.8257818000)
(-0.3599893000, -0.4250465000, 0.0881289000, 0.8258187000)
(-0.3598392000, -0.4250703000, 0.0882224800, 0.8258619000)
(-0.3599732000, -0.4249900000, 0.0881649000, 0.8258510000)
(-0.3598996000, -0.4249198000, 0.0880757000, 0.8259286000)
(-0.3598144000, -0.4250959000, 0.0880587000, 0.8258770000)
(-0.3598489000, -0.4251391000, 0.0883058300, 0.8258133000)
(-0.3599520000, -0.4252473000, 0.0880358500, 0.8257415000)
(-0.3601599000, -0.4252563000, 0.0881960800, 0.8256291000)
(-0.3599672000, -0.4250228000, 0.0882209900, 0.8258307000)
(-0.3600723000, -0.4251982000, 0.0881964600, 0.8256972000)
(-0.3601105000, -0.4251284000, 0.0881643200, 0.8257199000)
(-0.3601389000, -0.4250436000, 0.0880122400, 0.8257674000)
(-0.3599015000, -0.4251900000, 0.0879701900, 0.8258000000)
(-0.3599084000, -0.4250889000, 0.0880468700, 0.8258408000)
(-0.3598861000, -0.4250449000, 0.0879052500, 0.8258883000)
(-0.3598858000, -0.4250598000, 0.0879480900, 0.8258762000)
(-0.3596540000, -0.4250328000, 0.0879173900, 0.8259943000)
(-0.3597653000, -0.4252073000, 0.0880615600, 0.8258407000)
(-0.3597646000, -0.4251680000, 0.0880362900, 0.8258640000)
(-0.3598891000, -0.4251570000, 0.0879018000, 0.8258297000)
(-0.3597585000, -0.4251689000, 0.0879028700, 0.8258803000)
(-0.3598199000, -0.4250936000, 0.0878718300, 0.8258957000)
(-0.3601473000, -0.4251718000, 0.0879185300, 0.8257078000)
(-0.3599097000, -0.4250353000, 0.0878367100, 0.8258902000)
(-0.3597600000, -0.4251759000, 0.0878308700, 0.8258838000)
(-0.3599580000, -0.4252078000, 0.0879315400, 0.8257703000)
(-0.3601283000, -0.4250782000, 0.0877111600, 0.8257863000)
(-0.3599829000, -0.4252922000, 0.0878526700, 0.8257245000)
(-0.3598450000, -0.4251756000, 0.0879640000, 0.8258327000)
(-0.3600846000, -0.4250957000, 0.0878245400, 0.8257842000)
(-0.3599964000, -0.4251994000, 0.0879993000, 0.8257506000)
(-0.3598229000, -0.4253421000, 0.0879633300, 0.8257567000)
(-0.3599299000, -0.4251288000, 0.0879676000, 0.8258194000)
(-0.3599440000, -0.4251094000, 0.0879417900, 0.8258260000)
(-0.3600232000, -0.4252286000, 0.0880520400, 0.8257183000)
(-0.3599552000, -0.4251668000, 0.0879224900, 0.8257936000)
(-0.3601700000, -0.4252348000, 0.0879216200, 0.8256650000)
(-0.3599807000, -0.4252954000, 0.0880097900, 0.8257070000)
(-0.3599513000, -0.4253160000, 0.0880506900, 0.8257048000)
(-0.3600665000, -0.4252967000, 0.0879715200, 0.8256730000)
(-0.3599811000, -0.4252179000, 0.0881464600, 0.8257322000)
(-0.3600942000, -0.4253177000, 0.0880590500, 0.8256407000)
(-0.3600829000, -0.4251686000, 0.0879086800, 0.8257385000)
(-0.3600063000, -0.4251742000, 0.0880353700, 0.8257555000)
(-0.3601089000, -0.4251605000, 0.0879682500, 0.8257250000)
(-0.3601327000, -0.4250832000, 0.0879751400, 0.8257537000)
(-0.3599434000, -0.4251209000, 0.0877996200, 0.8258355000)
(-0.3599190000, -0.4252569000, 0.0878765000, 0.8257679000)
(-0.3598144000, -0.4251907000, 0.0878251000, 0.8258530000)
(-0.3598238000, -0.4251656000, 0.0879875100, 0.8258446000)
(-0.3596312000, -0.4249624000, 0.0878366900, 0.8260491000)
(-0.3597316000, -0.4251533000, 0.0879224800, 0.8258981000)
(-0.3598101000, -0.4252067000, 0.0878472000, 0.8258443000)
(-0.3598943000, -0.4251353000, 0.0879300200, 0.8258356000)
(-0.3599375000, -0.4252069000, 0.0877645200, 0.8257975000)
(-0.3599897000, -0.4249967000, 0.0879335700, 0.8258650000)
(-0.3598715000, -0.4251540000, 0.0880730600, 0.8258207000)
(-0.3600323000, -0.4251780000, 0.0880840300, 0.8257370000)
(-0.3599750000, -0.4251432000, 0.0880370300, 0.8257849000)
(-0.3600165000, -0.4253226000, 0.0878508200, 0.8256943000)
(-0.3600293000, -0.4251242000, 0.0879747000, 0.8257777000)
(-0.3598204000, -0.4252155000, 0.0877973000, 0.8258406000)
(-0.3598314000, -0.4252024000, 0.0878311100, 0.8258390000)
(-0.3598680000, -0.4251668000, 0.0880399000, 0.8258191000)
(-0.3598998000, -0.4252192000, 0.0878716700, 0.8257962000)
(-0.3598194000, -0.4253294000, 0.0880055600, 0.8257602000)
(-0.3598650000, -0.4253011000, 0.0879058900, 0.8257656000)
(-0.3598144000, -0.4252912000, 0.0879989800, 0.8257828000)
(-0.3597892000, -0.4253677000, 0.0878775700, 0.8257673000)
(-0.3597617000, -0.4252692000, 0.0879557500, 0.8258218000)
(-0.3598817000, -0.4251383000, 0.0880049400, 0.8258316000)
(-0.3598412000, -0.4252067000, 0.0878327600, 0.8258323000)
(-0.3598661000, -0.4251632000, 0.0879544500, 0.8258309000)
(-0.3597103000, -0.4252036000, 0.0880480800, 0.8258680000)
(-0.3598239000, -0.4251811000, 0.0879181500, 0.8258440000)
(-0.3598101000, -0.4251990000, 0.0879207900, 0.8258405000)
(-0.3596806000, -0.4252851000, 0.0879676600, 0.8258476000)
(-0.3597997000, -0.4251117000, 0.0879720600, 0.8258845000)
(-0.3597550000, -0.4252280000, 0.0879168700, 0.8258500000)
(-0.3597610000, -0.4252463000, 0.0878693500, 0.8258429000)
(-0.3598184000, -0.4251772000, 0.0879864200, 0.8258411000)
(-0.3599614000, -0.4251792000, 0.0880393300, 0.8257722000)
(-0.3597108000, -0.4252095000, 0.0879089600, 0.8258795000)
(-0.3598178000, -0.4249742000, 0.0878362300, 0.8259618000)
(-0.3596506000, -0.4251705000, 0.0879069500, 0.8259261000)
(-0.3597246000, -0.4251612000, 0.0878726800, 0.8259023000)
(-0.3595340000, -0.4251367000, 0.0879883600, 0.8259856000)
(-0.3597026000, -0.4250835000, 0.0879749900, 0.8259410000)
(-0.3596812000, -0.4250669000, 0.0878340100, 0.8259739000)
(-0.3597289000, -0.4251822000, 0.0878476200, 0.8258922000)
(-0.3597444000, -0.4251600000, 0.0877310000, 0.8259093000)
(-0.3596355000, -0.4252034000, 0.0878546100, 0.8259214000)
(-0.3595934000, -0.4251291000, 0.0879987200, 0.8259625000)
(-0.3597048000, -0.4253568000, 0.0877468400, 0.8258236000)
(-0.3597130000, -0.4251816000, 0.0879188700, 0.8258919000)
(-0.3596221000, -0.4252081000, 0.0879491800, 0.8259147000)
(-0.3597633000, -0.4252362000, 0.0878946900, 0.8258445000)
(-0.3597228000, -0.4252608000, 0.0879434600, 0.8258443000)
(-0.3599254000, -0.4252503000, 0.0878385200, 0.8257725000)
(-0.3597305000, -0.4251569000, 0.0879514100, 0.8258935000)
(-0.3596840000, -0.4252177000, 0.0878952500, 0.8258885000)
(-0.3597870000, -0.4252315000, 0.0879938200, 0.8258260000)
(-0.3597614000, -0.4252442000, 0.0880264000, 0.8258272000)
(-0.3597631000, -0.4251890000, 0.0879494800, 0.8258631000)
(-0.3597267000, -0.4252858000, 0.0879349200, 0.8258306000)
(-0.3597305000, -0.4251919000, 0.0879474300, 0.8258760000)
(-0.3597850000, -0.4251533000, 0.0879564100, 0.8258712000)
(-0.3597748000, -0.4252567000, 0.0879165800, 0.8258266000)
(-0.3598542000, -0.4252131000, 0.0879039500, 0.8258157000)
(-0.3597803000, -0.4252474000, 0.0879897600, 0.8258212000)
(-0.3598615000, -0.4252683000, 0.0880323700, 0.8257705000)
(-0.3599125000, -0.4252154000, 0.0880429100, 0.8257744000)
(-0.3597811000, -0.4250949000, 0.0880010000, 0.8258982000)
(-0.3598766000, -0.4252023000, 0.0880293400, 0.8257983000)
(-0.3597500000, -0.4251871000, 0.0881040000, 0.8258533000)
(-0.3598229000, -0.4251677000, 0.0881130800, 0.8258305000)
(-0.3598725000, -0.4251511000, 0.0881010000, 0.8258187000)
(-0.3598425000, -0.4251414000, 0.0880542900, 0.8258418000)
(-0.3597448000, -0.4252510000, 0.0881445000, 0.8258182000)
(-0.3598867000, -0.4252027000, 0.0881217800, 0.8257838000)
(-0.3598801000, -0.4251792000, 0.0879811500, 0.8258137000)
(-0.3598588000, -0.4249680000, 0.0880208800, 0.8259275000)
(-0.3598456000, -0.4250807000, 0.0880745100, 0.8258695000)
(-0.3597382000, -0.4249917000, 0.0880799200, 0.8259615000)
(-0.3599207000, -0.4251862000, 0.0879638000, 0.8257943000)
(-0.3596973000, -0.4252787000, 0.0882085200, 0.8258179000)
(-0.3598514000, -0.4251482000, 0.0881982100, 0.8258191000)
(-0.3599206000, -0.4252234000, 0.0881300000, 0.8257574000)
(-0.3598596000, -0.4251227000, 0.0880490100, 0.8258445000)
(-0.3598126000, -0.4250443000, 0.0879575200, 0.8259151000)
(-0.3597836000, -0.4249692000, 0.0879209600, 0.8259702000)
(-0.3599021000, -0.4250862000, 0.0879533300, 0.8258550000)
(-0.3598118000, -0.4251432000, 0.0881584700, 0.8258431000)
(-0.3598383000, -0.4251879000, 0.0882329300, 0.8258006000)
(-0.3600932000, -0.4251497000, 0.0881354200, 0.8257196000)
(-0.3600348000, -0.4250752000, 0.0882540300, 0.8257707000)
(-0.3600326000, -0.4251407000, 0.0882190000, 0.8257417000)
(-0.3601241000, -0.4249970000, 0.0880369300, 0.8257952000)
(-0.3599843000, -0.4251247000, 0.0881714700, 0.8257760000)
(-0.3601587000, -0.4249592000, 0.0879999800, 0.8258035000)
(-0.3601625000, -0.4250728000, 0.0880726200, 0.8257356000)
(-0.3601628000, -0.4250690000, 0.0881498900, 0.8257292000)
(-0.3601078000, -0.4251209000, 0.0882600600, 0.8257147000)
(-0.3602694000, -0.4251024000, 0.0880557600, 0.8256756000)
(-0.3603732000, -0.4251830000, 0.0881801500, 0.8255755000)
(-0.3603661000, -0.4250676000, 0.0881568700, 0.8256404000)
(-0.3603465000, -0.4251639000, 0.0882992600, 0.8255842000)
(-0.3603842000, -0.4252227000, 0.0882206300, 0.8255459000)
(-0.3603720000, -0.4251992000, 0.0882113900, 0.8255643000)
(-0.3602929000, -0.4252516000, 0.0881497000, 0.8255785000)
(-0.3602287000, -0.4251367000, 0.0881815000, 0.8256623000)
(-0.3601137000, -0.4251937000, 0.0881238500, 0.8256892000)
(-0.3602333000, -0.4250768000, 0.0878723200, 0.8257240000)
(-0.3601530000, -0.4250938000, 0.0881149600, 0.8257244000)
(-0.3601125000, -0.4251783000, 0.0880600300, 0.8257045000)
(-0.3600100000, -0.4250810000, 0.0881608500, 0.8257885000)
(-0.3601684000, -0.4252301000, 0.0882126600, 0.8256371000)
(-0.3601742000, -0.4251741000, 0.0881193600, 0.8256734000)
(-0.3602326000, -0.4251066000, 0.0879763500, 0.8256979000)
(-0.3602441000, -0.4250459000, 0.0880790700, 0.8257132000)
(-0.3602886000, -0.4250600000, 0.0881239900, 0.8256817000)
(-0.3604945000, -0.4250472000, 0.0881451800, 0.8255962000)
(-0.3602192000, -0.4250932000, 0.0880575500, 0.8257020000)
(-0.3602746000, -0.4250499000, 0.0881276700, 0.8256926000)
(-0.3601829000, -0.4252705000, 0.0880762200, 0.8256246000)
(-0.3601289000, -0.4251279000, 0.0881146200, 0.8257174000)
(-0.3603856000, -0.4251605000, 0.0880764900, 0.8255927000)
(-0.3601851000, -0.4251238000, 0.0881537300, 0.8256908000)
(-0.3601799000, -0.4251220000, 0.0881561800, 0.8256938000)
(-0.3601305000, -0.4252111000, 0.0882224400, 0.8256624000)
(-0.3601393000, -0.4252485000, 0.0882342200, 0.8256381000)
(-0.3603394000, -0.4251673000, 0.0882760700, 0.8255881000)
(-0.3602220000, -0.4251494000, 0.0881598700, 0.8256609000)
(-0.3603127000, -0.4251108000, 0.0881958300, 0.8256374000)
(-0.3602469000, -0.4251844000, 0.0881315800, 0.8256350000)
(-0.3602709000, -0.4250883000, 0.0882384300, 0.8256627000)
(-0.3604158000, -0.4250617000, 0.0882546500, 0.8256114000)
(-0.3603564000, -0.4252344000, 0.0881051300, 0.8255643000)
(-0.3603552000, -0.4251376000, 0.0881826200, 0.8256064000)
(-0.3602112000, -0.4251318000, 0.0881436600, 0.8256764000)
(-0.3603416000, -0.4252723000, 0.0882656500, 0.8255341000)
(-0.3603103000, -0.4251712000, 0.0882389400, 0.8256027000)
(-0.3603377000, -0.4251921000, 0.0880887700, 0.8255961000)
(-0.3603259000, -0.4252141000, 0.0881669400, 0.8255815000)
(-0.3603444000, -0.4252732000, 0.0881853600, 0.8255410000)
(-0.3602889000, -0.4252579000, 0.0881404000, 0.8255779000)
(-0.3603828000, -0.4252571000, 0.0882971300, 0.8255206000)
(-0.3603292000, -0.4252261000, 0.0881623000, 0.8255744000)
(-0.3604777000, -0.4252687000, 0.0883671100, 0.8254657000)
(-0.3604302000, -0.4251689000, 0.0881981600, 0.8255560000)
(-0.3604821000, -0.4252377000, 0.0881834000, 0.8254994000)
(-0.3603058000, -0.4251245000, 0.0881398300, 0.8256394000)
(-0.3600767000, -0.4251565000, 0.0882023100, 0.8257161000)
(-0.3603586000, -0.4251433000, 0.0880589300, 0.8256152000)
(-0.3601010000, -0.4250959000, 0.0880620300, 0.8257517000)
(-0.3600287000, -0.4250615000, 0.0880869900, 0.8257983000)
(-0.3601812000, -0.4250138000, 0.0880884300, 0.8257562000)
(-0.3601083000, -0.4250986000, 0.0881912300, 0.8257333000)
(-0.3602075000, -0.4249642000, 0.0881697500, 0.8257616000)
(-0.3601770000, -0.4250176000, 0.0879526000, 0.8257706000)
(-0.3602377000, -0.4250007000, 0.0880397700, 0.8257434000)
(-0.3602743000, -0.4248956000, 0.0880520500, 0.8257803000)
(-0.3602975000, -0.4248371000, 0.0881359400, 0.8257913000)
(-0.3601811000, -0.4249038000, 0.0881423700, 0.8258070000)
(-0.3602298000, -0.4248405000, 0.0882088600, 0.8258113000)
(-0.3603705000, -0.4248406000, 0.0881256200, 0.8257588000)
(-0.3603775000, -0.4249043000, 0.0881429200, 0.8257211000)
(-0.3603551000, -0.4249139000, 0.0880276600, 0.8257382000)
(-0.3602892000, -0.4249618000, 0.0881999400, 0.8257239000)
(-0.3602700000, -0.4247405000, 0.0880984600, 0.8258570000)
(-0.3602824000, -0.4248507000, 0.0879363100, 0.8258122000)
(-0.3602038000, -0.4249289000, 0.0879240600, 0.8258075000)
(-0.3601436000, -0.4249657000, 0.0880418000, 0.8258023000)
(-0.3603700000, -0.4249912000, 0.0879309100, 0.8257022000)
(-0.3602044000, -0.4249977000, 0.0880244400, 0.8257611000)
(-0.3603027000, -0.4249931000, 0.0881521600, 0.8257070000)
(-0.3602508000, -0.4249142000, 0.0880645000, 0.8257796000)
(-0.3602535000, -0.4250666000, 0.0881027400, 0.8256959000)
(-0.3601946000, -0.4249894000, 0.0880803500, 0.8257637000)
(-0.3602996000, -0.4249727000, 0.0879336200, 0.8257422000)
(-0.3603487000, -0.4247622000, 0.0879356800, 0.8258288000)
(-0.3602461000, -0.4248847000, 0.0880956200, 0.8257936000)
(-0.3603907000, -0.4249923000, 0.0878826700, 0.8256978000)
(-0.3604926000, -0.4248643000, 0.0878813300, 0.8257192000)
(-0.3602844000, -0.4249341000, 0.0878643000, 0.8257761000)
(-0.3605514000, -0.4248646000, 0.0880301200, 0.8256776000)
(-0.3603545000, -0.4248643000, 0.0879030700, 0.8257772000)
(-0.3602682000, -0.4248621000, 0.0879072100, 0.8258156000)
(-0.3602836000, -0.4247442000, 0.0879417100, 0.8258659000)
(-0.3602189000, -0.4247922000, 0.0878447700, 0.8258797000)
(-0.3602835000, -0.4247167000, 0.0878075500, 0.8258943000)
(-0.3602344000, -0.4247704000, 0.0878856900, 0.8258798000)
(-0.3602836000, -0.4246561000, 0.0879527000, 0.8259100000)
(-0.3603357000, -0.4246821000, 0.0877654900, 0.8258938000)
(-0.3601519000, -0.4248035000, 0.0877977100, 0.8259081000)
(-0.3602289000, -0.4247291000, 0.0878744300, 0.8259047000)
(-0.3602428000, -0.4248839000, 0.0879769200, 0.8258080000)
(-0.3600196000, -0.4249734000, 0.0879263900, 0.8258647000)
(-0.3602267000, -0.4246433000, 0.0878457500, 0.8259528000)
(-0.3601623000, -0.4249057000, 0.0879119100, 0.8258388000)
(-0.3602894000, -0.4248659000, 0.0878776500, 0.8258076000)
(-0.3603464000, -0.4247789000, 0.0878934900, 0.8258257000)
(-0.3603503000, -0.4248994000, 0.0880536000, 0.8257449000)
(-0.3603318000, -0.4247176000, 0.0879384300, 0.8258588000)
(-0.3602355000, -0.4249483000, 0.0878677800, 0.8257897000)
(-0.3602576000, -0.4248894000, 0.0878656400, 0.8258106000)
(-0.3602920000, -0.4250070000, 0.0878696300, 0.8257347000)
(-0.3603169000, -0.4248658000, 0.0880542400, 0.8257767000)
(-0.3603162000, -0.4248625000, 0.0879809700, 0.8257865000)
(-0.3602635000, -0.4248981000, 0.0880039400, 0.8257887000)
(-0.3602597000, -0.4249556000, 0.0878447000, 0.8257778000)
(-0.3603105000, -0.4250886000, 0.0879204800, 0.8256792000)
(-0.3603273000, -0.4250301000, 0.0877544900, 0.8257196000)
(-0.3600658000, -0.4250336000, 0.0879331500, 0.8258129000)
(-0.3600346000, -0.4248884000, 0.0879222900, 0.8259023000)
(-0.3601391000, -0.4250072000, 0.0880031900, 0.8257870000)
(-0.3602034000, -0.4250292000, 0.0878881300, 0.8257599000)
(-0.3601641000, -0.4250495000, 0.0877770100, 0.8257784000)
(-0.3601652000, -0.4249651000, 0.0878889000, 0.8258094000)
(-0.3600056000, -0.4250827000, 0.0879284200, 0.8258143000)
(-0.3601882000, -0.4250036000, 0.0880222600, 0.8257654000)
(-0.3601026000, -0.4248812000, 0.0879902300, 0.8258691000)
(-0.3600302000, -0.4250720000, 0.0879384800, 0.8258080000)
(-0.3601699000, -0.4249221000, 0.0878777700, 0.8258307000)
(-0.3602263000, -0.4250031000, 0.0880095200, 0.8257504000)
(-0.3603147000, -0.4250190000, 0.0879208700, 0.8257132000)
(-0.3603115000, -0.4249270000, 0.0879487800, 0.8257589000)
(-0.3603678000, -0.4249215000, 0.0879431400, 0.8257377000)
(-0.3603235000, -0.4251083000, 0.0880104200, 0.8256538000)
(-0.3603387000, -0.4249016000, 0.0879017600, 0.8257651000)
(-0.3603312000, -0.4251361000, 0.0879832400, 0.8256390000)
(-0.3602108000, -0.4250113000, 0.0879795400, 0.8257561000)
(-0.3601728000, -0.4250411000, 0.0879989800, 0.8257553000)
(-0.3600811000, -0.4249962000, 0.0880651300, 0.8258113000)
(-0.3601809000, -0.4251149000, 0.0880392300, 0.8257095000)
(-0.3602476000, -0.4249822000, 0.0879705300, 0.8257561000)
(-0.3602273000, -0.4250402000, 0.0880615600, 0.8257253000)
(-0.3602330000, -0.4250782000, 0.0878838400, 0.8257222000)
(-0.3601970000, -0.4251612000, 0.0880247700, 0.8256802000)
(-0.3602384000, -0.4250264000, 0.0879374600, 0.8257408000)
(-0.3602456000, -0.4250390000, 0.0879465000, 0.8257302000)
(-0.3602397000, -0.4251507000, 0.0880268000, 0.8256667000)
(-0.3601510000, -0.4251443000, 0.0880067600, 0.8257109000)
(-0.3603369000, -0.4250599000, 0.0878891000, 0.8256857000)
(-0.3602715000, -0.4250494000, 0.0878545200, 0.8257234000)
(-0.3603125000, -0.4251412000, 0.0879650900, 0.8256464000)
(-0.3602944000, -0.4250894000, 0.0879177000, 0.8256860000)
(-0.3602188000, -0.4250922000, 0.0881472000, 0.8256932000)
(-0.3602270000, -0.4251408000, 0.0880560700, 0.8256743000)
(-0.3603473000, -0.4250750000, 0.0880970700, 0.8256512000)
(-0.3603432000, -0.4252163000, 0.0879650600, 0.8255944000)
(-0.3603742000, -0.4251314000, 0.0880429600, 0.8256163000)
(-0.3602581000, -0.4250953000, 0.0880228800, 0.8256876000)
(-0.3602118000, -0.4250593000, 0.0879123500, 0.8257382000)
(-0.3602140000, -0.4250906000, 0.0880003200, 0.8257117000)
(-0.3603321000, -0.4250453000, 0.0879329300, 0.8256907000)
(-0.3601902000, -0.4251518000, 0.0879527400, 0.8256956000)
(-0.3602827000, -0.4251001000, 0.0881051000, 0.8256657000)
(-0.3603128000, -0.4251083000, 0.0879309200, 0.8256669000)
(-0.3601273000, -0.4250416000, 0.0880073100, 0.8257740000)
(-0.3602538000, -0.4250093000, 0.0880517100, 0.8257307000)
(-0.3602260000, -0.4250471000, 0.0879917400, 0.8257298000)
(-0.3602044000, -0.4249846000, 0.0880814500, 0.8257619000)
(-0.3602665000, -0.4250155000, 0.0880103300, 0.8257264000)
(-0.3603570000, -0.4250913000, 0.0879525800, 0.8256541000)
(-0.3602246000, -0.4250843000, 0.0880333000, 0.8257068000)
(-0.3604020000, -0.4250806000, 0.0880067500, 0.8256341000)
(-0.3602768000, -0.4250602000, 0.0879877100, 0.8257013000)
(-0.3601314000, -0.4252366000, 0.0880863600, 0.8256634000)
(-0.3602158000, -0.4251077000, 0.0879805600, 0.8257042000)
(-0.3600892000, -0.4251211000, 0.0878507100, 0.8257664000)
(-0.3603074000, -0.4250242000, 0.0878443000, 0.8257218000)
(-0.3601789000, -0.4250562000, 0.0879338500, 0.8257518000)
(-0.3601756000, -0.4249990000, 0.0879399600, 0.8257821000)
(-0.3601563000, -0.4250385000, 0.0879196200, 0.8257723000)
(-0.3601385000, -0.4249126000, 0.0878622000, 0.8258510000)
(-0.3601766000, -0.4250597000, 0.0880778800, 0.8257357000)
(-0.3600121000, -0.4249701000, 0.0880056200, 0.8258612000)
(-0.3600733000, -0.4249243000, 0.0880370600, 0.8258548000)
(-0.3601931000, -0.4248923000, 0.0880764000, 0.8258147000)
(-0.3602081000, -0.4250428000, 0.0880510500, 0.8257335000)
(-0.3602341000, -0.4249891000, 0.0879799000, 0.8257574000)
(-0.3601955000, -0.4249676000, 0.0882810200, 0.8257531000)
(-0.3601645000, -0.4249659000, 0.0879919600, 0.8257984000)
(-0.3601308000, -0.4248490000, 0.0880138400, 0.8258708000)
(-0.3601797000, -0.4249637000, 0.0881059700, 0.8257807000)
(-0.3601884000, -0.4249660000, 0.0879155500, 0.8257961000)
(-0.3601235000, -0.4249557000, 0.0880234700, 0.8258182000)
(-0.3602405000, -0.4248777000, 0.0881386100, 0.8257950000)
(-0.3601332000, -0.4249981000, 0.0880247500, 0.8257920000)
(-0.3600993000, -0.4250129000, 0.0880522800, 0.8257962000)
(-0.3601937000, -0.4249337000, 0.0881586300, 0.8257844000)
(-0.3601592000, -0.4248740000, 0.0882410400, 0.8258214000)
(-0.3601433000, -0.4250361000, 0.0881819600, 0.8257512000)
(-0.3599801000, -0.4250518000, 0.0882254400, 0.8258097000)
(-0.3601140000, -0.4249824000, 0.0880809800, 0.8258024000)
(-0.3602267000, -0.4249219000, 0.0880421500, 0.8257886000)
(-0.3601261000, -0.4249212000, 0.0881723700, 0.8258189000)
(-0.3600603000, -0.4249322000, 0.0882635500, 0.8258321000)
(-0.3602023000, -0.4249349000, 0.0881728000, 0.8257786000)
(-0.3602346000, -0.4249275000, 0.0881822800, 0.8257673000)
(-0.3602053000, -0.4248925000, 0.0881782100, 0.8257985000)
(-0.3602486000, -0.4249156000, 0.0881584400, 0.8257698000)
(-0.3601752000, -0.4248582000, 0.0881927800, 0.8258278000)
(-0.3603145000, -0.4248753000, 0.0881784100, 0.8257596000)
(-0.3601960000, -0.4249750000, 0.0881823000, 0.8257596000)
(-0.3603635000, -0.4250145000, 0.0882294600, 0.8256611000)
(-0.3604475000, -0.4250428000, 0.0881712900, 0.8256162000)
(-0.3603970000, -0.4250405000, 0.0882170400, 0.8256345000)
(-0.3602646000, -0.4251688000, 0.0881988300, 0.8256282000)
(-0.3603047000, -0.4250870000, 0.0883036500, 0.8256416000)
(-0.3601571000, -0.4251633000, 0.0882389800, 0.8256736000)
(-0.3601450000, -0.4249817000, 0.0880362800, 0.8257940000)
(-0.3601434000, -0.4250437000, 0.0880975600, 0.8257563000)
(-0.3599954000, -0.4251742000, 0.0881378700, 0.8257493000)
(-0.3600447000, -0.4249538000, 0.0882589800, 0.8258283000)
(-0.3599865000, -0.4249689000, 0.0882298800, 0.8258491000)
(-0.3599657000, -0.4249294000, 0.0882164800, 0.8258799000)
(-0.3600774000, -0.4248838000, 0.0878852500, 0.8258899000)
(-0.3602245000, -0.4249569000, 0.0881087700, 0.8257644000)
(-0.3602260000, -0.4249842000, 0.0882018100, 0.8257397000)
(-0.3601210000, -0.4249433000, 0.0882859800, 0.8257976000)
(-0.3602216000, -0.4248871000, 0.0881301400, 0.8257993000)
(-0.3602248000, -0.4248225000, 0.0882022500, 0.8258234000)
(-0.3602545000, -0.4249760000, 0.0881929600, 0.8257325000)
(-0.3601551000, -0.4249842000, 0.0882622600, 0.8257642000)
(-0.3603825000, -0.4248984000, 0.0883149500, 0.8257035000)
(-0.3601076000, -0.4249479000, 0.0881577600, 0.8258148000)
(-0.3599055000, -0.4252575000, 0.0881233700, 0.8257472000)
(-0.3602156000, -0.4249986000, 0.0881470600, 0.8257427000)
(-0.3602536000, -0.4249329000, 0.0880605500, 0.8257692000)
(-0.3602645000, -0.4250545000, 0.0882168600, 0.8256851000)
(-0.3603206000, -0.4250807000, 0.0882488200, 0.8256438000)
(-0.3602077000, -0.4250340000, 0.0883440400, 0.8257069000)
(-0.3602179000, -0.4251964000, 0.0882834700, 0.8256254000)
(-0.3602774000, -0.4251497000, 0.0882749000, 0.8256243000)
(-0.3602586000, -0.4249551000, 0.0883446800, 0.8257253000)
(-0.3603023000, -0.4250104000, 0.0881428900, 0.8256992000)
(-0.3601858000, -0.4249448000, 0.0881645000, 0.8257815000)
(-0.3602254000, -0.4249115000, 0.0882754200, 0.8257695000)
(-0.3602578000, -0.4249013000, 0.0880346400, 0.8257864000)
(-0.3601227000, -0.4250916000, 0.0882749600, 0.8257217000)
(-0.3601578000, -0.4250086000, 0.0880926400, 0.8257685000)
(-0.3599850000, -0.4249978000, 0.0881463600, 0.8258438000)
(-0.3600442000, -0.4249393000, 0.0882027100, 0.8258420000)
(-0.3599119000, -0.4250815000, 0.0881419400, 0.8258330000)
(-0.3599911000, -0.4250180000, 0.0882055100, 0.8258244000)
(-0.3598598000, -0.4249012000, 0.0883469700, 0.8259266000)
(-0.3600115000, -0.4248868000, 0.0882772200, 0.8258753000)
(-0.3598125000, -0.4249240000, 0.0882298600, 0.8259479000)
(-0.3599423000, -0.4249573000, 0.0881793300, 0.8258797000)
(-0.3600539000, -0.4248697000, 0.0881475400, 0.8258795000)
(-0.3600515000, -0.4249675000, 0.0882355000, 0.8258208000)
(-0.3601855000, -0.4250510000, 0.0881817400, 0.8257252000)
(-0.3599819000, -0.4248856000, 0.0882607800, 0.8258906000)
(-0.3600388000, -0.4248858000, 0.0881882600, 0.8258735000)
(-0.3599659000, -0.4249112000, 0.0881329500, 0.8258981000)
(-0.3598219000, -0.4248740000, 0.0882415900, 0.8259684000)
(-0.3599744000, -0.4248673000, 0.0881650400, 0.8259135000)
(-0.3599060000, -0.4249052000, 0.0883598300, 0.8259030000)
(-0.3599361000, -0.4250343000, 0.0880052000, 0.8258614000)
(-0.3598190000, -0.4249083000, 0.0881383600, 0.8259631000)
(-0.3599565000, -0.4249686000, 0.0879715800, 0.8258898000)
(-0.3598585000, -0.4249555000, 0.0880354400, 0.8259324000)
(-0.3599082000, -0.4248171000, 0.0879398300, 0.8259922000)
(-0.3597609000, -0.4248754000, 0.0881280300, 0.8260064000)
(-0.3599684000, -0.4249197000, 0.0880567400, 0.8259007000)
(-0.3598223000, -0.4249516000, 0.0881334700, 0.8259398000)
(-0.3600108000, -0.4248753000, 0.0881184300, 0.8258985000)
(-0.3598048000, -0.4249446000, 0.0880606000, 0.8259588000)
(-0.3600278000, -0.4247307000, 0.0882222100, 0.8259543000)
(-0.3599805000, -0.4248286000, 0.0882126300, 0.8259257000)
(-0.3599980000, -0.4247611000, 0.0879958600, 0.8259759000)
(-0.3598784000, -0.4247500000, 0.0879019300, 0.8260437000)
(-0.3599614000, -0.4248299000, 0.0882353000, 0.8259310000)
(-0.3599706000, -0.4247877000, 0.0880392100, 0.8259696000)
(-0.3598123000, -0.4247909000, 0.0880762300, 0.8260329000)
(-0.3598064000, -0.4248784000, 0.0880263300, 0.8259959000)
(-0.3599331000, -0.4249005000, 0.0881117400, 0.8259201000)
(-0.3599091000, -0.4248620000, 0.0880495300, 0.8259570000)
(-0.3600237000, -0.4248693000, 0.0879832400, 0.8259104000)
(-0.3599255000, -0.4248491000, 0.0879788500, 0.8259641000)
(-0.3598699000, -0.4248926000, 0.0880454900, 0.8259588000)
(-0.3598243000, -0.4247595000, 0.0881888000, 0.8260318000)
(-0.3599165000, -0.4250040000, 0.0880266900, 0.8258832000)
(-0.3599367000, -0.4249318000, 0.0880421300, 0.8259099000)
(-0.3598379000, -0.4249232000, 0.0880434800, 0.8259573000)
(-0.3599154000, -0.4249259000, 0.0879988400, 0.8259268000)
(-0.3599125000, -0.4248978000, 0.0880460700, 0.8259374000)
(-0.3599487000, -0.4248221000, 0.0880760100, 0.8259575000)
(-0.3599250000, -0.4249521000, 0.0882496500, 0.8258824000)
(-0.3600474000, -0.4248997000, 0.0881453600, 0.8258672000)
(-0.3600072000, -0.4249570000, 0.0880419200, 0.8258662000)
(-0.3602011000, -0.4249032000, 0.0878891600, 0.8258256000)
(-0.3602251000, -0.4248474000, 0.0881332600, 0.8258178000)
(-0.3599730000, -0.4249561000, 0.0879533100, 0.8258910000)
(-0.3601660000, -0.4248977000, 0.0880643100, 0.8258251000)
(-0.3600626000, -0.4249654000, 0.0880276900, 0.8258393000)
(-0.3600673000, -0.4248488000, 0.0880279500, 0.8258972000)
(-0.3602142000, -0.4248060000, 0.0880635700, 0.8258513000)
(-0.3600487000, -0.4247276000, 0.0879389500, 0.8259771000)
(-0.3601245000, -0.4247955000, 0.0879390200, 0.8259091000)
(-0.3601094000, -0.4247302000, 0.0881002500, 0.8259321000)
(-0.3600374000, -0.4248677000, 0.0880893500, 0.8258939000)
(-0.3602169000, -0.4247531000, 0.0880641300, 0.8258773000)
(-0.3601080000, -0.4247808000, 0.0881549200, 0.8259009000)
(-0.3601249000, -0.4247404000, 0.0880233500, 0.8259283000)
(-0.3600541000, -0.4248313000, 0.0880827200, 0.8259062000)
(-0.3601396000, -0.4248636000, 0.0880791500, 0.8258526000)
(-0.3601257000, -0.4247864000, 0.0880326200, 0.8259033000)
(-0.3601437000, -0.4247323000, 0.0881911400, 0.8259065000)
(-0.3601653000, -0.4246846000, 0.0880004200, 0.8259419000)
(-0.3601198000, -0.4246697000, 0.0881905500, 0.8259491000)
(-0.3601715000, -0.4247961000, 0.0881357600, 0.8258674000)
(-0.3601479000, -0.4247154000, 0.0880654200, 0.8259267000)
(-0.3600597000, -0.4247954000, 0.0879934200, 0.8259316000)
(-0.3601019000, -0.4246406000, 0.0879696300, 0.8259954000)
(-0.3602205000, -0.4247206000, 0.0877852500, 0.8259222000)
(-0.3601570000, -0.4246669000, 0.0879076300, 0.8259645000)
(-0.3600883000, -0.4247373000, 0.0878810600, 0.8259610000)
(-0.3601310000, -0.4245199000, 0.0878507400, 0.8260574000)
(-0.3600496000, -0.4249224000, 0.0879033900, 0.8258803000)
(-0.3603669000, -0.4247427000, 0.0879412600, 0.8258303000)
(-0.3602223000, -0.4247272000, 0.0878495800, 0.8259111000)
(-0.3603725000, -0.4246510000, 0.0878291500, 0.8258869000)
(-0.3602497000, -0.4247471000, 0.0878312300, 0.8258908000)
(-0.3601535000, -0.4247043000, 0.0877837900, 0.8259599000)
(-0.3600495000, -0.4248183000, 0.0878307400, 0.8259416000)
(-0.3600740000, -0.4247826000, 0.0878494100, 0.8259473000)
(-0.3600430000, -0.4248033000, 0.0878986100, 0.8259449000)
(-0.3600166000, -0.4246374000, 0.0879977300, 0.8260312000)
(-0.3601049000, -0.4246551000, 0.0877626200, 0.8260086000)
(-0.3599617000, -0.4247584000, 0.0878486300, 0.8260088000)
(-0.3599710000, -0.4246927000, 0.0879937300, 0.8260231000)
(-0.3599130000, -0.4247027000, 0.0878674500, 0.8260566000)
(-0.3599582000, -0.4246797000, 0.0878952800, 0.8260458000)
(-0.3598919000, -0.4247756000, 0.0880299100, 0.8260111000)
(-0.3599339000, -0.4246170000, 0.0879168500, 0.8260864000)
(-0.3600076000, -0.4246601000, 0.0879535000, 0.8260282000)
(-0.3598181000, -0.4245424000, 0.0878894100, 0.8261781000)
(-0.3599265000, -0.4248008000, 0.0879076900, 0.8259961000)
(-0.3600813000, -0.4246838000, 0.0880695200, 0.8259715000)
(-0.3599979000, -0.4248231000, 0.0878319400, 0.8259615000)
(-0.3599623000, -0.4247203000, 0.0877454800, 0.8260391000)
(-0.3600747000, -0.4247729000, 0.0879285200, 0.8259436000)
(-0.3601253000, -0.4247025000, 0.0878466700, 0.8259665000)
(-0.3602414000, -0.4247249000, 0.0879892800, 0.8258891000)
(-0.3601448000, -0.4248245000, 0.0880069500, 0.8258781000)
(-0.3601675000, -0.4247420000, 0.0879598300, 0.8259158000)
(-0.3602315000, -0.4246030000, 0.0879970100, 0.8259553000)
(-0.3600089000, -0.4246706000, 0.0880673800, 0.8260100000)
(-0.3601624000, -0.4247536000, 0.0878864300, 0.8259197000)
(-0.3600782000, -0.4247151000, 0.0880067100, 0.8259635000)
(-0.3601140000, -0.4248183000, 0.0880012800, 0.8258953000)
(-0.3601541000, -0.4247060000, 0.0879932200, 0.8259365000)
(-0.3602740000, -0.4245619000, 0.0880146400, 0.8259560000)
(-0.3601980000, -0.4246602000, 0.0880355900, 0.8259364000)
(-0.3601474000, -0.4246304000, 0.0880062000, 0.8259768000)
(-0.3601465000, -0.4247141000, 0.0880035700, 0.8259345000)
(-0.3601921000, -0.4247148000, 0.0879753500, 0.8259172000)
(-0.3601833000, -0.4246191000, 0.0878987000, 0.8259785000)
(-0.3602180000, -0.4246187000, 0.0880353600, 0.8259490000)
(-0.3603090000, -0.4247378000, 0.0880773700, 0.8258436000)
(-0.3602259000, -0.4246483000, 0.0880850900, 0.8259251000)
(-0.3602492000, -0.4248080000, 0.0879625100, 0.8258458000)
(-0.3602956000, -0.4247123000, 0.0880746500, 0.8258628000)
(-0.3604858000, -0.4246489000, 0.0880900300, 0.8258108000)
(-0.3602597000, -0.4246714000, 0.0880548800, 0.8259016000)
(-0.3603215000, -0.4247061000, 0.0880507500, 0.8258573000)
(-0.3601765000, -0.4247546000, 0.0879933600, 0.8259017000)
(-0.3602463000, -0.4247442000, 0.0880412100, 0.8258715000)
(-0.3602529000, -0.4247432000, 0.0880116500, 0.8258723000)
(-0.3602620000, -0.4246718000, 0.0880065100, 0.8259056000)
(-0.3602458000, -0.4246618000, 0.0879891100, 0.8259196000)
(-0.3603225000, -0.4246030000, 0.0880321600, 0.8259119000)
(-0.3602977000, -0.4246643000, 0.0881424500, 0.8258794000)
(-0.3603014000, -0.4246452000, 0.0880701200, 0.8258952000)
(-0.3603384000, -0.4246666000, 0.0880763800, 0.8258675000)
(-0.3603253000, -0.4246783000, 0.0880602700, 0.8258689000)
(-0.3604860000, -0.4245573000, 0.0881704400, 0.8258492000)
(-0.3603943000, -0.4245360000, 0.0882152800, 0.8258954000)
(-0.3605022000, -0.4245026000, 0.0880745800, 0.8258805000)
(-0.3603144000, -0.4245771000, 0.0882097000, 0.8259098000)
(-0.3603441000, -0.4245379000, 0.0882255900, 0.8259152000)
(-0.3602733000, -0.4244592000, 0.0881658400, 0.8259929000)
(-0.3603884000, -0.4246005000, 0.0880743700, 0.8258799000)
(-0.3604159000, -0.4244842000, 0.0880839700, 0.8259266000)
(-0.3603784000, -0.4245678000, 0.0881452100, 0.8258935000)
(-0.3604392000, -0.4245740000, 0.0881019200, 0.8258684000)
(-0.3603364000, -0.4245584000, 0.0881110700, 0.8259203000)
(-0.3604257000, -0.4246365000, 0.0882121200, 0.8258303000)
(-0.3603932000, -0.4247561000, 0.0881239500, 0.8257924000)
(-0.3604479000, -0.4245943000, 0.0882796100, 0.8258352000)
(-0.3603886000, -0.4247751000, 0.0882368400, 0.8257726000)
(-0.3604951000, -0.4245802000, 0.0882577800, 0.8258241000)
(-0.3605324000, -0.4244840000, 0.0881572300, 0.8258681000)
(-0.3603824000, -0.4246745000, 0.0881995700, 0.8258311000)
(-0.3605438000, -0.4246847000, 0.0882207200, 0.8257531000)
(-0.3604470000, -0.4245326000, 0.0883657200, 0.8258581000)
(-0.3605060000, -0.4247400000, 0.0882404500, 0.8257390000)
(-0.3604445000, -0.4248450000, 0.0882835500, 0.8257073000)
(-0.3604496000, -0.4246376000, 0.0882525900, 0.8258150000)
(-0.3603421000, -0.4246670000, 0.0881752400, 0.8258551000)
(-0.3604929000, -0.4244070000, 0.0883207800, 0.8259074000)
(-0.3604805000, -0.4246426000, 0.0883505300, 0.8257886000)
(-0.3606275000, -0.4244585000, 0.0882455700, 0.8258302000)
(-0.3604386000, -0.4246279000, 0.0882470200, 0.8258255000)
(-0.3605962000, -0.4246264000, 0.0882709400, 0.8257549000)
(-0.3605416000, -0.4245696000, 0.0882335200, 0.8258119000)
(-0.3603496000, -0.4245716000, 0.0882690300, 0.8258908000)
(-0.3604261000, -0.4245082000, 0.0882753800, 0.8258893000)
(-0.3604846000, -0.4246858000, 0.0883534000, 0.8257642000)
(-0.3603570000, -0.4246370000, 0.0882580000, 0.8258552000)
(-0.3604483000, -0.4245654000, 0.0882958700, 0.8258482000)
(-0.3602924000, -0.4245281000, 0.0881703600, 0.8259487000)
(-0.3603122000, -0.4246094000, 0.0881350100, 0.8259021000)
(-0.3603958000, -0.4244539000, 0.0882252000, 0.8259359000)
(-0.3604161000, -0.4244911000, 0.0881414600, 0.8259169000)
(-0.3603403000, -0.4244611000, 0.0882477800, 0.8259540000)
(-0.3604387000, -0.4246233000, 0.0882484300, 0.8258276000)
(-0.3603400000, -0.4246318000, 0.0881215400, 0.8258799000)
(-0.3604382000, -0.4243880000, 0.0881903600, 0.8259550000)
(-0.3604133000, -0.4245913000, 0.0882774700, 0.8258521000)
(-0.3603640000, -0.4245514000, 0.0883414200, 0.8258872000)
(-0.3603779000, -0.4246423000, 0.0883383900, 0.8258348000)
(-0.3604309000, -0.4245785000, 0.0882529700, 0.8258535000)
(-0.3604736000, -0.4245964000, 0.0883397800, 0.8258164000)
(-0.3604380000, -0.4245839000, 0.0883262800, 0.8258398000)
(-0.3603942000, -0.4247149000, 0.0882454700, 0.8258002000)
(-0.3604370000, -0.4246347000, 0.0883163500, 0.8258152000)
(-0.3605623000, -0.4246536000, 0.0882305600, 0.8257599000)
(-0.3603790000, -0.4247243000, 0.0883601800, 0.8257898000)
(-0.3606239000, -0.4246005000, 0.0882006300, 0.8257636000)
(-0.3604173000, -0.4247021000, 0.0882634200, 0.8257948000)
(-0.3603838000, -0.4247225000, 0.0881386800, 0.8258123000)
(-0.3605211000, -0.4245391000, 0.0882237600, 0.8258375000)
(-0.3602843000, -0.4245455000, 0.0882563700, 0.8259341000)
(-0.3602206000, -0.4246696000, 0.0882547100, 0.8258983000)
(-0.3604168000, -0.4246191000, 0.0882366700, 0.8258406000)
(-0.3601061000, -0.4246078000, 0.0881432300, 0.8259919000)
(-0.3603148000, -0.4246182000, 0.0881372600, 0.8258961000)
(-0.3603516000, -0.4246770000, 0.0881017300, 0.8258537000)
(-0.3602298000, -0.4245102000, 0.0882201400, 0.8259799000)
(-0.3601999000, -0.4246548000, 0.0882369400, 0.8259168000)
(-0.3601539000, -0.4247641000, 0.0882725700, 0.8258769000)
(-0.3602814000, -0.4248226000, 0.0882119000, 0.8257976000)
(-0.3602521000, -0.4246668000, 0.0882557000, 0.8258859000)
(-0.3602777000, -0.4246339000, 0.0882922500, 0.8258877000)
(-0.3603519000, -0.4246153000, 0.0881838900, 0.8258765000)
(-0.3602675000, -0.4247699000, 0.0883588700, 0.8258151000)
(-0.3602270000, -0.4247218000, 0.0883610200, 0.8258573000)
(-0.3603228000, -0.4246962000, 0.0883775600, 0.8258269000)
(-0.3602583000, -0.4246112000, 0.0882306100, 0.8259145000)
(-0.3604706000, -0.4246872000, 0.0883109000, 0.8257742000)
(-0.3602582000, -0.4246593000, 0.0882844300, 0.8258840000)
(-0.3602993000, -0.4246537000, 0.0882363300, 0.8258741000)
(-0.3602834000, -0.4245651000, 0.0883726200, 0.8259121000)
(-0.3600335000, -0.4245867000, 0.0882857000, 0.8260192000)
(-0.3601237000, -0.4246742000, 0.0882208900, 0.8259419000)
(-0.3601763000, -0.4246303000, 0.0882805400, 0.8259350000)
(-0.3600541000, -0.4245697000, 0.0881720300, 0.8260311000)
(-0.3602056000, -0.4247556000, 0.0882263000, 0.8258637000)
(-0.3601992000, -0.4246046000, 0.0882063100, 0.8259462000)
(-0.3602538000, -0.4246545000, 0.0881655400, 0.8259011000)
(-0.3601365000, -0.4245822000, 0.0881113900, 0.8259952000)
(-0.3602900000, -0.4246112000, 0.0883067400, 0.8258925000)
(-0.3602681000, -0.4246510000, 0.0882858400, 0.8258838000)
(-0.3603567000, -0.4246222000, 0.0881708100, 0.8258722000)
(-0.3603696000, -0.4246050000, 0.0883869500, 0.8258523000)
(-0.3602067000, -0.4246430000, 0.0882678800, 0.8259166000)
(-0.3601548000, -0.4246514000, 0.0883253000, 0.8259288000)
(-0.3602832000, -0.4247271000, 0.0883705000, 0.8258290000)
(-0.3602455000, -0.4246145000, 0.0881867200, 0.8259230000)
(-0.3603946000, -0.4246530000, 0.0883265000, 0.8258232000)
(-0.3601671000, -0.4246828000, 0.0885401600, 0.8258843000)
(-0.3603744000, -0.4245569000, 0.0884096300, 0.8258726000)
(-0.3602715000, -0.4247972000, 0.0882896600, 0.8258067000)
(-0.3603861000, -0.4245764000, 0.0883931200, 0.8258592000)
(-0.3605922000, -0.4245919000, 0.0884636300, 0.8257537000)
(-0.3604054000, -0.4246950000, 0.0882960200, 0.8258002000)
(-0.3603382000, -0.4246820000, 0.0884614700, 0.8258185000)
(-0.3602785000, -0.4246817000, 0.0885278600, 0.8258376000)
(-0.3603064000, -0.4247037000, 0.0883771600, 0.8258303000)
(-0.3602705000, -0.4247061000, 0.0883326300, 0.8258495000)
(-0.3602886000, -0.4246559000, 0.0883935900, 0.8258609000)
(-0.3602999000, -0.4247378000, 0.0883339500, 0.8258201000)
(-0.3602845000, -0.4246210000, 0.0884686900, 0.8258725000)
(-0.3602456000, -0.4246784000, 0.0882202500, 0.8258865000)
(-0.3602736000, -0.4246093000, 0.0883773900, 0.8258930000)
(-0.3602460000, -0.4247133000, 0.0883390300, 0.8258557000)
(-0.3602743000, -0.4246145000, 0.0882942500, 0.8258990000)
(-0.3600518000, -0.4248011000, 0.0882005800, 0.8259100000)
(-0.3602952000, -0.4246862000, 0.0882343900, 0.8258594000)
(-0.3602062000, -0.4247495000, 0.0884580100, 0.8258417000)
(-0.3602839000, -0.4247284000, 0.0882654400, 0.8258393000)
(-0.3603316000, -0.4246823000, 0.0882229300, 0.8258467000)
(-0.3603169000, -0.4246117000, 0.0883298100, 0.8258780000)
(-0.3606009000, -0.4248341000, 0.0882423100, 0.8256490000)
(-0.3603014000, -0.4247292000, 0.0883385000, 0.8258235000)
(-0.3602121000, -0.4247058000, 0.0882840800, 0.8258803000)
(-0.3602885000, -0.4245910000, 0.0883363500, 0.8259004000)
(-0.3603447000, -0.4248120000, 0.0881429200, 0.8257828000)
(-0.3604747000, -0.4245766000, 0.0883135200, 0.8258290000)
(-0.3604282000, -0.4248193000, 0.0884099300, 0.8257141000)
(-0.3602211000, -0.4247639000, 0.0882972000, 0.8258451000)
(-0.3603909000, -0.4246421000, 0.0882637300, 0.8258371000)
(-0.3602409000, -0.4248069000, 0.0883345500, 0.8258103000)
(-0.3600581000, -0.4248434000, 0.0881853600, 0.8258872000)
(-0.3601489000, -0.4247274000, 0.0881755400, 0.8259083000)
(-0.3603300000, -0.4248255000, 0.0882302700, 0.8257730000)
(-0.3604274000, -0.4247710000, 0.0882955500, 0.8257515000)
(-0.3601853000, -0.4247348000, 0.0882691000, 0.8258787000)
(-0.3603754000, -0.4248028000, 0.0882379500, 0.8257641000)
(-0.3603964000, -0.4247375000, 0.0882909800, 0.8257828000)
(-0.3602993000, -0.4246671000, 0.0883722800, 0.8258527000)
(-0.3602492000, -0.4247645000, 0.0883937400, 0.8258222000)
(-0.3600752000, -0.4249901000, 0.0883883500, 0.8257826000)
(-0.3605066000, -0.4248180000, 0.0883939900, 0.8256822000)
(-0.3604287000, -0.4249339000, 0.0884447500, 0.8256512000)
(-0.3604072000, -0.4249587000, 0.0882489800, 0.8256688000)
(-0.3603919000, -0.4248943000, 0.0883601800, 0.8256968000)
(-0.3604416000, -0.4250123000, 0.0883056400, 0.8256201000)
(-0.3603491000, -0.4250048000, 0.0882218500, 0.8256733000)
(-0.3600761000, -0.4249368000, 0.0883232900, 0.8258165000)
(-0.3602442000, -0.4250796000, 0.0884315800, 0.8256581000)
(-0.3602307000, -0.4249688000, 0.0882872200, 0.8257365000)
(-0.3602917000, -0.4249062000, 0.0884174900, 0.8257281000)
(-0.3602744000, -0.4250407000, 0.0883651200, 0.8256721000)
(-0.3603152000, -0.4249907000, 0.0884493400, 0.8256710000)
(-0.3602063000, -0.4249824000, 0.0883709300, 0.8257312000)
(-0.3603568000, -0.4250215000, 0.0885188300, 0.8256295000)
(-0.3605073000, -0.4250364000, 0.0885732600, 0.8255503000)
(-0.3607068000, -0.4250107000, 0.0887157900, 0.8254611000)
(-0.3609112000, -0.4250323000, 0.0889185100, 0.8253389000)
(-0.3613200000, -0.4250655000, 0.0890745900, 0.8251260000)
(-0.3614474000, -0.4252416000, 0.0892633200, 0.8249591000)
(-0.3619763000, -0.4252903000, 0.0894122800, 0.8246859000)
(-0.3634184000, -0.4245518000, 0.0894868200, 0.8244241000)
(-0.3616939000, -0.4252910000, 0.0887929300, 0.8248763000)
(-0.3624747000, -0.4247902000, 0.0890415800, 0.8247648000)
(-0.3625654000, -0.4249465000, 0.0891216000, 0.8246357000)
(-0.3620271000, -0.4252153000, 0.0888167800, 0.8247666000)
(-0.3622673000, -0.4249491000, 0.0889848200, 0.8247802000)
(-0.3611887000, -0.4251151000, 0.0887291700, 0.8251952000)
(-0.3611189000, -0.4254811000, 0.0884945500, 0.8250622000)
(-0.3608055000, -0.4252849000, 0.0885332500, 0.8252963000)
(-0.3603742000, -0.4251860000, 0.0885496100, 0.8255339000)
(-0.3601954000, -0.4251465000, 0.0884160000, 0.8256467000)
(-0.3605201000, -0.4249548000, 0.0883689900, 0.8256086000)
(-0.3605632000, -0.4247903000, 0.0883107700, 0.8256807000)
(-0.3607371000, -0.4249554000, 0.0883350100, 0.8255172000)
(-0.3608380000, -0.4249462000, 0.0885673700, 0.8254530000)
(-0.3608111000, -0.4246930000, 0.0885588200, 0.8255959000)
(-0.3611533000, -0.4247859000, 0.0886537100, 0.8253883000)
(-0.3609290000, -0.4247665000, 0.0888172500, 0.8254787000)
(-0.3611580000, -0.4245125000, 0.0889987500, 0.8254897000)
(-0.3611635000, -0.4240042000, 0.0894300600, 0.8257020000)
(-0.3612770000, -0.4242147000, 0.0892367400, 0.8255650000)
(-0.3613704000, -0.4245974000, 0.0891143600, 0.8253406000)
(-0.3612365000, -0.4244318000, 0.0891391900, 0.8254817000)
(-0.3614232000, -0.4244379000, 0.0889668600, 0.8254154000)
(-0.3618166000, -0.4243728000, 0.0888796200, 0.8252859000)
(-0.3620012000, -0.4244460000, 0.0889322500, 0.8251618000)
(-0.3620632000, -0.4247133000, 0.0888775000, 0.8250028000)
(-0.3623029000, -0.4246514000, 0.0889444900, 0.8249223000)
(-0.3620191000, -0.4247799000, 0.0888338200, 0.8249926000)
(-0.3619668000, -0.4249760000, 0.0889370900, 0.8249034000)
(-0.3616758000, -0.4248256000, 0.0889761000, 0.8251043000)
(-0.3613405000, -0.4248458000, 0.0890056700, 0.8252376000)
(-0.3613326000, -0.4251193000, 0.0888139100, 0.8251209000)
(-0.3608818000, -0.4250524000, 0.0886590500, 0.8253692000)
(-0.3611785000, -0.4250490000, 0.0886841600, 0.8252385000)
(-0.3607617000, -0.4250694000, 0.0886856900, 0.8254101000)
(-0.3606912000, -0.4250642000, 0.0887519600, 0.8254365000)
(-0.3605841000, -0.4249243000, 0.0884823900, 0.8255842000)
(-0.3602760000, -0.4247458000, 0.0884232100, 0.8258169000)
(-0.3604088000, -0.4246269000, 0.0885676900, 0.8258047000)
(-0.3602561000, -0.4244259000, 0.0885467500, 0.8259768000)
(-0.3603066000, -0.4247985000, 0.0884426900, 0.8257744000)
(-0.3603066000, -0.4247121000, 0.0884593600, 0.8258170000)
(-0.3605111000, -0.4245950000, 0.0883594400, 0.8257987000)
(-0.3608752000, -0.4244165000, 0.0884334100, 0.8257235000)
(-0.3607805000, -0.4247887000, 0.0884778600, 0.8255687000)
(-0.3610061000, -0.4248984000, 0.0884562100, 0.8254160000)
(-0.3610642000, -0.4249051000, 0.0884740700, 0.8253852000)
(-0.3613118000, -0.4250538000, 0.0887354500, 0.8251722000)
(-0.3613459000, -0.4251504000, 0.0886439200, 0.8251173000)
(-0.3613384000, -0.4251314000, 0.0888255200, 0.8251109000)
(-0.3611348000, -0.4250253000, 0.0887712400, 0.8252605000)
(-0.3610984000, -0.4250472000, 0.0886347700, 0.8252797000)
(-0.3607462000, -0.4250171000, 0.0886398200, 0.8254488000)
(-0.3604704000, -0.4251381000, 0.0884140600, 0.8255311000)
(-0.3605190000, -0.4249628000, 0.0883690900, 0.8256050000)
(-0.3600125000, -0.4251170000, 0.0883534800, 0.8257483000)
(-0.3600402000, -0.4251973000, 0.0883866000, 0.8256913000)
(-0.3597205000, -0.4250574000, 0.0883606700, 0.8259054000)
(-0.3596807000, -0.4250688000, 0.0882598900, 0.8259277000)
(-0.3597484000, -0.4250172000, 0.0882700600, 0.8259237000)
(-0.3593641000, -0.4248415000, 0.0881955600, 0.8261893000)
(-0.3596551000, -0.4249073000, 0.0882453100, 0.8260235000)
(-0.3596702000, -0.4248519000, 0.0880308200, 0.8260683000)
(-0.3598582000, -0.4248423000, 0.0880995400, 0.8259841000)
(-0.3597826000, -0.4251055000, 0.0879313900, 0.8258994000)
(-0.3599142000, -0.4251175000, 0.0879495200, 0.8258340000)
(-0.3598419000, -0.4251373000, 0.0879586200, 0.8258543000)
(-0.3599781000, -0.4252198000, 0.0880892600, 0.8257385000)
(-0.3596758000, -0.4254248000, 0.0881352100, 0.8257598000)
(-0.3595526000, -0.4254450000, 0.0881742300, 0.8257989000)
(-0.3589537000, -0.4253293000, 0.0881183800, 0.8261249000)
(-0.3590370000, -0.4253758000, 0.0879243800, 0.8260854000)
(-0.3592527000, -0.4253426000, 0.0878868600, 0.8260128000)
(-0.3590685000, -0.4253504000, 0.0880688900, 0.8260695000)
(-0.3591664000, -0.4251181000, 0.0879302700, 0.8261612000)
(-0.3588188000, -0.4252548000, 0.0879710800, 0.8262376000)
(-0.3589249000, -0.4253655000, 0.0881259400, 0.8261180000)
(-0.3589144000, -0.4250920000, 0.0879911000, 0.8262777000)
(-0.3588004000, -0.4251344000, 0.0880429100, 0.8262998000)
(-0.3588136000, -0.4252130000, 0.0879615600, 0.8262624000)
(-0.3589690000, -0.4253277000, 0.0881059600, 0.8261204000)
(-0.3588908000, -0.4251681000, 0.0879833300, 0.8262497000)
(-0.3586895000, -0.4252848000, 0.0878523900, 0.8262909000)
(-0.3589430000, -0.4253763000, 0.0878559600, 0.8261334000)
(-0.3590319000, -0.4254525000, 0.0878734300, 0.8260537000)
(-0.3588895000, -0.4255293000, 0.0878705800, 0.8260762000)
(-0.3588586000, -0.4255136000, 0.0877257500, 0.8261132000)
(-0.3585381000, -0.4255933000, 0.0876872600, 0.8262154000)
(-0.3585378000, -0.4255625000, 0.0876762600, 0.8262325000)
(-0.3585773000, -0.4256638000, 0.0877532400, 0.8261549000)
(-0.3587163000, -0.4256428000, 0.0876910200, 0.8261121000)
(-0.3588114000, -0.4257125000, 0.0878279900, 0.8260203000)
(-0.3586033000, -0.4256672000, 0.0877791000, 0.8261392000)
(-0.3587753000, -0.4254703000, 0.0879368900, 0.8261492000)
(-0.3585873000, -0.4255170000, 0.0876959800, 0.8262323000)
(-0.3586000000, -0.4255280000, 0.0878314200, 0.8262067000)
(-0.3587054000, -0.4255025000, 0.0877887400, 0.8261787000)
(-0.3588515000, -0.4255519000, 0.0875339400, 0.8261169000)
(-0.3587123000, -0.4257492000, 0.0877850400, 0.8260490000)
(-0.3589782000, -0.4257309000, 0.0878178300, 0.8259394000)
(-0.3590943000, -0.4255060000, 0.0878192600, 0.8260047000)
(-0.3587731000, -0.4257665000, 0.0876965200, 0.8260230000)
(-0.3586318000, -0.4257327000, 0.0876814000, 0.8261035000)
(-0.3585590000, -0.4256735000, 0.0878266700, 0.8261501000)
(-0.3583090000, -0.4258918000, 0.0876197900, 0.8261680000)
(-0.3582689000, -0.4257378000, 0.0875411300, 0.8262730000)
(-0.3584917000, -0.4257526000, 0.0875474700, 0.8261682000)
(-0.3587763000, -0.4256425000, 0.0878654200, 0.8260676000)
(-0.3588484000, -0.4256680000, 0.0876285100, 0.8260484000)
(-0.3591345000, -0.4253112000, 0.0879685200, 0.8260717000)
(-0.3588092000, -0.4256043000, 0.0878549300, 0.8260742000)
(-0.3586601000, -0.4257234000, 0.0877401000, 0.8260897000)
(-0.3587761000, -0.4257123000, 0.0876228500, 0.8260575000)
(-0.3585305000, -0.4258859000, 0.0873788500, 0.8261005000)
(-0.3585296000, -0.4259508000, 0.0876079700, 0.8260431000)
(-0.3577073000, -0.4258929000, 0.0872392300, 0.8264684000)
(-0.3574190000, -0.4260931000, 0.0873256800, 0.8264808000)
(-0.3574339000, -0.4259239000, 0.0868694700, 0.8266097000)
(-0.3572771000, -0.4261444000, 0.0870082400, 0.8265492000)
(-0.3570385000, -0.4261051000, 0.0871009500, 0.8266628000)
(-0.3572139000, -0.4260639000, 0.0871217500, 0.8266062000)
(-0.3570102000, -0.4261847000, 0.0869737200, 0.8266474000)
(-0.3572607000, -0.4259628000, 0.0870519700, 0.8266453000)
(-0.3571402000, -0.4260149000, 0.0871832100, 0.8266568000)
(-0.3569861000, -0.4261642000, 0.0870381800, 0.8266616000)
(-0.3572735000, -0.4260791000, 0.0871963700, 0.8265647000)
(-0.3570827000, -0.4263197000, 0.0869138100, 0.8265528000)
(-0.3572457000, -0.4263734000, 0.0870486600, 0.8264405000)
(-0.3573914000, -0.4264924000, 0.0870497200, 0.8263159000)
(-0.3575015000, -0.4264523000, 0.0871580000, 0.8262776000)
(-0.3576969000, -0.4264490000, 0.0870457400, 0.8262066000)
(-0.3577880000, -0.4265429000, 0.0872771400, 0.8260942000)
(-0.3574581000, -0.4266216000, 0.0870711200, 0.8262181000)
(-0.3575924000, -0.4264013000, 0.0872161200, 0.8262584000)
(-0.3573070000, -0.4265337000, 0.0871373300, 0.8263219000)
(-0.3575516000, -0.4265778000, 0.0872254000, 0.8261840000)
(-0.3573387000, -0.4264848000, 0.0873177600, 0.8263143000)
(-0.3575203000, -0.4263220000, 0.0872161900, 0.8263305000)
(-0.3573965000, -0.4262965000, 0.0872307900, 0.8263957000)
(-0.3576359000, -0.4262692000, 0.0872636000, 0.8263027000)
(-0.3575065000, -0.4263483000, 0.0870012800, 0.8263456000)
(-0.3575425000, -0.4263050000, 0.0871417600, 0.8263375000)
(-0.3575597000, -0.4263232000, 0.0871282900, 0.8263221000)
(-0.3574979000, -0.4264224000, 0.0871435900, 0.8262961000)
(-0.3574345000, -0.4266011000, 0.0871820200, 0.8262272000)
(-0.3575587000, -0.4266492000, 0.0870099600, 0.8261667000)
(-0.3575099000, -0.4265381000, 0.0870017400, 0.8262461000)
(-0.3573934000, -0.4265961000, 0.0870078700, 0.8262659000)
(-0.3571677000, -0.4264707000, 0.0869823900, 0.8264310000)
(-0.3571246000, -0.4264849000, 0.0871501600, 0.8264246000)
(-0.3571173000, -0.4263253000, 0.0870505600, 0.8265205000)
(-0.3570036000, -0.4262867000, 0.0871566200, 0.8265784000)
(-0.3572125000, -0.4262446000, 0.0872170600, 0.8265035000)
(-0.3569409000, -0.4263543000, 0.0871995900, 0.8265660000)
(-0.3570993000, -0.4264698000, 0.0873785900, 0.8264192000)
(-0.3573089000, -0.4268953000, 0.0871833300, 0.8261294000)
(-0.3573373000, -0.4265976000, 0.0871413500, 0.8262753000)
(-0.3575311000, -0.4271221000, 0.0870637400, 0.8259286000)
(-0.3574693000, -0.4272178000, 0.0871582700, 0.8258960000)
(-0.3575661000, -0.4273136000, 0.0871816400, 0.8258020000)
(-0.3573914000, -0.4271939000, 0.0870156000, 0.8259570000)
(-0.3570361000, -0.4274272000, 0.0869837600, 0.8259934000)
(-0.3569725000, -0.4272616000, 0.0868440300, 0.8261212000)
(-0.3569868000, -0.4272233000, 0.0869345400, 0.8261253000)
(-0.3567280000, -0.4271944000, 0.0870685500, 0.8262380000)
(-0.3569965000, -0.4271391000, 0.0871748800, 0.8261394000)
(-0.3567677000, -0.4271937000, 0.0871290000, 0.8262148000)
(-0.3566371000, -0.4271180000, 0.0871333000, 0.8263099000)
(-0.3564709000, -0.4270449000, 0.0870802800, 0.8264250000)
(-0.3565977000, -0.4272601000, 0.0868574900, 0.8262824000)
(-0.3566638000, -0.4272769000, 0.0868864600, 0.8262421000)
(-0.3568401000, -0.4272367000, 0.0868477800, 0.8261909000)
(-0.3571198000, -0.4272912000, 0.0868983900, 0.8260366000)
(-0.3571322000, -0.4271952000, 0.0870638500, 0.8260635000)
(-0.3571649000, -0.4274135000, 0.0871236600, 0.8259301000)
(-0.3570097000, -0.4274685000, 0.0871609000, 0.8259647000)
(-0.3571353000, -0.4275893000, 0.0870814500, 0.8258563000)
(-0.3569056000, -0.4273513000, 0.0871875500, 0.8260676000)
(-0.3571761000, -0.4274069000, 0.0871964100, 0.8259209000)
(-0.3567972000, -0.4274495000, 0.0870849300, 0.8260744000)
(-0.3564253000, -0.4272286000, 0.0870715500, 0.8263506000)
(-0.3563510000, -0.4272240000, 0.0869584100, 0.8263969000)
(-0.3567344000, -0.4269946000, 0.0870622300, 0.8263391000)
(-0.3563722000, -0.4268658000, 0.0868090200, 0.8265886000)
(-0.3562746000, -0.4271405000, 0.0867533200, 0.8264946000)
(-0.3561713000, -0.4271179000, 0.0869346200, 0.8265317000)
(-0.3561380000, -0.4270690000, 0.0868859900, 0.8265765000)
(-0.3559267000, -0.4268934000, 0.0869026200, 0.8267565000)
(-0.3557910000, -0.4268562000, 0.0865567100, 0.8268703000)
(-0.3556616000, -0.4268053000, 0.0867770200, 0.8269292000)
(-0.3558754000, -0.4266070000, 0.0865184000, 0.8269666000)
(-0.3559799000, -0.4267147000, 0.0866306500, 0.8268543000)
(-0.3558564000, -0.4266777000, 0.0866747600, 0.8269219000)
(-0.3558125000, -0.4268286000, 0.0864371400, 0.8268878000)
(-0.3559977000, -0.4268658000, 0.0866912000, 0.8267624000)
(-0.3559808000, -0.4268912000, 0.0867615000, 0.8267491000)
(-0.3562222000, -0.4272760000, 0.0869008900, 0.8264316000)
(-0.3561600000, -0.4272630000, 0.0867292100, 0.8264832000)
(-0.3564079000, -0.4271749000, 0.0867929500, 0.8264151000)
(-0.3567230000, -0.4274290000, 0.0868729300, 0.8261394000)
(-0.3569807000, -0.4272568000, 0.0868022600, 0.8261246000)
(-0.3565049000, -0.4272757000, 0.0868625600, 0.8263139000)
(-0.3568611000, -0.4272018000, 0.0868761500, 0.8261969000)
(-0.3567147000, -0.4273129000, 0.0870380000, 0.8261856000)
(-0.3568333000, -0.4273173000, 0.0870769900, 0.8261280000)
(-0.3566352000, -0.4274257000, 0.0871405700, 0.8261508000)
(-0.3564877000, -0.4274349000, 0.0870474500, 0.8262196000)
(-0.3567233000, -0.4274638000, 0.0871537700, 0.8260916000)
(-0.3566943000, -0.4273954000, 0.0870969300, 0.8261456000)
(-0.3570877000, -0.4273543000, 0.0872244200, 0.8259834000)
(-0.3572648000, -0.4274110000, 0.0871970000, 0.8258803000)
(-0.3571343000, -0.4274933000, 0.0873261200, 0.8258806000)
(-0.3571348000, -0.4274943000, 0.0872637300, 0.8258865000)
(-0.3568536000, -0.4276114000, 0.0869974000, 0.8259755000)
(-0.3568291000, -0.4275277000, 0.0871226300, 0.8260161000)
(-0.3568084000, -0.4275952000, 0.0869606200, 0.8260072000)
(-0.3568175000, -0.4275542000, 0.0870506800, 0.8260151000)
(-0.3567128000, -0.4276691000, 0.0869457600, 0.8260118000)
(-0.3566131000, -0.4276251000, 0.0870955600, 0.8260618000)
(-0.3567635000, -0.4277715000, 0.0870996900, 0.8259207000)
(-0.3567424000, -0.4279153000, 0.0870765100, 0.8258578000)
(-0.3564017000, -0.4277084000, 0.0868657200, 0.8261342000)
(-0.3558555000, -0.4279319000, 0.0870328600, 0.8262363000)
(-0.3552863000, -0.4277012000, 0.0869966200, 0.8266045000)
(-0.3556284000, -0.4277476000, 0.0869035200, 0.8264431000)
(-0.3557090000, -0.4277602000, 0.0869724500, 0.8263947000)
(-0.3553714000, -0.4277311000, 0.0868767600, 0.8265650000)
(-0.3552814000, -0.4278224000, 0.0868813500, 0.8265560000)
(-0.3555892000, -0.4277896000, 0.0868913900, 0.8264396000)
(-0.3557316000, -0.4277894000, 0.0869926500, 0.8263677000)
(-0.3558816000, -0.4279287000, 0.0871775200, 0.8262115000)
(-0.3557532000, -0.4279780000, 0.0870417600, 0.8262556000)
(-0.3558414000, -0.4280012000, 0.0870584800, 0.8262038000)
(-0.3561864000, -0.4277219000, 0.0872076200, 0.8261840000)
(-0.3563744000, -0.4280151000, 0.0872619600, 0.8259453000)
(-0.3559634000, -0.4279875000, 0.0869839000, 0.8261662000)
(-0.3561555000, -0.4280347000, 0.0871914800, 0.8260371000)
(-0.3559178000, -0.4280814000, 0.0870544900, 0.8261299000)
(-0.3558888000, -0.4283973000, 0.0870392800, 0.8259801000)
(-0.3554160000, -0.4284258000, 0.0867857000, 0.8261955000)
(-0.3557159000, -0.4280754000, 0.0869336400, 0.8262326000)
(-0.3553776000, -0.4283384000, 0.0868134500, 0.8262545000)
(-0.3553337000, -0.4282215000, 0.0868129400, 0.8263340000)
(-0.3550123000, -0.4283735000, 0.0867198700, 0.8264031000)
(-0.3551263000, -0.4282215000, 0.0867518800, 0.8264295000)
(-0.3550884000, -0.4283428000, 0.0867117200, 0.8263872000)
(-0.3550555000, -0.4282728000, 0.0868067900, 0.8264276000)
(-0.3549686000, -0.4281410000, 0.0867223100, 0.8265421000)
(-0.3549010000, -0.4282103000, 0.0867746300, 0.8265297000)
(-0.3551280000, -0.4281803000, 0.0867321900, 0.8264523000)
(-0.3552181000, -0.4281801000, 0.0867473400, 0.8264121000)
(-0.3555587000, -0.4280770000, 0.0870090500, 0.8262914000)
(-0.3552955000, -0.4280735000, 0.0870070400, 0.8264067000)
(-0.3555748000, -0.4280773000, 0.0871364500, 0.8262709000)
(-0.3552135000, -0.4280870000, 0.0869154300, 0.8264446000)
(-0.3553278000, -0.4279978000, 0.0867479100, 0.8264592000)
(-0.3554102000, -0.4279659000, 0.0870200500, 0.8264117000)
(-0.3557557000, -0.4279314000, 0.0871930300, 0.8262627000)
(-0.3559128000, -0.4278437000, 0.0872312000, 0.8262364000)
(-0.3562188000, -0.4281781000, 0.0875570000, 0.8258968000)
(-0.3560169000, -0.4279937000, 0.0873046800, 0.8261061000)
(-0.3566869000, -0.4279642000, 0.0871897100, 0.8258445000)
(-0.3566667000, -0.4277807000, 0.0872296000, 0.8259441000)
(-0.3567442000, -0.4277832000, 0.0872872300, 0.8259032000)
(-0.3564878000, -0.4278779000, 0.0872747500, 0.8259661000)
(-0.3560657000, -0.4279087000, 0.0872811800, 0.8261316000)
(-0.3559547000, -0.4280944000, 0.0871940400, 0.8260924000)
(-0.3552278000, -0.4280934000, 0.0870776300, 0.8264180000)
(-0.3551173000, -0.4284763000, 0.0869858900, 0.8262768000)
(-0.3553124000, -0.4282194000, 0.0870067400, 0.8263238000)
(-0.3552062000, -0.4281863000, 0.0866891500, 0.8264201000)
(-0.3552167000, -0.4279783000, 0.0868245700, 0.8265091000)
(-0.3548561000, -0.4281218000, 0.0866236800, 0.8266107000)
(-0.3550400000, -0.4279478000, 0.0866389100, 0.8266202000)
(-0.3549516000, -0.4278291000, 0.0866686100, 0.8267165000)
(-0.3548363000, -0.4280252000, 0.0866366700, 0.8266678000)
(-0.3547387000, -0.4278753000, 0.0866990700, 0.8267808000)
(-0.3549322000, -0.4278917000, 0.0867365200, 0.8266853000)
(-0.3547792000, -0.4276926000, 0.0867161200, 0.8268562000)
(-0.3548814000, -0.4276496000, 0.0867383600, 0.8268322000)
(-0.3546984000, -0.4277595000, 0.0867412700, 0.8268536000)
(-0.3550448000, -0.4279045000, 0.0865318600, 0.8266518000)
(-0.3548155000, -0.4278532000, 0.0865423700, 0.8267757000)
(-0.3547117000, -0.4278086000, 0.0866446600, 0.8268327000)
(-0.3546711000, -0.4278059000, 0.0864625000, 0.8268704000)
(-0.3548774000, -0.4275179000, 0.0864477400, 0.8269325000)
(-0.3547044000, -0.4277911000, 0.0864056600, 0.8268698000)
(-0.3544785000, -0.4279971000, 0.0867074900, 0.8268285000)
(-0.3545414000, -0.4277227000, 0.0865652900, 0.8269584000)
(-0.3544216000, -0.4277359000, 0.0864793600, 0.8270119000)
(-0.3542894000, -0.4279662000, 0.0863181900, 0.8269663000)
(-0.3543684000, -0.4280326000, 0.0863094900, 0.8268989000)
(-0.3543212000, -0.4277916000, 0.0863471700, 0.8270399000)
(-0.3541399000, -0.4277238000, 0.0862936100, 0.8271582000)
(-0.3538303000, -0.4274620000, 0.0862637800, 0.8274291000)
(-0.3536359000, -0.4274961000, 0.0861461800, 0.8275068000)
(-0.3531480000, -0.4274790000, 0.0860350600, 0.8277356000)
(-0.3535164000, -0.4274916000, 0.0862190500, 0.8275526000)
(-0.3535931000, -0.4275613000, 0.0864249400, 0.8274624000)
(-0.3536206000, -0.4276260000, 0.0863874000, 0.8274211000)
(-0.3536058000, -0.4277073000, 0.0865498300, 0.8273684000)
(-0.3536365000, -0.4275953000, 0.0866064000, 0.8274074000)
(-0.3530993000, -0.4275432000, 0.0863432800, 0.8276911000)
(-0.3519859000, -0.4275414000, 0.0853471700, 0.8282694000)
(-0.3505822000, -0.4274652000, 0.0849404500, 0.8289456000)
(-0.3489792000, -0.4274591000, 0.0844892800, 0.8296709000)
(-0.3475182000, -0.4280493000, 0.0841540900, 0.8300139000)
(-0.3468408000, -0.4280505000, 0.0839957400, 0.8303126000)
(-0.3446695000, -0.4283154000, 0.0835182500, 0.8311279000)
(-0.3457061000, -0.4282407000, 0.0838577000, 0.8307016000)
(-0.3458091000, -0.4284401000, 0.0841118300, 0.8305302000)
(-0.3468290000, -0.4281750000, 0.0842504100, 0.8302276000)
(-0.3468221000, -0.4280564000, 0.0844484000, 0.8302714000)
(-0.3465259000, -0.4279909000, 0.0842737300, 0.8304466000)
(-0.3468666000, -0.4278472000, 0.0845051000, 0.8303549000)
(-0.3466305000, -0.4278108000, 0.0844494600, 0.8304779000)
(-0.3469552000, -0.4276579000, 0.0840044500, 0.8304662000)
(-0.3466001000, -0.4276727000, 0.0839556600, 0.8306118000)
(-0.3467254000, -0.4275908000, 0.0839951400, 0.8305976000)
(-0.3466749000, -0.4278204000, 0.0837500200, 0.8305252000)
(-0.3467633000, -0.4275615000, 0.0839204600, 0.8306044000)
(-0.3463383000, -0.4275833000, 0.0837585900, 0.8307869000)
(-0.3466483000, -0.4278320000, 0.0837701200, 0.8305284000)
(-0.3465711000, -0.4277199000, 0.0836730200, 0.8306281000)
(-0.3466135000, -0.4276629000, 0.0837818800, 0.8306288000)
(-0.3465139000, -0.4276642000, 0.0837652200, 0.8306713000)
(-0.3466831000, -0.4274098000, 0.0838479000, 0.8307234000)
(-0.3466994000, -0.4275067000, 0.0838670700, 0.8306647000)
(-0.3466139000, -0.4273725000, 0.0839913400, 0.8307570000)
(-0.3463924000, -0.4273968000, 0.0840198700, 0.8308339000)
(-0.3465315000, -0.4273848000, 0.0838746200, 0.8307967000)
(-0.3462385000, -0.4272775000, 0.0839119200, 0.8309703000)
(-0.3462261000, -0.4275314000, 0.0837918100, 0.8308570000)
(-0.3459881000, -0.4273262000, 0.0838411200, 0.8310567000)
(-0.3462315000, -0.4271260000, 0.0836306700, 0.8310795000)
(-0.3459763000, -0.4269868000, 0.0837355900, 0.8312467000)
(-0.3460521000, -0.4269020000, 0.0836697100, 0.8312653000)
(-0.3461011000, -0.4270726000, 0.0836631700, 0.8311579000)
(-0.3462473000, -0.4270132000, 0.0837327900, 0.8311206000)
(-0.3460760000, -0.4269003000, 0.0836438100, 0.8312589000)
(-0.3463294000, -0.4269212000, 0.0836859700, 0.8311383000)
(-0.3464017000, -0.4267977000, 0.0837870300, 0.8311615000)
(-0.3467491000, -0.4266293000, 0.0838224000, 0.8310995000)
(-0.3466839000, -0.4266318000, 0.0838074600, 0.8311269000)
(-0.3465915000, -0.4266400000, 0.0839306500, 0.8311488000)
(-0.3468329000, -0.4265219000, 0.0837315800, 0.8311288000)
(-0.3467476000, -0.4266186000, 0.0839089000, 0.8310969000)
(-0.3465838000, -0.4263218000, 0.0836982400, 0.8313387000)
(-0.3466443000, -0.4262349000, 0.0836408400, 0.8313638000)
(-0.3467174000, -0.4264528000, 0.0837253000, 0.8312131000)
(-0.3466824000, -0.4265911000, 0.0834832300, 0.8311810000)
(-0.3466662000, -0.4263665000, 0.0833777200, 0.8313136000)
(-0.3469568000, -0.4267363000, 0.0831950200, 0.8310209000)
(-0.3469320000, -0.4266407000, 0.0833725600, 0.8310625000)
(-0.3473125000, -0.4264404000, 0.0834260700, 0.8310010000)
(-0.3472459000, -0.4265476000, 0.0836337200, 0.8309530000)
(-0.3474271000, -0.4262960000, 0.0835372400, 0.8310161000)
(-0.3470441000, -0.4266458000, 0.0834392800, 0.8310065000)
(-0.3473705000, -0.4264815000, 0.0834287900, 0.8309554000)
(-0.3469597000, -0.4264049000, 0.0834874200, 0.8311605000)
(-0.3467332000, -0.4263465000, 0.0833961400, 0.8312941000)
(-0.3465392000, -0.4261212000, 0.0832277400, 0.8315073000)
(-0.3459931000, -0.4262343000, 0.0831426500, 0.8316853000)
(-0.3462052000, -0.4258967000, 0.0831996800, 0.8317642000)
(-0.3459768000, -0.4260053000, 0.0831964600, 0.8318040000)
(-0.3456200000, -0.4262596000, 0.0830337200, 0.8318384000)
(-0.3454825000, -0.4259486000, 0.0829976400, 0.8320583000)
(-0.3457714000, -0.4258255000, 0.0830006200, 0.8320010000)
(-0.3458977000, -0.4257758000, 0.0829665100, 0.8319774000)
(-0.3460858000, -0.4257831000, 0.0828548400, 0.8319065000)
(-0.3458344000, -0.4258764000, 0.0829327500, 0.8319556000)
(-0.3463064000, -0.4257345000, 0.0829767600, 0.8318275000)
(-0.3459834000, -0.4258918000, 0.0830421700, 0.8318748000)
(-0.3460376000, -0.4258260000, 0.0829944100, 0.8318907000)
(-0.3462344000, -0.4259360000, 0.0830306000, 0.8317489000)
(-0.3463069000, -0.4258611000, 0.0829525500, 0.8317648000)
(-0.3462559000, -0.4257814000, 0.0827192300, 0.8318501000)
(-0.3457529000, -0.4258416000, 0.0827228300, 0.8320282000)
(-0.3461571000, -0.4257224000, 0.0827086400, 0.8319225000)
(-0.3461000000, -0.4256939000, 0.0828982000, 0.8319420000)
(-0.3465072000, -0.4257096000, 0.0829503100, 0.8317592000)
(-0.3464347000, -0.4258765000, 0.0826356600, 0.8317353000)
(-0.3465642000, -0.4255829000, 0.0828376200, 0.8318115000)
(-0.3466161000, -0.4257432000, 0.0826124400, 0.8317303000)
(-0.3466489000, -0.4256244000, 0.0828950000, 0.8317493000)
(-0.3468080000, -0.4256158000, 0.0827842400, 0.8316984000)
(-0.3469068000, -0.4257298000, 0.0827352100, 0.8316038000)
(-0.3467288000, -0.4255667000, 0.0826924200, 0.8317657000)
(-0.3468525000, -0.4255553000, 0.0829583900, 0.8316934000)
(-0.3466626000, -0.4262252000, 0.0830454600, 0.8314208000)
(-0.3466909000, -0.4261611000, 0.0827876500, 0.8314676000)
(-0.3463459000, -0.4259689000, 0.0827488200, 0.8317137000)
(-0.3463551000, -0.4259096000, 0.0825766300, 0.8317574000)
(-0.3461633000, -0.4257387000, 0.0825309800, 0.8319292000)
(-0.3461093000, -0.4258350000, 0.0821775600, 0.8319374000)
(-0.3457443000, -0.4258761000, 0.0823046300, 0.8320555000)
(-0.3455606000, -0.4257604000, 0.0823831000, 0.8321833000)
(-0.3453650000, -0.4258471000, 0.0822215200, 0.8322362000)
(-0.3455856000, -0.4256015000, 0.0821477800, 0.8322774000)
(-0.3453833000, -0.4253393000, 0.0819386500, 0.8325161000)
(-0.3457087000, -0.4253362000, 0.0821440800, 0.8323623000)
(-0.3450767000, -0.4248933000, 0.0820315300, 0.8328617000)
(-0.3452779000, -0.4251609000, 0.0821870600, 0.8326264000)
(-0.3450370000, -0.4248802000, 0.0821544300, 0.8328727000)
(-0.3452619000, -0.4247442000, 0.0822473000, 0.8328397000)
(-0.3449224000, -0.4243591000, 0.0823742800, 0.8331641000)
(-0.3450192000, -0.4243123000, 0.0821760700, 0.8331674000)
(-0.3452076000, -0.4245494000, 0.0822090500, 0.8329653000)
(-0.3453985000, -0.4248893000, 0.0822695800, 0.8327069000)
(-0.3456152000, -0.4245929000, 0.0824000500, 0.8327552000)
(-0.3452207000, -0.4246425000, 0.0824727400, 0.8328863000)
(-0.3456153000, -0.4248360000, 0.0823202800, 0.8326391000)
(-0.3457441000, -0.4250684000, 0.0822250800, 0.8324764000)
(-0.3459749000, -0.4248808000, 0.0822278300, 0.8324760000)
(-0.3456603000, -0.4249340000, 0.0822654200, 0.8325758000)
(-0.3456267000, -0.4249235000, 0.0822496200, 0.8325967000)
(-0.3455398000, -0.4250675000, 0.0821038500, 0.8325737000)
(-0.3455494000, -0.4250384000, 0.0821306100, 0.8325819000)
(-0.3455260000, -0.4248464000, 0.0820931300, 0.8326932000)
(-0.3454920000, -0.4246575000, 0.0819879400, 0.8328141000)
(-0.3454883000, -0.4249007000, 0.0819269600, 0.8326976000)
(-0.3453574000, -0.4244485000, 0.0819374700, 0.8329814000)
(-0.3452509000, -0.4247428000, 0.0821080000, 0.8328587000)
(-0.3455913000, -0.4247821000, 0.0821597000, 0.8326924000)
(-0.3455324000, -0.4247477000, 0.0821519100, 0.8327351000)
(-0.3455280000, -0.4246260000, 0.0820456400, 0.8328095000)
(-0.3455395000, -0.4248454000, 0.0820208400, 0.8326953000)
(-0.3453801000, -0.4246667000, 0.0819674300, 0.8328578000)
(-0.3454850000, -0.4247295000, 0.0820036100, 0.8327787000)
(-0.3455287000, -0.4246606000, 0.0819482000, 0.8328012000)
(-0.3453715000, -0.4247599000, 0.0817751400, 0.8328328000)
(-0.3451673000, -0.4247244000, 0.0818025900, 0.8329328000)
(-0.3451907000, -0.4246188000, 0.0818764500, 0.8329697000)
(-0.3450920000, -0.4247053000, 0.0817761900, 0.8329764000)
(-0.3452263000, -0.4246299000, 0.0817559900, 0.8329611000)
(-0.3453207000, -0.4246146000, 0.0818487000, 0.8329207000)
(-0.3451641000, -0.4246111000, 0.0817344500, 0.8329986000)
(-0.3452044000, -0.4245132000, 0.0816556700, 0.8330395000)
(-0.3452746000, -0.4243890000, 0.0816815900, 0.8330712000)
(-0.3454443000, -0.4244563000, 0.0816783500, 0.8329669000)
(-0.3451316000, -0.4242837000, 0.0817260700, 0.8331797000)
(-0.3452641000, -0.4241560000, 0.0816252400, 0.8331997000)
(-0.3452587000, -0.4239992000, 0.0816607900, 0.8332782000)
(-0.3453118000, -0.4239079000, 0.0815921400, 0.8333095000)
(-0.3451191000, -0.4239041000, 0.0815030400, 0.8333999000)
(-0.3449292000, -0.4238605000, 0.0816737600, 0.8334840000)
(-0.3452255000, -0.4239143000, 0.0815871500, 0.8333424000)
(-0.3452621000, -0.4238664000, 0.0816323500, 0.8333472000)
(-0.3453483000, -0.4238771000, 0.0815790400, 0.8333113000)
(-0.3452811000, -0.4237745000, 0.0814586100, 0.8334031000)
(-0.3452545000, -0.4237916000, 0.0815610800, 0.8333954000)
(-0.3453174000, -0.4235003000, 0.0814300800, 0.8335302000)
(-0.3454415000, -0.4235993000, 0.0814284200, 0.8334286000)
(-0.3453844000, -0.4235999000, 0.0814238200, 0.8334525000)
(-0.3452724000, -0.4235857000, 0.0815033300, 0.8334983000)
(-0.3450737000, -0.4232411000, 0.0813420000, 0.8337713000)
(-0.3452641000, -0.4235353000, 0.0815000900, 0.8335276000)
(-0.3451954000, -0.4235825000, 0.0815206800, 0.8335301000)
(-0.3454060000, -0.4233287000, 0.0814974500, 0.8335741000)
(-0.3449208000, -0.4234807000, 0.0814542000, 0.8337020000)
(-0.3450526000, -0.4232561000, 0.0814764900, 0.8337593000)
(-0.3452087000, -0.4232645000, 0.0815814600, 0.8336802000)
(-0.3451360000, -0.4232899000, 0.0813621700, 0.8337188000)
(-0.3451013000, -0.4230605000, 0.0815865500, 0.8338277000)
(-0.3453311000, -0.4231270000, 0.0815719300, 0.8337002000)
(-0.3455293000, -0.4231216000, 0.0815645200, 0.8336216000)
(-0.3454310000, -0.4231651000, 0.0814246200, 0.8336539000)
(-0.3453052000, -0.4232635000, 0.0814862600, 0.8336500000)
(-0.3453667000, -0.4231600000, 0.0813794200, 0.8336875000)
(-0.3454400000, -0.4232514000, 0.0813392800, 0.8336147000)
(-0.3453354000, -0.4233113000, 0.0812508800, 0.8336363000)
(-0.3451351000, -0.4233570000, 0.0812314000, 0.8336979000)
(-0.3451978000, -0.4234560000, 0.0812613300, 0.8336186000)
(-0.3451790000, -0.4233178000, 0.0812747300, 0.8336954000)
(-0.3452150000, -0.4233863000, 0.0812291400, 0.8336501000)
(-0.3450933000, -0.4235057000, 0.0812266800, 0.8336402000)
(-0.3449882000, -0.4234855000, 0.0812898100, 0.8336877000)
(-0.3450257000, -0.4234915000, 0.0812882500, 0.8336693000)
(-0.3451991000, -0.4235046000, 0.0809867500, 0.8336202000)
(-0.3450727000, -0.4235112000, 0.0812235800, 0.8336461000)
(-0.3450603000, -0.4235789000, 0.0811479000, 0.8336242000)
(-0.3449146000, -0.4236274000, 0.0812568700, 0.8336493000)
(-0.3451029000, -0.4234873000, 0.0811706900, 0.8336509000)
(-0.3451914000, -0.4234162000, 0.0812734100, 0.8336404000)
(-0.3450446000, -0.4234105000, 0.0811887300, 0.8337123000)
(-0.3450258000, -0.4231203000, 0.0811374800, 0.8338724000)
(-0.3450554000, -0.4234525000, 0.0812161000, 0.8336838000)
(-0.3451387000, -0.4234457000, 0.0813061500, 0.8336440000)
(-0.3451096000, -0.4233667000, 0.0813699100, 0.8336900000)
(-0.3452640000, -0.4234725000, 0.0813711100, 0.8335721000)
(-0.3452915000, -0.4233749000, 0.0813473000, 0.8336127000)
(-0.3451571000, -0.4234084000, 0.0809539900, 0.8336896000)
(-0.3451999000, -0.4234800000, 0.0812033300, 0.8336113000)
(-0.3453702000, -0.4237424000, 0.0812480300, 0.8334031000)
(-0.3455473000, -0.4239369000, 0.0811648400, 0.8332388000)
(-0.3455389000, -0.4238932000, 0.0812244600, 0.8332587000)
(-0.3453356000, -0.4240980000, 0.0811960100, 0.8332415000)
(-0.3452719000, -0.4237442000, 0.0809482300, 0.8334720000)
(-0.3450803000, -0.4238397000, 0.0810437800, 0.8334935000)
(-0.3451211000, -0.4240157000, 0.0809726300, 0.8333940000)
(-0.3452113000, -0.4239099000, 0.0808538400, 0.8334220000)
(-0.3453662000, -0.4238035000, 0.0808824700, 0.8334091000)
(-0.3450177000, -0.4238130000, 0.0808707600, 0.8335499000)
(-0.3451033000, -0.4235995000, 0.0807715700, 0.8336325000)
(-0.3448537000, -0.4237953000, 0.0807474200, 0.8336387000)
(-0.3452193000, -0.4236702000, 0.0807713600, 0.8335486000)
(-0.3452018000, -0.4236808000, 0.0809484000, 0.8335332000)
(-0.3451425000, -0.4236727000, 0.0808682000, 0.8335696000)
(-0.3452633000, -0.4236637000, 0.0806169700, 0.8335486000)
(-0.3449884000, -0.4236969000, 0.0807224200, 0.8336353000)
(-0.3450663000, -0.4235332000, 0.0806193800, 0.8336962000)
(-0.3451549000, -0.4234364000, 0.0808811100, 0.8336834000)
(-0.3454154000, -0.4235591000, 0.0808470900, 0.8335164000)
(-0.3451159000, -0.4233732000, 0.0807950900, 0.8337400000)
(-0.3454909000, -0.4234457000, 0.0808541300, 0.8335420000)
(-0.3451551000, -0.4234161000, 0.0807005600, 0.8337111000)
(-0.3453448000, -0.4234623000, 0.0806983900, 0.8336093000)
(-0.3450662000, -0.4233949000, 0.0807717600, 0.8337517000)
(-0.3452522000, -0.4233926000, 0.0807284300, 0.8336802000)
(-0.3451622000, -0.4232120000, 0.0804586000, 0.8338352000)
(-0.3451436000, -0.4229281000, 0.0805453400, 0.8339786000)
(-0.3450705000, -0.4232131000, 0.0805942600, 0.8338594000)
(-0.3451856000, -0.4231515000, 0.0807590800, 0.8338271000)
(-0.3451246000, -0.4231886000, 0.0806374300, 0.8338454000)
(-0.3453902000, -0.4228558000, 0.0806963200, 0.8338985000)
(-0.3452888000, -0.4229504000, 0.0806946100, 0.8338927000)
(-0.3453383000, -0.4229742000, 0.0806891000, 0.8338606000)
(-0.3455819000, -0.4229608000, 0.0808561300, 0.8337504000)
(-0.3453460000, -0.4228761000, 0.0805808400, 0.8339177000)
(-0.3453432000, -0.4228813000, 0.0807225300, 0.8339025000)
(-0.3453290000, -0.4227552000, 0.0807425000, 0.8339704000)
(-0.3456103000, -0.4226825000, 0.0808977600, 0.8338757000)
(-0.3457269000, -0.4227719000, 0.0808369300, 0.8337879000)
(-0.3456050000, -0.4225877000, 0.0808631600, 0.8339293000)
(-0.3456430000, -0.4227213000, 0.0808182000, 0.8338501000)
(-0.3457004000, -0.4227072000, 0.0808122200, 0.8338341000)
(-0.3457527000, -0.4225991000, 0.0809635000, 0.8338525000)
(-0.3457997000, -0.4226347000, 0.0809710300, 0.8338143000)
(-0.3460191000, -0.4225928000, 0.0809624200, 0.8337453000)
(-0.3459806000, -0.4224874000, 0.0810280300, 0.8338084000)
(-0.3459702000, -0.4225964000, 0.0810911000, 0.8337513000)
(-0.3459920000, -0.4226301000, 0.0809355200, 0.8337402000)
(-0.3461708000, -0.4226261000, 0.0809024000, 0.8336713000)
(-0.3461322000, -0.4226840000, 0.0809170700, 0.8336565000)
(-0.3460498000, -0.4226373000, 0.0810459900, 0.8337018000)
(-0.3460094000, -0.4228120000, 0.0809297300, 0.8336414000)
(-0.3460780000, -0.4226167000, 0.0809515900, 0.8337098000)
(-0.3460464000, -0.4226632000, 0.0809274600, 0.8337017000)
(-0.3460954000, -0.4226528000, 0.0810545900, 0.8336743000)
(-0.3460216000, -0.4224613000, 0.0809957800, 0.8338077000)
(-0.3460331000, -0.4223435000, 0.0808878200, 0.8338730000)
(-0.3461187000, -0.4224103000, 0.0811145000, 0.8337817000)
(-0.3462473000, -0.4223217000, 0.0809078200, 0.8337932000)
(-0.3464202000, -0.4223922000, 0.0810172600, 0.8336751000)
(-0.3461535000, -0.4224427000, 0.0809509200, 0.8337668000)
(-0.3464411000, -0.4225855000, 0.0809675200, 0.8335732000)
(-0.3464594000, -0.4224344000, 0.0811536700, 0.8336241000)
(-0.3464820000, -0.4223166000, 0.0810264400, 0.8336868000)
(-0.3465284000, -0.4223570000, 0.0811239100, 0.8336376000)
(-0.3465847000, -0.4221607000, 0.0812744900, 0.8336989000)
(-0.3464606000, -0.4222613000, 0.0811357900, 0.8337131000)
(-0.3463020000, -0.4222455000, 0.0812289100, 0.8337778000)
(-0.3465405000, -0.4221116000, 0.0813094300, 0.8337387000)
(-0.3464577000, -0.4222033000, 0.0811861400, 0.8337387000)
(-0.3464574000, -0.4222535000, 0.0813902200, 0.8336936000)
(-0.3465123000, -0.4220076000, 0.0812406100, 0.8338099000)
(-0.3464328000, -0.4219856000, 0.0812737600, 0.8338508000)
(-0.3465055000, -0.4218744000, 0.0812960500, 0.8338746000)
(-0.3463123000, -0.4220293000, 0.0812504600, 0.8338810000)
(-0.3462158000, -0.4220885000, 0.0813483500, 0.8338816000)
(-0.3460890000, -0.4221358000, 0.0812957500, 0.8339154000)
(-0.3459903000, -0.4221717000, 0.0811448600, 0.8339528000)
(-0.3460711000, -0.4220470000, 0.0811292400, 0.8339839000)
(-0.3460579000, -0.4220846000, 0.0810309400, 0.8339800000)
(-0.3460605000, -0.4220546000, 0.0812021100, 0.8339773000)
(-0.3460523000, -0.4222163000, 0.0810233400, 0.8339163000)
(-0.3461035000, -0.4219297000, 0.0812289800, 0.8340202000)
(-0.3458085000, -0.4220167000, 0.0809999500, 0.8341208000)
(-0.3459478000, -0.4220408000, 0.0811720300, 0.8340340000)
(-0.3461613000, -0.4221489000, 0.0810978600, 0.8338979000)
(-0.3461399000, -0.4221708000, 0.0810092500, 0.8339044000)
(-0.3462606000, -0.4222562000, 0.0812141400, 0.8337911000)
(-0.3461122000, -0.4221273000, 0.0811173700, 0.8339273000)
(-0.3462347000, -0.4222101000, 0.0811567500, 0.8338308000)
(-0.3462698000, -0.4221513000, 0.0810652100, 0.8338549000)
(-0.3462737000, -0.4220636000, 0.0812403400, 0.8338806000)
(-0.3462824000, -0.4221921000, 0.0811364100, 0.8338221000)
(-0.3463737000, -0.4222212000, 0.0809488400, 0.8337877000)
(-0.3463710000, -0.4220703000, 0.0810916400, 0.8338513000)
(-0.3463430000, -0.4222187000, 0.0810506600, 0.8337918000)
(-0.3462940000, -0.4221809000, 0.0809859600, 0.8338376000)
(-0.3464909000, -0.4221193000, 0.0811435600, 0.8337716000)
(-0.3463829000, -0.4223579000, 0.0809314900, 0.8337163000)
(-0.3463583000, -0.4221994000, 0.0811563100, 0.8337849000)
(-0.3463826000, -0.4221314000, 0.0811090200, 0.8338138000)
(-0.3464186000, -0.4223018000, 0.0810591100, 0.8337175000)
(-0.3465265000, -0.4223157000, 0.0810609800, 0.8336654000)
(-0.3465280000, -0.4223229000, 0.0810274900, 0.8336644000)
(-0.3463690000, -0.4221960000, 0.0810492000, 0.8337926000)
(-0.3459818000, -0.4223116000, 0.0808956400, 0.8339097000)
(-0.3461680000, -0.4223469000, 0.0809104700, 0.8338131000)
(-0.3462810000, -0.4222825000, 0.0809064200, 0.8337992000)
(-0.3463355000, -0.4222896000, 0.0809348400, 0.8337702000)
(-0.3464124000, -0.4222211000, 0.0809452300, 0.8337719000)
(-0.3462917000, -0.4222414000, 0.0809551100, 0.8338109000)
(-0.3463109000, -0.4223437000, 0.0809256000, 0.8337540000)
(-0.3462100000, -0.4221471000, 0.0809197500, 0.8338960000)
(-0.3463227000, -0.4221475000, 0.0810919900, 0.8338323000)
(-0.3463212000, -0.4222001000, 0.0808751500, 0.8338273000)
(-0.3461662000, -0.4223869000, 0.0810108500, 0.8337839000)
(-0.3462527000, -0.4221230000, 0.0809921500, 0.8338834000)
(-0.3461156000, -0.4223369000, 0.0808577300, 0.8338450000)
(-0.3461539000, -0.4221761000, 0.0809208700, 0.8339044000)
(-0.3461143000, -0.4221563000, 0.0807580400, 0.8339467000)
(-0.3460398000, -0.4222441000, 0.0807945400, 0.8339296000)
(-0.3458531000, -0.4221778000, 0.0806779800, 0.8340519000)
(-0.3458725000, -0.4222203000, 0.0808554400, 0.8340052000)
(-0.3456424000, -0.4220510000, 0.0808660900, 0.8341853000)
(-0.3458601000, -0.4222795000, 0.0806742800, 0.8339979000)
(-0.3460473000, -0.4221839000, 0.0808034500, 0.8339561000)
(-0.3459618000, -0.4222631000, 0.0808235600, 0.8339496000)
(-0.3461235000, -0.4222252000, 0.0807838700, 0.8339055000)
(-0.3458669000, -0.4222606000, 0.0807515800, 0.8339972000)
(-0.3458741000, -0.4222639000, 0.0806269500, 0.8340046000)
(-0.3460528000, -0.4221978000, 0.0807418300, 0.8339528000)
(-0.3462969000, -0.4221797000, 0.0807393000, 0.8338609000)
(-0.3461582000, -0.4221348000, 0.0805833900, 0.8339562000)
(-0.3459564000, -0.4222772000, 0.0808604100, 0.8339412000)
(-0.3458773000, -0.4223294000, 0.0806458500, 0.8339683000)
(-0.3462472000, -0.4222414000, 0.0807154700, 0.8338526000)
(-0.3459620000, -0.4222898000, 0.0806920200, 0.8339487000)
(-0.3460665000, -0.4221599000, 0.0807322700, 0.8339671000)
(-0.3459488000, -0.4222867000, 0.0806437500, 0.8339605000)
(-0.3460143000, -0.4221545000, 0.0805915400, 0.8340052000)
(-0.3459144000, -0.4221746000, 0.0805743600, 0.8340382000)
(-0.3457903000, -0.4221671000, 0.0806320700, 0.8340878000)
(-0.3458874000, -0.4221490000, 0.0805716700, 0.8340626000)
(-0.3458589000, -0.4221567000, 0.0804753800, 0.8340798000)
(-0.3464644000, -0.4213453000, 0.0812743600, 0.8341613000)
(-0.3463498000, -0.4222560000, 0.0805600300, 0.8338177000)
(-0.3458391000, -0.4219730000, 0.0807009400, 0.8341591000)
(-0.3460675000, -0.4222772000, 0.0808332500, 0.8338976000)
(-0.3457638000, -0.4219694000, 0.0804610600, 0.8342153000)
(-0.3458676000, -0.4221635000, 0.0805734500, 0.8340632000)
(-0.3458494000, -0.4221908000, 0.0806326800, 0.8340513000)
(-0.3458707000, -0.4221152000, 0.0805832400, 0.8340855000)
(-0.3457687000, -0.4222538000, 0.0805310200, 0.8340626000)
(-0.3458234000, -0.4221481000, 0.0806223700, 0.8340846000)
(-0.3456363000, -0.4220949000, 0.0803701200, 0.8342135000)
(-0.3456560000, -0.4221271000, 0.0805062100, 0.8341759000)
(-0.3455863000, -0.4221838000, 0.0805559000, 0.8341712000)
(-0.3456618000, -0.4222350000, 0.0805105200, 0.8341185000)
(-0.3456911000, -0.4223278000, 0.0804006600, 0.8340700000)
(-0.3455494000, -0.4220970000, 0.0804826400, 0.8342376000)
(-0.3455312000, -0.4223287000, 0.0805063400, 0.8341256000)
(-0.3455111000, -0.4222901000, 0.0804467900, 0.8341591000)
(-0.3456318000, -0.4220586000, 0.0804203500, 0.8342288000)
(-0.3456654000, -0.4222994000, 0.0805801100, 0.8340777000)
(-0.3456047000, -0.4221505000, 0.0804688600, 0.8341889000)
(-0.3457944000, -0.4218787000, 0.0803996300, 0.8342545000)
(-0.3457612000, -0.4220252000, 0.0804717200, 0.8341872000)
(-0.3457798000, -0.4220272000, 0.0804962800, 0.8341761000)
(-0.3456963000, -0.4220329000, 0.0806370500, 0.8341942000)
(-0.3456103000, -0.4219247000, 0.0804382000, 0.8343038000)
(-0.3455454000, -0.4219016000, 0.0806071500, 0.8343261000)
(-0.3454193000, -0.4219158000, 0.0805525400, 0.8343764000)
(-0.3455716000, -0.4221430000, 0.0806155700, 0.8341923000)
(-0.3456575000, -0.4220724000, 0.0806106900, 0.8341929000)
(-0.3457521000, -0.4221745000, 0.0805691900, 0.8341060000)
(-0.3453111000, -0.4216703000, 0.0804835700, 0.8345519000)
(-0.3457501000, -0.4224925000, 0.0801110900, 0.8339900000)
(-0.3460531000, -0.4218451000, 0.0807985500, 0.8341257000)
(-0.3456078000, -0.4219481000, 0.0804311300, 0.8342937000)
(-0.3459698000, -0.4221812000, 0.0807951000, 0.8339905000)
(-0.3456490000, -0.4218172000, 0.0807562600, 0.8343114000)
(-0.3460073000, -0.4219916000, 0.0805272000, 0.8340968000)
(-0.3456641000, -0.4220771000, 0.0805725300, 0.8341915000)
(-0.3458395000, -0.4220819000, 0.0805050100, 0.8341228000)
(-0.3455454000, -0.4221655000, 0.0805294700, 0.8342001000)
(-0.3457364000, -0.4220503000, 0.0808080200, 0.8341522000)
(-0.3457142000, -0.4221073000, 0.0806623300, 0.8341467000)
(-0.3455997000, -0.4220196000, 0.0805677200, 0.8342476000)
(-0.3455580000, -0.4220189000, 0.0805907600, 0.8342631000)
(-0.3455334000, -0.4219473000, 0.0806866200, 0.8343002000)
(-0.3455386000, -0.4220606000, 0.0806590200, 0.8342434000)
(-0.3457737000, -0.4219844000, 0.0806231100, 0.8341880000)
(-0.3457384000, -0.4219782000, 0.0806576700, 0.8342024000)
(-0.3456451000, -0.4219784000, 0.0805959300, 0.8342470000)
(-0.3457602000, -0.4220306000, 0.0807038700, 0.8341625000)
(-0.3456866000, -0.4221043000, 0.0806780200, 0.8341582000)
(-0.3455037000, -0.4219894000, 0.0805124200, 0.8343081000)
(-0.3455972000, -0.4219381000, 0.0805949000, 0.8342873000)
(-0.3454492000, -0.4219112000, 0.0804462700, 0.8343766000)
(-0.3454279000, -0.4218848000, 0.0805579900, 0.8343880000)
(-0.3453127000, -0.4218460000, 0.0804545500, 0.8344652000)
(-0.3454435000, -0.4218705000, 0.0804953300, 0.8343948000)
(-0.3454621000, -0.4219487000, 0.0805881900, 0.8343386000)
(-0.3454160000, -0.4218590000, 0.0805130700, 0.8344103000)
(-0.3455313000, -0.4218925000, 0.0805552500, 0.8343415000)
(-0.3456292000, -0.4219240000, 0.0805113200, 0.8342893000)
(-0.3456059000, -0.4219688000, 0.0805071700, 0.8342766000)
(-0.3456508000, -0.4220114000, 0.0807728600, 0.8342108000)
(-0.3459615000, -0.4219856000, 0.0807770300, 0.8340946000)
(-0.3457721000, -0.4220275000, 0.0805669200, 0.8341724000)
(-0.3460158000, -0.4220573000, 0.0805757600, 0.8340553000)
(-0.3458154000, -0.4220932000, 0.0806027500, 0.8341176000)
(-0.3459196000, -0.4220610000, 0.0804906200, 0.8341016000)
(-0.3458043000, -0.4219685000, 0.0806189600, 0.8341838000)
(-0.3457238000, -0.4221572000, 0.0804501000, 0.8341380000)
(-0.3456512000, -0.4219552000, 0.0805210100, 0.8342634000)
(-0.3456796000, -0.4220307000, 0.0805745900, 0.8342083000)
(-0.3456284000, -0.4220289000, 0.0805637000, 0.8342314000)
(-0.3455836000, -0.4219728000, 0.0805641500, 0.8342783000)
(-0.3456950000, -0.4220122000, 0.0806102300, 0.8342078000)
(-0.3456447000, -0.4220535000, 0.0806637700, 0.8342026000)
(-0.3456156000, -0.4219717000, 0.0806452900, 0.8342578000)
(-0.3456311000, -0.4222790000, 0.0805342900, 0.8341066000)
(-0.3458172000, -0.4220522000, 0.0804589900, 0.8341516000)
(-0.3458743000, -0.4220556000, 0.0805838300, 0.8341141000)
(-0.3455816000, -0.4219026000, 0.0805946100, 0.8343117000)
(-0.3458331000, -0.4219717000, 0.0807005200, 0.8341624000)
(-0.3456523000, -0.4219210000, 0.0806156800, 0.8342711000)
(-0.3457702000, -0.4218938000, 0.0805244500, 0.8342448000)
(-0.3457147000, -0.4219978000, 0.0804830600, 0.8342192000)
(-0.3455413000, -0.4219434000, 0.0804401900, 0.8343228000)
(-0.3456919000, -0.4218216000, 0.0805148600, 0.8343147000)
(-0.3455754000, -0.4218979000, 0.0804750000, 0.8343282000)
(-0.3455412000, -0.4218298000, 0.0804889100, 0.8343754000)
(-0.3454036000, -0.4218633000, 0.0803640200, 0.8344275000)
(-0.3455423000, -0.4219453000, 0.0804056700, 0.8343247000)
(-0.3457139000, -0.4219057000, 0.0804338400, 0.8342709000)
(-0.3455484000, -0.4221177000, 0.0805851700, 0.8342176000)
(-0.3457002000, -0.4220595000, 0.0804705200, 0.8341953000)
(-0.3456597000, -0.4220948000, 0.0804487200, 0.8341963000)
(-0.3455312000, -0.4222135000, 0.0803685900, 0.8341971000)
(-0.3456385000, -0.4222257000, 0.0803126100, 0.8341519000)
(-0.3456010000, -0.4224084000, 0.0804124000, 0.8340653000)
(-0.3455958000, -0.4221655000, 0.0802754200, 0.8342037000)
(-0.3454166000, -0.4223114000, 0.0802349600, 0.8342079000)
(-0.3453570000, -0.4223597000, 0.0803431300, 0.8341978000)
(-0.3449735000, -0.4221515000, 0.0800877500, 0.8344862000)
(-0.3451104000, -0.4223068000, 0.0801350000, 0.8343466000)
(-0.3450347000, -0.4223271000, 0.0800233000, 0.8343782000)
(-0.3448825000, -0.4220347000, 0.0800751900, 0.8345842000)
(-0.3447552000, -0.4221741000, 0.0799931100, 0.8345742000)
(-0.3450479000, -0.4220555000, 0.0800778400, 0.8345050000)
(-0.3450198000, -0.4219023000, 0.0800385000, 0.8345979000)
(-0.3448274000, -0.4220660000, 0.0799066900, 0.8346073000)
(-0.3446366000, -0.4221611000, 0.0799364200, 0.8346351000)
(-0.3447626000, -0.4217882000, 0.0799137400, 0.8347738000)
(-0.3448964000, -0.4219882000, 0.0798799500, 0.8346207000)
(-0.3448234000, -0.4221234000, 0.0799268600, 0.8345780000)
(-0.3449539000, -0.4220408000, 0.0800288300, 0.8345561000)
(-0.3450103000, -0.4219997000, 0.0800348400, 0.8345529000)
(-0.3448831000, -0.4220313000, 0.0802044400, 0.8345733000)
(-0.3451072000, -0.4219613000, 0.0800855100, 0.8345274000)
(-0.3450609000, -0.4221518000, 0.0801039900, 0.8344485000)
(-0.3451820000, -0.4222357000, 0.0800491900, 0.8343611000)
(-0.3452137000, -0.4219489000, 0.0801722200, 0.8344814000)
(-0.3452878000, -0.4220245000, 0.0802841400, 0.8344017000)
(-0.3450194000, -0.4221234000, 0.0801955600, 0.8344712000)
(-0.3450562000, -0.4220300000, 0.0801444800, 0.8345082000)
(-0.3450021000, -0.4222069000, 0.0801247800, 0.8344429000)
(-0.3452287000, -0.4219102000, 0.0800061400, 0.8345106000)
(-0.3449660000, -0.4220632000, 0.0801321500, 0.8345298000)
(-0.3451355000, -0.4220356000, 0.0802201600, 0.8344652000)
(-0.3450233000, -0.4219936000, 0.0800933800, 0.8345450000)
(-0.3450411000, -0.4221804000, 0.0800609400, 0.8344463000)
(-0.3450009000, -0.4217855000, 0.0799479500, 0.8346734000)
(-0.3452172000, -0.4218384000, 0.0799182800, 0.8345601000)
(-0.3452567000, -0.4218421000, 0.0800855800, 0.8345258000)
(-0.3452877000, -0.4219244000, 0.0800722500, 0.8344727000)
(-0.3453551000, -0.4219249000, 0.0800642800, 0.8344454000)
(-0.3453875000, -0.4218718000, 0.0801796800, 0.8344477000)
(-0.3453439000, -0.4219588000, 0.0801402900, 0.8344255000)
(-0.3454977000, -0.4219431000, 0.0802810900, 0.8343562000)
(-0.3454359000, -0.4218969000, 0.0803287100, 0.8344006000)
(-0.3455344000, -0.4217897000, 0.0804165900, 0.8344056000)
(-0.3453933000, -0.4218745000, 0.0804232800, 0.8344204000)
(-0.3453412000, -0.4218572000, 0.0804442500, 0.8344488000)
(-0.3453782000, -0.4218494000, 0.0802693500, 0.8344542000)
(-0.3453329000, -0.4217575000, 0.0803697600, 0.8345098000)
(-0.3453374000, -0.4218294000, 0.0802124900, 0.8344867000)
(-0.3452299000, -0.4217861000, 0.0803842200, 0.8345365000)
(-0.3452572000, -0.4217002000, 0.0801472700, 0.8345914000)
(-0.3450874000, -0.4218356000, 0.0801520100, 0.8345928000)
(-0.3451557000, -0.4216315000, 0.0800144400, 0.8346809000)
(-0.3452430000, -0.4217400000, 0.0802471000, 0.8345676000)
(-0.3451811000, -0.4216959000, 0.0801168900, 0.8346280000)
(-0.3451287000, -0.4216428000, 0.0801493600, 0.8346734000)
(-0.3452283000, -0.4216760000, 0.0798630300, 0.8346428000)
(-0.3451471000, -0.4215448000, 0.0801690500, 0.8347134000)
(-0.3452831000, -0.4216834000, 0.0802466700, 0.8345796000)
(-0.3451277000, -0.4216419000, 0.0801187200, 0.8346772000)
(-0.3452732000, -0.4216273000, 0.0801045800, 0.8346258000)
(-0.3452334000, -0.4214981000, 0.0801844600, 0.8346998000)
(-0.3452618000, -0.4215670000, 0.0801769200, 0.8346540000)
(-0.3453329000, -0.4215588000, 0.0802039700, 0.8346261000)
(-0.3453482000, -0.4214780000, 0.0802177400, 0.8346592000)
(-0.3452675000, -0.4215830000, 0.0801306100, 0.8346480000)
(-0.3455442000, -0.4215531000, 0.0801917900, 0.8345427000)
(-0.3453688000, -0.4215956000, 0.0801440300, 0.8345984000)
(-0.3454026000, -0.4216247000, 0.0801992500, 0.8345644000)
(-0.3453848000, -0.4216564000, 0.0802357000, 0.8345523000)
(-0.3454817000, -0.4214703000, 0.0802135500, 0.8346083000)
(-0.3454763000, -0.4216110000, 0.0802003100, 0.8345407000)
(-0.3454116000, -0.4215786000, 0.0799663200, 0.8346063000)
(-0.3454543000, -0.4217228000, 0.0800733500, 0.8345056000)
(-0.3454872000, -0.4214847000, 0.0800547900, 0.8346140000)
(-0.3456818000, -0.4216200000, 0.0801014700, 0.8344606000)
(-0.3455674000, -0.4215504000, 0.0801325100, 0.8345402000)
(-0.3453998000, -0.4217536000, 0.0801740900, 0.8345028000)
(-0.3456243000, -0.4216741000, 0.0801779600, 0.8344498000)
(-0.3455815000, -0.4215991000, 0.0801492200, 0.8345081000)
(-0.3453911000, -0.4216086000, 0.0801906500, 0.8345782000)
(-0.3455024000, -0.4216862000, 0.0801978900, 0.8344921000)
(-0.3454621000, -0.4216455000, 0.0801052100, 0.8345383000)
(-0.3455128000, -0.4216169000, 0.0801009900, 0.8345322000)
(-0.3452943000, -0.4217024000, 0.0800099000, 0.8345882000)
(-0.3454539000, -0.4215655000, 0.0801898400, 0.8345740000)
(-0.3456098000, -0.4215897000, 0.0802327700, 0.8344931000)
(-0.3456708000, -0.4216102000, 0.0800871300, 0.8344715000)
(-0.3455798000, -0.4215715000, 0.0802179400, 0.8345161000)
(-0.3456234000, -0.4214994000, 0.0802460100, 0.8345318000)
(-0.3457431000, -0.4214560000, 0.0803239100, 0.8344967000)
(-0.3456790000, -0.4214525000, 0.0803398200, 0.8345234000)
(-0.3458706000, -0.4214486000, 0.0801973800, 0.8344597000)
(-0.3455272000, -0.4215221000, 0.0801705000, 0.8345675000)
(-0.3453857000, -0.4214764000, 0.0801447300, 0.8346516000)
(-0.3453571000, -0.4215744000, 0.0802305300, 0.8346056000)
(-0.3452885000, -0.4213855000, 0.0801768900, 0.8347346000)
(-0.3453543000, -0.4215307000, 0.0800762300, 0.8346438000)
(-0.3453702000, -0.4214298000, 0.0802153500, 0.8346748000)
(-0.3452559000, -0.4215338000, 0.0802082100, 0.8346702000)
(-0.3452222000, -0.4216238000, 0.0800895200, 0.8346500000)
(-0.3453201000, -0.4214068000, 0.0801886000, 0.8347096000)
(-0.3457175000, -0.4215019000, 0.0801516700, 0.8345006000)
(-0.3454273000, -0.4214805000, 0.0802004500, 0.8346269000)
(-0.3455718000, -0.4214008000, 0.0802198600, 0.8346055000)
(-0.3457080000, -0.4214477000, 0.0802742800, 0.8345202000)
(-0.3455500000, -0.4214224000, 0.0802047100, 0.8346050000)
(-0.3458143000, -0.4214803000, 0.0801996200, 0.8344668000)
(-0.3455760000, -0.4214277000, 0.0803452600, 0.8345781000)
(-0.3456647000, -0.4214153000, 0.0803409000, 0.8345481000)
(-0.3455604000, -0.4214903000, 0.0803014200, 0.8345572000)
(-0.3456798000, -0.4213611000, 0.0803897200, 0.8345644000)
(-0.3454239000, -0.4213817000, 0.0803714500, 0.8346618000)
(-0.3455962000, -0.4214263000, 0.0803232300, 0.8345726000)
(-0.3455659000, -0.4214797000, 0.0802013900, 0.8345699000)
(-0.3454174000, -0.4213723000, 0.0801544300, 0.8346900000)
(-0.3455008000, -0.4215654000, 0.0802853000, 0.8345454000)
(-0.3454319000, -0.4214094000, 0.0799208100, 0.8346878000)
(-0.3455187000, -0.4214049000, 0.0801254000, 0.8346345000)
(-0.3456378000, -0.4213538000, 0.0802083100, 0.8346030000)
(-0.3455954000, -0.4212717000, 0.0802843900, 0.8346547000)
(-0.3455128000, -0.4213751000, 0.0802391700, 0.8346410000)
(-0.3456798000, -0.4212967000, 0.0802996500, 0.8346056000)
(-0.3458048000, -0.4213939000, 0.0804057800, 0.8344946000)
(-0.3455322000, -0.4214893000, 0.0801924800, 0.8345798000)
(-0.3455139000, -0.4211850000, 0.0802058000, 0.8347397000)
(-0.3454262000, -0.4213132000, 0.0800201700, 0.8347291000)
(-0.3454089000, -0.4213890000, 0.0801945200, 0.8346813000)
(-0.3453489000, -0.4213923000, 0.0802699300, 0.8346972000)
(-0.3451892000, -0.4213343000, 0.0801403700, 0.8348050000)
(-0.3453488000, -0.4213091000, 0.0801362400, 0.8347521000)
(-0.3454537000, -0.4214570000, 0.0801825800, 0.8346296000)
(-0.3454009000, -0.4214332000, 0.0800344600, 0.8346777000)
(-0.3454045000, -0.4214163000, 0.0802798000, 0.8346612000)
(-0.3454865000, -0.4213971000, 0.0802615800, 0.8346387000)
(-0.3454954000, -0.4214064000, 0.0801636500, 0.8346397000)
(-0.3458972000, -0.4214259000, 0.0801129900, 0.8344682000)
(-0.3456514000, -0.4214611000, 0.0802471300, 0.8345394000)
(-0.3456286000, -0.4214833000, 0.0802462600, 0.8345378000)
(-0.3458002000, -0.4213851000, 0.0802266300, 0.8345181000)
(-0.3456824000, -0.4214096000, 0.0802181400, 0.8345554000)
(-0.3457580000, -0.4213721000, 0.0802206500, 0.8345428000)
(-0.3456073000, -0.4214041000, 0.0802403800, 0.8345871000)
(-0.3457346000, -0.4213608000, 0.0802546400, 0.8345549000)
(-0.3456971000, -0.4213284000, 0.0800380900, 0.8346076000)
(-0.3456009000, -0.4215907000, 0.0801746500, 0.8345019000)
(-0.3455923000, -0.4214680000, 0.0800159000, 0.8345826000)
(-0.3455893000, -0.4213104000, 0.0800724400, 0.8346580000)
(-0.3454238000, -0.4214079000, 0.0801739700, 0.8346676000)
(-0.3452736000, -0.4214703000, 0.0799932900, 0.8347155000)
(-0.3456294000, -0.4214887000, 0.0800851300, 0.8345502000)
(-0.3455360000, -0.4214434000, 0.0800151700, 0.8346184000)
(-0.3453491000, -0.4213857000, 0.0800090100, 0.8347255000)
(-0.3455040000, -0.4214916000, 0.0803178600, 0.8345783000)
(-0.3455762000, -0.4214947000, 0.0801008200, 0.8345677000)
(-0.3455167000, -0.4214059000, 0.0800369200, 0.8346433000)
(-0.3455461000, -0.4214878000, 0.0801768200, 0.8345763000)
(-0.3455950000, -0.4214869000, 0.0800883900, 0.8345650000)
(-0.3454893000, -0.4214176000, 0.0800206100, 0.8346503000)
(-0.3455307000, -0.4214871000, 0.0801705500, 0.8345836000)
(-0.3455546000, -0.4216047000, 0.0801433500, 0.8345170000)
(-0.3454049000, -0.4214986000, 0.0801887400, 0.8346282000)
(-0.3454749000, -0.4214002000, 0.0799415500, 0.8346726000)
(-0.3453907000, -0.4216256000, 0.0801909800, 0.8345697000)
(-0.3455431000, -0.4214364000, 0.0800431400, 0.8346164000)
(-0.3455975000, -0.4214811000, 0.0800570200, 0.8345699000)
(-0.3456373000, -0.4214679000, 0.0802182900, 0.8345446000)
(-0.3456586000, -0.4214968000, 0.0803418700, 0.8345093000)
(-0.3456269000, -0.4214182000, 0.0802468700, 0.8345713000)
(-0.3454818000, -0.4216005000, 0.0805019700, 0.8345147000)
(-0.3455977000, -0.4215134000, 0.0803830200, 0.8345221000)
(-0.3455889000, -0.4216039000, 0.0802039800, 0.8344974000)
(-0.3455218000, -0.4215581000, 0.0802554200, 0.8345433000)
(-0.3455646000, -0.4216281000, 0.0803426100, 0.8344819000)
(-0.3455664000, -0.4216644000, 0.0801933000, 0.8344771000)
(-0.3456727000, -0.4216594000, 0.0803917300, 0.8344165000)
(-0.3455768000, -0.4215627000, 0.0803749600, 0.8345067000)
(-0.3455833000, -0.4216271000, 0.0802962600, 0.8344790000)
(-0.3456087000, -0.4215769000, 0.0803962100, 0.8344843000)
(-0.3454987000, -0.4216006000, 0.0803026500, 0.8345269000)
(-0.3455270000, -0.4216757000, 0.0803441000, 0.8344733000)
(-0.3454547000, -0.4216822000, 0.0802980400, 0.8345043000)
(-0.3454381000, -0.4216236000, 0.0803249700, 0.8345382000)
(-0.3454844000, -0.4216353000, 0.0803937200, 0.8345065000)
(-0.3456509000, -0.4215185000, 0.0802298600, 0.8345124000)
(-0.3456311000, -0.4216331000, 0.0803199400, 0.8344539000)
(-0.3457446000, -0.4215460000, 0.0801323000, 0.8344690000)
(-0.3454641000, -0.4216658000, 0.0804186900, 0.8344970000)
(-0.3456599000, -0.4217069000, 0.0803989800, 0.8343971000)
(-0.3455823000, -0.4217058000, 0.0803792800, 0.8344317000)
(-0.3455219000, -0.4216523000, 0.0804197800, 0.8344799000)
(-0.3454198000, -0.4215965000, 0.0805539600, 0.8345374000)
(-0.3453880000, -0.4215628000, 0.0803058800, 0.8345914000)
(-0.3455304000, -0.4216802000, 0.0803003200, 0.8344737000)
(-0.3454021000, -0.4216059000, 0.0805016400, 0.8345450000)
(-0.3454252000, -0.4218042000, 0.0803614400, 0.8344488000)
(-0.3454165000, -0.4215948000, 0.0802880400, 0.8345652000)
(-0.3453679000, -0.4216943000, 0.0804659300, 0.8345180000)
(-0.3456019000, -0.4216834000, 0.0804151400, 0.8344315000)
(-0.3455014000, -0.4216944000, 0.0803997600, 0.8344690000)
(-0.3454479000, -0.4216576000, 0.0804076900, 0.8345090000)
(-0.3454022000, -0.4215764000, 0.0803999800, 0.8345696000)
(-0.3456328000, -0.4216037000, 0.0805192400, 0.8344489000)
(-0.3454938000, -0.4217598000, 0.0804949300, 0.8344299000)
(-0.3455510000, -0.4216803000, 0.0803838700, 0.8344572000)
(-0.3456132000, -0.4217276000, 0.0802331400, 0.8344219000)
(-0.3453774000, -0.4216398000, 0.0803923800, 0.8345487000)
(-0.3456795000, -0.4216606000, 0.0802664400, 0.8344252000)
(-0.3454001000, -0.4218442000, 0.0804208700, 0.8344332000)
(-0.3457184000, -0.4217275000, 0.0801657900, 0.8343849000)
(-0.3455117000, -0.4216968000, 0.0802635900, 0.8344766000)
(-0.3455102000, -0.4216670000, 0.0803186000, 0.8344870000)
(-0.3455645000, -0.4216597000, 0.0802514600, 0.8344747000)
(-0.3452920000, -0.4214805000, 0.0803505500, 0.8346685000)
(-0.3453975000, -0.4215887000, 0.0803459800, 0.8345706000)
(-0.3453645000, -0.4215899000, 0.0800465700, 0.8346124000)
(-0.3453985000, -0.4216923000, 0.0800581400, 0.8345455000)
(-0.3455091000, -0.4217620000, 0.0804221400, 0.8344295000)
(-0.3454574000, -0.4216636000, 0.0802962900, 0.8345128000)
(-0.3453899000, -0.4215939000, 0.0803012600, 0.8345754000)
(-0.3455569000, -0.4215734000, 0.0802486100, 0.8345217000)
(-0.3453066000, -0.4216636000, 0.0802935200, 0.8345754000)
(-0.3455257000, -0.4216653000, 0.0802157900, 0.8344914000)
(-0.3454241000, -0.4216906000, 0.0800580500, 0.8345358000)
(-0.3454775000, -0.4216931000, 0.0801172000, 0.8345068000)
(-0.3455599000, -0.4215877000, 0.0801093700, 0.8345266000)
(-0.3454359000, -0.4215461000, 0.0801975300, 0.8345905000)
(-0.3454496000, -0.4218302000, 0.0801007600, 0.8344506000)
(-0.3454451000, -0.4217910000, 0.0801605900, 0.8344665000)
(-0.3454890000, -0.4215383000, 0.0801258600, 0.8345793000)
(-0.3455537000, -0.4216680000, 0.0800475900, 0.8344945000)
(-0.3454166000, -0.4216529000, 0.0800513300, 0.8345586000)
(-0.3455425000, -0.4216813000, 0.0802672300, 0.8344713000)
(-0.3454857000, -0.4216846000, 0.0801410500, 0.8345053000)
(-0.3455362000, -0.4217257000, 0.0802215800, 0.8344560000)
(-0.3455946000, -0.4216146000, 0.0803908900, 0.8344716000)
(-0.3455110000, -0.4217176000, 0.0801793900, 0.8344745000)
(-0.3455068000, -0.4215818000, 0.0801988900, 0.8345429000)
(-0.3455349000, -0.4215952000, 0.0802010700, 0.8345243000)
(-0.3453659000, -0.4216806000, 0.0802256500, 0.8345488000)
(-0.3455556000, -0.4215436000, 0.0801676000, 0.8345451000)
(-0.3454325000, -0.4216359000, 0.0803532100, 0.8345316000)
(-0.3454125000, -0.4215801000, 0.0802997700, 0.8345732000)
(-0.3456127000, -0.4215769000, 0.0802654800, 0.8344952000)
(-0.3455312000, -0.4216221000, 0.0803359600, 0.8344994000)
(-0.3454962000, -0.4216913000, 0.0800961900, 0.8345019000)
(-0.3453519000, -0.4217417000, 0.0800981100, 0.8345360000)
(-0.3452708000, -0.4216486000, 0.0801105500, 0.8346155000)
(-0.3454527000, -0.4217243000, 0.0801849200, 0.8344948000)
(-0.3455165000, -0.4216649000, 0.0801230400, 0.8345043000)
(-0.3453759000, -0.4216604000, 0.0800607300, 0.8345708000)
(-0.3455918000, -0.4216895000, 0.0800145300, 0.8344710000)
(-0.3455227000, -0.4217068000, 0.0801414800, 0.8344788000)
(-0.3454264000, -0.4217525000, 0.0800555400, 0.8345038000)
(-0.3454027000, -0.4217341000, 0.0801806600, 0.8345109000)
(-0.3456241000, -0.4217455000, 0.0800665000, 0.8344244000)
(-0.3455003000, -0.4217174000, 0.0799888800, 0.8344973000)
(-0.3452757000, -0.4218822000, 0.0800343100, 0.8345026000)
(-0.3454507000, -0.4215898000, 0.0800987000, 0.8345718000)
(-0.3454951000, -0.4218341000, 0.0798116300, 0.8344575000)
(-0.3454623000, -0.4217758000, 0.0799253400, 0.8344896000)
(-0.3455434000, -0.4218754000, 0.0801037700, 0.8343886000)
(-0.3456023000, -0.4216325000, 0.0797750500, 0.8345184000)
(-0.3455906000, -0.4219152000, 0.0800688700, 0.8343523000)
(-0.3457381000, -0.4217774000, 0.0799120900, 0.8343759000)
(-0.3457053000, -0.4217651000, 0.0799756100, 0.8343896000)
(-0.3456014000, -0.4219757000, 0.0801136400, 0.8343129000)
(-0.3455674000, -0.4218465000, 0.0799498600, 0.8344080000)
(-0.3455985000, -0.4217101000, 0.0802373000, 0.8344365000)
(-0.3454582000, -0.4219069000, 0.0801451700, 0.8344040000)
(-0.3455275000, -0.4216757000, 0.0802029700, 0.8344866000)
(-0.3455208000, -0.4218374000, 0.0800429600, 0.8344230000)
(-0.3456024000, -0.4216332000, 0.0800544600, 0.8344913000)
(-0.3456502000, -0.4217213000, 0.0800499800, 0.8344274000)
(-0.3455866000, -0.4218455000, 0.0801096300, 0.8343853000)
(-0.3455990000, -0.4216591000, 0.0802648400, 0.8344594000)
(-0.3454238000, -0.4218845000, 0.0803209700, 0.8344126000)
(-0.3456270000, -0.4217752000, 0.0802290500, 0.8343926000)
(-0.3455032000, -0.4217865000, 0.0801701800, 0.8344438000)
(-0.3454676000, -0.4218692000, 0.0801248400, 0.8344211000)
(-0.3454358000, -0.4218846000, 0.0801777100, 0.8344214000)
(-0.3455029000, -0.4219296000, 0.0801861300, 0.8343701000)
(-0.3453248000, -0.4219485000, 0.0802774700, 0.8344254000)
(-0.3456776000, -0.4218190000, 0.0801307000, 0.8343589000)
(-0.3454926000, -0.4218884000, 0.0801802100, 0.8343957000)
(-0.3456717000, -0.4219581000, 0.0802772900, 0.8342770000)
(-0.3456599000, -0.4218587000, 0.0800553300, 0.8343534000)
(-0.3456093000, -0.4217548000, 0.0801676400, 0.8344161000)
(-0.3456242000, -0.4219192000, 0.0801683600, 0.8343268000)
(-0.3455987000, -0.4219344000, 0.0801835400, 0.8343282000)
(-0.3455923000, -0.4219273000, 0.0800995700, 0.8343425000)
(-0.3453883000, -0.4219217000, 0.0803012500, 0.8344104000)
(-0.3455332000, -0.4218431000, 0.0802640500, 0.8343937000)
(-0.3454771000, -0.4218269000, 0.0802300700, 0.8344284000)
(-0.3454732000, -0.4217840000, 0.0800333500, 0.8344706000)
(-0.3455460000, -0.4218427000, 0.0800476700, 0.8344095000)
(-0.3454696000, -0.4219512000, 0.0800497000, 0.8343861000)
(-0.3454533000, -0.4217837000, 0.0799952600, 0.8344827000)
(-0.3454845000, -0.4219282000, 0.0800553000, 0.8343909000)
(-0.3456311000, -0.4218788000, 0.0802763800, 0.8343340000)
(-0.3454278000, -0.4219044000, 0.0802031200, 0.8344123000)
(-0.3455449000, -0.4217517000, 0.0803055900, 0.8344311000)
(-0.3455127000, -0.4217053000, 0.0801635200, 0.8344816000)
(-0.3456191000, -0.4217713000, 0.0801800500, 0.8344025000)
(-0.3455554000, -0.4217721000, 0.0802537500, 0.8344215000)
(-0.3456036000, -0.4219055000, 0.0801096200, 0.8343478000)
(-0.3457061000, -0.4217830000, 0.0800915100, 0.8343691000)
(-0.3457421000, -0.4217570000, 0.0800747200, 0.8343689000)
(-0.3456291000, -0.4217734000, 0.0800507400, 0.8344097000)
(-0.3456554000, -0.4218355000, 0.0800959500, 0.8343631000)
(-0.3456039000, -0.4217858000, 0.0801295000, 0.8344063000)
(-0.3457572000, -0.4217121000, 0.0799768700, 0.8343948000)
(-0.3457038000, -0.4217995000, 0.0800481600, 0.8343658000)
(-0.3458467000, -0.4218091000, 0.0799995800, 0.8343064000)
(-0.3456469000, -0.4218057000, 0.0802080300, 0.8343709000)
(-0.3455878000, -0.4218524000, 0.0801391400, 0.8343784000)
(-0.3457594000, -0.4216712000, 0.0801404600, 0.8343989000)
(-0.3455940000, -0.4216467000, 0.0800772600, 0.8344858000)
(-0.3457267000, -0.4217204000, 0.0801770900, 0.8343840000)
(-0.3457085000, -0.4218245000, 0.0800254400, 0.8343535000)
(-0.3456307000, -0.4217702000, 0.0800967400, 0.8344063000)
(-0.3457816000, -0.4218169000, 0.0801370900, 0.8343163000)
(-0.3457901000, -0.4217736000, 0.0801143600, 0.8343368000)
(-0.3456574000, -0.4219326000, 0.0800543900, 0.8343172000)
(-0.3457140000, -0.4217514000, 0.0799170200, 0.8343985000)
(-0.3455797000, -0.4219535000, 0.0800864000, 0.8343357000)
(-0.3455106000, -0.4218641000, 0.0800854900, 0.8344097000)
(-0.3455276000, -0.4222692000, 0.0800985200, 0.8341964000)
(-0.3455966000, -0.4217611000, 0.0800583200, 0.8344287000)
(-0.3455980000, -0.4221428000, 0.0801392600, 0.8342272000)
(-0.3455933000, -0.4220449000, 0.0800880400, 0.8342837000)
(-0.3456139000, -0.4218849000, 0.0799781200, 0.8343666000)
(-0.3456456000, -0.4220480000, 0.0800204300, 0.8342670000)
(-0.3456874000, -0.4217612000, 0.0800883100, 0.8343881000)
(-0.3457451000, -0.4219425000, 0.0800093900, 0.8342801000)
(-0.3456439000, -0.4219777000, 0.0800349000, 0.8343018000)
(-0.3457397000, -0.4219413000, 0.0799426400, 0.8342894000)
(-0.3457862000, -0.4220216000, 0.0801309700, 0.8342115000)
(-0.3457037000, -0.4219059000, 0.0800365500, 0.8343132000)
(-0.3458454000, -0.4221052000, 0.0799346200, 0.8341634000)
(-0.3457970000, -0.4219833000, 0.0800238100, 0.8342366000)
(-0.3458130000, -0.4220897000, 0.0800504200, 0.8341736000)
(-0.3457526000, -0.4219766000, 0.0799811500, 0.8342625000)
(-0.3457478000, -0.4219725000, 0.0800232600, 0.8342625000)
(-0.3458056000, -0.4221118000, 0.0801711600, 0.8341539000)
(-0.3456858000, -0.4220674000, 0.0799906400, 0.8342434000)
(-0.3458003000, -0.4220127000, 0.0799828700, 0.8342243000)
(-0.3458800000, -0.4220748000, 0.0800799700, 0.8341505000)
(-0.3458024000, -0.4218956000, 0.0803204200, 0.8342503000)
(-0.3457233000, -0.4221470000, 0.0801309400, 0.8341741000)
(-0.3457792000, -0.4220447000, 0.0803582800, 0.8341808000)
(-0.3457190000, -0.4221478000, 0.0802339300, 0.8341656000)
(-0.3458308000, -0.4220513000, 0.0801333300, 0.8341777000)
(-0.3458647000, -0.4220510000, 0.0802128200, 0.8341562000)
(-0.3456997000, -0.4220398000, 0.0802772900, 0.8342240000)
(-0.3457913000, -0.4220189000, 0.0802725300, 0.8341970000)
(-0.3457139000, -0.4220199000, 0.0803195700, 0.8342242000)
(-0.3456624000, -0.4220080000, 0.0804453200, 0.8342394000)
(-0.3459542000, -0.4220632000, 0.0800765300, 0.8341260000)
(-0.3456320000, -0.4219531000, 0.0801095900, 0.8343120000)
(-0.3458178000, -0.4221746000, 0.0802639800, 0.8341081000)
(-0.3456744000, -0.4220198000, 0.0801257100, 0.8342592000)
(-0.3457209000, -0.4223547000, 0.0800640100, 0.8340763000)
(-0.3458319000, -0.4219897000, 0.0803111500, 0.8341913000)
(-0.3457854000, -0.4221212000, 0.0801221700, 0.8341622000)
(-0.3458497000, -0.4219935000, 0.0801784600, 0.8341948000)
(-0.3457559000, -0.4221077000, 0.0801826900, 0.8341755000)
(-0.3459491000, -0.4220312000, 0.0801789600, 0.8341344000)
(-0.3456368000, -0.4220104000, 0.0801875900, 0.8342736000)
(-0.3457680000, -0.4220578000, 0.0802214400, 0.8341919000)
(-0.3455728000, -0.4221357000, 0.0801023100, 0.8342449000)
(-0.3457520000, -0.4221198000, 0.0802944000, 0.8341602000)
(-0.3456602000, -0.4221370000, 0.0801975800, 0.8341989000)
(-0.3455957000, -0.4220325000, 0.0801208100, 0.8342859000)
(-0.3456628000, -0.4221750000, 0.0802220700, 0.8341762000)
(-0.3455950000, -0.4221273000, 0.0801443800, 0.8342358000)
(-0.3457546000, -0.4221283000, 0.0803440000, 0.8341501000)
(-0.3456474000, -0.4221800000, 0.0802962200, 0.8341729000)
(-0.3457349000, -0.4221802000, 0.0803527600, 0.8341311000)
(-0.3456508000, -0.4220690000, 0.0802760900, 0.8342296000)
(-0.3457882000, -0.4220957000, 0.0802575100, 0.8341610000)
(-0.3458132000, -0.4222400000, 0.0802612300, 0.8340772000)
(-0.3458223000, -0.4221994000, 0.0801434600, 0.8341053000)
(-0.3457480000, -0.4223617000, 0.0802631800, 0.8340424000)
(-0.3458822000, -0.4222600000, 0.0801074600, 0.8340533000)
(-0.3457933000, -0.4222662000, 0.0801114300, 0.8340866000)
(-0.3459035000, -0.4223597000, 0.0801625800, 0.8339886000)
(-0.3456746000, -0.4221603000, 0.0803289000, 0.8341684000)
(-0.3457366000, -0.4222969000, 0.0804596200, 0.8340610000)
(-0.3457019000, -0.4222590000, 0.0802952000, 0.8341104000)
(-0.3459441000, -0.4221415000, 0.0802511400, 0.8340738000)
(-0.3455445000, -0.4221297000, 0.0802042400, 0.8342498000)
(-0.3457136000, -0.4221598000, 0.0803707200, 0.8341485000)
(-0.3457713000, -0.4222185000, 0.0801622500, 0.8341150000)
(-0.3457635000, -0.4222334000, 0.0802932500, 0.8340981000)
(-0.3457296000, -0.4223448000, 0.0803372800, 0.8340515000)
(-0.3456228000, -0.4223487000, 0.0801731300, 0.8341096000)
(-0.3454844000, -0.4220875000, 0.0803234400, 0.8342847000)
(-0.3457559000, -0.4223793000, 0.0803080600, 0.8340260000)
(-0.3454958000, -0.4219935000, 0.0803429400, 0.8343256000)
(-0.3459383000, -0.4223530000, 0.0801956600, 0.8339744000)
(-0.3457259000, -0.4221188000, 0.0802863700, 0.8341723000)
(-0.3458941000, -0.4223755000, 0.0803028600, 0.8339711000)
(-0.3456075000, -0.4222531000, 0.0802806100, 0.8341540000)
(-0.3455600000, -0.4222650000, 0.0803712400, 0.8341589000)
(-0.3456005000, -0.4222290000, 0.0803397600, 0.8341634000)
(-0.3454564000, -0.4220937000, 0.0803918800, 0.8342865000)
(-0.3455592000, -0.4220734000, 0.0802950300, 0.8342636000)
(-0.3456823000, -0.4220873000, 0.0802680900, 0.8342081000)
(-0.3454366000, -0.4221739000, 0.0805181900, 0.8342419000)
(-0.3456874000, -0.4222297000, 0.0804534600, 0.8341160000)
(-0.3455945000, -0.4222556000, 0.0803048200, 0.8341558000)
(-0.3457363000, -0.4222910000, 0.0804156300, 0.8340684000)
(-0.3455101000, -0.4222482000, 0.0803432100, 0.8341908000)
(-0.3455441000, -0.4223748000, 0.0802711700, 0.8341195000)
(-0.3456452000, -0.4222283000, 0.0803558200, 0.8341436000)
(-0.3457694000, -0.4222319000, 0.0804018700, 0.8340859000)
(-0.3455895000, -0.4222332000, 0.0803123300, 0.8341684000)
(-0.3457971000, -0.4221524000, 0.0801834200, 0.8341357000)
(-0.3456003000, -0.4222521000, 0.0802780700, 0.8341576000)
(-0.3456471000, -0.4222665000, 0.0803421100, 0.8341248000)
(-0.3456378000, -0.4222040000, 0.0804673100, 0.8341483000)
(-0.3455898000, -0.4223678000, 0.0803087700, 0.8341005000)
(-0.3457732000, -0.4223871000, 0.0800577900, 0.8340389000)
(-0.3456174000, -0.4223894000, 0.0802841600, 0.8340805000)
(-0.3456756000, -0.4224824000, 0.0804290300, 0.8339953000)
(-0.3455867000, -0.4223548000, 0.0803384700, 0.8341055000)
(-0.3456561000, -0.4223342000, 0.0804014100, 0.8340811000)
(-0.3456189000, -0.4223394000, 0.0804524200, 0.8340890000)
(-0.3454825000, -0.4224330000, 0.0803696400, 0.8341061000)
(-0.3456473000, -0.4223762000, 0.0804855100, 0.8340554000)
(-0.3455700000, -0.4222412000, 0.0802297400, 0.8341804000)
(-0.3454446000, -0.4223132000, 0.0803696700, 0.8341824000)
(-0.3455190000, -0.4224289000, 0.0803914100, 0.8340909000)
(-0.3455103000, -0.4223970000, 0.0803031300, 0.8341192000)
(-0.3455584000, -0.4222772000, 0.0802203200, 0.8341678000)
(-0.3455798000, -0.4224268000, 0.0802734200, 0.8340781000)
(-0.3456532000, -0.4223340000, 0.0804431900, 0.8340784000)
(-0.3456696000, -0.4223868000, 0.0802456900, 0.8340639000)
(-0.3457166000, -0.4223427000, 0.0803448300, 0.8340572000)
(-0.3456499000, -0.4223573000, 0.0803909300, 0.8340730000)
(-0.3456142000, -0.4222528000, 0.0801543600, 0.8341635000)
(-0.3456126000, -0.4223901000, 0.0803362200, 0.8340771000)
(-0.3455975000, -0.4223688000, 0.0804946100, 0.8340789000)
(-0.3454187000, -0.4222769000, 0.0804015300, 0.8342085000)
(-0.3456155000, -0.4223131000, 0.0801021600, 0.8341374000)
(-0.3455099000, -0.4223633000, 0.0803965000, 0.8341275000)
(-0.3454746000, -0.4223500000, 0.0804164000, 0.8341469000)
(-0.3454227000, -0.4223415000, 0.0802488000, 0.8341888000)
(-0.3455932000, -0.4222811000, 0.0803422300, 0.8341398000)
(-0.3456200000, -0.4222568000, 0.0804375000, 0.8341318000)
(-0.3456171000, -0.4223176000, 0.0804125400, 0.8341047000)
(-0.3456705000, -0.4222382000, 0.0801896100, 0.8341441000)
(-0.3457774000, -0.4221788000, 0.0802108000, 0.8341279000)
(-0.3458467000, -0.4222510000, 0.0804905500, 0.8340357000)
(-0.3457999000, -0.4222500000, 0.0802857700, 0.8340753000)
(-0.3455126000, -0.4224966000, 0.0803652600, 0.8340619000)
(-0.3455816000, -0.4224409000, 0.0801829000, 0.8340790000)
(-0.3458489000, -0.4223212000, 0.0803230500, 0.8340154000)
(-0.3455873000, -0.4221644000, 0.0803459700, 0.8342009000)
(-0.3457137000, -0.4221199000, 0.0803294300, 0.8341727000)
(-0.3455026000, -0.4222446000, 0.0802889200, 0.8342010000)
(-0.3456026000, -0.4222897000, 0.0805009400, 0.8341162000)
(-0.3456517000, -0.4222551000, 0.0804440500, 0.8341189000)
(-0.3457212000, -0.4223504000, 0.0804186900, 0.8340443000)
(-0.3458631000, -0.4221485000, 0.0803701200, 0.8340924000)
(-0.3457513000, -0.4222828000, 0.0803300300, 0.8340746000)
(-0.3456751000, -0.4222761000, 0.0804202000, 0.8341008000)
(-0.3456824000, -0.4222142000, 0.0804216600, 0.8341290000)
(-0.3455900000, -0.4222707000, 0.0802668900, 0.8341536000)
(-0.3456542000, -0.4222247000, 0.0804126100, 0.8341362000)
(-0.3454927000, -0.4221574000, 0.0802935600, 0.8342487000)
(-0.3455820000, -0.4221824000, 0.0804038300, 0.8341885000)
(-0.3456623000, -0.4220476000, 0.0802626300, 0.8342370000)
(-0.3454522000, -0.4222246000, 0.0803401700, 0.8342270000)
(-0.3456939000, -0.4222286000, 0.0802278100, 0.8341357000)
(-0.3453927000, -0.4221486000, 0.0803564400, 0.8342885000)
(-0.3455943000, -0.4220854000, 0.0802513700, 0.8342471000)
(-0.3455646000, -0.4220612000, 0.0804913300, 0.8342485000)
(-0.3454991000, -0.4219656000, 0.0802968800, 0.8343428000)
(-0.3456102000, -0.4219063000, 0.0803417100, 0.8343225000)
(-0.3454806000, -0.4219229000, 0.0803241100, 0.8343694000)
(-0.3455659000, -0.4219707000, 0.0803016900, 0.8343120000)
(-0.3456295000, -0.4220681000, 0.0803748500, 0.8342294000)
(-0.3457496000, -0.4220705000, 0.0803728200, 0.8341786000)
(-0.3457525000, -0.4220614000, 0.0803945100, 0.8341799000)
(-0.3457471000, -0.4222137000, 0.0804445700, 0.8341002000)
(-0.3457407000, -0.4221058000, 0.0804788800, 0.8341542000)
(-0.3460186000, -0.4221364000, 0.0804158500, 0.8340296000)
(-0.3457698000, -0.4222393000, 0.0803625900, 0.8340858000)
(-0.3457788000, -0.4223340000, 0.0801908400, 0.8340507000)
(-0.3458050000, -0.4222155000, 0.0802728800, 0.8340919000)
(-0.3456852000, -0.4222160000, 0.0803445900, 0.8341343000)
(-0.3458309000, -0.4221912000, 0.0803543700, 0.8340856000)
(-0.3456618000, -0.4222388000, 0.0802550600, 0.8341411000)
(-0.3456672000, -0.4222389000, 0.0802904100, 0.8341355000)
(-0.3458090000, -0.4221463000, 0.0802282200, 0.8341296000)
(-0.3457574000, -0.4222194000, 0.0802829800, 0.8341087000)
(-0.3456365000, -0.4222435000, 0.0803714000, 0.8341381000)
(-0.3455083000, -0.4223262000, 0.0803009800, 0.8341561000)
(-0.3457215000, -0.4222456000, 0.0802362100, 0.8341148000)
(-0.3457127000, -0.4222330000, 0.0801825200, 0.8341300000)
(-0.3456512000, -0.4222110000, 0.0802812200, 0.8341571000)
(-0.3457018000, -0.4221873000, 0.0804500700, 0.8341319000)
(-0.3458444000, -0.4221686000, 0.0802669100, 0.8340999000)
(-0.3456210000, -0.4223205000, 0.0803346200, 0.8341090000)
(-0.3457928000, -0.4221297000, 0.0802583800, 0.8341418000)
(-0.3458172000, -0.4221522000, 0.0801538200, 0.8341303000)
(-0.3457418000, -0.4222144000, 0.0802903600, 0.8341170000)
(-0.3455956000, -0.4221694000, 0.0804212500, 0.8341877000)
(-0.3457074000, -0.4220884000, 0.0803289700, 0.8341912000)
(-0.3458755000, -0.4223096000, 0.0803366300, 0.8340089000)
(-0.3457409000, -0.4222625000, 0.0803905900, 0.8340834000)
(-0.3457093000, -0.4224284000, 0.0804684700, 0.8340049000)
(-0.3457760000, -0.4223952000, 0.0804211000, 0.8339987000)
(-0.3456973000, -0.4223584000, 0.0803104200, 0.8340605000)
(-0.3457474000, -0.4222687000, 0.0802452900, 0.8340915000)
(-0.3460553000, -0.4223704000, 0.0804020500, 0.8338972000)
(-0.3459520000, -0.4223173000, 0.0803045100, 0.8339763000)
(-0.3459949000, -0.4221928000, 0.0803374100, 0.8340184000)
(-0.3458495000, -0.4222895000, 0.0803090500, 0.8340325000)
(-0.3455904000, -0.4223019000, 0.0803666500, 0.8341281000)
(-0.3459383000, -0.4221596000, 0.0803558800, 0.8340569000)
(-0.3457663000, -0.4222654000, 0.0806245700, 0.8340487000)
(-0.3457368000, -0.4221616000, 0.0804295300, 0.8341324000)
(-0.3457153000, -0.4221015000, 0.0804097400, 0.8341736000)
(-0.3456641000, -0.4221713000, 0.0804401400, 0.8341566000)
(-0.3457351000, -0.4221085000, 0.0805098700, 0.8341522000)
(-0.3457601000, -0.4221087000, 0.0805156800, 0.8341411000)
(-0.3456590000, -0.4222165000, 0.0802610700, 0.8341531000)
(-0.3458968000, -0.4220139000, 0.0803585400, 0.8341476000)
(-0.3458406000, -0.4221160000, 0.0805119600, 0.8341045000)
(-0.3457009000, -0.4222375000, 0.0803833800, 0.8341133000)
(-0.3456929000, -0.4222570000, 0.0803801900, 0.8341070000)
(-0.3458577000, -0.4223678000, 0.0803715800, 0.8339834000)
(-0.3459031000, -0.4224138000, 0.0803488100, 0.8339435000)
(-0.3458669000, -0.4222491000, 0.0804727900, 0.8340300000)
(-0.3457805000, -0.4225129000, 0.0804631600, 0.8339331000)
(-0.3460064000, -0.4222810000, 0.0803598500, 0.8339669000)
(-0.3460033000, -0.4223129000, 0.0803506300, 0.8339528000)
(-0.3459243000, -0.4223051000, 0.0803129400, 0.8339931000)
(-0.3459000000, -0.4223835000, 0.0804273900, 0.8339525000)
(-0.3458120000, -0.4223467000, 0.0803829500, 0.8340120000)
(-0.3457616000, -0.4223047000, 0.0805495600, 0.8340380000)
(-0.3458591000, -0.4222773000, 0.0803683300, 0.8340290000)
(-0.3457144000, -0.4222444000, 0.0803148900, 0.8341107000)
(-0.3458900000, -0.4224052000, 0.0804141700, 0.8339469000)
(-0.3458344000, -0.4223442000, 0.0801681700, 0.8340246000)
(-0.3458848000, -0.4223876000, 0.0802771400, 0.8339712000)
(-0.3459840000, -0.4225441000, 0.0802062900, 0.8338577000)
(-0.3459528000, -0.4224207000, 0.0803370900, 0.8339205000)
(-0.3459401000, -0.4222384000, 0.0803032300, 0.8340213000)
(-0.3459334000, -0.4224102000, 0.0803167000, 0.8339359000)
(-0.3457555000, -0.4224390000, 0.0805481500, 0.8339726000)
(-0.3459289000, -0.4223457000, 0.0803661000, 0.8339656000)
(-0.3458170000, -0.4223737000, 0.0802653300, 0.8340076000)
(-0.3459512000, -0.4222908000, 0.0804643900, 0.8339747000)
(-0.3458058000, -0.4223438000, 0.0802834600, 0.8340256000)
(-0.3457927000, -0.4222738000, 0.0803271500, 0.8340623000)
(-0.3457225000, -0.4223376000, 0.0803035800, 0.8340613000)
(-0.3458135000, -0.4223338000, 0.0803670100, 0.8340194000)
(-0.3457640000, -0.4223238000, 0.0804681900, 0.8340353000)
(-0.3456549000, -0.4223202000, 0.0803739700, 0.8340914000)
(-0.3457091000, -0.4222777000, 0.0806602800, 0.8340628000)
(-0.3457407000, -0.4223487000, 0.0804013200, 0.8340387000)
(-0.3458715000, -0.4221136000, 0.0803977200, 0.8341039000)
(-0.3458293000, -0.4223057000, 0.0804337600, 0.8340206000)
(-0.3456907000, -0.4223555000, 0.0804114700, 0.8340551000)
(-0.3456864000, -0.4223449000, 0.0803453500, 0.8340686000)
(-0.3457024000, -0.4223778000, 0.0802774800, 0.8340518000)
(-0.3457584000, -0.4221635000, 0.0802962600, 0.8341352000)
(-0.3456808000, -0.4223987000, 0.0802751700, 0.8340504000)
(-0.3455828000, -0.4224096000, 0.0804027200, 0.8340732000)
(-0.3456643000, -0.4222479000, 0.0802435100, 0.8341367000)
(-0.3457669000, -0.4223400000, 0.0804198900, 0.8340305000)
(-0.3457101000, -0.4222482000, 0.0804466300, 0.8340979000)
(-0.3458316000, -0.4223048000, 0.0804525200, 0.8340183000)
(-0.3459181000, -0.4223478000, 0.0805741200, 0.8339489000)
(-0.3457353000, -0.4223251000, 0.0804394800, 0.8340492000)
(-0.3457844000, -0.4224021000, 0.0803445500, 0.8339990000)
(-0.3455797000, -0.4223707000, 0.0804356100, 0.8340910000)
(-0.3455624000, -0.4223497000, 0.0804032700, 0.8341120000)
(-0.3456724000, -0.4222582000, 0.0805782900, 0.8340958000)
(-0.3456326000, -0.4222570000, 0.0801968900, 0.8341496000)
(-0.3455673000, -0.4222604000, 0.0805092600, 0.8341449000)
(-0.3457822000, -0.4221366000, 0.0804472800, 0.8341244000)
(-0.3456703000, -0.4223052000, 0.0805433800, 0.8340762000)
(-0.3457658000, -0.4224016000, 0.0804486300, 0.8339970000)
(-0.3458268000, -0.4222723000, 0.0803939800, 0.8340424000)
(-0.3458023000, -0.4222004000, 0.0804074900, 0.8340877000)
(-0.3457296000, -0.4222712000, 0.0804311000, 0.8340797000)
(-0.3456516000, -0.4221964000, 0.0803766800, 0.8341551000)
(-0.3458758000, -0.4224132000, 0.0804575100, 0.8339447000)
(-0.3457440000, -0.4222220000, 0.0803491400, 0.8341066000)
(-0.3457409000, -0.4221840000, 0.0803554400, 0.8341265000)
(-0.3455853000, -0.4223284000, 0.0803522500, 0.8341181000)
(-0.3456447000, -0.4222980000, 0.0802428600, 0.8341194000)
(-0.3455349000, -0.4223255000, 0.0802174300, 0.8341535000)
(-0.3456174000, -0.4222151000, 0.0803116400, 0.8341661000)
(-0.3454677000, -0.4222661000, 0.0803126100, 0.8342022000)
(-0.3455945000, -0.4222108000, 0.0804250200, 0.8341668000)
(-0.3457823000, -0.4223303000, 0.0804801700, 0.8340232000)
(-0.3457326000, -0.4221838000, 0.0804539200, 0.8341205000)
(-0.3455600000, -0.4224361000, 0.0803668600, 0.8340728000)
(-0.3457358000, -0.4222018000, 0.0803294600, 0.8341221000)
(-0.3458448000, -0.4220956000, 0.0803699000, 0.8341267000)
(-0.3458359000, -0.4222988000, 0.0805232300, 0.8340127000)
(-0.3457010000, -0.4221966000, 0.0803951100, 0.8341328000)
(-0.3458219000, -0.4222770000, 0.0804529500, 0.8340364000)
(-0.3459065000, -0.4220425000, 0.0803064700, 0.8341341000)
(-0.3457463000, -0.4222355000, 0.0804328700, 0.8340907000)
(-0.3456129000, -0.4222571000, 0.0803959200, 0.8341386000)
(-0.3457139000, -0.4223030000, 0.0803748400, 0.8340756000)
(-0.3458011000, -0.4220845000, 0.0805509300, 0.8341330000)
(-0.3458138000, -0.4221343000, 0.0803623500, 0.8341208000)
(-0.3457797000, -0.4221544000, 0.0802749500, 0.8341331000)
(-0.3459186000, -0.4220704000, 0.0804475000, 0.8341013000)
(-0.3459122000, -0.4221510000, 0.0803708200, 0.8340707000)
(-0.3458188000, -0.4219069000, 0.0804047100, 0.8342296000)
(-0.3457894000, -0.4220891000, 0.0806016000, 0.8341306000)
(-0.3457473000, -0.4220479000, 0.0804028600, 0.8341881000)
(-0.3457888000, -0.4219658000, 0.0804803700, 0.8342050000)
(-0.3457854000, -0.4219967000, 0.0804788000, 0.8341909000)
(-0.3459505000, -0.4218619000, 0.0805077300, 0.8341879000)
(-0.3458803000, -0.4220023000, 0.0804800200, 0.8341486000)
(-0.3459661000, -0.4220138000, 0.0804606000, 0.8341090000)
(-0.3456980000, -0.4220999000, 0.0803714200, 0.8341853000)
(-0.3458399000, -0.4220092000, 0.0804416200, 0.8341656000)
(-0.3458632000, -0.4220105000, 0.0804903200, 0.8341506000)
(-0.3458135000, -0.4219747000, 0.0803351500, 0.8342043000)
(-0.3458848000, -0.4219980000, 0.0804297400, 0.8341537000)
(-0.3458818000, -0.4220520000, 0.0804637200, 0.8341244000)
(-0.3457577000, -0.4221853000, 0.0803460000, 0.8341197000)
(-0.3456968000, -0.4221462000, 0.0804271800, 0.8341569000)
(-0.3456572000, -0.4220732000, 0.0804869000, 0.8342045000)
(-0.3458768000, -0.4221911000, 0.0805354000, 0.8340491000)
(-0.3459864000, -0.4219206000, 0.0803886100, 0.8341547000)
(-0.3458496000, -0.4221687000, 0.0805467200, 0.8340707000)
(-0.3458986000, -0.4220648000, 0.0805713000, 0.8341006000)
(-0.3458316000, -0.4221639000, 0.0804053900, 0.8340942000)
(-0.3458127000, -0.4221359000, 0.0804575500, 0.8341112000)
(-0.3458393000, -0.4221842000, 0.0805388000, 0.8340678000)
(-0.3459123000, -0.4220616000, 0.0805080200, 0.8341026000)
(-0.3460006000, -0.4222042000, 0.0805194700, 0.8339927000)
(-0.3458739000, -0.4221700000, 0.0804025500, 0.8340738000)
(-0.3458238000, -0.4221326000, 0.0806096700, 0.8340935000)
(-0.3458519000, -0.4221488000, 0.0804735700, 0.8340869000)
(-0.3459682000, -0.4221027000, 0.0803724000, 0.8340717000)
(-0.3460189000, -0.4221739000, 0.0803566700, 0.8340161000)
(-0.3460358000, -0.4221410000, 0.0803495400, 0.8340265000)
(-0.3458529000, -0.4221994000, 0.0805199700, 0.8340563000)
(-0.3458778000, -0.4222721000, 0.0803817700, 0.8340225000)
(-0.3459388000, -0.4223030000, 0.0804418300, 0.8339758000)
(-0.3457928000, -0.4221629000, 0.0804888900, 0.8341027000)
(-0.3459273000, -0.4223359000, 0.0803614200, 0.8339717000)
(-0.3459586000, -0.4220693000, 0.0802921300, 0.8341004000)
(-0.3459432000, -0.4221934000, 0.0801835300, 0.8340544000)
(-0.3459153000, -0.4222250000, 0.0803463100, 0.8340342000)
(-0.3460237000, -0.4222761000, 0.0801724000, 0.8339802000)
(-0.3461882000, -0.4223086000, 0.0804000500, 0.8338735000)
(-0.3458842000, -0.4221619000, 0.0802629100, 0.8340871000)
(-0.3459813000, -0.4221835000, 0.0804224600, 0.8340206000)
(-0.3460209000, -0.4221003000, 0.0804637600, 0.8340423000)
(-0.3460089000, -0.4222231000, 0.0805389500, 0.8339779000)
(-0.3458694000, -0.4221733000, 0.0803138900, 0.8340826000)
(-0.3461044000, -0.4221327000, 0.0804000500, 0.8339973000)
(-0.3460444000, -0.4221876000, 0.0803076800, 0.8340033000)
(-0.3461049000, -0.4222079000, 0.0804576200, 0.8339535000)
(-0.3459355000, -0.4222093000, 0.0804672400, 0.8340222000)
(-0.3460837000, -0.4222380000, 0.0803211800, 0.8339602000)
(-0.3459055000, -0.4223393000, 0.0803221500, 0.8339828000)
(-0.3460988000, -0.4222731000, 0.0803030200, 0.8339379000)
(-0.3461480000, -0.4222605000, 0.0804536400, 0.8339095000)
(-0.3460366000, -0.4220553000, 0.0804741500, 0.8340575000)
(-0.3459634000, -0.4222781000, 0.0803102300, 0.8339909000)
(-0.3458151000, -0.4221504000, 0.0803183200, 0.8341163000)
(-0.3459665000, -0.4222955000, 0.0804987500, 0.8339626000)
(-0.3459723000, -0.4221109000, 0.0801015100, 0.8340919000)
(-0.3458951000, -0.4220829000, 0.0803819100, 0.8341111000)
(-0.3458742000, -0.4220693000, 0.0804601200, 0.8341191000)
(-0.3456329000, -0.4222384000, 0.0803369400, 0.8341455000)
(-0.3459290000, -0.4220810000, 0.0804363800, 0.8340928000)
(-0.3459576000, -0.4221384000, 0.0805189100, 0.8340439000)
(-0.3460961000, -0.4221341000, 0.0804748900, 0.8339929000)
(-0.3459105000, -0.4221491000, 0.0805703600, 0.8340531000)
(-0.3458583000, -0.4221708000, 0.0804964100, 0.8340709000)
(-0.3461878000, -0.4221432000, 0.0803987900, 0.8339576000)
(-0.3460036000, -0.4221565000, 0.0805497900, 0.8340127000)
(-0.3458064000, -0.4221135000, 0.0804773600, 0.8341232000)
(-0.3458590000, -0.4221452000, 0.0804193800, 0.8340909000)
(-0.3458450000, -0.4222085000, 0.0803893300, 0.8340676000)
(-0.3457882000, -0.4223136000, 0.0804640400, 0.8340307000)
(-0.3455935000, -0.4222866000, 0.0803830300, 0.8341330000)
(-0.3458294000, -0.4222213000, 0.0803884900, 0.8340677000)
(-0.3457117000, -0.4222998000, 0.0803046200, 0.8340849000)
(-0.3456345000, -0.4222888000, 0.0803663700, 0.8341165000)
(-0.3456914000, -0.4220989000, 0.0803041700, 0.8341950000)
(-0.3457118000, -0.4222229000, 0.0803694000, 0.8341175000)
(-0.3456675000, -0.4221922000, 0.0803864000, 0.8341498000)
(-0.3456613000, -0.4222165000, 0.0803404500, 0.8341445000)
(-0.3454516000, -0.4220056000, 0.0803593200, 0.8343362000)
(-0.3457214000, -0.4220116000, 0.0803920300, 0.8342182000)
(-0.3456670000, -0.4221674000, 0.0803473900, 0.8341663000)
(-0.3456531000, -0.4222377000, 0.0804953300, 0.8341222000)
(-0.3455644000, -0.4221371000, 0.0805279500, 0.8342067000)
(-0.3456003000, -0.4220738000, 0.0803237700, 0.8342435000)
(-0.3456060000, -0.4220707000, 0.0802374200, 0.8342510000)
(-0.3457154000, -0.4219994000, 0.0803180600, 0.8342341000)
(-0.3455833000, -0.4221118000, 0.0803924900, 0.8342247000)
(-0.3457173000, -0.4221122000, 0.0804150600, 0.8341668000)
(-0.3456639000, -0.4221219000, 0.0803810700, 0.8341873000)
(-0.3457322000, -0.4221637000, 0.0802849600, 0.8341472000)
(-0.3458178000, -0.4221960000, 0.0802336800, 0.8341002000)
(-0.3458468000, -0.4222776000, 0.0803212100, 0.8340385000)
(-0.3457472000, -0.4221545000, 0.0802809700, 0.8341459000)
(-0.3456857000, -0.4221443000, 0.0801430300, 0.8341898000)
(-0.3457620000, -0.4222315000, 0.0803363500, 0.8340955000)
(-0.3458578000, -0.4221088000, 0.0802404200, 0.8341271000)
(-0.3455390000, -0.4221784000, 0.0802144400, 0.8342265000)
(-0.3457720000, -0.4222123000, 0.0803198600, 0.8341026000)
(-0.3457568000, -0.4222736000, 0.0803669800, 0.8340734000)
(-0.3457243000, -0.4221591000, 0.0801976400, 0.8341612000)
(-0.3456262000, -0.4221917000, 0.0803321300, 0.8341723000)
(-0.3458411000, -0.4222120000, 0.0804093300, 0.8340656000)
(-0.3457318000, -0.4220497000, 0.0802675500, 0.8342067000)
(-0.3455937000, -0.4221848000, 0.0804243800, 0.8341804000)
(-0.3456466000, -0.4221661000, 0.0803375000, 0.8341763000)
(-0.3458160000, -0.4222876000, 0.0802772000, 0.8340504000)
(-0.3457129000, -0.4222161000, 0.0804243200, 0.8341152000)
(-0.3457153000, -0.4220774000, 0.0803991100, 0.8341868000)
(-0.3456605000, -0.4223289000, 0.0804301900, 0.8340792000)
(-0.3455247000, -0.4224622000, 0.0804251400, 0.8340684000)
(-0.3457110000, -0.4222456000, 0.0803531100, 0.8341079000)
(-0.3455665000, -0.4223218000, 0.0803756900, 0.8341270000)
(-0.3456412000, -0.4222198000, 0.0804017300, 0.8341452000)
(-0.3457141000, -0.4222449000, 0.0803908600, 0.8341033000)
(-0.3456202000, -0.4223663000, 0.0803163700, 0.8340880000)
(-0.3458759000, -0.4221875000, 0.0805040400, 0.8340544000)
(-0.3458035000, -0.4222292000, 0.0804151000, 0.8340719000)
(-0.3456437000, -0.4224722000, 0.0803537100, 0.8340210000)
(-0.3457713000, -0.4223148000, 0.0803725600, 0.8340460000)
(-0.3456399000, -0.4224289000, 0.0804275600, 0.8340373000)
(-0.3456750000, -0.4225348000, 0.0803706600, 0.8339747000)
(-0.3456287000, -0.4222895000, 0.0804504300, 0.8341104000)
(-0.3456704000, -0.4222957000, 0.0803800200, 0.8340967000)
(-0.3455961000, -0.4222231000, 0.0804392600, 0.8341586000)
(-0.3457652000, -0.4223747000, 0.0802815800, 0.8340269000)
(-0.3459288000, -0.4222641000, 0.0805067700, 0.8339934000)
(-0.3458747000, -0.4222795000, 0.0803982000, 0.8340185000)
(-0.3456597000, -0.4222232000, 0.0802839400, 0.8341472000)
(-0.3457674000, -0.4221947000, 0.0803749900, 0.8341082000)
(-0.3457141000, -0.4221536000, 0.0802446600, 0.8341637000)
(-0.3458563000, -0.4221847000, 0.0802696300, 0.8340865000)
(-0.3457313000, -0.4222288000, 0.0803789600, 0.8341055000)
(-0.3457637000, -0.4220929000, 0.0802443000, 0.8341738000)
(-0.3457396000, -0.4220866000, 0.0803038500, 0.8341812000)
(-0.3456081000, -0.4221472000, 0.0801656100, 0.8342184000)
(-0.3457690000, -0.4221712000, 0.0802088500, 0.8341354000)
(-0.3457567000, -0.4221111000, 0.0802994100, 0.8341622000)
(-0.3457965000, -0.4221150000, 0.0803881100, 0.8341351000)
(-0.3458098000, -0.4220263000, 0.0803151300, 0.8341816000)
(-0.3457948000, -0.4221980000, 0.0802648700, 0.8341057000)
(-0.3459251000, -0.4221021000, 0.0802950500, 0.8340974000)
(-0.3459074000, -0.4219264000, 0.0802414600, 0.8341987000)
(-0.3459205000, -0.4219638000, 0.0802755800, 0.8341711000)
(-0.3460293000, -0.4220074000, 0.0805016100, 0.8340821000)
(-0.3457404000, -0.4222060000, 0.0802655600, 0.8341243000)
(-0.3457448000, -0.4219623000, 0.0802214700, 0.8342499000)
(-0.3458816000, -0.4221069000, 0.0803010500, 0.8341124000)
(-0.3458925000, -0.4220478000, 0.0802372200, 0.8341439000)
(-0.3458806000, -0.4219214000, 0.0802075900, 0.8342156000)
(-0.3457944000, -0.4219592000, 0.0804159000, 0.8342122000)
(-0.3458502000, -0.4220812000, 0.0801584700, 0.8341522000)
(-0.3457956000, -0.4220680000, 0.0801691800, 0.8341804000)
(-0.3459158000, -0.4220111000, 0.0803274700, 0.8341441000)
(-0.3457668000, -0.4220241000, 0.0803463200, 0.8341975000)
(-0.3457521000, -0.4220877000, 0.0801723700, 0.8341882000)
(-0.3457538000, -0.4219522000, 0.0802497600, 0.8342486000)
(-0.3458464000, -0.4219362000, 0.0802883700, 0.8342146000)
(-0.3460142000, -0.4220669000, 0.0803974700, 0.8340684000)
(-0.3459047000, -0.4220697000, 0.0801702000, 0.8341342000)
(-0.3459513000, -0.4218311000, 0.0803038400, 0.8342228000)
(-0.3459673000, -0.4219505000, 0.0801973400, 0.8341659000)
(-0.3459864000, -0.4219608000, 0.0802188100, 0.8341507000)
(-0.3459250000, -0.4219868000, 0.0802306800, 0.8341619000)
(-0.3458996000, -0.4219058000, 0.0801759400, 0.8342187000)
(-0.3459514000, -0.4218676000, 0.0801830000, 0.8342158000)
(-0.3460535000, -0.4218324000, 0.0802695200, 0.8341830000)
(-0.3460678000, -0.4218537000, 0.0802662600, 0.8341666000)
(-0.3459764000, -0.4217815000, 0.0803729500, 0.8342308000)
(-0.3460580000, -0.4218476000, 0.0803265400, 0.8341680000)
(-0.3458614000, -0.4218426000, 0.0800344200, 0.8342801000)
(-0.3457887000, -0.4218840000, 0.0803490300, 0.8342590000)
(-0.3458684000, -0.4216942000, 0.0801889700, 0.8343374000)
(-0.3459278000, -0.4219004000, 0.0800945800, 0.8342175000)
(-0.3457910000, -0.4220521000, 0.0802616700, 0.8341815000)
(-0.3458421000, -0.4219534000, 0.0803186600, 0.8342047000)
(-0.3457515000, -0.4219277000, 0.0803487100, 0.8342524000)
(-0.3459434000, -0.4219101000, 0.0803143600, 0.8341851000)
(-0.3459663000, -0.4218159000, 0.0802605100, 0.8342283000)
(-0.3459682000, -0.4219197000, 0.0800465600, 0.8341957000)
(-0.3458413000, -0.4219572000, 0.0802772800, 0.8342071000)
(-0.3459907000, -0.4220271000, 0.0802560400, 0.8341118000)
(-0.3457888000, -0.4220191000, 0.0801376000, 0.8342110000)
(-0.3459486000, -0.4220248000, 0.0803665800, 0.8341198000)
(-0.3460914000, -0.4219765000, 0.0802461100, 0.8340966000)
(-0.3458657000, -0.4218641000, 0.0801520500, 0.8342561000)
(-0.3460521000, -0.4220253000, 0.0800484300, 0.8341072000)
(-0.3458235000, -0.4219159000, 0.0800761700, 0.8342547000)
(-0.3457312000, -0.4218584000, 0.0803235300, 0.8342983000)
(-0.3458894000, -0.4219593000, 0.0802748100, 0.8341863000)
(-0.3458327000, -0.4218181000, 0.0803281400, 0.8342761000)
(-0.3458459000, -0.4219635000, 0.0802165600, 0.8342078000)
(-0.3458884000, -0.4217957000, 0.0801381000, 0.8342826000)
(-0.3460280000, -0.4218179000, 0.0803794300, 0.8341903000)
(-0.3459784000, -0.4218702000, 0.0802357700, 0.8341982000)
(-0.3459644000, -0.4219017000, 0.0802816900, 0.8341837000)
(-0.3459345000, -0.4218411000, 0.0804145900, 0.8342140000)
(-0.3458570000, -0.4219166000, 0.0802270200, 0.8342260000)
(-0.3458831000, -0.4218257000, 0.0803656500, 0.8342478000)
(-0.3459025000, -0.4219398000, 0.0802130400, 0.8341967000)
(-0.3458239000, -0.4220598000, 0.0802148700, 0.8341684000)
(-0.3457167000, -0.4219073000, 0.0804346700, 0.8342688000)
(-0.3457955000, -0.4218851000, 0.0804115000, 0.8342497000)
(-0.3458243000, -0.4219402000, 0.0802489600, 0.8342255000)
(-0.3458388000, -0.4218945000, 0.0803548300, 0.8342324000)
(-0.3457764000, -0.4219956000, 0.0802211700, 0.8342200000)
(-0.3457667000, -0.4219591000, 0.0802272000, 0.8342419000)
(-0.3457207000, -0.4219243000, 0.0801557500, 0.8342854000)
(-0.3460048000, -0.4220064000, 0.0803332000, 0.8341090000)
(-0.3458832000, -0.4219252000, 0.0802350300, 0.8342100000)
(-0.3457974000, -0.4220463000, 0.0803085000, 0.8341772000)
(-0.3460145000, -0.4220348000, 0.0804277800, 0.8340816000)
(-0.3460169000, -0.4219152000, 0.0804585800, 0.8341381000)
(-0.3458634000, -0.4220370000, 0.0803906700, 0.8341467000)
(-0.3460116000, -0.4220529000, 0.0802521900, 0.8340905000)
(-0.3458369000, -0.4219894000, 0.0803393900, 0.8341867000)
(-0.3458381000, -0.4221021000, 0.0802767400, 0.8341352000)
(-0.3458425000, -0.4220047000, 0.0802535200, 0.8341848000)
(-0.3457338000, -0.4221191000, 0.0804547700, 0.8341527000)
(-0.3459441000, -0.4220592000, 0.0802930700, 0.8341114000)
(-0.3458268000, -0.4220982000, 0.0802545500, 0.8341440000)
(-0.3460222000, -0.4221530000, 0.0803275100, 0.8340281000)
(-0.3458282000, -0.4220635000, 0.0804008100, 0.8341469000)
(-0.3458104000, -0.4221859000, 0.0803405900, 0.8340981000)
(-0.3459424000, -0.4219299000, 0.0803353900, 0.8341734000)
(-0.3458968000, -0.4220595000, 0.0804070000, 0.8341199000)
(-0.3458609000, -0.4218630000, 0.0805566000, 0.8342198000)
(-0.3459926000, -0.4219829000, 0.0805004200, 0.8341098000)
(-0.3459196000, -0.4219341000, 0.0804221200, 0.8341724000)
(-0.3459056000, -0.4221250000, 0.0805318000, 0.8340710000)
(-0.3458684000, -0.4221264000, 0.0806016400, 0.8340790000)
(-0.3458678000, -0.4221816000, 0.0805234100, 0.8340589000)
(-0.3459716000, -0.4222976000, 0.0803854200, 0.8339704000)
(-0.3460155000, -0.4221087000, 0.0804599400, 0.8340406000)
(-0.3461002000, -0.4223076000, 0.0804001100, 0.8339106000)
(-0.3461209000, -0.4222995000, 0.0805159100, 0.8338949000)
(-0.3460130000, -0.4223675000, 0.0805955500, 0.8338975000)
(-0.3459478000, -0.4222620000, 0.0805915500, 0.8339784000)
(-0.3459611000, -0.4221352000, 0.0804725600, 0.8340486000)
(-0.3460279000, -0.4222276000, 0.0803443300, 0.8339864000)
(-0.3459295000, -0.4222455000, 0.0805259400, 0.8340006000)
(-0.3458871000, -0.4222298000, 0.0804013200, 0.8340383000)
(-0.3458676000, -0.4221570000, 0.0803433200, 0.8340887000)
(-0.3460136000, -0.4221838000, 0.0802947400, 0.8340193000)
(-0.3457519000, -0.4221562000, 0.0803935800, 0.8341323000)
(-0.3458112000, -0.4222901000, 0.0803211600, 0.8340469000)
(-0.3459078000, -0.4224334000, 0.0802579600, 0.8339404000)
(-0.3459910000, -0.4224551000, 0.0804586000, 0.8338756000)
(-0.3459903000, -0.4222288000, 0.0804236200, 0.8339937000)
(-0.3457832000, -0.4223655000, 0.0803376800, 0.8340187000)
(-0.3459446000, -0.4225792000, 0.0803746600, 0.8338399000)
(-0.3458941000, -0.4222119000, 0.0803527800, 0.8340491000)
(-0.3457150000, -0.4223703000, 0.0804825900, 0.8340306000)
(-0.3457941000, -0.4224154000, 0.0803713500, 0.8339857000)
(-0.3458226000, -0.4223049000, 0.0802683200, 0.8340397000)
(-0.3458696000, -0.4222290000, 0.0803194600, 0.8340538000)
(-0.3457648000, -0.4222914000, 0.0803511400, 0.8340626000)
(-0.3457844000, -0.4223534000, 0.0802855200, 0.8340294000)
(-0.3457923000, -0.4223572000, 0.0804205800, 0.8340112000)
(-0.3458141000, -0.4223184000, 0.0805209400, 0.8340121000)
(-0.3459134000, -0.4223787000, 0.0804327300, 0.8339489000)
(-0.3456965000, -0.4224221000, 0.0804351600, 0.8340166000)
(-0.3457305000, -0.4224249000, 0.0803995400, 0.8340046000)
(-0.3458859000, -0.4223840000, 0.0804782000, 0.8339533000)
(-0.3459386000, -0.4223683000, 0.0805836200, 0.8339291000)
(-0.3457880000, -0.4223337000, 0.0804390600, 0.8340231000)
(-0.3456220000, -0.4224882000, 0.0803506300, 0.8340222000)
(-0.3457814000, -0.4224198000, 0.0804124500, 0.8339847000)
(-0.3458249000, -0.4225913000, 0.0802942100, 0.8338913000)
(-0.3456654000, -0.4225438000, 0.0804696600, 0.8339645000)
(-0.3457676000, -0.4225213000, 0.0805194400, 0.8339288000)
(-0.3458465000, -0.4223152000, 0.0804879400, 0.8340035000)
(-0.3457675000, -0.4223366000, 0.0805061500, 0.8340237000)
(-0.3457626000, -0.4225268000, 0.0804631100, 0.8339335000)
(-0.3456320000, -0.4223390000, 0.0803262100, 0.8340960000)
(-0.3455833000, -0.4222990000, 0.0804064900, 0.8341286000)
(-0.3456287000, -0.4223566000, 0.0804877100, 0.8340728000)
(-0.3455241000, -0.4222090000, 0.0802747200, 0.8342114000)
(-0.3457628000, -0.4223408000, 0.0803932700, 0.8340343000)
(-0.3456945000, -0.4223636000, 0.0805141000, 0.8340394000)
(-0.3457437000, -0.4223438000, 0.0805086700, 0.8340296000)
(-0.3457205000, -0.4222518000, 0.0803149700, 0.8341045000)
(-0.3457195000, -0.4224143000, 0.0804635700, 0.8340083000)
(-0.3459071000, -0.4223368000, 0.0804882200, 0.8339674000)
(-0.3458044000, -0.4224564000, 0.0804272100, 0.8339553000)
(-0.3458070000, -0.4223725000, 0.0805091100, 0.8339888000)
(-0.3458103000, -0.4223573000, 0.0803664000, 0.8340089000)
(-0.3458223000, -0.4222283000, 0.0806495900, 0.8340419000)
(-0.3459057000, -0.4223670000, 0.0805014600, 0.8339514000)
(-0.3459502000, -0.4222579000, 0.0804969900, 0.8339886000)
(-0.3458149000, -0.4224012000, 0.0803725100, 0.8339842000)
(-0.3457636000, -0.4223836000, 0.0804479900, 0.8340070000)
(-0.3458024000, -0.4222313000, 0.0803540000, 0.8340771000)
(-0.3457012000, -0.4223284000, 0.0805163500, 0.8340543000)
(-0.3458297000, -0.4223331000, 0.0805530000, 0.8339951000)
(-0.3457484000, -0.4222087000, 0.0805266800, 0.8340943000)
(-0.3456868000, -0.4223000000, 0.0805388800, 0.8340725000)
(-0.3455900000, -0.4221134000, 0.0806476600, 0.8341966000)
(-0.3457707000, -0.4222465000, 0.0805144500, 0.8340671000)
(-0.3458016000, -0.4222243000, 0.0806892600, 0.8340487000)
(-0.3459481000, -0.4222762000, 0.0807204000, 0.8339586000)
(-0.3460250000, -0.4222223000, 0.0806452500, 0.8339612000)
(-0.3460120000, -0.4222017000, 0.0806657200, 0.8339751000)
(-0.3461592000, -0.4222606000, 0.0805518000, 0.8338953000)
(-0.3461487000, -0.4222464000, 0.0806708500, 0.8338953000)
(-0.3460617000, -0.4222260000, 0.0804763900, 0.8339605000)
(-0.3461582000, -0.4221309000, 0.0804600800, 0.8339702000)
(-0.3462363000, -0.4220932000, 0.0803670000, 0.8339658000)
(-0.3461221000, -0.4222589000, 0.0805448100, 0.8339122000)
(-0.3459160000, -0.4222777000, 0.0805054100, 0.8339919000)
(-0.3460361000, -0.4222604000, 0.0805297600, 0.8339486000)
(-0.3458067000, -0.4221758000, 0.0803047200, 0.8341082000)
(-0.3458917000, -0.4222801000, 0.0804338400, 0.8340077000)
(-0.3459727000, -0.4222524000, 0.0804123700, 0.8339903000)
(-0.3457834000, -0.4222789000, 0.0803546200, 0.8340608000)
(-0.3458439000, -0.4223104000, 0.0803968400, 0.8340158000)
(-0.3457762000, -0.4223223000, 0.0804468600, 0.8340330000)
(-0.3458387000, -0.4222614000, 0.0804996600, 0.8340328000)
(-0.3460764000, -0.4223112000, 0.0805096000, 0.8339080000)
(-0.3458959000, -0.4223175000, 0.0806611700, 0.8339651000)
(-0.3460332000, -0.4221995000, 0.0806515300, 0.8339688000)
(-0.3462176000, -0.4221511000, 0.0805879900, 0.8339229000)
(-0.3461108000, -0.4222769000, 0.0805377400, 0.8339084000)
(-0.3460988000, -0.4223318000, 0.0804335000, 0.8338956000)
(-0.3457998000, -0.4222989000, 0.0805816500, 0.8340220000)
(-0.3459279000, -0.4222708000, 0.0803438800, 0.8340061000)
(-0.3458143000, -0.4222258000, 0.0805378300, 0.8340573000)
(-0.3459119000, -0.4223977000, 0.0804825100, 0.8339351000)
(-0.3456401000, -0.4221775000, 0.0804167800, 0.8341656000)
(-0.3457114000, -0.4223801000, 0.0802584900, 0.8340488000)
(-0.3456825000, -0.4222754000, 0.0803719400, 0.8341028000)
(-0.3458833000, -0.4222875000, 0.0804894000, 0.8340021000)
(-0.3457585000, -0.4223667000, 0.0803973800, 0.8340226000)
(-0.3457494000, -0.4222759000, 0.0804085100, 0.8340713000)
(-0.3455794000, -0.4222165000, 0.0803532600, 0.8341771000)
(-0.3455479000, -0.4222299000, 0.0803594800, 0.8341827000)
(-0.3455758000, -0.4223309000, 0.0804637300, 0.8341101000)
(-0.3457339000, -0.4222085000, 0.0803761900, 0.8341150000)
(-0.3455756000, -0.4222288000, 0.0803957600, 0.8341684000)
(-0.3456573000, -0.4220429000, 0.0803403300, 0.8342339000)
(-0.3457023000, -0.4221408000, 0.0803242800, 0.8341673000)
(-0.3458469000, -0.4218815000, 0.0803033900, 0.8342406000)
(-0.3457979000, -0.4220635000, 0.0803145600, 0.8341677000)
(-0.3457395000, -0.4222212000, 0.0802358200, 0.8341197000)
(-0.3457310000, -0.4223789000, 0.0802697300, 0.8340401000)
(-0.3456736000, -0.4221661000, 0.0803271700, 0.8341661000)
(-0.3456969000, -0.4222324000, 0.0803561200, 0.8341202000)
(-0.3456490000, -0.4223363000, 0.0802590400, 0.8340967000)
(-0.3456731000, -0.4222514000, 0.0802751000, 0.8341281000)
(-0.3457219000, -0.4224375000, 0.0802667800, 0.8340145000)
(-0.3458130000, -0.4221883000, 0.0802427200, 0.8341052000)
(-0.3456474000, -0.4224113000, 0.0803102100, 0.8340545000)
(-0.3459555000, -0.4221799000, 0.0803120400, 0.8340437000)
(-0.3459260000, -0.4224917000, 0.0803092000, 0.8338984000)
(-0.3459547000, -0.4223720000, 0.0804791600, 0.8339307000)
(-0.3458652000, -0.4224558000, 0.0804368600, 0.8339295000)
(-0.3458719000, -0.4224909000, 0.0804050300, 0.8339120000)
(-0.3460408000, -0.4222762000, 0.0803076100, 0.8339601000)
(-0.3458768000, -0.4224803000, 0.0804227900, 0.8339136000)
(-0.3458976000, -0.4223148000, 0.0805816200, 0.8339735000)
(-0.3458877000, -0.4224230000, 0.0804093900, 0.8339394000)
(-0.3460778000, -0.4223559000, 0.0805504400, 0.8338808000)
(-0.3459287000, -0.4223620000, 0.0805323000, 0.8339413000)
(-0.3458920000, -0.4225591000, 0.0805566600, 0.8338544000)
(-0.3458392000, -0.4222214000, 0.0804589200, 0.8340568000)
(-0.3458419000, -0.4221973000, 0.0804141900, 0.8340722000)
(-0.3457892000, -0.4223270000, 0.0803489200, 0.8340347000)
(-0.3458511000, -0.4225516000, 0.0806189400, 0.8338692000)
(-0.3457833000, -0.4224279000, 0.0804482100, 0.8339764000)
(-0.3457380000, -0.4225355000, 0.0804481200, 0.8339407000)
(-0.3457834000, -0.4224310000, 0.0805463400, 0.8339654000)
(-0.3457643000, -0.4223893000, 0.0806178900, 0.8339875000)
(-0.3458656000, -0.4223762000, 0.0805401600, 0.8339596000)
(-0.3456862000, -0.4223800000, 0.0806237600, 0.8340240000)
(-0.3455810000, -0.4225364000, 0.0805529200, 0.8339953000)
(-0.3454434000, -0.4226328000, 0.0802665800, 0.8340310000)
(-0.3454727000, -0.4225085000, 0.0804266600, 0.8340664000)
(-0.3454628000, -0.4225109000, 0.0805482600, 0.8340576000)
(-0.3454421000, -0.4223151000, 0.0804310400, 0.8341766000)
(-0.3454168000, -0.4224995000, 0.0804486300, 0.8340920000)
(-0.3454418000, -0.4224477000, 0.0803431700, 0.8341181000)
(-0.3454395000, -0.4226007000, 0.0803110500, 0.8340446000)
(-0.3455817000, -0.4222765000, 0.0805062900, 0.8341310000)
(-0.3453593000, -0.4223777000, 0.0803136200, 0.8341905000)
(-0.3454806000, -0.4224517000, 0.0803837000, 0.8340960000)
(-0.3456691000, -0.4222506000, 0.0805199400, 0.8341067000)
(-0.3455517000, -0.4222988000, 0.0803826100, 0.8341441000)
(-0.3454771000, -0.4225507000, 0.0804404200, 0.8340419000)
(-0.3455071000, -0.4223405000, 0.0803280900, 0.8341467000)
(-0.3455995000, -0.4222264000, 0.0803070100, 0.8341683000)
(-0.3454873000, -0.4223110000, 0.0804451900, 0.8341586000)
(-0.3455591000, -0.4221159000, 0.0803217700, 0.8342395000)
(-0.3455763000, -0.4220292000, 0.0804511500, 0.8342637000)
(-0.3456997000, -0.4218516000, 0.0803456000, 0.8343126000)
(-0.3456989000, -0.4220342000, 0.0804611700, 0.8342095000)
(-0.3460763000, -0.4217077000, 0.0805933000, 0.8342053000)
(-0.3457664000, -0.4217795000, 0.0804797900, 0.8343084000)
(-0.3458759000, -0.4217334000, 0.0805061800, 0.8342838000)
(-0.3458290000, -0.4218814000, 0.0805048700, 0.8342286000)
(-0.3459187000, -0.4220076000, 0.0807419700, 0.8341047000)
(-0.3458220000, -0.4219720000, 0.0804724500, 0.8341889000)
(-0.3458621000, -0.4217314000, 0.0806065900, 0.8342809000)
(-0.3458031000, -0.4219708000, 0.0804717200, 0.8341973000)
(-0.3459603000, -0.4219840000, 0.0803034600, 0.8341417000)
(-0.3459539000, -0.4220718000, 0.0803768600, 0.8340929000)
(-0.3460234000, -0.4223044000, 0.0802182000, 0.8339615000)
(-0.3460839000, -0.4222488000, 0.0804310500, 0.8339441000)
(-0.3463657000, -0.4223407000, 0.0803512900, 0.8337883000)
(-0.3461338000, -0.4222264000, 0.0804861700, 0.8339294000)
(-0.3463938000, -0.4219919000, 0.0805050500, 0.8339384000)
(-0.3461524000, -0.4220996000, 0.0803900500, 0.8339952000)
(-0.3462466000, -0.4222021000, 0.0805505200, 0.8338887000)
(-0.3461476000, -0.4220612000, 0.0804821300, 0.8340077000)
(-0.3460338000, -0.4219442000, 0.0804284100, 0.8341193000)
(-0.3459855000, -0.4219573000, 0.0804192400, 0.8341336000)
(-0.3458777000, -0.4220428000, 0.0802805500, 0.8341484000)
(-0.3459474000, -0.4218465000, 0.0803718500, 0.8342100000)
(-0.3458802000, -0.4218292000, 0.0802482700, 0.8342586000)
(-0.3458243000, -0.4219814000, 0.0804149000, 0.8341887000)
(-0.3462565000, -0.4221152000, 0.0806890400, 0.8339152000)
(-0.3461385000, -0.4220075000, 0.0805822400, 0.8340290000)
(-0.3464431000, -0.4221520000, 0.0807980500, 0.8338085000)
(-0.3465185000, -0.4221191000, 0.0809002100, 0.8337839000)
(-0.3468347000, -0.4222359000, 0.0809579300, 0.8335876000)
(-0.3466790000, -0.4222741000, 0.0807845900, 0.8336499000)
(-0.3471402000, -0.4220884000, 0.0807983500, 0.8335507000)
(-0.3470712000, -0.4222079000, 0.0805743600, 0.8335406000)
(-0.3468757000, -0.4223610000, 0.0805175200, 0.8335499000)
(-0.3466632000, -0.4221517000, 0.0806021000, 0.8337361000)
(-0.3465884000, -0.4219878000, 0.0806598700, 0.8338445000)
(-0.3462196000, -0.4219525000, 0.0804598000, 0.8340350000)
(-0.3455895000, -0.4217282000, 0.0802943500, 0.8344256000)
(-0.3454953000, -0.4217921000, 0.0803766300, 0.8344244000)
(-0.3453415000, -0.4216376000, 0.0805286200, 0.8345515000)
(-0.3454262000, -0.4217278000, 0.0804554700, 0.8344778000)
(-0.3451093000, -0.4217767000, 0.0805364900, 0.8345765000)
(-0.3450260000, -0.4217891000, 0.0806240500, 0.8345962000)
(-0.3451803000, -0.4221763000, 0.0803485100, 0.8343632000)
(-0.3451954000, -0.4220482000, 0.0804625300, 0.8344108000)
(-0.3455364000, -0.4224657000, 0.0805588100, 0.8340489000)
(-0.3456581000, -0.4223362000, 0.0805148100, 0.8340684000)
(-0.3456153000, -0.4222859000, 0.0803984700, 0.8341228000)
(-0.3454977000, -0.4223722000, 0.0803233100, 0.8341351000)
(-0.3454250000, -0.4224527000, 0.0803311200, 0.8341236000)
(-0.3454492000, -0.4223888000, 0.0802721900, 0.8341517000)
(-0.3452717000, -0.4225284000, 0.0802668700, 0.8341549000)
(-0.3453562000, -0.4223922000, 0.0802273900, 0.8341928000)
(-0.3455565000, -0.4225187000, 0.0801261800, 0.8340554000)
(-0.3452744000, -0.4223107000, 0.0803080500, 0.8342600000)
(-0.3453405000, -0.4223259000, 0.0800765900, 0.8342473000)
(-0.3455080000, -0.4221483000, 0.0804595100, 0.8342310000)
(-0.3457364000, -0.4222168000, 0.0806337900, 0.8340849000)
(-0.3457369000, -0.4221806000, 0.0805404900, 0.8341120000)
(-0.3460343000, -0.4222765000, 0.0807066700, 0.8339241000)
(-0.3460361000, -0.4220923000, 0.0807347200, 0.8340138000)
(-0.3459994000, -0.4220729000, 0.0809179500, 0.8340211000)
(-0.3459488000, -0.4223026000, 0.0805972400, 0.8339569000)
(-0.3462321000, -0.4220769000, 0.0804142100, 0.8339712000)
(-0.3459077000, -0.4222187000, 0.0803532500, 0.8340400000)
(-0.3462010000, -0.4216927000, 0.0803792200, 0.8341818000)
(-0.3457846000, -0.4220867000, 0.0802771100, 0.8341651000)
(-0.3455620000, -0.4219296000, 0.0804399200, 0.8343211000)
(-0.3453987000, -0.4219431000, 0.0802605200, 0.8343992000)
(-0.3452381000, -0.4218211000, 0.0802469100, 0.8345286000)
(-0.3455055000, -0.4218507000, 0.0804073100, 0.8343876000)
(-0.3452848000, -0.4220437000, 0.0803488000, 0.8343870000)
(-0.3453529000, -0.4219634000, 0.0800878600, 0.8344245000)
(-0.3459229000, -0.4221978000, 0.0803768200, 0.8340420000)
(-0.3460604000, -0.4222209000, 0.0805054600, 0.8339608000)
(-0.3460616000, -0.4222194000, 0.0806681100, 0.8339453000)
(-0.3462617000, -0.4223070000, 0.0806527100, 0.8338194000)
(-0.3463622000, -0.4223303000, 0.0804773100, 0.8337828000)
(-0.3463251000, -0.4224782000, 0.0805489600, 0.8337164000)
(-0.3462531000, -0.4225617000, 0.0806492500, 0.8336942000)
(-0.3462389000, -0.4225116000, 0.0804687900, 0.8337430000)
(-0.3456558000, -0.4226026000, 0.0803602900, 0.8339493000)
(-0.3455031000, -0.4222120000, 0.0803501600, 0.8342113000)
(-0.3453771000, -0.4221683000, 0.0804199300, 0.8342789000)
(-0.3453934000, -0.4223940000, 0.0804653400, 0.8341535000)
(-0.3456375000, -0.4222024000, 0.0805086300, 0.8341452000)
(-0.3454639000, -0.4221680000, 0.0805180200, 0.8342336000)
(-0.3457490000, -0.4221151000, 0.0805748000, 0.8341368000)
(-0.3458536000, -0.4222950000, 0.0805830500, 0.8340016000)
(-0.3460236000, -0.4223771000, 0.0805653600, 0.8338912000)
(-0.3460660000, -0.4222608000, 0.0804531600, 0.8339433000)
(-0.3460729000, -0.4220393000, 0.0805499200, 0.8340432000)
(-0.3459898000, -0.4219886000, 0.0805503100, 0.8341033000)
(-0.3457823000, -0.4220515000, 0.0802643000, 0.8341851000)
(-0.3458292000, -0.4220341000, 0.0804223100, 0.8341592000)
(-0.3455529000, -0.4220044000, 0.0804064100, 0.8342903000)
(-0.3455079000, -0.4221244000, 0.0802445500, 0.8342638000)
(-0.3455851000, -0.4223189000, 0.0802001400, 0.8341377000)
(-0.3456864000, -0.4222218000, 0.0803229100, 0.8341330000)
(-0.3459522000, -0.4221233000, 0.0803167000, 0.8340733000)
(-0.3462572000, -0.4220406000, 0.0805254400, 0.8339685000)
(-0.3466176000, -0.4218654000, 0.0804734400, 0.8339124000)
(-0.3462658000, -0.4218107000, 0.0806714400, 0.8340670000)
(-0.3462967000, -0.4219347000, 0.0807011800, 0.8339887000)
(-0.3461636000, -0.4218541000, 0.0806903900, 0.8340857000)
(-0.3461774000, -0.4219211000, 0.0807903100, 0.8340364000)
(-0.3459733000, -0.4219929000, 0.0808444300, 0.8340796000)
(-0.3459817000, -0.4220818000, 0.0809544400, 0.8340204000)
(-0.3460528000, -0.4222217000, 0.0807419800, 0.8339407000)
(-0.3460073000, -0.4219189000, 0.0803248100, 0.8341531000)
(-0.3461182000, -0.4221001000, 0.0805651800, 0.8339922000)
(-0.3464038000, -0.4220294000, 0.0803754000, 0.8339277000)
(-0.3463377000, -0.4221090000, 0.0802744500, 0.8339247000)
(-0.3462809000, -0.4222413000, 0.0803656400, 0.8338724000)
(-0.3462822000, -0.4221360000, 0.0804253400, 0.8339195000)
(-0.3462081000, -0.4222115000, 0.0805778200, 0.8338973000)
(-0.3460684000, -0.4221689000, 0.0805579300, 0.8339787000)
(-0.3460181000, -0.4221864000, 0.0804896800, 0.8339974000)
(-0.3460597000, -0.4221859000, 0.0804218100, 0.8339869000)
(-0.3457918000, -0.4222688000, 0.0805527600, 0.8340434000)
(-0.3458873000, -0.4223010000, 0.0805454900, 0.8339882000)
(-0.3457207000, -0.4221555000, 0.0805503000, 0.8341305000)
(-0.3457990000, -0.4221967000, 0.0806160100, 0.8340708000)
(-0.3458024000, -0.4223083000, 0.0807093800, 0.8340039000)
(-0.3457063000, -0.4222305000, 0.0806214700, 0.8340916000)
(-0.3458319000, -0.4222552000, 0.0805673200, 0.8340322000)
(-0.3458488000, -0.4221715000, 0.0804785000, 0.8340762000)
(-0.3455951000, -0.4221519000, 0.0802138500, 0.8342167000)
(-0.3458874000, -0.4221539000, 0.0803265300, 0.8340837000)
(-0.3456580000, -0.4223093000, 0.0802749200, 0.8341051000)
(-0.3456336000, -0.4223456000, 0.0802915300, 0.8340952000)
(-0.3457715000, -0.4221634000, 0.0803610400, 0.8341237000)
(-0.3457296000, -0.4221140000, 0.0803629600, 0.8341658000)
(-0.3460628000, -0.4219176000, 0.0805209300, 0.8341118000)
(-0.3460056000, -0.4220663000, 0.0805125100, 0.8340611000)
(-0.3458868000, -0.4221080000, 0.0806609200, 0.8340750000)
(-0.3460723000, -0.4220722000, 0.0806778100, 0.8340145000)
(-0.3462181000, -0.4219449000, 0.0805465400, 0.8340310000)
(-0.3461028000, -0.4221397000, 0.0806509000, 0.8339702000)
(-0.3461576000, -0.4221009000, 0.0806024900, 0.8339719000)
(-0.3462063000, -0.4222647000, 0.0807668900, 0.8338528000)
(-0.3462552000, -0.4220895000, 0.0804937700, 0.8339476000)
(-0.3460450000, -0.4222044000, 0.0805456900, 0.8339716000)
(-0.3461885000, -0.4221500000, 0.0807897400, 0.8339160000)
(-0.3460449000, -0.4222423000, 0.0805064700, 0.8339563000)
(-0.3459343000, -0.4223337000, 0.0805818100, 0.8339486000)
(-0.3459531000, -0.4223044000, 0.0806224200, 0.8339518000)
(-0.3457429000, -0.4224290000, 0.0803984800, 0.8339974000)
(-0.3458345000, -0.4221933000, 0.0804448300, 0.8340743000)
(-0.3459164000, -0.4224635000, 0.0805344900, 0.8338949000)
(-0.3459198000, -0.4223046000, 0.0805048600, 0.8339768000)
(-0.3457952000, -0.4222855000, 0.0806381900, 0.8340253000)
(-0.3459860000, -0.4222169000, 0.0804674300, 0.8339973000)
(-0.3457841000, -0.4222752000, 0.0805492800, 0.8340437000)
(-0.3457876000, -0.4222172000, 0.0806164400, 0.8340651000)
(-0.3456063000, -0.4222249000, 0.0805354300, 0.8341442000)
(-0.3455605000, -0.4220041000, 0.0804330400, 0.8342847000)
(-0.3454545000, -0.4220320000, 0.0805140600, 0.8343068000)
(-0.3455156000, -0.4220269000, 0.0805360500, 0.8342819000)
(-0.3454332000, -0.4221847000, 0.0803568000, 0.8342534000)
(-0.3455007000, -0.4221515000, 0.0805131700, 0.8342272000)
(-0.3456367000, -0.4223486000, 0.0802938700, 0.8340922000)
(-0.3457792000, -0.4224169000, 0.0803149400, 0.8339966000)
(-0.3459197000, -0.4224194000, 0.0801852800, 0.8339495000)
(-0.3459042000, -0.4224142000, 0.0803938400, 0.8339385000)
(-0.3460492000, -0.4221735000, 0.0803670700, 0.8340029000)
(-0.3461477000, -0.4222350000, 0.0803874300, 0.8339288000)
(-0.3461681000, -0.4222270000, 0.0804143500, 0.8339218000)
(-0.3460253000, -0.4222609000, 0.0804819100, 0.8339574000)
(-0.3458799000, -0.4221057000, 0.0806606800, 0.8340790000)
(-0.3457339000, -0.4220878000, 0.0805333800, 0.8341609000)
(-0.3457181000, -0.4218562000, 0.0806002200, 0.8342781000)
(-0.3457274000, -0.4220251000, 0.0806793500, 0.8341812000)
(-0.3455342000, -0.4217741000, 0.0807256900, 0.8343837000)
(-0.3457000000, -0.4219069000, 0.0805886700, 0.8342611000)
(-0.3457513000, -0.4215981000, 0.0805851600, 0.8343963000)
(-0.3459904000, -0.4214796000, 0.0806077900, 0.8343548000)
(-0.3461742000, -0.4213414000, 0.0805676700, 0.8343523000)
(-0.3461410000, -0.4214389000, 0.0804869400, 0.8343246000)
(-0.3463708000, -0.4213699000, 0.0805678900, 0.8342563000)
(-0.3462727000, -0.4215159000, 0.0805234100, 0.8342276000)
(-0.3464679000, -0.4215855000, 0.0806105400, 0.8341029000)
(-0.3462583000, -0.4216768000, 0.0804526800, 0.8341591000)
(-0.3462665000, -0.4215356000, 0.0806196000, 0.8342109000)
(-0.3463291000, -0.4218472000, 0.0805520800, 0.8340339000)
(-0.3461148000, -0.4220603000, 0.0804080100, 0.8340290000)
(-0.3461350000, -0.4216866000, 0.0804152300, 0.8342088000)
(-0.3457272000, -0.4218459000, 0.0800486300, 0.8343326000)
(-0.3459662000, -0.4217876000, 0.0802143500, 0.8342472000)
(-0.3456182000, -0.4216969000, 0.0801827200, 0.8344402000)
(-0.3457184000, -0.4221076000, 0.0800129000, 0.8342074000)
(-0.3457383000, -0.4221692000, 0.0800495100, 0.8341644000)
(-0.3454727000, -0.4221566000, 0.0802917500, 0.8342576000)
(-0.3451953000, -0.4222448000, 0.0799932900, 0.8343565000)
(-0.3454393000, -0.4221047000, 0.0800033100, 0.8343254000)
(-0.3456753000, -0.4222459000, 0.0803716300, 0.8341208000)
(-0.3458189000, -0.4222762000, 0.0800676900, 0.8340751000)
(-0.3459360000, -0.4219965000, 0.0803376700, 0.8341421000)
(-0.3458435000, -0.4222273000, 0.0802919000, 0.8340681000)
(-0.3459570000, -0.4222493000, 0.0803446700, 0.8340048000)
(-0.3460784000, -0.4222020000, 0.0802482100, 0.8339877000)
(-0.3457743000, -0.4222063000, 0.0804012000, 0.8340969000)
(-0.3459024000, -0.4223403000, 0.0801445500, 0.8340006000)
(-0.3458743000, -0.4222954000, 0.0803786100, 0.8340125000)
(-0.3457240000, -0.4224113000, 0.0803008300, 0.8340237000)
(-0.3455939000, -0.4224429000, 0.0804048200, 0.8340515000)
(-0.3456218000, -0.4222464000, 0.0800951200, 0.8341693000)
(-0.3455403000, -0.4228630000, 0.0802623300, 0.8338745000)
(-0.3459086000, -0.4220759000, 0.0802786100, 0.8341190000)
(-0.3461404000, -0.4224211000, 0.0802007200, 0.8338556000)
(-0.3459456000, -0.4222914000, 0.0801031300, 0.8340115000)
(-0.3463770000, -0.4224232000, 0.0802975700, 0.8337469000)
(-0.3460653000, -0.4224473000, 0.0804510500, 0.8338494000)
(-0.3463913000, -0.4223980000, 0.0804721600, 0.8337369000)
(-0.3462349000, -0.4225170000, 0.0803156600, 0.8337567000)
(-0.3461068000, -0.4221934000, 0.0803560900, 0.8339699000)
(-0.3461523000, -0.4223106000, 0.0804034200, 0.8338870000)
(-0.3461148000, -0.4221940000, 0.0803390700, 0.8339679000)
(-0.3460367000, -0.4222025000, 0.0803823900, 0.8339918000)
(-0.3458277000, -0.4219808000, 0.0803442700, 0.8341944000)
(-0.3459669000, -0.4220396000, 0.0802840900, 0.8341127000)
(-0.3459083000, -0.4220652000, 0.0802781200, 0.8341246000)
(-0.3458181000, -0.4221279000, 0.0803825700, 0.8341202000)
(-0.3459035000, -0.4220191000, 0.0804753500, 0.8341309000)
(-0.3460340000, -0.4220887000, 0.0803714600, 0.8340517000)
(-0.3459470000, -0.4223616000, 0.0805682700, 0.8339306000)
(-0.3460684000, -0.4220909000, 0.0804637300, 0.8340273000)
(-0.3460090000, -0.4221221000, 0.0804279400, 0.8340396000)
(-0.3460307000, -0.4221504000, 0.0803629800, 0.8340226000)
(-0.3462299000, -0.4222145000, 0.0804771300, 0.8338964000)
(-0.3459547000, -0.4222948000, 0.0803718000, 0.8339801000)
(-0.3460361000, -0.4223350000, 0.0804613300, 0.8339174000)
(-0.3459546000, -0.4222122000, 0.0804217700, 0.8340172000)
(-0.3460671000, -0.4222478000, 0.0801996300, 0.8339739000)
(-0.3460128000, -0.4221801000, 0.0803706800, 0.8340142000)
(-0.3461156000, -0.4221437000, 0.0804000000, 0.8339871000)
(-0.3460099000, -0.4221823000, 0.0803579200, 0.8340156000)
(-0.3460315000, -0.4221260000, 0.0803602500, 0.8340348000)
(-0.3463557000, -0.4219140000, 0.0806089000, 0.8339835000)
(-0.3461688000, -0.4219570000, 0.0806947600, 0.8340311000)
(-0.3462958000, -0.4219542000, 0.0806081400, 0.8339881000)
(-0.3466710000, -0.4220662000, 0.0807767800, 0.8337592000)
(-0.3466360000, -0.4223071000, 0.0810739600, 0.8336230000)
(-0.3466350000, -0.4224247000, 0.0811798200, 0.8335535000)
(-0.3472242000, -0.4227884000, 0.0815490300, 0.8330877000)
(-0.3471857000, -0.4227958000, 0.0812145800, 0.8331327000)
(-0.3473106000, -0.4227495000, 0.0806579000, 0.8331582000)
(-0.3469822000, -0.4223574000, 0.0806643200, 0.8334932000)
(-0.3462664000, -0.4223294000, 0.0804982300, 0.8338210000)
(-0.3457316000, -0.4221227000, 0.0806509600, 0.8341328000)
(-0.3450074000, -0.4224065000, 0.0805166300, 0.8343019000)
(-0.3450777000, -0.4222734000, 0.0805916200, 0.8343331000)
(-0.3447468000, -0.4220112000, 0.0803898900, 0.8346219000)
(-0.3447380000, -0.4218872000, 0.0800436300, 0.8347215000)
(-0.3447745000, -0.4215800000, 0.0800540300, 0.8348606000)
(-0.3449143000, -0.4216998000, 0.0802453400, 0.8347240000)
(-0.3451654000, -0.4218199000, 0.0804026500, 0.8345444000)
(-0.3451682000, -0.4218825000, 0.0803251000, 0.8345191000)
(-0.3450532000, -0.4216560000, 0.0805350600, 0.8346608000)
(-0.3450161000, -0.4218427000, 0.0802140500, 0.8346127000)
(-0.3448928000, -0.4213381000, 0.0801451000, 0.8349251000)
(-0.3449672000, -0.4214726000, 0.0803086000, 0.8348108000)
(-0.3450542000, -0.4213806000, 0.0802872500, 0.8348234000)
(-0.3447942000, -0.4212341000, 0.0805043500, 0.8349837000)
(-0.3449977000, -0.4213198000, 0.0803219800, 0.8348740000)
(-0.3450650000, -0.4211835000, 0.0803356300, 0.8349137000)
(-0.3449327000, -0.4212815000, 0.0803299400, 0.8349195000)
(-0.3453044000, -0.4210831000, 0.0803967200, 0.8348594000)
(-0.3452387000, -0.4210605000, 0.0799513000, 0.8349408000)
(-0.3455144000, -0.4208531000, 0.0800645400, 0.8349204000)
(-0.3450312000, -0.4207866000, 0.0800269900, 0.8351574000)
(-0.3447329000, -0.4209033000, 0.0800886200, 0.8352158000)
(-0.3449344000, -0.4207930000, 0.0801022100, 0.8351869000)
(-0.3445956000, -0.4206792000, 0.0800015200, 0.8353937000)
(-0.3448496000, -0.4207357000, 0.0800706700, 0.8352539000)
(-0.3450980000, -0.4209067000, 0.0800133600, 0.8350706000)
(-0.3450272000, -0.4209655000, 0.0799740300, 0.8350739000)
(-0.3449377000, -0.4211161000, 0.0798030900, 0.8350514000)
(-0.3452279000, -0.4210504000, 0.0799623100, 0.8349493000)
(-0.3458473000, -0.4209724000, 0.0800750000, 0.8347214000)
(-0.3455128000, -0.4209504000, 0.0797782900, 0.8348994000)
(-0.3458276000, -0.4209355000, 0.0798295600, 0.8347717000)
(-0.3455334000, -0.4210546000, 0.0799843200, 0.8348187000)
(-0.3461301000, -0.4213514000, 0.0801782200, 0.8344030000)
(-0.3460859000, -0.4209192000, 0.0802076400, 0.8346366000)
(-0.3462911000, -0.4209295000, 0.0805048100, 0.8345177000)
(-0.3459773000, -0.4207556000, 0.0802095900, 0.8347639000)
(-0.3459408000, -0.4205361000, 0.0804140500, 0.8348700000)
(-0.3457236000, -0.4205815000, 0.0803351000, 0.8349447000)
(-0.3452145000, -0.4206905000, 0.0801785000, 0.8351155000)
(-0.3455329000, -0.4206178000, 0.0800731200, 0.8350306000)
(-0.3453625000, -0.4207029000, 0.0798985100, 0.8350748000)
(-0.3452882000, -0.4205023000, 0.0798741700, 0.8352089000)
(-0.3456010000, -0.4207337000, 0.0796995300, 0.8349797000)
(-0.3458907000, -0.4206910000, 0.0800056400, 0.8348520000)
(-0.3460527000, -0.4206325000, 0.0800205900, 0.8348129000)
(-0.3464108000, -0.4208156000, 0.0803322200, 0.8345422000)
(-0.3472719000, -0.4205492000, 0.0806821400, 0.8342847000)
(-0.3473368000, -0.4205898000, 0.0806343900, 0.8342419000)
(-0.3479578000, -0.4202039000, 0.0811822600, 0.8341244000)
(-0.3476945000, -0.4204456000, 0.0811598300, 0.8341146000)
(-0.3476918000, -0.4202346000, 0.0813956000, 0.8341991000)
(-0.3474785000, -0.4204354000, 0.0812928500, 0.8341967000)
(-0.3471155000, -0.4202399000, 0.0811158900, 0.8344636000)
(-0.3472798000, -0.4205032000, 0.0811768600, 0.8342566000)
(-0.3463821000, -0.4207355000, 0.0808572800, 0.8345437000)
(-0.3464862000, -0.4205983000, 0.0808457800, 0.8345708000)
(-0.3461524000, -0.4208765000, 0.0805610900, 0.8345966000)
(-0.3459377000, -0.4210324000, 0.0804839400, 0.8346144000)
(-0.3456337000, -0.4211068000, 0.0804757200, 0.8347036000)
(-0.3455090000, -0.4210082000, 0.0804775600, 0.8348048000)
(-0.3449676000, -0.4213443000, 0.0803480400, 0.8348715000)
(-0.3451369000, -0.4208836000, 0.0803962600, 0.8350293000)
(-0.3453966000, -0.4212216000, 0.0805639400, 0.8347353000)
(-0.3454321000, -0.4209084000, 0.0803913400, 0.8348953000)
(-0.3450874000, -0.4211466000, 0.0801052500, 0.8349451000)
(-0.3453011000, -0.4210808000, 0.0805309700, 0.8348491000)
(-0.3456844000, -0.4214103000, 0.0805659700, 0.8345207000)
(-0.3459158000, -0.4213459000, 0.0807228600, 0.8344422000)
(-0.3462428000, -0.4211550000, 0.0810209500, 0.8343741000)
(-0.3465602000, -0.4215158000, 0.0809379400, 0.8340681000)
(-0.3466637000, -0.4212849000, 0.0815972000, 0.8340774000)
(-0.3468713000, -0.4214552000, 0.0813937400, 0.8339250000)
(-0.3471016000, -0.4212850000, 0.0816912300, 0.8338861000)
(-0.3471482000, -0.4214674000, 0.0817436100, 0.8337694000)
(-0.3476600000, -0.4217042000, 0.0819663600, 0.8334144000)
(-0.3480597000, -0.4216521000, 0.0818504600, 0.8332853000)
(-0.3488120000, -0.4216781000, 0.0821749700, 0.8329256000)
(-0.3488076000, -0.4214709000, 0.0820836500, 0.8330414000)
(-0.3495445000, -0.4213254000, 0.0823505400, 0.8327796000)
(-0.3493202000, -0.4213387000, 0.0824106900, 0.8328611000)
(-0.3495319000, -0.4211532000, 0.0827748600, 0.8328300000)
(-0.3490239000, -0.4209344000, 0.0825539900, 0.8331755000)
(-0.3484138000, -0.4207534000, 0.0826226200, 0.8335154000)
(-0.3479223000, -0.4207768000, 0.0823493500, 0.8337359000)
(-0.3465910000, -0.4207768000, 0.0819987400, 0.8343248000)
(-0.3465714000, -0.4207677000, 0.0820351900, 0.8343339000)
(-0.3457799000, -0.4211524000, 0.0815475400, 0.8345160000)
(-0.3461144000, -0.4208779000, 0.0819022400, 0.8344811000)
(-0.3460868000, -0.4210925000, 0.0814602800, 0.8344275000)
(-0.3465690000, -0.4209577000, 0.0816597800, 0.8342759000)
(-0.3465801000, -0.4208214000, 0.0817428800, 0.8343319000)
(-0.3464677000, -0.4209511000, 0.0815551900, 0.8343315000)
(-0.3463076000, -0.4205299000, 0.0812763600, 0.8346375000)
(-0.3460366000, -0.4207233000, 0.0814218800, 0.8346383000)
(-0.3457054000, -0.4204482000, 0.0813840300, 0.8349178000)
(-0.3455937000, -0.4208684000, 0.0814726500, 0.8347437000)
(-0.3458162000, -0.4205876000, 0.0815644400, 0.8347841000)
(-0.3458073000, -0.4206609000, 0.0815056000, 0.8347566000)
(-0.3460701000, -0.4208263000, 0.0814621400, 0.8345685000)
(-0.3463157000, -0.4206475000, 0.0814950300, 0.8345536000)
(-0.3461501000, -0.4209745000, 0.0814483800, 0.8344619000)
(-0.3460921000, -0.4208135000, 0.0812391300, 0.8345876000)
(-0.3456679000, -0.4209224000, 0.0808209600, 0.8347491000)
(-0.3454169000, -0.4209851000, 0.0810185300, 0.8348022000)
(-0.3451125000, -0.4209905000, 0.0807973500, 0.8349468000)
(-0.3450263000, -0.4209382000, 0.0806734900, 0.8350208000)
(-0.3444905000, -0.4211949000, 0.0805045600, 0.8351288000)
(-0.3446120000, -0.4211076000, 0.0803184100, 0.8351406000)
(-0.3441702000, -0.4211825000, 0.0800119600, 0.8353145000)
(-0.3444456000, -0.4211515000, 0.0800695900, 0.8352111000)
(-0.3442375000, -0.4212817000, 0.0799731200, 0.8352405000)
(-0.3441743000, -0.4212043000, 0.0799490200, 0.8353078000)
(-0.3440613000, -0.4212087000, 0.0799030400, 0.8353566000)
(-0.3442390000, -0.4212704000, 0.0798924600, 0.8352532000)
(-0.3443378000, -0.4211943000, 0.0803072500, 0.8352111000)
(-0.3445255000, -0.4212102000, 0.0803590200, 0.8351207000)
(-0.3447739000, -0.4210858000, 0.0801677300, 0.8350993000)
(-0.3449170000, -0.4210164000, 0.0802504600, 0.8350673000)
(-0.3447172000, -0.4208385000, 0.0802304100, 0.8352414000)
(-0.3448184000, -0.4209295000, 0.0803019300, 0.8351469000)
(-0.3446735000, -0.4207981000, 0.0804490700, 0.8352587000)
(-0.3445449000, -0.4208626000, 0.0804346500, 0.8352807000)
(-0.3444399000, -0.4210006000, 0.0802470800, 0.8352724000)
(-0.3446250000, -0.4209042000, 0.0802948700, 0.8352401000)
(-0.3448414000, -0.4211151000, 0.0803962900, 0.8350347000)
(-0.3450328000, -0.4211253000, 0.0805585200, 0.8349348000)
(-0.3454168000, -0.4211304000, 0.0806041400, 0.8347691000)
(-0.3453693000, -0.4211311000, 0.0804611800, 0.8348022000)
(-0.3457684000, -0.4210908000, 0.0806497500, 0.8346391000)
(-0.3454420000, -0.4210919000, 0.0805794500, 0.8347805000)
(-0.3456955000, -0.4209776000, 0.0807080700, 0.8347207000)
(-0.3453344000, -0.4212290000, 0.0806076800, 0.8347531000)
(-0.3450852000, -0.4213250000, 0.0803035600, 0.8348370000)
(-0.3452768000, -0.4208556000, 0.0803701700, 0.8349882000)
(-0.3453183000, -0.4211390000, 0.0805072900, 0.8348148000)
(-0.3452595000, -0.4209181000, 0.0804994500, 0.8349513000)
(-0.3454123000, -0.4209288000, 0.0805747100, 0.8348755000)
(-0.3455469000, -0.4207872000, 0.0805478600, 0.8348937000)
(-0.3456611000, -0.4206636000, 0.0807631800, 0.8348879000)
(-0.3457693000, -0.4207107000, 0.0807334600, 0.8348223000)
(-0.3458905000, -0.4209333000, 0.0810631700, 0.8346279000)
(-0.3459856000, -0.4207089000, 0.0809023300, 0.8347173000)
(-0.3459788000, -0.4209311000, 0.0809170500, 0.8346066000)
(-0.3458498000, -0.4209500000, 0.0808963600, 0.8346525000)
(-0.3457905000, -0.4210463000, 0.0808141200, 0.8346364000)
(-0.3458457000, -0.4209309000, 0.0808730100, 0.8346661000)
(-0.3458354000, -0.4208745000, 0.0808260800, 0.8347033000)
(-0.3458968000, -0.4210642000, 0.0807278600, 0.8345917000)
(-0.3462954000, -0.4208657000, 0.0807701800, 0.8345224000)
(-0.3459602000, -0.4209623000, 0.0809337300, 0.8345969000)
(-0.3462241000, -0.4209432000, 0.0810136100, 0.8344893000)
(-0.3461664000, -0.4208621000, 0.0808801500, 0.8345672000)
(-0.3462136000, -0.4207850000, 0.0806592700, 0.8346078000)
(-0.3460470000, -0.4209861000, 0.0808082400, 0.8345610000)
(-0.3462456000, -0.4208941000, 0.0808929100, 0.8345169000)
(-0.3459966000, -0.4210198000, 0.0807410600, 0.8345715000)
(-0.3457904000, -0.4207640000, 0.0806157800, 0.8347980000)
(-0.3457265000, -0.4209267000, 0.0806724200, 0.8347371000)
(-0.3452840000, -0.4211874000, 0.0801394400, 0.8348400000)
(-0.3453507000, -0.4207616000, 0.0804647800, 0.8349959000)
(-0.3452737000, -0.4208362000, 0.0801862000, 0.8350169000)
(-0.3451561000, -0.4208467000, 0.0803698600, 0.8350425000)
(-0.3454556000, -0.4204953000, 0.0803894600, 0.8350938000)
(-0.3452252000, -0.4207413000, 0.0804430700, 0.8350600000)
(-0.3452562000, -0.4205166000, 0.0804704500, 0.8351578000)
(-0.3455711000, -0.4208049000, 0.0805504800, 0.8348746000)
(-0.3456772000, -0.4205629000, 0.0806057600, 0.8349472000)
(-0.3456987000, -0.4206829000, 0.0806889200, 0.8348698000)
(-0.3457526000, -0.4207043000, 0.0805632200, 0.8348489000)
(-0.3456095000, -0.4206700000, 0.0807465600, 0.8349077000)
(-0.3456730000, -0.4210471000, 0.0804865700, 0.8347164000)
(-0.3457682000, -0.4209150000, 0.0807167600, 0.8347213000)
(-0.3460444000, -0.4211206000, 0.0809252000, 0.8344830000)
(-0.3461675000, -0.4208240000, 0.0808125400, 0.8345925000)
(-0.3463263000, -0.4208730000, 0.0808195600, 0.8345012000)
(-0.3463451000, -0.4208185000, 0.0809422300, 0.8345090000)
(-0.3462371000, -0.4208877000, 0.0808465800, 0.8345281000)
(-0.3464133000, -0.4208173000, 0.0809284000, 0.8344826000)
(-0.3465562000, -0.4206693000, 0.0807936200, 0.8345110000)
(-0.3463580000, -0.4208750000, 0.0808256400, 0.8344864000)
(-0.3465606000, -0.4206981000, 0.0810759000, 0.8344672000)
(-0.3465113000, -0.4205697000, 0.0810310400, 0.8345568000)
(-0.3461941000, -0.4207252000, 0.0809839100, 0.8346146000)
(-0.3461649000, -0.4207788000, 0.0809207400, 0.8346059000)
(-0.3459080000, -0.4206322000, 0.0806091600, 0.8348164000)
(-0.3460473000, -0.4208656000, 0.0809572100, 0.8346073000)
(-0.3461906000, -0.4204824000, 0.0811081500, 0.8347264000)
(-0.3461002000, -0.4206909000, 0.0807623000, 0.8346924000)
(-0.3458437000, -0.4208667000, 0.0809700400, 0.8346899000)
(-0.3460728000, -0.4207911000, 0.0809022800, 0.8346396000)
(-0.3457648000, -0.4204073000, 0.0808398400, 0.8349667000)
(-0.3459715000, -0.4206494000, 0.0808728100, 0.8347559000)
(-0.3456844000, -0.4205929000, 0.0809305200, 0.8348978000)
(-0.3456449000, -0.4205585000, 0.0807765500, 0.8349463000)
(-0.3459209000, -0.4205894000, 0.0807440300, 0.8348196000)
(-0.3457972000, -0.4205027000, 0.0808636100, 0.8349029000)
(-0.3462026000, -0.4207311000, 0.0807533300, 0.8346305000)
(-0.3458853000, -0.4205762000, 0.0807804100, 0.8348375000)
(-0.3458113000, -0.4207364000, 0.0805485800, 0.8348098000)
(-0.3459009000, -0.4205262000, 0.0806236800, 0.8348713000)
(-0.3456599000, -0.4204772000, 0.0803683300, 0.8350204000)
(-0.3457604000, -0.4205879000, 0.0804403900, 0.8349161000)
(-0.3454821000, -0.4202499000, 0.0805034000, 0.8351955000)
(-0.3457050000, -0.4205630000, 0.0806413300, 0.8349323000)
(-0.3457376000, -0.4202394000, 0.0807033700, 0.8350757000)
(-0.3457705000, -0.4204761000, 0.0806651100, 0.8349466000)
(-0.3457611000, -0.4201511000, 0.0807950900, 0.8351015000)
(-0.3458757000, -0.4204379000, 0.0806016500, 0.8349284000)
(-0.3459104000, -0.4200926000, 0.0807420000, 0.8350742000)
(-0.3458329000, -0.4202289000, 0.0805789800, 0.8350534000)
(-0.3458828000, -0.4203018000, 0.0807602200, 0.8349786000)
(-0.3457561000, -0.4204415000, 0.0805701600, 0.8349791000)
(-0.3457515000, -0.4204320000, 0.0807312900, 0.8349703000)
(-0.3458479000, -0.4205168000, 0.0805115000, 0.8349088000)
(-0.3455570000, -0.4206250000, 0.0806416900, 0.8349622000)
(-0.3458470000, -0.4205044000, 0.0806695200, 0.8349002000)
(-0.3456551000, -0.4206425000, 0.0806356600, 0.8349134000)
(-0.3456611000, -0.4206378000, 0.0804904000, 0.8349273000)
(-0.3458027000, -0.4205528000, 0.0805821400, 0.8349026000)
(-0.3458486000, -0.4207187000, 0.0806143100, 0.8347970000)
(-0.3459195000, -0.4207728000, 0.0807196100, 0.8347301000)
(-0.3458315000, -0.4206807000, 0.0805725300, 0.8348272000)
(-0.3457769000, -0.4210236000, 0.0804814700, 0.8346857000)
(-0.3458168000, -0.4208752000, 0.0807424300, 0.8347188000)
(-0.3456449000, -0.4210369000, 0.0806226600, 0.8347201000)
(-0.3458681000, -0.4207713000, 0.0807073000, 0.8347533000)
(-0.3457814000, -0.4206796000, 0.0807725000, 0.8348292000)
(-0.3457769000, -0.4209879000, 0.0807180900, 0.8346808000)
(-0.3457656000, -0.4207685000, 0.0809848300, 0.8347703000)
(-0.3457832000, -0.4206559000, 0.0806406400, 0.8348531000)
(-0.3457323000, -0.4207914000, 0.0807754200, 0.8347929000)
(-0.3455430000, -0.4208688000, 0.0807390800, 0.8348358000)
(-0.3455064000, -0.4210059000, 0.0807147000, 0.8347842000)
(-0.3454841000, -0.4206142000, 0.0806980000, 0.8349924000)
(-0.3455861000, -0.4209588000, 0.0808200300, 0.8347647000)
(-0.3456460000, -0.4208162000, 0.0809170200, 0.8348024000)
(-0.3455856000, -0.4207939000, 0.0808883500, 0.8348414000)
(-0.3456876000, -0.4208347000, 0.0807601700, 0.8347911000)
(-0.3459765000, -0.4208674000, 0.0809757300, 0.8346339000)
(-0.3458281000, -0.4208952000, 0.0808461000, 0.8346940000)
(-0.3457991000, -0.4208833000, 0.0809278600, 0.8347041000)
(-0.3460263000, -0.4208124000, 0.0809230700, 0.8346462000)
(-0.3459353000, -0.4210014000, 0.0809539900, 0.8345855000)
(-0.3459705000, -0.4208481000, 0.0809363400, 0.8346500000)
(-0.3459421000, -0.4208225000, 0.0809453300, 0.8346738000)
(-0.3458354000, -0.4207945000, 0.0807509900, 0.8347509000)
(-0.3458376000, -0.4207849000, 0.0807572000, 0.8347543000)
(-0.3456908000, -0.4209674000, 0.0807206800, 0.8347266000)
(-0.3456748000, -0.4208356000, 0.0807468700, 0.8347972000)
(-0.3456325000, -0.4209259000, 0.0807073200, 0.8347730000)
(-0.3456827000, -0.4208419000, 0.0807569900, 0.8347898000)
(-0.3458789000, -0.4207887000, 0.0808751900, 0.8347238000)
(-0.3458689000, -0.4208492000, 0.0808816400, 0.8346968000)
(-0.3460215000, -0.4206254000, 0.0810468900, 0.8347304000)
(-0.3460160000, -0.4205897000, 0.0808709600, 0.8347677000)
(-0.3462069000, -0.4205316000, 0.0809194700, 0.8347132000)
(-0.3462718000, -0.4205484000, 0.0808891400, 0.8346807000)
(-0.3460872000, -0.4204020000, 0.0808437600, 0.8348354000)
(-0.3462122000, -0.4205521000, 0.0809890900, 0.8346938000)
(-0.3461243000, -0.4203828000, 0.0808626300, 0.8348278000)
(-0.3461677000, -0.4204736000, 0.0807616300, 0.8347739000)
(-0.3460928000, -0.4204962000, 0.0808770000, 0.8347824000)
(-0.3461149000, -0.4204780000, 0.0807877900, 0.8347911000)
(-0.3459146000, -0.4205674000, 0.0807697800, 0.8348308000)
(-0.3459299000, -0.4204285000, 0.0806548900, 0.8349055000)
(-0.3457778000, -0.4204019000, 0.0806861400, 0.8349789000)
(-0.3457819000, -0.4206136000, 0.0807291700, 0.8348664000)
(-0.3457898000, -0.4205698000, 0.0808382600, 0.8348746000)
(-0.3458450000, -0.4204014000, 0.0808658100, 0.8349339000)
(-0.3458284000, -0.4202984000, 0.0807346800, 0.8350053000)
(-0.3458968000, -0.4204146000, 0.0807889800, 0.8349133000)
(-0.3459206000, -0.4202455000, 0.0808088500, 0.8349866000)
(-0.3457208000, -0.4202931000, 0.0808161000, 0.8350447000)
(-0.3457413000, -0.4203547000, 0.0807825700, 0.8350084000)
(-0.3458218000, -0.4201290000, 0.0807554900, 0.8350913000)
(-0.3456987000, -0.4203214000, 0.0807978500, 0.8350413000)
(-0.3457559000, -0.4202428000, 0.0807319700, 0.8350636000)
(-0.3457898000, -0.4202609000, 0.0809038800, 0.8350238000)
(-0.3456876000, -0.4201961000, 0.0807497600, 0.8351136000)
(-0.3459102000, -0.4203436000, 0.0807954900, 0.8349428000)
(-0.3460836000, -0.4201996000, 0.0808524100, 0.8349379000)
(-0.3458506000, -0.4203359000, 0.0807941900, 0.8349715000)
(-0.3459008000, -0.4202883000, 0.0809136000, 0.8349631000)
(-0.3458990000, -0.4203118000, 0.0808499200, 0.8349582000)
(-0.3458994000, -0.4202698000, 0.0810939400, 0.8349555000)
(-0.3460348000, -0.4198543000, 0.0808608600, 0.8351310000)
(-0.3452907000, -0.4204457000, 0.0805855800, 0.8351681000)
(-0.3460717000, -0.4203129000, 0.0809781100, 0.8348736000)
(-0.3457838000, -0.4196078000, 0.0809370900, 0.8353515000)
(-0.3461229000, -0.4203798000, 0.0807923900, 0.8348367000)
(-0.3461257000, -0.4197591000, 0.0809909700, 0.8351286000)
(-0.3460202000, -0.4201890000, 0.0810603900, 0.8349494000)
(-0.3458893000, -0.4199203000, 0.0810305800, 0.8351417000)
(-0.3460467000, -0.4200809000, 0.0809132800, 0.8350070000)
(-0.3461490000, -0.4200691000, 0.0806114900, 0.8349998000)
(-0.3459836000, -0.4201101000, 0.0807810100, 0.8350313000)
(-0.3462312000, -0.4202735000, 0.0809409300, 0.8348310000)
(-0.3460967000, -0.4202338000, 0.0808765400, 0.8349130000)
(-0.3461590000, -0.4203053000, 0.0808974700, 0.8348491000)
(-0.3462771000, -0.4203284000, 0.0808942400, 0.8347888000)
(-0.3461948000, -0.4202110000, 0.0808362600, 0.8348876000)
(-0.3461727000, -0.4203282000, 0.0808624600, 0.8348353000)
(-0.3461937000, -0.4202098000, 0.0808638800, 0.8348861000)
(-0.3462214000, -0.4203082000, 0.0809280600, 0.8348188000)
(-0.3461680000, -0.4202437000, 0.0810159400, 0.8348649000)
(-0.3462194000, -0.4201500000, 0.0809584600, 0.8348963000)
(-0.3461384000, -0.4203837000, 0.0809489500, 0.8348132000)
(-0.3462157000, -0.4202270000, 0.0809762600, 0.8348574000)
(-0.3464554000, -0.4201110000, 0.0808471700, 0.8348289000)
(-0.3461775000, -0.4202670000, 0.0809112800, 0.8348594000)
(-0.3460303000, -0.4202479000, 0.0809364500, 0.8349276000)
(-0.3461757000, -0.4199686000, 0.0810145400, 0.8350002000)
(-0.3460422000, -0.4204161000, 0.0807713400, 0.8348539000)
(-0.3461827000, -0.4201465000, 0.0810105100, 0.8349082000)
(-0.3462736000, -0.4201634000, 0.0809178300, 0.8348710000)
(-0.3461617000, -0.4201626000, 0.0808530400, 0.8349241000)
(-0.3462438000, -0.4201964000, 0.0809513100, 0.8348635000)
(-0.3461826000, -0.4202655000, 0.0809683000, 0.8348525000)
(-0.3463323000, -0.4201583000, 0.0811170300, 0.8348299000)
(-0.3462443000, -0.4203288000, 0.0807454600, 0.8348166000)
(-0.3462079000, -0.4200373000, 0.0809273500, 0.8349608000)
(-0.3463858000, -0.4203234000, 0.0810336700, 0.8347327000)
(-0.3462262000, -0.4202649000, 0.0809091400, 0.8348405000)
(-0.3462187000, -0.4201850000, 0.0808307200, 0.8348914000)
(-0.3463489000, -0.4202290000, 0.0809573800, 0.8348029000)
(-0.3462562000, -0.4202340000, 0.0809371500, 0.8348408000)
(-0.3463161000, -0.4201462000, 0.0809583600, 0.8348582000)
(-0.3462722000, -0.4201677000, 0.0809245400, 0.8348688000)
(-0.3462404000, -0.4202519000, 0.0810062700, 0.8348317000)
(-0.3462046000, -0.4202027000, 0.0810473800, 0.8348673000)
(-0.3463206000, -0.4202205000, 0.0810660900, 0.8348084000)
(-0.3462580000, -0.4202905000, 0.0810846200, 0.8347973000)
(-0.3462023000, -0.4202701000, 0.0809244700, 0.8348463000)
(-0.3463498000, -0.4201277000, 0.0809379200, 0.8348554000)
(-0.3464933000, -0.4203263000, 0.0811230000, 0.8346780000)
(-0.3464716000, -0.4202443000, 0.0809872400, 0.8347415000)
(-0.3464355000, -0.4206722000, 0.0811276500, 0.8345273000)
(-0.3466402000, -0.4202858000, 0.0810645100, 0.8346430000)
(-0.3465148000, -0.4203908000, 0.0811146900, 0.8346373000)
(-0.3464706000, -0.4203106000, 0.0810955200, 0.8346980000)
(-0.3464684000, -0.4203747000, 0.0809393700, 0.8346817000)
(-0.3463743000, -0.4202983000, 0.0809897300, 0.8347544000)
(-0.3464298000, -0.4201868000, 0.0811627200, 0.8347707000)
(-0.3464189000, -0.4201958000, 0.0811120000, 0.8347756000)
(-0.3462557000, -0.4202706000, 0.0811493900, 0.8348020000)
(-0.3463480000, -0.4201794000, 0.0810870300, 0.8348157000)
(-0.3463424000, -0.4200974000, 0.0808919500, 0.8348781000)
(-0.3462977000, -0.4202015000, 0.0809099100, 0.8348426000)
(-0.3462188000, -0.4200754000, 0.0811719700, 0.8349134000)
(-0.3463017000, -0.4202281000, 0.0809172800, 0.8348269000)
(-0.3462520000, -0.4203329000, 0.0810731600, 0.8347796000)
(-0.3462381000, -0.4203711000, 0.0810206900, 0.8347712000)
(-0.3464351000, -0.4203576000, 0.0809694700, 0.8347012000)
(-0.3465095000, -0.4203854000, 0.0809424400, 0.8346590000)
(-0.3463406000, -0.4204983000, 0.0808939900, 0.8346769000)
(-0.3463822000, -0.4205338000, 0.0808922400, 0.8346419000)
(-0.3465057000, -0.4204040000, 0.0809655000, 0.8346490000)
(-0.3462465000, -0.4203638000, 0.0808653300, 0.8347865000)
(-0.3463174000, -0.4205152000, 0.0807419100, 0.8346928000)
(-0.3462470000, -0.4204651000, 0.0808272900, 0.8347390000)
(-0.3461848000, -0.4204635000, 0.0809246700, 0.8347561000)
(-0.3462937000, -0.4204868000, 0.0808802100, 0.8347035000)
(-0.3462715000, -0.4203359000, 0.0809899900, 0.8347781000)
(-0.3461917000, -0.4203077000, 0.0808566900, 0.8348383000)
(-0.3462680000, -0.4204727000, 0.0807522600, 0.8347337000)
(-0.3462947000, -0.4203871000, 0.0808485000, 0.8347564000)
(-0.3461730000, -0.4204360000, 0.0810970500, 0.8347582000)
(-0.3463727000, -0.4203570000, 0.0809499700, 0.8347294000)
(-0.3464102000, -0.4202750000, 0.0809881600, 0.8347514000)
(-0.3463807000, -0.4202682000, 0.0808550100, 0.8347800000)
(-0.3462168000, -0.4204930000, 0.0808958400, 0.8347308000)
(-0.3462543000, -0.4204391000, 0.0809354200, 0.8347386000)
(-0.3461591000, -0.4203067000, 0.0808708500, 0.8348510000)
(-0.3461295000, -0.4204800000, 0.0809212900, 0.8347710000)
(-0.3462769000, -0.4206006000, 0.0807448400, 0.8346663000)
(-0.3460898000, -0.4203928000, 0.0808486500, 0.8348384000)
(-0.3461618000, -0.4204896000, 0.0806369300, 0.8347804000)
(-0.3461175000, -0.4204314000, 0.0807887900, 0.8348134000)
(-0.3462864000, -0.4203966000, 0.0807060300, 0.8347688000)
(-0.3461557000, -0.4203207000, 0.0807317300, 0.8348587000)
(-0.3460115000, -0.4204701000, 0.0805422100, 0.8348616000)
(-0.3460044000, -0.4204123000, 0.0808312200, 0.8348657000)
(-0.3460869000, -0.4202681000, 0.0807048500, 0.8349164000)
(-0.3461406000, -0.4203694000, 0.0807230900, 0.8348414000)
(-0.3460486000, -0.4202752000, 0.0806854200, 0.8349306000)
(-0.3460162000, -0.4201462000, 0.0810450700, 0.8349741000)
(-0.3460154000, -0.4204694000, 0.0806724300, 0.8348478000)
(-0.3462480000, -0.4202020000, 0.0808485100, 0.8348690000)
(-0.3459429000, -0.4207167000, 0.0807418600, 0.8347465000)
(-0.3461362000, -0.4202560000, 0.0807815200, 0.8348946000)
(-0.3461367000, -0.4204434000, 0.0807665700, 0.8348015000)
(-0.3459623000, -0.4203291000, 0.0808308100, 0.8349251000)
(-0.3461758000, -0.4206324000, 0.0808763500, 0.8346794000)
(-0.3460810000, -0.4203217000, 0.0808947500, 0.8348735000)
(-0.3460537000, -0.4204732000, 0.0810139000, 0.8347970000)
(-0.3460389000, -0.4204231000, 0.0809037800, 0.8348390000)
(-0.3460668000, -0.4205079000, 0.0809602100, 0.8347793000)
(-0.3461537000, -0.4205112000, 0.0808421700, 0.8347530000)
(-0.3462418000, -0.4205129000, 0.0808931300, 0.8347107000)
(-0.3463436000, -0.4203643000, 0.0809872700, 0.8347342000)
(-0.3462292000, -0.4205432000, 0.0809400700, 0.8346961000)
(-0.3462804000, -0.4203907000, 0.0808263200, 0.8347627000)
(-0.3462314000, -0.4204247000, 0.0809537800, 0.8347535000)
(-0.3460920000, -0.4202218000, 0.0809043900, 0.8349183000)
(-0.3461334000, -0.4203845000, 0.0809620900, 0.8348136000)
(-0.3460879000, -0.4204402000, 0.0808378800, 0.8348165000)
(-0.3461813000, -0.4203322000, 0.0808409200, 0.8348318000)
(-0.3462458000, -0.4205262000, 0.0810228400, 0.8346897000)
(-0.3460968000, -0.4204165000, 0.0809786300, 0.8348110000)
(-0.3462023000, -0.4203328000, 0.0808946000, 0.8348175000)
(-0.3461641000, -0.4204691000, 0.0810186000, 0.8347528000)
(-0.3463594000, -0.4203071000, 0.0809701800, 0.8347580000)
(-0.3461787000, -0.4204876000, 0.0808400400, 0.8347547000)
(-0.3461731000, -0.4204070000, 0.0807903900, 0.8348024000)
(-0.3460920000, -0.4202973000, 0.0807416700, 0.8348960000)
(-0.3461444000, -0.4202899000, 0.0809137000, 0.8348613000)
(-0.3461531000, -0.4204350000, 0.0808976700, 0.8347862000)
(-0.3461133000, -0.4204068000, 0.0809413300, 0.8348127000)
(-0.3461889000, -0.4204006000, 0.0809335400, 0.8347852000)
(-0.3461003000, -0.4204069000, 0.0808473200, 0.8348271000)
(-0.3461978000, -0.4206536000, 0.0809116800, 0.8346562000)
(-0.3463339000, -0.4204237000, 0.0808534400, 0.8347212000)
(-0.3461054000, -0.4204328000, 0.0810383800, 0.8347934000)
(-0.3462194000, -0.4203894000, 0.0809139700, 0.8347801000)
(-0.3461108000, -0.4205266000, 0.0808884900, 0.8347585000)
(-0.3461999000, -0.4204970000, 0.0809697400, 0.8347286000)
(-0.3460383000, -0.4205341000, 0.0811914700, 0.8347553000)
(-0.3461320000, -0.4204140000, 0.0810063900, 0.8347951000)
(-0.3460920000, -0.4204236000, 0.0810805000, 0.8347996000)
(-0.3461099000, -0.4204903000, 0.0809479200, 0.8347714000)
(-0.3461870000, -0.4205104000, 0.0809809400, 0.8347262000)
(-0.3461402000, -0.4204800000, 0.0810792200, 0.8347513000)
(-0.3463090000, -0.4203363000, 0.0811323300, 0.8347485000)
(-0.3461591000, -0.4205315000, 0.0810032300, 0.8347249000)
(-0.3461593000, -0.4205023000, 0.0812099700, 0.8347194000)
(-0.3462195000, -0.4204263000, 0.0811557900, 0.8347380000)
(-0.3461936000, -0.4203385000, 0.0811749000, 0.8347911000)
(-0.3459852000, -0.4205280000, 0.0810714700, 0.8347921000)
(-0.3462403000, -0.4207555000, 0.0810555700, 0.8345732000)
(-0.3458982000, -0.4205529000, 0.0811122900, 0.8348116000)
(-0.3458759000, -0.4204766000, 0.0811441500, 0.8348562000)
(-0.3458823000, -0.4204929000, 0.0810241300, 0.8348570000)
(-0.3459059000, -0.4206068000, 0.0811390600, 0.8347787000)
(-0.3460280000, -0.4205576000, 0.0810298300, 0.8347635000)
(-0.3460483000, -0.4206501000, 0.0810714400, 0.8347045000)
(-0.3460595000, -0.4204411000, 0.0809927700, 0.8348128000)
(-0.3460113000, -0.4205990000, 0.0810396100, 0.8347486000)
(-0.3460744000, -0.4207469000, 0.0810743000, 0.8346446000)
(-0.3460024000, -0.4206126000, 0.0811075300, 0.8347389000)
(-0.3460102000, -0.4206980000, 0.0809153200, 0.8347113000)
(-0.3459467000, -0.4206717000, 0.0810454800, 0.8347383000)
(-0.3457755000, -0.4206300000, 0.0809135000, 0.8348429000)
(-0.3456447000, -0.4206755000, 0.0811048400, 0.8348556000)
(-0.3456044000, -0.4207126000, 0.0807831000, 0.8348848000)
(-0.3455935000, -0.4207246000, 0.0805859300, 0.8349023000)
(-0.3455586000, -0.4207246000, 0.0807727800, 0.8348987000)
(-0.3455993000, -0.4208494000, 0.0807125200, 0.8348248000)
(-0.3456322000, -0.4206847000, 0.0805723600, 0.8349078000)
(-0.3453712000, -0.4207389000, 0.0807121300, 0.8349749000)
(-0.3454657000, -0.4205942000, 0.0807150800, 0.8350084000)
(-0.3452824000, -0.4207236000, 0.0805456600, 0.8350354000)
(-0.3453480000, -0.4206637000, 0.0806366900, 0.8350297000)
(-0.3453969000, -0.4206930000, 0.0806817900, 0.8349903000)
(-0.3453170000, -0.4208111000, 0.0808716500, 0.8349455000)
(-0.3453330000, -0.4207315000, 0.0807689900, 0.8349888000)
(-0.3452412000, -0.4207137000, 0.0806725000, 0.8350452000)
(-0.3453671000, -0.4206238000, 0.0804242000, 0.8350624000)
(-0.3450801000, -0.4207811000, 0.0805667000, 0.8350881000)
(-0.3451282000, -0.4206983000, 0.0804995200, 0.8351164000)
(-0.3451223000, -0.4206247000, 0.0804420500, 0.8351614000)
(-0.3451028000, -0.4206608000, 0.0804496400, 0.8351506000)
(-0.3450090000, -0.4206917000, 0.0805289100, 0.8351661000)
(-0.3453782000, -0.4206168000, 0.0805533400, 0.8350489000)
(-0.3452573000, -0.4206377000, 0.0804977200, 0.8350937000)
(-0.3453562000, -0.4207416000, 0.0803857500, 0.8350112000)
(-0.3453657000, -0.4208076000, 0.0804983000, 0.8349632000)
(-0.3454772000, -0.4207200000, 0.0806787100, 0.8349438000)
(-0.3455658000, -0.4208585000, 0.0804488800, 0.8348595000)
(-0.3457136000, -0.4208560000, 0.0803826400, 0.8348060000)
(-0.3455770000, -0.4207930000, 0.0805582000, 0.8348774000)
(-0.3458965000, -0.4207529000, 0.0804424100, 0.8347764000)
(-0.3458000000, -0.4208919000, 0.0804887300, 0.8347418000)
(-0.3457973000, -0.4207949000, 0.0804195800, 0.8347985000)
(-0.3458571000, -0.4209060000, 0.0803922300, 0.8347204000)
(-0.3456415000, -0.4208739000, 0.0804167200, 0.8348235000)
(-0.3457049000, -0.4207972000, 0.0804348900, 0.8348342000)
(-0.3455609000, -0.4207710000, 0.0805311800, 0.8348977000)
(-0.3455737000, -0.4207951000, 0.0804049500, 0.8348924000)
(-0.3454784000, -0.4209162000, 0.0804253700, 0.8348688000)
(-0.3455660000, -0.4209192000, 0.0805360900, 0.8348204000)
(-0.3454494000, -0.4207788000, 0.0804745600, 0.8349454000)
(-0.3456616000, -0.4206815000, 0.0805579900, 0.8348985000)
(-0.3454384000, -0.4207031000, 0.0804950100, 0.8349861000)
(-0.3456767000, -0.4207231000, 0.0805314900, 0.8348739000)
(-0.3456914000, -0.4208824000, 0.0807147400, 0.8347698000)
(-0.3456769000, -0.4208079000, 0.0805862000, 0.8348258000)
(-0.3457943000, -0.4206931000, 0.0805765200, 0.8348359000)
(-0.3456828000, -0.4207334000, 0.0806709900, 0.8348527000)
(-0.3455825000, -0.4206920000, 0.0804488800, 0.8349366000)
(-0.3456752000, -0.4206536000, 0.0806151300, 0.8349015000)
(-0.3454622000, -0.4207000000, 0.0804978200, 0.8349776000)
(-0.3455859000, -0.4207286000, 0.0805688500, 0.8349051000)
(-0.3453949000, -0.4207709000, 0.0805646600, 0.8349632000)
(-0.3456381000, -0.4207059000, 0.0806204800, 0.8348899000)
(-0.3455579000, -0.4205146000, 0.0806035500, 0.8350211000)
(-0.3455397000, -0.4205839000, 0.0804419700, 0.8350094000)
(-0.3455697000, -0.4205250000, 0.0807898600, 0.8349931000)
(-0.3456597000, -0.4204735000, 0.0806602800, 0.8349942000)
(-0.3457561000, -0.4204738000, 0.0806547800, 0.8349547000)
(-0.3457360000, -0.4205161000, 0.0806153500, 0.8349455000)
(-0.3457789000, -0.4203162000, 0.0808882900, 0.8350020000)
(-0.3456585000, -0.4206032000, 0.0807440400, 0.8349213000)
(-0.3457070000, -0.4206583000, 0.0807017800, 0.8348775000)
(-0.3457157000, -0.4205226000, 0.0807717400, 0.8349355000)
(-0.3456465000, -0.4206119000, 0.0805980000, 0.8349360000)
(-0.3456320000, -0.4206406000, 0.0806994500, 0.8349177000)
(-0.3456421000, -0.4206314000, 0.0805833600, 0.8349294000)
(-0.3453843000, -0.4204606000, 0.0806764100, 0.8351132000)
(-0.3455667000, -0.4204782000, 0.0805492400, 0.8350411000)
(-0.3454936000, -0.4205645000, 0.0805509500, 0.8350276000)
(-0.3454123000, -0.4204477000, 0.0805561200, 0.8351197000)
(-0.3453587000, -0.4204034000, 0.0806637900, 0.8351538000)
(-0.3454446000, -0.4205321000, 0.0805477600, 0.8350646000)
(-0.3453955000, -0.4204560000, 0.0805164900, 0.8351263000)
(-0.3454306000, -0.4204544000, 0.0805770500, 0.8351067000)
(-0.3453175000, -0.4204969000, 0.0806555400, 0.8351244000)
(-0.3453833000, -0.4204760000, 0.0805260500, 0.8351203000)
(-0.3454823000, -0.4203679000, 0.0804870500, 0.8351375000)
(-0.3455383000, -0.4203942000, 0.0806057900, 0.8350896000)
(-0.3457420000, -0.4204566000, 0.0805847000, 0.8349760000)
(-0.3455927000, -0.4204949000, 0.0805436200, 0.8350224000)
(-0.3456607000, -0.4203750000, 0.0806204800, 0.8350473000)
(-0.3456199000, -0.4204786000, 0.0805508600, 0.8350187000)
(-0.3456995000, -0.4203227000, 0.0806538900, 0.8350543000)
(-0.3456520000, -0.4204487000, 0.0806144100, 0.8350143000)
(-0.3454898000, -0.4205779000, 0.0805367200, 0.8350239000)
(-0.3455616000, -0.4204432000, 0.0806510700, 0.8350510000)
(-0.3458497000, -0.4204027000, 0.0806796600, 0.8349493000)
(-0.3457538000, -0.4205433000, 0.0807449000, 0.8349119000)
(-0.3456364000, -0.4206351000, 0.0805537300, 0.8349328000)
(-0.3457595000, -0.4204558000, 0.0805966900, 0.8349679000)
(-0.3455507000, -0.4205359000, 0.0805458100, 0.8350189000)
(-0.3455440000, -0.4204457000, 0.0805106200, 0.8350706000)
(-0.3456687000, -0.4203338000, 0.0807443200, 0.8350527000)
(-0.3456286000, -0.4203797000, 0.0806100900, 0.8350592000)
(-0.3455684000, -0.4203569000, 0.0807363800, 0.8350834000)
(-0.3456374000, -0.4203411000, 0.0805226800, 0.8350834000)
(-0.3455591000, -0.4203950000, 0.0806521400, 0.8350762000)
(-0.3455722000, -0.4203408000, 0.0805272100, 0.8351101000)
(-0.3455481000, -0.4204177000, 0.0805430300, 0.8350798000)
(-0.3454955000, -0.4203963000, 0.0807847700, 0.8350890000)
(-0.3455991000, -0.4204589000, 0.0806640700, 0.8350263000)
(-0.3455738000, -0.4204749000, 0.0806039700, 0.8350345000)
(-0.3453489000, -0.4205143000, 0.0803970500, 0.8351276000)
(-0.3455337000, -0.4205108000, 0.0804639500, 0.8350465000)
(-0.3453380000, -0.4205423000, 0.0805858700, 0.8350999000)
(-0.3453054000, -0.4204954000, 0.0807313800, 0.8351229000)
(-0.3454912000, -0.4205495000, 0.0805222800, 0.8350390000)
(-0.3453617000, -0.4205950000, 0.0806524400, 0.8350571000)
(-0.3452851000, -0.4205430000, 0.0806721400, 0.8351130000)
(-0.3454236000, -0.4204697000, 0.0806216200, 0.8350976000)
(-0.3452668000, -0.4202175000, 0.0804527200, 0.8353057000)
(-0.3450735000, -0.4205206000, 0.0806449800, 0.8352144000)
(-0.3455223000, -0.4201618000, 0.0806111400, 0.8352128000)
(-0.3453005000, -0.4204623000, 0.0804764000, 0.8351662000)
(-0.3453150000, -0.4204526000, 0.0805678700, 0.8351563000)
(-0.3453568000, -0.4205389000, 0.0805217100, 0.8351000000)
(-0.3453281000, -0.4204140000, 0.0806534400, 0.8351620000)
(-0.3452495000, -0.4204885000, 0.0806735800, 0.8351551000)
(-0.3454606000, -0.4204039000, 0.0804492200, 0.8351320000)
(-0.3454618000, -0.4205383000, 0.0805921400, 0.8350501000)
(-0.3453103000, -0.4206347000, 0.0805255100, 0.8350706000)
(-0.3454010000, -0.4204605000, 0.0804547100, 0.8351276000)
(-0.3453752000, -0.4204523000, 0.0806056000, 0.8351279000)
(-0.3453110000, -0.4205637000, 0.0804273600, 0.8351156000)
(-0.3452247000, -0.4205054000, 0.0805190400, 0.8351718000)
(-0.3453732000, -0.4204048000, 0.0805542200, 0.8351576000)
(-0.3455059000, -0.4204652000, 0.0804998400, 0.8350776000)
(-0.3455920000, -0.4204204000, 0.0803617000, 0.8350777000)
(-0.3456194000, -0.4205756000, 0.0805112900, 0.8349739000)
(-0.3456359000, -0.4204838000, 0.0804549400, 0.8350187000)
(-0.3454517000, -0.4205070000, 0.0804878000, 0.8350801000)
(-0.3455231000, -0.4204883000, 0.0804379700, 0.8350648000)
(-0.3455744000, -0.4202329000, 0.0803081100, 0.8351846000)
(-0.3455599000, -0.4205745000, 0.0801205900, 0.8350366000)
(-0.3456479000, -0.4205206000, 0.0803218400, 0.8350080000)
(-0.3453537000, -0.4199909000, 0.0802817000, 0.8354001000)
(-0.3450510000, -0.4205685000, 0.0805015000, 0.8352135000)
(-0.3454222000, -0.4204230000, 0.0805583500, 0.8351278000)
(-0.3449585000, -0.4204992000, 0.0804225300, 0.8352941000)
(-0.3452820000, -0.4203562000, 0.0804300300, 0.8352317000)
(-0.3451194000, -0.4205444000, 0.0803661600, 0.8352104000)
(-0.3451006000, -0.4203750000, 0.0803701000, 0.8353030000)
(-0.3451371000, -0.4204498000, 0.0802100000, 0.8352656000)
(-0.3451106000, -0.4203151000, 0.0804717800, 0.8353192000)
(-0.3448490000, -0.4204338000, 0.0802075600, 0.8353930000)
(-0.3449125000, -0.4203278000, 0.0802256500, 0.8354183000)
(-0.3447953000, -0.4205448000, 0.0802900600, 0.8353513000)
(-0.3448112000, -0.4203956000, 0.0800741200, 0.8354406000)
(-0.3446728000, -0.4204122000, 0.0800457000, 0.8354920000)
(-0.3446654000, -0.4203230000, 0.0801110800, 0.8355337000)
(-0.3445972000, -0.4204193000, 0.0801708300, 0.8355076000)
(-0.3447832000, -0.4204044000, 0.0801737800, 0.8354381000)
(-0.3447187000, -0.4203127000, 0.0802007300, 0.8355083000)
(-0.3448412000, -0.4202359000, 0.0802602800, 0.8354906000)
(-0.3448007000, -0.4202979000, 0.0802299700, 0.8354791000)
(-0.3450439000, -0.4201815000, 0.0802010400, 0.8354400000)
(-0.3450104000, -0.4203618000, 0.0801365200, 0.8353694000)
(-0.3450820000, -0.4203836000, 0.0801488100, 0.8353276000)
(-0.3452441000, -0.4202997000, 0.0799342700, 0.8353235000)
(-0.3452591000, -0.4203116000, 0.0803167400, 0.8352746000)
(-0.3453327000, -0.4204762000, 0.0803187600, 0.8351610000)
(-0.3452261000, -0.4203349000, 0.0802732200, 0.8352806000)
(-0.3452678000, -0.4203890000, 0.0803059500, 0.8352330000)
(-0.3452927000, -0.4203540000, 0.0801094300, 0.8352593000)
(-0.3452187000, -0.4204105000, 0.0801074800, 0.8352615000)
(-0.3452910000, -0.4203303000, 0.0802306200, 0.8352603000)
(-0.3452131000, -0.4204224000, 0.0802051100, 0.8352485000)
(-0.3450890000, -0.4204307000, 0.0800424100, 0.8353113000)
(-0.3451430000, -0.4202982000, 0.0802406300, 0.8353366000)
(-0.3452702000, -0.4204193000, 0.0801170200, 0.8352349000)
(-0.3451836000, -0.4203539000, 0.0800185900, 0.8353130000)
(-0.3452747000, -0.4205047000, 0.0802101600, 0.8351811000)
(-0.3450670000, -0.4204861000, 0.0802531800, 0.8352722000)
(-0.3451687000, -0.4204169000, 0.0802036800, 0.8352698000)
(-0.3449969000, -0.4204547000, 0.0801468200, 0.8353272000)
(-0.3450934000, -0.4202407000, 0.0802360900, 0.8353865000)
(-0.3451820000, -0.4204672000, 0.0802038500, 0.8352389000)
(-0.3451794000, -0.4203326000, 0.0801783800, 0.8353102000)
(-0.3453445000, -0.4203514000, 0.0801045400, 0.8352396000)
(-0.3452324000, -0.4202976000, 0.0802618400, 0.8352979000)
(-0.3453150000, -0.4203651000, 0.0802876300, 0.8352273000)
(-0.3452520000, -0.4203255000, 0.0801746500, 0.8352842000)
(-0.3454857000, -0.4203907000, 0.0803290200, 0.8351399000)
(-0.3452014000, -0.4201662000, 0.0803401000, 0.8353693000)
(-0.3452918000, -0.4203244000, 0.0803355700, 0.8352528000)
(-0.3452988000, -0.4199804000, 0.0804079300, 0.8354160000)
(-0.3453938000, -0.4203010000, 0.0802610200, 0.8352295000)
(-0.3452321000, -0.4200190000, 0.0804846400, 0.8354167000)
(-0.3454730000, -0.4200069000, 0.0805594400, 0.8353160000)
(-0.3455403000, -0.4201423000, 0.0806391900, 0.8352123000)
(-0.3456038000, -0.4199790000, 0.0808223900, 0.8352505000)
(-0.3457555000, -0.4200305000, 0.0808778800, 0.8351564000)
(-0.3457285000, -0.4202276000, 0.0809891700, 0.8350577000)
(-0.3457208000, -0.4198587000, 0.0809930900, 0.8352460000)
(-0.3458552000, -0.4201762000, 0.0810279700, 0.8350274000)
(-0.3459623000, -0.4199563000, 0.0808915200, 0.8351068000)
(-0.3459311000, -0.4202129000, 0.0806395900, 0.8350151000)
(-0.3456361000, -0.4201236000, 0.0805900300, 0.8351869000)
(-0.3458537000, -0.4203137000, 0.0803895400, 0.8350205000)
(-0.3455983000, -0.4203750000, 0.0804628100, 0.8350883000)
(-0.3455346000, -0.4206558000, 0.0805234900, 0.8349674000)
(-0.3456594000, -0.4204872000, 0.0805133900, 0.8350016000)
(-0.3460018000, -0.4203489000, 0.0805843600, 0.8349226000)
(-0.3460851000, -0.4204093000, 0.0806921600, 0.8348473000)
(-0.3460141000, -0.4202794000, 0.0807245500, 0.8349389000)
(-0.3459657000, -0.4203777000, 0.0807738000, 0.8349048000)
(-0.3460129000, -0.4203141000, 0.0808001700, 0.8349147000)
(-0.3459469000, -0.4203849000, 0.0808446800, 0.8349020000)
(-0.3456389000, -0.4201638000, 0.0809254400, 0.8351331000)
(-0.3454710000, -0.4203357000, 0.0809498300, 0.8351136000)
(-0.3453673000, -0.4201933000, 0.0809820100, 0.8352250000)
(-0.3453219000, -0.4200647000, 0.0810118200, 0.8353056000)
(-0.3455560000, -0.4199579000, 0.0805910700, 0.8353032000)
(-0.3455554000, -0.4200932000, 0.0808170000, 0.8352136000)
(-0.3458374000, -0.4202463000, 0.0809738700, 0.8350047000)
(-0.3457896000, -0.4201762000, 0.0808548300, 0.8350713000)
(-0.3460160000, -0.4202014000, 0.0806757200, 0.8349822000)
(-0.3459606000, -0.4202641000, 0.0807657100, 0.8349649000)
(-0.3461089000, -0.4204070000, 0.0806841300, 0.8348393000)
(-0.3458901000, -0.4200976000, 0.0807280200, 0.8350815000)
(-0.3456877000, -0.4201283000, 0.0807805700, 0.8351448000)
(-0.3451052000, -0.4201238000, 0.0806107300, 0.8354043000)
(-0.3450858000, -0.4202131000, 0.0808007100, 0.8353490000)
(-0.3454134000, -0.4200626000, 0.0806352500, 0.8353053000)
(-0.3456008000, -0.4202376000, 0.0805283700, 0.8351501000)
(-0.3457941000, -0.4203013000, 0.0806634800, 0.8350250000)
(-0.3465622000, -0.4203251000, 0.0807392700, 0.8346872000)
(-0.3466149000, -0.4203432000, 0.0809165400, 0.8346390000)
(-0.3467608000, -0.4205067000, 0.0808679200, 0.8345007000)
(-0.3465582000, -0.4205217000, 0.0807200300, 0.8345917000)
(-0.3465965000, -0.4204761000, 0.0808216900, 0.8345889000)
(-0.3461873000, -0.4204870000, 0.0807530000, 0.8347598000)
(-0.3457325000, -0.4203815000, 0.0806115400, 0.8350152000)
(-0.3454191000, -0.4203686000, 0.0806520800, 0.8351474000)
(-0.3451702000, -0.4205281000, 0.0808211700, 0.8351536000)
(-0.3454039000, -0.4205122000, 0.0806450400, 0.8350821000)
(-0.3459411000, -0.4200475000, 0.0808107700, 0.8350775000)
(-0.3464149000, -0.4202341000, 0.0807931300, 0.8347889000)
(-0.3476402000, -0.4201410000, 0.0812269800, 0.8342841000)
(-0.3476757000, -0.4202745000, 0.0811083500, 0.8342136000)
(-0.3483326000, -0.4205407000, 0.0812470500, 0.8337919000)
(-0.3478754000, -0.4205446000, 0.0811942400, 0.8339859000)
(-0.3477525000, -0.4207583000, 0.0812746300, 0.8339216000)
(-0.3471907000, -0.4208593000, 0.0810890000, 0.8341227000)
(-0.3464473000, -0.4210361000, 0.0807522700, 0.8343753000)
(-0.3463086000, -0.4207853000, 0.0806537900, 0.8345688000)
(-0.3456896000, -0.4205816000, 0.0805717300, 0.8349360000)
(-0.3456717000, -0.4205271000, 0.0805748700, 0.8349705000)
(-0.3456639000, -0.4203091000, 0.0806361800, 0.8350776000)
(-0.3460115000, -0.4204086000, 0.0805955500, 0.8348874000)
(-0.3464762000, -0.4204102000, 0.0807181300, 0.8346820000)
(-0.3465593000, -0.4203476000, 0.0808271800, 0.8346685000)
(-0.3468062000, -0.4205492000, 0.0809756700, 0.8344500000)
(-0.3468554000, -0.4204751000, 0.0810193900, 0.8344627000)
(-0.3469423000, -0.4206694000, 0.0811522000, 0.8343157000)
(-0.3468819000, -0.4208080000, 0.0810219600, 0.8342836000)
(-0.3467949000, -0.4206742000, 0.0809219700, 0.8343968000)
(-0.3465450000, -0.4207518000, 0.0809031100, 0.8344634000)
(-0.3464479000, -0.4207773000, 0.0808950700, 0.8344917000)
(-0.3464428000, -0.4206887000, 0.0809236300, 0.8345357000)
(-0.3461854000, -0.4204963000, 0.0808274300, 0.8347487000)
(-0.3461369000, -0.4205796000, 0.0810241400, 0.8347078000)
(-0.3458112000, -0.4205417000, 0.0808234700, 0.8348814000)
(-0.3459421000, -0.4205362000, 0.0809178600, 0.8348208000)
(-0.3460052000, -0.4205129000, 0.0810101700, 0.8347974000)
(-0.3460439000, -0.4204445000, 0.0808876100, 0.8348278000)
(-0.3461290000, -0.4205212000, 0.0809830400, 0.8347445000)
(-0.3460484000, -0.4205190000, 0.0810562600, 0.8347719000)
(-0.3459661000, -0.4204460000, 0.0810087200, 0.8348475000)
(-0.3461935000, -0.4204501000, 0.0807947200, 0.8347719000)
(-0.3463149000, -0.4205141000, 0.0807841900, 0.8346903000)
(-0.3463190000, -0.4204434000, 0.0809135000, 0.8347116000)
(-0.3463553000, -0.4206311000, 0.0809109200, 0.8346023000)
(-0.3464487000, -0.4205549000, 0.0809811400, 0.8345951000)
(-0.3463623000, -0.4203936000, 0.0808909200, 0.8347209000)
(-0.3462265000, -0.4204907000, 0.0807388400, 0.8347431000)
(-0.3458790000, -0.4204795000, 0.0808489300, 0.8348822000)
(-0.3457122000, -0.4203474000, 0.0808855400, 0.8350142000)
(-0.3455943000, -0.4203777000, 0.0808751100, 0.8350487000)
(-0.3455875000, -0.4203127000, 0.0808589000, 0.8350859000)
(-0.3457033000, -0.4203664000, 0.0808700100, 0.8350098000)
(-0.3458338000, -0.4203931000, 0.0809133900, 0.8349382000)
(-0.3461108000, -0.4204102000, 0.0808579200, 0.8348201000)
(-0.3460488000, -0.4204822000, 0.0809243400, 0.8348031000)
(-0.3461618000, -0.4205241000, 0.0808765900, 0.8347398000)
(-0.3461333000, -0.4206333000, 0.0808082200, 0.8347032000)
(-0.3461858000, -0.4206490000, 0.0808366300, 0.8346707000)
(-0.3461830000, -0.4207270000, 0.0808461000, 0.8346317000)
(-0.3461259000, -0.4206126000, 0.0807486900, 0.8347225000)
(-0.3461788000, -0.4207206000, 0.0806506600, 0.8346556000)
(-0.3456284000, -0.4206816000, 0.0806698600, 0.8349015000)
(-0.3459237000, -0.4207758000, 0.0805726900, 0.8347410000)
(-0.3455715000, -0.4210589000, 0.0806102800, 0.8347405000)
(-0.3455505000, -0.4209200000, 0.0806097000, 0.8348193000)
(-0.3453372000, -0.4208346000, 0.0807153700, 0.8349404000)
(-0.3453748000, -0.4207835000, 0.0804330100, 0.8349779000)
(-0.3451756000, -0.4208030000, 0.0805816600, 0.8350361000)
(-0.3453355000, -0.4208297000, 0.0806071300, 0.8349541000)
(-0.3450962000, -0.4206237000, 0.0803277500, 0.8351837000)
(-0.3450618000, -0.4205843000, 0.0803602100, 0.8352146000)
(-0.3449249000, -0.4204182000, 0.0803236800, 0.8353583000)
(-0.3449682000, -0.4205879000, 0.0805162300, 0.8352365000)
(-0.3451154000, -0.4203239000, 0.0804336400, 0.8353165000)
(-0.3449818000, -0.4203241000, 0.0804823600, 0.8353669000)
(-0.3452439000, -0.4203750000, 0.0805207600, 0.8352293000)
(-0.3451973000, -0.4203199000, 0.0805311800, 0.8352753000)
(-0.3452991000, -0.4203445000, 0.0806092800, 0.8352133000)
(-0.3454209000, -0.4206226000, 0.0805396400, 0.8350296000)
(-0.3454429000, -0.4204787000, 0.0806372500, 0.8350835000)
(-0.3457615000, -0.4205728000, 0.0806061400, 0.8349074000)
(-0.3457752000, -0.4205057000, 0.0806846700, 0.8349278000)
(-0.3456965000, -0.4205599000, 0.0806997600, 0.8349317000)
(-0.3456994000, -0.4206073000, 0.0805947900, 0.8349168000)
(-0.3456175000, -0.4204976000, 0.0804227100, 0.8350225000)
(-0.3455744000, -0.4205304000, 0.0803478600, 0.8350310000)
(-0.3454417000, -0.4205950000, 0.0805585700, 0.8350331000)
(-0.3456241000, -0.4205252000, 0.0803859700, 0.8350094000)
(-0.3456536000, -0.4204461000, 0.0806150000, 0.8350149000)
(-0.3456317000, -0.4203693000, 0.0806155400, 0.8350626000)
(-0.3459344000, -0.4203111000, 0.0807192900, 0.8349565000)
(-0.3459262000, -0.4203598000, 0.0807209000, 0.8349352000)
(-0.3461055000, -0.4203939000, 0.0807672100, 0.8348393000)
(-0.3460082000, -0.4206068000, 0.0806923700, 0.8347796000)
(-0.3459814000, -0.4202833000, 0.0808304900, 0.8349403000)
(-0.3460141000, -0.4205141000, 0.0805812700, 0.8348346000)
(-0.3457204000, -0.4204174000, 0.0807726600, 0.8349865000)
(-0.3460319000, -0.4204583000, 0.0805763900, 0.8348559000)
(-0.3458095000, -0.4202594000, 0.0808380900, 0.8350228000)
(-0.3458558000, -0.4204696000, 0.0807083000, 0.8349103000)
(-0.3457687000, -0.4205192000, 0.0806192000, 0.8349301000)
(-0.3459671000, -0.4204651000, 0.0807745300, 0.8348601000)
(-0.3459233000, -0.4204054000, 0.0809514200, 0.8348911000)
(-0.3459689000, -0.4205502000, 0.0808917800, 0.8348051000)
(-0.3459755000, -0.4204877000, 0.0806070900, 0.8348614000)
(-0.3459755000, -0.4206370000, 0.0806774300, 0.8347794000)
(-0.3460355000, -0.4206513000, 0.0808131000, 0.8347341000)
(-0.3457519000, -0.4205817000, 0.0808059600, 0.8348874000)
(-0.3459583000, -0.4204852000, 0.0807890200, 0.8348522000)
(-0.3460498000, -0.4205885000, 0.0807145200, 0.8347695000)
(-0.3457528000, -0.4204895000, 0.0808061700, 0.8349335000)
(-0.3458384000, -0.4205922000, 0.0808053200, 0.8348464000)
(-0.3459207000, -0.4205476000, 0.0806142400, 0.8348532000)
(-0.3458144000, -0.4206580000, 0.0806204800, 0.8348411000)
(-0.3457925000, -0.4205201000, 0.0808644300, 0.8348960000)
(-0.3457664000, -0.4205216000, 0.0808072400, 0.8349116000)
(-0.3457790000, -0.4206088000, 0.0807220900, 0.8348707000)
(-0.3455668000, -0.4205111000, 0.0808355200, 0.8349969000)
(-0.3456627000, -0.4205321000, 0.0806833400, 0.8349613000)
(-0.3455371000, -0.4205498000, 0.0807826100, 0.8349947000)
(-0.3455736000, -0.4206048000, 0.0807812100, 0.8349521000)
(-0.3455338000, -0.4204164000, 0.0805915400, 0.8350818000)
(-0.3456047000, -0.4205046000, 0.0806565400, 0.8350017000)
(-0.3456078000, -0.4204603000, 0.0807732200, 0.8350114000)
(-0.3456280000, -0.4203944000, 0.0808509500, 0.8350288000)
(-0.3456855000, -0.4205866000, 0.0808982800, 0.8349036000)
(-0.3455799000, -0.4205631000, 0.0808302500, 0.8349657000)
(-0.3456897000, -0.4203682000, 0.0808553900, 0.8350160000)
(-0.3456800000, -0.4205451000, 0.0810362200, 0.8349134000)
(-0.3455572000, -0.4202196000, 0.0810029000, 0.8351313000)
(-0.3455383000, -0.4205139000, 0.0808574400, 0.8350050000)
(-0.3456490000, -0.4203603000, 0.0808963000, 0.8350328000)
(-0.3456175000, -0.4204740000, 0.0807443800, 0.8350033000)
(-0.3457770000, -0.4203699000, 0.0808138400, 0.8349830000)
(-0.3455529000, -0.4203503000, 0.0807583700, 0.8350911000)
(-0.3455868000, -0.4205796000, 0.0808350200, 0.8349540000)
(-0.3456220000, -0.4204710000, 0.0808598800, 0.8349918000)
(-0.3455834000, -0.4204136000, 0.0807381900, 0.8350484000)
(-0.3454226000, -0.4205219000, 0.0808412500, 0.8350505000)
(-0.3456216000, -0.4206580000, 0.0806550600, 0.8349175000)
(-0.3455251000, -0.4206245000, 0.0807214500, 0.8349680000)
(-0.3455365000, -0.4205023000, 0.0807461200, 0.8350224000)
(-0.3454915000, -0.4205578000, 0.0806942100, 0.8350181000)
(-0.3452910000, -0.4205706000, 0.0805969600, 0.8351040000)
(-0.3454219000, -0.4206124000, 0.0806811200, 0.8350207000)
(-0.3454528000, -0.4205168000, 0.0805510200, 0.8350686000)
(-0.3454607000, -0.4205585000, 0.0806222600, 0.8350375000)
(-0.3453871000, -0.4204189000, 0.0805489600, 0.8351452000)
(-0.3454455000, -0.4205710000, 0.0806067000, 0.8350390000)
(-0.3456605000, -0.4206821000, 0.0807275100, 0.8348823000)
(-0.3456098000, -0.4206642000, 0.0807142900, 0.8349136000)
(-0.3455679000, -0.4206327000, 0.0806899700, 0.8349491000)
(-0.3456554000, -0.4205279000, 0.0807740000, 0.8349576000)
(-0.3455056000, -0.4207031000, 0.0807510800, 0.8349336000)
(-0.3455694000, -0.4206374000, 0.0805977500, 0.8349551000)
(-0.3454945000, -0.4204542000, 0.0805902700, 0.8350791000)
(-0.3453559000, -0.4206643000, 0.0804902400, 0.8350403000)
(-0.3452896000, -0.4205627000, 0.0802777300, 0.8351393000)
(-0.3453677000, -0.4204821000, 0.0802656000, 0.8351488000)
(-0.3451628000, -0.4204963000, 0.0803357000, 0.8352196000)
(-0.3453807000, -0.4204558000, 0.0803832300, 0.8351453000)
(-0.3449996000, -0.4205096000, 0.0804097900, 0.8352731000)
(-0.3451967000, -0.4204962000, 0.0804019000, 0.8351992000)
(-0.3454018000, -0.4205448000, 0.0803822600, 0.8350919000)
(-0.3452937000, -0.4204257000, 0.0805015300, 0.8351851000)
(-0.3453503000, -0.4205378000, 0.0804714800, 0.8351081000)
(-0.3454275000, -0.4204170000, 0.0805216900, 0.8351321000)
(-0.3455401000, -0.4203983000, 0.0804927000, 0.8350977000)
(-0.3455409000, -0.4203022000, 0.0804294500, 0.8351519000)
(-0.3454236000, -0.4203066000, 0.0804985500, 0.8351915000)
(-0.3453475000, -0.4204717000, 0.0805422400, 0.8351357000)
(-0.3452691000, -0.4203964000, 0.0806351100, 0.8351971000)
(-0.3453909000, -0.4204778000, 0.0803900500, 0.8351294000)
(-0.3454266000, -0.4203645000, 0.0806292200, 0.8351486000)
(-0.3453197000, -0.4204479000, 0.0804248400, 0.8351704000)
(-0.3450869000, -0.4204935000, 0.0803183200, 0.8352540000)
(-0.3452072000, -0.4204296000, 0.0804522800, 0.8352236000)
(-0.3451405000, -0.4203609000, 0.0802463200, 0.8353055000)
(-0.3451020000, -0.4205063000, 0.0803968300, 0.8352337000)
(-0.3450990000, -0.4205089000, 0.0802461000, 0.8352482000)
(-0.3451977000, -0.4204339000, 0.0802074000, 0.8352489000)
(-0.3452111000, -0.4204516000, 0.0802755000, 0.8352279000)
(-0.3451241000, -0.4205915000, 0.0802094900, 0.8351997000)
(-0.3453374000, -0.4205690000, 0.0801959000, 0.8351242000)
(-0.3452818000, -0.4206021000, 0.0801630600, 0.8351337000)
(-0.3453650000, -0.4205826000, 0.0801388600, 0.8351114000)
(-0.3452431000, -0.4206314000, 0.0800416100, 0.8351466000)
(-0.3451411000, -0.4205567000, 0.0801557100, 0.8352154000)
(-0.3452381000, -0.4204972000, 0.0799930900, 0.8352209000)
(-0.3450644000, -0.4205057000, 0.0800971000, 0.8352784000)
(-0.3450444000, -0.4206273000, 0.0800843900, 0.8352267000)
(-0.3449843000, -0.4206001000, 0.0801055300, 0.8352631000)
(-0.3450904000, -0.4204929000, 0.0801244900, 0.8352714000)
(-0.3451222000, -0.4207156000, 0.0803636500, 0.8351232000)
(-0.3452342000, -0.4204909000, 0.0800640700, 0.8352188000)
(-0.3453096000, -0.4205114000, 0.0801514300, 0.8351690000)
(-0.3453233000, -0.4205028000, 0.0799820400, 0.8351839000)
(-0.3453820000, -0.4205301000, 0.0800797100, 0.8351365000)
(-0.3451908000, -0.4206936000, 0.0802238100, 0.8351194000)
(-0.3449748000, -0.4207427000, 0.0801475600, 0.8351912000)
(-0.3450233000, -0.4205155000, 0.0801632100, 0.8352841000)
(-0.3450424000, -0.4205829000, 0.0801080300, 0.8352476000)
(-0.3450182000, -0.4204402000, 0.0801030200, 0.8353299000)
(-0.3450027000, -0.4204870000, 0.0802426900, 0.8352994000)
(-0.3449716000, -0.4203826000, 0.0802408800, 0.8353649000)
(-0.3446648000, -0.4206031000, 0.0800786500, 0.8353961000)
(-0.3449851000, -0.4205627000, 0.0800691500, 0.8352852000)
(-0.3448806000, -0.4204992000, 0.0801864600, 0.8353490000)
(-0.3449816000, -0.4203341000, 0.0802189000, 0.8353872000)
(-0.3447573000, -0.4206084000, 0.0802594300, 0.8353379000)
(-0.3449595000, -0.4203863000, 0.0802953800, 0.8353628000)
(-0.3451926000, -0.4205339000, 0.0802448400, 0.8351970000)
(-0.3450298000, -0.4205396000, 0.0802626700, 0.8352597000)
(-0.3451459000, -0.4205138000, 0.0804013000, 0.8352115000)
(-0.3451566000, -0.4204736000, 0.0802498500, 0.8352419000)
(-0.3449892000, -0.4205899000, 0.0802845000, 0.8352491000)
(-0.3449637000, -0.4205260000, 0.0803228400, 0.8352881000)
(-0.3447416000, -0.4206647000, 0.0799344500, 0.8353472000)
(-0.3449863000, -0.4207553000, 0.0803183800, 0.8351637000)
(-0.3447361000, -0.4205001000, 0.0801985900, 0.8354071000)
(-0.3448536000, -0.4206704000, 0.0801469600, 0.8352777000)
(-0.3447815000, -0.4205103000, 0.0801292700, 0.8353898000)
(-0.3448101000, -0.4207052000, 0.0800839900, 0.8352842000)
(-0.3448737000, -0.4205591000, 0.0802841100, 0.8353123000)
(-0.3448377000, -0.4206066000, 0.0804391100, 0.8352883000)
(-0.3450497000, -0.4203971000, 0.0803837600, 0.8353116000)
(-0.3449494000, -0.4204971000, 0.0803959500, 0.8353015000)
(-0.3451078000, -0.4204775000, 0.0804034700, 0.8352452000)
(-0.3452908000, -0.4205122000, 0.0802871500, 0.8351633000)
(-0.3453737000, -0.4203796000, 0.0802568900, 0.8351986000)
(-0.3452065000, -0.4206059000, 0.0802673900, 0.8351529000)
(-0.3451423000, -0.4203742000, 0.0802820800, 0.8352947000)
(-0.3453926000, -0.4203867000, 0.0802928400, 0.8351839000)
(-0.3449907000, -0.4204753000, 0.0803310900, 0.8353016000)
(-0.3450299000, -0.4204862000, 0.0802570800, 0.8352871000)
(-0.3450626000, -0.4204140000, 0.0803594500, 0.8353001000)
(-0.3448428000, -0.4200167000, 0.0803317300, 0.8355934000)
(-0.3450332000, -0.4213392000, 0.0804216700, 0.8348400000)
(-0.3448032000, -0.4203488000, 0.0804913100, 0.8354273000)
(-0.3450236000, -0.4204521000, 0.0804059700, 0.8352926000)
(-0.3450046000, -0.4204815000, 0.0803047100, 0.8352954000)
(-0.3452667000, -0.4204939000, 0.0802982400, 0.8351814000)
(-0.3456143000, -0.4206285000, 0.0804664000, 0.8349537000)
(-0.3457886000, -0.4207200000, 0.0804857300, 0.8348335000)
(-0.3460530000, -0.4209526000, 0.0805743300, 0.8345981000)
(-0.3459125000, -0.4207920000, 0.0803324400, 0.8347607000)
(-0.3461490000, -0.4209308000, 0.0804388000, 0.8345824000)
(-0.3459734000, -0.4209644000, 0.0803676500, 0.8346451000)
(-0.3458397000, -0.4208702000, 0.0804305600, 0.8347420000)
(-0.3453469000, -0.4209157000, 0.0803285000, 0.8349329000)
(-0.3453408000, -0.4210706000, 0.0803400700, 0.8348562000)
(-0.3448283000, -0.4207750000, 0.0803446100, 0.8352165000)
(-0.3448115000, -0.4206953000, 0.0804708200, 0.8352515000)
(-0.3445138000, -0.4204333000, 0.0802297400, 0.8355294000)
(-0.3445386000, -0.4205784000, 0.0803970900, 0.8354300000)
(-0.3444308000, -0.4202446000, 0.0802802500, 0.8356537000)
(-0.3446479000, -0.4203747000, 0.0803449900, 0.8354924000)
(-0.3448996000, -0.4206065000, 0.0803491100, 0.8352715000)
(-0.3452859000, -0.4207174000, 0.0805120800, 0.8350403000)
(-0.3453310000, -0.4208752000, 0.0805061100, 0.8349428000)
(-0.3455909000, -0.4209808000, 0.0804462700, 0.8347877000)
(-0.3460949000, -0.4209580000, 0.0805439700, 0.8345810000)
(-0.3460175000, -0.4210581000, 0.0807811500, 0.8345397000)
(-0.3461130000, -0.4209973000, 0.0807509900, 0.8345336000)
(-0.3461648000, -0.4212280000, 0.0803228000, 0.8344371000)
(-0.3460153000, -0.4211636000, 0.0806204000, 0.8345029000)
(-0.3458250000, -0.4209031000, 0.0805773800, 0.8347173000)
(-0.3455243000, -0.4210781000, 0.0803911000, 0.8347715000)
(-0.3452823000, -0.4208351000, 0.0804355800, 0.8349898000)
(-0.3451382000, -0.4208902000, 0.0804821800, 0.8350172000)
(-0.3451664000, -0.4209067000, 0.0804885100, 0.8349966000)
(-0.3449772000, -0.4210123000, 0.0802981500, 0.8350399000)
(-0.3450487000, -0.4208722000, 0.0803472400, 0.8350762000)
(-0.3450795000, -0.4207690000, 0.0803997300, 0.8351105000)
(-0.3453119000, -0.4204564000, 0.0802526200, 0.8351860000)
(-0.3452078000, -0.4207834000, 0.0803447400, 0.8350555000)
(-0.3451146000, -0.4207474000, 0.0804200200, 0.8351049000)
(-0.3452883000, -0.4206771000, 0.0807102700, 0.8350405000)
(-0.3448630000, -0.4209411000, 0.0805624300, 0.8350975000)
(-0.3451474000, -0.4207841000, 0.0803763000, 0.8350771000)
(-0.3451712000, -0.4206582000, 0.0801899100, 0.8351486000)
(-0.3454279000, -0.4206534000, 0.0805307600, 0.8350120000)
(-0.3457558000, -0.4208543000, 0.0805425200, 0.8347740000)
(-0.3455185000, -0.4209689000, 0.0805913800, 0.8348097000)
(-0.3453426000, -0.4211212000, 0.0805047700, 0.8348140000)
(-0.3449380000, -0.4214871000, 0.0804185900, 0.8348050000)
(-0.3452403000, -0.4212034000, 0.0804840600, 0.8348169000)
(-0.3451567000, -0.4210522000, 0.0803054400, 0.8349449000)
(-0.3449573000, -0.4208748000, 0.0801979200, 0.8351271000)
(-0.3451490000, -0.4209979000, 0.0802246500, 0.8349832000)
(-0.3452660000, -0.4209646000, 0.0802719700, 0.8349471000)
(-0.3454247000, -0.4208499000, 0.0802374900, 0.8349426000)
(-0.3451676000, -0.4210666000, 0.0802263000, 0.8349407000)
(-0.3453450000, -0.4210773000, 0.0800980600, 0.8348743000)
(-0.3453732000, -0.4210500000, 0.0801782200, 0.8348687000)
(-0.3452178000, -0.4210812000, 0.0801904500, 0.8349161000)
(-0.3454010000, -0.4212295000, 0.0803409400, 0.8347510000)
(-0.3453094000, -0.4212038000, 0.0802304800, 0.8348125000)
(-0.3453898000, -0.4211485000, 0.0802743700, 0.8348029000)
(-0.3453112000, -0.4212254000, 0.0803015500, 0.8347940000)
(-0.3452211000, -0.4210693000, 0.0800934200, 0.8349301000)
(-0.3452350000, -0.4209975000, 0.0803000900, 0.8349406000)
(-0.3451141000, -0.4209152000, 0.0799531900, 0.8350654000)
(-0.3445200000, -0.4209563000, 0.0799110800, 0.8352939000)
(-0.3446715000, -0.4210117000, 0.0800189600, 0.8351932000)
(-0.3443936000, -0.4211031000, 0.0799154200, 0.8352717000)
(-0.3448282000, -0.4208575000, 0.0799910800, 0.8352090000)
(-0.3446684000, -0.4207728000, 0.0799234300, 0.8353240000)
(-0.3445566000, -0.4208876000, 0.0800369400, 0.8353015000)
(-0.3447828000, -0.4208519000, 0.0801285800, 0.8352174000)
(-0.3448372000, -0.4208163000, 0.0800433700, 0.8352209000)
(-0.3446800000, -0.4210151000, 0.0800627800, 0.8351839000)
(-0.3446959000, -0.4209264000, 0.0801769300, 0.8352110000)
(-0.3447248000, -0.4208208000, 0.0800830600, 0.8352613000)
(-0.3448382000, -0.4209883000, 0.0799870700, 0.8351392000)
(-0.3448257000, -0.4211323000, 0.0801208400, 0.8350590000)
(-0.3451094000, -0.4209954000, 0.0803237900, 0.8349913000)
(-0.3450318000, -0.4209518000, 0.0802169300, 0.8350556000)
(-0.3452767000, -0.4208860000, 0.0804408000, 0.8349660000)
(-0.3451091000, -0.4209512000, 0.0802914600, 0.8350168000)
(-0.3451529000, -0.4210438000, 0.0802622600, 0.8349549000)
(-0.3450389000, -0.4210925000, 0.0802404100, 0.8349795000)
(-0.3450914000, -0.4210680000, 0.0804515300, 0.8349499000)
(-0.3448391000, -0.4212332000, 0.0802853600, 0.8349867000)
(-0.3446431000, -0.4213114000, 0.0802649400, 0.8350302000)
(-0.3447717000, -0.4210933000, 0.0803811900, 0.8350759000)
(-0.3447875000, -0.4211403000, 0.0803660900, 0.8350472000)
(-0.3450494000, -0.4209192000, 0.0803533200, 0.8350517000)
(-0.3447810000, -0.4211253000, 0.0802102800, 0.8350724000)
(-0.3448454000, -0.4210573000, 0.0803133300, 0.8350702000)
(-0.3446614000, -0.4212050000, 0.0800339600, 0.8350985000)
(-0.3446599000, -0.4213349000, 0.0801579600, 0.8350217000)
(-0.3445724000, -0.4211450000, 0.0804149700, 0.8351288000)
(-0.3444313000, -0.4211950000, 0.0803885600, 0.8351644000)
(-0.3446185000, -0.4210143000, 0.0802894500, 0.8351878000)
(-0.3448691000, -0.4209637000, 0.0803988200, 0.8350993000)
(-0.3449492000, -0.4209625000, 0.0803975200, 0.8350670000)
(-0.3448405000, -0.4208277000, 0.0803962600, 0.8351799000)
(-0.3452265000, -0.4208346000, 0.0805472400, 0.8350024000)
(-0.3450536000, -0.4207833000, 0.0805766400, 0.8350969000)
(-0.3453555000, -0.4208950000, 0.0806179400, 0.8349118000)
(-0.3451801000, -0.4206958000, 0.0806535700, 0.8350813000)
(-0.3453045000, -0.4205916000, 0.0807844500, 0.8350698000)
(-0.3452079000, -0.4206433000, 0.0807983800, 0.8350822000)
(-0.3451585000, -0.4205900000, 0.0803989800, 0.8351681000)
(-0.3449749000, -0.4203833000, 0.0804211600, 0.8353458000)
(-0.3455098000, -0.4205063000, 0.0806268900, 0.8350430000)
(-0.3455198000, -0.4201680000, 0.0805088800, 0.8352205000)
(-0.3458251000, -0.4203410000, 0.0807162200, 0.8349870000)
(-0.3456575000, -0.4201761000, 0.0806709500, 0.8351438000)
(-0.3456156000, -0.4202634000, 0.0810989600, 0.8350757000)
(-0.3460492000, -0.4202437000, 0.0810152700, 0.8349141000)
(-0.3462708000, -0.4203127000, 0.0809778900, 0.8347912000)
(-0.3462098000, -0.4200328000, 0.0810411000, 0.8349512000)
(-0.3462031000, -0.4203719000, 0.0810301500, 0.8347844000)
(-0.3461555000, -0.4202602000, 0.0810813500, 0.8348554000)
(-0.3460234000, -0.4204720000, 0.0809237500, 0.8348189000)
(-0.3462916000, -0.4204451000, 0.0808176800, 0.8347315000)
(-0.3459876000, -0.4203838000, 0.0807727600, 0.8348927000)
(-0.3461829000, -0.4206212000, 0.0806674400, 0.8347023000)
(-0.3456723000, -0.4206588000, 0.0804616000, 0.8349148000)
(-0.3456949000, -0.4202073000, 0.0808115700, 0.8350990000)
(-0.3459710000, -0.4211020000, 0.0807086800, 0.8345438000)
(-0.3461970000, -0.4203783000, 0.0809748700, 0.8347892000)
(-0.3464550000, -0.4203317000, 0.0807825600, 0.8347242000)
(-0.3459883000, -0.4208018000, 0.0808969000, 0.8346698000)
(-0.3459272000, -0.4201234000, 0.0808509700, 0.8350412000)
(-0.3458917000, -0.4204860000, 0.0807912000, 0.8348792000)
(-0.3461098000, -0.4202866000, 0.0809253200, 0.8348762000)
(-0.3461809000, -0.4201629000, 0.0808293000, 0.8349183000)
(-0.3461061000, -0.4203787000, 0.0809019200, 0.8348336000)
(-0.3459370000, -0.4196013000, 0.0810100600, 0.8352842000)
(-0.3457392000, -0.4205604000, 0.0805565600, 0.8349275000)
(-0.3456039000, -0.4197423000, 0.0805071300, 0.8353999000)
(-0.3459934000, -0.4196970000, 0.0807474500, 0.8352382000)
(-0.3458466000, -0.4202351000, 0.0806533000, 0.8350376000)
(-0.3459399000, -0.4197169000, 0.0807760600, 0.8352476000)
(-0.3456699000, -0.4197201000, 0.0805254100, 0.8353820000)
(-0.3456329000, -0.4198266000, 0.0804857100, 0.8353476000)
(-0.3454704000, -0.4199873000, 0.0803647300, 0.8353457000)
(-0.3456830000, -0.4198596000, 0.0805136000, 0.8353075000)
(-0.3456069000, -0.4201497000, 0.0807417900, 0.8351712000)
(-0.3456648000, -0.4199081000, 0.0807474800, 0.8352682000)
(-0.3455958000, -0.4200864000, 0.0806049900, 0.8352208000)
(-0.3454969000, -0.4202898000, 0.0805764500, 0.8351622000)
(-0.3454994000, -0.4203340000, 0.0804939100, 0.8351468000)
(-0.3455977000, -0.4203422000, 0.0805186300, 0.8350996000)
(-0.3455029000, -0.4203330000, 0.0803705600, 0.8351578000)
(-0.3453704000, -0.4203132000, 0.0805664000, 0.8352037000)
(-0.3455669000, -0.4205264000, 0.0806143000, 0.8350104000)
(-0.3454039000, -0.4206334000, 0.0805035600, 0.8350347000)
(-0.3453197000, -0.4205305000, 0.0804464300, 0.8351268000)
(-0.3454680000, -0.4204654000, 0.0804609400, 0.8350968000)
(-0.3450639000, -0.4203738000, 0.0805540800, 0.8353010000)
(-0.3454234000, -0.4203713000, 0.0805557400, 0.8351536000)
(-0.3452610000, -0.4204114000, 0.0806233200, 0.8351940000)
(-0.3450592000, -0.4202993000, 0.0803282000, 0.8353622000)
(-0.3449829000, -0.4204490000, 0.0803831400, 0.8353131000)
(-0.3450474000, -0.4203964000, 0.0804704100, 0.8353046000)
(-0.3450612000, -0.4204829000, 0.0806274300, 0.8352402000)
(-0.3444736000, -0.4204395000, 0.0804378200, 0.8355228000)
(-0.3452178000, -0.4210192000, 0.0807308600, 0.8348953000)
(-0.3445903000, -0.4204704000, 0.0803457600, 0.8354680000)
(-0.3447364000, -0.4209029000, 0.0803208000, 0.8351923000)
(-0.3445364000, -0.4207566000, 0.0804064300, 0.8353403000)
(-0.3449493000, -0.4206637000, 0.0804917600, 0.8352084000)
(-0.3448444000, -0.4210371000, 0.0804048100, 0.8350719000)
(-0.3450889000, -0.4208449000, 0.0807024800, 0.8350392000)
(-0.3450631000, -0.4206908000, 0.0803298800, 0.8351634000)
(-0.3450814000, -0.4207746000, 0.0803044200, 0.8351161000)
(-0.3449446000, -0.4206386000, 0.0804594900, 0.8352261000)
(-0.3447897000, -0.4201857000, 0.0801828200, 0.8355446000)
(-0.3445015000, -0.4209790000, 0.0800993300, 0.8352721000)
(-0.3446634000, -0.4210238000, 0.0805209600, 0.8351423000)
(-0.3451088000, -0.4207830000, 0.0805571500, 0.8350761000)
(-0.3448025000, -0.4210849000, 0.0803062800, 0.8350747000)
(-0.3449072000, -0.4206015000, 0.0806505500, 0.8352419000)
(-0.3447616000, -0.4207190000, 0.0803285800, 0.8352738000)
(-0.3449110000, -0.4207454000, 0.0802190800, 0.8352093000)
(-0.3448251000, -0.4205433000, 0.0804218300, 0.8353271000)
(-0.3447030000, -0.4208336000, 0.0802808500, 0.8352448000)
(-0.3445430000, -0.4206278000, 0.0803216500, 0.8354105000)
(-0.3445133000, -0.4206870000, 0.0802798400, 0.8353970000)
(-0.3441397000, -0.4205893000, 0.0800934700, 0.8356181000)
(-0.3441515000, -0.4205843000, 0.0800657900, 0.8356184000)
(-0.3440885000, -0.4206829000, 0.0800274200, 0.8355984000)
(-0.3435574000, -0.4206287000, 0.0799647300, 0.8358502000)
(-0.3439414000, -0.4207229000, 0.0798921500, 0.8356518000)
(-0.3438398000, -0.4207950000, 0.0798241300, 0.8356638000)
(-0.3435197000, -0.4207716000, 0.0799319600, 0.8357968000)
(-0.3434285000, -0.4208317000, 0.0795638600, 0.8358392000)
(-0.3434936000, -0.4208348000, 0.0796459300, 0.8358031000)
(-0.3431232000, -0.4208892000, 0.0794133500, 0.8359500000)
(-0.3433378000, -0.4209582000, 0.0795119400, 0.8358177000)
(-0.3434513000, -0.4210922000, 0.0795686600, 0.8356982000)
(-0.3435926000, -0.4208694000, 0.0796439100, 0.8357452000)
(-0.3437469000, -0.4207362000, 0.0797180900, 0.8357417000)
(-0.3441287000, -0.4209142000, 0.0798015100, 0.8354869000)
(-0.3440441000, -0.4207492000, 0.0798521100, 0.8356000000)
(-0.3444063000, -0.4209122000, 0.0800799700, 0.8353469000)
(-0.3442855000, -0.4209386000, 0.0798919900, 0.8354014000)
(-0.3444182000, -0.4208989000, 0.0798694000, 0.8353689000)
(-0.3444604000, -0.4207818000, 0.0799883200, 0.8353991000)
(-0.3445057000, -0.4209402000, 0.0798603100, 0.8353128000)
(-0.3445552000, -0.4209949000, 0.0800408300, 0.8352476000)
(-0.3444910000, -0.4208769000, 0.0801673100, 0.8353214000)
(-0.3444144000, -0.4210360000, 0.0800138000, 0.8352875000)
(-0.3439549000, -0.4208679000, 0.0798842000, 0.8355739000)
(-0.3439947000, -0.4211058000, 0.0797592600, 0.8354496000)
(-0.3437019000, -0.4210432000, 0.0796687200, 0.8356103000)
(-0.3437675000, -0.4210042000, 0.0797184800, 0.8355982000)
(-0.3436366000, -0.4210142000, 0.0797004300, 0.8356487000)
(-0.3435501000, -0.4209483000, 0.0795898200, 0.8357280000)
(-0.3434852000, -0.4210352000, 0.0794331100, 0.8357258000)
(-0.3432827000, -0.4209890000, 0.0795434900, 0.8358218000)
(-0.3433679000, -0.4211899000, 0.0796007400, 0.8356801000)
(-0.3434076000, -0.4211403000, 0.0794340600, 0.8357047000)
(-0.3433658000, -0.4208853000, 0.0795896600, 0.8358356000)
(-0.3434581000, -0.4210396000, 0.0793634800, 0.8357413000)
(-0.3432960000, -0.4211365000, 0.0795759600, 0.8357390000)
(-0.3432916000, -0.4210254000, 0.0794580100, 0.8358080000)
(-0.3431829000, -0.4209084000, 0.0794314700, 0.8359141000)
(-0.3432220000, -0.4209664000, 0.0793805300, 0.8358737000)
(-0.3433851000, -0.4208452000, 0.0795209000, 0.8358544000)
(-0.3434964000, -0.4209101000, 0.0794296200, 0.8357846000)
(-0.3431262000, -0.4210910000, 0.0794227000, 0.8358462000)
(-0.3433421000, -0.4209217000, 0.0796776600, 0.8358185000)
(-0.3432075000, -0.4209598000, 0.0795471700, 0.8358670000)
(-0.3434403000, -0.4208454000, 0.0794519200, 0.8358381000)
(-0.3434162000, -0.4209761000, 0.0795741800, 0.8357705000)
(-0.3432676000, -0.4208927000, 0.0794852000, 0.8358821000)
(-0.3435002000, -0.4211076000, 0.0795138700, 0.8356755000)
(-0.3433061000, -0.4208350000, 0.0795263400, 0.8358914000)
(-0.3433040000, -0.4207836000, 0.0795663800, 0.8359143000)
(-0.3431997000, -0.4209442000, 0.0794754200, 0.8358849000)
(-0.3433858000, -0.4208050000, 0.0796293800, 0.8358639000)
(-0.3432332000, -0.4207936000, 0.0795084500, 0.8359438000)
(-0.3434330000, -0.4208241000, 0.0796619700, 0.8358318000)
(-0.3432448000, -0.4208870000, 0.0798678600, 0.8358579000)
(-0.3434111000, -0.4207760000, 0.0796470600, 0.8358665000)
(-0.3433842000, -0.4207038000, 0.0796670500, 0.8359119000)
(-0.3435879000, -0.4207123000, 0.0797442300, 0.8358166000)
(-0.3434407000, -0.4208263000, 0.0798010100, 0.8358144000)
(-0.3435132000, -0.4207325000, 0.0797049300, 0.8358409000)
(-0.3434353000, -0.4206346000, 0.0797318400, 0.8359196000)
(-0.3433286000, -0.4205629000, 0.0800186600, 0.8359721000)
(-0.3435759000, -0.4206516000, 0.0796751800, 0.8358586000)
(-0.3435483000, -0.4205881000, 0.0797515700, 0.8358947000)
(-0.3433507000, -0.4206138000, 0.0796659300, 0.8359711000)
(-0.3433919000, -0.4205742000, 0.0796408500, 0.8359765000)
(-0.3433922000, -0.4205541000, 0.0797118500, 0.8359797000)
(-0.3434654000, -0.4206966000, 0.0796057500, 0.8358881000)
(-0.3434142000, -0.4205948000, 0.0796261400, 0.8359584000)
(-0.3434582000, -0.4205114000, 0.0796010200, 0.8359846000)
(-0.3433975000, -0.4206316000, 0.0795803500, 0.8359511000)
(-0.3434454000, -0.4205233000, 0.0797252000, 0.8359721000)
(-0.3434829000, -0.4205739000, 0.0796784200, 0.8359357000)
(-0.3435358000, -0.4205156000, 0.0797029100, 0.8359410000)
(-0.3436410000, -0.4204446000, 0.0799652600, 0.8359084000)
(-0.3436265000, -0.4204718000, 0.0797120100, 0.8359249000)
(-0.3437749000, -0.4204145000, 0.0798307400, 0.8358813000)
(-0.3438744000, -0.4205045000, 0.0797835800, 0.8357996000)
(-0.3439177000, -0.4205679000, 0.0797438800, 0.8357537000)
(-0.3439622000, -0.4205283000, 0.0799018800, 0.8357402000)
(-0.3441416000, -0.4205268000, 0.0798802200, 0.8356692000)
(-0.3441379000, -0.4207533000, 0.0798280400, 0.8355616000)
(-0.3440722000, -0.4207021000, 0.0798043300, 0.8356168000)
(-0.3440312000, -0.4207485000, 0.0798998700, 0.8356012000)
(-0.3438801000, -0.4207303000, 0.0797633600, 0.8356856000)
(-0.3438483000, -0.4206692000, 0.0798317600, 0.8357229000)
(-0.3436128000, -0.4207582000, 0.0798179100, 0.8357762000)
(-0.3436094000, -0.4208083000, 0.0795562900, 0.8357773000)
(-0.3434888000, -0.4208204000, 0.0795745900, 0.8358191000)
(-0.3435388000, -0.4206631000, 0.0794654600, 0.8358881000)
(-0.3434987000, -0.4206823000, 0.0795150800, 0.8358902000)
(-0.3433860000, -0.4207114000, 0.0794991900, 0.8359234000)
(-0.3433499000, -0.4207842000, 0.0795202900, 0.8358996000)
(-0.3433251000, -0.4206889000, 0.0795389400, 0.8359560000)
(-0.3431993000, -0.4207092000, 0.0794771800, 0.8360032000)
(-0.3434148000, -0.4206818000, 0.0795654200, 0.8359201000)
(-0.3433068000, -0.4206217000, 0.0796595800, 0.8359858000)
(-0.3433583000, -0.4207383000, 0.0795692700, 0.8359146000)
(-0.3435483000, -0.4207403000, 0.0795252600, 0.8358396000)
(-0.3435456000, -0.4206563000, 0.0794994100, 0.8358855000)
(-0.3435939000, -0.4205723000, 0.0795075100, 0.8359072000)
(-0.3437123000, -0.4207737000, 0.0796694200, 0.8357417000)
(-0.3437079000, -0.4207568000, 0.0794942500, 0.8357687000)
(-0.3437652000, -0.4208341000, 0.0793896200, 0.8357162000)
(-0.3438398000, -0.4208326000, 0.0795977300, 0.8356664000)
(-0.3438382000, -0.4208056000, 0.0796793000, 0.8356729000)
(-0.3438908000, -0.4208017000, 0.0796238000, 0.8356585000)
(-0.3437552000, -0.4209025000, 0.0796133100, 0.8356646000)
(-0.3438728000, -0.4209480000, 0.0794968600, 0.8356044000)
(-0.3435854000, -0.4209753000, 0.0793393300, 0.8357238000)
(-0.3436587000, -0.4210330000, 0.0796289300, 0.8356370000)
(-0.3436242000, -0.4207707000, 0.0793653300, 0.8358083000)
(-0.3435780000, -0.4209166000, 0.0794487300, 0.8357459000)
(-0.3434739000, -0.4209755000, 0.0795268700, 0.8357517000)
(-0.3436208000, -0.4207741000, 0.0794997700, 0.8357952000)
(-0.3434191000, -0.4208373000, 0.0795081500, 0.8358455000)
(-0.3433934000, -0.4208262000, 0.0795051000, 0.8358620000)
(-0.3432254000, -0.4208827000, 0.0796243100, 0.8358912000)
(-0.3435984000, -0.4207971000, 0.0795001200, 0.8357928000)
(-0.3436112000, -0.4209032000, 0.0795259500, 0.8357317000)
(-0.3437797000, -0.4206010000, 0.0797589500, 0.8357923000)
(-0.3438119000, -0.4206064000, 0.0797976100, 0.8357727000)
(-0.3439195000, -0.4206585000, 0.0796844700, 0.8357130000)
(-0.3442188000, -0.4205787000, 0.0798668000, 0.8356125000)
(-0.3440667000, -0.4205941000, 0.0798285000, 0.8356711000)
(-0.3441024000, -0.4206698000, 0.0798427100, 0.8356169000)
(-0.3440829000, -0.4206340000, 0.0799532200, 0.8356324000)
(-0.3439579000, -0.4207442000, 0.0799739400, 0.8356264000)
(-0.3440187000, -0.4205994000, 0.0798718200, 0.8356840000)
(-0.3440118000, -0.4205814000, 0.0800202500, 0.8356817000)
(-0.3439398000, -0.4205970000, 0.0800480500, 0.8357008000)
(-0.3440261000, -0.4207164000, 0.0798842500, 0.8356209000)
(-0.3440509000, -0.4206065000, 0.0800170700, 0.8356533000)
(-0.3439805000, -0.4207170000, 0.0801605600, 0.8356130000)
(-0.3440273000, -0.4207620000, 0.0799462100, 0.8355916000)
(-0.3440440000, -0.4207083000, 0.0800364200, 0.8356031000)
(-0.3440093000, -0.4207442000, 0.0799650100, 0.8356061000)
(-0.3441351000, -0.4207917000, 0.0799649600, 0.8355303000)
(-0.3441364000, -0.4207401000, 0.0800504800, 0.8355477000)
(-0.3440962000, -0.4207657000, 0.0800779100, 0.8355487000)
(-0.3441243000, -0.4206795000, 0.0799535500, 0.8355924000)
(-0.3442699000, -0.4206815000, 0.0803014400, 0.8354980000)
(-0.3443928000, -0.4207177000, 0.0800883800, 0.8354496000)
(-0.3444301000, -0.4207610000, 0.0799355700, 0.8354271000)
(-0.3443335000, -0.4207556000, 0.0801553300, 0.8354486000)
(-0.3442091000, -0.4208520000, 0.0800296700, 0.8354633000)
(-0.3443505000, -0.4206926000, 0.0800311000, 0.8354853000)
(-0.3443458000, -0.4208213000, 0.0800549200, 0.8354200000)
(-0.3443836000, -0.4207665000, 0.0799393600, 0.8354431000)
(-0.3443236000, -0.4209035000, 0.0799150800, 0.8354012000)
(-0.3442971000, -0.4208519000, 0.0800235900, 0.8354277000)
(-0.3443189000, -0.4208473000, 0.0799949900, 0.8354238000)
(-0.3441634000, -0.4208109000, 0.0799036800, 0.8355149000)
(-0.3443390000, -0.4208819000, 0.0799953900, 0.8353980000)
(-0.3443707000, -0.4208317000, 0.0799521100, 0.8354144000)
(-0.3444507000, -0.4208819000, 0.0800049600, 0.8353510000)
(-0.3445503000, -0.4209142000, 0.0801145200, 0.8352832000)
(-0.3446441000, -0.4210193000, 0.0801805200, 0.8351852000)
(-0.3445536000, -0.4208264000, 0.0800320100, 0.8353340000)
(-0.3445986000, -0.4209639000, 0.0800918900, 0.8352404000)
(-0.3447580000, -0.4206995000, 0.0801443800, 0.8353027000)
(-0.3448375000, -0.4208309000, 0.0802801500, 0.8351907000)
(-0.3449306000, -0.4208232000, 0.0802274000, 0.8351613000)
(-0.3449001000, -0.4208096000, 0.0801476500, 0.8351883000)
(-0.3449567000, -0.4208465000, 0.0802742200, 0.8351343000)
(-0.3448508000, -0.4208863000, 0.0803913000, 0.8351467000)
(-0.3446547000, -0.4208378000, 0.0803951400, 0.8352517000)
(-0.3448247000, -0.4208120000, 0.0802408500, 0.8352093000)
(-0.3447267000, -0.4207732000, 0.0803239400, 0.8352613000)
(-0.3444773000, -0.4208128000, 0.0803294500, 0.8353438000)
(-0.3444553000, -0.4208987000, 0.0801610400, 0.8353257000)
(-0.3445324000, -0.4208317000, 0.0801581000, 0.8353280000)
(-0.3443437000, -0.4210103000, 0.0803282800, 0.8352994000)
(-0.3446238000, -0.4209511000, 0.0802019000, 0.8352259000)
(-0.3446103000, -0.4209125000, 0.0802564700, 0.8352457000)
(-0.3446754000, -0.4208018000, 0.0802063900, 0.8352794000)
(-0.3447530000, -0.4208087000, 0.0803514000, 0.8352300000)
(-0.3447021000, -0.4208149000, 0.0802472200, 0.8352578000)
(-0.3447819000, -0.4209018000, 0.0801455500, 0.8351909000)
(-0.3447573000, -0.4208698000, 0.0802048100, 0.8352115000)
(-0.3447420000, -0.4208349000, 0.0803104600, 0.8352252000)
(-0.3448058000, -0.4209058000, 0.0802453800, 0.8351694000)
(-0.3449600000, -0.4208740000, 0.0803685200, 0.8351099000)
(-0.3447600000, -0.4208300000, 0.0803564100, 0.8352159000)
(-0.3448742000, -0.4208692000, 0.0802392100, 0.8351602000)
(-0.3450185000, -0.4209838000, 0.0803169300, 0.8350354000)
(-0.3447680000, -0.4209599000, 0.0801985800, 0.8351623000)
(-0.3447551000, -0.4209348000, 0.0801303200, 0.8351868000)
(-0.3447118000, -0.4208587000, 0.0802700800, 0.8352296000)
(-0.3445895000, -0.4210066000, 0.0802488000, 0.8352075000)
(-0.3446438000, -0.4208840000, 0.0800924500, 0.8352620000)
(-0.3444795000, -0.4209820000, 0.0800827900, 0.8352813000)
(-0.3444557000, -0.4209079000, 0.0801641800, 0.8353206000)
(-0.3444912000, -0.4209936000, 0.0802697400, 0.8352526000)
(-0.3444727000, -0.4208292000, 0.0801973300, 0.8353502000)
(-0.3444854000, -0.4210145000, 0.0803116000, 0.8352404000)
(-0.3444292000, -0.4209574000, 0.0801394500, 0.8353090000)
(-0.3444116000, -0.4208435000, 0.0800916300, 0.8353782000)
(-0.3444883000, -0.4207494000, 0.0803914900, 0.8353652000)
(-0.3445674000, -0.4209505000, 0.0800689700, 0.8352622000)
(-0.3444632000, -0.4208984000, 0.0801873000, 0.8353201000)
(-0.3446919000, -0.4207886000, 0.0801568500, 0.8352840000)
(-0.3445659000, -0.4208144000, 0.0800698300, 0.8353314000)
(-0.3446645000, -0.4208814000, 0.0800252000, 0.8352612000)
(-0.3445404000, -0.4209141000, 0.0801764100, 0.8352814000)
(-0.3447861000, -0.4207846000, 0.0801575100, 0.8352471000)
(-0.3446423000, -0.4208374000, 0.0800305800, 0.8352920000)
(-0.3446875000, -0.4207457000, 0.0801226900, 0.8353108000)
(-0.3446988000, -0.4207668000, 0.0801149000, 0.8352962000)
(-0.3446810000, -0.4207966000, 0.0802657800, 0.8352740000)
(-0.3448237000, -0.4207863000, 0.0803418100, 0.8352130000)
(-0.3447649000, -0.4208001000, 0.0801618400, 0.8352476000)
(-0.3447610000, -0.4206917000, 0.0800860500, 0.8353111000)
(-0.3447404000, -0.4207641000, 0.0801530600, 0.8352767000)
(-0.3445753000, -0.4206613000, 0.0801890200, 0.8353931000)
(-0.3447235000, -0.4206563000, 0.0801875600, 0.8353347000)
(-0.3448068000, -0.4207494000, 0.0802897400, 0.8352436000)
(-0.3447910000, -0.4208449000, 0.0802429000, 0.8352064000)
(-0.3448640000, -0.4208343000, 0.0802175100, 0.8351842000)
(-0.3446797000, -0.4206653000, 0.0801968000, 0.8353473000)
(-0.3447531000, -0.4205930000, 0.0800310800, 0.8353693000)
(-0.3447933000, -0.4207357000, 0.0801929800, 0.8352653000)
(-0.3450151000, -0.4207079000, 0.0801644200, 0.8351905000)
(-0.3449773000, -0.4209024000, 0.0801142100, 0.8351129000)
(-0.3448141000, -0.4208645000, 0.0801445800, 0.8351966000)
(-0.3452001000, -0.4208046000, 0.0802671700, 0.8350555000)
(-0.3447846000, -0.4208317000, 0.0802004700, 0.8352198000)
(-0.3448351000, -0.4207605000, 0.0801293800, 0.8352417000)
(-0.3448727000, -0.4208355000, 0.0801104600, 0.8351902000)
(-0.3446773000, -0.4208282000, 0.0801863400, 0.8352672000)
(-0.3446496000, -0.4207245000, 0.0800391600, 0.8353450000)
(-0.3446700000, -0.4207435000, 0.0801273500, 0.8353186000)
(-0.3447025000, -0.4207866000, 0.0801958100, 0.8352770000)
(-0.3447975000, -0.4208424000, 0.0800750000, 0.8352212000)
(-0.3450959000, -0.4208114000, 0.0802247200, 0.8350992000)
(-0.3448639000, -0.4208009000, 0.0801278800, 0.8352096000)
(-0.3448459000, -0.4207867000, 0.0802486700, 0.8352126000)
(-0.3449160000, -0.4208175000, 0.0801582100, 0.8351768000)
(-0.3449572000, -0.4207640000, 0.0803152500, 0.8351717000)
(-0.3450432000, -0.4207954000, 0.0802422000, 0.8351274000)
(-0.3448453000, -0.4208864000, 0.0803844800, 0.8351496000)
(-0.3448915000, -0.4208265000, 0.0801446200, 0.8351837000)
(-0.3448915000, -0.4209781000, 0.0803320500, 0.8350893000)
(-0.3448920000, -0.4208513000, 0.0801616300, 0.8351693000)
(-0.3447941000, -0.4208075000, 0.0800137400, 0.8352460000)
(-0.3449079000, -0.4208164000, 0.0801381100, 0.8351826000)
(-0.3449256000, -0.4209785000, 0.0801763600, 0.8350899000)
(-0.3449685000, -0.4208697000, 0.0801372800, 0.8351308000)
(-0.3451323000, -0.4209004000, 0.0800321500, 0.8350577000)
(-0.3450840000, -0.4207495000, 0.0801692300, 0.8351406000)
(-0.3449516000, -0.4209676000, 0.0802473300, 0.8350779000)
(-0.3450380000, -0.4208024000, 0.0802244200, 0.8351277000)
(-0.3451506000, -0.4206302000, 0.0801845200, 0.8351718000)
(-0.3449458000, -0.4208301000, 0.0801289100, 0.8351610000)
(-0.3450341000, -0.4208282000, 0.0802569800, 0.8351131000)
(-0.3450314000, -0.4209128000, 0.0801516400, 0.8350817000)
(-0.3449088000, -0.4207618000, 0.0801104600, 0.8352124000)
(-0.3448988000, -0.4208740000, 0.0801734800, 0.8351539000)
(-0.3449363000, -0.4207639000, 0.0800480800, 0.8352060000)
(-0.3449665000, -0.4209221000, 0.0802416800, 0.8350952000)
(-0.3449259000, -0.4207681000, 0.0801145500, 0.8352017000)
(-0.3449956000, -0.4208357000, 0.0803611100, 0.8351153000)
(-0.3450634000, -0.4209257000, 0.0803714500, 0.8350409000)
(-0.3449678000, -0.4208558000, 0.0802107000, 0.8351310000)
(-0.3451009000, -0.4208059000, 0.0801183000, 0.8351101000)
(-0.3452905000, -0.4206995000, 0.0803132300, 0.8350666000)
(-0.3450585000, -0.4209132000, 0.0801806700, 0.8350676000)
(-0.3449986000, -0.4210368000, 0.0801662800, 0.8350313000)
(-0.3450648000, -0.4207922000, 0.0802509300, 0.8351192000)
(-0.3450657000, -0.4207470000, 0.0800977700, 0.8351563000)
(-0.3448500000, -0.4208648000, 0.0803095100, 0.8351657000)
(-0.3450665000, -0.4208851000, 0.0802388500, 0.8350728000)
(-0.3450551000, -0.4210406000, 0.0801489400, 0.8350078000)
(-0.3450652000, -0.4209648000, 0.0801367000, 0.8350430000)
(-0.3449905000, -0.4208687000, 0.0801454300, 0.8351215000)
(-0.3450406000, -0.4207694000, 0.0802364300, 0.8351421000)
(-0.3449417000, -0.4208255000, 0.0801953400, 0.8351586000)
(-0.3449394000, -0.4209315000, 0.0801619400, 0.8351093000)
(-0.3450843000, -0.4207684000, 0.0801605600, 0.8351318000)
(-0.3450964000, -0.4208308000, 0.0802892800, 0.8350829000)
(-0.3452332000, -0.4208835000, 0.0801559200, 0.8350127000)
(-0.3451458000, -0.4208958000, 0.0802234600, 0.8350361000)
(-0.3450696000, -0.4209953000, 0.0803309800, 0.8350071000)
(-0.3450420000, -0.4209391000, 0.0802437300, 0.8350552000)
(-0.3449882000, -0.4209349000, 0.0801915400, 0.8350846000)
(-0.3448246000, -0.4208254000, 0.0803126400, 0.8351957000)
(-0.3449861000, -0.4208690000, 0.0802677800, 0.8351114000)
(-0.3450908000, -0.4209181000, 0.0802801000, 0.8350421000)
(-0.3449693000, -0.4208993000, 0.0801789200, 0.8351116000)
(-0.3450823000, -0.4208941000, 0.0801810200, 0.8350673000)
(-0.3449827000, -0.4209250000, 0.0801685000, 0.8350940000)
(-0.3450018000, -0.4209992000, 0.0802627200, 0.8350397000)
(-0.3449543000, -0.4206947000, 0.0803379800, 0.8352056000)
(-0.3449220000, -0.4208382000, 0.0800907300, 0.8351703000)
(-0.3449373000, -0.4208618000, 0.0802484700, 0.8351371000)
(-0.3450396000, -0.4207301000, 0.0802072100, 0.8351651000)
(-0.3451699000, -0.4208323000, 0.0800896000, 0.8350710000)
(-0.3450430000, -0.4209668000, 0.0801922000, 0.8350458000)
(-0.3449589000, -0.4209270000, 0.0801749500, 0.8351023000)
(-0.3451456000, -0.4208924000, 0.0801494500, 0.8350450000)
(-0.3450890000, -0.4210531000, 0.0801238200, 0.8349899000)
(-0.3448059000, -0.4209445000, 0.0802681700, 0.8351476000)
(-0.3449456000, -0.4209522000, 0.0802205300, 0.8350907000)
(-0.3447914000, -0.4209134000, 0.0802040800, 0.8351756000)
(-0.3448694000, -0.4209010000, 0.0801438900, 0.8351553000)
(-0.3448294000, -0.4208477000, 0.0802881400, 0.8351849000)
(-0.3449067000, -0.4208574000, 0.0802197400, 0.8351546000)
(-0.3449236000, -0.4209148000, 0.0802336600, 0.8351174000)
(-0.3450054000, -0.4208686000, 0.0803598800, 0.8350947000)
(-0.3450437000, -0.4209507000, 0.0803601700, 0.8350375000)
(-0.3449892000, -0.4209121000, 0.0802232000, 0.8350927000)
(-0.3449384000, -0.4210365000, 0.0802752100, 0.8350459000)
(-0.3449570000, -0.4209278000, 0.0802297200, 0.8350974000)
(-0.3449007000, -0.4209281000, 0.0799961400, 0.8351429000)
(-0.3449481000, -0.4210375000, 0.0802739000, 0.8350416000)
(-0.3450365000, -0.4210355000, 0.0802075500, 0.8350124000)
(-0.3449024000, -0.4209400000, 0.0799829200, 0.8351375000)
(-0.3448974000, -0.4209991000, 0.0801693400, 0.8350919000)
(-0.3448395000, -0.4210565000, 0.0800890900, 0.8350946000)
(-0.3448458000, -0.4210641000, 0.0802439600, 0.8350732000)
(-0.3448350000, -0.4210080000, 0.0801800800, 0.8351121000)
(-0.3448530000, -0.4209051000, 0.0801089400, 0.8351634000)
(-0.3449658000, -0.4209382000, 0.0801752100, 0.8350937000)
(-0.3449168000, -0.4210315000, 0.0802249300, 0.8350621000)
(-0.3450000000, -0.4207696000, 0.0801199200, 0.8351699000)
(-0.3448057000, -0.4209445000, 0.0801463100, 0.8351594000)
(-0.3450786000, -0.4206224000, 0.0801970100, 0.8352042000)
(-0.3448936000, -0.4208561000, 0.0801097500, 0.8351712000)
(-0.3449267000, -0.4207554000, 0.0801805600, 0.8352015000)
(-0.3449343000, -0.4208840000, 0.0800887600, 0.8351424000)
(-0.3448052000, -0.4209243000, 0.0802262900, 0.8351622000)
(-0.3449264000, -0.4207942000, 0.0801684400, 0.8351832000)
(-0.3449164000, -0.4208349000, 0.0801046300, 0.8351730000)
(-0.3451233000, -0.4208778000, 0.0802950900, 0.8350476000)
(-0.3450755000, -0.4209371000, 0.0802126800, 0.8350454000)
(-0.3450103000, -0.4210080000, 0.0802775100, 0.8350304000)
(-0.3451530000, -0.4209432000, 0.0802362700, 0.8350080000)
(-0.3451097000, -0.4210330000, 0.0801657100, 0.8349874000)
(-0.3451480000, -0.4210155000, 0.0800601100, 0.8349906000)
(-0.3450205000, -0.4209892000, 0.0800164000, 0.8350607000)
(-0.3449942000, -0.4211519000, 0.0801081000, 0.8349807000)
(-0.3453310000, -0.4209336000, 0.0799713800, 0.8349646000)
(-0.3451385000, -0.4209979000, 0.0800613500, 0.8350033000)
(-0.3450057000, -0.4210782000, 0.0801956700, 0.8350048000)
(-0.3452320000, -0.4210921000, 0.0801991100, 0.8349039000)
(-0.3449823000, -0.4211115000, 0.0800468500, 0.8350119000)
(-0.3452253000, -0.4209848000, 0.0802613100, 0.8349547000)
(-0.3452035000, -0.4210315000, 0.0802584800, 0.8349405000)
(-0.3450951000, -0.4210128000, 0.0804926000, 0.8349722000)
(-0.3450318000, -0.4207453000, 0.0804803200, 0.8351343000)
(-0.3450574000, -0.4209831000, 0.0803109900, 0.8350202000)
(-0.3450506000, -0.4208869000, 0.0802485200, 0.8350775000)
(-0.3450982000, -0.4209329000, 0.0802893500, 0.8350307000)
(-0.3449324000, -0.4209647000, 0.0802060700, 0.8350912000)
(-0.3449710000, -0.4209565000, 0.0801405200, 0.8350857000)
(-0.3451426000, -0.4210226000, 0.0801615200, 0.8349795000)
(-0.3452036000, -0.4209349000, 0.0802759000, 0.8349875000)
(-0.3451498000, -0.4208638000, 0.0803089700, 0.8350424000)
(-0.3451211000, -0.4209700000, 0.0803642600, 0.8349954000)
(-0.3450949000, -0.4210194000, 0.0802994700, 0.8349875000)
(-0.3451190000, -0.4209717000, 0.0803233500, 0.8349993000)
(-0.3449790000, -0.4209837000, 0.0802472200, 0.8350585000)
(-0.3449109000, -0.4210015000, 0.0801472500, 0.8350872000)
(-0.3450947000, -0.4211497000, 0.0804317100, 0.8349091000)
(-0.3449075000, -0.4208939000, 0.0802603800, 0.8351320000)
(-0.3451922000, -0.4209031000, 0.0800974300, 0.8350254000)
(-0.3450826000, -0.4209759000, 0.0802835700, 0.8350161000)
(-0.3450956000, -0.4210313000, 0.0803523800, 0.8349762000)
(-0.3450817000, -0.4210584000, 0.0804088400, 0.8349629000)
(-0.3450152000, -0.4208213000, 0.0803151600, 0.8351188000)
(-0.3450212000, -0.4209356000, 0.0800989200, 0.8350795000)
(-0.3450867000, -0.4208803000, 0.0803002000, 0.8350610000)
(-0.3449322000, -0.4208743000, 0.0802011000, 0.8351374000)
(-0.3448680000, -0.4208683000, 0.0802531000, 0.8351619000)
(-0.3448154000, -0.4209597000, 0.0802335100, 0.8351395000)
(-0.3449162000, -0.4208340000, 0.0801812700, 0.8351662000)
(-0.3447030000, -0.4212161000, 0.0802152500, 0.8350583000)
(-0.3449176000, -0.4209261000, 0.0801393200, 0.8351232000)
(-0.3450416000, -0.4209965000, 0.0800917300, 0.8350410000)
(-0.3449832000, -0.4209417000, 0.0801462800, 0.8350876000)
(-0.3451016000, -0.4209771000, 0.0800937500, 0.8350258000)
(-0.3451841000, -0.4210586000, 0.0802284300, 0.8349378000)
(-0.3450042000, -0.4209188000, 0.0801962100, 0.8350857000)
(-0.3450804000, -0.4209531000, 0.0800289100, 0.8350529000)
(-0.3449508000, -0.4209662000, 0.0801611200, 0.8350872000)
(-0.3449587000, -0.4209848000, 0.0803793400, 0.8350536000)
(-0.3449800000, -0.4209533000, 0.0802891000, 0.8350693000)
(-0.3448179000, -0.4210284000, 0.0801628800, 0.8351106000)
(-0.3447759000, -0.4209431000, 0.0802527000, 0.8351623000)
(-0.3448711000, -0.4210734000, 0.0800863600, 0.8350732000)
(-0.3447526000, -0.4210876000, 0.0802597000, 0.8350983000)
(-0.3447945000, -0.4210001000, 0.0802819700, 0.8351231000)
(-0.3448010000, -0.4211408000, 0.0803155200, 0.8350462000)
(-0.3449553000, -0.4210268000, 0.0802377500, 0.8350474000)
(-0.3448886000, -0.4209784000, 0.0801830400, 0.8351046000)
(-0.3448936000, -0.4210862000, 0.0802941600, 0.8350375000)
(-0.3449824000, -0.4210540000, 0.0803273100, 0.8350139000)
(-0.3448588000, -0.4210958000, 0.0801497500, 0.8350610000)
(-0.3450475000, -0.4210889000, 0.0802084700, 0.8349808000)
(-0.3451059000, -0.4211513000, 0.0803026900, 0.8349162000)
(-0.3450556000, -0.4210576000, 0.0802675800, 0.8349876000)
(-0.3450657000, -0.4211349000, 0.0801527200, 0.8349555000)
(-0.3448558000, -0.4210326000, 0.0801939300, 0.8350898000)
(-0.3450629000, -0.4211407000, 0.0801532600, 0.8349537000)
(-0.3450692000, -0.4211417000, 0.0802464200, 0.8349416000)
(-0.3448630000, -0.4212376000, 0.0802340100, 0.8349797000)
(-0.3453318000, -0.4210696000, 0.0802345800, 0.8348705000)
(-0.3450774000, -0.4211661000, 0.0803456800, 0.8349164000)
(-0.3451113000, -0.4211328000, 0.0802545500, 0.8349280000)
(-0.3451208000, -0.4210901000, 0.0801371700, 0.8349568000)
(-0.3451504000, -0.4211652000, 0.0803715900, 0.8348841000)
(-0.3451388000, -0.4212349000, 0.0802890300, 0.8348617000)
(-0.3451017000, -0.4211457000, 0.0802043500, 0.8349302000)
(-0.3450624000, -0.4210761000, 0.0802698700, 0.8349752000)
(-0.3451701000, -0.4211071000, 0.0803251500, 0.8349097000)
(-0.3448341000, -0.4212393000, 0.0801965100, 0.8349943000)
(-0.3448689000, -0.4211223000, 0.0801413200, 0.8350442000)
(-0.3449558000, -0.4211829000, 0.0800906900, 0.8349826000)
(-0.3449282000, -0.4211938000, 0.0799201400, 0.8350049000)
(-0.3449318000, -0.4212551000, 0.0800812300, 0.8349570000)
(-0.3450335000, -0.4212539000, 0.0802544000, 0.8348989000)
(-0.3449615000, -0.4212710000, 0.0802006800, 0.8349252000)
(-0.3451833000, -0.4211448000, 0.0802366100, 0.8348938000)
(-0.3450865000, -0.4211039000, 0.0802262600, 0.8349555000)
(-0.3450846000, -0.4211744000, 0.0803122400, 0.8349124000)
(-0.3449859000, -0.4211491000, 0.0801587500, 0.8349807000)
(-0.3451883000, -0.4211732000, 0.0801998200, 0.8348810000)
(-0.3451566000, -0.4212962000, 0.0802865600, 0.8348237000)
(-0.3451197000, -0.4211169000, 0.0803757100, 0.8349208000)
(-0.3449928000, -0.4210351000, 0.0804058800, 0.8350116000)
(-0.3452077000, -0.4211857000, 0.0802365700, 0.8348631000)
(-0.3451331000, -0.4211611000, 0.0803017100, 0.8349001000)
(-0.3451706000, -0.4210958000, 0.0802323200, 0.8349242000)
(-0.3450929000, -0.4211888000, 0.0801819900, 0.8349142000)
(-0.3451823000, -0.4211169000, 0.0802235000, 0.8349096000)
(-0.3451758000, -0.4212009000, 0.0803563500, 0.8348570000)
(-0.3452294000, -0.4209993000, 0.0802648200, 0.8349454000)
(-0.3451674000, -0.4212511000, 0.0802624500, 0.8348443000)
(-0.3451811000, -0.4211631000, 0.0802411300, 0.8348851000)
(-0.3453420000, -0.4210673000, 0.0802498400, 0.8348659000)
(-0.3451888000, -0.4211915000, 0.0803206600, 0.8348598000)
(-0.3451934000, -0.4210397000, 0.0802438200, 0.8349419000)
(-0.3450990000, -0.4212458000, 0.0803559600, 0.8348662000)
(-0.3451689000, -0.4210728000, 0.0803864600, 0.8349216000)
(-0.3450210000, -0.4209954000, 0.0802237200, 0.8350375000)
(-0.3451985000, -0.4211781000, 0.0804551100, 0.8348497000)
(-0.3451515000, -0.4211739000, 0.0803616900, 0.8348803000)
(-0.3450529000, -0.4210601000, 0.0803799800, 0.8349766000)
(-0.3449679000, -0.4211410000, 0.0803533600, 0.8349735000)
(-0.3450269000, -0.4211075000, 0.0801857000, 0.8349822000)
(-0.3450318000, -0.4210665000, 0.0803343400, 0.8349865000)
(-0.3450338000, -0.4211439000, 0.0801996400, 0.8349596000)
(-0.3450777000, -0.4210303000, 0.0802917300, 0.8349899000)
(-0.3450172000, -0.4210486000, 0.0802078500, 0.8350137000)
(-0.3449706000, -0.4210811000, 0.0802394600, 0.8350136000)
(-0.3448886000, -0.4210022000, 0.0804597900, 0.8350660000)
(-0.3447753000, -0.4210990000, 0.0803376100, 0.8350757000)
(-0.3447470000, -0.4210500000, 0.0802911300, 0.8351166000)
(-0.3449011000, -0.4209127000, 0.0801903800, 0.8351318000)
(-0.3449255000, -0.4209390000, 0.0801689000, 0.8351106000)
(-0.3449014000, -0.4211030000, 0.0802143200, 0.8350335000)
(-0.3450383000, -0.4210336000, 0.0803162800, 0.8350022000)
(-0.3450541000, -0.4210699000, 0.0802278600, 0.8349858000)
(-0.3449933000, -0.4212964000, 0.0802498100, 0.8348946000)
(-0.3450123000, -0.4211809000, 0.0802969300, 0.8349404000)
(-0.3450663000, -0.4210394000, 0.0803128300, 0.8349881000)
(-0.3450734000, -0.4210173000, 0.0803674500, 0.8349910000)
(-0.3451484000, -0.4211773000, 0.0804579000, 0.8348706000)
(-0.3450601000, -0.4210490000, 0.0804095600, 0.8349764000)
(-0.3450811000, -0.4209949000, 0.0803773000, 0.8349981000)
(-0.3451135000, -0.4210881000, 0.0803475700, 0.8349406000)
(-0.3452016000, -0.4211241000, 0.0803281600, 0.8348879000)
(-0.3450465000, -0.4209683000, 0.0804800300, 0.8350159000)
(-0.3450672000, -0.4210077000, 0.0802603700, 0.8350086000)
(-0.3450091000, -0.4210576000, 0.0803567500, 0.8349983000)
(-0.3449501000, -0.4210653000, 0.0802881300, 0.8350253000)
(-0.3449170000, -0.4210151000, 0.0803232500, 0.8350610000)
(-0.3451804000, -0.4209976000, 0.0803085700, 0.8349623000)
(-0.3450481000, -0.4210259000, 0.0804346400, 0.8349906000)
(-0.3452658000, -0.4210092000, 0.0805006300, 0.8349027000)
(-0.3451898000, -0.4210224000, 0.0803222800, 0.8349447000)
(-0.3452311000, -0.4210241000, 0.0803440500, 0.8349246000)
(-0.3454207000, -0.4211724000, 0.0804405700, 0.8347621000)
(-0.3453942000, -0.4209443000, 0.0805261700, 0.8348798000)
(-0.3453819000, -0.4210008000, 0.0804206400, 0.8348666000)
(-0.3453034000, -0.4211072000, 0.0803536900, 0.8348519000)
(-0.3452278000, -0.4210013000, 0.0804604600, 0.8349262000)
(-0.3452930000, -0.4210597000, 0.0803422600, 0.8348812000)
(-0.3451575000, -0.4210396000, 0.0802078500, 0.8349603000)
(-0.3452444000, -0.4209283000, 0.0802104200, 0.8349802000)
(-0.3449555000, -0.4211745000, 0.0803489300, 0.8349622000)
(-0.3452054000, -0.4210716000, 0.0802740200, 0.8349180000)
(-0.3450962000, -0.4209964000, 0.0803486800, 0.8349939000)
(-0.3449624000, -0.4211932000, 0.0804521600, 0.8349400000)
(-0.3451023000, -0.4211061000, 0.0802511500, 0.8349454000)
(-0.3450966000, -0.4209977000, 0.0803307000, 0.8349948000)
(-0.3450716000, -0.4210265000, 0.0805375400, 0.8349707000)
(-0.3451871000, -0.4210726000, 0.0803905900, 0.8349138000)
(-0.3452345000, -0.4210856000, 0.0804508800, 0.8348819000)
(-0.3452009000, -0.4210394000, 0.0802386300, 0.8349395000)
(-0.3450687000, -0.4211885000, 0.0803553800, 0.8349077000)
(-0.3450806000, -0.4210994000, 0.0802373100, 0.8349591000)
(-0.3449744000, -0.4211218000, 0.0803391600, 0.8349819000)
(-0.3450717000, -0.4211832000, 0.0803109600, 0.8349134000)
(-0.3450013000, -0.4210561000, 0.0801977300, 0.8350175000)
(-0.3449982000, -0.4211449000, 0.0801148300, 0.8349819000)
(-0.3450840000, -0.4211584000, 0.0802423200, 0.8349274000)
(-0.3450971000, -0.4212848000, 0.0802058700, 0.8348618000)
(-0.3451473000, -0.4211274000, 0.0803752700, 0.8349042000)
(-0.3450143000, -0.4214121000, 0.0802649000, 0.8348261000)
(-0.3449835000, -0.4212874000, 0.0801975000, 0.8349082000)
(-0.3451635000, -0.4211381000, 0.0803110100, 0.8348982000)
(-0.3450960000, -0.4211449000, 0.0802792900, 0.8349258000)
(-0.3450755000, -0.4210980000, 0.0801739200, 0.8349680000)
(-0.3450591000, -0.4211850000, 0.0802061500, 0.8349278000)
(-0.3447849000, -0.4211357000, 0.0800766600, 0.8350784000)
(-0.3449644000, -0.4212658000, 0.0802176500, 0.8349251000)
(-0.3450885000, -0.4212773000, 0.0801570200, 0.8348738000)
(-0.3448733000, -0.4211097000, 0.0802468100, 0.8350385000)
(-0.3449901000, -0.4211327000, 0.0803305200, 0.8349707000)
(-0.3449239000, -0.4210883000, 0.0801636200, 0.8350365000)
(-0.3449996000, -0.4211228000, 0.0801796600, 0.8349863000)
(-0.3450005000, -0.4211018000, 0.0800473700, 0.8350092000)
(-0.3449762000, -0.4211187000, 0.0800204100, 0.8350133000)
(-0.3450488000, -0.4209636000, 0.0802194600, 0.8350424000)
(-0.3449517000, -0.4211500000, 0.0800565300, 0.8350042000)
(-0.3448867000, -0.4209968000, 0.0801760900, 0.8350968000)
(-0.3449647000, -0.4210307000, 0.0801307000, 0.8350518000)
(-0.3447919000, -0.4210829000, 0.0803389700, 0.8350769000)
(-0.3448687000, -0.4210843000, 0.0803346400, 0.8350449000)
(-0.3450862000, -0.4209526000, 0.0803146700, 0.8350233000)
(-0.3449888000, -0.4209653000, 0.0799673100, 0.8350905000)
(-0.3448861000, -0.4209859000, 0.0800124600, 0.8351182000)
(-0.3450316000, -0.4211022000, 0.0802312400, 0.8349785000)
(-0.3450119000, -0.4209923000, 0.0801584700, 0.8350490000)
(-0.3450628000, -0.4210709000, 0.0801352500, 0.8349906000)
(-0.3450423000, -0.4211795000, 0.0800674600, 0.8349508000)
(-0.3451122000, -0.4211257000, 0.0800888300, 0.8349470000)
(-0.3451616000, -0.4211073000, 0.0801247800, 0.8349324000)
(-0.3449824000, -0.4210666000, 0.0799763800, 0.8350412000)
(-0.3450343000, -0.4210126000, 0.0801875700, 0.8350267000)
(-0.3451485000, -0.4210956000, 0.0802081200, 0.8349357000)
(-0.3449425000, -0.4209725000, 0.0800000400, 0.8351029000)
(-0.3450934000, -0.4211502000, 0.0800596800, 0.8349453000)
(-0.3447898000, -0.4211248000, 0.0799142600, 0.8350974000)
(-0.3448041000, -0.4210353000, 0.0801380500, 0.8351151000)
(-0.3449448000, -0.4211130000, 0.0800599900, 0.8350254000)
(-0.3449439000, -0.4210445000, 0.0801159100, 0.8350549000)
(-0.3450004000, -0.4210590000, 0.0800728200, 0.8350284000)
(-0.3449643000, -0.4210063000, 0.0801861400, 0.8350590000)
(-0.3449824000, -0.4210691000, 0.0801077600, 0.8350275000)
(-0.3449613000, -0.4210949000, 0.0799396900, 0.8350392000)
(-0.3450680000, -0.4210226000, 0.0799976100, 0.8350260000)
(-0.3451470000, -0.4210311000, 0.0800199400, 0.8349869000)
(-0.3449730000, -0.4211449000, 0.0800234300, 0.8350011000)
(-0.3449786000, -0.4210628000, 0.0800654100, 0.8350362000)
(-0.3449199000, -0.4210248000, 0.0800653200, 0.8350796000)
(-0.3448465000, -0.4211880000, 0.0800629800, 0.8350279000)
(-0.3449689000, -0.4210141000, 0.0799098600, 0.8350797000)
(-0.3450707000, -0.4211321000, 0.0801488800, 0.8349552000)
(-0.3449824000, -0.4210938000, 0.0800427000, 0.8350211000)
(-0.3449043000, -0.4209619000, 0.0801260100, 0.8351119000)
(-0.3449250000, -0.4211462000, 0.0800114400, 0.8350215000)
(-0.3448464000, -0.4210638000, 0.0799791200, 0.8350986000)
(-0.3449476000, -0.4211278000, 0.0800672200, 0.8350161000)
(-0.3450091000, -0.4210145000, 0.0801505300, 0.8350399000)
(-0.3449423000, -0.4210203000, 0.0800325100, 0.8350757000)
(-0.3449189000, -0.4210684000, 0.0801487900, 0.8350500000)
(-0.3450176000, -0.4210101000, 0.0799380400, 0.8350589000)
(-0.3449533000, -0.4211345000, 0.0799596100, 0.8350207000)
(-0.3450247000, -0.4209429000, 0.0796735600, 0.8351151000)
(-0.3450047000, -0.4209486000, 0.0801436800, 0.8350755000)
(-0.3449935000, -0.4209717000, 0.0800470000, 0.8350777000)
(-0.3450837000, -0.4210016000, 0.0800100900, 0.8350289000)
(-0.3450853000, -0.4209600000, 0.0798482400, 0.8350648000)
(-0.3449157000, -0.4211131000, 0.0798895100, 0.8350537000)
(-0.3449447000, -0.4210500000, 0.0800112200, 0.8350619000)
(-0.3449074000, -0.4210955000, 0.0799491100, 0.8350603000)
(-0.3450896000, -0.4209656000, 0.0799041700, 0.8350548000)
(-0.3449233000, -0.4209711000, 0.0798798400, 0.8351231000)
(-0.3448958000, -0.4209422000, 0.0799993800, 0.8351375000)
(-0.3449669000, -0.4210527000, 0.0800479700, 0.8350478000)
(-0.3450463000, -0.4210068000, 0.0800903100, 0.8350341000)
(-0.3449765000, -0.4210139000, 0.0799927300, 0.8350686000)
(-0.3449623000, -0.4209724000, 0.0801288300, 0.8350824000)
(-0.3449716000, -0.4209700000, 0.0801459700, 0.8350781000)
(-0.3449354000, -0.4210937000, 0.0801163600, 0.8350336000)
(-0.3449253000, -0.4210806000, 0.0799877300, 0.8350567000)
(-0.3449830000, -0.4212779000, 0.0799832500, 0.8349338000)
(-0.3449832000, -0.4209031000, 0.0801050800, 0.8351110000)
(-0.3449833000, -0.4210170000, 0.0800829200, 0.8350556000)
(-0.3449647000, -0.4211404000, 0.0800415700, 0.8350050000)
(-0.3450248000, -0.4210578000, 0.0799972600, 0.8350262000)
(-0.3448792000, -0.4210286000, 0.0801441100, 0.8350869000)
(-0.3450148000, -0.4209166000, 0.0800672500, 0.8350948000)
(-0.3447454000, -0.4210578000, 0.0800801400, 0.8351336000)
(-0.3448960000, -0.4209158000, 0.0800396500, 0.8351469000)
(-0.3448822000, -0.4208635000, 0.0801017800, 0.8351730000)
(-0.3448657000, -0.4208452000, 0.0801196200, 0.8351873000)
(-0.3448650000, -0.4210152000, 0.0801200200, 0.8351018000)
(-0.3448133000, -0.4208243000, 0.0800461500, 0.8352265000)
(-0.3447834000, -0.4209096000, 0.0801342100, 0.8351874000)
(-0.3446883000, -0.4209121000, 0.0799985100, 0.8352385000)
(-0.3448305000, -0.4208640000, 0.0799894200, 0.8352048000)
(-0.3447793000, -0.4210663000, 0.0801656600, 0.8351071000)
(-0.3447859000, -0.4209858000, 0.0801507300, 0.8351464000)
(-0.3449820000, -0.4209313000, 0.0800548100, 0.8351021000)
(-0.3448137000, -0.4210259000, 0.0800681800, 0.8351226000)
(-0.3449584000, -0.4210118000, 0.0801512300, 0.8350620000)
(-0.3448623000, -0.4211034000, 0.0800803900, 0.8350624000)
(-0.3448128000, -0.4208852000, 0.0800571200, 0.8351950000)
(-0.3449262000, -0.4209867000, 0.0799804000, 0.8351043000)
(-0.3447919000, -0.4209521000, 0.0801247000, 0.8351635000)
(-0.3446954000, -0.4209261000, 0.0800932600, 0.8352194000)
(-0.3447355000, -0.4211949000, 0.0799637100, 0.8350797000)
(-0.3448131000, -0.4210425000, 0.0799787800, 0.8351231000)
(-0.3448135000, -0.4208866000, 0.0801857100, 0.8351817000)
(-0.3447222000, -0.4208639000, 0.0800197200, 0.8352467000)
(-0.3446272000, -0.4209740000, 0.0800402800, 0.8352284000)
(-0.3446762000, -0.4210680000, 0.0799911400, 0.8351656000)
(-0.3447604000, -0.4209463000, 0.0799292800, 0.8351980000)
(-0.3448860000, -0.4210439000, 0.0800153500, 0.8350888000)
(-0.3448584000, -0.4209721000, 0.0800973700, 0.8351285000)
(-0.3448521000, -0.4209189000, 0.0800523200, 0.8351623000)
(-0.3449932000, -0.4209248000, 0.0800025800, 0.8351057000)
(-0.3448786000, -0.4210784000, 0.0800564700, 0.8350705000)
(-0.3448504000, -0.4209594000, 0.0802099800, 0.8351274000)
(-0.3449341000, -0.4209826000, 0.0799179600, 0.8351092000)
(-0.3449366000, -0.4209835000, 0.0798660100, 0.8351126000)
(-0.3451203000, -0.4210909000, 0.0799633200, 0.8349733000)
(-0.3448816000, -0.4210289000, 0.0799573400, 0.8351037000)
(-0.3449261000, -0.4209561000, 0.0800679600, 0.8351114000)
(-0.3446680000, -0.4209821000, 0.0799416000, 0.8352170000)
(-0.3449210000, -0.4209994000, 0.0800350900, 0.8350949000)
(-0.3448288000, -0.4208726000, 0.0800444900, 0.8351960000)
(-0.3448774000, -0.4209841000, 0.0801529400, 0.8351092000)
(-0.3447657000, -0.4209735000, 0.0799049300, 0.8351845000)
(-0.3446972000, -0.4210076000, 0.0799754500, 0.8351889000)
(-0.3446948000, -0.4210718000, 0.0799947500, 0.8351556000)
(-0.3448153000, -0.4209436000, 0.0799625200, 0.8351735000)
(-0.3447711000, -0.4210600000, 0.0799161000, 0.8351376000)
(-0.3447452000, -0.4209639000, 0.0800243400, 0.8351864000)
(-0.3447800000, -0.4210756000, 0.0800211400, 0.8351160000)
(-0.3446910000, -0.4208819000, 0.0798840300, 0.8352635000)
(-0.3446377000, -0.4209379000, 0.0800033900, 0.8352458000)
(-0.3446683000, -0.4210205000, 0.0799565100, 0.8351961000)
(-0.3446972000, -0.4208795000, 0.0798296200, 0.8352674000)
(-0.3447680000, -0.4209378000, 0.0800252300, 0.8351900000)
(-0.3447861000, -0.4209415000, 0.0802419200, 0.8351599000)
(-0.3448768000, -0.4209988000, 0.0800012000, 0.8351167000)
(-0.3449965000, -0.4208860000, 0.0798485000, 0.8351387000)
(-0.3448515000, -0.4209867000, 0.0799808100, 0.8351351000)
(-0.3448898000, -0.4209815000, 0.0802762900, 0.8350936000)
(-0.3449530000, -0.4210238000, 0.0800600100, 0.8350669000)
(-0.3447906000, -0.4210078000, 0.0799186000, 0.8351556000)
(-0.3449134000, -0.4209841000, 0.0800047000, 0.8351086000)
(-0.3448625000, -0.4209754000, 0.0799439000, 0.8351399000)
(-0.3447160000, -0.4209244000, 0.0801431200, 0.8352069000)
(-0.3448181000, -0.4209662000, 0.0800185800, 0.8351556000)
(-0.3448075000, -0.4209949000, 0.0800651200, 0.8351411000)
(-0.3447784000, -0.4209783000, 0.0800189900, 0.8351659000)
(-0.3446538000, -0.4209734000, 0.0798381300, 0.8352371000)
(-0.3447669000, -0.4208537000, 0.0798956300, 0.8352453000)
(-0.3447017000, -0.4208748000, 0.0799707500, 0.8352544000)
(-0.3446064000, -0.4211315000, 0.0802233400, 0.8351400000)
(-0.3446401000, -0.4209889000, 0.0799507600, 0.8352242000)
(-0.3448876000, -0.4209119000, 0.0802429800, 0.8351328000)
(-0.3447434000, -0.4208657000, 0.0801162900, 0.8352278000)
(-0.3446924000, -0.4208269000, 0.0799624200, 0.8352831000)
(-0.3447753000, -0.4208319000, 0.0801902300, 0.8352246000)
(-0.3447454000, -0.4208383000, 0.0801076600, 0.8352416000)
(-0.3447342000, -0.4208562000, 0.0803355500, 0.8352153000)
(-0.3450275000, -0.4208565000, 0.0801700400, 0.8351099000)
(-0.3448426000, -0.4208573000, 0.0801508500, 0.8351878000)
(-0.3447191000, -0.4209189000, 0.0800637500, 0.8352160000)
(-0.3447807000, -0.4210250000, 0.0801865300, 0.8351253000)
(-0.3447735000, -0.4207358000, 0.0800865700, 0.8352837000)
(-0.3448262000, -0.4208646000, 0.0802424400, 0.8351821000)
(-0.3448000000, -0.4209113000, 0.0801677900, 0.8351765000)
(-0.3447157000, -0.4208744000, 0.0801251300, 0.8352340000)
(-0.3449385000, -0.4208552000, 0.0801627900, 0.8351481000)
(-0.3447959000, -0.4207915000, 0.0802297700, 0.8352326000)
(-0.3447097000, -0.4208017000, 0.0801924800, 0.8352666000)
(-0.3448440000, -0.4208507000, 0.0801577600, 0.8351898000)
(-0.3448092000, -0.4208499000, 0.0802066600, 0.8352000000)
(-0.3448945000, -0.4208833000, 0.0802918100, 0.8351397000)
(-0.3448921000, -0.4208481000, 0.0801861700, 0.8351686000)
(-0.3446837000, -0.4207696000, 0.0801534700, 0.8352973000)
(-0.3447584000, -0.4209036000, 0.0802260800, 0.8351920000)
(-0.3446864000, -0.4209409000, 0.0802039700, 0.8352051000)
(-0.3445800000, -0.4208893000, 0.0800149900, 0.8352931000)
(-0.3445522000, -0.4209540000, 0.0800187300, 0.8352715000)
(-0.3445410000, -0.4209126000, 0.0802066000, 0.8352790000)
(-0.3445583000, -0.4207551000, 0.0801162700, 0.8353599000)
(-0.3447530000, -0.4209256000, 0.0799598500, 0.8352086000)
(-0.3446267000, -0.4207544000, 0.0802349700, 0.8353207000)
(-0.3447698000, -0.4207359000, 0.0800015500, 0.8352933000)
(-0.3446762000, -0.4208008000, 0.0803383100, 0.8352669000)
(-0.3445958000, -0.4208207000, 0.0801943100, 0.8353039000)
(-0.3447772000, -0.4208859000, 0.0802150100, 0.8351942000)
(-0.3446537000, -0.4208997000, 0.0803526200, 0.8352249000)
(-0.3447798000, -0.4208479000, 0.0801697100, 0.8352166000)
(-0.3447892000, -0.4208086000, 0.0802341400, 0.8352263000)
(-0.3446961000, -0.4207833000, 0.0801785900, 0.8352829000)
(-0.3446183000, -0.4208183000, 0.0802342100, 0.8352920000)
(-0.3448175000, -0.4206338000, 0.0801749500, 0.8353084000)
(-0.3447250000, -0.4207161000, 0.0801453600, 0.8353080000)
(-0.3445299000, -0.4208260000, 0.0802846800, 0.8353197000)
(-0.3446331000, -0.4207491000, 0.0800417400, 0.8353392000)
(-0.3445046000, -0.4207971000, 0.0803377000, 0.8353396000)
(-0.3443921000, -0.4206945000, 0.0802048500, 0.8354504000)
(-0.3445746000, -0.4206942000, 0.0801734600, 0.8353783000)
(-0.3445174000, -0.4207078000, 0.0801958800, 0.8353930000)
(-0.3444512000, -0.4208558000, 0.0801618800, 0.8353490000)
(-0.3444949000, -0.4207384000, 0.0801454900, 0.8353917000)
(-0.3445151000, -0.4208222000, 0.0801236000, 0.8353432000)
(-0.3443868000, -0.4207436000, 0.0801746600, 0.8354308000)
(-0.3444809000, -0.4209071000, 0.0803706900, 0.8352907000)
(-0.3445030000, -0.4207933000, 0.0802725100, 0.8353484000)
(-0.3444948000, -0.4208821000, 0.0803620500, 0.8352985000)
(-0.3445134000, -0.4207695000, 0.0803290300, 0.8353507000)
(-0.3445764000, -0.4207450000, 0.0801784200, 0.8353515000)
(-0.3445004000, -0.4207149000, 0.0802538500, 0.8353908000)
(-0.3443771000, -0.4208220000, 0.0801000200, 0.8354025000)
(-0.3445638000, -0.4205995000, 0.0801771600, 0.8354301000)
(-0.3443543000, -0.4209560000, 0.0802419900, 0.8353307000)
(-0.3445146000, -0.4206397000, 0.0801031100, 0.8354373000)
(-0.3445859000, -0.4208890000, 0.0800943100, 0.8352832000)
(-0.3445893000, -0.4209064000, 0.0802538900, 0.8352576000)
(-0.3446197000, -0.4208064000, 0.0802183000, 0.8352989000)
(-0.3445420000, -0.4207259000, 0.0801369800, 0.8353794000)
(-0.3447451000, -0.4206857000, 0.0801771000, 0.8353120000)
(-0.3448844000, -0.4206646000, 0.0802099900, 0.8352619000)
(-0.3447219000, -0.4208243000, 0.0802373400, 0.8352459000)
(-0.3448185000, -0.4208446000, 0.0801370700, 0.8352054000)
(-0.3448684000, -0.4208374000, 0.0802243900, 0.8351800000)
(-0.3449656000, -0.4207501000, 0.0800155000, 0.8352040000)
(-0.3447117000, -0.4207025000, 0.0800636500, 0.8353281000)
(-0.3448424000, -0.4208108000, 0.0801198300, 0.8352143000)
(-0.3448194000, -0.4206810000, 0.0801892900, 0.8352824000)
(-0.3446971000, -0.4208905000, 0.0800861900, 0.8352373000)
(-0.3447412000, -0.4208914000, 0.0801265800, 0.8352147000)
(-0.3445559000, -0.4208161000, 0.0801464700, 0.8353273000)
(-0.3446420000, -0.4208150000, 0.0801825500, 0.8352888000)
(-0.3447678000, -0.4207096000, 0.0803300800, 0.8352758000)
(-0.3445991000, -0.4207369000, 0.0800653700, 0.8353571000)
(-0.3446940000, -0.4207061000, 0.0801846800, 0.8353220000)
(-0.3447188000, -0.4207171000, 0.0802584200, 0.8352991000)
(-0.3444145000, -0.4206499000, 0.0803022600, 0.8354543000)
(-0.3445812000, -0.4206540000, 0.0801586100, 0.8353974000)
(-0.3446103000, -0.4208329000, 0.0801871900, 0.8352925000)
(-0.3445274000, -0.4207889000, 0.0802311700, 0.8353446000)
(-0.3447549000, -0.4206521000, 0.0803022500, 0.8353128000)
(-0.3446737000, -0.4207236000, 0.0801159900, 0.8353282000)
(-0.3447023000, -0.4204853000, 0.0802057500, 0.8354278000)
(-0.3444445000, -0.4207990000, 0.0802355300, 0.8353733000)
(-0.3446724000, -0.4206792000, 0.0800832900, 0.8353543000)
(-0.3445885000, -0.4206204000, 0.0801482400, 0.8354122000)
(-0.3447224000, -0.4207309000, 0.0799956400, 0.8353159000)
(-0.3446421000, -0.4206468000, 0.0800624200, 0.8353850000)
(-0.3446677000, -0.4206484000, 0.0801939200, 0.8353611000)
(-0.3445022000, -0.4206833000, 0.0800429400, 0.8354262000)
(-0.3446156000, -0.4206026000, 0.0801089900, 0.8354138000)
(-0.3445031000, -0.4206414000, 0.0800889000, 0.8354425000)
(-0.3444948000, -0.4206512000, 0.0800084800, 0.8354487000)
(-0.3444531000, -0.4207120000, 0.0799092400, 0.8354448000)
(-0.3443784000, -0.4206748000, 0.0800288100, 0.8354830000)
(-0.3443076000, -0.4205818000, 0.0801238900, 0.8355498000)
(-0.3442733000, -0.4207157000, 0.0802271900, 0.8354866000)
(-0.3444494000, -0.4207141000, 0.0800877600, 0.8354282000)
(-0.3443195000, -0.4206649000, 0.0799658400, 0.8355182000)
(-0.3444067000, -0.4207074000, 0.0800293700, 0.8354547000)
(-0.3443788000, -0.4206644000, 0.0799953400, 0.8354912000)
(-0.3443432000, -0.4206022000, 0.0800656500, 0.8355303000)
(-0.3442837000, -0.4207028000, 0.0801502200, 0.8354962000)
(-0.3444459000, -0.4206463000, 0.0801296200, 0.8354598000)
(-0.3442868000, -0.4206463000, 0.0801352600, 0.8355248000)
(-0.3443301000, -0.4207748000, 0.0800992500, 0.8354456000)
(-0.3444191000, -0.4207464000, 0.0801967400, 0.8354139000)
(-0.3444846000, -0.4207051000, 0.0800299000, 0.8354238000)
(-0.3442915000, -0.4209177000, 0.0800653300, 0.8353928000)
(-0.3445099000, -0.4205967000, 0.0800862700, 0.8354625000)
(-0.3446061000, -0.4207320000, 0.0801638200, 0.8353472000)
(-0.3444650000, -0.4206145000, 0.0801290500, 0.8354679000)
(-0.3445695000, -0.4206492000, 0.0801550700, 0.8354049000)
(-0.3444615000, -0.4206356000, 0.0800221300, 0.8354691000)
(-0.3445581000, -0.4207566000, 0.0800319500, 0.8353673000)
(-0.3444391000, -0.4208105000, 0.0800014600, 0.8353921000)
(-0.3445710000, -0.4207134000, 0.0799838700, 0.8353883000)
(-0.3446111000, -0.4207388000, 0.0801054500, 0.8353474000)
(-0.3446299000, -0.4207208000, 0.0799811000, 0.8353606000)
(-0.3444625000, -0.4209662000, 0.0800372600, 0.8353006000)
(-0.3444634000, -0.4208550000, 0.0799258900, 0.8353670000)
(-0.3446608000, -0.4207799000, 0.0799961800, 0.8353166000)
(-0.3444890000, -0.4207768000, 0.0799794900, 0.8353906000)
(-0.3442326000, -0.4206794000, 0.0801450500, 0.8355295000)
(-0.3445680000, -0.4207754000, 0.0799151700, 0.8353649000)
(-0.3445834000, -0.4208252000, 0.0800823700, 0.8353175000)
(-0.3444393000, -0.4208028000, 0.0800722200, 0.8353891000)
(-0.3444363000, -0.4206383000, 0.0799996000, 0.8354802000)
(-0.3443448000, -0.4207464000, 0.0802014500, 0.8354442000)
(-0.3443795000, -0.4207664000, 0.0800183600, 0.8354374000)
(-0.3444264000, -0.4207241000, 0.0801505100, 0.8354266000)
(-0.3443386000, -0.4207240000, 0.0800155800, 0.8354757000)
(-0.3444674000, -0.4208224000, 0.0801204700, 0.8353630000)
(-0.3445685000, -0.4208374000, 0.0801632600, 0.8353097000)
(-0.3445773000, -0.4208294000, 0.0799506300, 0.8353305000)
(-0.3445712000, -0.4207790000, 0.0800633400, 0.8353476000)
(-0.3445518000, -0.4207139000, 0.0801262300, 0.8353823000)
(-0.3445922000, -0.4207602000, 0.0798860700, 0.8353654000)
(-0.3445707000, -0.4208473000, 0.0800944000, 0.8353105000)
(-0.3445648000, -0.4207626000, 0.0801019000, 0.8353548000)
(-0.3445472000, -0.4207763000, 0.0800416700, 0.8353609000)
(-0.3445957000, -0.4209205000, 0.0801148000, 0.8352613000)
(-0.3446802000, -0.4207284000, 0.0800921900, 0.8353254000)
(-0.3445312000, -0.4210093000, 0.0801392600, 0.8352407000)
(-0.3446614000, -0.4209633000, 0.0801836700, 0.8352060000)
(-0.3448426000, -0.4207705000, 0.0801311400, 0.8352334000)
(-0.3448136000, -0.4209448000, 0.0803899800, 0.8351327000)
(-0.3447998000, -0.4209523000, 0.0807189100, 0.8351029000)
(-0.3448383000, -0.4210610000, 0.0805762800, 0.8350459000)
(-0.3448886000, -0.4208502000, 0.0805228100, 0.8351365000)
(-0.3449042000, -0.4208569000, 0.0803840200, 0.8351401000)
(-0.3452777000, -0.4208069000, 0.0805298500, 0.8349969000)
(-0.3452561000, -0.4209248000, 0.0804644000, 0.8349527000)
(-0.3451763000, -0.4209779000, 0.0806675900, 0.8349393000)
(-0.3450749000, -0.4207432000, 0.0802763800, 0.8351372000)
(-0.3451370000, -0.4210788000, 0.0803126900, 0.8349389000)
(-0.3448395000, -0.4210155000, 0.0803106400, 0.8350940000)
(-0.3447424000, -0.4211269000, 0.0800548000, 0.8351024000)
(-0.3446733000, -0.4212044000, 0.0800086600, 0.8350962000)
(-0.3443604000, -0.4213308000, 0.0798000000, 0.8351815000)
(-0.3444201000, -0.4211323000, 0.0798125900, 0.8352558000)
(-0.3444101000, -0.4211707000, 0.0799403300, 0.8352284000)
(-0.3443790000, -0.4211906000, 0.0799208700, 0.8352331000)
(-0.3442551000, -0.4210868000, 0.0800570600, 0.8353234000)
(-0.3442892000, -0.4211072000, 0.0799291000, 0.8353114000)
(-0.3442960000, -0.4211171000, 0.0801423900, 0.8352831000)
(-0.3443525000, -0.4210499000, 0.0801220500, 0.8352957000)
(-0.3442982000, -0.4211364000, 0.0801650300, 0.8352703000)
(-0.3444397000, -0.4209889000, 0.0800944600, 0.8352931000)
(-0.3445172000, -0.4208073000, 0.0799929400, 0.8353624000)
(-0.3446200000, -0.4208865000, 0.0801650400, 0.8352636000)
(-0.3446129000, -0.4208508000, 0.0802211800, 0.8352791000)
(-0.3446475000, -0.4207200000, 0.0802036400, 0.8353324000)
(-0.3445736000, -0.4208295000, 0.0802531400, 0.8353029000)
(-0.3446955000, -0.4208844000, 0.0801839900, 0.8352317000)
(-0.3444109000, -0.4209776000, 0.0800968500, 0.8353105000)
(-0.3446288000, -0.4207932000, 0.0802020700, 0.8353034000)
(-0.3443800000, -0.4209092000, 0.0800707000, 0.8353602000)
(-0.3442213000, -0.4208649000, 0.0800619200, 0.8354487000)
(-0.3441856000, -0.4209993000, 0.0801080600, 0.8353913000)
(-0.3443266000, -0.4209327000, 0.0801198900, 0.8353656000)
(-0.3443857000, -0.4208628000, 0.0798716200, 0.8354002000)
(-0.3444041000, -0.4209177000, 0.0799020500, 0.8353620000)
(-0.3444165000, -0.4210930000, 0.0799616400, 0.8352629000)
(-0.3443840000, -0.4210262000, 0.0800230600, 0.8353041000)
(-0.3444515000, -0.4209668000, 0.0801121700, 0.8352977000)
(-0.3442605000, -0.4209295000, 0.0802404400, 0.8353829000)
(-0.3444735000, -0.4209028000, 0.0799487300, 0.8353365000)
(-0.3441299000, -0.4211078000, 0.0800677500, 0.8353634000)
(-0.3442219000, -0.4208988000, 0.0801298000, 0.8354248000)
(-0.3441741000, -0.4209815000, 0.0799764000, 0.8354176000)
(-0.3441116000, -0.4210320000, 0.0798819400, 0.8354269000)
(-0.3440509000, -0.4208835000, 0.0801641000, 0.8354997000)
(-0.3441775000, -0.4209251000, 0.0800914400, 0.8354336000)
(-0.3440549000, -0.4209850000, 0.0801446100, 0.8354489000)
(-0.3439081000, -0.4210850000, 0.0799544100, 0.8354771000)
(-0.3440779000, -0.4209886000, 0.0800727500, 0.8354444000)
(-0.3440478000, -0.4210865000, 0.0799076600, 0.8354233000)
(-0.3441523000, -0.4210855000, 0.0799942100, 0.8353724000)
(-0.3441199000, -0.4210044000, 0.0800067600, 0.8354254000)
(-0.3440911000, -0.4208597000, 0.0800095600, 0.8355100000)
(-0.3441787000, -0.4209976000, 0.0799363500, 0.8354114000)
(-0.3442836000, -0.4212033000, 0.0799881200, 0.8352596000)
(-0.3440969000, -0.4210020000, 0.0797624400, 0.8354595000)
(-0.3441838000, -0.4209462000, 0.0798542000, 0.8354430000)
(-0.3438421000, -0.4210302000, 0.0798558500, 0.8355413000)
(-0.3440720000, -0.4209841000, 0.0800358500, 0.8354527000)
(-0.3439910000, -0.4208699000, 0.0799099300, 0.8355556000)
(-0.3438742000, -0.4210001000, 0.0800486600, 0.8355248000)
(-0.3437593000, -0.4208470000, 0.0800047200, 0.8356534000)
(-0.3438772000, -0.4207148000, 0.0796316900, 0.8357071000)
(-0.3438463000, -0.4208349000, 0.0798435300, 0.8356392000)
(-0.3438709000, -0.4206996000, 0.0799183500, 0.8356900000)
(-0.3438935000, -0.4207992000, 0.0798922900, 0.8356330000)
(-0.3440815000, -0.4210335000, 0.0800411000, 0.8354233000)
(-0.3440783000, -0.4210167000, 0.0800891100, 0.8354285000)
(-0.3442361000, -0.4208049000, 0.0800510300, 0.8354739000)
(-0.3442461000, -0.4209188000, 0.0797845600, 0.8354378000)
(-0.3440939000, -0.4209861000, 0.0796191200, 0.8354824000)
(-0.3438984000, -0.4209682000, 0.0796528800, 0.8355687000)
(-0.3440740000, -0.4210856000, 0.0797605500, 0.8354270000)
(-0.3439391000, -0.4210544000, 0.0796503900, 0.8355088000)
(-0.3440251000, -0.4210059000, 0.0798350600, 0.8354802000)
(-0.3438916000, -0.4210734000, 0.0797799500, 0.8355064000)
(-0.3439867000, -0.4209321000, 0.0798111900, 0.8355355000)
(-0.3438464000, -0.4208636000, 0.0797401100, 0.8356345000)
(-0.3437056000, -0.4211515000, 0.0796737400, 0.8355537000)
(-0.3437533000, -0.4209986000, 0.0797186900, 0.8356069000)
(-0.3439412000, -0.4210718000, 0.0797985900, 0.8354850000)
(-0.3441198000, -0.4210496000, 0.0798133500, 0.8354213000)
(-0.3440500000, -0.4210952000, 0.0799177300, 0.8354170000)
(-0.3440247000, -0.4210496000, 0.0799560200, 0.8354468000)
(-0.3441802000, -0.4211524000, 0.0797761900, 0.8353481000)
(-0.3439079000, -0.4210818000, 0.0798288000, 0.8354908000)
(-0.3437686000, -0.4210303000, 0.0796869000, 0.8355876000)
(-0.3439115000, -0.4209227000, 0.0798034700, 0.8355719000)
(-0.3441063000, -0.4209307000, 0.0797175200, 0.8354958000)
(-0.3437744000, -0.4209631000, 0.0794784900, 0.8356389000)
(-0.3439388000, -0.4209136000, 0.0797243600, 0.8355728000)
(-0.3437210000, -0.4207495000, 0.0797451700, 0.8357431000)
(-0.3441881000, -0.4208472000, 0.0800397200, 0.8354734000)
(-0.3439783000, -0.4207907000, 0.0797574400, 0.8356153000)
(-0.3436447000, -0.4209293000, 0.0797325100, 0.8356851000)
(-0.3429244000, -0.4201951000, 0.0791187600, 0.8364086000)
(-0.3431204000, -0.4206777000, 0.0790701800, 0.8360901000)
(-0.3430612000, -0.4208049000, 0.0792535200, 0.8360330000)
(-0.3436712000, -0.4210787000, 0.0795734500, 0.8356141000)
(-0.3438053000, -0.4211744000, 0.0797143600, 0.8354973000)
(-0.3441307000, -0.4206735000, 0.0798234300, 0.8356053000)
(-0.3442647000, -0.4209453000, 0.0799471500, 0.8354014000)
(-0.3445795000, -0.4210384000, 0.0801687100, 0.8352033000)
(-0.3445039000, -0.4210686000, 0.0800218700, 0.8352334000)
(-0.3446028000, -0.4210924000, 0.0800718400, 0.8351758000)
(-0.3443613000, -0.4211875000, 0.0798871700, 0.8352451000)
(-0.3446137000, -0.4206914000, 0.0800002800, 0.8353802000)
(-0.3438827000, -0.4207946000, 0.0799928600, 0.8356302000)
(-0.3438568000, -0.4209256000, 0.0797606300, 0.8355970000)
(-0.3436167000, -0.4205993000, 0.0796472300, 0.8358709000)
(-0.3433877000, -0.4205515000, 0.0796504700, 0.8359888000)
(-0.3431330000, -0.4204077000, 0.0797949500, 0.8361518000)
(-0.3435973000, -0.4206466000, 0.0797473200, 0.8358455000)
(-0.3443580000, -0.4205683000, 0.0803132800, 0.8355176000)
(-0.3446876000, -0.4206902000, 0.0802966400, 0.8353219000)
(-0.3458352000, -0.4208120000, 0.0805127200, 0.8347653000)
(-0.3455219000, -0.4208121000, 0.0805299000, 0.8348933000)
(-0.3457289000, -0.4209141000, 0.0806366800, 0.8347458000)
(-0.3457433000, -0.4212202000, 0.0804143900, 0.8346069000)
(-0.3452047000, -0.4211274000, 0.0804660800, 0.8348716000)
(-0.3449636000, -0.4209143000, 0.0802599900, 0.8350986000)
(-0.3445216000, -0.4208309000, 0.0800311900, 0.8353450000)
(-0.3433331000, -0.4208121000, 0.0796369500, 0.8358813000)
(-0.3433444000, -0.4206468000, 0.0797478300, 0.8359492000)
(-0.3434551000, -0.4206049000, 0.0797165800, 0.8359279000)
(-0.3429109000, -0.4207200000, 0.0791099100, 0.8361509000)
(-0.3432356000, -0.4205524000, 0.0794656400, 0.8360683000)
(-0.3432038000, -0.4207191000, 0.0795584400, 0.8359887000)
(-0.3434803000, -0.4206475000, 0.0797632600, 0.8358917000)
(-0.3440354000, -0.4206549000, 0.0800748400, 0.8356298000)
(-0.3442002000, -0.4208446000, 0.0800248500, 0.8354712000)
(-0.3438790000, -0.4207222000, 0.0801305000, 0.8356550000)
(-0.3438375000, -0.4208217000, 0.0798651000, 0.8356473000)
(-0.3436841000, -0.4209290000, 0.0798905300, 0.8356540000)
(-0.3429426000, -0.4211327000, 0.0797559600, 0.8358688000)
(-0.3430416000, -0.4211119000, 0.0797352000, 0.8358406000)
(-0.3431172000, -0.4210202000, 0.0796180700, 0.8358669000)
(-0.3429761000, -0.4209318000, 0.0795404000, 0.8359768000)
(-0.3430083000, -0.4209584000, 0.0795050600, 0.8359535000)
(-0.3429314000, -0.4208059000, 0.0792684800, 0.8360843000)
(-0.3424831000, -0.4208300000, 0.0792708900, 0.8362557000)
(-0.3419991000, -0.4209323000, 0.0786245300, 0.8364633000)
(-0.3422451000, -0.4208372000, 0.0787932100, 0.8363947000)
(-0.3422172000, -0.4209522000, 0.0788599100, 0.8363419000)
(-0.3423027000, -0.4208307000, 0.0790420500, 0.8363509000)
(-0.3423917000, -0.4210897000, 0.0792150500, 0.8361677000)
(-0.3426046000, -0.4211052000, 0.0792579200, 0.8360686000)
(-0.3429905000, -0.4212895000, 0.0794019600, 0.8358039000)
(-0.3435139000, -0.4213296000, 0.0796037200, 0.8355494000)
(-0.3432249000, -0.4214085000, 0.0796582600, 0.8356232000)
(-0.3431408000, -0.4214903000, 0.0796477000, 0.8356175000)
(-0.3430272000, -0.4213870000, 0.0792263700, 0.8357562000)
(-0.3426825000, -0.4213653000, 0.0792522600, 0.8359062000)
(-0.3427279000, -0.4213145000, 0.0793089500, 0.8359078000)
(-0.3425379000, -0.4214510000, 0.0791470000, 0.8359322000)
(-0.3424673000, -0.4213226000, 0.0791997200, 0.8360208000)
(-0.3422953000, -0.4213806000, 0.0791370200, 0.8360680000)
(-0.3419779000, -0.4213708000, 0.0789835100, 0.8362173000)
(-0.3419664000, -0.4213227000, 0.0786384900, 0.8362788000)
(-0.3418830000, -0.4212376000, 0.0789689200, 0.8363246000)
(-0.3421052000, -0.4213099000, 0.0791716900, 0.8361781000)
(-0.3427942000, -0.4213577000, 0.0796841400, 0.8358231000)
(-0.3431382000, -0.4210777000, 0.0798063000, 0.8358114000)
(-0.3440951000, -0.4209967000, 0.0801023800, 0.8354304000)
(-0.3442653000, -0.4212525000, 0.0800817500, 0.8352333000)
(-0.3443633000, -0.4211086000, 0.0801710800, 0.8352569000)
(-0.3441775000, -0.4210919000, 0.0800008300, 0.8353582000)
(-0.3440523000, -0.4209286000, 0.0802776700, 0.8354656000)
(-0.3439893000, -0.4210099000, 0.0802075000, 0.8354572000)
(-0.3438556000, -0.4211951000, 0.0799811600, 0.8354407000)
(-0.3437906000, -0.4210452000, 0.0799151800, 0.8355493000)
(-0.3435892000, -0.4211609000, 0.0797432200, 0.8355902000)
(-0.3429637000, -0.4211598000, 0.0798558800, 0.8358369000)
(-0.3430064000, -0.4209868000, 0.0796575200, 0.8359255000)
(-0.3427073000, -0.4210875000, 0.0796713300, 0.8359962000)
(-0.3425829000, -0.4209774000, 0.0795180600, 0.8361171000)
(-0.3419861000, -0.4207350000, 0.0796188000, 0.8364738000)
(-0.3421026000, -0.4208850000, 0.0795883600, 0.8363535000)
(-0.3421991000, -0.4209483000, 0.0795499500, 0.8362859000)
(-0.3425843000, -0.4209918000, 0.0795982400, 0.8361017000)
(-0.3425111000, -0.4208007000, 0.0796205200, 0.8362257000)
(-0.3429653000, -0.4209971000, 0.0796374000, 0.8359390000)
(-0.3431655000, -0.4210293000, 0.0796711100, 0.8358375000)
(-0.3429220000, -0.4210640000, 0.0797031500, 0.8359169000)
(-0.3428771000, -0.4210953000, 0.0796240900, 0.8359270000)
(-0.3429520000, -0.4209908000, 0.0798730600, 0.8359252000)
(-0.3432291000, -0.4210922000, 0.0797589000, 0.8357713000)
(-0.3431959000, -0.4210307000, 0.0797120300, 0.8358204000)
(-0.3431012000, -0.4208965000, 0.0796208600, 0.8359356000)
(-0.3432540000, -0.4209401000, 0.0798005000, 0.8358337000)
(-0.3433519000, -0.4210187000, 0.0799052600, 0.8357439000)
(-0.3440296000, -0.4209630000, 0.0804715400, 0.8354388000)
(-0.3440151000, -0.4209790000, 0.0804070100, 0.8354430000)
(-0.3441198000, -0.4208997000, 0.0804213700, 0.8354384000)
(-0.3441782000, -0.4209123000, 0.0804606400, 0.8354043000)
(-0.3448173000, -0.4207278000, 0.0806903800, 0.8352115000)
(-0.3448979000, -0.4207823000, 0.0805011300, 0.8351691000)
(-0.3450586000, -0.4207487000, 0.0804466100, 0.8351249000)
(-0.3453874000, -0.4203284000, 0.0807355300, 0.8351727000)
(-0.3453509000, -0.4203988000, 0.0806677900, 0.8351589000)
(-0.3450104000, -0.4203422000, 0.0806422000, 0.8353305000)
(-0.3450179000, -0.4202193000, 0.0804727100, 0.8354056000)
(-0.3446983000, -0.4198649000, 0.0803558800, 0.8357269000)
(-0.3448413000, -0.4198605000, 0.0805784100, 0.8356487000)
(-0.3448968000, -0.4198684000, 0.0805189000, 0.8356276000)
(-0.3452302000, -0.4198613000, 0.0805607200, 0.8354894000)
(-0.3451466000, -0.4197298000, 0.0807544300, 0.8355713000)
(-0.3453823000, -0.4200150000, 0.0808044600, 0.8353258000)
(-0.3454602000, -0.4199781000, 0.0808852500, 0.8353043000)
(-0.3454677000, -0.4201047000, 0.0806915900, 0.8352563000)
(-0.3453233000, -0.4202468000, 0.0808835700, 0.8352259000)
(-0.3452556000, -0.4205387000, 0.0806634100, 0.8351283000)
(-0.3451704000, -0.4204810000, 0.0805614400, 0.8352024000)
(-0.3454328000, -0.4203276000, 0.0804488300, 0.8351820000)
(-0.3453041000, -0.4203795000, 0.0804991400, 0.8352042000)
(-0.3453327000, -0.4201973000, 0.0805150900, 0.8352826000)
(-0.3452654000, -0.4201989000, 0.0806377200, 0.8352978000)
(-0.3451947000, -0.4200079000, 0.0806597800, 0.8354208000)
(-0.3453116000, -0.4199601000, 0.0805822500, 0.8354040000)
(-0.3449641000, -0.4200636000, 0.0803764200, 0.8355154000)
(-0.3448311000, -0.4201303000, 0.0804676600, 0.8355280000)
(-0.3448804000, -0.4200930000, 0.0807602400, 0.8354982000)
(-0.3449051000, -0.4201460000, 0.0804169400, 0.8354945000)
(-0.3450515000, -0.4202445000, 0.0805496600, 0.8353717000)
(-0.3452779000, -0.4203734000, 0.0805987700, 0.8352085000)
(-0.3451486000, -0.4204814000, 0.0807210000, 0.8351958000)
(-0.3456584000, -0.4207904000, 0.0806995900, 0.8348314000)
(-0.3455699000, -0.4207724000, 0.0808407700, 0.8348634000)
(-0.3457184000, -0.4207681000, 0.0809261000, 0.8347958000)
(-0.3455112000, -0.4209056000, 0.0809558600, 0.8348094000)
(-0.3456687000, -0.4206671000, 0.0808414000, 0.8348754000)
(-0.3457822000, -0.4205386000, 0.0809344700, 0.8348842000)
(-0.3454286000, -0.4206135000, 0.0809665600, 0.8349897000)
(-0.3458070000, -0.4205026000, 0.0810485600, 0.8348810000)
(-0.3455565000, -0.4204147000, 0.0810274000, 0.8350310000)
(-0.3454334000, -0.4205774000, 0.0809469000, 0.8350078000)
(-0.3454322000, -0.4205874000, 0.0810464500, 0.8349937000)
(-0.3454455000, -0.4206583000, 0.0812907800, 0.8349286000)
(-0.3453394000, -0.4206790000, 0.0809050300, 0.8349996000)
(-0.3452751000, -0.4207492000, 0.0807421000, 0.8350066000)
(-0.3452363000, -0.4205904000, 0.0807235400, 0.8351044000)
(-0.3451230000, -0.4205444000, 0.0805194300, 0.8351941000)
(-0.3446525000, -0.4206115000, 0.0803403800, 0.8353718000)
(-0.3445300000, -0.4205749000, 0.0804313100, 0.8354320000)
(-0.3439743000, -0.4201525000, 0.0801392800, 0.8359015000)
(-0.3439531000, -0.4204492000, 0.0803736400, 0.8357385000)
(-0.3442228000, -0.4202295000, 0.0803758900, 0.8357377000)
(-0.3442990000, -0.4203372000, 0.0805274500, 0.8356376000)
(-0.3445134000, -0.4204418000, 0.0806049000, 0.8354892000)
(-0.3452478000, -0.4205062000, 0.0807607500, 0.8351384000)
(-0.3452542000, -0.4205760000, 0.0807407500, 0.8351026000)
(-0.3452963000, -0.4207117000, 0.0807528600, 0.8350157000)
(-0.3453601000, -0.4208633000, 0.0808784500, 0.8349007000)
(-0.3454030000, -0.4210129000, 0.0805544500, 0.8348389000)
(-0.3453150000, -0.4212280000, 0.0807286600, 0.8347499000)
(-0.3455700000, -0.4211101000, 0.0806591600, 0.8347107000)
(-0.3452941000, -0.4215439000, 0.0806114200, 0.8346105000)
(-0.3455159000, -0.4214981000, 0.0806927300, 0.8345339000)
(-0.3455329000, -0.4212902000, 0.0805191000, 0.8346485000)
(-0.3454126000, -0.4212423000, 0.0804989400, 0.8347245000)
(-0.3452170000, -0.4210659000, 0.0804968600, 0.8348946000)
(-0.3449947000, -0.4212769000, 0.0804386700, 0.8348857000)
(-0.3447273000, -0.4210677000, 0.0804171700, 0.8351037000)
(-0.3442792000, -0.4210433000, 0.0802741700, 0.8353146000)
(-0.3442260000, -0.4211851000, 0.0803780700, 0.8352550000)
(-0.3441778000, -0.4211243000, 0.0801472100, 0.8353278000)
(-0.3439867000, -0.4212483000, 0.0801859800, 0.8353402000)
(-0.3444037000, -0.4211115000, 0.0804773600, 0.8352093000)
(-0.3442923000, -0.4211690000, 0.0804000300, 0.8352337000)
(-0.3443894000, -0.4213490000, 0.0805325000, 0.8350901000)
(-0.3448086000, -0.4211416000, 0.0806549800, 0.8350099000)
(-0.3448731000, -0.4212145000, 0.0806036200, 0.8349515000)
(-0.3449178000, -0.4211659000, 0.0806495300, 0.8349531000)
(-0.3447604000, -0.4212638000, 0.0805736000, 0.8349761000)
(-0.3447065000, -0.4211318000, 0.0804972300, 0.8350722000)
(-0.3446524000, -0.4213191000, 0.0803484800, 0.8350144000)
(-0.3446935000, -0.4211391000, 0.0803331300, 0.8350897000)
(-0.3447041000, -0.4215201000, 0.0804424600, 0.8348826000)
(-0.3447780000, -0.4213218000, 0.0804117500, 0.8349551000)
(-0.3448530000, -0.4214356000, 0.0803766300, 0.8348701000)
(-0.3450710000, -0.4214835000, 0.0805153700, 0.8347425000)
(-0.3448852000, -0.4216001000, 0.0806029400, 0.8347519000)
(-0.3450829000, -0.4215484000, 0.0806271700, 0.8346940000)
(-0.3451624000, -0.4215771000, 0.0805431800, 0.8346547000)
(-0.3451391000, -0.4216117000, 0.0807687100, 0.8346251000)
(-0.3455169000, -0.4216198000, 0.0807711100, 0.8344644000)
(-0.3454817000, -0.4216110000, 0.0806858100, 0.8344917000)
(-0.3453782000, -0.4217083000, 0.0805618600, 0.8344974000)
(-0.3455514000, -0.4214403000, 0.0805942700, 0.8345580000)
(-0.3451861000, -0.4215474000, 0.0806569200, 0.8346490000)
(-0.3450208000, -0.4215482000, 0.0804301200, 0.8347387000)
(-0.3450483000, -0.4216296000, 0.0806096300, 0.8346690000)
(-0.3449430000, -0.4216266000, 0.0805930500, 0.8347156000)
(-0.3449070000, -0.4216468000, 0.0805662100, 0.8347229000)
(-0.3450862000, -0.4216040000, 0.0806595100, 0.8346614000)
(-0.3450095000, -0.4217871000, 0.0806500800, 0.8346015000)
(-0.3451096000, -0.4216407000, 0.0806656000, 0.8346326000)
(-0.3453622000, -0.4215770000, 0.0806570400, 0.8345611000)
(-0.3450973000, -0.4216970000, 0.0806827800, 0.8346076000)
(-0.3454328000, -0.4216158000, 0.0806829400, 0.8345098000)
(-0.3453878000, -0.4214740000, 0.0807109000, 0.8345973000)
(-0.3456211000, -0.4214793000, 0.0807584500, 0.8344935000)
(-0.3455281000, -0.4214218000, 0.0808187200, 0.8345551000)
(-0.3456320000, -0.4214961000, 0.0807008700, 0.8344861000)
(-0.3455262000, -0.4212681000, 0.0806807000, 0.8346469000)
(-0.3454573000, -0.4214008000, 0.0808472800, 0.8345924000)
(-0.3455472000, -0.4213742000, 0.0806763800, 0.8345851000)
(-0.3456937000, -0.4214039000, 0.0810129900, 0.8344768000)
(-0.3456493000, -0.4213623000, 0.0808142400, 0.8345355000)
(-0.3458588000, -0.4212888000, 0.0808475900, 0.8344826000)
(-0.3457896000, -0.4212413000, 0.0808262900, 0.8345372000)
(-0.3456248000, -0.4215235000, 0.0807903000, 0.8344666000)
(-0.3456053000, -0.4213254000, 0.0808816800, 0.8345658000)
(-0.3457741000, -0.4213122000, 0.0806776900, 0.8345223000)
(-0.3457083000, -0.4216000000, 0.0806392400, 0.8344079000)
(-0.3456695000, -0.4216071000, 0.0806388100, 0.8344204000)
(-0.3454357000, -0.4214644000, 0.0806204700, 0.8345912000)
(-0.3451305000, -0.4214263000, 0.0804748900, 0.8347507000)
(-0.3451199000, -0.4215488000, 0.0803887200, 0.8347015000)
(-0.3448881000, -0.4214482000, 0.0802480400, 0.8348616000)
(-0.3448044000, -0.4214967000, 0.0802835300, 0.8348683000)
(-0.3448628000, -0.4215174000, 0.0804942100, 0.8348134000)
(-0.3449406000, -0.4214890000, 0.0803091000, 0.8348135000)
(-0.3449050000, -0.4213105000, 0.0803170400, 0.8349175000)
(-0.3450477000, -0.4214311000, 0.0803266300, 0.8347967000)
(-0.3451580000, -0.4213327000, 0.0803770200, 0.8347960000)
(-0.3452274000, -0.4212856000, 0.0804810700, 0.8347810000)
(-0.3452887000, -0.4212063000, 0.0804818300, 0.8347956000)
(-0.3453180000, -0.4214400000, 0.0804987900, 0.8346639000)
(-0.3453897000, -0.4214367000, 0.0804719900, 0.8346384000)
(-0.3453953000, -0.4213402000, 0.0804024500, 0.8346916000)
(-0.3453782000, -0.4212170000, 0.0803787200, 0.8347631000)
(-0.3452206000, -0.4213293000, 0.0804045100, 0.8347691000)
(-0.3452217000, -0.4212690000, 0.0803480400, 0.8348046000)
(-0.3453129000, -0.4212673000, 0.0802126200, 0.8347807000)
(-0.3451273000, -0.4211430000, 0.0803508500, 0.8349069000)
(-0.3450408000, -0.4212461000, 0.0801023100, 0.8349145000)
(-0.3450949000, -0.4211572000, 0.0802018000, 0.8349274000)
(-0.3447722000, -0.4210515000, 0.0802093800, 0.8351133000)
(-0.3446460000, -0.4210902000, 0.0801909300, 0.8351477000)
(-0.3446318000, -0.4211170000, 0.0801587300, 0.8351431000)
(-0.3446782000, -0.4210384000, 0.0800047500, 0.8351783000)
(-0.3445647000, -0.4211144000, 0.0802027100, 0.8351679000)
(-0.3447115000, -0.4210809000, 0.0800196700, 0.8351417000)
(-0.3447182000, -0.4209036000, 0.0800100600, 0.8352293000)
(-0.3447781000, -0.4207366000, 0.0799453500, 0.8352949000)
(-0.3445812000, -0.4209943000, 0.0799712100, 0.8352438000)
(-0.3446019000, -0.4210131000, 0.0797956100, 0.8352426000)
(-0.3446470000, -0.4208408000, 0.0798650200, 0.8353042000)
(-0.3444751000, -0.4210373000, 0.0800456100, 0.8352588000)
(-0.3444776000, -0.4208764000, 0.0799937700, 0.8353438000)
(-0.3445166000, -0.4207907000, 0.0800054100, 0.8353698000)
(-0.3445725000, -0.4209708000, 0.0800206000, 0.8352545000)
(-0.3445971000, -0.4208721000, 0.0797696800, 0.8353181000)
(-0.3444736000, -0.4208568000, 0.0798529600, 0.8353688000)
(-0.3442864000, -0.4209507000, 0.0798926700, 0.8353949000)
(-0.3442907000, -0.4208862000, 0.0798789800, 0.8354269000)
(-0.3444707000, -0.4210893000, 0.0797310300, 0.8352645000)
(-0.3443916000, -0.4209815000, 0.0799047300, 0.8353348000)
(-0.3445864000, -0.4211699000, 0.0797750000, 0.8351719000)
(-0.3445088000, -0.4211697000, 0.0797932700, 0.8352023000)
(-0.3444937000, -0.4212700000, 0.0797596300, 0.8351611000)
(-0.3443973000, -0.4213043000, 0.0795873300, 0.8352000000)
(-0.3443949000, -0.4212624000, 0.0797640200, 0.8352053000)
(-0.3444790000, -0.4211425000, 0.0795296700, 0.8352534000)
(-0.3443750000, -0.4210653000, 0.0797932100, 0.8353101000)
(-0.3445350000, -0.4212191000, 0.0795999700, 0.8351850000)
(-0.3444463000, -0.4211186000, 0.0797289100, 0.8352599000)
(-0.3444692000, -0.4211021000, 0.0797167700, 0.8352600000)
(-0.3444930000, -0.4211069000, 0.0796244000, 0.8352566000)
(-0.3445894000, -0.4211593000, 0.0796371300, 0.8351892000)
(-0.3445262000, -0.4212038000, 0.0798597500, 0.8351715000)
(-0.3445492000, -0.4211708000, 0.0797891100, 0.8351855000)
(-0.3445092000, -0.4211929000, 0.0797648400, 0.8351932000)
(-0.3444472000, -0.4210691000, 0.0797274900, 0.8352847000)
(-0.3443582000, -0.4211484000, 0.0795095600, 0.8353022000)
(-0.3445203000, -0.4210073000, 0.0795317700, 0.8353043000)
(-0.3445304000, -0.4209708000, 0.0795702000, 0.8353149000)
(-0.3445890000, -0.4210839000, 0.0796332500, 0.8352277000)
(-0.3448043000, -0.4209567000, 0.0797452500, 0.8351923000)
(-0.3446839000, -0.4209929000, 0.0796450800, 0.8352332000)
(-0.3446349000, -0.4210989000, 0.0797650800, 0.8351886000)
(-0.3446957000, -0.4209553000, 0.0794761500, 0.8352635000)
(-0.3444875000, -0.4210462000, 0.0796702800, 0.8352851000)
(-0.3445495000, -0.4210058000, 0.0796044300, 0.8352861000)
(-0.3446049000, -0.4209692000, 0.0794946000, 0.8352922000)
(-0.3444255000, -0.4208960000, 0.0795373100, 0.8353990000)
(-0.3445405000, -0.4211664000, 0.0795468700, 0.8352144000)
(-0.3443024000, -0.4209955000, 0.0796016100, 0.8353935000)
(-0.3445122000, -0.4211732000, 0.0795685900, 0.8352205000)
(-0.3443726000, -0.4210614000, 0.0793824100, 0.8353522000)
(-0.3445072000, -0.4209250000, 0.0796344400, 0.8353414000)
(-0.3445574000, -0.4209249000, 0.0797318400, 0.8353115000)
(-0.3445121000, -0.4210165000, 0.0795257900, 0.8353037000)
(-0.3445476000, -0.4209515000, 0.0796081100, 0.8353139000)
(-0.3446664000, -0.4210413000, 0.0796442900, 0.8352163000)
(-0.3449143000, -0.4210488000, 0.0796201700, 0.8351123000)
(-0.3446960000, -0.4210303000, 0.0796567900, 0.8352084000)
(-0.3447742000, -0.4211534000, 0.0796910900, 0.8351107000)
(-0.3446236000, -0.4211651000, 0.0796917500, 0.8351669000)
(-0.3447331000, -0.4210474000, 0.0797292500, 0.8351775000)
(-0.3447564000, -0.4211243000, 0.0798078600, 0.8351216000)
(-0.3449196000, -0.4211303000, 0.0796964900, 0.8350618000)
(-0.3448323000, -0.4212387000, 0.0796299500, 0.8350496000)
(-0.3449172000, -0.4210507000, 0.0798252800, 0.8350906000)
(-0.3449183000, -0.4212081000, 0.0798160700, 0.8350117000)
(-0.3448713000, -0.4210232000, 0.0796684300, 0.8351384000)
(-0.3448711000, -0.4213582000, 0.0795587500, 0.8349800000)
(-0.3448801000, -0.4212111000, 0.0796880600, 0.8350382000)
(-0.3447535000, -0.4213217000, 0.0795082800, 0.8350518000)
(-0.3444750000, -0.4212480000, 0.0796805900, 0.8351874000)
(-0.3448462000, -0.4211508000, 0.0796136000, 0.8350897000)
(-0.3445229000, -0.4212850000, 0.0795322300, 0.8351632000)
(-0.3445409000, -0.4212581000, 0.0795600600, 0.8351667000)
(-0.3446258000, -0.4211320000, 0.0796754900, 0.8351842000)
(-0.3445683000, -0.4210643000, 0.0794228200, 0.8352662000)
(-0.3444225000, -0.4210537000, 0.0795395800, 0.8353205000)
(-0.3444593000, -0.4211656000, 0.0795214200, 0.8352507000)
(-0.3443149000, -0.4213298000, 0.0795197500, 0.8352275000)
(-0.3444220000, -0.4211401000, 0.0794973400, 0.8352812000)
(-0.3444704000, -0.4212725000, 0.0794575000, 0.8351983000)
(-0.3445369000, -0.4210739000, 0.0795019900, 0.8352668000)
(-0.3446171000, -0.4211144000, 0.0796648700, 0.8351977000)
(-0.3444818000, -0.4211816000, 0.0796862500, 0.8352177000)
(-0.3446527000, -0.4211309000, 0.0797152500, 0.8351700000)
(-0.3447439000, -0.4210197000, 0.0797115600, 0.8351887000)
(-0.3447483000, -0.4210323000, 0.0795553300, 0.8351954000)
(-0.3446928000, -0.4210386000, 0.0795485300, 0.8352158000)
(-0.3446355000, -0.4209980000, 0.0796245600, 0.8352526000)
(-0.3444998000, -0.4212182000, 0.0795350400, 0.8352062000)
(-0.3445804000, -0.4210775000, 0.0796081000, 0.8352369000)
(-0.3444407000, -0.4211575000, 0.0794514600, 0.8352692000)
(-0.3443125000, -0.4210492000, 0.0795252500, 0.8353695000)
(-0.3443052000, -0.4210638000, 0.0794645000, 0.8353710000)
(-0.3442447000, -0.4211180000, 0.0795476300, 0.8353606000)
(-0.3443521000, -0.4211374000, 0.0796166600, 0.8353000000)
(-0.3443859000, -0.4209990000, 0.0793689900, 0.8353794000)
(-0.3445006000, -0.4209830000, 0.0795359700, 0.8353243000)
(-0.3444474000, -0.4210663000, 0.0795245100, 0.8353053000)
(-0.3444799000, -0.4209996000, 0.0794572400, 0.8353320000)
(-0.3444088000, -0.4211260000, 0.0794696400, 0.8352964000)
(-0.3444127000, -0.4209697000, 0.0795243400, 0.8353684000)
(-0.3442759000, -0.4211399000, 0.0794849600, 0.8353428000)
(-0.3444257000, -0.4210854000, 0.0795825300, 0.8352992000)
(-0.3443318000, -0.4211347000, 0.0794656300, 0.8353242000)
(-0.3443202000, -0.4211207000, 0.0795714300, 0.8353259000)
(-0.3443003000, -0.4211122000, 0.0794469300, 0.8353503000)
(-0.3442901000, -0.4211445000, 0.0794410900, 0.8353387000)
(-0.3444425000, -0.4209626000, 0.0794050800, 0.8353711000)
(-0.3444831000, -0.4210691000, 0.0794913800, 0.8352924000)
(-0.3445800000, -0.4211148000, 0.0794389400, 0.8352343000)
(-0.3447300000, -0.4210716000, 0.0795718300, 0.8351816000)
(-0.3449636000, -0.4210411000, 0.0796121100, 0.8350967000)
(-0.3448645000, -0.4208874000, 0.0797641900, 0.8352005000)
(-0.3448657000, -0.4211216000, 0.0795713400, 0.8351004000)
(-0.3449277000, -0.4209681000, 0.0796180100, 0.8351477000)
(-0.3450637000, -0.4212029000, 0.0797174300, 0.8349637000)
(-0.3449899000, -0.4211268000, 0.0797478400, 0.8350297000)
(-0.3448983000, -0.4210716000, 0.0795924500, 0.8351101000)
(-0.3447965000, -0.4210067000, 0.0796698300, 0.8351775000)
(-0.3448686000, -0.4210053000, 0.0797443700, 0.8351414000)
(-0.3446889000, -0.4210747000, 0.0797380600, 0.8351811000)
(-0.3446524000, -0.4210611000, 0.0795682300, 0.8352193000)
(-0.3445240000, -0.4210623000, 0.0796638700, 0.8352625000)
(-0.3445347000, -0.4210782000, 0.0796566200, 0.8352508000)
(-0.3445040000, -0.4209894000, 0.0795606200, 0.8353173000)
(-0.3445157000, -0.4211363000, 0.0795382500, 0.8352406000)
(-0.3444625000, -0.4211456000, 0.0797689200, 0.8352359000)
(-0.3445303000, -0.4209744000, 0.0797323100, 0.8352977000)
(-0.3445722000, -0.4210089000, 0.0797533200, 0.8352609000)
(-0.3446081000, -0.4210339000, 0.0797317700, 0.8352357000)
(-0.3446604000, -0.4211860000, 0.0797948400, 0.8351313000)
(-0.3446417000, -0.4211196000, 0.0798171000, 0.8351704000)
(-0.3447166000, -0.4211433000, 0.0797640800, 0.8351327000)
(-0.3447140000, -0.4210897000, 0.0798399500, 0.8351535000)
(-0.3447479000, -0.4208932000, 0.0798833900, 0.8352343000)
(-0.3448343000, -0.4210728000, 0.0797400600, 0.8351219000)
(-0.3447626000, -0.4211532000, 0.0798296900, 0.8351023000)
(-0.3448590000, -0.4209144000, 0.0798445200, 0.8351816000)
(-0.3449407000, -0.4209391000, 0.0798657300, 0.8351333000)
(-0.3449363000, -0.4208127000, 0.0798224700, 0.8352030000)
(-0.3449340000, -0.4208686000, 0.0799459100, 0.8351640000)
(-0.3448997000, -0.4208903000, 0.0800049500, 0.8351615000)
(-0.3451512000, -0.4210229000, 0.0799080400, 0.8350000000)
(-0.3450062000, -0.4209196000, 0.0801051100, 0.8350932000)
(-0.3452783000, -0.4210321000, 0.0799683300, 0.8349371000)
(-0.3450827000, -0.4209720000, 0.0800417600, 0.8350412000)
(-0.3450504000, -0.4209970000, 0.0800326500, 0.8350428000)
(-0.3450214000, -0.4210435000, 0.0799677200, 0.8350376000)
(-0.3450955000, -0.4210286000, 0.0800767700, 0.8350040000)
(-0.3451108000, -0.4209201000, 0.0803962900, 0.8350217000)
(-0.3450373000, -0.4209869000, 0.0801320300, 0.8350438000)
(-0.3450327000, -0.4209331000, 0.0802035900, 0.8350660000)
(-0.3452180000, -0.4209606000, 0.0801139200, 0.8349841000)
(-0.3451093000, -0.4209636000, 0.0802915800, 0.8350105000)
(-0.3451034000, -0.4208478000, 0.0801984400, 0.8350802000)
(-0.3450305000, -0.4208794000, 0.0800736500, 0.8351064000)
(-0.3450208000, -0.4208750000, 0.0802722600, 0.8350936000)
(-0.3449565000, -0.4208890000, 0.0801719700, 0.8351227000)
(-0.3449189000, -0.4208511000, 0.0800759100, 0.8351665000)
(-0.3449286000, -0.4208690000, 0.0800669200, 0.8351544000)
(-0.3447486000, -0.4208400000, 0.0800022800, 0.8352496000)
(-0.3449445000, -0.4208128000, 0.0801112500, 0.8351718000)
(-0.3448753000, -0.4209826000, 0.0800410600, 0.8351216000)
(-0.3449185000, -0.4208502000, 0.0801714000, 0.8351581000)
(-0.3447373000, -0.4208760000, 0.0800843500, 0.8352281000)
(-0.3448457000, -0.4208789000, 0.0802098200, 0.8351700000)
(-0.3446612000, -0.4209765000, 0.0801536700, 0.8352023000)
(-0.3447365000, -0.4208464000, 0.0801695200, 0.8352352000)
(-0.3448640000, -0.4209454000, 0.0803073000, 0.8351195000)
(-0.3452187000, -0.4208587000, 0.0802027200, 0.8350267000)
(-0.3450162000, -0.4208820000, 0.0802113700, 0.8350978000)
(-0.3450955000, -0.4208482000, 0.0802841500, 0.8350751000)
(-0.3451939000, -0.4206618000, 0.0801648500, 0.8351398000)
(-0.3451682000, -0.4208212000, 0.0802735100, 0.8350596000)
(-0.3452158000, -0.4207218000, 0.0801867900, 0.8350984000)
(-0.3452225000, -0.4208492000, 0.0803093800, 0.8350196000)
(-0.3451159000, -0.4207900000, 0.0802847300, 0.8350959000)
(-0.3450935000, -0.4209022000, 0.0804200100, 0.8350356000)
(-0.3450926000, -0.4208023000, 0.0801969800, 0.8351077000)
(-0.3448788000, -0.4207509000, 0.0802310500, 0.8352187000)
(-0.3449971000, -0.4209594000, 0.0802910000, 0.8350590000)
(-0.3450624000, -0.4208888000, 0.0803145600, 0.8350654000)
(-0.3448874000, -0.4208700000, 0.0801094800, 0.8351669000)
(-0.3450567000, -0.4209468000, 0.0803236200, 0.8350376000)
(-0.3450313000, -0.4208423000, 0.0802787100, 0.8351051000)
(-0.3451535000, -0.4208425000, 0.0803770400, 0.8350451000)
(-0.3451352000, -0.4208416000, 0.0804028100, 0.8350506000)
(-0.3453602000, -0.4207880000, 0.0803637000, 0.8349883000)
(-0.3451246000, -0.4209317000, 0.0803577600, 0.8350139000)
(-0.3452767000, -0.4208447000, 0.0803254100, 0.8349980000)
(-0.3453337000, -0.4209466000, 0.0805218800, 0.8349041000)
(-0.3454026000, -0.4208902000, 0.0803171400, 0.8349237000)
(-0.3453141000, -0.4208227000, 0.0804081900, 0.8349856000)
(-0.3454486000, -0.4209452000, 0.0804359300, 0.8348655000)
(-0.3453242000, -0.4208888000, 0.0804381800, 0.8349453000)
(-0.3452888000, -0.4209077000, 0.0803707900, 0.8349568000)
(-0.3453702000, -0.4208906000, 0.0805212100, 0.8349173000)
(-0.3451792000, -0.4209187000, 0.0804249500, 0.8349913000)
(-0.3451451000, -0.4208135000, 0.0801770200, 0.8350824000)
(-0.3451234000, -0.4208566000, 0.0801625900, 0.8350710000)
(-0.3450785000, -0.4210224000, 0.0802865000, 0.8349941000)
(-0.3450612000, -0.4210234000, 0.0804028600, 0.8349895000)
(-0.3451223000, -0.4210375000, 0.0801821300, 0.8349784000)
(-0.3450970000, -0.4210380000, 0.0802671200, 0.8349804000)
(-0.3449914000, -0.4210242000, 0.0803667200, 0.8350214000)
(-0.3452052000, -0.4210168000, 0.0804032900, 0.8349333000)
(-0.3450574000, -0.4209605000, 0.0802696300, 0.8350356000)
(-0.3451286000, -0.4210092000, 0.0803786700, 0.8349711000)
(-0.3451952000, -0.4209481000, 0.0804682100, 0.8349658000)
(-0.3451317000, -0.4208770000, 0.0805500700, 0.8350199000)
(-0.3452013000, -0.4208345000, 0.0804716400, 0.8350202000)
(-0.3452582000, -0.4209783000, 0.0804697200, 0.8349243000)
(-0.3453690000, -0.4208558000, 0.0804230900, 0.8349448000)
(-0.3451642000, -0.4208651000, 0.0805182900, 0.8350156000)
(-0.3451432000, -0.4209069000, 0.0803634700, 0.8350181000)
(-0.3452183000, -0.4209228000, 0.0804534700, 0.8349704000)
(-0.3451621000, -0.4209543000, 0.0804132700, 0.8349817000)
(-0.3451973000, -0.4210375000, 0.0804339300, 0.8349231000)
(-0.3450710000, -0.4209716000, 0.0805618100, 0.8349963000)
(-0.3450108000, -0.4209715000, 0.0804031600, 0.8350365000)
(-0.3452270000, -0.4210371000, 0.0804716000, 0.8349074000)
(-0.3453273000, -0.4208767000, 0.0803764800, 0.8349559000)
(-0.3453916000, -0.4209304000, 0.0803092400, 0.8349087000)
(-0.3454401000, -0.4209877000, 0.0806068500, 0.8348312000)
(-0.3452833000, -0.4210429000, 0.0806021900, 0.8348686000)
(-0.3453578000, -0.4210424000, 0.0806544800, 0.8348330000)
(-0.3454434000, -0.4210187000, 0.0804863900, 0.8348258000)
(-0.3454702000, -0.4209467000, 0.0804914600, 0.8348505000)
(-0.3454824000, -0.4211833000, 0.0806211800, 0.8347136000)
(-0.3453309000, -0.4210288000, 0.0806793400, 0.8348486000)
(-0.3452529000, -0.4210747000, 0.0806470300, 0.8348608000)
(-0.3453607000, -0.4210692000, 0.0805973900, 0.8348239000)
(-0.3452817000, -0.4209999000, 0.0805205100, 0.8348988000)
(-0.3452730000, -0.4210107000, 0.0804550300, 0.8349033000)
(-0.3452540000, -0.4209748000, 0.0805461200, 0.8349205000)
(-0.3450841000, -0.4212269000, 0.0804769300, 0.8348703000)
(-0.3451354000, -0.4210257000, 0.0804868000, 0.8349496000)
(-0.3451626000, -0.4211552000, 0.0805612200, 0.8348659000)
(-0.3451562000, -0.4211225000, 0.0805068700, 0.8348902000)
(-0.3451220000, -0.4210700000, 0.0804828700, 0.8349332000)
(-0.3451718000, -0.4210986000, 0.0805455500, 0.8348921000)
(-0.3451506000, -0.4211006000, 0.0804311000, 0.8349109000)
(-0.3449833000, -0.4212132000, 0.0806320500, 0.8349038000)
(-0.3451656000, -0.4210952000, 0.0804069900, 0.8349097000)
(-0.3450663000, -0.4210823000, 0.0806089500, 0.8349379000)
(-0.3451279000, -0.4212269000, 0.0805169000, 0.8348483000)
(-0.3451042000, -0.4211197000, 0.0806360600, 0.8349007000)
(-0.3452169000, -0.4210329000, 0.0805469200, 0.8349065000)
(-0.3452109000, -0.4211130000, 0.0805679600, 0.8348666000)
(-0.3451527000, -0.4210478000, 0.0804911400, 0.8349308000)
(-0.3451017000, -0.4211351000, 0.0804286100, 0.8349139000)
(-0.3451075000, -0.4211701000, 0.0804805800, 0.8348889000)
(-0.3452517000, -0.4211202000, 0.0804990200, 0.8348527000)
(-0.3452105000, -0.4211357000, 0.0805262500, 0.8348593000)
(-0.3452943000, -0.4212812000, 0.0805885900, 0.8347452000)
(-0.3450376000, -0.4212913000, 0.0805701000, 0.8348480000)
(-0.3451561000, -0.4211916000, 0.0804928200, 0.8348568000)
(-0.3451594000, -0.4211309000, 0.0805699500, 0.8348786000)
(-0.3450212000, -0.4210816000, 0.0806001700, 0.8349576000)
(-0.3450639000, -0.4211760000, 0.0805437300, 0.8348979000)
(-0.3450940000, -0.4210796000, 0.0804326200, 0.8349447000)
(-0.3450113000, -0.4211060000, 0.0804215900, 0.8349667000)
(-0.3451114000, -0.4212395000, 0.0804618400, 0.8348541000)
(-0.3451046000, -0.4211930000, 0.0803571500, 0.8348903000)
(-0.3450284000, -0.4211523000, 0.0804619600, 0.8349324000)
(-0.3451882000, -0.4211626000, 0.0804766900, 0.8348597000)
(-0.3451577000, -0.4211008000, 0.0803872600, 0.8349121000)
(-0.3451503000, -0.4209949000, 0.0803466700, 0.8349724000)
(-0.3452525000, -0.4211634000, 0.0803526600, 0.8348446000)
(-0.3453300000, -0.4210765000, 0.0802823100, 0.8348632000)
(-0.3451176000, -0.4210196000, 0.0804972400, 0.8349590000)
(-0.3452188000, -0.4211087000, 0.0804513600, 0.8348767000)
(-0.3451573000, -0.4210281000, 0.0803790200, 0.8349497000)
(-0.3450652000, -0.4211009000, 0.0804481700, 0.8349444000)
(-0.3449893000, -0.4209998000, 0.0805648300, 0.8350155000)
(-0.3449791000, -0.4208634000, 0.0804082200, 0.8351036000)
(-0.3450599000, -0.4208501000, 0.0803431500, 0.8350832000)
(-0.3449998000, -0.4209552000, 0.0804477100, 0.8350450000)
(-0.3449761000, -0.4209361000, 0.0803782200, 0.8350710000)
(-0.3449439000, -0.4209140000, 0.0804143200, 0.8350920000)
(-0.3449537000, -0.4209242000, 0.0804688800, 0.8350776000)
(-0.3449824000, -0.4209241000, 0.0804293900, 0.8350696000)
(-0.3450742000, -0.4209431000, 0.0804685200, 0.8350183000)
(-0.3450710000, -0.4209396000, 0.0803882500, 0.8350291000)
(-0.3450488000, -0.4208556000, 0.0804184400, 0.8350777000)
(-0.3451147000, -0.4208678000, 0.0804523000, 0.8350410000)
(-0.3450939000, -0.4209216000, 0.0804379100, 0.8350239000)
(-0.3451496000, -0.4209708000, 0.0803609800, 0.8349835000)
(-0.3451195000, -0.4209248000, 0.0802387700, 0.8350309000)
(-0.3452317000, -0.4208366000, 0.0803976000, 0.8350137000)
(-0.3451984000, -0.4209967000, 0.0802397000, 0.8349620000)
(-0.3451603000, -0.4208688000, 0.0803103500, 0.8350354000)
(-0.3451197000, -0.4207619000, 0.0802038400, 0.8351163000)
(-0.3450884000, -0.4208899000, 0.0804299700, 0.8350430000)
(-0.3449833000, -0.4208146000, 0.0802646100, 0.8351403000)
(-0.3450535000, -0.4210285000, 0.0803922600, 0.8349911000)
(-0.3450993000, -0.4209200000, 0.0802486200, 0.8350407000)
(-0.3450195000, -0.4208478000, 0.0802342700, 0.8351115000)
(-0.3450352000, -0.4209183000, 0.0803441600, 0.8350589000)
(-0.3450413000, -0.4208438000, 0.0803336300, 0.8350949000)
(-0.3448311000, -0.4209619000, 0.0802226200, 0.8351329000)
(-0.3449853000, -0.4208150000, 0.0803758900, 0.8351285000)
(-0.3448851000, -0.4208496000, 0.0803031000, 0.8351595000)
(-0.3448354000, -0.4207893000, 0.0802559500, 0.8352149000)
(-0.3449678000, -0.4207559000, 0.0801352800, 0.8351886000)
(-0.3448355000, -0.4208403000, 0.0801743300, 0.8351970000)
(-0.3449321000, -0.4208326000, 0.0801739500, 0.8351610000)
(-0.3448298000, -0.4207759000, 0.0800913200, 0.8352398000)
(-0.3448085000, -0.4209106000, 0.0801038800, 0.8351795000)
(-0.3447508000, -0.4208308000, 0.0801683100, 0.8352373000)
(-0.3448995000, -0.4208622000, 0.0800590100, 0.8351706000)
(-0.3448105000, -0.4207584000, 0.0802589000, 0.8352405000)
(-0.3448370000, -0.4209891000, 0.0801330700, 0.8351254000)
(-0.3448544000, -0.4208601000, 0.0801739300, 0.8351793000)
(-0.3449258000, -0.4208333000, 0.0803371900, 0.8351476000)
(-0.3450195000, -0.4206999000, 0.0802014200, 0.8351891000)
(-0.3449225000, -0.4207600000, 0.0801193600, 0.8352068000)
(-0.3448092000, -0.4208520000, 0.0801285500, 0.8352063000)
(-0.3448023000, -0.4208889000, 0.0800951700, 0.8351938000)
(-0.3448233000, -0.4207458000, 0.0801723700, 0.8352498000)
(-0.3449038000, -0.4207288000, 0.0802491300, 0.8352178000)
(-0.3447501000, -0.4207194000, 0.0801708800, 0.8352935000)
(-0.3449464000, -0.4207912000, 0.0801038900, 0.8351827000)
(-0.3450449000, -0.4207685000, 0.0801301700, 0.8351510000)
(-0.3447649000, -0.4209419000, 0.0801824900, 0.8351741000)
(-0.3449034000, -0.4209245000, 0.0803579800, 0.8351088000)
(-0.3449626000, -0.4207741000, 0.0803762900, 0.8351585000)
(-0.3448041000, -0.4209183000, 0.0802911100, 0.8351595000)
(-0.3448928000, -0.4208359000, 0.0801766300, 0.8351753000)
(-0.3447921000, -0.4208553000, 0.0803778100, 0.8351878000)
(-0.3448802000, -0.4209068000, 0.0802238900, 0.8351402000)
(-0.3447328000, -0.4208636000, 0.0803550900, 0.8352103000)
(-0.3449281000, -0.4207628000, 0.0801199000, 0.8352031000)
(-0.3448514000, -0.4207028000, 0.0800798800, 0.8352688000)
(-0.3445683000, -0.4207597000, 0.0802528600, 0.8353404000)
(-0.3445947000, -0.4206217000, 0.0802018300, 0.8354038000)
(-0.3447115000, -0.4208271000, 0.0801487600, 0.8352574000)
(-0.3446630000, -0.4208129000, 0.0802503500, 0.8352747000)
(-0.3446217000, -0.4208288000, 0.0802494200, 0.8352838000)
(-0.3446793000, -0.4208888000, 0.0802505200, 0.8352297000)
(-0.3446780000, -0.4208335000, 0.0801967800, 0.8352633000)
(-0.3446676000, -0.4209064000, 0.0801809700, 0.8352324000)
(-0.3447040000, -0.4209820000, 0.0801730800, 0.8351800000)
(-0.3447939000, -0.4207883000, 0.0802207600, 0.8352360000)
(-0.3447016000, -0.4208694000, 0.0801386100, 0.8352410000)
(-0.3447249000, -0.4208621000, 0.0800767500, 0.8352410000)
(-0.3447945000, -0.4207667000, 0.0801383900, 0.8352545000)
(-0.3446233000, -0.4205880000, 0.0799773900, 0.8354305000)
(-0.3448026000, -0.4207761000, 0.0801718900, 0.8352432000)
(-0.3447757000, -0.4207241000, 0.0801878000, 0.8352789000)
(-0.3445537000, -0.4206849000, 0.0802123000, 0.8353879000)
(-0.3445656000, -0.4206503000, 0.0801720800, 0.8354043000)
(-0.3447382000, -0.4206598000, 0.0801954000, 0.8353261000)
(-0.3446254000, -0.4207521000, 0.0802512500, 0.8353208000)
(-0.3447621000, -0.4206669000, 0.0801474800, 0.8353172000)
(-0.3448876000, -0.4206176000, 0.0803419400, 0.8352715000)
(-0.3449934000, -0.4207312000, 0.0805913100, 0.8351467000)
(-0.3450759000, -0.4207714000, 0.0803685600, 0.8351138000)
(-0.3449916000, -0.4209741000, 0.0804539100, 0.8350382000)
(-0.3450936000, -0.4205543000, 0.0801835400, 0.8352336000)
(-0.3449760000, -0.4205233000, 0.0801562800, 0.8353004000)
(-0.3454637000, -0.4206252000, 0.0802471500, 0.8350387000)
(-0.3453560000, -0.4206705000, 0.0800937300, 0.8350753000)
(-0.3450397000, -0.4209678000, 0.0803887800, 0.8350278000)
(-0.3451985000, -0.4210267000, 0.0800031900, 0.8349695000)
(-0.3451296000, -0.4213248000, 0.0800703000, 0.8348411000)
(-0.3451325000, -0.4211729000, 0.0802696200, 0.8348975000)
(-0.3450503000, -0.4210964000, 0.0802683600, 0.8349701000)
(-0.3451234000, -0.4208598000, 0.0801884500, 0.8350670000)
(-0.3450127000, -0.4210653000, 0.0801482400, 0.8350129000)
(-0.3447271000, -0.4209909000, 0.0801027800, 0.8351727000)
(-0.3448591000, -0.4211349000, 0.0802706000, 0.8350295000)
(-0.3446900000, -0.4213390000, 0.0800885600, 0.8350138000)
(-0.3449051000, -0.4211283000, 0.0802185700, 0.8350188000)
(-0.3446270000, -0.4209590000, 0.0802300400, 0.8352179000)
(-0.3447095000, -0.4208578000, 0.0800165500, 0.8352553000)
(-0.3440999000, -0.4208425000, 0.0795596400, 0.8355580000)
(-0.3442364000, -0.4209036000, 0.0796860400, 0.8354589000)
(-0.3444434000, -0.4212205000, 0.0795157900, 0.8352301000)
(-0.3444286000, -0.4211842000, 0.0798056400, 0.8352268000)
(-0.3454913000, -0.4211221000, 0.0803841300, 0.8347636000)
(-0.3454401000, -0.4213047000, 0.0802542100, 0.8347052000)
(-0.3460029000, -0.4210029000, 0.0803374400, 0.8346164000)
(-0.3458631000, -0.4211414000, 0.0802031800, 0.8346174000)
(-0.3456403000, -0.4210249000, 0.0802869900, 0.8347604000)
(-0.3454267000, -0.4210628000, 0.0800920100, 0.8348483000)
(-0.3453308000, -0.4210056000, 0.0800143000, 0.8349243000)
(-0.3449934000, -0.4211905000, 0.0800627500, 0.8349659000)
(-0.3446616000, -0.4212249000, 0.0800139200, 0.8350903000)
(-0.3445420000, -0.4213347000, 0.0799223300, 0.8350930000)
(-0.3443627000, -0.4213324000, 0.0800831600, 0.8351527000)
(-0.3446341000, -0.4212669000, 0.0799154200, 0.8350899000)
(-0.3442348000, -0.4212609000, 0.0801288800, 0.8352371000)
(-0.3443344000, -0.4212824000, 0.0799910000, 0.8351985000)
(-0.3443217000, -0.4213353000, 0.0800757100, 0.8351688000)
(-0.3445648000, -0.4213079000, 0.0800191800, 0.8350878000)
(-0.3441965000, -0.4210987000, 0.0800708200, 0.8353403000)
(-0.3442341000, -0.4211812000, 0.0800252900, 0.8352876000)
(-0.3439978000, -0.4209765000, 0.0800271000, 0.8354879000)
(-0.3439173000, -0.4210149000, 0.0798863400, 0.8355151000)
(-0.3439477000, -0.4209574000, 0.0798069600, 0.8355392000)
(-0.3439847000, -0.4208880000, 0.0795803400, 0.8355805000)
(-0.3438297000, -0.4207239000, 0.0795354500, 0.8357312000)
(-0.3438228000, -0.4207967000, 0.0793356500, 0.8357164000)
(-0.3438461000, -0.4209765000, 0.0792892100, 0.8356207000)
(-0.3438841000, -0.4210300000, 0.0792445000, 0.8355823000)
(-0.3440671000, -0.4212430000, 0.0794543100, 0.8353797000)
(-0.3443872000, -0.4209896000, 0.0797368100, 0.8353485000)
(-0.3448014000, -0.4209568000, 0.0799297900, 0.8351758000)
(-0.3448003000, -0.4211168000, 0.0800412100, 0.8350849000)
(-0.3450524000, -0.4212803000, 0.0800050000, 0.8349018000)
(-0.3449979000, -0.4213530000, 0.0801562900, 0.8348731000)
(-0.3448654000, -0.4215061000, 0.0798308600, 0.8348818000)
(-0.3449273000, -0.4212914000, 0.0799622500, 0.8349519000)
(-0.3447963000, -0.4212164000, 0.0797859900, 0.8350608000)
(-0.3450692000, -0.4211400000, 0.0797585000, 0.8349892000)
(-0.3448191000, -0.4211676000, 0.0798896000, 0.8350661000)
(-0.3447945000, -0.4209569000, 0.0797684600, 0.8351941000)
(-0.3447574000, -0.4211302000, 0.0799161900, 0.8351078000)
(-0.3444597000, -0.4210314000, 0.0800548400, 0.8352672000)
(-0.3444945000, -0.4210694000, 0.0800942600, 0.8352299000)
(-0.3444740000, -0.4209320000, 0.0799789300, 0.8353187000)
(-0.3446203000, -0.4211341000, 0.0801192500, 0.8351430000)
(-0.3447943000, -0.4209109000, 0.0799334100, 0.8352015000)
(-0.3446715000, -0.4209729000, 0.0799103500, 0.8352232000)
(-0.3445888000, -0.4209380000, 0.0799432600, 0.8352718000)
(-0.3447005000, -0.4210562000, 0.0799823900, 0.8351623000)
(-0.3446711000, -0.4211784000, 0.0799837200, 0.8351128000)
(-0.3445071000, -0.4210170000, 0.0798395200, 0.8352755000)
(-0.3445882000, -0.4210046000, 0.0799303700, 0.8352396000)
(-0.3445674000, -0.4210012000, 0.0800957900, 0.8352340000)
(-0.3444630000, -0.4210275000, 0.0800740500, 0.8352660000)
(-0.3444165000, -0.4210058000, 0.0800469100, 0.8352987000)
(-0.3445443000, -0.4209865000, 0.0800375800, 0.8352566000)
(-0.3443875000, -0.4209622000, 0.0801441900, 0.8353233000)
(-0.3443846000, -0.4209143000, 0.0800518300, 0.8353575000)
(-0.3443435000, -0.4209341000, 0.0801202200, 0.8353579000)
(-0.3444679000, -0.4208630000, 0.0803686900, 0.8353186000)
(-0.3445049000, -0.4207105000, 0.0801907300, 0.8353972000)
(-0.3446291000, -0.4207484000, 0.0803506200, 0.8353116000)
(-0.3447046000, -0.4209148000, 0.0803158700, 0.8351999000)
(-0.3445526000, -0.4209312000, 0.0802016900, 0.8352653000)
(-0.3443496000, -0.4208695000, 0.0802929300, 0.8353714000)
(-0.3445358000, -0.4207712000, 0.0801772600, 0.8353552000)
(-0.3444850000, -0.4209410000, 0.0802156900, 0.8352869000)
(-0.3444177000, -0.4208267000, 0.0802184700, 0.8353720000)
(-0.3447940000, -0.4207896000, 0.0802717100, 0.8352304000)
(-0.3447684000, -0.4208849000, 0.0803241100, 0.8351879000)
(-0.3446425000, -0.4208117000, 0.0802744400, 0.8352815000)
(-0.3445650000, -0.4208124000, 0.0799765100, 0.8353416000)
(-0.3445749000, -0.4205954000, 0.0801871600, 0.8354266000)
(-0.3445587000, -0.4206425000, 0.0800662700, 0.8354212000)
(-0.3444820000, -0.4206797000, 0.0802714800, 0.8354144000)
(-0.3445238000, -0.4208029000, 0.0801642600, 0.8353454000)
(-0.3445407000, -0.4207631000, 0.0801603100, 0.8353589000)
(-0.3446135000, -0.4207560000, 0.0801785400, 0.8353307000)
(-0.3448529000, -0.4206971000, 0.0802265800, 0.8352569000)
(-0.3447249000, -0.4207860000, 0.0802018500, 0.8352674000)
(-0.3448303000, -0.4207491000, 0.0801599200, 0.8352465000)
(-0.3448373000, -0.4206839000, 0.0801960700, 0.8352730000)
(-0.3448745000, -0.4207557000, 0.0802253200, 0.8352186000)
(-0.3448698000, -0.4207533000, 0.0802393600, 0.8352204000)
(-0.3448513000, -0.4207705000, 0.0801931800, 0.8352238000)
(-0.3448519000, -0.4206730000, 0.0803425200, 0.8352583000)
(-0.3448014000, -0.4206461000, 0.0802090100, 0.8353056000)
(-0.3445540000, -0.4206529000, 0.0801563000, 0.8354093000)
(-0.3445625000, -0.4206823000, 0.0801090400, 0.8353955000)
(-0.3445900000, -0.4206808000, 0.0801438700, 0.8353816000)
(-0.3444715000, -0.4205300000, 0.0799225600, 0.8355277000)
(-0.3443729000, -0.4205894000, 0.0800267000, 0.8355283000)
(-0.3441747000, -0.4205528000, 0.0799475500, 0.8356360000)
(-0.3442273000, -0.4206533000, 0.0800730200, 0.8355518000)
(-0.3442099000, -0.4206135000, 0.0801549100, 0.8355711000)
(-0.3442962000, -0.4207470000, 0.0802223100, 0.8354619000)
(-0.3443806000, -0.4206459000, 0.0801754200, 0.8354825000)
(-0.3443864000, -0.4206299000, 0.0801782500, 0.8354878000)
(-0.3443990000, -0.4207640000, 0.0801374300, 0.8354191000)
(-0.3443909000, -0.4206462000, 0.0801336000, 0.8354821000)
(-0.3443752000, -0.4206502000, 0.0796807100, 0.8355299000)
(-0.3443245000, -0.4206109000, 0.0800152400, 0.8355386000)
(-0.3444224000, -0.4207645000, 0.0801111200, 0.8354116000)
(-0.3442111000, -0.4209011000, 0.0800576800, 0.8354351000)
(-0.3443151000, -0.4204912000, 0.0801049200, 0.8355941000)
(-0.3443393000, -0.4207428000, 0.0799175600, 0.8354754000)
(-0.3444581000, -0.4205476000, 0.0800353100, 0.8355135000)
(-0.3444323000, -0.4207369000, 0.0797769100, 0.8354535000)
(-0.3443954000, -0.4206160000, 0.0801085300, 0.8354979000)
(-0.3443705000, -0.4206787000, 0.0800084400, 0.8354861000)
(-0.3445064000, -0.4205238000, 0.0798645100, 0.8355219000)
(-0.3444229000, -0.4205608000, 0.0801513600, 0.8355101000)
(-0.3444882000, -0.4205391000, 0.0800231400, 0.8355064000)
(-0.3444206000, -0.4204991000, 0.0799801400, 0.8355586000)
(-0.3442021000, -0.4203448000, 0.0799614700, 0.8357280000)
(-0.3443026000, -0.4204687000, 0.0799396200, 0.8356264000)
(-0.3443103000, -0.4204149000, 0.0800625000, 0.8356386000)
(-0.3443464000, -0.4203705000, 0.0798528700, 0.8356661000)
(-0.3443702000, -0.4205112000, 0.0799278500, 0.8355783000)
(-0.3444503000, -0.4204854000, 0.0799719200, 0.8355540000)
(-0.3443778000, -0.4206201000, 0.0799239100, 0.8355207000)
(-0.3442092000, -0.4206063000, 0.0798147900, 0.8356075000)
(-0.3443017000, -0.4206170000, 0.0798800000, 0.8355578000)
(-0.3442674000, -0.4206424000, 0.0796457000, 0.8355815000)
(-0.3443092000, -0.4206539000, 0.0798862700, 0.8355356000)
(-0.3442441000, -0.4204115000, 0.0798223200, 0.8356906000)
(-0.3443513000, -0.4206351000, 0.0799385200, 0.8355227000)
(-0.3444709000, -0.4206122000, 0.0799649700, 0.8354824000)
(-0.3443174000, -0.4206251000, 0.0799407700, 0.8355414000)
(-0.3443202000, -0.4205960000, 0.0799601500, 0.8355531000)
(-0.3442326000, -0.4206567000, 0.0798822600, 0.8355661000)
(-0.3443148000, -0.4205307000, 0.0797641900, 0.8356069000)
(-0.3444969000, -0.4205909000, 0.0800272200, 0.8354765000)
(-0.3442624000, -0.4205482000, 0.0798699000, 0.8356096000)
(-0.3443469000, -0.4204482000, 0.0799876800, 0.8356138000)
(-0.3444356000, -0.4204916000, 0.0800223700, 0.8355522000)
(-0.3444770000, -0.4203948000, 0.0800657600, 0.8355796000)
(-0.3443061000, -0.4204244000, 0.0799378400, 0.8356474000)
(-0.3444199000, -0.4202639000, 0.0800807900, 0.8356676000)
(-0.3447144000, -0.4203727000, 0.0800483700, 0.8354945000)
(-0.3445418000, -0.4204464000, 0.0802634000, 0.8355080000)
(-0.3445627000, -0.4206739000, 0.0801389500, 0.8353968000)
(-0.3445619000, -0.4204943000, 0.0801676500, 0.8354847000)
(-0.3446798000, -0.4206079000, 0.0803055700, 0.8353657000)
(-0.3446782000, -0.4207597000, 0.0800605800, 0.8353135000)
(-0.3446126000, -0.4206419000, 0.0802754300, 0.8353792000)
(-0.3444332000, -0.4205475000, 0.0800124300, 0.8355259000)
(-0.3442896000, -0.4205026000, 0.0802125000, 0.8355885000)
(-0.3440229000, -0.4205852000, 0.0799663600, 0.8356804000)
(-0.3441987000, -0.4205655000, 0.0800545200, 0.8356095000)
(-0.3443135000, -0.4203761000, 0.0801809100, 0.8356454000)
(-0.3443275000, -0.4203207000, 0.0803517600, 0.8356510000)
(-0.3442640000, -0.4204570000, 0.0799118800, 0.8356508000)
(-0.3443339000, -0.4203954000, 0.0800140400, 0.8356432000)
(-0.3442496000, -0.4202916000, 0.0800436600, 0.8357273000)
(-0.3441980000, -0.4202812000, 0.0800856700, 0.8357499000)
(-0.3442535000, -0.4203597000, 0.0799746700, 0.8356981000)
(-0.3442681000, -0.4203382000, 0.0801151100, 0.8356894000)
(-0.3441699000, -0.4204216000, 0.0799742200, 0.8357014000)
(-0.3440858000, -0.4203713000, 0.0800017800, 0.8357587000)
(-0.3441074000, -0.4204043000, 0.0800914900, 0.8357247000)
(-0.3439857000, -0.4203814000, 0.0801149800, 0.8357841000)
(-0.3439687000, -0.4203980000, 0.0800523500, 0.8357887000)
(-0.3439243000, -0.4204491000, 0.0800878600, 0.8357778000)
(-0.3439604000, -0.4203173000, 0.0800799700, 0.8358300000)
(-0.3438953000, -0.4203807000, 0.0800460400, 0.8358282000)
(-0.3440104000, -0.4203716000, 0.0799677800, 0.8357929000)
(-0.3439676000, -0.4204104000, 0.0800642000, 0.8357818000)
(-0.3439398000, -0.4203412000, 0.0799903900, 0.8358351000)
(-0.3440087000, -0.4203475000, 0.0800925300, 0.8357938000)
(-0.3441951000, -0.4204251000, 0.0800176600, 0.8356851000)
(-0.3441303000, -0.4204505000, 0.0800061000, 0.8357002000)
(-0.3441793000, -0.4204624000, 0.0801212500, 0.8356630000)
(-0.3442812000, -0.4204867000, 0.0801214100, 0.8356088000)
(-0.3442762000, -0.4204959000, 0.0800543300, 0.8356127000)
(-0.3443091000, -0.4205500000, 0.0800145500, 0.8355757000)
(-0.3445069000, -0.4204521000, 0.0801750300, 0.8355280000)
(-0.3444553000, -0.4205426000, 0.0802207900, 0.8354993000)
(-0.3443350000, -0.4205875000, 0.0801543200, 0.8355327000)
(-0.3444093000, -0.4205953000, 0.0800952200, 0.8355038000)
(-0.3442635000, -0.4205012000, 0.0800722600, 0.8356134000)
(-0.3442099000, -0.4205676000, 0.0801583200, 0.8355939000)
(-0.3442955000, -0.4205500000, 0.0801420600, 0.8355690000)
(-0.3443779000, -0.4205530000, 0.0801682100, 0.8355311000)
(-0.3444579000, -0.4205321000, 0.0800720100, 0.8355178000)
(-0.3444210000, -0.4206035000, 0.0802178300, 0.8354831000)
(-0.3445286000, -0.4205800000, 0.0800848800, 0.8354633000)
(-0.3445116000, -0.4205387000, 0.0802265000, 0.8354775000)
(-0.3445294000, -0.4204853000, 0.0802468500, 0.8354951000)
(-0.3446496000, -0.4205669000, 0.0802677700, 0.8354025000)
(-0.3445326000, -0.4203886000, 0.0801222500, 0.8355544000)
(-0.3446361000, -0.4204414000, 0.0801515700, 0.8354824000)
(-0.3446458000, -0.4204703000, 0.0801613600, 0.8354629000)
(-0.3444548000, -0.4205264000, 0.0801616400, 0.8355134000)
(-0.3445702000, -0.4204476000, 0.0802736000, 0.8354947000)
(-0.3445695000, -0.4204772000, 0.0801747600, 0.8354896000)
(-0.3447045000, -0.4205105000, 0.0802733100, 0.8354077000)
(-0.3445668000, -0.4205977000, 0.0802156000, 0.8354261000)
(-0.3446504000, -0.4204518000, 0.0802632700, 0.8354605000)
(-0.3444155000, -0.4205272000, 0.0802408200, 0.8355216000)
(-0.3446191000, -0.4204865000, 0.0801132900, 0.8354703000)
(-0.3445907000, -0.4205386000, 0.0801410500, 0.8354532000)
(-0.3444831000, -0.4205622000, 0.0802553100, 0.8354746000)
(-0.3445378000, -0.4204966000, 0.0802763600, 0.8354831000)
(-0.3446068000, -0.4205128000, 0.0801336500, 0.8354602000)
(-0.3445134000, -0.4205050000, 0.0802071800, 0.8354956000)
(-0.3445615000, -0.4204738000, 0.0802070900, 0.8354915000)
(-0.3445294000, -0.4205456000, 0.0802378300, 0.8354656000)
(-0.3444370000, -0.4204777000, 0.0802732900, 0.8355345000)
(-0.3445813000, -0.4205410000, 0.0802650600, 0.8354439000)
(-0.3445802000, -0.4205223000, 0.0803484200, 0.8354458000)
(-0.3446912000, -0.4206115000, 0.0803117400, 0.8353586000)
(-0.3445863000, -0.4205280000, 0.0802913300, 0.8354459000)
(-0.3447120000, -0.4204360000, 0.0803145400, 0.8354381000)
(-0.3447324000, -0.4203885000, 0.0802319900, 0.8354615000)
(-0.3445682000, -0.4205396000, 0.0804394900, 0.8354332000)
(-0.3446491000, -0.4205075000, 0.0803718500, 0.8354225000)
(-0.3446307000, -0.4204862000, 0.0803118300, 0.8354467000)
(-0.3446642000, -0.4205225000, 0.0802760500, 0.8354180000)
(-0.3447469000, -0.4205593000, 0.0802793400, 0.8353651000)
(-0.3446201000, -0.4205230000, 0.0802930400, 0.8354343000)
(-0.3447568000, -0.4205231000, 0.0803440700, 0.8353729000)
(-0.3446757000, -0.4203914000, 0.0803197300, 0.8354750000)
(-0.3446591000, -0.4204470000, 0.0802805500, 0.8354576000)
(-0.3446997000, -0.4204729000, 0.0803505800, 0.8354211000)
(-0.3447783000, -0.4205097000, 0.0804374800, 0.8353618000)
(-0.3447367000, -0.4204781000, 0.0804327700, 0.8353953000)
(-0.3447642000, -0.4204483000, 0.0805078200, 0.8353918000)
(-0.3447836000, -0.4205565000, 0.0804483700, 0.8353350000)
(-0.3447355000, -0.4206654000, 0.0804870900, 0.8352963000)
(-0.3449371000, -0.4203193000, 0.0804873500, 0.8353873000)
(-0.3448534000, -0.4203526000, 0.0805639000, 0.8353977000)
(-0.3447570000, -0.4203738000, 0.0803986900, 0.8354427000)
(-0.3447337000, -0.4205239000, 0.0804393500, 0.8353729000)
(-0.3446252000, -0.4204549000, 0.0806066900, 0.8354362000)
(-0.3447147000, -0.4205329000, 0.0802861300, 0.8353909000)
(-0.3446136000, -0.4204604000, 0.0804887400, 0.8354496000)
(-0.3447838000, -0.4204075000, 0.0805378600, 0.8354013000)
(-0.3447632000, -0.4204177000, 0.0802112400, 0.8354361000)
(-0.3446913000, -0.4203124000, 0.0803047000, 0.8355098000)
(-0.3446894000, -0.4204909000, 0.0803329300, 0.8354180000)
(-0.3445525000, -0.4205104000, 0.0804343800, 0.8354550000)
(-0.3447148000, -0.4204969000, 0.0802289000, 0.8354145000)
(-0.3446987000, -0.4204757000, 0.0802916200, 0.8354259000)
(-0.3447400000, -0.4207292000, 0.0803178600, 0.8352786000)
(-0.3448851000, -0.4203763000, 0.0806066800, 0.8353686000)
(-0.3449094000, -0.4203960000, 0.0803098200, 0.8353772000)
(-0.3448571000, -0.4205846000, 0.0803557300, 0.8352994000)
(-0.3447461000, -0.4205573000, 0.0804827300, 0.8353468000)
(-0.3448107000, -0.4205683000, 0.0802913200, 0.8353330000)
(-0.3446615000, -0.4205485000, 0.0803455000, 0.8353993000)
(-0.3446932000, -0.4206397000, 0.0804449900, 0.8353308000)
(-0.3447004000, -0.4206302000, 0.0804344700, 0.8353336000)
(-0.3447646000, -0.4206603000, 0.0805066800, 0.8352849000)
(-0.3448499000, -0.4207132000, 0.0803882400, 0.8352346000)
(-0.3447894000, -0.4207170000, 0.0804789600, 0.8352488000)
(-0.3448237000, -0.4208071000, 0.0803346700, 0.8352032000)
(-0.3449154000, -0.4205784000, 0.0805146300, 0.8352632000)
(-0.3450598000, -0.4206546000, 0.0803511200, 0.8351809000)
(-0.3449324000, -0.4207563000, 0.0803546200, 0.8351820000)
(-0.3448327000, -0.4207392000, 0.0805754500, 0.8352105000)
(-0.3446587000, -0.4207348000, 0.0805852000, 0.8352836000)
(-0.3445933000, -0.4208293000, 0.0803681500, 0.8352839000)
(-0.3448263000, -0.4206657000, 0.0802453200, 0.8352820000)
(-0.3446061000, -0.4209405000, 0.0801802400, 0.8352406000)
(-0.3447092000, -0.4207482000, 0.0800924500, 0.8353034000)
(-0.3447945000, -0.4206892000, 0.0803624400, 0.8352720000)
(-0.3447333000, -0.4207110000, 0.0802705400, 0.8352951000)
(-0.3446345000, -0.4208302000, 0.0802273900, 0.8352800000)
(-0.3446655000, -0.4208374000, 0.0802508100, 0.8352613000)
(-0.3447168000, -0.4207853000, 0.0801794200, 0.8352733000)
(-0.3447043000, -0.4208644000, 0.0803663100, 0.8352206000)
(-0.3447247000, -0.4207085000, 0.0803332900, 0.8352939000)
(-0.3446979000, -0.4207718000, 0.0804144800, 0.8352652000)
(-0.3448028000, -0.4208450000, 0.0803547100, 0.8351908000)
(-0.3448045000, -0.4207680000, 0.0802507500, 0.8352389000)
(-0.3448030000, -0.4209273000, 0.0803111900, 0.8351534000)
(-0.3448969000, -0.4208794000, 0.0803901300, 0.8351312000)
(-0.3449335000, -0.4207928000, 0.0803948200, 0.8351593000)
(-0.3448261000, -0.4208735000, 0.0801912800, 0.8351826000)
(-0.3447223000, -0.4208887000, 0.0801756700, 0.8352191000)
(-0.3448689000, -0.4209119000, 0.0802847000, 0.8351365000)
(-0.3448309000, -0.4209599000, 0.0803828300, 0.8351185000)
(-0.3448298000, -0.4210511000, 0.0801343300, 0.8350970000)
(-0.3447259000, -0.4209526000, 0.0802505700, 0.8351783000)
(-0.3448197000, -0.4209427000, 0.0802257200, 0.8351470000)
(-0.3447880000, -0.4209534000, 0.0801632600, 0.8351607000)
(-0.3447913000, -0.4209715000, 0.0802026000, 0.8351464000)
(-0.3449193000, -0.4209512000, 0.0802670200, 0.8350977000)
(-0.3448567000, -0.4209765000, 0.0802267000, 0.8351145000)
(-0.3448884000, -0.4210126000, 0.0802509000, 0.8350809000)
(-0.3448215000, -0.4209516000, 0.0802568300, 0.8351387000)
(-0.3447920000, -0.4209267000, 0.0803279900, 0.8351567000)
(-0.3447687000, -0.4209379000, 0.0803323000, 0.8351603000)
(-0.3446561000, -0.4209440000, 0.0802816800, 0.8352085000)
(-0.3445218000, -0.4209654000, 0.0802114100, 0.8352599000)
(-0.3445131000, -0.4208818000, 0.0801753100, 0.8353091000)
(-0.3445470000, -0.4209136000, 0.0802023700, 0.8352765000)
(-0.3445197000, -0.4208744000, 0.0801267000, 0.8353147000)
(-0.3445048000, -0.4209150000, 0.0799930300, 0.8353132000)
(-0.3445253000, -0.4209734000, 0.0802271500, 0.8352529000)
(-0.3445732000, -0.4208438000, 0.0800989400, 0.8353107000)
(-0.3445148000, -0.4208671000, 0.0801374200, 0.8353194000)
(-0.3444897000, -0.4208983000, 0.0801253900, 0.8353152000)
(-0.3445622000, -0.4208627000, 0.0801931700, 0.8352967000)
(-0.3445987000, -0.4208003000, 0.0801212800, 0.8353200000)
(-0.3445371000, -0.4209082000, 0.0801652900, 0.8352868000)
(-0.3445995000, -0.4207968000, 0.0802314800, 0.8353108000)
(-0.3445419000, -0.4209282000, 0.0802474500, 0.8352668000)
(-0.3445720000, -0.4209120000, 0.0802021300, 0.8352669000)
(-0.3444750000, -0.4207985000, 0.0802321800, 0.8353612000)
(-0.3445503000, -0.4208854000, 0.0801779200, 0.8352916000)
(-0.3445679000, -0.4209486000, 0.0801810800, 0.8352522000)
(-0.3445641000, -0.4209031000, 0.0801279000, 0.8352818000)
(-0.3444811000, -0.4209442000, 0.0800728900, 0.8353006000)
(-0.3445773000, -0.4209304000, 0.0800911300, 0.8352661000)
(-0.3445798000, -0.4209007000, 0.0800781800, 0.8352813000)
(-0.3446185000, -0.4208694000, 0.0800490000, 0.8352839000)
(-0.3446257000, -0.4208540000, 0.0801856500, 0.8352757000)
(-0.3446517000, -0.4208048000, 0.0800812600, 0.8352997000)
(-0.3447767000, -0.4207691000, 0.0800962200, 0.8352646000)
(-0.3445326000, -0.4207979000, 0.0800675900, 0.8353536000)
(-0.3447766000, -0.4208046000, 0.0801793100, 0.8352388000)
(-0.3448610000, -0.4208532000, 0.0801560900, 0.8351818000)
(-0.3449691000, -0.4208476000, 0.0802159400, 0.8351342000)
(-0.3449243000, -0.4208377000, 0.0801674700, 0.8351623000)
(-0.3449104000, -0.4209020000, 0.0802542000, 0.8351273000)
(-0.3450046000, -0.4208340000, 0.0801972900, 0.8351281000)
(-0.3450940000, -0.4209124000, 0.0802251600, 0.8350490000)
(-0.3450722000, -0.4208000000, 0.0802136500, 0.8351157000)
(-0.3450466000, -0.4209312000, 0.0802705400, 0.8350548000)
(-0.3451611000, -0.4209251000, 0.0802945000, 0.8350081000)
(-0.3451160000, -0.4209261000, 0.0801673200, 0.8350386000)
(-0.3450704000, -0.4209487000, 0.0801476900, 0.8350479000)
(-0.3451584000, -0.4209194000, 0.0801863100, 0.8350226000)
(-0.3450176000, -0.4208731000, 0.0801704500, 0.8351057000)
(-0.3450798000, -0.4209445000, 0.0801618000, 0.8350448000)
(-0.3449746000, -0.4210220000, 0.0801049700, 0.8350546000)
(-0.3449052000, -0.4209271000, 0.0801297500, 0.8351287000)
(-0.3449878000, -0.4208922000, 0.0801277200, 0.8351124000)
(-0.3450048000, -0.4209007000, 0.0801454300, 0.8350994000)
(-0.3448903000, -0.4209538000, 0.0800807000, 0.8351261000)
(-0.3448924000, -0.4209424000, 0.0801011000, 0.8351291000)
(-0.3447975000, -0.4210011000, 0.0801488900, 0.8351341000)
(-0.3449107000, -0.4209948000, 0.0800686100, 0.8350982000)
(-0.3449441000, -0.4209711000, 0.0801196200, 0.8350915000)
(-0.3448579000, -0.4209058000, 0.0800178600, 0.8351697000)
(-0.3449748000, -0.4209885000, 0.0801007100, 0.8350719000)
(-0.3449742000, -0.4209124000, 0.0801899600, 0.8351019000)
(-0.3450307000, -0.4209414000, 0.0802163900, 0.8350614000)
(-0.3450955000, -0.4208837000, 0.0802144000, 0.8350639000)
(-0.3450819000, -0.4208533000, 0.0801778600, 0.8350884000)
(-0.3450904000, -0.4208513000, 0.0801762700, 0.8350860000)
(-0.3451579000, -0.4208914000, 0.0801167900, 0.8350435000)
(-0.3451457000, -0.4209283000, 0.0802300500, 0.8350192000)
(-0.3450925000, -0.4208950000, 0.0800804900, 0.8350723000)
(-0.3452981000, -0.4208358000, 0.0800382300, 0.8350213000)
(-0.3451560000, -0.4208056000, 0.0802154500, 0.8350781000)
(-0.3451339000, -0.4209116000, 0.0802868100, 0.8350270000)
(-0.3451682000, -0.4209275000, 0.0802466500, 0.8350087000)
(-0.3450633000, -0.4208527000, 0.0802956100, 0.8350850000)
(-0.3451410000, -0.4209253000, 0.0803552200, 0.8350106000)
(-0.3449780000, -0.4208860000, 0.0802036100, 0.8351123000)
(-0.3450367000, -0.4209864000, 0.0801562400, 0.8350420000)
(-0.3451030000, -0.4209833000, 0.0803053800, 0.8350018000)
(-0.3450615000, -0.4209566000, 0.0803296600, 0.8350301000)
(-0.3451662000, -0.4209775000, 0.0801566600, 0.8349929000)
(-0.3449523000, -0.4210136000, 0.0804482500, 0.8350351000)
(-0.3450495000, -0.4209590000, 0.0803135900, 0.8350354000)
(-0.3448947000, -0.4210719000, 0.0803173400, 0.8350421000)
(-0.3448463000, -0.4210906000, 0.0802781900, 0.8350564000)
(-0.3448594000, -0.4210502000, 0.0803606000, 0.8350634000)
(-0.3447808000, -0.4208856000, 0.0801611400, 0.8351980000)
(-0.3446126000, -0.4209978000, 0.0802860200, 0.8351989000)
(-0.3447511000, -0.4210022000, 0.0803098200, 0.8351372000)
(-0.3448219000, -0.4210744000, 0.0801894700, 0.8350831000)
(-0.3448533000, -0.4211035000, 0.0800032200, 0.8350734000)
(-0.3446501000, -0.4211176000, 0.0802492000, 0.8351266000)
(-0.3447095000, -0.4210632000, 0.0802181400, 0.8351324000)
(-0.3447383000, -0.4209974000, 0.0803809300, 0.8351381000)
(-0.3444771000, -0.4209075000, 0.0801141400, 0.8353168000)
(-0.3444972000, -0.4208259000, 0.0801025000, 0.8353508000)
(-0.3444453000, -0.4210289000, 0.0800849200, 0.8352715000)
(-0.3444173000, -0.4209973000, 0.0800919000, 0.8352984000)
(-0.3444440000, -0.4210132000, 0.0803203400, 0.8352574000)
(-0.3445059000, -0.4208293000, 0.0802237100, 0.8353338000)
(-0.3444925000, -0.4209385000, 0.0800984600, 0.8352963000)
(-0.3443471000, -0.4209412000, 0.0803920000, 0.8353267000)
(-0.3443932000, -0.4209504000, 0.0800346500, 0.8353375000)
(-0.3443527000, -0.4209090000, 0.0803269900, 0.8353469000)
(-0.3442736000, -0.4209142000, 0.0801685100, 0.8353921000)
(-0.3441898000, -0.4210322000, 0.0801769000, 0.8353664000)
(-0.3442703000, -0.4210461000, 0.0803031200, 0.8353140000)
(-0.3441956000, -0.4207822000, 0.0801394800, 0.8354935000)
(-0.3441953000, -0.4208886000, 0.0801067400, 0.8354432000)
(-0.3440468000, -0.4209130000, 0.0800993700, 0.8354928000)
(-0.3441169000, -0.4208494000, 0.0800822000, 0.8354976000)
(-0.3441739000, -0.4209761000, 0.0801905000, 0.8353999000)
(-0.3441441000, -0.4209998000, 0.0800533100, 0.8354134000)
(-0.3439764000, -0.4209352000, 0.0802130800, 0.8354996000)
(-0.3439696000, -0.4209431000, 0.0800004700, 0.8355189000)
(-0.3439308000, -0.4207702000, 0.0802004300, 0.8356028000)
(-0.3438816000, -0.4208944000, 0.0800765600, 0.8355724000)
(-0.3439360000, -0.4207303000, 0.0801574800, 0.8356248000)
(-0.3438705000, -0.4209354000, 0.0800068600, 0.8355629000)
(-0.3437582000, -0.4207986000, 0.0802224800, 0.8356574000)
(-0.3437623000, -0.4209062000, 0.0800823900, 0.8356149000)
(-0.3435707000, -0.4209874000, 0.0800643000, 0.8356545000)
(-0.3436995000, -0.4209621000, 0.0802114000, 0.8356003000)
(-0.3438924000, -0.4210399000, 0.0800062900, 0.8355013000)
(-0.3437509000, -0.4210175000, 0.0801288300, 0.8355591000)
(-0.3439146000, -0.4208445000, 0.0799702900, 0.8355941000)
(-0.3436415000, -0.4209190000, 0.0801515100, 0.8356515000)
(-0.3437708000, -0.4209159000, 0.0800244700, 0.8356121000)
(-0.3437715000, -0.4208168000, 0.0799957300, 0.8356645000)
(-0.3439499000, -0.4208281000, 0.0800392400, 0.8355812000)
(-0.3437584000, -0.4208474000, 0.0800439900, 0.8356498000)
(-0.3437841000, -0.4207518000, 0.0800066300, 0.8356910000)
(-0.3439306000, -0.4208237000, 0.0800102600, 0.8355941000)
(-0.3439740000, -0.4207481000, 0.0801313800, 0.8356028000)
(-0.3439675000, -0.4207877000, 0.0799392300, 0.8356038000)
(-0.3438985000, -0.4205926000, 0.0800320600, 0.8357216000)
(-0.3438022000, -0.4206654000, 0.0801438800, 0.8357139000)
(-0.3437823000, -0.4207135000, 0.0800358900, 0.8357081000)
(-0.3437751000, -0.4207734000, 0.0800301400, 0.8356816000)
(-0.3438824000, -0.4207280000, 0.0801979500, 0.8356442000)
(-0.3438021000, -0.4207107000, 0.0800648100, 0.8356987000)
(-0.3439431000, -0.4208457000, 0.0801468400, 0.8355648000)
(-0.3439184000, -0.4206501000, 0.0801687300, 0.8356714000)
(-0.3440519000, -0.4207642000, 0.0801104600, 0.8355646000)
(-0.3439596000, -0.4207226000, 0.0800790400, 0.8356265000)
(-0.3439473000, -0.4207143000, 0.0800900600, 0.8356348000)
(-0.3439339000, -0.4206572000, 0.0799729500, 0.8356802000)
(-0.3440254000, -0.4207045000, 0.0800569900, 0.8356106000)
(-0.3440784000, -0.4206644000, 0.0801592500, 0.8355992000)
(-0.3440403000, -0.4206825000, 0.0800561200, 0.8356156000)
(-0.3439527000, -0.4207062000, 0.0799278000, 0.8356521000)
(-0.3439702000, -0.4207581000, 0.0801515700, 0.8355973000)
(-0.3441265000, -0.4206975000, 0.0801381400, 0.8355647000)
(-0.3440810000, -0.4206872000, 0.0801973800, 0.8355831000)
(-0.3442086000, -0.4206220000, 0.0801434500, 0.8355685000)
(-0.3441227000, -0.4207170000, 0.0801620300, 0.8355542000)
(-0.3443295000, -0.4207247000, 0.0800854000, 0.8354725000)
(-0.3442089000, -0.4206294000, 0.0800102400, 0.8355774000)
(-0.3442711000, -0.4206174000, 0.0801474700, 0.8355446000)
(-0.3442860000, -0.4207672000, 0.0800803400, 0.8354695000)
(-0.3441958000, -0.4205391000, 0.0801761700, 0.8356124000)
(-0.3441380000, -0.4206417000, 0.0801757700, 0.8355845000)
(-0.3441500000, -0.4206192000, 0.0801786600, 0.8355906000)
(-0.3441694000, -0.4206274000, 0.0802625300, 0.8355705000)
(-0.3440154000, -0.4205760000, 0.0803457600, 0.8356518000)
(-0.3440658000, -0.4205700000, 0.0802643900, 0.8356418000)
(-0.3440482000, -0.4206501000, 0.0802157800, 0.8356134000)
(-0.3440498000, -0.4206397000, 0.0803057100, 0.8356094000)
(-0.3441155000, -0.4207728000, 0.0801925900, 0.8355262000)
(-0.3439949000, -0.4206445000, 0.0803198300, 0.8356282000)
(-0.3442639000, -0.4207514000, 0.0803188800, 0.8354636000)
(-0.3440495000, -0.4206759000, 0.0802267000, 0.8355988000)
(-0.3441321000, -0.4206336000, 0.0803014200, 0.8355790000)
(-0.3440287000, -0.4206705000, 0.0802771100, 0.8356053000)
(-0.3440641000, -0.4206692000, 0.0802607200, 0.8355929000)
(-0.3441486000, -0.4207247000, 0.0802183800, 0.8355343000)
(-0.3440692000, -0.4206153000, 0.0803209000, 0.8356122000)
(-0.3441381000, -0.4206830000, 0.0802744900, 0.8355542000)
(-0.3441353000, -0.4205348000, 0.0802734500, 0.8356301000)
(-0.3441160000, -0.4206902000, 0.0803628300, 0.8355511000)
(-0.3440537000, -0.4207107000, 0.0803119300, 0.8355714000)
(-0.3440677000, -0.4206266000, 0.0802343300, 0.8356154000)
(-0.3441147000, -0.4206293000, 0.0801726200, 0.8356007000)
(-0.3440817000, -0.4206783000, 0.0802846900, 0.8355788000)
(-0.3441953000, -0.4206153000, 0.0801682600, 0.8355749000)
(-0.3440651000, -0.4205818000, 0.0802022000, 0.8356422000)
(-0.3441285000, -0.4205768000, 0.0801743900, 0.8356212000)
(-0.3441599000, -0.4205537000, 0.0801613400, 0.8356212000)
(-0.3442660000, -0.4205946000, 0.0801758500, 0.8355555000)
(-0.3443046000, -0.4204760000, 0.0801052400, 0.8356060000)
(-0.3441707000, -0.4205819000, 0.0800511400, 0.8356131000)
(-0.3441990000, -0.4206547000, 0.0801021300, 0.8355599000)
(-0.3442822000, -0.4206601000, 0.0802851100, 0.8355054000)
(-0.3443029000, -0.4205510000, 0.0803250700, 0.8355479000)
(-0.3442597000, -0.4205485000, 0.0802829300, 0.8355710000)
(-0.3442982000, -0.4206444000, 0.0801180300, 0.8355227000)
(-0.3443125000, -0.4206578000, 0.0802209900, 0.8355002000)
(-0.3443725000, -0.4206837000, 0.0803198000, 0.8354529000)
(-0.3443507000, -0.4205492000, 0.0802050000, 0.8355406000)
(-0.3442903000, -0.4207140000, 0.0803431300, 0.8354693000)
(-0.3443676000, -0.4207409000, 0.0803698800, 0.8354214000)
(-0.3443997000, -0.4206677000, 0.0804273700, 0.8354394000)
(-0.3444089000, -0.4205670000, 0.0802420800, 0.8355041000)
(-0.3443738000, -0.4205916000, 0.0802745100, 0.8355031000)
(-0.3443177000, -0.4206810000, 0.0803555300, 0.8354735000)
(-0.3443177000, -0.4206178000, 0.0803150100, 0.8355091000)
(-0.3442567000, -0.4207344000, 0.0803084800, 0.8354762000)
(-0.3442446000, -0.4207376000, 0.0804317700, 0.8354678000)
(-0.3443315000, -0.4206025000, 0.0804637400, 0.8354968000)
(-0.3444062000, -0.4206677000, 0.0804086800, 0.8354385000)
(-0.3443407000, -0.4207333000, 0.0805727700, 0.8354167000)
(-0.3443088000, -0.4207515000, 0.0804134500, 0.8354360000)
(-0.3444157000, -0.4206198000, 0.0803984900, 0.8354597000)
(-0.3444578000, -0.4207779000, 0.0804333600, 0.8353594000)
(-0.3443074000, -0.4208251000, 0.0803278300, 0.8354078000)
(-0.3443924000, -0.4206969000, 0.0804153800, 0.8354289000)
(-0.3444590000, -0.4207438000, 0.0803401800, 0.8353850000)
(-0.3444919000, -0.4207726000, 0.0804426100, 0.8353472000)
(-0.3444912000, -0.4207054000, 0.0804090100, 0.8353845000)
(-0.3445464000, -0.4206824000, 0.0804796200, 0.8353665000)
(-0.3444928000, -0.4206363000, 0.0805341200, 0.8354066000)
(-0.3445235000, -0.4205714000, 0.0804166000, 0.8354378000)
(-0.3443532000, -0.4208412000, 0.0806271700, 0.8353519000)
(-0.3445339000, -0.4206285000, 0.0804975600, 0.8353970000)
(-0.3444875000, -0.4206946000, 0.0806062900, 0.8353724000)
(-0.3445205000, -0.4206444000, 0.0804897000, 0.8353953000)
(-0.3445266000, -0.4207335000, 0.0805175300, 0.8353452000)
(-0.3444189000, -0.4207688000, 0.0805141000, 0.8353722000)
(-0.3445700000, -0.4207737000, 0.0804936200, 0.8353094000)
(-0.3445427000, -0.4205943000, 0.0805664500, 0.8354040000)
(-0.3444871000, -0.4206910000, 0.0804319900, 0.8353912000)
(-0.3444788000, -0.4206925000, 0.0805221200, 0.8353852000)
(-0.3444901000, -0.4207342000, 0.0803929600, 0.8353720000)
(-0.3444980000, -0.4207328000, 0.0803692300, 0.8353717000)
(-0.3445005000, -0.4207331000, 0.0804934400, 0.8353586000)
(-0.3443837000, -0.4206564000, 0.0805301600, 0.8354418000)
(-0.3444784000, -0.4207260000, 0.0805468900, 0.8353661000)
(-0.3445298000, -0.4207124000, 0.0804941700, 0.8353568000)
(-0.3445528000, -0.4206340000, 0.0806564800, 0.8353711000)
(-0.3445143000, -0.4207411000, 0.0805705900, 0.8353414000)
(-0.3443890000, -0.4206418000, 0.0805732200, 0.8354428000)
(-0.3443974000, -0.4207699000, 0.0805520100, 0.8353769000)
(-0.3444351000, -0.4207443000, 0.0805200600, 0.8353773000)
(-0.3443195000, -0.4207834000, 0.0805991900, 0.8353977000)
(-0.3444689000, -0.4207649000, 0.0806304300, 0.8353423000)
(-0.3444971000, -0.4206280000, 0.0805843100, 0.8354041000)
(-0.3444957000, -0.4206398000, 0.0805846900, 0.8353987000)
(-0.3444106000, -0.4206908000, 0.0805243000, 0.8354140000)
(-0.3444911000, -0.4207967000, 0.0805228900, 0.8353276000)
(-0.3444434000, -0.4207603000, 0.0804712400, 0.8353705000)
(-0.3443778000, -0.4207049000, 0.0805169900, 0.8354211000)
(-0.3443483000, -0.4207371000, 0.0804833900, 0.8354203000)
(-0.3444440000, -0.4206343000, 0.0805793800, 0.8354233000)
(-0.3444522000, -0.4207868000, 0.0805080800, 0.8353500000)
(-0.3443456000, -0.4207955000, 0.0804063100, 0.8353994000)
(-0.3444533000, -0.4207493000, 0.0804513000, 0.8353739000)
(-0.3444054000, -0.4206042000, 0.0804731900, 0.8354647000)
(-0.3442865000, -0.4206792000, 0.0804647100, 0.8354767000)
(-0.3443953000, -0.4206390000, 0.0805134500, 0.8354474000)
(-0.3443350000, -0.4207464000, 0.0804535400, 0.8354239000)
(-0.3444327000, -0.4207106000, 0.0806199200, 0.8353856000)
(-0.3444885000, -0.4206752000, 0.0804687500, 0.8353950000)
(-0.3444211000, -0.4206470000, 0.0806113600, 0.8354233000)
(-0.3444705000, -0.4207260000, 0.0805463600, 0.8353694000)
(-0.3444630000, -0.4206868000, 0.0805476000, 0.8353921000)
(-0.3444740000, -0.4207345000, 0.0804916500, 0.8353689000)
(-0.3445839000, -0.4207613000, 0.0804701300, 0.8353122000)
(-0.3444740000, -0.4207365000, 0.0804405000, 0.8353729000)
(-0.3445291000, -0.4206913000, 0.0805602700, 0.8353614000)
(-0.3444847000, -0.4206924000, 0.0804381700, 0.8353909000)
(-0.3444484000, -0.4207520000, 0.0805061100, 0.8353693000)
(-0.3445307000, -0.4207437000, 0.0804735000, 0.8353426000)
(-0.3443550000, -0.4207204000, 0.0805026100, 0.8354240000)
(-0.3443507000, -0.4207404000, 0.0805121500, 0.8354148000)
(-0.3443604000, -0.4207272000, 0.0804763400, 0.8354210000)
(-0.3444387000, -0.4207455000, 0.0803243700, 0.8353941000)
(-0.3443321000, -0.4208049000, 0.0805102200, 0.8353902000)
(-0.3443784000, -0.4208201000, 0.0804426200, 0.8353699000)
(-0.3443113000, -0.4208243000, 0.0804629300, 0.8353935000)
(-0.3443035000, -0.4208113000, 0.0804986900, 0.8353999000)
(-0.3444734000, -0.4207987000, 0.0803666900, 0.8353488000)
(-0.3445467000, -0.4207825000, 0.0805729300, 0.8353069000)
(-0.3443727000, -0.4207271000, 0.0803974200, 0.8354235000)
(-0.3443040000, -0.4207343000, 0.0803317800, 0.8354545000)
(-0.3443217000, -0.4208510000, 0.0804924100, 0.8353729000)
(-0.3443702000, -0.4207663000, 0.0802988100, 0.8354143000)
(-0.3443586000, -0.4207482000, 0.0804609100, 0.8354126000)
(-0.3442642000, -0.4207872000, 0.0803174600, 0.8354456000)
(-0.3443720000, -0.4208425000, 0.0802718300, 0.8353778000)
(-0.3442791000, -0.4205981000, 0.0804521700, 0.8355218000)
(-0.3444521000, -0.4207118000, 0.0804811600, 0.8353904000)
(-0.3443670000, -0.4207274000, 0.0803846300, 0.8354269000)
(-0.3444610000, -0.4207256000, 0.0803822500, 0.8353893000)
(-0.3443542000, -0.4207567000, 0.0803304800, 0.8354226000)
(-0.3443770000, -0.4208562000, 0.0804196100, 0.8353546000)
(-0.3443307000, -0.4208128000, 0.0802759300, 0.8354093000)
(-0.3443014000, -0.4207718000, 0.0802428600, 0.8354452000)
(-0.3443249000, -0.4208068000, 0.0802781700, 0.8354146000)
(-0.3442393000, -0.4208822000, 0.0803437700, 0.8354055000)
(-0.3442048000, -0.4208576000, 0.0802342200, 0.8354427000)
(-0.3444071000, -0.4206083000, 0.0802708900, 0.8354813000)
(-0.3442248000, -0.4207253000, 0.0802843700, 0.8354962000)
(-0.3442621000, -0.4207879000, 0.0802430900, 0.8354533000)
(-0.3443188000, -0.4208258000, 0.0803220500, 0.8354033000)
(-0.3444918000, -0.4208113000, 0.0802504300, 0.8353461000)
(-0.3444586000, -0.4207493000, 0.0803621700, 0.8353803000)
(-0.3445150000, -0.4206807000, 0.0802571300, 0.8354017000)
(-0.3446787000, -0.4207313000, 0.0802017500, 0.8353140000)
(-0.3444849000, -0.4209180000, 0.0803385000, 0.8352868000)
(-0.3446171000, -0.4207221000, 0.0801178000, 0.8353521000)
(-0.3444770000, -0.4207968000, 0.0802346300, 0.8353611000)
(-0.3446004000, -0.4207612000, 0.0802092200, 0.8353305000)
(-0.3444211000, -0.4207709000, 0.0801229300, 0.8354079000)
(-0.3445874000, -0.4206904000, 0.0801799400, 0.8353743000)
(-0.3444807000, -0.4205515000, 0.0801593200, 0.8354903000)
(-0.3444609000, -0.4207249000, 0.0802663100, 0.8354008000)
(-0.3446635000, -0.4208384000, 0.0802783000, 0.8352590000)
(-0.3447402000, -0.4208384000, 0.0804002100, 0.8352157000)
(-0.3447258000, -0.4207930000, 0.0804823600, 0.8352365000)
(-0.3447954000, -0.4208361000, 0.0805784100, 0.8351768000)
(-0.3448541000, -0.4207928000, 0.0806213200, 0.8351701000)
(-0.3448932000, -0.4208857000, 0.0806136800, 0.8351080000)
(-0.3449666000, -0.4207938000, 0.0805070300, 0.8351343000)
(-0.3449274000, -0.4208790000, 0.0806813500, 0.8350907000)
(-0.3447810000, -0.4208688000, 0.0806511700, 0.8351592000)
(-0.3449726000, -0.4208718000, 0.0805267100, 0.8350906000)
(-0.3449728000, -0.4206392000, 0.0806839500, 0.8351925000)
(-0.3449141000, -0.4208205000, 0.0806030000, 0.8351332000)
(-0.3449245000, -0.4207411000, 0.0806208800, 0.8351672000)
(-0.3449605000, -0.4207130000, 0.0805358400, 0.8351747000)
(-0.3448822000, -0.4207942000, 0.0805847600, 0.8351614000)
(-0.3450312000, -0.4207984000, 0.0805418500, 0.8351020000)
(-0.3449307000, -0.4208781000, 0.0805793200, 0.8350997000)
(-0.3449800000, -0.4207699000, 0.0805593900, 0.8351358000)
(-0.3448858000, -0.4208165000, 0.0806412500, 0.8351433000)
(-0.3449761000, -0.4206721000, 0.0805981100, 0.8351829000)
(-0.3449005000, -0.4207264000, 0.0804416500, 0.8352019000)
(-0.3449013000, -0.4207825000, 0.0804664800, 0.8351709000)
(-0.3450089000, -0.4207877000, 0.0804462800, 0.8351257000)
(-0.3450209000, -0.4207115000, 0.0803960200, 0.8351640000)
(-0.3449182000, -0.4207156000, 0.0805520300, 0.8351893000)
(-0.3449500000, -0.4208938000, 0.0806032900, 0.8350815000)
(-0.3449744000, -0.4207583000, 0.0804965300, 0.8351499000)
(-0.3447296000, -0.4207871000, 0.0805334400, 0.8352330000)
(-0.3447256000, -0.4208269000, 0.0804300800, 0.8352245000)
(-0.3446922000, -0.4206731000, 0.0803514600, 0.8353233000)
(-0.3447036000, -0.4206999000, 0.0802648700, 0.8353135000)
(-0.3447010000, -0.4206957000, 0.0803783700, 0.8353058000)
(-0.3447471000, -0.4207455000, 0.0804520100, 0.8352545000)
(-0.3448404000, -0.4206566000, 0.0804865800, 0.8352575000)
(-0.3448079000, -0.4207032000, 0.0803795200, 0.8352578000)
(-0.3447369000, -0.4206900000, 0.0804533800, 0.8352866000)
(-0.3448651000, -0.4206529000, 0.0804562900, 0.8352521000)
(-0.3448937000, -0.4207560000, 0.0804718600, 0.8351868000)
(-0.3448578000, -0.4207889000, 0.0802458500, 0.8352068000)
(-0.3448130000, -0.4208038000, 0.0803750800, 0.8352053000)
(-0.3448044000, -0.4206218000, 0.0802668600, 0.8353110000)
(-0.3446933000, -0.4207773000, 0.0804186500, 0.8352640000)
(-0.3447286000, -0.4206689000, 0.0803217300, 0.8353133000)
(-0.3447709000, -0.4207582000, 0.0803315800, 0.8352500000)
(-0.3447385000, -0.4206169000, 0.0803611000, 0.8353316000)
(-0.3447559000, -0.4207487000, 0.0804106500, 0.8352533000)
(-0.3446696000, -0.4206415000, 0.0802830800, 0.8353552000)
(-0.3447279000, -0.4205959000, 0.0802891500, 0.8353535000)
(-0.3447592000, -0.4206258000, 0.0804199700, 0.8353130000)
(-0.3448142000, -0.4206050000, 0.0802834400, 0.8353139000)
(-0.3447046000, -0.4205301000, 0.0803140300, 0.8353938000)
(-0.3448760000, -0.4205758000, 0.0802411100, 0.8353071000)
(-0.3447871000, -0.4204910000, 0.0802962900, 0.8353812000)
(-0.3447546000, -0.4205008000, 0.0802799100, 0.8353912000)
(-0.3446728000, -0.4205689000, 0.0804220400, 0.8353771000)
(-0.3447250000, -0.4205203000, 0.0803365700, 0.8353882000)
(-0.3447571000, -0.4204962000, 0.0802312800, 0.8353972000)
(-0.3446365000, -0.4205257000, 0.0801982300, 0.8354353000)
(-0.3447213000, -0.4205442000, 0.0802307300, 0.8353879000)
(-0.3447631000, -0.4205025000, 0.0801553700, 0.8353989000)
(-0.3447336000, -0.4205509000, 0.0801705300, 0.8353851000)
(-0.3447312000, -0.4205480000, 0.0802257500, 0.8353823000)
(-0.3447478000, -0.4205548000, 0.0802037000, 0.8353742000)
(-0.3447606000, -0.4205393000, 0.0802177600, 0.8353753000)
(-0.3448185000, -0.4204752000, 0.0801854600, 0.8353868000)
(-0.3447722000, -0.4205966000, 0.0802746800, 0.8353363000)
(-0.3448271000, -0.4204919000, 0.0802172400, 0.8353718000)
(-0.3448762000, -0.4204732000, 0.0802515500, 0.8353577000)
(-0.3449459000, -0.4206018000, 0.0801908200, 0.8352700000)
(-0.3449425000, -0.4205238000, 0.0801678000, 0.8353128000)
(-0.3448524000, -0.4205173000, 0.0802085200, 0.8353494000)
(-0.3449005000, -0.4205205000, 0.0800761500, 0.8353407000)
(-0.3449410000, -0.4205624000, 0.0802940800, 0.8352819000)
(-0.3448815000, -0.4205225000, 0.0802051400, 0.8353351000)
(-0.3448747000, -0.4205514000, 0.0802556400, 0.8353185000)
(-0.3448960000, -0.4206122000, 0.0802313100, 0.8352814000)
(-0.3448291000, -0.4206147000, 0.0802575100, 0.8353053000)
(-0.3449744000, -0.4205369000, 0.0802281900, 0.8352873000)
(-0.3448056000, -0.4206750000, 0.0800021600, 0.8353091000)
(-0.3448753000, -0.4206568000, 0.0800776500, 0.8352823000)
(-0.3448088000, -0.4206988000, 0.0802666900, 0.8352705000)
(-0.3447759000, -0.4207840000, 0.0800591600, 0.8352610000)
(-0.3448920000, -0.4207309000, 0.0801635500, 0.8352298000)
(-0.3448271000, -0.4207628000, 0.0802144300, 0.8352357000)
(-0.3449499000, -0.4206944000, 0.0803231200, 0.8352090000)
(-0.3449810000, -0.4206936000, 0.0801639000, 0.8352119000)
(-0.3449977000, -0.4207335000, 0.0802523900, 0.8351763000)
(-0.3449316000, -0.4206391000, 0.0802951200, 0.8352471000)
(-0.3449090000, -0.4206090000, 0.0802421300, 0.8352767000)
(-0.3448567000, -0.4207981000, 0.0801296500, 0.8352138000)
(-0.3448174000, -0.4208146000, 0.0802142100, 0.8352135000)
(-0.3449342000, -0.4207599000, 0.0801982400, 0.8351945000)
(-0.3448702000, -0.4207723000, 0.0802381900, 0.8352108000)
(-0.3449558000, -0.4207001000, 0.0803014100, 0.8352058000)
(-0.3449243000, -0.4207713000, 0.0802600100, 0.8351868000)
(-0.3449135000, -0.4207227000, 0.0801430300, 0.8352271000)
(-0.3449753000, -0.4206477000, 0.0801602500, 0.8352376000)
(-0.3448119000, -0.4207000000, 0.0802353500, 0.8352715000)
(-0.3447771000, -0.4206995000, 0.0801313700, 0.8352962000)
(-0.3448145000, -0.4206411000, 0.0802192700, 0.8353018000)
(-0.3449427000, -0.4205095000, 0.0801187800, 0.8353246000)
(-0.3449394000, -0.4207162000, 0.0801692200, 0.8352171000)
(-0.3448750000, -0.4206844000, 0.0801516000, 0.8352614000)
(-0.3446546000, -0.4206935000, 0.0801310000, 0.8353498000)
(-0.3448453000, -0.4206814000, 0.0801725700, 0.8352732000)
(-0.3447130000, -0.4206491000, 0.0801624300, 0.8353450000)
(-0.3447731000, -0.4205633000, 0.0800445100, 0.8353747000)
(-0.3449200000, -0.4207243000, 0.0799926800, 0.8352380000)
(-0.3449742000, -0.4206227000, 0.0800634900, 0.8352600000)
(-0.3449206000, -0.4206410000, 0.0800867400, 0.8352706000)
(-0.3448867000, -0.4207377000, 0.0801096200, 0.8352337000)
(-0.3449131000, -0.4207010000, 0.0802627400, 0.8352267000)
(-0.3449351000, -0.4206413000, 0.0801147700, 0.8352618000)
(-0.3448961000, -0.4205694000, 0.0801422600, 0.8353115000)
(-0.3448783000, -0.4206361000, 0.0801918400, 0.8352805000)
(-0.3449272000, -0.4205973000, 0.0801489600, 0.8352840000)
(-0.3449180000, -0.4206203000, 0.0802268000, 0.8352687000)
(-0.3448479000, -0.4205137000, 0.0802067500, 0.8353533000)
(-0.3448507000, -0.4207323000, 0.0803633600, 0.8352270000)
(-0.3449517000, -0.4205902000, 0.0802496700, 0.8352677000)
(-0.3448638000, -0.4205194000, 0.0801790600, 0.8353465000)
(-0.3448975000, -0.4206053000, 0.0803264200, 0.8352752000)
(-0.3448096000, -0.4205647000, 0.0802691700, 0.8353375000)
(-0.3447897000, -0.4206165000, 0.0802352600, 0.8353229000)
(-0.3447725000, -0.4205746000, 0.0802097800, 0.8353534000)
(-0.3446106000, -0.4207139000, 0.0801926600, 0.8353518000)
(-0.3447267000, -0.4205780000, 0.0802781500, 0.8353640000)
(-0.3447673000, -0.4207185000, 0.0803379300, 0.8352708000)
(-0.3448199000, -0.4205658000, 0.0803089900, 0.8353288000)
(-0.3448803000, -0.4205578000, 0.0802835100, 0.8353103000)
(-0.3448334000, -0.4206720000, 0.0802446300, 0.8352759000)
(-0.3448313000, -0.4205972000, 0.0803804400, 0.8353013000)
(-0.3447555000, -0.4205869000, 0.0801444600, 0.8353605000)
(-0.3447745000, -0.4205958000, 0.0803072400, 0.8353326000)
(-0.3447080000, -0.4206941000, 0.0803933700, 0.8353022000)
(-0.3447729000, -0.4206134000, 0.0801188600, 0.8353425000)
(-0.3446824000, -0.4207191000, 0.0802280500, 0.8353161000)
(-0.3446378000, -0.4206769000, 0.0803255000, 0.8353463000)
(-0.3448245000, -0.4206406000, 0.0803524400, 0.8352850000)
(-0.3446660000, -0.4205476000, 0.0802989100, 0.8354024000)
(-0.3447030000, -0.4205462000, 0.0802828400, 0.8353894000)
(-0.3446981000, -0.4206260000, 0.0804412500, 0.8353360000)
(-0.3448411000, -0.4206200000, 0.0802928900, 0.8352942000)
(-0.3446999000, -0.4206718000, 0.0804063800, 0.8353156000)
(-0.3446516000, -0.4207320000, 0.0802155800, 0.8353235000)
(-0.3446838000, -0.4205851000, 0.0803981300, 0.8353667000)
(-0.3447277000, -0.4205845000, 0.0802157700, 0.8353664000)
(-0.3446881000, -0.4206130000, 0.0802638100, 0.8353637000)
(-0.3447345000, -0.4204770000, 0.0802220000, 0.8354171000)
(-0.3445789000, -0.4206197000, 0.0803086500, 0.8354011000)
(-0.3447343000, -0.4205940000, 0.0803498300, 0.8353460000)
(-0.3446570000, -0.4205218000, 0.0803013900, 0.8354189000)
(-0.3448043000, -0.4206687000, 0.0803864000, 0.8352759000)
(-0.3447289000, -0.4205120000, 0.0803979200, 0.8353849000)
(-0.3447805000, -0.4205697000, 0.0802565100, 0.8353481000)
(-0.3447610000, -0.4205306000, 0.0801597100, 0.8353851000)
(-0.3446983000, -0.4204557000, 0.0803285500, 0.8354325000)
(-0.3447063000, -0.4206004000, 0.0802892300, 0.8353602000)
(-0.3447383000, -0.4205065000, 0.0802113600, 0.8354017000)
(-0.3448216000, -0.4205333000, 0.0801306400, 0.8353615000)
(-0.3446134000, -0.4205401000, 0.0802091200, 0.8354365000)
(-0.3447055000, -0.4205276000, 0.0801691600, 0.8354087000)
(-0.3449317000, -0.4205393000, 0.0802124700, 0.8353053000)
(-0.3448333000, -0.4205871000, 0.0801441500, 0.8353283000)
(-0.3447335000, -0.4205796000, 0.0802129600, 0.8353667000)
(-0.3448519000, -0.4204801000, 0.0802721400, 0.8353623000)
(-0.3448373000, -0.4205522000, 0.0803014900, 0.8353291000)
(-0.3448541000, -0.4205233000, 0.0800103800, 0.8353647000)
(-0.3448128000, -0.4206291000, 0.0800691800, 0.8353229000)
(-0.3447727000, -0.4205985000, 0.0801152700, 0.8353503000)
(-0.3448534000, -0.4206233000, 0.0800682400, 0.8353091000)
(-0.3448396000, -0.4206266000, 0.0801286200, 0.8353074000)
(-0.3448114000, -0.4205407000, 0.0801364500, 0.8353615000)
(-0.3449608000, -0.4205877000, 0.0801245500, 0.8352773000)
(-0.3447812000, -0.4206221000, 0.0801329700, 0.8353333000)
(-0.3447348000, -0.4206327000, 0.0801584700, 0.8353447000)
(-0.3446626000, -0.4207005000, 0.0801028400, 0.8353457000)
(-0.3447321000, -0.4207314000, 0.0800973800, 0.8353019000)
(-0.3448223000, -0.4206560000, 0.0799893900, 0.8353130000)
(-0.3447069000, -0.4205235000, 0.0800249700, 0.8354239000)
(-0.3447792000, -0.4205793000, 0.0799007600, 0.8353779000)
(-0.3449603000, -0.4204348000, 0.0800742200, 0.8353593000)
(-0.3449299000, -0.4205400000, 0.0801102700, 0.8353154000)
(-0.3449067000, -0.4206132000, 0.0801077000, 0.8352883000)
(-0.3447441000, -0.4207458000, 0.0800516200, 0.8352941000)
(-0.3448528000, -0.4205621000, 0.0800400500, 0.8353429000)
(-0.3448437000, -0.4206552000, 0.0801714800, 0.8352871000)
(-0.3447608000, -0.4205878000, 0.0801540500, 0.8353570000)
(-0.3448036000, -0.4206026000, 0.0801772200, 0.8353297000)
(-0.3448173000, -0.4205538000, 0.0799985200, 0.8353656000)
(-0.3448525000, -0.4204834000, 0.0801861300, 0.8353686000)
(-0.3449005000, -0.4205400000, 0.0800399600, 0.8353343000)
(-0.3449121000, -0.4205098000, 0.0799356800, 0.8353547000)
(-0.3449964000, -0.4206013000, 0.0800207000, 0.8352656000)
(-0.3449080000, -0.4206623000, 0.0801432200, 0.8352597000)
(-0.3450073000, -0.4207137000, 0.0800725700, 0.8351997000)
(-0.3449088000, -0.4206328000, 0.0800695400, 0.8352813000)
(-0.3448515000, -0.4206091000, 0.0799371700, 0.8353296000)
(-0.3449374000, -0.4207159000, 0.0799337100, 0.8352407000)
(-0.3449212000, -0.4205790000, 0.0799386800, 0.8353158000)
(-0.3447852000, -0.4206435000, 0.0799904000, 0.8353345000)
(-0.3449955000, -0.4206671000, 0.0800814300, 0.8352271000)
(-0.3448527000, -0.4206482000, 0.0799669100, 0.8353066000)
(-0.3448562000, -0.4206665000, 0.0799196600, 0.8353004000)
(-0.3447392000, -0.4207168000, 0.0801540700, 0.8353009000)
(-0.3447609000, -0.4206060000, 0.0800104500, 0.8353615000)
(-0.3448350000, -0.4206049000, 0.0800961100, 0.8353233000)
(-0.3447980000, -0.4206258000, 0.0801043600, 0.8353272000)
(-0.3447292000, -0.4206216000, 0.0800248400, 0.8353654000)
(-0.3448590000, -0.4205774000, 0.0801084500, 0.8353260000)
(-0.3448224000, -0.4206281000, 0.0798736300, 0.8353381000)
(-0.3447541000, -0.4206576000, 0.0799775200, 0.8353415000)
(-0.3447790000, -0.4207417000, 0.0799340600, 0.8352930000)
(-0.3448359000, -0.4206945000, 0.0798735500, 0.8352991000)
(-0.3448080000, -0.4205365000, 0.0801177500, 0.8353668000)
(-0.3448405000, -0.4207190000, 0.0800021700, 0.8352726000)
(-0.3449233000, -0.4206917000, 0.0799756200, 0.8352547000)
(-0.3447642000, -0.4206080000, 0.0800125400, 0.8353590000)
(-0.3447362000, -0.4205691000, 0.0798793700, 0.8354028000)
(-0.3447144000, -0.4208501000, 0.0800906500, 0.8352501000)
(-0.3446414000, -0.4208090000, 0.0799917100, 0.8353104000)
(-0.3446035000, -0.4207160000, 0.0798549100, 0.8353859000)
(-0.3447084000, -0.4207132000, 0.0799776800, 0.8353323000)
(-0.3447152000, -0.4206050000, 0.0799217100, 0.8353894000)
(-0.3447556000, -0.4207196000, 0.0799362900, 0.8353136000)
(-0.3447745000, -0.4206454000, 0.0798637000, 0.8353501000)
(-0.3447231000, -0.4208382000, 0.0799964500, 0.8352615000)
(-0.3447149000, -0.4208568000, 0.0797932100, 0.8352750000)
(-0.3448482000, -0.4207832000, 0.0800382700, 0.8352336000)
(-0.3448435000, -0.4207640000, 0.0799509400, 0.8352535000)
(-0.3446770000, -0.4208051000, 0.0800205800, 0.8352949000)
(-0.3447928000, -0.4207959000, 0.0799495700, 0.8352585000)
(-0.3447367000, -0.4208064000, 0.0799533500, 0.8352760000)
(-0.3446820000, -0.4208573000, 0.0796636900, 0.8353006000)
(-0.3445714000, -0.4208889000, 0.0799403600, 0.8353040000)
(-0.3445905000, -0.4209482000, 0.0797375800, 0.8352855000)
(-0.3446207000, -0.4209016000, 0.0799401400, 0.8352772000)
(-0.3445754000, -0.4208224000, 0.0799184100, 0.8353378000)
(-0.3445173000, -0.4208915000, 0.0797138200, 0.8353466000)
(-0.3444416000, -0.4209771000, 0.0798095400, 0.8353255000)
(-0.3444784000, -0.4208852000, 0.0797691500, 0.8353605000)
(-0.3445376000, -0.4207558000, 0.0799306100, 0.8353859000)
(-0.3444529000, -0.4208472000, 0.0799589200, 0.8353720000)
(-0.3445108000, -0.4207705000, 0.0798109000, 0.8354009000)
(-0.3444490000, -0.4208763000, 0.0799379100, 0.8353610000)
(-0.3446812000, -0.4206246000, 0.0800426200, 0.8353820000)
(-0.3445854000, -0.4208002000, 0.0799448100, 0.8353424000)
(-0.3446029000, -0.4207094000, 0.0798010400, 0.8353947000)
(-0.3444791000, -0.4208936000, 0.0798433900, 0.8353488000)
(-0.3446337000, -0.4208628000, 0.0799166900, 0.8352936000)
(-0.3445681000, -0.4207585000, 0.0800639500, 0.8353592000)
(-0.3447339000, -0.4208518000, 0.0800161300, 0.8352484000)
(-0.3447148000, -0.4206637000, 0.0799265400, 0.8353596000)
(-0.3445526000, -0.4206581000, 0.0799930100, 0.8354229000)
(-0.3447474000, -0.4207100000, 0.0798290700, 0.8353321000)
(-0.3446014000, -0.4207900000, 0.0799551200, 0.8353400000)
(-0.3446546000, -0.4207148000, 0.0799111600, 0.8353602000)
(-0.3444480000, -0.4206879000, 0.0800309300, 0.8354474000)
(-0.3445922000, -0.4207647000, 0.0800306800, 0.8353493000)
(-0.3445433000, -0.4207597000, 0.0800286300, 0.8353721000)
(-0.3446096000, -0.4208217000, 0.0799378300, 0.8353223000)
(-0.3445359000, -0.4209932000, 0.0799544400, 0.8352647000)
(-0.3446965000, -0.4209163000, 0.0800273100, 0.8352302000)
(-0.3446145000, -0.4208350000, 0.0800984700, 0.8352982000)
(-0.3447671000, -0.4207416000, 0.0800276400, 0.8352891000)
(-0.3446667000, -0.4207661000, 0.0800775400, 0.8353134000)
(-0.3446955000, -0.4207644000, 0.0800054000, 0.8353092000)
(-0.3447240000, -0.4207121000, 0.0799857800, 0.8353257000)
(-0.3444802000, -0.4207675000, 0.0800579900, 0.8353915000)
(-0.3444842000, -0.4206729000, 0.0801069200, 0.8354328000)
(-0.3445537000, -0.4206682000, 0.0800202700, 0.8354147000)
(-0.3445488000, -0.4206650000, 0.0802270400, 0.8353986000)
(-0.3446019000, -0.4206441000, 0.0800884700, 0.8354005000)
(-0.3446519000, -0.4206694000, 0.0801350500, 0.8353626000)
(-0.3446239000, -0.4206147000, 0.0801259600, 0.8354026000)
(-0.3446802000, -0.4206235000, 0.0801972200, 0.8353681000)
(-0.3444894000, -0.4206733000, 0.0800985900, 0.8354312000)
(-0.3445628000, -0.4205608000, 0.0801110600, 0.8354564000)
(-0.3447937000, -0.4206151000, 0.0801817800, 0.8353270000)
(-0.3446901000, -0.4206077000, 0.0803086200, 0.8353613000)
(-0.3447286000, -0.4206747000, 0.0802759700, 0.8353148000)
(-0.3446605000, -0.4207443000, 0.0803688000, 0.8352989000)
(-0.3447850000, -0.4207434000, 0.0802835400, 0.8352562000)
(-0.3446000000, -0.4206655000, 0.0802864900, 0.8353714000)
(-0.3445522000, -0.4206686000, 0.0803435700, 0.8353841000)
(-0.3445804000, -0.4206207000, 0.0802361200, 0.8354070000)
(-0.3444363000, -0.4205885000, 0.0802523800, 0.8354810000)
(-0.3445000000, -0.4206843000, 0.0801814300, 0.8354133000)
(-0.3444297000, -0.4206398000, 0.0802155100, 0.8354615000)
(-0.3444584000, -0.4206976000, 0.0802667200, 0.8354156000)
(-0.3444058000, -0.4207983000, 0.0801697700, 0.8353959000)
(-0.3444278000, -0.4207080000, 0.0803672100, 0.8354133000)
(-0.3444405000, -0.4206299000, 0.0801001200, 0.8354731000)
(-0.3444716000, -0.4207001000, 0.0802353000, 0.8354119000)
(-0.3444393000, -0.4205641000, 0.0802281900, 0.8354944000)
(-0.3443721000, -0.4207065000, 0.0802770900, 0.8354457000)
(-0.3444768000, -0.4205975000, 0.0801674400, 0.8354680000)
(-0.3444986000, -0.4206140000, 0.0801965300, 0.8354478000)
(-0.3445030000, -0.4206683000, 0.0800597600, 0.8354319000)
(-0.3445822000, -0.4206578000, 0.0801285400, 0.8353978000)
(-0.3445302000, -0.4207215000, 0.0801764800, 0.8353826000)
(-0.3442722000, -0.4206545000, 0.0801597600, 0.8355243000)
(-0.3444625000, -0.4207570000, 0.0801551900, 0.8353947000)
(-0.3443880000, -0.4208206000, 0.0801930700, 0.8353897000)
(-0.3444851000, -0.4205747000, 0.0802037000, 0.8354725000)
(-0.3444006000, -0.4206495000, 0.0801581200, 0.8354741000)
(-0.3443820000, -0.4206689000, 0.0801607400, 0.8354717000)
(-0.3444022000, -0.4208777000, 0.0801483600, 0.8353595000)
(-0.3444383000, -0.4206467000, 0.0801220300, 0.8354634000)
(-0.3444962000, -0.4207278000, 0.0802327700, 0.8353881000)
(-0.3446485000, -0.4207311000, 0.0801162300, 0.8353348000)
(-0.3446339000, -0.4206447000, 0.0801723500, 0.8353789000)
(-0.3446236000, -0.4206954000, 0.0800975600, 0.8353648000)
(-0.3445948000, -0.4206553000, 0.0801455200, 0.8353923000)
(-0.3446341000, -0.4206667000, 0.0801785400, 0.8353671000)
(-0.3445477000, -0.4206386000, 0.0803420500, 0.8354012000)
(-0.3445455000, -0.4205257000, 0.0801194500, 0.8354804000)
(-0.3445140000, -0.4205255000, 0.0801301400, 0.8354924000)
(-0.3446623000, -0.4205836000, 0.0802425500, 0.8353912000)
(-0.3445793000, -0.4207565000, 0.0801499400, 0.8353474000)
(-0.3447727000, -0.4205408000, 0.0803292500, 0.8353589000)
(-0.3446569000, -0.4206404000, 0.0801931500, 0.8353696000)
(-0.3447008000, -0.4206857000, 0.0802149900, 0.8353266000)
(-0.3447424000, -0.4206980000, 0.0802866200, 0.8352963000)
(-0.3448329000, -0.4205540000, 0.0801483500, 0.8353448000)
(-0.3446260000, -0.4206345000, 0.0802013400, 0.8353846000)
(-0.3447950000, -0.4206619000, 0.0802344500, 0.8352978000)
(-0.3447794000, -0.4208221000, 0.0803065300, 0.8352166000)
(-0.3448884000, -0.4207825000, 0.0803210400, 0.8351901000)
(-0.3449252000, -0.4206493000, 0.0803341000, 0.8352408000)
(-0.3448753000, -0.4207833000, 0.0803184400, 0.8351954000)
(-0.3448697000, -0.4207645000, 0.0804194800, 0.8351975000)
(-0.3446942000, -0.4206796000, 0.0804403300, 0.8353108000)
(-0.3446869000, -0.4206928000, 0.0802657100, 0.8353239000)
(-0.3447200000, -0.4207348000, 0.0803193900, 0.8352839000)
(-0.3448183000, -0.4207002000, 0.0802090800, 0.8352713000)
(-0.3446062000, -0.4206898000, 0.0803186500, 0.8353536000)
(-0.3448249000, -0.4208473000, 0.0802716800, 0.8351885000)
(-0.3449834000, -0.4207108000, 0.0803981700, 0.8351797000)
(-0.3449398000, -0.4207478000, 0.0803385700, 0.8351848000)
(-0.3448210000, -0.4207453000, 0.0804131900, 0.8352279000)
(-0.3447277000, -0.4208004000, 0.0803781600, 0.8352420000)
(-0.3448476000, -0.4208401000, 0.0803888500, 0.8351715000)
(-0.3448312000, -0.4206854000, 0.0804693600, 0.8352484000)
(-0.3447590000, -0.4207311000, 0.0804470000, 0.8352574000)
(-0.3447782000, -0.4207791000, 0.0803978400, 0.8352300000)
(-0.3447268000, -0.4207093000, 0.0804185000, 0.8352844000)
(-0.3447172000, -0.4208316000, 0.0804368600, 0.8352250000)
(-0.3448225000, -0.4208161000, 0.0804564700, 0.8351874000)
(-0.3448103000, -0.4207823000, 0.0804781800, 0.8352074000)
(-0.3448035000, -0.4207697000, 0.0805642800, 0.8352082000)
(-0.3447646000, -0.4207552000, 0.0805458400, 0.8352334000)
(-0.3448066000, -0.4208240000, 0.0804574000, 0.8351899000)
(-0.3446795000, -0.4207874000, 0.0803951000, 0.8352668000)
(-0.3446670000, -0.4208154000, 0.0803905900, 0.8352583000)
(-0.3446136000, -0.4209491000, 0.0805678400, 0.8351958000)
(-0.3446473000, -0.4208211000, 0.0804772400, 0.8352553000)
(-0.3445890000, -0.4207539000, 0.0803722500, 0.8353232000)
(-0.3445881000, -0.4208043000, 0.0802468000, 0.8353103000)
(-0.3445314000, -0.4207174000, 0.0804585000, 0.8353570000)
(-0.3445318000, -0.4207224000, 0.0802496500, 0.8353745000)
(-0.3445288000, -0.4207592000, 0.0804287300, 0.8353400000)
(-0.3445691000, -0.4207163000, 0.0802749700, 0.8353597000)
(-0.3446034000, -0.4206804000, 0.0803701100, 0.8353546000)
(-0.3445505000, -0.4207332000, 0.0803609700, 0.8353506000)
(-0.3445912000, -0.4206373000, 0.0803545200, 0.8353828000)
(-0.3446546000, -0.4208825000, 0.0804419600, 0.8352246000)
(-0.3446526000, -0.4207934000, 0.0805017500, 0.8352646000)
(-0.3447492000, -0.4207348000, 0.0806129600, 0.8352435000)
(-0.3446128000, -0.4207547000, 0.0803691400, 0.8353133000)
(-0.3446589000, -0.4206663000, 0.0804344300, 0.8353325000)
(-0.3445801000, -0.4208144000, 0.0801796100, 0.8353149000)
(-0.3446517000, -0.4206060000, 0.0803691100, 0.8353722000)
(-0.3445609000, -0.4207078000, 0.0803704900, 0.8353583000)
(-0.3446245000, -0.4206576000, 0.0802955200, 0.8353645000)
(-0.3445929000, -0.4207233000, 0.0803324600, 0.8353409000)
(-0.3445908000, -0.4207537000, 0.0803138700, 0.8353282000)
(-0.3445229000, -0.4207633000, 0.0802715300, 0.8353555000)
(-0.3445459000, -0.4206785000, 0.0804334400, 0.8353731000)
(-0.3445289000, -0.4207346000, 0.0804742300, 0.8353480000)
(-0.3445692000, -0.4207859000, 0.0802508700, 0.8353269000)
(-0.3445471000, -0.4207462000, 0.0803739400, 0.8353443000)
(-0.3445314000, -0.4207446000, 0.0804806900, 0.8353413000)
(-0.3444329000, -0.4207903000, 0.0803963000, 0.8353670000)
(-0.3444340000, -0.4207304000, 0.0803804500, 0.8353983000)
(-0.3443878000, -0.4207736000, 0.0803501300, 0.8353984000)
(-0.3444247000, -0.4207591000, 0.0803329600, 0.8353922000)
(-0.3444125000, -0.4208219000, 0.0802827700, 0.8353704000)
(-0.3443736000, -0.4207794000, 0.0802990800, 0.8354062000)
(-0.3445362000, -0.4208337000, 0.0803572100, 0.8353063000)
(-0.3444288000, -0.4207360000, 0.0803612800, 0.8353994000)
(-0.3444413000, -0.4207649000, 0.0804126700, 0.8353747000)
(-0.3445578000, -0.4207113000, 0.0804790900, 0.8353473000)
(-0.3444416000, -0.4206076000, 0.0804812800, 0.8354472000)
(-0.3443843000, -0.4207567000, 0.0803415300, 0.8354092000)
(-0.3443910000, -0.4206119000, 0.0803612600, 0.8354774000)
(-0.3443841000, -0.4207745000, 0.0804107500, 0.8353937000)
(-0.3443929000, -0.4208060000, 0.0803693200, 0.8353782000)
(-0.3444559000, -0.4206797000, 0.0803929000, 0.8354135000)
(-0.3446252000, -0.4207934000, 0.0803885800, 0.8352868000)
(-0.3446036000, -0.4206980000, 0.0804339900, 0.8353394000)
(-0.3446493000, -0.4207889000, 0.0804869300, 0.8352697000)
(-0.3446046000, -0.4208465000, 0.0805383700, 0.8352541000)
(-0.3446086000, -0.4208080000, 0.0804589800, 0.8352796000)
(-0.3446080000, -0.4207239000, 0.0805074300, 0.8353175000)
(-0.3446235000, -0.4208178000, 0.0804348700, 0.8352708000)
(-0.3445188000, -0.4207931000, 0.0803885500, 0.8353309000)
(-0.3446060000, -0.4207641000, 0.0804913900, 0.8352996000)
(-0.3445843000, -0.4208187000, 0.0804452400, 0.8352855000)
(-0.3445711000, -0.4208135000, 0.0803701600, 0.8353008000)
(-0.3445725000, -0.4207864000, 0.0803944600, 0.8353115000)
(-0.3444699000, -0.4207982000, 0.0803780600, 0.8353495000)
(-0.3444575000, -0.4208939000, 0.0804723100, 0.8352973000)
(-0.3445508000, -0.4208508000, 0.0804379700, 0.8352839000)
(-0.3444779000, -0.4207639000, 0.0803598300, 0.8353652000)
(-0.3444575000, -0.4207423000, 0.0804685500, 0.8353741000)
(-0.3444825000, -0.4208498000, 0.0804480500, 0.8353116000)
(-0.3445737000, -0.4207116000, 0.0803471400, 0.8353533000)
(-0.3446246000, -0.4207907000, 0.0803442700, 0.8352927000)
(-0.3444853000, -0.4207419000, 0.0803555100, 0.8353736000)
(-0.3446048000, -0.4209280000, 0.0803711900, 0.8352291000)
(-0.3443598000, -0.4208232000, 0.0802362500, 0.8353959000)
(-0.3444454000, -0.4209288000, 0.0802811800, 0.8353031000)
(-0.3445066000, -0.4208514000, 0.0802407500, 0.8353208000)
(-0.3443625000, -0.4209256000, 0.0801882600, 0.8353478000)
(-0.3445265000, -0.4208912000, 0.0804179500, 0.8352755000)
(-0.3445001000, -0.4208416000, 0.0803263100, 0.8353202000)
(-0.3445907000, -0.4209657000, 0.0802870500, 0.8352241000)
(-0.3445618000, -0.4208081000, 0.0802076900, 0.8353230000)
(-0.3445441000, -0.4209520000, 0.0801655000, 0.8352618000)
(-0.3445443000, -0.4208432000, 0.0801456000, 0.8353184000)
(-0.3443467000, -0.4209630000, 0.0800876000, 0.8353451000)
(-0.3445193000, -0.4207602000, 0.0802621400, 0.8353594000)
(-0.3443913000, -0.4208136000, 0.0800952800, 0.8354013000)
(-0.3444602000, -0.4207789000, 0.0800717900, 0.8353927000)
(-0.3444428000, -0.4208730000, 0.0801071700, 0.8353490000)
(-0.3443767000, -0.4209934000, 0.0800441700, 0.8353217000)
(-0.3444784000, -0.4209737000, 0.0801002300, 0.8352842000)
(-0.3442768000, -0.4210288000, 0.0800774500, 0.8353418000)
(-0.3443569000, -0.4209416000, 0.0800954300, 0.8353510000)
(-0.3443293000, -0.4208791000, 0.0802111900, 0.8353828000)
(-0.3442056000, -0.4209410000, 0.0800458900, 0.8354183000)
(-0.3441387000, -0.4209649000, 0.0799810200, 0.8354401000)
(-0.3440272000, -0.4209795000, 0.0800121700, 0.8354757000)
(-0.3438545000, -0.4209985000, 0.0798820000, 0.8355497000)
(-0.3438472000, -0.4209703000, 0.0800298200, 0.8355528000)
(-0.3437967000, -0.4210665000, 0.0799691300, 0.8355309000)
(-0.3437845000, -0.4210831000, 0.0798681000, 0.8355371000)
(-0.3436428000, -0.4210112000, 0.0799714600, 0.8356218000)
(-0.3436811000, -0.4210131000, 0.0798642100, 0.8356153000)
(-0.3436995000, -0.4210339000, 0.0799019300, 0.8355937000)
(-0.3435834000, -0.4210219000, 0.0798784300, 0.8356497000)
(-0.3436357000, -0.4209943000, 0.0798687100, 0.8356431000)
(-0.3436448000, -0.4209575000, 0.0798621800, 0.8356584000)
(-0.3436199000, -0.4210622000, 0.0799582700, 0.8356068000)
(-0.3436575000, -0.4209693000, 0.0799181100, 0.8356420000)
(-0.3437545000, -0.4209563000, 0.0800267900, 0.8355982000)
(-0.3437453000, -0.4208244000, 0.0800541600, 0.8356658000)
(-0.3437921000, -0.4209092000, 0.0799253400, 0.8356162000)
(-0.3437937000, -0.4209590000, 0.0800960400, 0.8355741000)
(-0.3438396000, -0.4208642000, 0.0799668200, 0.8356153000)
(-0.3439269000, -0.4207013000, 0.0801576000, 0.8356432000)
(-0.3436641000, -0.4209305000, 0.0799733800, 0.8356535000)
(-0.3438106000, -0.4208750000, 0.0800769000, 0.8356113000)
(-0.3437178000, -0.4209241000, 0.0799953400, 0.8356326000)
(-0.3437609000, -0.4208784000, 0.0800773300, 0.8356300000)
(-0.3438746000, -0.4208319000, 0.0801277400, 0.8356017000)
(-0.3437227000, -0.4206865000, 0.0801232500, 0.8357380000)
(-0.3437729000, -0.4207614000, 0.0800563700, 0.8356860000)
(-0.3437925000, -0.4207671000, 0.0800034300, 0.8356801000)
(-0.3440565000, -0.4208872000, 0.0800362700, 0.8355078000)
(-0.3438696000, -0.4208412000, 0.0800092400, 0.8356105000)
(-0.3440713000, -0.4209619000, 0.0800532800, 0.8354625000)
(-0.3439401000, -0.4208917000, 0.0800624900, 0.8355510000)
(-0.3440747000, -0.4207037000, 0.0801735100, 0.8355796000)
(-0.3439291000, -0.4208091000, 0.0801102900, 0.8355925000)
(-0.3438171000, -0.4208061000, 0.0800965000, 0.8356414000)
(-0.3438920000, -0.4207058000, 0.0800717200, 0.8356634000)
(-0.3437071000, -0.4207602000, 0.0800434700, 0.8357149000)
(-0.3437351000, -0.4207752000, 0.0798370200, 0.8357155000)
(-0.3437416000, -0.4207586000, 0.0800286400, 0.8357030000)
(-0.3436835000, -0.4208186000, 0.0798873400, 0.8357101000)
(-0.3435711000, -0.4209922000, 0.0797373700, 0.8356832000)
(-0.3437403000, -0.4207693000, 0.0798345700, 0.8357166000)
(-0.3436715000, -0.4207897000, 0.0795577400, 0.8357611000)
(-0.3436162000, -0.4208717000, 0.0797819800, 0.8357211000)
(-0.3436247000, -0.4207754000, 0.0798526000, 0.8357593000)
(-0.3436773000, -0.4208793000, 0.0796968600, 0.8357003000)
(-0.3437022000, -0.4207452000, 0.0796830100, 0.8357589000)
(-0.3435846000, -0.4208379000, 0.0798591800, 0.8357437000)
(-0.3437528000, -0.4208507000, 0.0798395600, 0.8356700000)
(-0.3436807000, -0.4207688000, 0.0796858600, 0.8357556000)
(-0.3438434000, -0.4207976000, 0.0797595300, 0.8356671000)
(-0.3437376000, -0.4207489000, 0.0796292500, 0.8357477000)
(-0.3436420000, -0.4208427000, 0.0794879700, 0.8357531000)
(-0.3436280000, -0.4208757000, 0.0797325400, 0.8357190000)
(-0.3434804000, -0.4208231000, 0.0796449400, 0.8358145000)
(-0.3437461000, -0.4205850000, 0.0796198500, 0.8358275000)
(-0.3435584000, -0.4207116000, 0.0797541000, 0.8358282000)
(-0.3434664000, -0.4206080000, 0.0795339600, 0.8359390000)
(-0.3435763000, -0.4205571000, 0.0796713700, 0.8359064000)
(-0.3435184000, -0.4208761000, 0.0796520800, 0.8357715000)
(-0.3434820000, -0.4207605000, 0.0796418100, 0.8358456000)
(-0.3432731000, -0.4206702000, 0.0794879500, 0.8359915000)
(-0.3435505000, -0.4207155000, 0.0796592500, 0.8358385000)
(-0.3432300000, -0.4209361000, 0.0797884900, 0.8358467000)
(-0.3436045000, -0.4206910000, 0.0795102000, 0.8358428000)
(-0.3434288000, -0.4207247000, 0.0794471900, 0.8359040000)
(-0.3433921000, -0.4206922000, 0.0796324600, 0.8359178000)
(-0.3434814000, -0.4206298000, 0.0796921300, 0.8359069000)
(-0.3434397000, -0.4207029000, 0.0796064600, 0.8358954000)
(-0.3432751000, -0.4207480000, 0.0794065500, 0.8359593000)
(-0.3434494000, -0.4207396000, 0.0794524900, 0.8358876000)
(-0.3433486000, -0.4207635000, 0.0795604700, 0.8359067000)
(-0.3433871000, -0.4207876000, 0.0795369000, 0.8358809000)
(-0.3436278000, -0.4207879000, 0.0795657400, 0.8357791000)
(-0.3434413000, -0.4208698000, 0.0795457600, 0.8358165000)
(-0.3434879000, -0.4208714000, 0.0794841900, 0.8358024000)
(-0.3436289000, -0.4207415000, 0.0797420100, 0.8357853000)
(-0.3437800000, -0.4207123000, 0.0795035200, 0.8357605000)
(-0.3437140000, -0.4208207000, 0.0797999700, 0.8357049000)
(-0.3434904000, -0.4208677000, 0.0796782900, 0.8357847000)
(-0.3436855000, -0.4206100000, 0.0795624300, 0.8358453000)
(-0.3434588000, -0.4205001000, 0.0795797300, 0.8359921000)
(-0.3434711000, -0.4205427000, 0.0796794800, 0.8359562000)
(-0.3432353000, -0.4206012000, 0.0795110200, 0.8360396000)
(-0.3434782000, -0.4206948000, 0.0797519500, 0.8358698000)
(-0.3434455000, -0.4205437000, 0.0793461700, 0.8359979000)
(-0.3434613000, -0.4205410000, 0.0795037100, 0.8359777000)
(-0.3437357000, -0.4206090000, 0.0795255700, 0.8358287000)
(-0.3434659000, -0.4205625000, 0.0796477400, 0.8359513000)
(-0.3434639000, -0.4207089000, 0.0795840000, 0.8358846000)
(-0.3435031000, -0.4206513000, 0.0795034500, 0.8359051000)
(-0.3433430000, -0.4205924000, 0.0795530500, 0.8359959000)
(-0.3432456000, -0.4206000000, 0.0796229400, 0.8360253000)
(-0.3431806000, -0.4207233000, 0.0796053900, 0.8359916000)
(-0.3433509000, -0.4204334000, 0.0795425300, 0.8360735000)
(-0.3433878000, -0.4205202000, 0.0795200900, 0.8360168000)
(-0.3434350000, -0.4206211000, 0.0795057000, 0.8359481000)
(-0.3434947000, -0.4205718000, 0.0796960300, 0.8359302000)
(-0.3433884000, -0.4205985000, 0.0796112900, 0.8359685000)
(-0.3435379000, -0.4205505000, 0.0797733800, 0.8359158000)
(-0.3434427000, -0.4206076000, 0.0796918400, 0.8359340000)
(-0.3435171000, -0.4205985000, 0.0795876500, 0.8359179000)
(-0.3434556000, -0.4206222000, 0.0796501200, 0.8359253000)
(-0.3433536000, -0.4205838000, 0.0796574500, 0.8359858000)
(-0.3434232000, -0.4206037000, 0.0796042500, 0.8359523000)
(-0.3434218000, -0.4206064000, 0.0797052400, 0.8359419000)
(-0.3434224000, -0.4205640000, 0.0795786200, 0.8359751000)
(-0.3436068000, -0.4204653000, 0.0797600200, 0.8359316000)
(-0.3434256000, -0.4205765000, 0.0796220500, 0.8359633000)
(-0.3435397000, -0.4204845000, 0.0797338500, 0.8359520000)
(-0.3435301000, -0.4205286000, 0.0797363200, 0.8359336000)
(-0.3434816000, -0.4205813000, 0.0797649600, 0.8359243000)
(-0.3435378000, -0.4205253000, 0.0798193100, 0.8359241000)
(-0.3435056000, -0.4205854000, 0.0797022400, 0.8359183000)
(-0.3433855000, -0.4205442000, 0.0797166100, 0.8359870000)
(-0.3434397000, -0.4205911000, 0.0797432000, 0.8359386000)
(-0.3434510000, -0.4205145000, 0.0796714700, 0.8359793000)
(-0.3433800000, -0.4205781000, 0.0796608700, 0.8359776000)
(-0.3434263000, -0.4204950000, 0.0797053100, 0.8359961000)
(-0.3434424000, -0.4206088000, 0.0797302200, 0.8359298000)
(-0.3433757000, -0.4205131000, 0.0796426300, 0.8360137000)
(-0.3433747000, -0.4206225000, 0.0797467500, 0.8359491000)
(-0.3433753000, -0.4205779000, 0.0796913900, 0.8359767000)
(-0.3434167000, -0.4204948000, 0.0796576400, 0.8360047000)
(-0.3434098000, -0.4205881000, 0.0797635200, 0.8359505000)
(-0.3433784000, -0.4205543000, 0.0796688200, 0.8359894000)
(-0.3434230000, -0.4205230000, 0.0796975000, 0.8359841000)
(-0.3434319000, -0.4205853000, 0.0796256000, 0.8359559000)
(-0.3434055000, -0.4205278000, 0.0797763200, 0.8359814000)
(-0.3435010000, -0.4204997000, 0.0797212000, 0.8359615000)
(-0.3434646000, -0.4204834000, 0.0796694500, 0.8359896000)
(-0.3434251000, -0.4205824000, 0.0797122600, 0.8359519000)
(-0.3433526000, -0.4204555000, 0.0797754000, 0.8360395000)
(-0.3434558000, -0.4205239000, 0.0797559600, 0.8359646000)
(-0.3434165000, -0.4204470000, 0.0797294600, 0.8360220000)
(-0.3432964000, -0.4204381000, 0.0797275800, 0.8360760000)
(-0.3432636000, -0.4205513000, 0.0797399900, 0.8360313000)
(-0.3432194000, -0.4205680000, 0.0797237700, 0.8360426000)
(-0.3431815000, -0.4204972000, 0.0797160000, 0.8360945000)
(-0.3432294000, -0.4204181000, 0.0796629500, 0.8361197000)
(-0.3433526000, -0.4204444000, 0.0798102500, 0.8360417000)
(-0.3433175000, -0.4204369000, 0.0798265000, 0.8360584000)
(-0.3434474000, -0.4203220000, 0.0797888600, 0.8360665000)
(-0.3433315000, -0.4204900000, 0.0799355200, 0.8360155000)
(-0.3433309000, -0.4204231000, 0.0797555700, 0.8360666000)
(-0.3433465000, -0.4204402000, 0.0798215000, 0.8360453000)
(-0.3433276000, -0.4204157000, 0.0797549000, 0.8360717000)
(-0.3432529000, -0.4203301000, 0.0796937000, 0.8361514000)
(-0.3432918000, -0.4203623000, 0.0798265600, 0.8361064000)
(-0.3431990000, -0.4204260000, 0.0798097400, 0.8361142000)
(-0.3432275000, -0.4204218000, 0.0797742100, 0.8361080000)
(-0.3433404000, -0.4203902000, 0.0798693400, 0.8360684000)
(-0.3433684000, -0.4205392000, 0.0799766500, 0.8359718000)
(-0.3434975000, -0.4204522000, 0.0799682900, 0.8359632000)
(-0.3434912000, -0.4203563000, 0.0799141200, 0.8360192000)
(-0.3434909000, -0.4205594000, 0.0797204800, 0.8359357000)
(-0.3434925000, -0.4204234000, 0.0799914200, 0.8359776000)
(-0.3434842000, -0.4204169000, 0.0797915800, 0.8360033000)
(-0.3434229000, -0.4205920000, 0.0798381800, 0.8359360000)
(-0.3434958000, -0.4204946000, 0.0797657000, 0.8359619000)
(-0.3433815000, -0.4204051000, 0.0798156000, 0.8360491000)
(-0.3434697000, -0.4204134000, 0.0796971000, 0.8360200000)
(-0.3434417000, -0.4203974000, 0.0797684800, 0.8360329000)
(-0.3433145000, -0.4204547000, 0.0797800000, 0.8360552000)
(-0.3435152000, -0.4203553000, 0.0798270000, 0.8360182000)
(-0.3434317000, -0.4204265000, 0.0798338900, 0.8360161000)
(-0.3433717000, -0.4203417000, 0.0796629600, 0.8360996000)
(-0.3434795000, -0.4203467000, 0.0799133900, 0.8360290000)
(-0.3433866000, -0.4205547000, 0.0798635000, 0.8359672000)
(-0.3434477000, -0.4204887000, 0.0799797800, 0.8359643000)
(-0.3435301000, -0.4204847000, 0.0798645000, 0.8359435000)
(-0.3434030000, -0.4205451000, 0.0797942900, 0.8359719000)
(-0.3434123000, -0.4205202000, 0.0797749700, 0.8359826000)
(-0.3434294000, -0.4205320000, 0.0798450000, 0.8359628000)
(-0.3433747000, -0.4205090000, 0.0798601400, 0.8359954000)
(-0.3433813000, -0.4205335000, 0.0797940600, 0.8359867000)
(-0.3434421000, -0.4204794000, 0.0799652600, 0.8359726000)
(-0.3434123000, -0.4204943000, 0.0799486000, 0.8359789000)
(-0.3435452000, -0.4205427000, 0.0799601500, 0.8358989000)
(-0.3436156000, -0.4204824000, 0.0798200500, 0.8359137000)
(-0.3435784000, -0.4205361000, 0.0798230400, 0.8359017000)
(-0.3434647000, -0.4204658000, 0.0798761800, 0.8359787000)
(-0.3434147000, -0.4204220000, 0.0798553900, 0.8360232000)
(-0.3435164000, -0.4205172000, 0.0798800600, 0.8359312000)
(-0.3434758000, -0.4205524000, 0.0799356400, 0.8359249000)
(-0.3435472000, -0.4205202000, 0.0799589900, 0.8359095000)
(-0.3436005000, -0.4204695000, 0.0798052200, 0.8359278000)
(-0.3434144000, -0.4204403000, 0.0799584400, 0.8360043000)
(-0.3435546000, -0.4205595000, 0.0801200500, 0.8358713000)
(-0.3434525000, -0.4205168000, 0.0798575100, 0.8359599000)
(-0.3433678000, -0.4205914000, 0.0798720700, 0.8359557000)
(-0.3436523000, -0.4204901000, 0.0799463100, 0.8358826000)
(-0.3434416000, -0.4203869000, 0.0798195700, 0.8360332000)
(-0.3434485000, -0.4205612000, 0.0799627900, 0.8359290000)
(-0.3434602000, -0.4205382000, 0.0799165000, 0.8359402000)
(-0.3434926000, -0.4205740000, 0.0798878800, 0.8359116000)
(-0.3434775000, -0.4205705000, 0.0798603200, 0.8359223000)
(-0.3435161000, -0.4206160000, 0.0799422700, 0.8358757000)
(-0.3434608000, -0.4205220000, 0.0797993700, 0.8359593000)
(-0.3436256000, -0.4203212000, 0.0799613100, 0.8359771000)
(-0.3436721000, -0.4205407000, 0.0800648700, 0.8358378000)
(-0.3435448000, -0.4205457000, 0.0797438100, 0.8359182000)
(-0.3437103000, -0.4204880000, 0.0798222300, 0.8358717000)
(-0.3435268000, -0.4205232000, 0.0799231500, 0.8359198000)
(-0.3435063000, -0.4205334000, 0.0798201900, 0.8359330000)
(-0.3435335000, -0.4205474000, 0.0797695300, 0.8359196000)
(-0.3434447000, -0.4206266000, 0.0797390900, 0.8359191000)
(-0.3434324000, -0.4205380000, 0.0798152100, 0.8359615000)
(-0.3436621000, -0.4205784000, 0.0798651700, 0.8358420000)
(-0.3434465000, -0.4206274000, 0.0798610200, 0.8359063000)
(-0.3435647000, -0.4205413000, 0.0798985800, 0.8358974000)
(-0.3436134000, -0.4206813000, 0.0798238600, 0.8358141000)
(-0.3435874000, -0.4204957000, 0.0798720500, 0.8359136000)
(-0.3435944000, -0.4205274000, 0.0797778700, 0.8359038000)
(-0.3435732000, -0.4204892000, 0.0798040600, 0.8359292000)
(-0.3434976000, -0.4205177000, 0.0799078200, 0.8359360000)
(-0.3435487000, -0.4205844000, 0.0798361000, 0.8358883000)
(-0.3434823000, -0.4205514000, 0.0797657400, 0.8359390000)
(-0.3435330000, -0.4204625000, 0.0798659800, 0.8359533000)
(-0.3435935000, -0.4205235000, 0.0798215000, 0.8359020000)
(-0.3434278000, -0.4205449000, 0.0797672600, 0.8359644000)
(-0.3435826000, -0.4205430000, 0.0797271300, 0.8359056000)
(-0.3435496000, -0.4206536000, 0.0797783800, 0.8358586000)
(-0.3436080000, -0.4205781000, 0.0799422300, 0.8358570000)
(-0.3434625000, -0.4205737000, 0.0798221600, 0.8359305000)
(-0.3435464000, -0.4205966000, 0.0799009700, 0.8358769000)
(-0.3435061000, -0.4206541000, 0.0798773700, 0.8358668000)
(-0.3434636000, -0.4204867000, 0.0799232900, 0.8359641000)
(-0.3435527000, -0.4206040000, 0.0799057300, 0.8358701000)
(-0.3435132000, -0.4206187000, 0.0798779100, 0.8358817000)
(-0.3435419000, -0.4205772000, 0.0798513100, 0.8358933000)
(-0.3435354000, -0.4206093000, 0.0799256300, 0.8358727000)
(-0.3435688000, -0.4205927000, 0.0798980500, 0.8358700000)
(-0.3434907000, -0.4205540000, 0.0799571900, 0.8359159000)
(-0.3435633000, -0.4205452000, 0.0799398600, 0.8358921000)
(-0.3436456000, -0.4205618000, 0.0800005900, 0.8358441000)
(-0.3436249000, -0.4206351000, 0.0798489200, 0.8358303000)
(-0.3435485000, -0.4206115000, 0.0797832600, 0.8358798000)
(-0.3435330000, -0.4205899000, 0.0797512400, 0.8359001000)
(-0.3435199000, -0.4207395000, 0.0798127100, 0.8358243000)
(-0.3435773000, -0.4206183000, 0.0797158700, 0.8358710000)
(-0.3435098000, -0.4206671000, 0.0797718800, 0.8358688000)
(-0.3435839000, -0.4206092000, 0.0797694800, 0.8358677000)
(-0.3435820000, -0.4206450000, 0.0798980000, 0.8358383000)
(-0.3436378000, -0.4205850000, 0.0798823700, 0.8358470000)
(-0.3435712000, -0.4206215000, 0.0797645200, 0.8358672000)
(-0.3436513000, -0.4206060000, 0.0796850000, 0.8358497000)
(-0.3435957000, -0.4205683000, 0.0798665400, 0.8358743000)
(-0.3436258000, -0.4206512000, 0.0797912200, 0.8358274000)
(-0.3436634000, -0.4206097000, 0.0799005500, 0.8358222000)
(-0.3436742000, -0.4206596000, 0.0797867000, 0.8358036000)
(-0.3435369000, -0.4206527000, 0.0798812900, 0.8358545000)
(-0.3435148000, -0.4207002000, 0.0798060800, 0.8358468000)
(-0.3436472000, -0.4205560000, 0.0797906300, 0.8358665000)
(-0.3434420000, -0.4207884000, 0.0798637600, 0.8358268000)
(-0.3435524000, -0.4205853000, 0.0798182500, 0.8358880000)
(-0.3436311000, -0.4206382000, 0.0798656600, 0.8358245000)
(-0.3435754000, -0.4206190000, 0.0797764200, 0.8358657000)
(-0.3434786000, -0.4205371000, 0.0796631900, 0.8359574000)
(-0.3435592000, -0.4206426000, 0.0796375700, 0.8358737000)
(-0.3435617000, -0.4206036000, 0.0796453700, 0.8358915000)
(-0.3435842000, -0.4205292000, 0.0797496400, 0.8359097000)
(-0.3435367000, -0.4205625000, 0.0797822900, 0.8359094000)
(-0.3435618000, -0.4206172000, 0.0797550800, 0.8358741000)
(-0.3435822000, -0.4205271000, 0.0796437500, 0.8359217000)
(-0.3435994000, -0.4205560000, 0.0796848000, 0.8358963000)
(-0.3435267000, -0.4207183000, 0.0796727800, 0.8358456000)
(-0.3436249000, -0.4206183000, 0.0797185800, 0.8358511000)
(-0.3435686000, -0.4206046000, 0.0797300600, 0.8358801000)
(-0.3435193000, -0.4207001000, 0.0796581000, 0.8358592000)
(-0.3436999000, -0.4208224000, 0.0799203500, 0.8356982000)
(-0.3437563000, -0.4205830000, 0.0797939100, 0.8358077000)
(-0.3434744000, -0.4206740000, 0.0796202000, 0.8358943000)
(-0.3436184000, -0.4206884000, 0.0797691600, 0.8358138000)
(-0.3436718000, -0.4206231000, 0.0796863700, 0.8358326000)
(-0.3435577000, -0.4206761000, 0.0798469600, 0.8358375000)
(-0.3435758000, -0.4206694000, 0.0797819900, 0.8358396000)
(-0.3436582000, -0.4205869000, 0.0797915400, 0.8358462000)
(-0.3436930000, -0.4205756000, 0.0798676500, 0.8358304000)
(-0.3437832000, -0.4205893000, 0.0798376500, 0.8357893000)
(-0.3438626000, -0.4205500000, 0.0798405200, 0.8357762000)
(-0.3438678000, -0.4205021000, 0.0798047600, 0.8358015000)
(-0.3438271000, -0.4204755000, 0.0797487900, 0.8358369000)
(-0.3436059000, -0.4204649000, 0.0797340400, 0.8359346000)
(-0.3438149000, -0.4206170000, 0.0796463300, 0.8357805000)
(-0.3437102000, -0.4205443000, 0.0796125100, 0.8358635000)
(-0.3435798000, -0.4207381000, 0.0795331700, 0.8358271000)
(-0.3433812000, -0.4206548000, 0.0795643800, 0.8359476000)
(-0.3435762000, -0.4206277000, 0.0797371300, 0.8358647000)
(-0.3435452000, -0.4205806000, 0.0795235400, 0.8359215000)
(-0.3434092000, -0.4207013000, 0.0796998200, 0.8358998000)
(-0.3435109000, -0.4207792000, 0.0795271700, 0.8358353000)
(-0.3436300000, -0.4206918000, 0.0795358000, 0.8358295000)
(-0.3435169000, -0.4207411000, 0.0796103300, 0.8358440000)
(-0.3436040000, -0.4207396000, 0.0795391100, 0.8358158000)
(-0.3436032000, -0.4207941000, 0.0796024300, 0.8357827000)
(-0.3436524000, -0.4207503000, 0.0796903900, 0.8357762000)
(-0.3436700000, -0.4207467000, 0.0796881200, 0.8357708000)
(-0.3436236000, -0.4207098000, 0.0796437000, 0.8358128000)
(-0.3436410000, -0.4207262000, 0.0796415100, 0.8357976000)
(-0.3436234000, -0.4206870000, 0.0798097900, 0.8358085000)
(-0.3436567000, -0.4207052000, 0.0796580900, 0.8358001000)
(-0.3437386000, -0.4206282000, 0.0796209900, 0.8358088000)
(-0.3436308000, -0.4207096000, 0.0796371300, 0.8358105000)
(-0.3436441000, -0.4207652000, 0.0796310800, 0.8357777000)
(-0.3436646000, -0.4207872000, 0.0795918900, 0.8357618000)
(-0.3436897000, -0.4207315000, 0.0796804400, 0.8357711000)
(-0.3436018000, -0.4207507000, 0.0796418700, 0.8358014000)
(-0.3435671000, -0.4207918000, 0.0796167000, 0.8357973000)
(-0.3434940000, -0.4207885000, 0.0795896000, 0.8358316000)
(-0.3436067000, -0.4207725000, 0.0796584800, 0.8357868000)
(-0.3435241000, -0.4206913000, 0.0796130800, 0.8358659000)
(-0.3435277000, -0.4206466000, 0.0795610500, 0.8358918000)
(-0.3433484000, -0.4207307000, 0.0795371500, 0.8359255000)
(-0.3433574000, -0.4207424000, 0.0794846500, 0.8359210000)
(-0.3433491000, -0.4206423000, 0.0796250700, 0.8359613000)
(-0.3433895000, -0.4206689000, 0.0795680900, 0.8359368000)
(-0.3434507000, -0.4207505000, 0.0795798700, 0.8358694000)
(-0.3433734000, -0.4207502000, 0.0795410900, 0.8359050000)
(-0.3433504000, -0.4205346000, 0.0796380300, 0.8360138000)
(-0.3432417000, -0.4205902000, 0.0795379800, 0.8360399000)
(-0.3432803000, -0.4207506000, 0.0795921600, 0.8359382000)
(-0.3432987000, -0.4207160000, 0.0795039200, 0.8359565000)
(-0.3433391000, -0.4206334000, 0.0796223400, 0.8359702000)
(-0.3433593000, -0.4206350000, 0.0796002900, 0.8359632000)
(-0.3433123000, -0.4206487000, 0.0796100800, 0.8359746000)
(-0.3432088000, -0.4207082000, 0.0795925600, 0.8359889000)
(-0.3433343000, -0.4206332000, 0.0796485200, 0.8359697000)
(-0.3432378000, -0.4205813000, 0.0795715100, 0.8360428000)
(-0.3432877000, -0.4206333000, 0.0795142100, 0.8360016000)
(-0.3433491000, -0.4206982000, 0.0794883700, 0.8359462000)
(-0.3432735000, -0.4206038000, 0.0795984200, 0.8360143000)
(-0.3433045000, -0.4206450000, 0.0796316300, 0.8359777000)
(-0.3433883000, -0.4206055000, 0.0795141900, 0.8359743000)
(-0.3434016000, -0.4205761000, 0.0796144000, 0.8359741000)
(-0.3431713000, -0.4206051000, 0.0793902900, 0.8360753000)
(-0.3430974000, -0.4205391000, 0.0794182600, 0.8361363000)
(-0.3431094000, -0.4205323000, 0.0793852400, 0.8361378000)
(-0.3430946000, -0.4205481000, 0.0794922100, 0.8361259000)
(-0.3432170000, -0.4205908000, 0.0794516000, 0.8360580000)
(-0.3431482000, -0.4206473000, 0.0793710800, 0.8360654000)
(-0.3431704000, -0.4206454000, 0.0794760400, 0.8360473000)
(-0.3432882000, -0.4206392000, 0.0797015700, 0.8359806000)
(-0.3431519000, -0.4205070000, 0.0797461900, 0.8360988000)
(-0.3431633000, -0.4205145000, 0.0796027700, 0.8361040000)
(-0.3433564000, -0.4206456000, 0.0795687600, 0.8359621000)
(-0.3432976000, -0.4206212000, 0.0795033600, 0.8360047000)
(-0.3432989000, -0.4205669000, 0.0796583800, 0.8360167000)
(-0.3434546000, -0.4206811000, 0.0796999200, 0.8358913000)
(-0.3434098000, -0.4206217000, 0.0796188700, 0.8359474000)
(-0.3433291000, -0.4206235000, 0.0796876200, 0.8359730000)
(-0.3433500000, -0.4205801000, 0.0797048900, 0.8359846000)
(-0.3434113000, -0.4206763000, 0.0797141600, 0.8359102000)
(-0.3433918000, -0.4206528000, 0.0797206600, 0.8359294000)
(-0.3434798000, -0.4205996000, 0.0797963400, 0.8359128000)
(-0.3434379000, -0.4205792000, 0.0798182200, 0.8359382000)
(-0.3433320000, -0.4205559000, 0.0798129700, 0.8359939000)
(-0.3435462000, -0.4205124000, 0.0798533000, 0.8359239000)
(-0.3433456000, -0.4206179000, 0.0798619500, 0.8359525000)
(-0.3433983000, -0.4204880000, 0.0799399900, 0.8359886000)
(-0.3434166000, -0.4204153000, 0.0800147800, 0.8360106000)
(-0.3434204000, -0.4204223000, 0.0799868000, 0.8360082000)
(-0.3434544000, -0.4204493000, 0.0800024900, 0.8359791000)
(-0.3435017000, -0.4205675000, 0.0799004900, 0.8359100000)
(-0.3433657000, -0.4204049000, 0.0800149900, 0.8360367000)
(-0.3434758000, -0.4205223000, 0.0798599800, 0.8359473000)
(-0.3436202000, -0.4205302000, 0.0800291000, 0.8358678000)
(-0.3435335000, -0.4203821000, 0.0800968200, 0.8359714000)
(-0.3435448000, -0.4206168000, 0.0800572200, 0.8358525000)
(-0.3435313000, -0.4205213000, 0.0799804400, 0.8359134000)
(-0.3435683000, -0.4206479000, 0.0800129500, 0.8358314000)
(-0.3437032000, -0.4207050000, 0.0799777000, 0.8357506000)
(-0.3437179000, -0.4206086000, 0.0799233300, 0.8357983000)
(-0.3436442000, -0.4205704000, 0.0799321400, 0.8358470000)
(-0.3436606000, -0.4206564000, 0.0799429900, 0.8357959000)
(-0.3435319000, -0.4206955000, 0.0798411100, 0.8358388000)
(-0.3436152000, -0.4207331000, 0.0798499600, 0.8357849000)
(-0.3437658000, -0.4206579000, 0.0799458700, 0.8357516000)
(-0.3436913000, -0.4207092000, 0.0798520100, 0.8357654000)
(-0.3436908000, -0.4206709000, 0.0798029200, 0.8357896000)
(-0.3436510000, -0.4207113000, 0.0798935100, 0.8357770000)
(-0.3437868000, -0.4207408000, 0.0797418600, 0.8357207000)
(-0.3438649000, -0.4206225000, 0.0798269800, 0.8357400000)
(-0.3439218000, -0.4206280000, 0.0799168300, 0.8357052000)
(-0.3439457000, -0.4208037000, 0.0799186700, 0.8356068000)
(-0.3439864000, -0.4208422000, 0.0799461600, 0.8355680000)
(-0.3440922000, -0.4208268000, 0.0800218100, 0.8355249000)
(-0.3440626000, -0.4209519000, 0.0799061700, 0.8354852000)
(-0.3440029000, -0.4208756000, 0.0800462100, 0.8355348000)
(-0.3440848000, -0.4210011000, 0.0799972300, 0.8354425000)
(-0.3439664000, -0.4209583000, 0.0800593300, 0.8355069000)
(-0.3440258000, -0.4209250000, 0.0798604400, 0.8355182000)
(-0.3439635000, -0.4209279000, 0.0798908200, 0.8355395000)
(-0.3438305000, -0.4209204000, 0.0798547900, 0.8356014000)
(-0.3438345000, -0.4211127000, 0.0798399700, 0.8355044000)
(-0.3437921000, -0.4210740000, 0.0797810800, 0.8355470000)
(-0.3438702000, -0.4209770000, 0.0798256300, 0.8355594000)
(-0.3439575000, -0.4209190000, 0.0799072200, 0.8355449000)
(-0.3438872000, -0.4209261000, 0.0798485800, 0.8355759000)
(-0.3440827000, -0.4210138000, 0.0797430500, 0.8354613000)
(-0.3441872000, -0.4210200000, 0.0800013600, 0.8353904000)
(-0.3441485000, -0.4208922000, 0.0798059500, 0.8354894000)
(-0.3440443000, -0.4209337000, 0.0800120100, 0.8354917000)
(-0.3440867000, -0.4209495000, 0.0799821200, 0.8354692000)
(-0.3439928000, -0.4209826000, 0.0800491600, 0.8354847000)
(-0.3438787000, -0.4209611000, 0.0799023700, 0.8355566000)
(-0.3440914000, -0.4208668000, 0.0799493000, 0.8355120000)
(-0.3439569000, -0.4210237000, 0.0799646000, 0.8354869000)
(-0.3439017000, -0.4210402000, 0.0800062000, 0.8354973000)
(-0.3438027000, -0.4210676000, 0.0798387600, 0.8355403000)
(-0.3438893000, -0.4210484000, 0.0799652000, 0.8355023000)
(-0.3441108000, -0.4210468000, 0.0800278500, 0.8354058000)
(-0.3440862000, -0.4209513000, 0.0799872800, 0.8354680000)
(-0.3440954000, -0.4211074000, 0.0801514200, 0.8353698000)
(-0.3441786000, -0.4209420000, 0.0801065600, 0.8354231000)
(-0.3441234000, -0.4209189000, 0.0802372500, 0.8354450000)
(-0.3442024000, -0.4209346000, 0.0800831200, 0.8354194000)
(-0.3442317000, -0.4208823000, 0.0802117200, 0.8354213000)
(-0.3442486000, -0.4208758000, 0.0800721000, 0.8354310000)
(-0.3441769000, -0.4208266000, 0.0801528900, 0.8354775000)
(-0.3440671000, -0.4208315000, 0.0802031800, 0.8355155000)
(-0.3442981000, -0.4208862000, 0.0800876200, 0.8354039000)
(-0.3441878000, -0.4208440000, 0.0800644800, 0.8354728000)
(-0.3441124000, -0.4209363000, 0.0800470900, 0.8354590000)
(-0.3441515000, -0.4206948000, 0.0801235400, 0.8355573000)
(-0.3441831000, -0.4208283000, 0.0801141600, 0.8354779000)
(-0.3442355000, -0.4209036000, 0.0802171000, 0.8354085000)
(-0.3443170000, -0.4208691000, 0.0800690700, 0.8354065000)
(-0.3441804000, -0.4208323000, 0.0800892900, 0.8354794000)
(-0.3441893000, -0.4208825000, 0.0800994000, 0.8354495000)
(-0.3442297000, -0.4210285000, 0.0801774100, 0.8353517000)
(-0.3443212000, -0.4209958000, 0.0801786600, 0.8353304000)
(-0.3442275000, -0.4210427000, 0.0801876900, 0.8353445000)
(-0.3442825000, -0.4209056000, 0.0801683400, 0.8353928000)
(-0.3443309000, -0.4209148000, 0.0800530800, 0.8353792000)
(-0.3443707000, -0.4209941000, 0.0800181300, 0.8353263000)
(-0.3443148000, -0.4210597000, 0.0799230200, 0.8353254000)
(-0.3444518000, -0.4210015000, 0.0798934200, 0.8353010000)
(-0.3442427000, -0.4211366000, 0.0799775900, 0.8353111000)
(-0.3442191000, -0.4210013000, 0.0800346100, 0.8353835000)
(-0.3441975000, -0.4211223000, 0.0799288100, 0.8353416000)
(-0.3442301000, -0.4208039000, 0.0799621000, 0.8354854000)
(-0.3441617000, -0.4210411000, 0.0801374300, 0.8353773000)
(-0.3442457000, -0.4209573000, 0.0800806700, 0.8353903000)
(-0.3443678000, -0.4210089000, 0.0800754900, 0.8353145000)
(-0.3443593000, -0.4209571000, 0.0798734700, 0.8353634000)
(-0.3441439000, -0.4210363000, 0.0800311200, 0.8353972000)
(-0.3442804000, -0.4210458000, 0.0798073800, 0.8353575000)
(-0.3442198000, -0.4210096000, 0.0800011200, 0.8353823000)
(-0.3442621000, -0.4210652000, 0.0800533000, 0.8353318000)
(-0.3442512000, -0.4210231000, 0.0800394100, 0.8353588000)
(-0.3442547000, -0.4209478000, 0.0801604500, 0.8353837000)
(-0.3442428000, -0.4209923000, 0.0799834100, 0.8353832000)
(-0.3441630000, -0.4209846000, 0.0801448500, 0.8354045000)
(-0.3442481000, -0.4210619000, 0.0800421300, 0.8353403000)
(-0.3444191000, -0.4210055000, 0.0801953400, 0.8352835000)
(-0.3443280000, -0.4210373000, 0.0800502700, 0.8353190000)
(-0.3443695000, -0.4209403000, 0.0801781600, 0.8353385000)
(-0.3444789000, -0.4210303000, 0.0801169600, 0.8352540000)
(-0.3443998000, -0.4209189000, 0.0802125900, 0.8353335000)
(-0.3443964000, -0.4210029000, 0.0799792500, 0.8353150000)
(-0.3442455000, -0.4210619000, 0.0800666400, 0.8353390000)
(-0.3441990000, -0.4209369000, 0.0799451700, 0.8354328000)
(-0.3442269000, -0.4208694000, 0.0800555900, 0.8354447000)
(-0.3441243000, -0.4209797000, 0.0800234600, 0.8354346000)
(-0.3441480000, -0.4208790000, 0.0800849600, 0.8354696000)
(-0.3442901000, -0.4210384000, 0.0801395600, 0.8353254000)
(-0.3443974000, -0.4209223000, 0.0801670200, 0.8353371000)
(-0.3443712000, -0.4209022000, 0.0802011000, 0.8353547000)
(-0.3442177000, -0.4209905000, 0.0802540400, 0.8353685000)
(-0.3441660000, -0.4209700000, 0.0802630200, 0.8353993000)
(-0.3441001000, -0.4207702000, 0.0802237900, 0.8355308000)
(-0.3440605000, -0.4208513000, 0.0801721500, 0.8355112000)
(-0.3442297000, -0.4208542000, 0.0801783800, 0.8354395000)
(-0.3443260000, -0.4208424000, 0.0801848000, 0.8354051000)
(-0.3441507000, -0.4209120000, 0.0800702700, 0.8354533000)
(-0.3439865000, -0.4209339000, 0.0801971300, 0.8354977000)
(-0.3442046000, -0.4208424000, 0.0801775300, 0.8354559000)
(-0.3440890000, -0.4208595000, 0.0802941800, 0.8354837000)
(-0.3442601000, -0.4209229000, 0.0802009500, 0.8353902000)
(-0.3441478000, -0.4208705000, 0.0803053200, 0.8354529000)
(-0.3441830000, -0.4209425000, 0.0803731300, 0.8353956000)
(-0.3440726000, -0.4208259000, 0.0802567500, 0.8355109000)
(-0.3440551000, -0.4208190000, 0.0801736500, 0.8355296000)
(-0.3439427000, -0.4209245000, 0.0801735000, 0.8355228000)
(-0.3439315000, -0.4208729000, 0.0801839000, 0.8355523000)
(-0.3439667000, -0.4208611000, 0.0802188300, 0.8355404000)
(-0.3440594000, -0.4208383000, 0.0802511100, 0.8355106000)
(-0.3440571000, -0.4208233000, 0.0801394000, 0.8355299000)
(-0.3441128000, -0.4207197000, 0.0801401100, 0.8355590000)
(-0.3440190000, -0.4207792000, 0.0800535500, 0.8355760000)
(-0.3438906000, -0.4209367000, 0.0802366300, 0.8355319000)
(-0.3440426000, -0.4207344000, 0.0802407300, 0.8355709000)
(-0.3439712000, -0.4208221000, 0.0802581500, 0.8355544000)
(-0.3440003000, -0.4207222000, 0.0800348500, 0.8356142000)
(-0.3438097000, -0.4207487000, 0.0802779300, 0.8356560000)
(-0.3440623000, -0.4208552000, 0.0800158500, 0.8355235000)
(-0.3438946000, -0.4207820000, 0.0802012000, 0.8356116000)
(-0.3440639000, -0.4207655000, 0.0802464600, 0.8355459000)
(-0.3439989000, -0.4207735000, 0.0801440400, 0.8355784000)
(-0.3439684000, -0.4207419000, 0.0801564900, 0.8356057000)
(-0.3438871000, -0.4207694000, 0.0802235200, 0.8356189000)
(-0.3440045000, -0.4207873000, 0.0801851900, 0.8355653000)
(-0.3440695000, -0.4208640000, 0.0800730100, 0.8355107000)
(-0.3441018000, -0.4207303000, 0.0801286500, 0.8355593000)
(-0.3441317000, -0.4207875000, 0.0800172400, 0.8355289000)
(-0.3439622000, -0.4206820000, 0.0800945300, 0.8356444000)
(-0.3440340000, -0.4207758000, 0.0800206300, 0.8355746000)
(-0.3440911000, -0.4207594000, 0.0800646800, 0.8355553000)
(-0.3439828000, -0.4207321000, 0.0802038300, 0.8356002000)
(-0.3439553000, -0.4206256000, 0.0800350800, 0.8356813000)
(-0.3440145000, -0.4206661000, 0.0800120200, 0.8356388000)
(-0.3441527000, -0.4206815000, 0.0800919300, 0.8355664000)
(-0.3441743000, -0.4206346000, 0.0801505400, 0.8355756000)
(-0.3440710000, -0.4207336000, 0.0799764900, 0.8355849000)
(-0.3443670000, -0.4206107000, 0.0801519500, 0.8355080000)
(-0.3442842000, -0.4206683000, 0.0802355000, 0.8355052000)
(-0.3443373000, -0.4207973000, 0.0801397400, 0.8354275000)
(-0.3441646000, -0.4207249000, 0.0801054900, 0.8355384000)
(-0.3442522000, -0.4205953000, 0.0800692400, 0.8355711000)
(-0.3441185000, -0.4208053000, 0.0799517300, 0.8355317000)
(-0.3440855000, -0.4206830000, 0.0801206000, 0.8355906000)
(-0.3440845000, -0.4207478000, 0.0800831900, 0.8355620000)
(-0.3440985000, -0.4207205000, 0.0801264000, 0.8355658000)
(-0.3440187000, -0.4207052000, 0.0800696600, 0.8356118000)
(-0.3440283000, -0.4207499000, 0.0800178700, 0.8355904000)
(-0.3441436000, -0.4205700000, 0.0800711400, 0.8356283000)
(-0.3441848000, -0.4207495000, 0.0801102700, 0.8355172000)
(-0.3441977000, -0.4207436000, 0.0800764600, 0.8355181000)
(-0.3442161000, -0.4206143000, 0.0800522300, 0.8355780000)
(-0.3442132000, -0.4208249000, 0.0800334200, 0.8354750000)
(-0.3442170000, -0.4206439000, 0.0800919400, 0.8355589000)
(-0.3443024000, -0.4207404000, 0.0801989400, 0.8354649000)
(-0.3441980000, -0.4206905000, 0.0800996300, 0.8355425000)
(-0.3441101000, -0.4207436000, 0.0801566300, 0.8355466000)
(-0.3439428000, -0.4208175000, 0.0800434700, 0.8355891000)
(-0.3442365000, -0.4208039000, 0.0800595200, 0.8354734000)
(-0.3440066000, -0.4207352000, 0.0800138100, 0.8356071000)
(-0.3440365000, -0.4208142000, 0.0799109500, 0.8355648000)
(-0.3440384000, -0.4208490000, 0.0801019600, 0.8355282000)
(-0.3441381000, -0.4205954000, 0.0801019100, 0.8356149000)
(-0.3440447000, -0.4207937000, 0.0800360700, 0.8355598000)
(-0.3439311000, -0.4207522000, 0.0800591500, 0.8356253000)
(-0.3439663000, -0.4208660000, 0.0799270900, 0.8355660000)
(-0.3440830000, -0.4207164000, 0.0801389600, 0.8355731000)
(-0.3440469000, -0.4208112000, 0.0800347000, 0.8355502000)
(-0.3441342000, -0.4207096000, 0.0799071900, 0.8355777000)
(-0.3441796000, -0.4208991000, 0.0801422100, 0.8354410000)
(-0.3442047000, -0.4206747000, 0.0800901700, 0.8355486000)
(-0.3442919000, -0.4208995000, 0.0800144100, 0.8354068000)
(-0.3442169000, -0.4208561000, 0.0801340500, 0.8354480000)
(-0.3442955000, -0.4207578000, 0.0801450200, 0.8354641000)
(-0.3442227000, -0.4208265000, 0.0801501600, 0.8354590000)
(-0.3442499000, -0.4207364000, 0.0801080300, 0.8354973000)
(-0.3443256000, -0.4206958000, 0.0800387000, 0.8354931000)
(-0.3442801000, -0.4208061000, 0.0801501000, 0.8354456000)
(-0.3442470000, -0.4207551000, 0.0801664700, 0.8354834000)
(-0.3443447000, -0.4206425000, 0.0802077700, 0.8354959000)
(-0.3442653000, -0.4207949000, 0.0803893300, 0.8354344000)
(-0.3444838000, -0.4207147000, 0.0803919900, 0.8353844000)
(-0.3445742000, -0.4206372000, 0.0804592700, 0.8353797000)
(-0.3446469000, -0.4206392000, 0.0805760900, 0.8353375000)
(-0.3448085000, -0.4207115000, 0.0807374600, 0.8352188000)
(-0.3448489000, -0.4206927000, 0.0807611000, 0.8352093000)
(-0.3452264000, -0.4204980000, 0.0809431900, 0.8351337000)
(-0.3452712000, -0.4206702000, 0.0807588100, 0.8350464000)
(-0.3453248000, -0.4206853000, 0.0807950900, 0.8350131000)
(-0.3450384000, -0.4208547000, 0.0806797000, 0.8350573000)
(-0.3450168000, -0.4208186000, 0.0805961500, 0.8350925000)
(-0.3451059000, -0.4206731000, 0.0804143600, 0.8351465000)
(-0.3450815000, -0.4207656000, 0.0804615000, 0.8351054000)
(-0.3450958000, -0.4206444000, 0.0802645800, 0.8351795000)
(-0.3450331000, -0.4207763000, 0.0807830600, 0.8350890000)
(-0.3450864000, -0.4207271000, 0.0808406100, 0.8350862000)
(-0.3451648000, -0.4207568000, 0.0810264100, 0.8350208000)
(-0.3451138000, -0.4207668000, 0.0808983700, 0.8350492000)
(-0.3453043000, -0.4206627000, 0.0810544700, 0.8350078000)
(-0.3455008000, -0.4207357000, 0.0809355500, 0.8349013000)
(-0.3456310000, -0.4208829000, 0.0809832700, 0.8347685000)
(-0.3456386000, -0.4208469000, 0.0806843000, 0.8348125000)
(-0.3456775000, -0.4209127000, 0.0805833400, 0.8347730000)
(-0.3457339000, -0.4209512000, 0.0806083400, 0.8347278000)
(-0.3454919000, -0.4211262000, 0.0808630600, 0.8347151000)
(-0.3451738000, -0.4211984000, 0.0808411600, 0.8348124000)
(-0.3449381000, -0.4209970000, 0.0808455600, 0.8350109000)
(-0.3452622000, -0.4211409000, 0.0807437400, 0.8348143000)
(-0.3454392000, -0.4211756000, 0.0807041700, 0.8347273000)
(-0.3457352000, -0.4210314000, 0.0806370800, 0.8346840000)
(-0.3458057000, -0.4211736000, 0.0806825300, 0.8345786000)
(-0.3456948000, -0.4211174000, 0.0806957500, 0.8346517000)
(-0.3459506000, -0.4211768000, 0.0807629200, 0.8345093000)
(-0.3455777000, -0.4212468000, 0.0808268700, 0.8346222000)
(-0.3452112000, -0.4210972000, 0.0806720400, 0.8348643000)
(-0.3450847000, -0.4210167000, 0.0806830200, 0.8349562000)
(-0.3452015000, -0.4209746000, 0.0805749800, 0.8349395000)
(-0.3453878000, -0.4211287000, 0.0806632200, 0.8347762000)
(-0.3455756000, -0.4212886000, 0.0807742300, 0.8346071000)
(-0.3457339000, -0.4211909000, 0.0806985800, 0.8345981000)
(-0.3458001000, -0.4212592000, 0.0805718200, 0.8345485000)
(-0.3457478000, -0.4212446000, 0.0807303600, 0.8345622000)
(-0.3455259000, -0.4210845000, 0.0808569100, 0.8347226000)
(-0.3453509000, -0.4209951000, 0.0805458200, 0.8348702000)
(-0.3450788000, -0.4209125000, 0.0804659700, 0.8350320000)
(-0.3451774000, -0.4209476000, 0.0804736900, 0.8349729000)
(-0.3453780000, -0.4210103000, 0.0806468900, 0.8348416000)
(-0.3456487000, -0.4210217000, 0.0806584500, 0.8347227000)
(-0.3457155000, -0.4211725000, 0.0806336300, 0.8346214000)
(-0.3457551000, -0.4210970000, 0.0806894200, 0.8346376000)
(-0.3458336000, -0.4211566000, 0.0807427900, 0.8345699000)
(-0.3455476000, -0.4213402000, 0.0807440400, 0.8345956000)
(-0.3452734000, -0.4212056000, 0.0805698500, 0.8347937000)
(-0.3451336000, -0.4212049000, 0.0804618500, 0.8348624000)
(-0.3451859000, -0.4210303000, 0.0805378200, 0.8349215000)
(-0.3451447000, -0.4211389000, 0.0805209400, 0.8348854000)
(-0.3453269000, -0.4210524000, 0.0803655800, 0.8348686000)
(-0.3454955000, -0.4210446000, 0.0804846300, 0.8347914000)
(-0.3456179000, -0.4210877000, 0.0805347600, 0.8347141000)
(-0.3454539000, -0.4211745000, 0.0804847400, 0.8347430000)
(-0.3453619000, -0.4210873000, 0.0804226000, 0.8348311000)
(-0.3453374000, -0.4212389000, 0.0803171200, 0.8347749000)
(-0.3451815000, -0.4212028000, 0.0803147400, 0.8348578000)
(-0.3451886000, -0.4212989000, 0.0802915900, 0.8348086000)
(-0.3451712000, -0.4213271000, 0.0802566400, 0.8348050000)
(-0.3453632000, -0.4213422000, 0.0804027100, 0.8347038000)
(-0.3451715000, -0.4212668000, 0.0803180300, 0.8348293000)
(-0.3453115000, -0.4212799000, 0.0803945100, 0.8347574000)
(-0.3455040000, -0.4211913000, 0.0804246700, 0.8347196000)
(-0.3452822000, -0.4212021000, 0.0805718100, 0.8347918000)
(-0.3450830000, -0.4211371000, 0.0803303700, 0.8349301000)
(-0.3449338000, -0.4210724000, 0.0803422700, 0.8350233000)
(-0.3452560000, -0.4212361000, 0.0803860400, 0.8348033000)
(-0.3455065000, -0.4213109000, 0.0803738600, 0.8346632000)
(-0.3455322000, -0.4212900000, 0.0802485100, 0.8346751000)
(-0.3452489000, -0.4214113000, 0.0801043700, 0.8347449000)
(-0.3451365000, -0.4216335000, 0.0799672500, 0.8346924000)
(-0.3452217000, -0.4216214000, 0.0802212500, 0.8346388000)
(-0.3451948000, -0.4213702000, 0.0800970700, 0.8347887000)
(-0.3451782000, -0.4213337000, 0.0801669300, 0.8348073000)
(-0.3450643000, -0.4213938000, 0.0802714800, 0.8348140000)
(-0.3451948000, -0.4211027000, 0.0804942300, 0.8348855000)
(-0.3453390000, -0.4212596000, 0.0803366500, 0.8347619000)
(-0.3457502000, -0.4213013000, 0.0804330400, 0.8345613000)
(-0.3457820000, -0.4214275000, 0.0802423500, 0.8345028000)
(-0.3459735000, -0.4212971000, 0.0803088400, 0.8344828000)
(-0.3462853000, -0.4214142000, 0.0805861200, 0.8342676000)
(-0.3462845000, -0.4215484000, 0.0803828900, 0.8342198000)
(-0.3461617000, -0.4216379000, 0.0804420000, 0.8342198000)
(-0.3458489000, -0.4216370000, 0.0801877600, 0.8343744000)
(-0.3456037000, -0.4216165000, 0.0802661600, 0.8344789000)
(-0.3457817000, -0.4213254000, 0.0802839500, 0.8345505000)
(-0.3456816000, -0.4214213000, 0.0802133700, 0.8345503000)
(-0.3452922000, -0.4210552000, 0.0801290600, 0.8349043000)
(-0.3447052000, -0.4210857000, 0.0801272900, 0.8351316000)
(-0.3446691000, -0.4207500000, 0.0801652400, 0.8353121000)
(-0.3449376000, -0.4210431000, 0.0802603400, 0.8350444000)
(-0.3447947000, -0.4211290000, 0.0804124000, 0.8350455000)
(-0.3447645000, -0.4211122000, 0.0802569500, 0.8350813000)
(-0.3451532000, -0.4212416000, 0.0805951100, 0.8348229000)
(-0.3454974000, -0.4213983000, 0.0806058200, 0.8346003000)
(-0.3459174000, -0.4214378000, 0.0807623000, 0.8343913000)
(-0.3459975000, -0.4212954000, 0.0804700200, 0.8344582000)
(-0.3454532000, -0.4212958000, 0.0804043900, 0.8346899000)
(-0.3452231000, -0.4213458000, 0.0801514300, 0.8347842000)
(-0.3452415000, -0.4213592000, 0.0801831100, 0.8347667000)
(-0.3456300000, -0.4215676000, 0.0802761500, 0.8344917000)
(-0.3462018000, -0.4217103000, 0.0802767100, 0.8341825000)
(-0.3463092000, -0.4216892000, 0.0805275500, 0.8341244000)
(-0.3467013000, -0.4217064000, 0.0808198000, 0.8339246000)
(-0.3469163000, -0.4216132000, 0.0808056100, 0.8338836000)
(-0.3465624000, -0.4216334000, 0.0807431300, 0.8340266000)
(-0.3457653000, -0.4216846000, 0.0804599200, 0.8343589000)
(-0.3457879000, -0.4216626000, 0.0804659100, 0.8343600000)
(-0.3452983000, -0.4216283000, 0.0801285100, 0.8346125000)
(-0.3451877000, -0.4217598000, 0.0803623900, 0.8345694000)
(-0.3451166000, -0.4215492000, 0.0804482800, 0.8346969000)
(-0.3451473000, -0.4215009000, 0.0805002000, 0.8347036000)
(-0.3452557000, -0.4212011000, 0.0801068700, 0.8348479000)
(-0.3451195000, -0.4215514000, 0.0800658200, 0.8347313000)
(-0.3451175000, -0.4216346000, 0.0799480700, 0.8347014000)
(-0.3457667000, -0.4215653000, 0.0802986000, 0.8344342000)
(-0.3461414000, -0.4216816000, 0.0802890200, 0.8342209000)
(-0.3465220000, -0.4216931000, 0.0803864200, 0.8340477000)
(-0.3463490000, -0.4216857000, 0.0804615200, 0.8341160000)
(-0.3458042000, -0.4219258000, 0.0803452900, 0.8342319000)
(-0.3452970000, -0.4217399000, 0.0803572500, 0.8345347000)
(-0.3449901000, -0.4215647000, 0.0802371500, 0.8347617000)
(-0.3450314000, -0.4214507000, 0.0801305200, 0.8348125000)
(-0.3453434000, -0.4210783000, 0.0801020400, 0.8348740000)
(-0.3457576000, -0.4213468000, 0.0801802200, 0.8345597000)
(-0.3463166000, -0.4214171000, 0.0806884200, 0.8342433000)
(-0.3469924000, -0.4215016000, 0.0808723500, 0.8339019000)
(-0.3473780000, -0.4215705000, 0.0808513700, 0.8337086000)
(-0.3473839000, -0.4214160000, 0.0808003300, 0.8337892000)
(-0.3466990000, -0.4214738000, 0.0805986500, 0.8340645000)
(-0.3458015000, -0.4218457000, 0.0801850200, 0.8342888000)
(-0.3450650000, -0.4217553000, 0.0802236900, 0.8346357000)
(-0.3451508000, -0.4216547000, 0.0800218100, 0.8346705000)
(-0.3451005000, -0.4213860000, 0.0800052000, 0.8348285000)
(-0.3450193000, -0.4212680000, 0.0798608900, 0.8349354000)
(-0.3452022000, -0.4215402000, 0.0796898200, 0.8347389000)
(-0.3455682000, -0.4216354000, 0.0799388300, 0.8345155000)
(-0.3461242000, -0.4216638000, 0.0803517900, 0.8342310000)
(-0.3466228000, -0.4220468000, 0.0805833000, 0.8338078000)
(-0.3467171000, -0.4219007000, 0.0807034500, 0.8338309000)
(-0.3463857000, -0.4221334000, 0.0805426500, 0.8338665000)
(-0.3462069000, -0.4221226000, 0.0804456400, 0.8339556000)
(-0.3459445000, -0.4220946000, 0.0802012500, 0.8341022000)
(-0.3457045000, -0.4219767000, 0.0803336900, 0.8342485000)
(-0.3453606000, -0.4217874000, 0.0802011600, 0.8344994000)
(-0.3451427000, -0.4216716000, 0.0801005400, 0.8346577000)
(-0.3452581000, -0.4216941000, 0.0801423900, 0.8345946000)
(-0.3455641000, -0.4216538000, 0.0802809300, 0.8344750000)
(-0.3459262000, -0.4218545000, 0.0803859000, 0.8342134000)
(-0.3461731000, -0.4218127000, 0.0803536900, 0.8341352000)
(-0.3461395000, -0.4218109000, 0.0805250900, 0.8341335000)
(-0.3463019000, -0.4218659000, 0.0805806400, 0.8340329000)
(-0.3461080000, -0.4219226000, 0.0805930200, 0.8340836000)
(-0.3458380000, -0.4220895000, 0.0803399300, 0.8341356000)
(-0.3454828000, -0.4220110000, 0.0804273200, 0.8343140000)
(-0.3454612000, -0.4219125000, 0.0804596500, 0.8343696000)
(-0.3453922000, -0.4220269000, 0.0803536700, 0.8343505000)
(-0.3451711000, -0.4221392000, 0.0804199800, 0.8343788000)
(-0.3455229000, -0.4220635000, 0.0803971100, 0.8342738000)
(-0.3454814000, -0.4219610000, 0.0804533700, 0.8343374000)
(-0.3455849000, -0.4219657000, 0.0803376700, 0.8343033000)
(-0.3455766000, -0.4221302000, 0.0803188500, 0.8342252000)
(-0.3457623000, -0.4219782000, 0.0804293100, 0.8342146000)
(-0.3461873000, -0.4219837000, 0.0805294300, 0.8340259000)
(-0.3465967000, -0.4219309000, 0.0807723900, 0.8338590000)
(-0.3468032000, -0.4219984000, 0.0809727600, 0.8337196000)
(-0.3464638000, -0.4220311000, 0.0809482300, 0.8338466000)
(-0.3460318000, -0.4219208000, 0.0807985300, 0.8340962000)
(-0.3460636000, -0.4218918000, 0.0808453200, 0.8340931000)
(-0.3462350000, -0.4218340000, 0.0808696400, 0.8340489000)
(-0.3461470000, -0.4217013000, 0.0809093000, 0.8341486000)
(-0.3459316000, -0.4219427000, 0.0808810100, 0.8341187000)
(-0.3460413000, -0.4219039000, 0.0807970700, 0.8341010000)
(-0.3460840000, -0.4217824000, 0.0808552000, 0.8341391000)
(-0.3461771000, -0.4218028000, 0.0806928400, 0.8341058000)
(-0.3461649000, -0.4218546000, 0.0808120600, 0.8340731000)
(-0.3464712000, -0.4217483000, 0.0808825900, 0.8339928000)
(-0.3465466000, -0.4218304000, 0.0809299800, 0.8339155000)
(-0.3463868000, -0.4217906000, 0.0809843900, 0.8339967000)
(-0.3463923000, -0.4218738000, 0.0809513000, 0.8339556000)
(-0.3464215000, -0.4220064000, 0.0810058300, 0.8338710000)
(-0.3464431000, -0.4219804000, 0.0810366700, 0.8338721000)
(-0.3461012000, -0.4220140000, 0.0808693400, 0.8340134000)
(-0.3458599000, -0.4220583000, 0.0807858500, 0.8340992000)
(-0.3460972000, -0.4220039000, 0.0808690200, 0.8340202000)
(-0.3458615000, -0.4218634000, 0.0807891100, 0.8341967000)
(-0.3457811000, -0.4218668000, 0.0808572600, 0.8342218000)
(-0.3457112000, -0.4217880000, 0.0808197900, 0.8342942000)
(-0.3458922000, -0.4218982000, 0.0807265000, 0.8341725000)
(-0.3458154000, -0.4219229000, 0.0806825100, 0.8341961000)
(-0.3457988000, -0.4218474000, 0.0806898500, 0.8342405000)
(-0.3458463000, -0.4219785000, 0.0807513900, 0.8341485000)
(-0.3460499000, -0.4218653000, 0.0809318300, 0.8341039000)
(-0.3462042000, -0.4220170000, 0.0807780400, 0.8339779000)
(-0.3461227000, -0.4220528000, 0.0808068100, 0.8339909000)
(-0.3461152000, -0.4222198000, 0.0807313500, 0.8339168000)
(-0.3461738000, -0.4222586000, 0.0805720400, 0.8338882000)
(-0.3460374000, -0.4222262000, 0.0808280300, 0.8339365000)
(-0.3458582000, -0.4221931000, 0.0807690800, 0.8340332000)
(-0.3459278000, -0.4220108000, 0.0809990500, 0.8340743000)
(-0.3461730000, -0.4219879000, 0.0808832100, 0.8339955000)
(-0.3461232000, -0.4220308000, 0.0810381600, 0.8339794000)
(-0.3461213000, -0.4220750000, 0.0810028700, 0.8339612000)
(-0.3461757000, -0.4221829000, 0.0810485800, 0.8338796000)
(-0.3461303000, -0.4222793000, 0.0809447800, 0.8338597000)
(-0.3461892000, -0.4224281000, 0.0808413300, 0.8337699000)
(-0.3463868000, -0.4222941000, 0.0808313200, 0.8337566000)
(-0.3461168000, -0.4223820000, 0.0807751000, 0.8338298000)
(-0.3458002000, -0.4221206000, 0.0804693300, 0.8341230000)
(-0.3454443000, -0.4218861000, 0.0804886700, 0.8343871000)
(-0.3454727000, -0.4221002000, 0.0806566800, 0.8342509000)
(-0.3456332000, -0.4219339000, 0.0807789300, 0.8342567000)
(-0.3458147000, -0.4219051000, 0.0808618400, 0.8341880000)
(-0.3458180000, -0.4219303000, 0.0807566600, 0.8341841000)
(-0.3461942000, -0.4218598000, 0.0809804600, 0.8340421000)
(-0.3461906000, -0.4220027000, 0.0807951500, 0.8339891000)
(-0.3462678000, -0.4219217000, 0.0809616400, 0.8339821000)
(-0.3461634000, -0.4219736000, 0.0809576000, 0.8339995000)
(-0.3461500000, -0.4220967000, 0.0808740300, 0.8339509000)
(-0.3460282000, -0.4220501000, 0.0809448900, 0.8340181000)
(-0.3459867000, -0.4220971000, 0.0809922100, 0.8340070000)
(-0.3460879000, -0.4221165000, 0.0809879800, 0.8339555000)
(-0.3461568000, -0.4219421000, 0.0809888400, 0.8340151000)
(-0.3460979000, -0.4219172000, 0.0808562400, 0.8340650000)
(-0.3459757000, -0.4218161000, 0.0808225700, 0.8341701000)
(-0.3458587000, -0.4217381000, 0.0809724600, 0.8342435000)
(-0.3460812000, -0.4218725000, 0.0809158100, 0.8340887000)
(-0.3462982000, -0.4216660000, 0.0812150600, 0.8340740000)
(-0.3465337000, -0.4216473000, 0.0812476900, 0.8339825000)
(-0.3464764000, -0.4216284000, 0.0813508300, 0.8340058000)
(-0.3462610000, -0.4216532000, 0.0812563700, 0.8340919000)
(-0.3460966000, -0.4216962000, 0.0813099400, 0.8341332000)
(-0.3462177000, -0.4217795000, 0.0811210200, 0.8340592000)
(-0.3464322000, -0.4217236000, 0.0810962900, 0.8340008000)
(-0.3463486000, -0.4218968000, 0.0809092700, 0.8339661000)
(-0.3462450000, -0.4220057000, 0.0808810700, 0.8339567000)
(-0.3461773000, -0.4220060000, 0.0809306400, 0.8339799000)
(-0.3463677000, -0.4218647000, 0.0810133800, 0.8339643000)
(-0.3465998000, -0.4219851000, 0.0810513600, 0.8338032000)
(-0.3462888000, -0.4220026000, 0.0810849400, 0.8339204000)
(-0.3461828000, -0.4219124000, 0.0809120800, 0.8340268000)
(-0.3462038000, -0.4219801000, 0.0809141100, 0.8339836000)
(-0.3458849000, -0.4216611000, 0.0808075600, 0.8342875000)
(-0.3458564000, -0.4215961000, 0.0809480200, 0.8343186000)
(-0.3460784000, -0.4215183000, 0.0810123700, 0.8342596000)
(-0.3460846000, -0.4214424000, 0.0809565300, 0.8343008000)
(-0.3462371000, -0.4214790000, 0.0809319800, 0.8342215000)
(-0.3460848000, -0.4215746000, 0.0808844200, 0.8342409000)
(-0.3465454000, -0.4215559000, 0.0809275200, 0.8340549000)
(-0.3465621000, -0.4214720000, 0.0811010800, 0.8340735000)
(-0.3467473000, -0.4216293000, 0.0810745700, 0.8339196000)
(-0.3468961000, -0.4217994000, 0.0808860700, 0.8337901000)
(-0.3472266000, -0.4218136000, 0.0811702500, 0.8336176000)
(-0.3469149000, -0.4219179000, 0.0810994500, 0.8337015000)
(-0.3470209000, -0.4218910000, 0.0810550000, 0.8336754000)
(-0.3468749000, -0.4219274000, 0.0810492800, 0.8337182000)
(-0.3468535000, -0.4221362000, 0.0810281600, 0.8336235000)
(-0.3464366000, -0.4220324000, 0.0808693500, 0.8338648000)
(-0.3462958000, -0.4219868000, 0.0808969500, 0.8339437000)
(-0.3461145000, -0.4218929000, 0.0810064600, 0.8340558000)
(-0.3462643000, -0.4219778000, 0.0808984000, 0.8339612000)
(-0.3459316000, -0.4219648000, 0.0809014400, 0.8341056000)
(-0.3460519000, -0.4217455000, 0.0809524200, 0.8341616000)
(-0.3458079000, -0.4217438000, 0.0807874700, 0.8342797000)
(-0.3459147000, -0.4216383000, 0.0808012800, 0.8342873000)
(-0.3459359000, -0.4215303000, 0.0809552200, 0.8343182000)
(-0.3460174000, -0.4214486000, 0.0811281900, 0.8343089000)
(-0.3459586000, -0.4214355000, 0.0809345100, 0.8343587000)
(-0.3460718000, -0.4215107000, 0.0811015900, 0.8342575000)
(-0.3462526000, -0.4216259000, 0.0809200500, 0.8341419000)
(-0.3461982000, -0.4217133000, 0.0810795200, 0.8341048000)
(-0.3463953000, -0.4217816000, 0.0810848800, 0.8339880000)
(-0.3462370000, -0.4217687000, 0.0808956900, 0.8340786000)
(-0.3460596000, -0.4217074000, 0.0807934300, 0.8341931000)
(-0.3457552000, -0.4216979000, 0.0807843600, 0.8343250000)
(-0.3458325000, -0.4215544000, 0.0809066500, 0.8343536000)
(-0.3460190000, -0.4214656000, 0.0809692100, 0.8343151000)
(-0.3459609000, -0.4216240000, 0.0810023900, 0.8342559000)
(-0.3460419000, -0.4215991000, 0.0810045700, 0.8342347000)
(-0.3459251000, -0.4218458000, 0.0809121900, 0.8341674000)
(-0.3458531000, -0.4219060000, 0.0810237000, 0.8341560000)
(-0.3460261000, -0.4218816000, 0.0808475700, 0.8341136000)
(-0.3462145000, -0.4217290000, 0.0808526800, 0.8341121000)
(-0.3462272000, -0.4216700000, 0.0809955900, 0.8341228000)
(-0.3458917000, -0.4216769000, 0.0809931700, 0.8342588000)
(-0.3458647000, -0.4216228000, 0.0810648600, 0.8342903000)
(-0.3459689000, -0.4216254000, 0.0809787900, 0.8342541000)
(-0.3460986000, -0.4217067000, 0.0810363100, 0.8341537000)
(-0.3462296000, -0.4217071000, 0.0808483700, 0.8341174000)
(-0.3462077000, -0.4216190000, 0.0806829300, 0.8341870000)
(-0.3461365000, -0.4218194000, 0.0807019800, 0.8341134000)
(-0.3459775000, -0.4217952000, 0.0806321100, 0.8341984000)
(-0.3457572000, -0.4216256000, 0.0806095400, 0.8343776000)
(-0.3457256000, -0.4214352000, 0.0808193200, 0.8344666000)
(-0.3457028000, -0.4214002000, 0.0808516500, 0.8344905000)
(-0.3458123000, -0.4213251000, 0.0808894900, 0.8344795000)
(-0.3457298000, -0.4213890000, 0.0807280300, 0.8344970000)
(-0.3457987000, -0.4215492000, 0.0807423800, 0.8343862000)
(-0.3460297000, -0.4214382000, 0.0808455100, 0.8343365000)
(-0.3462545000, -0.4217348000, 0.0807895400, 0.8340988000)
(-0.3463700000, -0.4216393000, 0.0807606400, 0.8341019000)
(-0.3460932000, -0.4216571000, 0.0805924500, 0.8342240000)
(-0.3459751000, -0.4216131000, 0.0806973200, 0.8342851000)
(-0.3457266000, -0.4213650000, 0.0806463500, 0.8345183000)
(-0.3458246000, -0.4212953000, 0.0807833700, 0.8344997000)
(-0.3457680000, -0.4212895000, 0.0807555800, 0.8345287000)
(-0.3460428000, -0.4212902000, 0.0808472900, 0.8344056000)
(-0.3459628000, -0.4215703000, 0.0808241900, 0.8342995000)
(-0.3461224000, -0.4216914000, 0.0806417500, 0.8341898000)
(-0.3459228000, -0.4217122000, 0.0805996600, 0.8342662000)
(-0.3460965000, -0.4216222000, 0.0807153700, 0.8342284000)
(-0.3458931000, -0.4215632000, 0.0806846500, 0.8343455000)
(-0.3459310000, -0.4215904000, 0.0806969300, 0.8343149000)
(-0.3459314000, -0.4214886000, 0.0806523900, 0.8343704000)
(-0.3459083000, -0.4214148000, 0.0806750700, 0.8344151000)
(-0.3459129000, -0.4213901000, 0.0806623600, 0.8344269000)
(-0.3456515000, -0.4212246000, 0.0808388900, 0.8346017000)
(-0.3457094000, -0.4211261000, 0.0808158200, 0.8346297000)
(-0.3459425000, -0.4211628000, 0.0808161600, 0.8345146000)
(-0.3458596000, -0.4212524000, 0.0807581600, 0.8345093000)
(-0.3458936000, -0.4212612000, 0.0806912800, 0.8344972000)
(-0.3459238000, -0.4214718000, 0.0805686000, 0.8343902000)
(-0.3459974000, -0.4214296000, 0.0808741600, 0.8343514000)
(-0.3462365000, -0.4214544000, 0.0807288300, 0.8342538000)
(-0.3462647000, -0.4214531000, 0.0807446200, 0.8342412000)
(-0.3460309000, -0.4214149000, 0.0806966400, 0.8343621000)
(-0.3456707000, -0.4213476000, 0.0806691100, 0.8345481000)
(-0.3456708000, -0.4212382000, 0.0807168000, 0.8345987000)
(-0.3456445000, -0.4212209000, 0.0807069200, 0.8346192000)
(-0.3460937000, -0.4211929000, 0.0807727000, 0.8344408000)
(-0.3462093000, -0.4212447000, 0.0809018900, 0.8343542000)
(-0.3465267000, -0.4214674000, 0.0808501500, 0.8341150000)
(-0.3464492000, -0.4214629000, 0.0808154600, 0.8341528000)
(-0.3462356000, -0.4215965000, 0.0806974300, 0.8341854000)
(-0.3461918000, -0.4216404000, 0.0805777400, 0.8341930000)
(-0.3459068000, -0.4216780000, 0.0806762400, 0.8342827000)
(-0.3459347000, -0.4217265000, 0.0807373000, 0.8342407000)
(-0.3457870000, -0.4216350000, 0.0808086800, 0.8343412000)
(-0.3456531000, -0.4214992000, 0.0805256600, 0.8344927000)
(-0.3454882000, -0.4214805000, 0.0803738900, 0.8345850000)
(-0.3454915000, -0.4214898000, 0.0805333300, 0.8345636000)
(-0.3456408000, -0.4213448000, 0.0806262500, 0.8345660000)
(-0.3456908000, -0.4214843000, 0.0806723000, 0.8344704000)
(-0.3458328000, -0.4213418000, 0.0806693100, 0.8344839000)
(-0.3457401000, -0.4213411000, 0.0805905300, 0.8345302000)
(-0.3457606000, -0.4213339000, 0.0808584700, 0.8344994000)
(-0.3460580000, -0.4213451000, 0.0809093500, 0.8343656000)
(-0.3465230000, -0.4213064000, 0.0809475200, 0.8341884000)
(-0.3466406000, -0.4213104000, 0.0810177100, 0.8341307000)
(-0.3469315000, -0.4213109000, 0.0810036100, 0.8340109000)
(-0.3465301000, -0.4212159000, 0.0809363200, 0.8342323000)
(-0.3462175000, -0.4213580000, 0.0807446200, 0.8343088000)
(-0.3460077000, -0.4213871000, 0.0807122900, 0.8343843000)
(-0.3460705000, -0.4213949000, 0.0807470800, 0.8343510000)
(-0.3462307000, -0.4213820000, 0.0808308900, 0.8342829000)
(-0.3463484000, -0.4214710000, 0.0807407300, 0.8341978000)
(-0.3462259000, -0.4215224000, 0.0808221000, 0.8342147000)
(-0.3460376000, -0.4215300000, 0.0807691100, 0.8342942000)
(-0.3459894000, -0.4215947000, 0.0808546200, 0.8342732000)
(-0.3460896000, -0.4215013000, 0.0809142800, 0.8342730000)
(-0.3462325000, -0.4214438000, 0.0808052800, 0.8342534000)
(-0.3463204000, -0.4215387000, 0.0808037400, 0.8341691000)
(-0.3462489000, -0.4214632000, 0.0808541500, 0.8342320000)
(-0.3463069000, -0.4215154000, 0.0809104800, 0.8341761000)
(-0.3464977000, -0.4213332000, 0.0806752400, 0.8342118000)
(-0.3462388000, -0.4213926000, 0.0807534500, 0.8342816000)
(-0.3462369000, -0.4214815000, 0.0806334300, 0.8342491000)
(-0.3460980000, -0.4215765000, 0.0808718300, 0.8342357000)
(-0.3460175000, -0.4215124000, 0.0808262700, 0.8343059000)
(-0.3460321000, -0.4215780000, 0.0808497100, 0.8342645000)
(-0.3460652000, -0.4214569000, 0.0809054400, 0.8343065000)
(-0.3460858000, -0.4214585000, 0.0808507000, 0.8343024000)
(-0.3460069000, -0.4216836000, 0.0808593100, 0.8342206000)
(-0.3459491000, -0.4215929000, 0.0806497800, 0.8343107000)
(-0.3460343000, -0.4216147000, 0.0809081600, 0.8342393000)
(-0.3462006000, -0.4216577000, 0.0809134500, 0.8341480000)
(-0.3463965000, -0.4217227000, 0.0806868100, 0.8340558000)
(-0.3463980000, -0.4217351000, 0.0807050300, 0.8340472000)
(-0.3462853000, -0.4217222000, 0.0808489000, 0.8340865000)
(-0.3460185000, -0.4217830000, 0.0806954000, 0.8341814000)
(-0.3461893000, -0.4217677000, 0.0807016300, 0.8341177000)
(-0.3461811000, -0.4218887000, 0.0808069300, 0.8340497000)
(-0.3464295000, -0.4217574000, 0.0807187500, 0.8340214000)
(-0.3464801000, -0.4218056000, 0.0808688500, 0.8339615000)
(-0.3462417000, -0.4217973000, 0.0808704000, 0.8340646000)
(-0.3464259000, -0.4216787000, 0.0809827900, 0.8340372000)
(-0.3463294000, -0.4217119000, 0.0808895800, 0.8340695000)
(-0.3463145000, -0.4218067000, 0.0808616500, 0.8340304000)
(-0.3461691000, -0.4218579000, 0.0808005500, 0.8340709000)
(-0.3458803000, -0.4217794000, 0.0805714900, 0.8342525000)
(-0.3460675000, -0.4218269000, 0.0808335800, 0.8341255000)
(-0.3458392000, -0.4217876000, 0.0807539700, 0.8342478000)
(-0.3458762000, -0.4217645000, 0.0806164100, 0.8342574000)
(-0.3458046000, -0.4217573000, 0.0807921200, 0.8342737000)
(-0.3457732000, -0.4219773000, 0.0806978100, 0.8341846000)
(-0.3459890000, -0.4218263000, 0.0806637400, 0.8341748000)
(-0.3457911000, -0.4216817000, 0.0807129700, 0.8343252000)
(-0.3458878000, -0.4219918000, 0.0808546300, 0.8341146000)
(-0.3460741000, -0.4218053000, 0.0808148600, 0.8341355000)
(-0.3459190000, -0.4217868000, 0.0807392100, 0.8342165000)
(-0.3461166000, -0.4218057000, 0.0807855100, 0.8341205000)
(-0.3460282000, -0.4218160000, 0.0808399700, 0.8341466000)
(-0.3461311000, -0.4217208000, 0.0807153700, 0.8341642000)
(-0.3460877000, -0.4217549000, 0.0807627100, 0.8341604000)
(-0.3458683000, -0.4218791000, 0.0808091200, 0.8341841000)
(-0.3458756000, -0.4217155000, 0.0806643300, 0.8342777000)
(-0.3457681000, -0.4217393000, 0.0807962100, 0.8342976000)
(-0.3456311000, -0.4217504000, 0.0807070200, 0.8343574000)
(-0.3455426000, -0.4217957000, 0.0806824800, 0.8343735000)
(-0.3455328000, -0.4216946000, 0.0806519800, 0.8344316000)
(-0.3456626000, -0.4215838000, 0.0806183200, 0.8344371000)
(-0.3456586000, -0.4217344000, 0.0807198600, 0.8343528000)
(-0.3455064000, -0.4217407000, 0.0806264800, 0.8344216000)
(-0.3454517000, -0.4217535000, 0.0805627600, 0.8344439000)
(-0.3454970000, -0.4217801000, 0.0805485100, 0.8344132000)
(-0.3453267000, -0.4216974000, 0.0806946900, 0.8345113000)
(-0.3453295000, -0.4216871000, 0.0804300800, 0.8345410000)
(-0.3454665000, -0.4217320000, 0.0804993800, 0.8344549000)
(-0.3454439000, -0.4216997000, 0.0805029300, 0.8344802000)
(-0.3454481000, -0.4216834000, 0.0806436900, 0.8344731000)
(-0.3452866000, -0.4217840000, 0.0806281300, 0.8344907000)
(-0.3454701000, -0.4216380000, 0.0806884100, 0.8344826000)
(-0.3456779000, -0.4216954000, 0.0806894600, 0.8343675000)
(-0.3455327000, -0.4217052000, 0.0806447100, 0.8344270000)
(-0.3457081000, -0.4217474000, 0.0806731600, 0.8343302000)
(-0.3457766000, -0.4217059000, 0.0806447600, 0.8343255000)
(-0.3455915000, -0.4218249000, 0.0806043100, 0.8343460000)
(-0.3456345000, -0.4218349000, 0.0806394900, 0.8343197000)
(-0.3456239000, -0.4218942000, 0.0805779200, 0.8343001000)
(-0.3455729000, -0.4218925000, 0.0805122000, 0.8343284000)
(-0.3453671000, -0.4218947000, 0.0806774200, 0.8343966000)
(-0.3452604000, -0.4219333000, 0.0804660100, 0.8344416000)
(-0.3455037000, -0.4219202000, 0.0805824200, 0.8343363000)
(-0.3453741000, -0.4219137000, 0.0805843100, 0.8343930000)
(-0.3452511000, -0.4218849000, 0.0806522300, 0.8344520000)
(-0.3452733000, -0.4218189000, 0.0804532800, 0.8344953000)
(-0.3452201000, -0.4218110000, 0.0804466800, 0.8345219000)
(-0.3450469000, -0.4218847000, 0.0803142000, 0.8345691000)
(-0.3451354000, -0.4217659000, 0.0804056500, 0.8345838000)
(-0.3449470000, -0.4217187000, 0.0803099700, 0.8346947000)
(-0.3450652000, -0.4218388000, 0.0804357700, 0.8345730000)
(-0.3452343000, -0.4217334000, 0.0803736700, 0.8345624000)
(-0.3452356000, -0.4217467000, 0.0805094800, 0.8345420000)
(-0.3451333000, -0.4218029000, 0.0803981800, 0.8345666000)
(-0.3450091000, -0.4218861000, 0.0804339500, 0.8345725000)
(-0.3450489000, -0.4219531000, 0.0803372000, 0.8345315000)
(-0.3449941000, -0.4218044000, 0.0804326200, 0.8346201000)
(-0.3451027000, -0.4218998000, 0.0803570700, 0.8345342000)
(-0.3452615000, -0.4219174000, 0.0803616700, 0.8344592000)
(-0.3451784000, -0.4218484000, 0.0803636200, 0.8345284000)
(-0.3450186000, -0.4218638000, 0.0802455200, 0.8345980000)
(-0.3451635000, -0.4218902000, 0.0804771300, 0.8345024000)
(-0.3450112000, -0.4218751000, 0.0803194300, 0.8345882000)
(-0.3450771000, -0.4219193000, 0.0803471100, 0.8345360000)
(-0.3451173000, -0.4218463000, 0.0804165400, 0.8345495000)
(-0.3449957000, -0.4218521000, 0.0803013500, 0.8346080000)
(-0.3451423000, -0.4218625000, 0.0803153900, 0.8345408000)
(-0.3452918000, -0.4218287000, 0.0803529700, 0.8344924000)
(-0.3450680000, -0.4218525000, 0.0802954100, 0.8345784000)
(-0.3449213000, -0.4217563000, 0.0802405900, 0.8346930000)
(-0.3449378000, -0.4218156000, 0.0803466400, 0.8346460000)
(-0.3451388000, -0.4216975000, 0.0803483400, 0.8346225000)
(-0.3451948000, -0.4217151000, 0.0804908400, 0.8345767000)
(-0.3450519000, -0.4216521000, 0.0803376000, 0.8346823000)
(-0.3452964000, -0.4216503000, 0.0804021600, 0.8345760000)
(-0.3451793000, -0.4217227000, 0.0803712900, 0.8345907000)
(-0.3450151000, -0.4217466000, 0.0803744400, 0.8346463000)
(-0.3450710000, -0.4217028000, 0.0803731600, 0.8346454000)
(-0.3449039000, -0.4217891000, 0.0804197400, 0.8346664000)
(-0.3450631000, -0.4216825000, 0.0803195200, 0.8346641000)
(-0.3447874000, -0.4217913000, 0.0804506600, 0.8347104000)
(-0.3447579000, -0.4217353000, 0.0803414500, 0.8347614000)
(-0.3446167000, -0.4216962000, 0.0801967200, 0.8348534000)
(-0.3446414000, -0.4215711000, 0.0803854800, 0.8348882000)
(-0.3449654000, -0.4216533000, 0.0803263900, 0.8347185000)
(-0.3450004000, -0.4216418000, 0.0803032700, 0.8347121000)
(-0.3451543000, -0.4216869000, 0.0803346100, 0.8346227000)
(-0.3451749000, -0.4216747000, 0.0805234000, 0.8346022000)
(-0.3450277000, -0.4216782000, 0.0804680300, 0.8346666000)
(-0.3450498000, -0.4216223000, 0.0803271200, 0.8346993000)
(-0.3453099000, -0.4215146000, 0.0804661000, 0.8346327000)
(-0.3452505000, -0.4215693000, 0.0804192300, 0.8346342000)
(-0.3451861000, -0.4216480000, 0.0805113500, 0.8346121000)
(-0.3452071000, -0.4215263000, 0.0804712500, 0.8346688000)
(-0.3451045000, -0.4215181000, 0.0804552700, 0.8347169000)
(-0.3450916000, -0.4215479000, 0.0802985800, 0.8347223000)
(-0.3448959000, -0.4215153000, 0.0804437500, 0.8348057000)
(-0.3450026000, -0.4215518000, 0.0804657100, 0.8347411000)
(-0.3451390000, -0.4215265000, 0.0805060800, 0.8346935000)
(-0.3452561000, -0.4214396000, 0.0805350500, 0.8346862000)
(-0.3453485000, -0.4215534000, 0.0806103500, 0.8345832000)
(-0.3455177000, -0.4215908000, 0.0806972100, 0.8344859000)
(-0.3453290000, -0.4216257000, 0.0805517700, 0.8345605000)
(-0.3452762000, -0.4216751000, 0.0806295800, 0.8345498000)
(-0.3453462000, -0.4213532000, 0.0806501300, 0.8346814000)
(-0.3452528000, -0.4214449000, 0.0804914800, 0.8346891000)
(-0.3452596000, -0.4215266000, 0.0805001400, 0.8346442000)
(-0.3453014000, -0.4214811000, 0.0803841600, 0.8346610000)
(-0.3453341000, -0.4216021000, 0.0805809600, 0.8345674000)
(-0.3453070000, -0.4215642000, 0.0805869700, 0.8345972000)
(-0.3453845000, -0.4215714000, 0.0804487500, 0.8345748000)
(-0.3451637000, -0.4215661000, 0.0805268800, 0.8346613000)
(-0.3453338000, -0.4217026000, 0.0804400200, 0.8345304000)
(-0.3454903000, -0.4216102000, 0.0806440400, 0.8344926000)
(-0.3456217000, -0.4216399000, 0.0805503800, 0.8344322000)
(-0.3453886000, -0.4215060000, 0.0804047900, 0.8346104000)
(-0.3452909000, -0.4216512000, 0.0803071800, 0.8345869000)
(-0.3454356000, -0.4215906000, 0.0804162400, 0.8345472000)
(-0.3454416000, -0.4216714000, 0.0803725200, 0.8345080000)
(-0.3456188000, -0.4216607000, 0.0804612900, 0.8344315000)
(-0.3457174000, -0.4216925000, 0.0804058800, 0.8343799000)
(-0.3456729000, -0.4216874000, 0.0804369200, 0.8343980000)
(-0.3456048000, -0.4216913000, 0.0803678100, 0.8344308000)
(-0.3455647000, -0.4216072000, 0.0804419500, 0.8344828000)
(-0.3454630000, -0.4216788000, 0.0804828000, 0.8344848000)
(-0.3457542000, -0.4216064000, 0.0803832800, 0.8344103000)
(-0.3456454000, -0.4216597000, 0.0804845700, 0.8344187000)
(-0.3454731000, -0.4216538000, 0.0804347600, 0.8344979000)
(-0.3456163000, -0.4216189000, 0.0805440600, 0.8344457000)
(-0.3456704000, -0.4215440000, 0.0804760500, 0.8344676000)
(-0.3454185000, -0.4215808000, 0.0803943100, 0.8345612000)
(-0.3455088000, -0.4216184000, 0.0803777200, 0.8345065000)
(-0.3453647000, -0.4216003000, 0.0804500300, 0.8345683000)
(-0.3453585000, -0.4216194000, 0.0805343200, 0.8345531000)
(-0.3454171000, -0.4215077000, 0.0803743500, 0.8346007000)
(-0.3453195000, -0.4214940000, 0.0804221300, 0.8346434000)
(-0.3454977000, -0.4214381000, 0.0806493500, 0.8345760000)
(-0.3455220000, -0.4215033000, 0.0805196800, 0.8345454000)
(-0.3454355000, -0.4217086000, 0.0804851500, 0.8344809000)
(-0.3454949000, -0.4214685000, 0.0804918800, 0.8345770000)
(-0.3455515000, -0.4215669000, 0.0804411200, 0.8345087000)
(-0.3455211000, -0.4216134000, 0.0804883800, 0.8344932000)
(-0.3453901000, -0.4215697000, 0.0805122000, 0.8345672000)
(-0.3455430000, -0.4216942000, 0.0805273300, 0.8344396000)
(-0.3455344000, -0.4215630000, 0.0804218700, 0.8345196000)
(-0.3452624000, -0.4216241000, 0.0804804500, 0.8345957000)
(-0.3454832000, -0.4215326000, 0.0804624000, 0.8345523000)
(-0.3453856000, -0.4215226000, 0.0803948000, 0.8346042000)
(-0.3452672000, -0.4214919000, 0.0803498900, 0.8346730000)
(-0.3454267000, -0.4215665000, 0.0804671600, 0.8345581000)
(-0.3454199000, -0.4214896000, 0.0803943300, 0.8346068000)
(-0.3452909000, -0.4216455000, 0.0804201900, 0.8345789000)
(-0.3453823000, -0.4216098000, 0.0804885800, 0.8345525000)
(-0.3455214000, -0.4215597000, 0.0803590500, 0.8345327000)
(-0.3455007000, -0.4215455000, 0.0804756100, 0.8345373000)
(-0.3454144000, -0.4215113000, 0.0803232400, 0.8346049000)
(-0.3453579000, -0.4216244000, 0.0803184700, 0.8345716000)
(-0.3453417000, -0.4216205000, 0.0804624600, 0.8345665000)
(-0.3453280000, -0.4215850000, 0.0803805700, 0.8345979000)
(-0.3453627000, -0.4215828000, 0.0804459500, 0.8345784000)
(-0.3454849000, -0.4216649000, 0.0805753700, 0.8344739000)
(-0.3458143000, -0.4216073000, 0.0804813100, 0.8343756000)
(-0.3457000000, -0.4216919000, 0.0806505200, 0.8343638000)
(-0.3458447000, -0.4216329000, 0.0804356400, 0.8343545000)
(-0.3456875000, -0.4216847000, 0.0804793100, 0.8343892000)
(-0.3455578000, -0.4216724000, 0.0805337400, 0.8344438000)
(-0.3455500000, -0.4214604000, 0.0804927300, 0.8345581000)
(-0.3456621000, -0.4216215000, 0.0805450200, 0.8344253000)
(-0.3455364000, -0.4215577000, 0.0804354500, 0.8345201000)
(-0.3453120000, -0.4216500000, 0.0805272400, 0.8345576000)
(-0.3454241000, -0.4215959000, 0.0804720600, 0.8345438000)
(-0.3455676000, -0.4214464000, 0.0805076700, 0.8345565000)
(-0.3456653000, -0.4215690000, 0.0805800100, 0.8344471000)
(-0.3455315000, -0.4215420000, 0.0804814500, 0.8345257000)
(-0.3456818000, -0.4215607000, 0.0805184300, 0.8344504000)
(-0.3455331000, -0.4214690000, 0.0805275200, 0.8345574000)
(-0.3455668000, -0.4214109000, 0.0805477100, 0.8345709000)
(-0.3456725000, -0.4213918000, 0.0803095300, 0.8345597000)
(-0.3454362000, -0.4214643000, 0.0804439700, 0.8346080000)
(-0.3455382000, -0.4214250000, 0.0805129300, 0.8345790000)
(-0.3453446000, -0.4215115000, 0.0805040400, 0.8346163000)
(-0.3454007000, -0.4213335000, 0.0805318500, 0.8346803000)
(-0.3452521000, -0.4213285000, 0.0805561200, 0.8347420000)
(-0.3452301000, -0.4212394000, 0.0804047400, 0.8348106000)
(-0.3451605000, -0.4212424000, 0.0805459200, 0.8348241000)
(-0.3452754000, -0.4213800000, 0.0805982900, 0.8347022000)
(-0.3452486000, -0.4214814000, 0.0806500500, 0.8346570000)
(-0.3452525000, -0.4212602000, 0.0805836800, 0.8347736000)
(-0.3451715000, -0.4213718000, 0.0804598500, 0.8347627000)
(-0.3452717000, -0.4212824000, 0.0803162600, 0.8347802000)
(-0.3453476000, -0.4214319000, 0.0804437800, 0.8346611000)
(-0.3451298000, -0.4212593000, 0.0804821600, 0.8348345000)
(-0.3451612000, -0.4215270000, 0.0803796500, 0.8346963000)
(-0.3450950000, -0.4214313000, 0.0805540700, 0.8347551000)
(-0.3449198000, -0.4213037000, 0.0802888800, 0.8349175000)
(-0.3449238000, -0.4213291000, 0.0802686600, 0.8349050000)
(-0.3448149000, -0.4213696000, 0.0803291200, 0.8349237000)
(-0.3452054000, -0.4213466000, 0.0803150900, 0.8347753000)
(-0.3450277000, -0.4213079000, 0.0803391300, 0.8348659000)
(-0.3450590000, -0.4214084000, 0.0802541200, 0.8348104000)
(-0.3450399000, -0.4213276000, 0.0803176000, 0.8348531000)
(-0.3451052000, -0.4212108000, 0.0802258500, 0.8348938000)
(-0.3450173000, -0.4211807000, 0.0803574100, 0.8349327000)
(-0.3452216000, -0.4211612000, 0.0804075700, 0.8348532000)
(-0.3453402000, -0.4212519000, 0.0804656000, 0.8347529000)
(-0.3453360000, -0.4212244000, 0.0805485400, 0.8347605000)
(-0.3453869000, -0.4212932000, 0.0804840500, 0.8347109000)
(-0.3453587000, -0.4211365000, 0.0804275100, 0.8348071000)
(-0.3452452000, -0.4212874000, 0.0803868000, 0.8347818000)
(-0.3452208000, -0.4213163000, 0.0804318800, 0.8347729000)
(-0.3451936000, -0.4212881000, 0.0803817400, 0.8348033000)
(-0.3450760000, -0.4213128000, 0.0803730000, 0.8348403000)
(-0.3450966000, -0.4212303000, 0.0803225100, 0.8348783000)
(-0.3451510000, -0.4211996000, 0.0804547700, 0.8348585000)
(-0.3453551000, -0.4211711000, 0.0804626900, 0.8347877000)
(-0.3450979000, -0.4211911000, 0.0804778800, 0.8348825000)
(-0.3452802000, -0.4212391000, 0.0804102000, 0.8347895000)
(-0.3451328000, -0.4212597000, 0.0802977500, 0.8348508000)
(-0.3451543000, -0.4212608000, 0.0802713300, 0.8348439000)
(-0.3452193000, -0.4213684000, 0.0800762000, 0.8347815000)
(-0.3452536000, -0.4212016000, 0.0802022600, 0.8348394000)
(-0.3453127000, -0.4213166000, 0.0801747400, 0.8347595000)
(-0.3452249000, -0.4212815000, 0.0802069700, 0.8348105000)
(-0.3453617000, -0.4213487000, 0.0801170400, 0.8347286000)
(-0.3452477000, -0.4213298000, 0.0802410800, 0.8347734000)
(-0.3453368000, -0.4211705000, 0.0802312000, 0.8348179000)
(-0.3452957000, -0.4211757000, 0.0802126600, 0.8348341000)
(-0.3452682000, -0.4212499000, 0.0801962500, 0.8348095000)
(-0.3452015000, -0.4212296000, 0.0802388800, 0.8348433000)
(-0.3452530000, -0.4212879000, 0.0801648700, 0.8347997000)
(-0.3453272000, -0.4212039000, 0.0803129400, 0.8347971000)
(-0.3451465000, -0.4212145000, 0.0802837800, 0.8348693000)
(-0.3453811000, -0.4211540000, 0.0803072100, 0.8348005000)
(-0.3452694000, -0.4212101000, 0.0803872300, 0.8348107000)
(-0.3454499000, -0.4211667000, 0.0803242200, 0.8347641000)
(-0.3453182000, -0.4212142000, 0.0803247100, 0.8347945000)
(-0.3454437000, -0.4212373000, 0.0802546700, 0.8347377000)
(-0.3454444000, -0.4212418000, 0.0802588300, 0.8347347000)
(-0.3454069000, -0.4212907000, 0.0803228700, 0.8347194000)
(-0.3455999000, -0.4213328000, 0.0803343800, 0.8346171000)
(-0.3454438000, -0.4213359000, 0.0802821400, 0.8346852000)
(-0.3455411000, -0.4213841000, 0.0803038600, 0.8346186000)
(-0.3454142000, -0.4214009000, 0.0803115000, 0.8346618000)
(-0.3454598000, -0.4214002000, 0.0803096300, 0.8346435000)
(-0.3456005000, -0.4213187000, 0.0802527000, 0.8346319000)
(-0.3454152000, -0.4213738000, 0.0801938900, 0.8346865000)
(-0.3454889000, -0.4212909000, 0.0801945100, 0.8346978000)
(-0.3453623000, -0.4212622000, 0.0802178200, 0.8347624000)
(-0.3455537000, -0.4213737000, 0.0802310000, 0.8346256000)
(-0.3454421000, -0.4212829000, 0.0801431700, 0.8347260000)
(-0.3454087000, -0.4213407000, 0.0802509900, 0.8347003000)
(-0.3454028000, -0.4212900000, 0.0801636400, 0.8347368000)
(-0.3454098000, -0.4212143000, 0.0802447100, 0.8347643000)
(-0.3455046000, -0.4213060000, 0.0802305300, 0.8346801000)
(-0.3453405000, -0.4213713000, 0.0801801300, 0.8347199000)
(-0.3455147000, -0.4213166000, 0.0802770100, 0.8346661000)
(-0.3455202000, -0.4213417000, 0.0803021700, 0.8346487000)
(-0.3454612000, -0.4213393000, 0.0802589400, 0.8346786000)
(-0.3453514000, -0.4213802000, 0.0803379700, 0.8346958000)
(-0.3453318000, -0.4212594000, 0.0803387800, 0.8347647000)
(-0.3453420000, -0.4213925000, 0.0804050300, 0.8346869000)
(-0.3454921000, -0.4214536000, 0.0803424000, 0.8346000000)
(-0.3454446000, -0.4213315000, 0.0803072600, 0.8346847000)
(-0.3453875000, -0.4213114000, 0.0803264900, 0.8347166000)
(-0.3453739000, -0.4214460000, 0.0804221300, 0.8346451000)
(-0.3452708000, -0.4214043000, 0.0803306400, 0.8347176000)
(-0.3452898000, -0.4214003000, 0.0803972600, 0.8347054000)
(-0.3453597000, -0.4214071000, 0.0804016400, 0.8346726000)
(-0.3454482000, -0.4214641000, 0.0803142700, 0.8346156000)
(-0.3453170000, -0.4214048000, 0.0803090000, 0.8347004000)
(-0.3451933000, -0.4215083000, 0.0803730200, 0.8346931000)
(-0.3453169000, -0.4214074000, 0.0802948000, 0.8347004000)
(-0.3453040000, -0.4213927000, 0.0803388400, 0.8347089000)
(-0.3451558000, -0.4214414000, 0.0805093900, 0.8347293000)
(-0.3452647000, -0.4213932000, 0.0804363900, 0.8347156000)
(-0.3452818000, -0.4214211000, 0.0804981100, 0.8346884000)
(-0.3453630000, -0.4213561000, 0.0805867800, 0.8346791000)
(-0.3455839000, -0.4212934000, 0.0806121200, 0.8346168000)
(-0.3455277000, -0.4212830000, 0.0806059200, 0.8346460000)
(-0.3454537000, -0.4213217000, 0.0805652000, 0.8346611000)
(-0.3454109000, -0.4212985000, 0.0805411300, 0.8346928000)
(-0.3455240000, -0.4213971000, 0.0805216200, 0.8345981000)
(-0.3453864000, -0.4213585000, 0.0804757800, 0.8346789000)
(-0.3454515000, -0.4212642000, 0.0804890200, 0.8346983000)
(-0.3456009000, -0.4213179000, 0.0805328400, 0.8346051000)
(-0.3454616000, -0.4213675000, 0.0805055600, 0.8346404000)
(-0.3453652000, -0.4213647000, 0.0804331000, 0.8346887000)
(-0.3453994000, -0.4213778000, 0.0803529200, 0.8346757000)
(-0.3453206000, -0.4214119000, 0.0804781500, 0.8346790000)
(-0.3453482000, -0.4213614000, 0.0805207900, 0.8346889000)
(-0.3451896000, -0.4212718000, 0.0804364600, 0.8348079000)
(-0.3453539000, -0.4214162000, 0.0804507300, 0.8346657000)
(-0.3455806000, -0.4215509000, 0.0806548600, 0.8344841000)
(-0.3454380000, -0.4215193000, 0.0805941000, 0.8345649000)
(-0.3456451000, -0.4214823000, 0.0805091800, 0.8345061000)
(-0.3453586000, -0.4213959000, 0.0804801700, 0.8346711000)
(-0.3455500000, -0.4214194000, 0.0805143600, 0.8345767000)
(-0.3454074000, -0.4214176000, 0.0804035200, 0.8346474000)
(-0.3454441000, -0.4214501000, 0.0805991500, 0.8345969000)
(-0.3454377000, -0.4214828000, 0.0804594100, 0.8345965000)
(-0.3453903000, -0.4214856000, 0.0805299700, 0.8346079000)
(-0.3455361000, -0.4214267000, 0.0805551900, 0.8345749000)
(-0.3453390000, -0.4213876000, 0.0806733900, 0.8346648000)
(-0.3454546000, -0.4214625000, 0.0805823200, 0.8345880000)
(-0.3453180000, -0.4215061000, 0.0805470500, 0.8346258000)
(-0.3453261000, -0.4214705000, 0.0803315200, 0.8346613000)
(-0.3453860000, -0.4214652000, 0.0805061100, 0.8346223000)
(-0.3454050000, -0.4215351000, 0.0805341300, 0.8345764000)
(-0.3453617000, -0.4215148000, 0.0804714600, 0.8346106000)
(-0.3453135000, -0.4214512000, 0.0805956000, 0.8346508000)
(-0.3454239000, -0.4214524000, 0.0805189500, 0.8346119000)
(-0.3454192000, -0.4214983000, 0.0804916100, 0.8345933000)
(-0.3455169000, -0.4215009000, 0.0804793300, 0.8345527000)
(-0.3453935000, -0.4214433000, 0.0805242100, 0.8346285000)
(-0.3452916000, -0.4214179000, 0.0804749100, 0.8346883000)
(-0.3455082000, -0.4213926000, 0.0805000100, 0.8346090000)
(-0.3454394000, -0.4213932000, 0.0805399100, 0.8346333000)
(-0.3456607000, -0.4213850000, 0.0805163200, 0.8345481000)
(-0.3454353000, -0.4213410000, 0.0804633300, 0.8346688000)
(-0.3455957000, -0.4214278000, 0.0805226900, 0.8345528000)
(-0.3454774000, -0.4214538000, 0.0805212300, 0.8345888000)
(-0.3456257000, -0.4213504000, 0.0804344200, 0.8345880000)
(-0.3454919000, -0.4213923000, 0.0805660600, 0.8346095000)
(-0.3456575000, -0.4214402000, 0.0805655000, 0.8345168000)
(-0.3454939000, -0.4213996000, 0.0806634900, 0.8345956000)
(-0.3452422000, -0.4215522000, 0.0805676200, 0.8346319000)
(-0.3451861000, -0.4213892000, 0.0805283000, 0.8347413000)
(-0.3453211000, -0.4214782000, 0.0804633200, 0.8346468000)
(-0.3453545000, -0.4213826000, 0.0805836200, 0.8346696000)
(-0.3453015000, -0.4214748000, 0.0806590500, 0.8346376000)
(-0.3455369000, -0.4214624000, 0.0806119100, 0.8345510000)
(-0.3455838000, -0.4213578000, 0.0805683700, 0.8345886000)
(-0.3452560000, -0.4214783000, 0.0806217800, 0.8346583000)
(-0.3453069000, -0.4215093000, 0.0805149500, 0.8346319000)
(-0.3452480000, -0.4214985000, 0.0807446100, 0.8346395000)
(-0.3452536000, -0.4215244000, 0.0806549900, 0.8346328000)
(-0.3451634000, -0.4216321000, 0.0806781600, 0.8346134000)
(-0.3453394000, -0.4215176000, 0.0805047400, 0.8346153000)
(-0.3452854000, -0.4215634000, 0.0805247600, 0.8346126000)
(-0.3454273000, -0.4216311000, 0.0806592000, 0.8345066000)
(-0.3453515000, -0.4214080000, 0.0805538500, 0.8346608000)
(-0.3453207000, -0.4215670000, 0.0805618500, 0.8345925000)
(-0.3453384000, -0.4215251000, 0.0805709500, 0.8346055000)
(-0.3452881000, -0.4216629000, 0.0805712800, 0.8345566000)
(-0.3452638000, -0.4216056000, 0.0805195700, 0.8346006000)
(-0.3451816000, -0.4215050000, 0.0804472000, 0.8346924000)
(-0.3451623000, -0.4216196000, 0.0804550600, 0.8346418000)
(-0.3453071000, -0.4216789000, 0.0803966900, 0.8345576000)
(-0.3453290000, -0.4215768000, 0.0805092100, 0.8345892000)
(-0.3452753000, -0.4215739000, 0.0803322100, 0.8346300000)
(-0.3453304000, -0.4216629000, 0.0802209700, 0.8345729000)
(-0.3452168000, -0.4213965000, 0.0804448900, 0.8347329000)
(-0.3453027000, -0.4215742000, 0.0803307700, 0.8346186000)
(-0.3455305000, -0.4215333000, 0.0803972100, 0.8345386000)
(-0.3454309000, -0.4214575000, 0.0803618800, 0.8346215000)
(-0.3454407000, -0.4215190000, 0.0805018500, 0.8345730000)
(-0.3453812000, -0.4215383000, 0.0804889300, 0.8345891000)
(-0.3453353000, -0.4215538000, 0.0802569800, 0.8346226000)
(-0.3452592000, -0.4216802000, 0.0802574500, 0.8345901000)
(-0.3452648000, -0.4215789000, 0.0803029500, 0.8346347000)
(-0.3453325000, -0.4215301000, 0.0802576800, 0.8346356000)
(-0.3453420000, -0.4215275000, 0.0802921600, 0.8346297000)
(-0.3455333000, -0.4214959000, 0.0803262100, 0.8345631000)
(-0.3455073000, -0.4214742000, 0.0804808800, 0.8345700000)
(-0.3454772000, -0.4214909000, 0.0803489800, 0.8345867000)
(-0.3450181000, -0.4215052000, 0.0804086400, 0.8347636000)
(-0.3451615000, -0.4216022000, 0.0803072300, 0.8346651000)
(-0.3451277000, -0.4215874000, 0.0803693600, 0.8346807000)
(-0.3451362000, -0.4213959000, 0.0804466700, 0.8347664000)
(-0.3451545000, -0.4213355000, 0.0801978000, 0.8348132000)
(-0.3450453000, -0.4213679000, 0.0802405900, 0.8348379000)
(-0.3447966000, -0.4214200000, 0.0802450900, 0.8349139000)
(-0.3450091000, -0.4214657000, 0.0803388800, 0.8347940000)
(-0.3450805000, -0.4214590000, 0.0802720000, 0.8347744000)
(-0.3452637000, -0.4214756000, 0.0803942000, 0.8346785000)
(-0.3452896000, -0.4214937000, 0.0803588300, 0.8346620000)
(-0.3451945000, -0.4215701000, 0.0802930600, 0.8346691000)
(-0.3453255000, -0.4214853000, 0.0803702000, 0.8346503000)
(-0.3452537000, -0.4216230000, 0.0803738800, 0.8346102000)
(-0.3452498000, -0.4215157000, 0.0803498300, 0.8346682000)
(-0.3451866000, -0.4214622000, 0.0803058000, 0.8347256000)
(-0.3450760000, -0.4215071000, 0.0804053900, 0.8347391000)
(-0.3452003000, -0.4215829000, 0.0804203400, 0.8346479000)
(-0.3453650000, -0.4215369000, 0.0803146000, 0.8346132000)
(-0.3453536000, -0.4217003000, 0.0803899800, 0.8345281000)
(-0.3454475000, -0.4215703000, 0.0802247800, 0.8345709000)
(-0.3452771000, -0.4215525000, 0.0802991400, 0.8346432000)
(-0.3453538000, -0.4214937000, 0.0803062800, 0.8346405000)
(-0.3452455000, -0.4214675000, 0.0802115100, 0.8347076000)
(-0.3450766000, -0.4216554000, 0.0802715900, 0.8346768000)
(-0.3451691000, -0.4215435000, 0.0802805400, 0.8346943000)
(-0.3452737000, -0.4215451000, 0.0804486400, 0.8346339000)
(-0.3452612000, -0.4215526000, 0.0803790000, 0.8346421000)
(-0.3451346000, -0.4214981000, 0.0803508300, 0.8347246000)
(-0.3453019000, -0.4214666000, 0.0805217400, 0.8346549000)
(-0.3451213000, -0.4215428000, 0.0803404300, 0.8347086000)
(-0.3450108000, -0.4215249000, 0.0804456100, 0.8347532000)
(-0.3450533000, -0.4216078000, 0.0804267700, 0.8346956000)
(-0.3451347000, -0.4216144000, 0.0805021900, 0.8346513000)
(-0.3450662000, -0.4216026000, 0.0805003700, 0.8346857000)
(-0.3452395000, -0.4217259000, 0.0803826700, 0.8345631000)
(-0.3453158000, -0.4215302000, 0.0802682600, 0.8346414000)
(-0.3452210000, -0.4216021000, 0.0803971000, 0.8346319000)
(-0.3452476000, -0.4216050000, 0.0805195900, 0.8346076000)
(-0.3451158000, -0.4216661000, 0.0804245300, 0.8346404000)
(-0.3451865000, -0.4215459000, 0.0802343600, 0.8346903000)
(-0.3452096000, -0.4215990000, 0.0803625700, 0.8346415000)
(-0.3452159000, -0.4216166000, 0.0803936000, 0.8346271000)
(-0.3453168000, -0.4215135000, 0.0803650900, 0.8346401000)
(-0.3453146000, -0.4215025000, 0.0805055700, 0.8346331000)
(-0.3450818000, -0.4216131000, 0.0805207900, 0.8346720000)
(-0.3453114000, -0.4215722000, 0.0804199600, 0.8346074000)
(-0.3451071000, -0.4216418000, 0.0805042300, 0.8346486000)
(-0.3452473000, -0.4215547000, 0.0803677400, 0.8346478000)
(-0.3452348000, -0.4215182000, 0.0804738100, 0.8346612000)
(-0.3452074000, -0.4215807000, 0.0804346400, 0.8346447000)
(-0.3450423000, -0.4215765000, 0.0805870900, 0.8347004000)
(-0.3449725000, -0.4217322000, 0.0802619500, 0.8346820000)
(-0.3448922000, -0.4216385000, 0.0804489100, 0.8347445000)
(-0.3449598000, -0.4216912000, 0.0804307500, 0.8346917000)
(-0.3450985000, -0.4216634000, 0.0803822900, 0.8346531000)
(-0.3450744000, -0.4216143000, 0.0804749400, 0.8346789000)
(-0.3451002000, -0.4216214000, 0.0803988300, 0.8346720000)
(-0.3451227000, -0.4215194000, 0.0803986900, 0.8347142000)
(-0.3452207000, -0.4215263000, 0.0805467700, 0.8346559000)
(-0.3449931000, -0.4214825000, 0.0806416900, 0.8347629000)
(-0.3449478000, -0.4215132000, 0.0805993800, 0.8347703000)
(-0.3449332000, -0.4216197000, 0.0805344000, 0.8347288000)
(-0.3449281000, -0.4215732000, 0.0804803200, 0.8347596000)
(-0.3449877000, -0.4217606000, 0.0805640400, 0.8346322000)
(-0.3450057000, -0.4215755000, 0.0804868300, 0.8347257000)
(-0.3452004000, -0.4217067000, 0.0805155600, 0.8345762000)
(-0.3451171000, -0.4216610000, 0.0804949300, 0.8346357000)
(-0.3450309000, -0.4216809000, 0.0806480900, 0.8346465000)
(-0.3451811000, -0.4217979000, 0.0806507200, 0.8345250000)
(-0.3450952000, -0.4217290000, 0.0805709700, 0.8346031000)
(-0.3451741000, -0.4216844000, 0.0806517300, 0.8345852000)
(-0.3452113000, -0.4217605000, 0.0806006000, 0.8345363000)
(-0.3451710000, -0.4215983000, 0.0806809300, 0.8346272000)
(-0.3451816000, -0.4216099000, 0.0808158600, 0.8346038000)
(-0.3452282000, -0.4215969000, 0.0806641400, 0.8346058000)
(-0.3451472000, -0.4216634000, 0.0807346200, 0.8345990000)
(-0.3452422000, -0.4216270000, 0.0807393300, 0.8345776000)
(-0.3451065000, -0.4215775000, 0.0807476700, 0.8346579000)
(-0.3449154000, -0.4215221000, 0.0806787100, 0.8347715000)
(-0.3449369000, -0.4215447000, 0.0808060000, 0.8347390000)
(-0.3449188000, -0.4215737000, 0.0808476400, 0.8347277000)
(-0.3448914000, -0.4214644000, 0.0807283200, 0.8348058000)
(-0.3449897000, -0.4216086000, 0.0808418500, 0.8346813000)
(-0.3450704000, -0.4216182000, 0.0806675300, 0.8346601000)
(-0.3450730000, -0.4215991000, 0.0805792200, 0.8346770000)
(-0.3450124000, -0.4216104000, 0.0807393500, 0.8346810000)
(-0.3450012000, -0.4215771000, 0.0807491900, 0.8347015000)
(-0.3449706000, -0.4216728000, 0.0806649300, 0.8346739000)
(-0.3448942000, -0.4215901000, 0.0805971600, 0.8347538000)
(-0.3450470000, -0.4216945000, 0.0805730100, 0.8346402000)
(-0.3450811000, -0.4216144000, 0.0806268600, 0.8346615000)
(-0.3450755000, -0.4213949000, 0.0807921400, 0.8347586000)
(-0.3449131000, -0.4215730000, 0.0806869900, 0.8347459000)
(-0.3451447000, -0.4215694000, 0.0805781800, 0.8346625000)
(-0.3450377000, -0.4215024000, 0.0805773400, 0.8347407000)
(-0.3452074000, -0.4215704000, 0.0805819000, 0.8346358000)
(-0.3450745000, -0.4215354000, 0.0805778400, 0.8347088000)
(-0.3450905000, -0.4215367000, 0.0805403800, 0.8347051000)
(-0.3449822000, -0.4215597000, 0.0805826800, 0.8347342000)
(-0.3450954000, -0.4214297000, 0.0807498500, 0.8347369000)
(-0.3450339000, -0.4215198000, 0.0805892400, 0.8347323000)
(-0.3451637000, -0.4214253000, 0.0805868300, 0.8347267000)
(-0.3452369000, -0.4214806000, 0.0806390900, 0.8346634000)
(-0.3453224000, -0.4215060000, 0.0806016400, 0.8346188000)
(-0.3451845000, -0.4215546000, 0.0807415600, 0.8346378000)
(-0.3451245000, -0.4214667000, 0.0807258400, 0.8347085000)
(-0.3451327000, -0.4213362000, 0.0805131200, 0.8347915000)
(-0.3451313000, -0.4214492000, 0.0806338300, 0.8347234000)
(-0.3452477000, -0.4215480000, 0.0806197000, 0.8346267000)
(-0.3451769000, -0.4215201000, 0.0805063900, 0.8346810000)
(-0.3453400000, -0.4212952000, 0.0806198000, 0.8347162000)
(-0.3452570000, -0.4215385000, 0.0805436400, 0.8346351000)
(-0.3452911000, -0.4214005000, 0.0805070800, 0.8346942000)
(-0.3453170000, -0.4215043000, 0.0805642200, 0.8346255000)
(-0.3451503000, -0.4214163000, 0.0805347900, 0.8347418000)
(-0.3450443000, -0.4213954000, 0.0805971000, 0.8347901000)
(-0.3451052000, -0.4215632000, 0.0804995300, 0.8346896000)
(-0.3451215000, -0.4215078000, 0.0806495700, 0.8346964000)
(-0.3451549000, -0.4214988000, 0.0805564800, 0.8346961000)
(-0.3450719000, -0.4213477000, 0.0805539600, 0.8348069000)
(-0.3450484000, -0.4213811000, 0.0804407700, 0.8348107000)
(-0.3451889000, -0.4214409000, 0.0804890700, 0.8347178000)
(-0.3451389000, -0.4214085000, 0.0805932400, 0.8347448000)
(-0.3452446000, -0.4214470000, 0.0804016100, 0.8347000000)
(-0.3452826000, -0.4214271000, 0.0805091700, 0.8346840000)
(-0.3451208000, -0.4214743000, 0.0804618800, 0.8347316000)
(-0.3450988000, -0.4215427000, 0.0805054200, 0.8347021000)
(-0.3451717000, -0.4215157000, 0.0804290500, 0.8346929000)
(-0.3450298000, -0.4214565000, 0.0805236900, 0.8347723000)
(-0.3449526000, -0.4214429000, 0.0804122300, 0.8348219000)
(-0.3449880000, -0.4215190000, 0.0802876100, 0.8347808000)
(-0.3449019000, -0.4214973000, 0.0804079300, 0.8348157000)
(-0.3449485000, -0.4214482000, 0.0803605500, 0.8348258000)
(-0.3448476000, -0.4213646000, 0.0804311700, 0.8349029000)
(-0.3449962000, -0.4213995000, 0.0805725300, 0.8348103000)
(-0.3451673000, -0.4214257000, 0.0806142800, 0.8347223000)
(-0.3451215000, -0.4215907000, 0.0805126700, 0.8346677000)
(-0.3451654000, -0.4215779000, 0.0806319300, 0.8346445000)
(-0.3452059000, -0.4214831000, 0.0805819100, 0.8346805000)
(-0.3451430000, -0.4215127000, 0.0803584800, 0.8347130000)
(-0.3452227000, -0.4215070000, 0.0803948600, 0.8346795000)
(-0.3451260000, -0.4214149000, 0.0803628000, 0.8347690000)
(-0.3450935000, -0.4214828000, 0.0803900800, 0.8347456000)
(-0.3452986000, -0.4214246000, 0.0804067300, 0.8346885000)
(-0.3452109000, -0.4213680000, 0.0804827300, 0.8347461000)
(-0.3451229000, -0.4214388000, 0.0804688300, 0.8347481000)
(-0.3451376000, -0.4213792000, 0.0804034800, 0.8347784000)
(-0.3452229000, -0.4213624000, 0.0803414400, 0.8347575000)
(-0.3451628000, -0.4212982000, 0.0803104400, 0.8348178000)
(-0.3450243000, -0.4213605000, 0.0805188300, 0.8348235000)
(-0.3449852000, -0.4214337000, 0.0803618500, 0.8348179000)
(-0.3451951000, -0.4213549000, 0.0803475000, 0.8347723000)
(-0.3450112000, -0.4214055000, 0.0804416800, 0.8348137000)
(-0.3450724000, -0.4212905000, 0.0803483300, 0.8348554000)
(-0.3449987000, -0.4213579000, 0.0803486700, 0.8348518000)
(-0.3450298000, -0.4213782000, 0.0804579300, 0.8348182000)
(-0.3450187000, -0.4214341000, 0.0802772200, 0.8348119000)
(-0.3449749000, -0.4213701000, 0.0803685700, 0.8348536000)
(-0.3452046000, -0.4212954000, 0.0802697200, 0.8348058000)
(-0.3451765000, -0.4213474000, 0.0803064000, 0.8347877000)
(-0.3451843000, -0.4213839000, 0.0804491000, 0.8347523000)
(-0.3452949000, -0.4212622000, 0.0804254900, 0.8347703000)
(-0.3451595000, -0.4212458000, 0.0805415200, 0.8348233000)
(-0.3452587000, -0.4213637000, 0.0803791400, 0.8347384000)
(-0.3453016000, -0.4211809000, 0.0804427800, 0.8348069000)
(-0.3452952000, -0.4213301000, 0.0804728900, 0.8347313000)
(-0.3451718000, -0.4214002000, 0.0804875700, 0.8347455000)
(-0.3453631000, -0.4212337000, 0.0802919600, 0.8347692000)
(-0.3452239000, -0.4212960000, 0.0803600900, 0.8347888000)
(-0.3452778000, -0.4212600000, 0.0803933700, 0.8347815000)
(-0.3452092000, -0.4212846000, 0.0804672400, 0.8347904000)
(-0.3452286000, -0.4211938000, 0.0804654500, 0.8348283000)
(-0.3452466000, -0.4212129000, 0.0803603800, 0.8348213000)
(-0.3451175000, -0.4213203000, 0.0806508100, 0.8347926000)
(-0.3451955000, -0.4212469000, 0.0803278300, 0.8348285000)
(-0.3452692000, -0.4213109000, 0.0803895000, 0.8347598000)
(-0.3452848000, -0.4213163000, 0.0805626700, 0.8347339000)
(-0.3452831000, -0.4213510000, 0.0805577400, 0.8347176000)
(-0.3453644000, -0.4212099000, 0.0805935300, 0.8347517000)
(-0.3453182000, -0.4214549000, 0.0805878300, 0.8346477000)
(-0.3451793000, -0.4213789000, 0.0804567100, 0.8347562000)
(-0.3451946000, -0.4213367000, 0.0804372200, 0.8347730000)
(-0.3451411000, -0.4213609000, 0.0805611000, 0.8347710000)
(-0.3451217000, -0.4213278000, 0.0803683700, 0.8348143000)
(-0.3452839000, -0.4214543000, 0.0805045300, 0.8346702000)
(-0.3451747000, -0.4214033000, 0.0804770700, 0.8347438000)
(-0.3453312000, -0.4213785000, 0.0803902100, 0.8346999000)
(-0.3452600000, -0.4215635000, 0.0804538800, 0.8346298000)
(-0.3452838000, -0.4214491000, 0.0804060800, 0.8346824000)
(-0.3453339000, -0.4213999000, 0.0804943200, 0.8346779000)
(-0.3453316000, -0.4214179000, 0.0805054700, 0.8346688000)
(-0.3453784000, -0.4213646000, 0.0804311800, 0.8346835000)
(-0.3453063000, -0.4214213000, 0.0804453600, 0.8346833000)
(-0.3453129000, -0.4214135000, 0.0804796100, 0.8346812000)
(-0.3452463000, -0.4213506000, 0.0804586700, 0.8347425000)
(-0.3452185000, -0.4213787000, 0.0804458400, 0.8347411000)
(-0.3452915000, -0.4212910000, 0.0804999300, 0.8347499000)
(-0.3452673000, -0.4212899000, 0.0805460700, 0.8347560000)
(-0.3452055000, -0.4213285000, 0.0805655900, 0.8347602000)
(-0.3452190000, -0.4213149000, 0.0805193200, 0.8347660000)
(-0.3452947000, -0.4212964000, 0.0805845800, 0.8347377000)
(-0.3452202000, -0.4213113000, 0.0805291200, 0.8347664000)
(-0.3452439000, -0.4212197000, 0.0805737700, 0.8347985000)
(-0.3452007000, -0.4212496000, 0.0804656200, 0.8348117000)
(-0.3452879000, -0.4212244000, 0.0805167600, 0.8347834000)
(-0.3452996000, -0.4213366000, 0.0806185700, 0.8347121000)
(-0.3453384000, -0.4213206000, 0.0805473000, 0.8347110000)
(-0.3454113000, -0.4213549000, 0.0804803400, 0.8346700000)
(-0.3453540000, -0.4212361000, 0.0804808800, 0.8347536000)
(-0.3453115000, -0.4212524000, 0.0805482300, 0.8347565000)
(-0.3453914000, -0.4213111000, 0.0804210200, 0.8347061000)
(-0.3453213000, -0.4212385000, 0.0806341100, 0.8347512000)
(-0.3452513000, -0.4212528000, 0.0804109200, 0.8347945000)
(-0.3452987000, -0.4213453000, 0.0803769800, 0.8347314000)
(-0.3453114000, -0.4212065000, 0.0803336900, 0.8348004000)
(-0.3453162000, -0.4212687000, 0.0804774200, 0.8347532000)
(-0.3452069000, -0.4212573000, 0.0805181300, 0.8348002000)
(-0.3450126000, -0.4212230000, 0.0805625300, 0.8348935000)
(-0.3451670000, -0.4212365000, 0.0805087200, 0.8348281000)
(-0.3451950000, -0.4212094000, 0.0805729100, 0.8348240000)
(-0.3453528000, -0.4211668000, 0.0805804400, 0.8347794000)
(-0.3452578000, -0.4213829000, 0.0805579500, 0.8347120000)
(-0.3453626000, -0.4211676000, 0.0805594600, 0.8347771000)
(-0.3452539000, -0.4212068000, 0.0805769900, 0.8348005000)
(-0.3452325000, -0.4210536000, 0.0805460900, 0.8348897000)
(-0.3452139000, -0.4211751000, 0.0805273700, 0.8348379000)
(-0.3451360000, -0.4211790000, 0.0805208300, 0.8348687000)
(-0.3450261000, -0.4213190000, 0.0805011200, 0.8348454000)
(-0.3450416000, -0.4213364000, 0.0805397800, 0.8348265000)
(-0.3450864000, -0.4212674000, 0.0804469600, 0.8348517000)
(-0.3451019000, -0.4212789000, 0.0805833700, 0.8348264000)
(-0.3450606000, -0.4213165000, 0.0806923600, 0.8348140000)
(-0.3451296000, -0.4211739000, 0.0805265200, 0.8348734000)
(-0.3451172000, -0.4212740000, 0.0805439600, 0.8348264000)
(-0.3450000000, -0.4211787000, 0.0805791500, 0.8349195000)
(-0.3450630000, -0.4212607000, 0.0806595000, 0.8348443000)
(-0.3449602000, -0.4213034000, 0.0806620500, 0.8348650000)
(-0.3450513000, -0.4212395000, 0.0805860100, 0.8348669000)
(-0.3449587000, -0.4213232000, 0.0805487600, 0.8348666000)
(-0.3449095000, -0.4213380000, 0.0804758000, 0.8348865000)
(-0.3448067000, -0.4212671000, 0.0803665100, 0.8349752000)
(-0.3447747000, -0.4213153000, 0.0804815400, 0.8349531000)
(-0.3448904000, -0.4215033000, 0.0804476700, 0.8348137000)
(-0.3450227000, -0.4214722000, 0.0804584700, 0.8347736000)
(-0.3449852000, -0.4213554000, 0.0804173600, 0.8348520000)
(-0.3451409000, -0.4212887000, 0.0805125800, 0.8348122000)
(-0.3448856000, -0.4212934000, 0.0803491000, 0.8349311000)
(-0.3448184000, -0.4214672000, 0.0802918000, 0.8348766000)
(-0.3448336000, -0.4214122000, 0.0803437100, 0.8348931000)
(-0.3448491000, -0.4214407000, 0.0802860900, 0.8348778000)
(-0.3448381000, -0.4214365000, 0.0803854800, 0.8348749000)
(-0.3450024000, -0.4212964000, 0.0803728800, 0.8348789000)
(-0.3449498000, -0.4213497000, 0.0801500700, 0.8348953000)
(-0.3448257000, -0.4214355000, 0.0802227600, 0.8348962000)
(-0.3450269000, -0.4214366000, 0.0801932100, 0.8348154000)
(-0.3448528000, -0.4213987000, 0.0804147300, 0.8348852000)
(-0.3449352000, -0.4216532000, 0.0802586600, 0.8347376000)
(-0.3447697000, -0.4214059000, 0.0803946700, 0.8349177000)
(-0.3448724000, -0.4214903000, 0.0803564600, 0.8348364000)
(-0.3448451000, -0.4214599000, 0.0804154300, 0.8348573000)
(-0.3449181000, -0.4214498000, 0.0803134900, 0.8348421000)
(-0.3448404000, -0.4214268000, 0.0803260100, 0.8348846000)
(-0.3448404000, -0.4213667000, 0.0802109500, 0.8349261000)
(-0.3448250000, -0.4214545000, 0.0802036500, 0.8348888000)
(-0.3448042000, -0.4214269000, 0.0804309300, 0.8348894000)
(-0.3447869000, -0.4214509000, 0.0803888200, 0.8348886000)
(-0.3447554000, -0.4214558000, 0.0801966900, 0.8349175000)
(-0.3449036000, -0.4214925000, 0.0803622200, 0.8348218000)
(-0.3446374000, -0.4213915000, 0.0802146900, 0.8349969000)
(-0.3446961000, -0.4215304000, 0.0803353600, 0.8348910000)
(-0.3448544000, -0.4213142000, 0.0803515500, 0.8349332000)
(-0.3447707000, -0.4214802000, 0.0803725300, 0.8348820000)
(-0.3447204000, -0.4215474000, 0.0802440300, 0.8348812000)
(-0.3448091000, -0.4214987000, 0.0803579600, 0.8348582000)
(-0.3447875000, -0.4214712000, 0.0803457100, 0.8348822000)
(-0.3447452000, -0.4214968000, 0.0802035500, 0.8349004000)
(-0.3448881000, -0.4214090000, 0.0804055000, 0.8348662000)
(-0.3449262000, -0.4215279000, 0.0802601800, 0.8348045000)
(-0.3448668000, -0.4214255000, 0.0802697800, 0.8348798000)
(-0.3447737000, -0.4214568000, 0.0803691700, 0.8348929000)
(-0.3447611000, -0.4214140000, 0.0802921500, 0.8349271000)
(-0.3447585000, -0.4214767000, 0.0802820300, 0.8348975000)
(-0.3447326000, -0.4214332000, 0.0802504000, 0.8349332000)
(-0.3447266000, -0.4214704000, 0.0803247200, 0.8349097000)
(-0.3447415000, -0.4214635000, 0.0802660900, 0.8349127000)
(-0.3448296000, -0.4213969000, 0.0803952100, 0.8348976000)
(-0.3448190000, -0.4212841000, 0.0802829500, 0.8349696000)
(-0.3446783000, -0.4214225000, 0.0802191100, 0.8349640000)
(-0.3446899000, -0.4214725000, 0.0803796000, 0.8349186000)
(-0.3447528000, -0.4213680000, 0.0803026100, 0.8349528000)
(-0.3446813000, -0.4215152000, 0.0801450500, 0.8349231000)
(-0.3446771000, -0.4214368000, 0.0802286900, 0.8349564000)
(-0.3445537000, -0.4215836000, 0.0802404500, 0.8349320000)
(-0.3446584000, -0.4214082000, 0.0802894200, 0.8349727000)
(-0.3446539000, -0.4215673000, 0.0802569700, 0.8348974000)
(-0.3445900000, -0.4214054000, 0.0802252400, 0.8350085000)
(-0.3446126000, -0.4214640000, 0.0802126000, 0.8349708000)
(-0.3446313000, -0.4216104000, 0.0801206500, 0.8348980000)
(-0.3446216000, -0.4215375000, 0.0803234400, 0.8349193000)
(-0.3446178000, -0.4215523000, 0.0802877900, 0.8349168000)
(-0.3445176000, -0.4213863000, 0.0801828400, 0.8350521000)
(-0.3447957000, -0.4214045000, 0.0801458700, 0.8349316000)
(-0.3446755000, -0.4213948000, 0.0800442300, 0.8349959000)
(-0.3447479000, -0.4214904000, 0.0801743000, 0.8349053000)
(-0.3446097000, -0.4213829000, 0.0802518100, 0.8350092000)
(-0.3445956000, -0.4214717000, 0.0799725100, 0.8349969000)
(-0.3445697000, -0.4215552000, 0.0800777700, 0.8349554000)
(-0.3445193000, -0.4214489000, 0.0802296000, 0.8350153000)
(-0.3445481000, -0.4214145000, 0.0801510000, 0.8350284000)
(-0.3446138000, -0.4214326000, 0.0801913100, 0.8349882000)
(-0.3446821000, -0.4213503000, 0.0802067500, 0.8350000000)
(-0.3445285000, -0.4214309000, 0.0800911600, 0.8350338000)
(-0.3445310000, -0.4214532000, 0.0801945600, 0.8350117000)
(-0.3446836000, -0.4214020000, 0.0800783300, 0.8349856000)
(-0.3446387000, -0.4215150000, 0.0801876000, 0.8349367000)
(-0.3446989000, -0.4215360000, 0.0800953900, 0.8349101000)
(-0.3448122000, -0.4215024000, 0.0801776700, 0.8348724000)
(-0.3447606000, -0.4215843000, 0.0801251400, 0.8348573000)
(-0.3447619000, -0.4214246000, 0.0801466100, 0.8349354000)
(-0.3447948000, -0.4214733000, 0.0801437200, 0.8348975000)
(-0.3447523000, -0.4215239000, 0.0801983700, 0.8348843000)
(-0.3447875000, -0.4215000000, 0.0802234300, 0.8348794000)
(-0.3446853000, -0.4214293000, 0.0801189800, 0.8349673000)
(-0.3446057000, -0.4213223000, 0.0799956500, 0.8350660000)
(-0.3446673000, -0.4214274000, 0.0800200100, 0.8349852000)
(-0.3446493000, -0.4213620000, 0.0801382100, 0.8350142000)
(-0.3447116000, -0.4214735000, 0.0801289800, 0.8349332000)
(-0.3446861000, -0.4214114000, 0.0800229400, 0.8349852000)
(-0.3446075000, -0.4214089000, 0.0802150100, 0.8350005000)
(-0.3448671000, -0.4214141000, 0.0800972900, 0.8349020000)
(-0.3446628000, -0.4214219000, 0.0800649400, 0.8349855000)
(-0.3447002000, -0.4213270000, 0.0800652400, 0.8350179000)
(-0.3447337000, -0.4214146000, 0.0802314200, 0.8349440000)
(-0.3447966000, -0.4213490000, 0.0800592800, 0.8349676000)
(-0.3448271000, -0.4212866000, 0.0801432700, 0.8349784000)
(-0.3447248000, -0.4214379000, 0.0802050800, 0.8349383000)
(-0.3446876000, -0.4214620000, 0.0802282800, 0.8349394000)
(-0.3447940000, -0.4213664000, 0.0801989800, 0.8349465000)
(-0.3447019000, -0.4214355000, 0.0801745700, 0.8349520000)
(-0.3448905000, -0.4213324000, 0.0801419000, 0.8349292000)
(-0.3447917000, -0.4214132000, 0.0801166300, 0.8349317000)
(-0.3447819000, -0.4213673000, 0.0801171400, 0.8349589000)
(-0.3448706000, -0.4213799000, 0.0801402700, 0.8349137000)
(-0.3447772000, -0.4214174000, 0.0800228200, 0.8349445000)
(-0.3447366000, -0.4214234000, 0.0801295600, 0.8349481000)
(-0.3448890000, -0.4214690000, 0.0800809900, 0.8348668000)
(-0.3448753000, -0.4214766000, 0.0801058100, 0.8348662000)
(-0.3447963000, -0.4214812000, 0.0800576400, 0.8349012000)
(-0.3447733000, -0.4214605000, 0.0800703100, 0.8349199000)
(-0.3448265000, -0.4215049000, 0.0801552200, 0.8348674000)
(-0.3446850000, -0.4214995000, 0.0802039800, 0.8349238000)
(-0.3447433000, -0.4213707000, 0.0802511300, 0.8349602000)
(-0.3447384000, -0.4214214000, 0.0802492400, 0.8349369000)
(-0.3447201000, -0.4213910000, 0.0801722900, 0.8349671000)
(-0.3447390000, -0.4214863000, 0.0801776400, 0.8349107000)
(-0.3448862000, -0.4214400000, 0.0802727900, 0.8348641000)
(-0.3447507000, -0.4215212000, 0.0802994600, 0.8348765000)
(-0.3447187000, -0.4214764000, 0.0802485200, 0.8349173000)
(-0.3448075000, -0.4215190000, 0.0802817600, 0.8348559000)
(-0.3448982000, -0.4215817000, 0.0803124200, 0.8347838000)
(-0.3447938000, -0.4214491000, 0.0802918700, 0.8348958000)
(-0.3447920000, -0.4214639000, 0.0802944100, 0.8348889000)
(-0.3448301000, -0.4214111000, 0.0801547600, 0.8349133000)
(-0.3448626000, -0.4215293000, 0.0802770300, 0.8348284000)
(-0.3447044000, -0.4214082000, 0.0802950800, 0.8349532000)
(-0.3449423000, -0.4213616000, 0.0801225900, 0.8348950000)
(-0.3448109000, -0.4214724000, 0.0804255500, 0.8348642000)
(-0.3448119000, -0.4214734000, 0.0802197000, 0.8348831000)
(-0.3449201000, -0.4214489000, 0.0801190400, 0.8348604000)
(-0.3447689000, -0.4214486000, 0.0801555100, 0.8349195000)
(-0.3447835000, -0.4214758000, 0.0801514800, 0.8349001000)
(-0.3447768000, -0.4214369000, 0.0802180100, 0.8349162000)
(-0.3447154000, -0.4214225000, 0.0803346300, 0.8349376000)
(-0.3447775000, -0.4214197000, 0.0802818300, 0.8349184000)
(-0.3450268000, -0.4213478000, 0.0801801000, 0.8348615000)
(-0.3449342000, -0.4214363000, 0.0802942600, 0.8348441000)
(-0.3447621000, -0.4214162000, 0.0802300000, 0.8349316000)
(-0.3448957000, -0.4213940000, 0.0802510800, 0.8348855000)
(-0.3447696000, -0.4214439000, 0.0803058300, 0.8349071000)
(-0.3448115000, -0.4213812000, 0.0802767300, 0.8349243000)
(-0.3446895000, -0.4214379000, 0.0802693600, 0.8349468000)
(-0.3447418000, -0.4214011000, 0.0802656600, 0.8349441000)
(-0.3447018000, -0.4215183000, 0.0803201400, 0.8348962000)
(-0.3446994000, -0.4213866000, 0.0802580900, 0.8349696000)
(-0.3446471000, -0.4214050000, 0.0803019500, 0.8349777000)
(-0.3446656000, -0.4214174000, 0.0802298000, 0.8349708000)
(-0.3446933000, -0.4214751000, 0.0803673000, 0.8349169000)
(-0.3447630000, -0.4215178000, 0.0803522000, 0.8348681000)
(-0.3447301000, -0.4215161000, 0.0802841500, 0.8348891000)
(-0.3447041000, -0.4214809000, 0.0802916300, 0.8349169000)
(-0.3446565000, -0.4214517000, 0.0802984800, 0.8349506000)
(-0.3447425000, -0.4214901000, 0.0802360500, 0.8349018000)
(-0.3448846000, -0.4215159000, 0.0802291300, 0.8348307000)
(-0.3448169000, -0.4215308000, 0.0803659300, 0.8348380000)
(-0.3447597000, -0.4214623000, 0.0802881000, 0.8349037000)
(-0.3445621000, -0.4214525000, 0.0804025400, 0.8349791000)
(-0.3447336000, -0.4214983000, 0.0802815200, 0.8348969000)
(-0.3446806000, -0.4213598000, 0.0804018600, 0.8349771000)
(-0.3447720000, -0.4214182000, 0.0803163000, 0.8349181000)
(-0.3445802000, -0.4215531000, 0.0802197200, 0.8349385000)
(-0.3446417000, -0.4214435000, 0.0803619800, 0.8349548000)
(-0.3447712000, -0.4214261000, 0.0802288300, 0.8349229000)
(-0.3446935000, -0.4214320000, 0.0802000500, 0.8349547000)
(-0.3447763000, -0.4213923000, 0.0802198700, 0.8349388000)
(-0.3447017000, -0.4213205000, 0.0802209100, 0.8350057000)
(-0.3447519000, -0.4213988000, 0.0803157800, 0.8349363000)
(-0.3448148000, -0.4214025000, 0.0802419700, 0.8349155000)
(-0.3449169000, -0.4213278000, 0.0803213600, 0.8349034000)
(-0.3449353000, -0.4214674000, 0.0803266200, 0.8348248000)
(-0.3448977000, -0.4213971000, 0.0802688000, 0.8348814000)
(-0.3448692000, -0.4213685000, 0.0801830000, 0.8349159000)
(-0.3449796000, -0.4213356000, 0.0802305100, 0.8348823000)
(-0.3449735000, -0.4213465000, 0.0803005400, 0.8348726000)
(-0.3450392000, -0.4213224000, 0.0802676200, 0.8348608000)
(-0.3449906000, -0.4214230000, 0.0802917000, 0.8348278000)
(-0.3450529000, -0.4213645000, 0.0802696900, 0.8348336000)
(-0.3451227000, -0.4213542000, 0.0801910300, 0.8348176000)
(-0.3449203000, -0.4213240000, 0.0802748700, 0.8349084000)
(-0.3450704000, -0.4213178000, 0.0801347100, 0.8348630000)
(-0.3450179000, -0.4213534000, 0.0802851200, 0.8348523000)
(-0.3449332000, -0.4213595000, 0.0801297400, 0.8348992000)
(-0.3450458000, -0.4213612000, 0.0801493200, 0.8348498000)
(-0.3449231000, -0.4213682000, 0.0801715900, 0.8348949000)
(-0.3449959000, -0.4213549000, 0.0802170300, 0.8348671000)
(-0.3449742000, -0.4214664000, 0.0801503700, 0.8348262000)
(-0.3450245000, -0.4212969000, 0.0801554400, 0.8348905000)
(-0.3449481000, -0.4213542000, 0.0801758200, 0.8348912000)
(-0.3449031000, -0.4214270000, 0.0802890100, 0.8348622000)
(-0.3450911000, -0.4213893000, 0.0802833000, 0.8348041000)
(-0.3450374000, -0.4214086000, 0.0802327800, 0.8348213000)
(-0.3450610000, -0.4214455000, 0.0803306400, 0.8347836000)
(-0.3450274000, -0.4214014000, 0.0802621600, 0.8348264000)
(-0.3450629000, -0.4214221000, 0.0804688900, 0.8347813000)
(-0.3451174000, -0.4214146000, 0.0802155700, 0.8347870000)
(-0.3451343000, -0.4213021000, 0.0802269400, 0.8348356000)
(-0.3450122000, -0.4214036000, 0.0803138300, 0.8348265000)
(-0.3448920000, -0.4214801000, 0.0802298000, 0.8348457000)
(-0.3448591000, -0.4214426000, 0.0800781300, 0.8348927000)
(-0.3450148000, -0.4215128000, 0.0802638300, 0.8347751000)
(-0.3449546000, -0.4214899000, 0.0801348500, 0.8348240000)
(-0.3449102000, -0.4214275000, 0.0803495200, 0.8348531000)
(-0.3448850000, -0.4215345000, 0.0802894200, 0.8348153000)
(-0.3450076000, -0.4213750000, 0.0802009900, 0.8348536000)
(-0.3448173000, -0.4215472000, 0.0801695100, 0.8348483000)
(-0.3448084000, -0.4215029000, 0.0802703600, 0.8348648000)
(-0.3447342000, -0.4215245000, 0.0802264000, 0.8348888000)
(-0.3448947000, -0.4214726000, 0.0803613100, 0.8348356000)
(-0.3449064000, -0.4215246000, 0.0802376900, 0.8348165000)
(-0.3447803000, -0.4215235000, 0.0801307600, 0.8348794000)
(-0.3448566000, -0.4215063000, 0.0801939900, 0.8348505000)
(-0.3449518000, -0.4215307000, 0.0802058900, 0.8347977000)
(-0.3448780000, -0.4215114000, 0.0803288600, 0.8348261000)
(-0.3449527000, -0.4214880000, 0.0803512600, 0.8348048000)
(-0.3449636000, -0.4215384000, 0.0803642300, 0.8347737000)
(-0.3449455000, -0.4215413000, 0.0803427000, 0.8347818000)
(-0.3448933000, -0.4215994000, 0.0803795500, 0.8347704000)
(-0.3449896000, -0.4215050000, 0.0803066000, 0.8347853000)
(-0.3449208000, -0.4215015000, 0.0802711700, 0.8348190000)
(-0.3449334000, -0.4214244000, 0.0803507900, 0.8348450000)
(-0.3449272000, -0.4215357000, 0.0803191400, 0.8347944000)
(-0.3448598000, -0.4215606000, 0.0804003800, 0.8348019000)
(-0.3449264000, -0.4213352000, 0.0804104000, 0.8348872000)
(-0.3448613000, -0.4214052000, 0.0803170600, 0.8348877000)
(-0.3448580000, -0.4213190000, 0.0803491300, 0.8349295000)
(-0.3448758000, -0.4213545000, 0.0802620100, 0.8349127000)
(-0.3448501000, -0.4213333000, 0.0803406200, 0.8349264000)
(-0.3447959000, -0.4213687000, 0.0804105100, 0.8349241000)
(-0.3447615000, -0.4213928000, 0.0802827800, 0.8349385000)
(-0.3448848000, -0.4213836000, 0.0804206300, 0.8348790000)
(-0.3448647000, -0.4214021000, 0.0804020500, 0.8348798000)
(-0.3449236000, -0.4213268000, 0.0802643700, 0.8349066000)
(-0.3448086000, -0.4213781000, 0.0802510500, 0.8349295000)
(-0.3448580000, -0.4213957000, 0.0804306300, 0.8348830000)
(-0.3449573000, -0.4212869000, 0.0803264200, 0.8349069000)
(-0.3448642000, -0.4213408000, 0.0803560800, 0.8349153000)
(-0.3449288000, -0.4212911000, 0.0803405300, 0.8349152000)
(-0.3448584000, -0.4213013000, 0.0803224500, 0.8349409000)
(-0.3448090000, -0.4213381000, 0.0803713900, 0.8349380000)
(-0.3448311000, -0.4213344000, 0.0804720700, 0.8349210000)
(-0.3447985000, -0.4212982000, 0.0803582400, 0.8349637000)
(-0.3445432000, -0.4213955000, 0.0802499700, 0.8350304000)
(-0.3446671000, -0.4213587000, 0.0803312400, 0.8349900000)
(-0.3448032000, -0.4214222000, 0.0803016100, 0.8349047000)
(-0.3448302000, -0.4213303000, 0.0802801600, 0.8349419000)
(-0.3449087000, -0.4213901000, 0.0802419700, 0.8348830000)
(-0.3447477000, -0.4213466000, 0.0802847800, 0.8349673000)
(-0.3446985000, -0.4215700000, 0.0803153300, 0.8348719000)
(-0.3446552000, -0.4214004000, 0.0804181300, 0.8349656000)
(-0.3446514000, -0.4214556000, 0.0803087200, 0.8349498000)
(-0.3448349000, -0.4212755000, 0.0803938700, 0.8349567000)
(-0.3447142000, -0.4213859000, 0.0802615000, 0.8349636000)
(-0.3447795000, -0.4213162000, 0.0803813500, 0.8349603000)
(-0.3447959000, -0.4214358000, 0.0802232300, 0.8349083000)
(-0.3447481000, -0.4213855000, 0.0803405600, 0.8349422000)
(-0.3448013000, -0.4213219000, 0.0803871200, 0.8349478000)
(-0.3446997000, -0.4214052000, 0.0802163500, 0.8349642000)
(-0.3447342000, -0.4215701000, 0.0800725700, 0.8348805000)
(-0.3446719000, -0.4213717000, 0.0802102700, 0.8349931000)
(-0.3447063000, -0.4213973000, 0.0801618900, 0.8349707000)
(-0.3445673000, -0.4214309000, 0.0799948200, 0.8350270000)
(-0.3445898000, -0.4213211000, 0.0799943200, 0.8350732000)
(-0.3445344000, -0.4213088000, 0.0801421400, 0.8350881000)
(-0.3445723000, -0.4214096000, 0.0800731300, 0.8350282000)
(-0.3445560000, -0.4213699000, 0.0801076800, 0.8350517000)
(-0.3445165000, -0.4213831000, 0.0800525800, 0.8350666000)
(-0.3446519000, -0.4213629000, 0.0802334500, 0.8350036000)
(-0.3446562000, -0.4214109000, 0.0801682000, 0.8349838000)
(-0.3446506000, -0.4213581000, 0.0801677400, 0.8350129000)
(-0.3447575000, -0.4213310000, 0.0800524400, 0.8349935000)
(-0.3446675000, -0.4213198000, 0.0800501100, 0.8350365000)
(-0.3447042000, -0.4214174000, 0.0801434400, 0.8349632000)
(-0.3445357000, -0.4215165000, 0.0800144400, 0.8349950000)
(-0.3446345000, -0.4213622000, 0.0799977700, 0.8350338000)
(-0.3447223000, -0.4214417000, 0.0799016800, 0.8349665000)
(-0.3446687000, -0.4214116000, 0.0800150300, 0.8349931000)
(-0.3446093000, -0.4213605000, 0.0801004300, 0.8350352000)
(-0.3448055000, -0.4213451000, 0.0799383000, 0.8349774000)
(-0.3446400000, -0.4212583000, 0.0799176200, 0.8350915000)
(-0.3446639000, -0.4214179000, 0.0798766100, 0.8350051000)
(-0.3446022000, -0.4212784000, 0.0799389900, 0.8350949000)
(-0.3447143000, -0.4213420000, 0.0801036800, 0.8350009000)
(-0.3447240000, -0.4212691000, 0.0799403100, 0.8350493000)
(-0.3445407000, -0.4213604000, 0.0798120800, 0.8350911000)
(-0.3445485000, -0.4212966000, 0.0801155500, 0.8350911000)
(-0.3444986000, -0.4212749000, 0.0800447400, 0.8351293000)
(-0.3446212000, -0.4212520000, 0.0799497000, 0.8350995000)
(-0.3446561000, -0.4213136000, 0.0800381300, 0.8350455000)
(-0.3447155000, -0.4213950000, 0.0798211100, 0.8350006000)
(-0.3444193000, -0.4212804000, 0.0799770400, 0.8351658000)
(-0.3446473000, -0.4213515000, 0.0799476100, 0.8350387000)
(-0.3446300000, -0.4212882000, 0.0798198500, 0.8350900000)
(-0.3444378000, -0.4214517000, 0.0797978000, 0.8350888000)
(-0.3444811000, -0.4213624000, 0.0797713100, 0.8351186000)
(-0.3444919000, -0.4213356000, 0.0799412700, 0.8351114000)
(-0.3446274000, -0.4213345000, 0.0798605500, 0.8350638000)
(-0.3445278000, -0.4213260000, 0.0798537500, 0.8351098000)
(-0.3445688000, -0.4214616000, 0.0798779500, 0.8350222000)
(-0.3447246000, -0.4214291000, 0.0799637400, 0.8349660000)
(-0.3445397000, -0.4215427000, 0.0800083500, 0.8349808000)
(-0.3446075000, -0.4214729000, 0.0801436600, 0.8349751000)
(-0.3446514000, -0.4216335000, 0.0798667000, 0.8349023000)
(-0.3447025000, -0.4215076000, 0.0799597500, 0.8349359000)
(-0.3445778000, -0.4215400000, 0.0799204900, 0.8349748000)
(-0.3444999000, -0.4215709000, 0.0799336100, 0.8349901000)
(-0.3444026000, -0.4214818000, 0.0799528200, 0.8350734000)
(-0.3441693000, -0.4214502000, 0.0800507600, 0.8351761000)
(-0.3442067000, -0.4214281000, 0.0798657500, 0.8351896000)
(-0.3444401000, -0.4213614000, 0.0799452400, 0.8351194000)
(-0.3446544000, -0.4213596000, 0.0800864700, 0.8350183000)
(-0.3447447000, -0.4213636000, 0.0798793200, 0.8349989000)
(-0.3445970000, -0.4213784000, 0.0800599300, 0.8350351000)
(-0.3447058000, -0.4215347000, 0.0800157300, 0.8349155000)
(-0.3447091000, -0.4214041000, 0.0799922600, 0.8349823000)
(-0.3446819000, -0.4214142000, 0.0799619900, 0.8349913000)
(-0.3444605000, -0.4214333000, 0.0798462000, 0.8350841000)
(-0.3446146000, -0.4214518000, 0.0798446200, 0.8350114000)
(-0.3445372000, -0.4214904000, 0.0798874300, 0.8350198000)
(-0.3445568000, -0.4213253000, 0.0798369000, 0.8350998000)
(-0.3445390000, -0.4213817000, 0.0798597900, 0.8350765000)
(-0.3446191000, -0.4212919000, 0.0798060700, 0.8350939000)
(-0.3446659000, -0.4213894000, 0.0798620300, 0.8350201000)
(-0.3446295000, -0.4214670000, 0.0798786200, 0.8349943000)
(-0.3447487000, -0.4214416000, 0.0798973500, 0.8349562000)
