(0.7908568000, 0.2928822000, 0.5373585000)
(0.7826642000, 0.2966751000, 0.5471703000)
(0.7793427000, 0.3004905000, 0.5498220000)
(0.7766563000, 0.2990325000, 0.5544134000)
(0.7760128000, 0.2977181000, 0.5560254000)
(0.7780708000, 0.2999408000, 0.5519242000)
(0.7769553000, 0.2998796000, 0.5535239000)
(0.7752073000, 0.3053429000, 0.5530010000)
(0.7703694000, 0.3090295000, 0.5576960000)
(0.7463722000, 0.2961224000, 0.5960135000)
(0.7285403000, 0.2861419000, 0.6223729000)
(0.7259238000, 0.2924082000, 0.6224964000)
(0.7221178000, 0.2955496000, 0.6254485000)
(0.7239897000, 0.2935432000, 0.6242244000)
(0.7246169000, 0.2968665000, 0.6219204000)
(0.7260264000, 0.2972428000, 0.6201029000)
(0.7215105000, 0.3051692000, 0.6215106000)
(0.7234005000, 0.3025427000, 0.6206051000)
(0.7232980000, 0.3037496000, 0.6201236000)
(0.7232634000, 0.3034848000, 0.6203098000)
(0.7226078000, 0.3039073000, 0.6208473000)
(0.7223509000, 0.3054438000, 0.6204085000)
(0.7222660000, 0.3059020000, 0.6202689000)
(0.7205054000, 0.3110326000, 0.6197597000)
(0.7179129000, 0.3136552000, 0.6214575000)
(0.7178590000, 0.3144615000, 0.6211072000)
(0.7224100000, 0.3137535000, 0.6161671000)
(0.7472404000, 0.2913725000, 0.5972648000)
(0.7731032000, 0.2823697000, 0.5679524000)
(0.7964357000, 0.2542091000, 0.5486760000)
(0.7908818000, 0.2612098000, 0.5534125000)
(0.7934089000, 0.2608051000, 0.5499568000)
(0.7949592000, 0.2610520000, 0.5476142000)
(0.7953330000, 0.2560003000, 0.5494348000)
(0.7876775000, 0.2613496000, 0.5578942000)
(0.7891133000, 0.2662103000, 0.5535377000)
(0.7888228000, 0.2675988000, 0.5533029000)
(0.7889645000, 0.2672802000, 0.5532514000)
(0.7891938000, 0.2666539000, 0.5532202000)
(0.7893246000, 0.2664716000, 0.5531089000)
(0.7899981000, 0.2662794000, 0.5522577000)
(0.7945850000, 0.2649934000, 0.5462615000)
(0.7931225000, 0.2662136000, 0.5477861000)
(0.7924047000, 0.2661394000, 0.5488703000)
(0.7911343000, 0.2672408000, 0.5501446000)
(0.7913597000, 0.2674343000, 0.5497242000)
(0.7918418000, 0.2672796000, 0.5491112000)
(0.7919936000, 0.2681292000, 0.5484837000)
(0.7927042000, 0.2715696000, 0.5457601000)
(0.7922130000, 0.2644193000, 0.5499758000)
(0.7940223000, 0.2628804000, 0.5480813000)
(0.7994501000, 0.2509595000, 0.5457737000)
(0.7993689000, 0.2511061000, 0.5458507000)
(0.7994089000, 0.2513367000, 0.5456777000)
(0.7987121000, 0.2510678000, 0.5468087000)
(0.7967709000, 0.2561918000, 0.5472770000)
(0.8028501000, 0.2612825000, 0.5358711000)
(0.8078898000, 0.2719020000, 0.5228449000)
(0.8109785000, 0.2685473000, 0.5197970000)
(0.8120224000, 0.2690636000, 0.5178839000)
(0.8128123000, 0.2650157000, 0.5187206000)
(0.8105164000, 0.2665935000, 0.5214992000)
(0.8103958000, 0.2678835000, 0.5210441000)
(0.8100365000, 0.2667712000, 0.5221778000)
(0.8080146000, 0.2680649000, 0.5246252000)
(0.8088076000, 0.2662332000, 0.5243294000)
(0.8079465000, 0.2663656000, 0.5255898000)
(0.8069400000, 0.2646288000, 0.5280128000)
(0.8027080000, 0.2664827000, 0.5335180000)
(0.8094242000, 0.2564012000, 0.5282625000)
(0.8026484000, 0.2562264000, 0.5386047000)
(0.8024756000, 0.2448369000, 0.5441143000)
(0.7995592000, 0.2454844000, 0.5481153000)
(0.8024561000, 0.2410362000, 0.5458477000)
(0.8015663000, 0.2379659000, 0.5485069000)
(0.8036335000, 0.2283047000, 0.5495883000)
(0.8045725000, 0.2328888000, 0.5462629000)
(0.8035952000, 0.2334353000, 0.5474737000)
(0.8011981000, 0.2227068000, 0.5553907000)
(0.7992037000, 0.2197944000, 0.5594109000)
(0.7977251000, 0.2110797000, 0.5648552000)
(0.7975976000, 0.2099328000, 0.5654665000)
(0.7972646000, 0.2085696000, 0.5664327000)
(0.7968403000, 0.2116523000, 0.5658759000)
(0.7976148000, 0.2416256000, 0.5526498000)
(0.7984909000, 0.2791106000, 0.5333887000)
(0.7962810000, 0.3060095000, 0.5218134000)
(0.7955366000, 0.3180836000, 0.5156910000)
(0.7950174000, 0.3115790000, 0.5204388000)
(0.7972468000, 0.3072620000, 0.5195995000)
(0.7992314000, 0.3073250000, 0.5165054000)
(0.7951687000, 0.3044643000, 0.5243936000)
(0.7966391000, 0.3044012000, 0.5221925000)
(0.7973998000, 0.3030585000, 0.5218070000)
(0.7990963000, 0.3002621000, 0.5208431000)
(0.7987908000, 0.2925597000, 0.5256649000)
(0.7969869000, 0.2716205000, 0.5394636000)
(0.7971992000, 0.2706774000, 0.5396182000)
(0.7944444000, 0.2633426000, 0.5472683000)
(0.7931831000, 0.2678681000, 0.5468915000)
(0.7938613000, 0.2570317000, 0.5510788000)
(0.7896774000, 0.2608284000, 0.5553012000)
(0.7892931000, 0.2574307000, 0.5574279000)
(0.7907207000, 0.2473956000, 0.5599462000)
(0.7900123000, 0.2468915000, 0.5611643000)
(0.7939002000, 0.2428747000, 0.5574248000)
(0.8041410000, 0.2803017000, 0.5241762000)
(0.8016314000, 0.2862458000, 0.5248125000)
(0.8022521000, 0.2865035000, 0.5237340000)
(0.8039336000, 0.2841249000, 0.5224502000)
(0.8029544000, 0.2789699000, 0.5266974000)
(0.8036806000, 0.2790204000, 0.5255653000)
(0.8020496000, 0.2745341000, 0.5304105000)
(0.8010742000, 0.2711631000, 0.5336152000)
(0.7998892000, 0.2698440000, 0.5360498000)
(0.8020718000, 0.2649253000, 0.5352278000)
(0.8013645000, 0.2577308000, 0.5397974000)
(0.8005145000, 0.2541875000, 0.5427283000)
(0.7989637000, 0.2529772000, 0.5455701000)
(0.7962201000, 0.2483649000, 0.5516720000)
(0.7978100000, 0.2442448000, 0.5512034000)
(0.7967512000, 0.2366233000, 0.5560342000)
(0.7992390000, 0.2404679000, 0.5508027000)
(0.7959210000, 0.2403353000, 0.5556372000)
(0.7978816000, 0.2403018000, 0.5528383000)
(0.7964059000, 0.2346772000, 0.5573643000)
(0.7961932000, 0.2395802000, 0.5555613000)
(0.7974034000, 0.2356445000, 0.5555097000)
(0.7972580000, 0.2353315000, 0.5558591000)
(0.7968024000, 0.2362987000, 0.5560910000)
(0.7971528000, 0.2348475000, 0.5562240000)
(0.7969706000, 0.2347970000, 0.5564947000)
(0.7967887000, 0.2352242000, 0.5565890000)
(0.7962867000, 0.2311623000, 0.5589917000)
(0.7964010000, 0.2311937000, 0.5588178000)
(0.7965270000, 0.2315315000, 0.5584914000)
(0.7962007000, 0.2315257000, 0.5589662000)
(0.7962233000, 0.2322297000, 0.5586547000)
(0.7960951000, 0.2313901000, 0.5591822000)
(0.7953278000, 0.2271667000, 0.5619971000)
(0.7957229000, 0.2280028000, 0.5610887000)
(0.7949906000, 0.2281966000, 0.5620454000)
(0.7948934000, 0.2271615000, 0.5626052000)
(0.7946545000, 0.2258338000, 0.5634866000)
(0.7940482000, 0.2216430000, 0.5659806000)
(0.7938586000, 0.2219743000, 0.5661168000)
(0.7935355000, 0.2196713000, 0.5674857000)
(0.7932125000, 0.2166331000, 0.5690945000)
(0.7930990000, 0.2154168000, 0.5697183000)
(0.7926619000, 0.2147039000, 0.5705819000)
(0.7926044000, 0.2139253000, 0.5709743000)
(0.7915800000, 0.2136643000, 0.5724725000)
(0.7912861000, 0.2111223000, 0.5738122000)
(0.7914270000, 0.2114745000, 0.5735005000)
(0.7930288000, 0.2087684000, 0.5722842000)
(0.7898327000, 0.2076383000, 0.5770823000)
(0.7903462000, 0.2060971000, 0.5769510000)
(0.7886685000, 0.2005713000, 0.5811653000)
(0.7887056000, 0.2003425000, 0.5811912000)
(0.7886227000, 0.1986311000, 0.5818888000)
(0.7893158000, 0.1973817000, 0.5813865000)
(0.7898731000, 0.1968960000, 0.5807797000)
(0.7903296000, 0.1963866000, 0.5803273000)
(0.7906019000, 0.1970779000, 0.5797204000)
(0.7901002000, 0.1958071000, 0.5808374000)
(0.7906839000, 0.1948243000, 0.5803734000)
(0.7909123000, 0.1951720000, 0.5799551000)
(0.7905838000, 0.1957364000, 0.5801985000)
(0.7901759000, 0.1938936000, 0.5813814000)
(0.7914825000, 0.1918942000, 0.5802775000)
(0.7903057000, 0.1904899000, 0.5823473000)
(0.7904000000, 0.1897856000, 0.5824413000)
(0.7902753000, 0.1879904000, 0.5831869000)
(0.7890320000, 0.1870376000, 0.5851873000)
(0.7858912000, 0.2084445000, 0.5821667000)
(0.7888171000, 0.2482862000, 0.5622202000)
(0.7894163000, 0.2511266000, 0.5601230000)
(0.7889370000, 0.2523477000, 0.5602484000)
(0.7884882000, 0.2584204000, 0.5581084000)
(0.7896015000, 0.2553547000, 0.5579420000)
(0.7880412000, 0.2510553000, 0.5620985000)
(0.7888297000, 0.2487347000, 0.5620018000)
(0.7882675000, 0.2487752000, 0.5627871000)
(0.7877318000, 0.2505023000, 0.5627682000)
(0.7885901000, 0.2506191000, 0.5615238000)
(0.7913892000, 0.2461496000, 0.5595440000)
(0.7886131000, 0.2488603000, 0.5622644000)
(0.7901973000, 0.2452631000, 0.5616255000)
(0.7910761000, 0.2405389000, 0.5624180000)
(0.7897946000, 0.2436038000, 0.5629027000)
(0.7891715000, 0.2452577000, 0.5630568000)
(0.7891307000, 0.2460251000, 0.5627873000)
(0.7886719000, 0.2447050000, 0.5640112000)
(0.7879162000, 0.2441506000, 0.5652970000)
(0.7873450000, 0.2448084000, 0.5657970000)
(0.7873027000, 0.2441548000, 0.5661572000)
(0.7875236000, 0.2428286000, 0.5664100000)
(0.7879867000, 0.2419127000, 0.5661486000)
(0.7875565000, 0.2410360000, 0.5671338000)
(0.7869776000, 0.2386567000, 0.5689386000)
(0.7873681000, 0.2382411000, 0.5685639000)
(0.7864407000, 0.2348176000, 0.5712855000)
(0.7861791000, 0.2339785000, 0.5719761000)
(0.7857424000, 0.2304167000, 0.5740166000)
(0.7858332000, 0.2309269000, 0.5736842000)
(0.7855921000, 0.2291542000, 0.5747413000)
(0.7853009000, 0.2272679000, 0.5758778000)
(0.7850962000, 0.2269787000, 0.5762627000)
(0.7850100000, 0.2265449000, 0.5765660000)
(0.7850489000, 0.2260912000, 0.5766892000)
(0.7851000000, 0.2256968000, 0.5767682000)
(0.7850406000, 0.2253967000, 0.5769770000)
(0.7850611000, 0.2247542000, 0.5771816000)
(0.7849601000, 0.2252581000, 0.5771372000)
(0.7840401000, 0.2201446000, 0.5803579000)
(0.7857844000, 0.2198333000, 0.5781078000)
(0.7845891000, 0.2201534000, 0.5795932000)
(0.7852641000, 0.2206035000, 0.5785018000)
(0.7843400000, 0.2208521000, 0.5796679000)
(0.7836396000, 0.2199623000, 0.5809478000)
(0.7840959000, 0.2205381000, 0.5801311000)
(0.7848237000, 0.2201390000, 0.5792824000)
(0.7852009000, 0.2193837000, 0.5790537000)
(0.7855668000, 0.2229306000, 0.5772114000)
(0.7855405000, 0.2227407000, 0.5773285000)
(0.7855924000, 0.2224539000, 0.5773500000)
(0.7855884000, 0.2226680000, 0.5772731000)
(0.7856970000, 0.2228602000, 0.5770694000)
(0.7859424000, 0.2231946000, 0.5766040000)
(0.7863631000, 0.2235089000, 0.5759030000)
(0.7868438000, 0.2239832000, 0.5750450000)
(0.7870160000, 0.2251299000, 0.5743761000)
(0.7924301000, 0.2211380000, 0.5684391000)
(0.7965975000, 0.2085792000, 0.5673627000)
(0.7940356000, 0.1948420000, 0.5757753000)
(0.7942185000, 0.2041612000, 0.5722910000)
(0.7935095000, 0.2061731000, 0.5725597000)
(0.7983389000, 0.2096315000, 0.5645278000)
(0.7970761000, 0.2143059000, 0.5645477000)
(0.7976400000, 0.2177794000, 0.5624217000)
(0.7984647000, 0.2200745000, 0.5603528000)
(0.7981992000, 0.2194396000, 0.5609891000)
(0.7982722000, 0.2223861000, 0.5597335000)
(0.7994453000, 0.2236855000, 0.5575225000)
(0.7906392000, 0.2021048000, 0.5779456000)
(0.7833565000, 0.1822850000, 0.5942367000)
(0.7886724000, 0.1735890000, 0.5897955000)
(0.7834517000, 0.1647465000, 0.5991988000)
(0.7854821000, 0.1688571000, 0.5953929000)
(0.7881370000, 0.1787209000, 0.5889739000)
(0.7875150000, 0.1784909000, 0.5898642000)
(0.7871466000, 0.1788267000, 0.5902604000)
(0.7881528000, 0.1772515000, 0.5893933000)
(0.7865461000, 0.1830839000, 0.5897582000)
(0.7862850000, 0.1837000000, 0.5898958000)
(0.7875860000, 0.1825767000, 0.5885112000)
(0.7874966000, 0.1847227000, 0.5879655000)
(0.7876726000, 0.1856836000, 0.5874416000)
(0.7875532000, 0.1854503000, 0.5876678000)
(0.7884661000, 0.1922771000, 0.5842268000)
(0.7876921000, 0.1913547000, 0.5855886000)
(0.7884493000, 0.1949305000, 0.5833865000)
(0.7889481000, 0.1950648000, 0.5826496000)
(0.7886522000, 0.2006298000, 0.5811647000)
(0.7913113000, 0.1891910000, 0.5813832000)
(0.7899099000, 0.1353824000, 0.5980846000)
(0.7847589000, 0.1229209000, 0.6074807000)
(0.7843692000, 0.1196932000, 0.6086235000)
(0.7856882000, 0.1209113000, 0.6066664000)
(0.7852846000, 0.1231189000, 0.6067626000)
(0.7844150000, 0.1259310000, 0.6073144000)
(0.7830067000, 0.1250208000, 0.6092996000)
(0.7854396000, 0.1277774000, 0.6055771000)
(0.7857164000, 0.1312040000, 0.6045051000)
(0.7876780000, 0.1361458000, 0.6008438000)
(0.7885845000, 0.1425109000, 0.5981745000)
(0.7887077000, 0.1416136000, 0.5982189000)
(0.7884095000, 0.1439207000, 0.5980597000)
(0.7880880000, 0.1454546000, 0.5981017000)
(0.7886245000, 0.1470705000, 0.5970216000)
(0.7888898000, 0.1519417000, 0.5954329000)
(0.7891262000, 0.1551064000, 0.5943216000)
(0.7895753000, 0.1554677000, 0.5936183000)
(0.7891656000, 0.1545999000, 0.5943989000)
(0.7900977000, 0.1597750000, 0.5917827000)
(0.7903078000, 0.1596212000, 0.5915315000)
(0.7903695000, 0.1606818000, 0.5911790000)
(0.7903839000, 0.1628984000, 0.5905476000)
(0.7904278000, 0.1632683000, 0.5903769000)
(0.7903848000, 0.1629662000, 0.5905156000)
(0.7902995000, 0.1633862000, 0.5905184000)
(0.7899677000, 0.1635418000, 0.5909088000)
(0.7900012000, 0.1646084000, 0.5905654000)
(0.7898157000, 0.1645368000, 0.5908545000)
(0.7897174000, 0.1639776000, 0.5911276000)
(0.7894736000, 0.1638736000, 0.5914843000)
(0.7894620000, 0.1640603000, 0.5914496000)
(0.7891998000, 0.1626973000, 0.5921853000)
(0.7888952000, 0.1621127000, 0.5927413000)
(0.7884362000, 0.1616075000, 0.5934998000)
(0.7881088000, 0.1608392000, 0.5941246000)
(0.7882952000, 0.1526922000, 0.5960382000)
(0.7884841000, 0.1740205000, 0.5899198000)
(0.7891627000, 0.1885572000, 0.5845153000)
(0.7932188000, 0.1937676000, 0.5772692000)
(0.7910538000, 0.1919573000, 0.5808276000)
(0.7916561000, 0.1877983000, 0.5813707000)
(0.7919720000, 0.1888980000, 0.5805989000)
(0.7917859000, 0.1882294000, 0.5810637000)
(0.7899767000, 0.1876933000, 0.5836889000)
(0.7880325000, 0.1816682000, 0.5881936000)
(0.7979120000, 0.2302383000, 0.5570680000)
(0.7962510000, 0.2345981000, 0.5576229000)
(0.7952448000, 0.2325010000, 0.5599205000)
(0.7964730000, 0.2294071000, 0.5594453000)
(0.7984394000, 0.2254846000, 0.5582470000)
(0.7938170000, 0.2243155000, 0.5652527000)
(0.7938315000, 0.2242004000, 0.5652856000)
(0.7962837000, 0.2168395000, 0.5647056000)
(0.7899556000, 0.2016632000, 0.5790388000)
(0.7947564000, 0.2007228000, 0.5727686000)
(0.7914375000, 0.1991901000, 0.5778615000)
(0.7932261000, 0.1997343000, 0.5752157000)
(0.7941461000, 0.2364457000, 0.5598401000)
(0.7949153000, 0.2367353000, 0.5586056000)
(0.7979049000, 0.2751443000, 0.5363173000)
(0.7989912000, 0.2732911000, 0.5356320000)
(0.7968932000, 0.2744291000, 0.5381885000)
(0.7943965000, 0.2724475000, 0.5428565000)
(0.7959333000, 0.2676970000, 0.5429762000)
(0.7991160000, 0.2584473000, 0.5427849000)
(0.7978020000, 0.2415466000, 0.5524004000)
(0.7961761000, 0.2443815000, 0.5535125000)
(0.7929057000, 0.2494287000, 0.5559457000)
(0.7921650000, 0.2420156000, 0.5602427000)
(0.7929856000, 0.2420499000, 0.5590724000)
(0.7942851000, 0.2394523000, 0.5583519000)
(0.7953427000, 0.2390450000, 0.5570187000)
(0.7944646000, 0.2373784000, 0.5589859000)
(0.7943918000, 0.2386553000, 0.5585493000)
(0.7910380000, 0.2353797000, 0.5646613000)
(0.7916607000, 0.2344734000, 0.5641747000)
(0.7914720000, 0.2332914000, 0.5649219000)
(0.7921680000, 0.2284821000, 0.5658957000)
(0.7955737000, 0.2256750000, 0.5622374000)
(0.7903985000, 0.2244128000, 0.5699818000)
(0.7895755000, 0.2185100000, 0.5734026000)
(0.7901516000, 0.2097206000, 0.5758944000)
(0.7881458000, 0.2063440000, 0.5798521000)
(0.7879126000, 0.1976403000, 0.5831950000)
(0.7872876000, 0.1934367000, 0.5854379000)
(0.7859356000, 0.1942293000, 0.5870055000)
(0.7869812000, 0.1947142000, 0.5854300000)
(0.7868793000, 0.1921577000, 0.5864093000)
(0.7874611000, 0.1921596000, 0.5856366000)
(0.7871631000, 0.1922974000, 0.5859885000)
(0.7865176000, 0.1953572000, 0.5858419000)
(0.7866339000, 0.1903779000, 0.5873106000)
(0.7816857000, 0.1879812000, 0.5946576000)
(0.7822954000, 0.1888044000, 0.5935850000)
(0.7755357000, 0.1839804000, 0.6038855000)
(0.0000000000, 0.0000000000, 0.0000000000)
(0.0000000000, 0.0000000000, 0.0000000000)
(0.0000000000, 0.0000000000, 0.0000000000)
(0.0000000000, 0.0000000000, 0.0000000000)
(0.0000000000, 0.0000000000, 0.0000000000)
(0.0000000000, 0.0000000000, 0.0000000000)
(0.0000000000, 0.0000000000, 0.0000000000)
(0.0000000000, 0.0000000000, 0.0000000000)
(0.0000000000, 0.0000000000, 0.0000000000)
(0.0000000000, 0.0000000000, 0.0000000000)
(0.0000000000, 0.0000000000, 0.0000000000)
(0.0000000000, 0.0000000000, 0.0000000000)
(0.0000000000, 0.0000000000, 0.0000000000)
(0.0000000000, 0.0000000000, 0.0000000000)
(0.0000000000, 0.0000000000, 0.0000000000)
(0.7841068000, 0.2211679000, 0.5798551000)
(0.7800309000, 0.2275832000, 0.5828682000)
(0.7799796000, 0.2352880000, 0.5798643000)
(0.7884473000, 0.2287464000, 0.5709637000)
(0.7857785000, 0.2280273000, 0.5749147000)
(0.7853795000, 0.2288487000, 0.5751414000)
(0.7855662000, 0.2359439000, 0.5720084000)
(0.7865104000, 0.2338929000, 0.5715650000)
(0.7863051000, 0.2341736000, 0.5717242000)
(0.7870722000, 0.2401550000, 0.5681891000)
(0.7871709000, 0.2372062000, 0.5692869000)
(0.7861451000, 0.2393282000, 0.5698026000)
(0.7853158000, 0.2396749000, 0.5708113000)
(0.7851528000, 0.2398650000, 0.5709475000)
(0.7856853000, 0.2396257000, 0.5703231000)
(0.7859970000, 0.2369374000, 0.5710061000)
(0.7857268000, 0.2395177000, 0.5703078000)
(0.7857839000, 0.2402128000, 0.5699450000)
(0.7858718000, 0.2413574000, 0.5693264000)
(0.7857600000, 0.2425591000, 0.5689621000)
(0.7853116000, 0.2433520000, 0.5692553000)
(0.7848888000, 0.2437909000, 0.5696595000)
(0.7847651000, 0.2433749000, 0.5699856000)
(0.7848063000, 0.2436671000, 0.5698053000)
(0.7842435000, 0.2457208000, 0.5697011000)
(0.7838760000, 0.2459514000, 0.5701097000)
(0.7829924000, 0.2451755000, 0.5716564000)
(0.7826871000, 0.2462529000, 0.5716113000)
(0.7822247000, 0.2374286000, 0.5759762000)
(0.7772041000, 0.2151270000, 0.5913168000)
(0.7675478000, 0.1797245000, 0.6152660000)
(0.7658868000, 0.1636861000, 0.6217692000)
(0.7671180000, 0.1696610000, 0.6186404000)
(0.7663816000, 0.1793154000, 0.6168314000)
(0.7666633000, 0.1763476000, 0.6173413000)
(0.7678940000, 0.1773058000, 0.6155397000)
(0.7703040000, 0.1816546000, 0.6112370000)
(0.7700447000, 0.1825412000, 0.6113046000)
(0.7690512000, 0.1843545000, 0.6120191000)
(0.7694511000, 0.1848569000, 0.6113462000)
(0.7699214000, 0.1855545000, 0.6105587000)
(0.7699419000, 0.1864098000, 0.6102566000)
(0.7700560000, 0.1855326000, 0.6103887000)
(0.7701187000, 0.1854391000, 0.6103277000)
(0.7702116000, 0.1853858000, 0.6102236000)
(0.7701142000, 0.1856151000, 0.6103013000)
(0.7700176000, 0.1857743000, 0.6103545000)
(0.7700267000, 0.1857579000, 0.6103503000)
(0.7815370000, 0.1793230000, 0.5975235000)
(0.7820466000, 0.1758308000, 0.5978758000)
(0.7827360000, 0.1779789000, 0.5963577000)
(0.7825068000, 0.1776347000, 0.5967506000)
(0.7826172000, 0.1780560000, 0.5964869000)
(0.7829668000, 0.1777841000, 0.5961122000)
(0.7835480000, 0.1767305000, 0.5956629000)
(0.7839065000, 0.1773408000, 0.5949893000)
(0.7839190000, 0.1769504000, 0.5950877000)
(0.7828858000, 0.1761872000, 0.5966860000)
(0.7818486000, 0.1755139000, 0.5982499000)
(0.7813902000, 0.1725145000, 0.5997162000)
(0.7823606000, 0.1851373000, 0.5946709000)
(0.7812834000, 0.2095449000, 0.5879304000)
(0.7791262000, 0.2172915000, 0.5879845000)
(0.7815069000, 0.2353575000, 0.5777805000)
(0.7807199000, 0.2380456000, 0.5777408000)
(0.7798087000, 0.2396371000, 0.5783310000)
(0.7812878000, 0.2344752000, 0.5784391000)
(0.7806676000, 0.2327806000, 0.5799504000)
(0.7841086000, 0.2280455000, 0.5771933000)
(0.7805526000, 0.2275453000, 0.5821906000)
(0.7842399000, 0.2284286000, 0.5768598000)
(0.7877872000, 0.2468250000, 0.5643013000)
(0.7909730000, 0.2528875000, 0.5571316000)
(0.7935851000, 0.2544202000, 0.5526884000)
(0.7932690000, 0.2512462000, 0.5546076000)
(0.7903636000, 0.2496265000, 0.5594708000)
(0.7892041000, 0.2518013000, 0.5601358000)
(0.7892298000, 0.2512139000, 0.5603524000)
(0.7841401000, 0.2461443000, 0.5696654000)
(0.7836756000, 0.2516477000, 0.5679003000)
(0.7827617000, 0.2390995000, 0.5745369000)
(0.7811824000, 0.2404713000, 0.5761183000)
(0.7822931000, 0.2386744000, 0.5753545000)
(0.7840989000, 0.2366458000, 0.5737308000)
(0.7849000000, 0.2338946000, 0.5737602000)
(0.7847887000, 0.2339338000, 0.5739088000)
(0.7845874000, 0.2342029000, 0.5740718000)
(0.7874670000, 0.2312909000, 0.5713050000)
(0.7880067000, 0.2326062000, 0.5700260000)
(0.7882888000, 0.2340366000, 0.5690436000)
(0.7883604000, 0.2355078000, 0.5683470000)
(0.7863792000, 0.2283872000, 0.5739536000)
(0.7857810000, 0.2285495000, 0.5746998000)
(0.7848505000, 0.2283453000, 0.5760621000)
(0.7840496000, 0.2276936000, 0.5774087000)
(0.7836803000, 0.2240047000, 0.5793426000)
(0.7795640000, 0.2194280000, 0.5866244000)
(0.7823069000, 0.2106023000, 0.5862023000)
(0.7798380000, 0.2157308000, 0.5876112000)
(0.7787433000, 0.2089046000, 0.5915295000)
(0.7796632000, 0.2098104000, 0.5899805000)
(0.7793357000, 0.2080273000, 0.5910408000)
(0.7783272000, 0.2045757000, 0.5935865000)
(0.7778199000, 0.2021205000, 0.5950896000)
(0.7771518000, 0.1996193000, 0.5968042000)
(0.7763360000, 0.1951655000, 0.5993245000)
(0.7783778000, 0.1961479000, 0.5963388000)
(0.7768171000, 0.1961407000, 0.5983935000)
(0.7762164000, 0.1951533000, 0.5994907000)
(0.7750747000, 0.1943873000, 0.6012173000)
(0.7761329000, 0.1951572000, 0.5995890000)
(0.7753184000, 0.1886032000, 0.6027458000)
(0.7787579000, 0.1824469000, 0.6001890000)
(0.7801312000, 0.1822869000, 0.5984599000)
(0.7748354000, 0.1875002000, 0.6037064000)
(0.7729152000, 0.1901187000, 0.6053315000)
(0.7744966000, 0.1872500000, 0.6042188000)
(0.7741590000, 0.1826973000, 0.6060303000)
(0.7737269000, 0.1810449000, 0.6070874000)
(0.7724065000, 0.1819368000, 0.6085014000)
(0.7798185000, 0.1803529000, 0.5994426000)
(0.7841429000, 0.1768350000, 0.5948405000)
(0.7826682000, 0.1851839000, 0.5942451000)
(0.7829925000, 0.1829925000, 0.5945009000)
(0.7819427000, 0.1835883000, 0.5956929000)
(0.7822608000, 0.1836706000, 0.5952564000)
(0.7821109000, 0.1830269000, 0.5956481000)
(0.7821972000, 0.1825622000, 0.5956565000)
(0.7820030000, 0.1822580000, 0.5960296000)
(0.7825040000, 0.1817146000, 0.5955163000)
(0.7828050000, 0.1817142000, 0.5951316000)
(0.7823825000, 0.1817051000, 0.5956842000)
(0.7822950000, 0.1804605000, 0.5961697000)
(0.7825981000, 0.1795055000, 0.5960822000)
(0.7824387000, 0.1789421000, 0.5964496000)
(0.7818770000, 0.1779268000, 0.5974886000)
(0.7810601000, 0.1780294000, 0.5985315000)
(0.7816033000, 0.1775341000, 0.5979730000)
(0.7823454000, 0.1776044000, 0.5969732000)
(0.7831292000, 0.1776959000, 0.5959244000)
(0.7799898000, 0.1764078000, 0.6004024000)
(0.7816350000, 0.1730051000, 0.5992596000)
(0.7757118000, 0.1890728000, 0.6020792000)
(0.7726556000, 0.1902287000, 0.6056523000)
(0.7736937000, 0.1948442000, 0.6028310000)
(0.7713854000, 0.1911673000, 0.6069529000)
(0.7727305000, 0.1935522000, 0.6044900000)
(0.7724828000, 0.1925268000, 0.6051320000)
(0.7732127000, 0.1911529000, 0.6046381000)
(0.7739127000, 0.1914615000, 0.6036325000)
(0.7738572000, 0.1906668000, 0.6039754000)
(0.7741702000, 0.1910542000, 0.6034345000)
(0.7746533000, 0.1904338000, 0.6030298000)
(0.7746571000, 0.1905176000, 0.6029885000)
(0.7748050000, 0.1904266000, 0.6028203000)
(0.7748911000, 0.1900837000, 0.6028346000)
(0.7758109000, 0.1861347000, 0.6028790000)
(0.7737443000, 0.1890404000, 0.6046214000)
(0.7716537000, 0.1852056000, 0.6084677000)
(0.7708976000, 0.1840501000, 0.6097791000)
(0.7650678000, 0.1948808000, 0.6137280000)
(0.0000000000, 0.0000000000, 0.0000000000)
(0.0000000000, 0.0000000000, 0.0000000000)
(0.0000000000, 0.0000000000, 0.0000000000)
(0.0000000000, 0.0000000000, 0.0000000000)
(0.0000000000, 0.0000000000, 0.0000000000)
(0.0000000000, 0.0000000000, 0.0000000000)
(0.0000000000, 0.0000000000, 0.0000000000)
(0.0000000000, 0.0000000000, 0.0000000000)
(0.0000000000, 0.0000000000, 0.0000000000)
(0.0000000000, 0.0000000000, 0.0000000000)
(0.0000000000, 0.0000000000, 0.0000000000)
(0.0000000000, 0.0000000000, 0.0000000000)
(0.0000000000, 0.0000000000, 0.0000000000)
(0.0000000000, 0.0000000000, 0.0000000000)
(0.0000000000, 0.0000000000, 0.0000000000)
(0.0000000000, 0.0000000000, 0.0000000000)
(0.0000000000, 0.0000000000, 0.0000000000)
(0.0000000000, 0.0000000000, 0.0000000000)
(0.0000000000, 0.0000000000, 0.0000000000)
(0.7822182000, 0.2382499000, 0.5756285000)
(0.7865385000, 0.2321235000, 0.5722281000)
(0.7862521000, 0.2252845000, 0.5753518000)
(0.7835613000, 0.2291052000, 0.5775269000)
(0.7824883000, 0.2353683000, 0.5764428000)
(0.7809832000, 0.2299520000, 0.5806701000)
(0.7837342000, 0.2315262000, 0.5763103000)
(0.7837067000, 0.2345820000, 0.5751256000)
(0.7850298000, 0.2327471000, 0.5740603000)
(0.7857378000, 0.2312575000, 0.5737014000)
(0.7849950000, 0.2304962000, 0.5750170000)
(0.7853003000, 0.2301237000, 0.5747519000)
(0.7850684000, 0.2288112000, 0.5755799000)
(0.7848443000, 0.2292356000, 0.5757260000)
(0.7847289000, 0.2279615000, 0.5763746000)
(0.7842597000, 0.2271121000, 0.5773517000)
(0.7840629000, 0.2270294000, 0.5776529000)
(0.7842216000, 0.2261546000, 0.5777730000)
(0.7834496000, 0.2231897000, 0.5799744000)
(0.7835825000, 0.2218603000, 0.5803135000)
(0.7832360000, 0.2210986000, 0.5810677000)
(0.7833092000, 0.2197980000, 0.5814571000)
(0.7832381000, 0.2184303000, 0.5820723000)
(0.7834594000, 0.2184791000, 0.5817594000)
(0.7812909000, 0.2136021000, 0.5864508000)
(0.7804767000, 0.2096465000, 0.5889668000)
(0.7805201000, 0.2099819000, 0.5887806000)
(0.7801129000, 0.2089356000, 0.5896989000)
(0.7805436000, 0.2093649000, 0.5889828000)
(0.7735943000, 0.2087141000, 0.5982962000)
(0.7627277000, 0.2123501000, 0.6108499000)
(0.7635875000, 0.2194235000, 0.6072706000)
(0.7653312000, 0.2140904000, 0.6069732000)
(0.7649380000, 0.2179926000, 0.6060848000)
(0.7644150000, 0.2177241000, 0.6068432000)
(0.7641509000, 0.2181204000, 0.6070275000)
(0.7650820000, 0.2167131000, 0.6063551000)
(0.7649903000, 0.2162966000, 0.6066232000)
(0.7646591000, 0.2168052000, 0.6068593000)
(0.7638765000, 0.2175225000, 0.6075792000)
(0.7633318000, 0.2182042000, 0.6080216000)
(0.7638433000, 0.2177559000, 0.6075360000)
(0.7637910000, 0.2184101000, 0.6073612000)
(0.7631811000, 0.2187196000, 0.6080264000)
(0.7629821000, 0.2186204000, 0.6083195000)
(0.7630051000, 0.2239184000, 0.6063464000)
(0.7641060000, 0.2247462000, 0.6046706000)
(0.7703148000, 0.1994779000, 0.6056319000)
(0.7770415000, 0.1773896000, 0.6039301000)
(0.7801894000, 0.1717412000, 0.6014981000)
(0.7771659000, 0.1660181000, 0.6069945000)
(0.7778265000, 0.1721764000, 0.6044280000)
(0.7809724000, 0.1662625000, 0.6020039000)
(0.7812884000, 0.1703455000, 0.6004518000)
(0.7807645000, 0.1726985000, 0.6004798000)
(0.7797416000, 0.1734413000, 0.6015801000)
(0.7799191000, 0.1732910000, 0.6013896000)
(0.7801432000, 0.1739426000, 0.6009161000)
(0.7803310000, 0.1752070000, 0.6003115000)
(0.7785933000, 0.1716305000, 0.6035933000)
(0.7695064000, 0.1248171000, 0.6263028000)
(0.7683873000, 0.1245556000, 0.6277270000)
(0.7564738000, 0.1002726000, 0.6462724000)
(0.7558826000, 0.0777003500, 0.6500636000)
(0.7535223000, 0.0721480900, 0.6534328000)
(0.7459373000, 0.0660956200, 0.6627108000)
(0.7496778000, 0.0565589500, 0.6593649000)
(0.7510554000, 0.0626201500, 0.6572524000)
(0.7526244000, 0.0659500500, 0.6551254000)
(0.7526895000, 0.0691801300, 0.6547083000)
(0.7547349000, 0.0707554000, 0.6521922000)
(0.7538015000, 0.0725751700, 0.6530748000)
(0.7547307000, 0.0701555900, 0.6522514000)
(0.7554790000, 0.0730263100, 0.6510729000)
(0.7544334000, 0.0760188400, 0.6519498000)
(0.7549178000, 0.0773428200, 0.6512279000)
(0.7555459000, 0.0785170700, 0.6503602000)
(0.7568334000, 0.0846974900, 0.6480755000)
(0.7611469000, 0.1006757000, 0.6406981000)
(0.7626489000, 0.1096946000, 0.6374243000)
(0.7649795000, 0.1140585000, 0.6338674000)
(0.7644171000, 0.1192647000, 0.6335859000)
(0.7660874000, 0.1198546000, 0.6314442000)
(0.7660815000, 0.1174942000, 0.6319012000)
(0.7662551000, 0.1193600000, 0.6313310000)
(0.7677409000, 0.1223698000, 0.6289523000)
(0.7666975000, 0.1208099000, 0.6305335000)
(0.7664577000, 0.1242622000, 0.6301332000)
(0.7677724000, 0.1297601000, 0.6274285000)
(0.7679312000, 0.1266943000, 0.6278585000)
(0.7703058000, 0.1255985000, 0.6251652000)
(0.7625186000, 0.1390018000, 0.6318424000)
(0.0000000000, 0.0000000000, 0.0000000000)
(0.0000000000, 0.0000000000, 0.0000000000)
(0.0000000000, 0.0000000000, 0.0000000000)
(0.0000000000, 0.0000000000, 0.0000000000)
(0.0000000000, 0.0000000000, 0.0000000000)
(0.0000000000, 0.0000000000, 0.0000000000)
(0.0000000000, 0.0000000000, 0.0000000000)
(0.0000000000, 0.0000000000, 0.0000000000)
(0.0000000000, 0.0000000000, 0.0000000000)
(0.0000000000, 0.0000000000, 0.0000000000)
(0.0000000000, 0.0000000000, 0.0000000000)
(0.0000000000, 0.0000000000, 0.0000000000)
(0.0000000000, 0.0000000000, 0.0000000000)
(0.0000000000, 0.0000000000, 0.0000000000)
(0.0000000000, 0.0000000000, 0.0000000000)
(0.0000000000, 0.0000000000, 0.0000000000)
(0.7660387000, 0.1878388000, 0.6147314000)
(0.7700084000, 0.1914744000, 0.6086107000)
(0.7726807000, 0.1886054000, 0.6061126000)
(0.7764457000, 0.1919608000, 0.6002245000)
(0.7737060000, 0.1930573000, 0.6034088000)
(0.7766468000, 0.1939738000, 0.5993242000)
(0.7758026000, 0.1942958000, 0.6003019000)
(0.7746566000, 0.1973779000, 0.6007771000)
(0.7761858000, 0.1971721000, 0.5988740000)
(0.7775970000, 0.2000412000, 0.5960720000)
(0.7763534000, 0.1980460000, 0.5983729000)
(0.7775928000, 0.1997062000, 0.5962009000)
(0.7768037000, 0.2004504000, 0.5969841000)
(0.7766369000, 0.2005948000, 0.5971498000)
(0.7772412000, 0.1999780000, 0.5965629000)
(0.7770178000, 0.1969355000, 0.5978712000)
(0.7774576000, 0.1980628000, 0.5969077000)
(0.7767900000, 0.1971658000, 0.5980729000)
(0.7763345000, 0.1982945000, 0.5983135000)
(0.7775368000, 0.1989133000, 0.5965391000)
(0.7774407000, 0.1992721000, 0.5965432000)
(0.7769670000, 0.1976188000, 0.5977001000)
(0.7765637000, 0.1978015000, 0.5981795000)
(0.7764097000, 0.1978332000, 0.5983498000)
(0.7748603000, 0.1957227000, 0.6010548000)
(0.7748942000, 0.1956767000, 0.6010212000)
(0.7745194000, 0.1947171000, 0.6018098000)
(0.7739359000, 0.1951455000, 0.6024253000)
(0.7763365000, 0.2001505000, 0.5976868000)
(0.7757242000, 0.2089595000, 0.5954642000)
(0.7765775000, 0.2152289000, 0.5920960000)
(0.7771784000, 0.2149049000, 0.5914296000)
(0.7756605000, 0.2139403000, 0.5937584000)
(0.7768744000, 0.2154951000, 0.5916137000)
(0.7767801000, 0.2137415000, 0.5923750000)
(0.7766021000, 0.2121815000, 0.5931811000)
(0.7771040000, 0.2107576000, 0.5930130000)
(0.7769735000, 0.2096228000, 0.5935898000)
(0.7767508000, 0.2084605000, 0.5942903000)
(0.7767092000, 0.2069809000, 0.5948589000)
(0.7768641000, 0.2057919000, 0.5950864000)
(0.7768421000, 0.2040947000, 0.5956829000)
(0.7766489000, 0.2019660000, 0.5966619000)
(0.7766606000, 0.2012942000, 0.5968767000)
(0.7764192000, 0.2009311000, 0.5973194000)
(0.7764550000, 0.1999139000, 0.5976122000)
(0.7766967000, 0.1998617000, 0.5973182000)
(0.7769847000, 0.1994956000, 0.5970581000)
(0.7767832000, 0.1985238000, 0.5976506000)
(0.7765909000, 0.1973020000, 0.5982838000)
(0.7762361000, 0.1967441000, 0.5989370000)
(0.7761196000, 0.1968339000, 0.5990506000)
(0.7761191000, 0.1975802000, 0.5988133000)
(0.7765220000, 0.1985212000, 0.5979767000)
(0.7765864000, 0.1994738000, 0.5975788000)
(0.7762606000, 0.2000450000, 0.5978078000)
(0.7760143000, 0.1995371000, 0.5983098000)
(0.7761955000, 0.2003171000, 0.5978179000)
(0.7765244000, 0.2012920000, 0.5970402000)
(0.7766525000, 0.2019626000, 0.5966648000)
(0.7768479000, 0.2019800000, 0.5964056000)
(0.7767033000, 0.2011689000, 0.5968591000)
(0.7766815000, 0.2012043000, 0.5968753000)
(0.7757078000, 0.2021182000, 0.5978328000)
(0.7743450000, 0.2002023000, 0.6002458000)
(0.7767392000, 0.2079512000, 0.5944873000)
(0.0000000000, 0.0000000000, 0.0000000000)
(0.0000000000, 0.0000000000, 0.0000000000)
(0.0000000000, 0.0000000000, 0.0000000000)
(0.0000000000, 0.0000000000, 0.0000000000)
(0.0000000000, 0.0000000000, 0.0000000000)
(0.0000000000, 0.0000000000, 0.0000000000)
(0.0000000000, 0.0000000000, 0.0000000000)
(0.0000000000, 0.0000000000, 0.0000000000)
(0.0000000000, 0.0000000000, 0.0000000000)
(0.0000000000, 0.0000000000, 0.0000000000)
(0.0000000000, 0.0000000000, 0.0000000000)
(0.0000000000, 0.0000000000, 0.0000000000)
(0.0000000000, 0.0000000000, 0.0000000000)
(0.0000000000, 0.0000000000, 0.0000000000)
(0.0000000000, 0.0000000000, 0.0000000000)
(0.0000000000, 0.0000000000, 0.0000000000)
(0.0000000000, 0.0000000000, 0.0000000000)
(0.0000000000, 0.0000000000, 0.0000000000)
(0.0000000000, 0.0000000000, 0.0000000000)
(0.0000000000, 0.0000000000, 0.0000000000)
(0.7684147000, 0.1738727000, 0.6158690000)
(0.7733867000, 0.1915209000, 0.6042954000)
(0.7718012000, 0.2133557000, 0.5989974000)
(0.7725638000, 0.1990656000, 0.6029156000)
(0.7736744000, 0.1910982000, 0.6040587000)
(0.7760376000, 0.1821819000, 0.6037834000)
(0.7769870000, 0.1962306000, 0.5981413000)
(0.7778084000, 0.2009466000, 0.5954915000)
(0.7818304000, 0.2060151000, 0.5884653000)
(0.7815688000, 0.2084702000, 0.5879436000)
(0.7819463000, 0.2117371000, 0.5862691000)
(0.7820430000, 0.2099121000, 0.5867986000)
(0.7822471000, 0.2153657000, 0.5845369000)
(0.7801597000, 0.2259186000, 0.5833440000)
(0.7815741000, 0.2259542000, 0.5814455000)
(0.7798351000, 0.2385670000, 0.5787148000)
(0.7819352000, 0.2396037000, 0.5754505000)
(0.7823735000, 0.2410809000, 0.5742477000)
(0.7825863000, 0.2424975000, 0.5733655000)
(0.7837956000, 0.2393298000, 0.5730288000)
(0.7853792000, 0.2018747000, 0.5851679000)
(0.7827848000, 0.1774858000, 0.5964217000)
(0.7759220000, 0.1567159000, 0.6110365000)
(0.7796375000, 0.1675751000, 0.6033915000)
(0.7811846000, 0.1710181000, 0.6003998000)
(0.7809851000, 0.1731904000, 0.6000293000)
(0.7828563000, 0.1744485000, 0.5972294000)
(0.7833130000, 0.1769288000, 0.5959055000)
(0.7811208000, 0.1898344000, 0.5948177000)
(0.7843924000, 0.1921439000, 0.5897450000)
(0.7839995000, 0.1888499000, 0.5913348000)
(0.7863405000, 0.2043479000, 0.5830049000)
(0.7871667000, 0.2023709000, 0.5825705000)
(0.7883149000, 0.2041249000, 0.5804100000)
(0.7886565000, 0.2064751000, 0.5791060000)
(0.7884325000, 0.2065353000, 0.5793895000)
(0.7876689000, 0.2079338000, 0.5799447000)
(0.7758647000, 0.2037107000, 0.5970909000)
(0.7730652000, 0.1705791000, 0.6109437000)
(0.7750870000, 0.1651084000, 0.6098868000)
(0.7782173000, 0.1837654000, 0.6004972000)
(0.7748967000, 0.1820569000, 0.6052919000)
(0.7752168000, 0.1881673000, 0.6029983000)
(0.7733141000, 0.2021024000, 0.6009381000)
(0.7745118000, 0.2023881000, 0.5992962000)
(0.7729694000, 0.2090691000, 0.5989957000)
(0.7717758000, 0.2164798000, 0.5979063000)
(0.7697992000, 0.2223475000, 0.5982928000)
(0.7676993000, 0.2204578000, 0.6016656000)
(0.7699193000, 0.2242798000, 0.5974280000)
(0.7678649000, 0.2283704000, 0.5985093000)
(0.7725741000, 0.2284714000, 0.5923740000)
(0.7756285000, 0.2300098000, 0.5877678000)
(0.7752448000, 0.2310009000, 0.5878798000)
(0.7734185000, 0.2103360000, 0.5979722000)
(0.7744700000, 0.2007246000, 0.5999069000)
(0.7752531000, 0.2005274000, 0.5989572000)
(0.7780538000, 0.2040107000, 0.5941356000)
(0.7767544000, 0.2005534000, 0.5969964000)
(0.7771848000, 0.1994922000, 0.5967941000)
(0.7766449000, 0.2026015000, 0.5964426000)
(0.7762894000, 0.2059803000, 0.5957561000)
(0.7765442000, 0.2065797000, 0.5952235000)
(0.7762762000, 0.2077693000, 0.5951636000)
(0.7765910000, 0.2068272000, 0.5950629000)
(0.7764583000, 0.2077970000, 0.5948991000)
(0.7759723000, 0.2084887000, 0.5952867000)
(0.7763929000, 0.2084011000, 0.5947763000)
(0.7763907000, 0.2089247000, 0.5946033000)
(0.7764290000, 0.2102037000, 0.5940959000)
(0.7766949000, 0.2106138000, 0.5936064000)
(0.7765656000, 0.2106725000, 0.5937495000)
(0.7765611000, 0.2107225000, 0.5937300000)
(0.7777405000, 0.2107237000, 0.5921865000)
(0.7777994000, 0.2092957000, 0.5926211000)
(0.7778860000, 0.2112028000, 0.5918366000)
(0.7879654000, 0.2268908000, 0.5723850000)
(0.7884136000, 0.2284047000, 0.5711545000)
(0.7881517000, 0.2288642000, 0.5713366000)
(0.7866098000, 0.2252966000, 0.5748594000)
(0.7870904000, 0.2260826000, 0.5738912000)
(0.7860770000, 0.2279862000, 0.5745353000)
(0.7866371000, 0.2284314000, 0.5735967000)
(0.7877366000, 0.2284311000, 0.5720750000)
(0.7879204000, 0.2314518000, 0.5706142000)
(0.7879073000, 0.2333173000, 0.5698726000)
(0.7879873000, 0.2336288000, 0.5696313000)
(0.7882091000, 0.2425260000, 0.5655852000)
(0.7827113000, 0.2503037000, 0.5698287000)
(0.7821351000, 0.2562184000, 0.5679689000)
(0.7832006000, 0.2556975000, 0.5667560000)
(0.7834347000, 0.2618427000, 0.5635972000)
(0.7854280000, 0.2560310000, 0.5634868000)
(0.7823731000, 0.2632385000, 0.5644296000)
(0.7833452000, 0.2622011000, 0.5635580000)
(0.7855221000, 0.2657248000, 0.5588737000)
(0.7847342000, 0.2591551000, 0.5630407000)
(0.7838507000, 0.2647277000, 0.5616650000)
(0.7843751000, 0.2621337000, 0.5621663000)
(0.7839367000, 0.2642968000, 0.5617624000)
(0.7928067000, 0.2654201000, 0.5486360000)
(0.7909635000, 0.2660111000, 0.5510042000)
(0.7897671000, 0.2673879000, 0.5520609000)
(0.7867215000, 0.2662326000, 0.5569203000)
(0.7845187000, 0.2664492000, 0.5599289000)
(0.7844954000, 0.2697200000, 0.5583974000)
(0.7802216000, 0.2711276000, 0.5636742000)
(0.7821965000, 0.2672755000, 0.5627702000)
(0.7830796000, 0.2656863000, 0.5623059000)
(0.7886171000, 0.2626615000, 0.5559426000)
(0.7856425000, 0.2701674000, 0.5565723000)
(0.7852466000, 0.2647537000, 0.5597183000)
(0.7806631000, 0.2598867000, 0.5683410000)
(0.7762838000, 0.2236591000, 0.5893496000)
(0.7682743000, 0.2135737000, 0.6034219000)
(0.7740306000, 0.2070479000, 0.5983289000)
(0.7731059000, 0.2009684000, 0.6015761000)
(0.7745828000, 0.2024753000, 0.5991792000)
(0.7704001000, 0.2090858000, 0.6022959000)
(0.7746465000, 0.2045788000, 0.5983700000)
(0.7750793000, 0.2137122000, 0.5946129000)
(0.7748889000, 0.2182610000, 0.5932029000)
(0.7746234000, 0.2214499000, 0.5923749000)
(0.7764397000, 0.2252175000, 0.5885685000)
(0.7763230000, 0.2250128000, 0.5887820000)
(0.7764815000, 0.2251791000, 0.5885286000)
(0.7761354000, 0.2257965000, 0.5887468000)
(0.7859825000, 0.2056953000, 0.5829996000)
(0.7877590000, 0.2062810000, 0.5803931000)
(0.7883525000, 0.2044940000, 0.5802281000)
(0.7886158000, 0.2050304000, 0.5796849000)
(0.7888225000, 0.2076657000, 0.5784551000)
(0.7890033000, 0.2103831000, 0.5772275000)
(0.7889842000, 0.2063300000, 0.5787290000)
(0.7891349000, 0.2050205000, 0.5789854000)
(0.7889489000, 0.2069455000, 0.5785487000)
(0.7879511000, 0.2076005000, 0.5796784000)
(0.7887890000, 0.2075198000, 0.5785633000)
(0.7891857000, 0.2079918000, 0.5778579000)
(0.7907451000, 0.2074986000, 0.5758825000)
(0.7912230000, 0.2074901000, 0.5752229000)
(0.7921054000, 0.2117850000, 0.5724431000)
(0.7917803000, 0.2136135000, 0.5722148000)
(0.7896109000, 0.2147649000, 0.5747843000)
(0.7898979000, 0.2145827000, 0.5744543000)
(0.7904055000, 0.2175257000, 0.5726444000)
(0.7903901000, 0.2176992000, 0.5726150000)
(0.7915269000, 0.2224618000, 0.5691804000)
(0.7914768000, 0.2216370000, 0.5695840000)
(0.7914070000, 0.2214190000, 0.5697654000)
(0.7913102000, 0.2214105000, 0.5698996000)
(0.7916785000, 0.2228586000, 0.5688356000)
(0.7914630000, 0.2234128000, 0.5689206000)
(0.7911576000, 0.2233076000, 0.5693709000)
(0.7914521000, 0.2227935000, 0.5691708000)
(0.7913607000, 0.2215885000, 0.5697693000)
(0.7915403000, 0.2205731000, 0.5699183000)
(0.7909977000, 0.2118247000, 0.5739664000)
(0.7877438000, 0.2128558000, 0.5780526000)
(0.7885556000, 0.2123711000, 0.5771100000)
(0.7886515000, 0.2090070000, 0.5782135000)
(0.7865580000, 0.2308080000, 0.5727564000)
(0.7839561000, 0.2460681000, 0.5699534000)
(0.7829186000, 0.2447058000, 0.5719619000)
(0.7815480000, 0.2420059000, 0.5749836000)
(0.7832428000, 0.2397586000, 0.5736234000)
(0.7855257000, 0.2431376000, 0.5690464000)
(0.7876377000, 0.2423415000, 0.5664651000)
(0.7923903000, 0.2693255000, 0.5473281000)
(0.7953799000, 0.2722886000, 0.5414879000)
(0.7944377000, 0.2708569000, 0.5435955000)
(0.7949505000, 0.2687967000, 0.5438685000)
(0.7907596000, 0.2665091000, 0.5510542000)
(0.7911934000, 0.2669041000, 0.5502347000)
(0.7920266000, 0.2642561000, 0.5503209000)
(0.7881848000, 0.2610815000, 0.5573009000)
(0.7880964000, 0.2590068000, 0.5583913000)
(0.7865735000, 0.2570335000, 0.5614429000)
(0.7871898000, 0.2586873000, 0.5598166000)
(0.7886413000, 0.2372442000, 0.5672294000)
(0.7906701000, 0.2469453000, 0.5602155000)
(0.7958676000, 0.2473489000, 0.5526410000)
(0.7979478000, 0.2476659000, 0.5494736000)
(0.7941943000, 0.2589970000, 0.5497019000)
(0.7989450000, 0.2695343000, 0.5375924000)
(0.7931334000, 0.2730123000, 0.5444224000)
(0.7972088000, 0.2657792000, 0.5420393000)
(0.7983575000, 0.2647385000, 0.5408410000)
(0.7990784000, 0.2644107000, 0.5399492000)
(0.7962254000, 0.2668720000, 0.5429533000)
(0.7953761000, 0.2629784000, 0.5460910000)
(0.7968625000, 0.2618951000, 0.5444435000)
(0.7960842000, 0.2623277000, 0.5453651000)
(0.7946638000, 0.2644029000, 0.5464174000)
(0.7956129000, 0.2644443000, 0.5450285000)
(0.7964458000, 0.2639357000, 0.5440436000)
(0.8025202000, 0.2657562000, 0.5341492000)
(0.8005843000, 0.2644481000, 0.5376837000)
(0.8014317000, 0.2656263000, 0.5358430000)
(0.7919732000, 0.2620384000, 0.5514563000)
(0.7858798000, 0.2647442000, 0.5588370000)
(0.7830740000, 0.2660547000, 0.5621479000)
(0.0000000000, 0.0000000000, 0.0000000000)
(0.0000000000, 0.0000000000, 0.0000000000)
(0.0000000000, 0.0000000000, 0.0000000000)
(0.0000000000, 0.0000000000, 0.0000000000)
(0.0000000000, 0.0000000000, 0.0000000000)
(0.0000000000, 0.0000000000, 0.0000000000)
(0.0000000000, 0.0000000000, 0.0000000000)
(0.0000000000, 0.0000000000, 0.0000000000)
(0.0000000000, 0.0000000000, 0.0000000000)
(0.0000000000, 0.0000000000, 0.0000000000)
(0.0000000000, 0.0000000000, 0.0000000000)
(0.0000000000, 0.0000000000, 0.0000000000)
(0.0000000000, 0.0000000000, 0.0000000000)
(0.0000000000, 0.0000000000, 0.0000000000)
(0.0000000000, 0.0000000000, 0.0000000000)
(0.0000000000, 0.0000000000, 0.0000000000)
(0.0000000000, 0.0000000000, 0.0000000000)
(0.7904443000, 0.1964795000, 0.5801383000)
(0.7924621000, 0.2060805000, 0.5740253000)
(0.7937839000, 0.2061626000, 0.5721803000)
(0.7943293000, 0.2067248000, 0.5712135000)
(0.7943602000, 0.2125579000, 0.5690328000)
(0.7967499000, 0.2148619000, 0.5647959000)
(0.7948573000, 0.2154597000, 0.5672321000)
(0.8002461000, 0.2143193000, 0.5600412000)
(0.7989112000, 0.2253377000, 0.5576269000)
(0.7997106000, 0.2194716000, 0.5588092000)
(0.7992815000, 0.2267155000, 0.5565457000)
(0.8004992000, 0.2207564000, 0.5571783000)
(0.7987581000, 0.2192803000, 0.5602474000)
(0.8004813000, 0.2174402000, 0.5585144000)
(0.7999557000, 0.2287146000, 0.5547496000)
(0.7995892000, 0.2336785000, 0.5531925000)
(0.7987253000, 0.2322871000, 0.5550388000)
(0.7995331000, 0.2307242000, 0.5545253000)
(0.7992705000, 0.2331121000, 0.5539127000)
(0.7967962000, 0.2369656000, 0.5558231000)
(0.7969723000, 0.2337460000, 0.5569317000)
(0.7985696000, 0.2329402000, 0.5549907000)
(0.7987616000, 0.2321162000, 0.5550536000)
(0.8000160000, 0.2419750000, 0.5490049000)
(0.7997575000, 0.2408298000, 0.5498722000)
(0.7985027000, 0.2413986000, 0.5514541000)
(0.7980040000, 0.2418678000, 0.5519594000)
(0.7985631000, 0.2431292000, 0.5505998000)
(0.7980424000, 0.2392709000, 0.5530365000)
(0.7915741000, 0.2181237000, 0.5708149000)
(0.7887693000, 0.2015870000, 0.5806736000)
(0.7880331000, 0.1876129000, 0.5863402000)
(0.7840711000, 0.1656349000, 0.5981498000)
(0.7819941000, 0.1601277000, 0.6023590000)
(0.7818795000, 0.1629612000, 0.6017461000)
(0.7829587000, 0.1632344000, 0.6002662000)
(0.7841423000, 0.1660539000, 0.5979444000)
(0.7836539000, 0.1607806000, 0.6000139000)
(0.7828861000, 0.1591320000, 0.6014439000)
(0.7835244000, 0.1607227000, 0.6002065000)
(0.7782652000, 0.1446938000, 0.6110282000)
(0.7737952000, 0.1370931000, 0.6183981000)
(0.7744246000, 0.1248511000, 0.6202127000)
(0.7688671000, 0.1176229000, 0.6284832000)
(0.7661765000, 0.1183577000, 0.6316142000)
(0.7685886000, 0.1208303000, 0.6282049000)
(0.7674899000, 0.1247781000, 0.6287891000)
(0.7672024000, 0.1242880000, 0.6292238000)
(0.7689000000, 0.1253440000, 0.6269559000)
(0.7699314000, 0.1252747000, 0.6257034000)
(0.7705561000, 0.1322665000, 0.6234841000)
(0.7711926000, 0.1296940000, 0.6232267000)
(0.7717675000, 0.1379163000, 0.6207437000)
(0.7721971000, 0.1363362000, 0.6205577000)
(0.7725753000, 0.1356175000, 0.6202614000)
(0.7773771000, 0.1406030000, 0.6131007000)
(0.7764903000, 0.1411130000, 0.6141018000)
(0.7795957000, 0.1430614000, 0.6097205000)
(0.7822928000, 0.1460956000, 0.6055114000)
(0.7868991000, 0.1551359000, 0.5972460000)
(0.7863202000, 0.1587909000, 0.5970494000)
(0.7862679000, 0.1668037000, 0.5949258000)
(0.7856389000, 0.1692732000, 0.5950710000)
(0.7859943000, 0.1644784000, 0.5959312000)
(0.7806659000, 0.1593861000, 0.6042629000)
(0.7726095000, 0.1670308000, 0.6125077000)
(0.0000000000, 0.0000000000, 0.0000000000)
(0.0000000000, 0.0000000000, 0.0000000000)
(0.0000000000, 0.0000000000, 0.0000000000)
(0.0000000000, 0.0000000000, 0.0000000000)
(0.0000000000, 0.0000000000, 0.0000000000)
(0.0000000000, 0.0000000000, 0.0000000000)
(0.0000000000, 0.0000000000, 0.0000000000)
(0.0000000000, 0.0000000000, 0.0000000000)
(0.0000000000, 0.0000000000, 0.0000000000)
(0.0000000000, 0.0000000000, 0.0000000000)
(0.0000000000, 0.0000000000, 0.0000000000)
(0.0000000000, 0.0000000000, 0.0000000000)
(0.0000000000, 0.0000000000, 0.0000000000)
(0.0000000000, 0.0000000000, 0.0000000000)
(0.0000000000, 0.0000000000, 0.0000000000)
(0.0000000000, 0.0000000000, 0.0000000000)
(0.0000000000, 0.0000000000, 0.0000000000)
(0.0000000000, 0.0000000000, 0.0000000000)
(0.0000000000, 0.0000000000, 0.0000000000)
(0.0000000000, 0.0000000000, 0.0000000000)
(0.0000000000, 0.0000000000, 0.0000000000)
(0.0000000000, 0.0000000000, 0.0000000000)
(0.0000000000, 0.0000000000, 0.0000000000)
(0.7847544000, 0.2040351000, 0.5852382000)
(0.7879020000, 0.2045011000, 0.5808406000)
(0.7861243000, 0.2143749000, 0.5796744000)
(0.7866993000, 0.2206743000, 0.5765412000)
(0.7916608000, 0.2220500000, 0.5691698000)
(0.7884094000, 0.2216107000, 0.5738204000)
(0.7843220000, 0.2236144000, 0.5786243000)
(0.7827554000, 0.2248280000, 0.5802847000)
(0.7803503000, 0.2171111000, 0.5864169000)
(0.7948991000, 0.2160221000, 0.5669563000)
(0.7954718000, 0.2121312000, 0.5676361000)
(0.7979680000, 0.2204456000, 0.5609365000)
(0.7966080000, 0.2154532000, 0.5647798000)
(0.7956095000, 0.2153528000, 0.5662219000)
(0.7959561000, 0.2133741000, 0.5664750000)
(0.7971064000, 0.2074454000, 0.5670645000)
(0.7984328000, 0.2049830000, 0.5660964000)
(0.7970771000, 0.2018427000, 0.5691414000)
(0.7951412000, 0.2006985000, 0.5722368000)
(0.7958369000, 0.2040411000, 0.5700948000)
(0.7956791000, 0.2011124000, 0.5713466000)
(0.7942603000, 0.2037417000, 0.5723712000)
(0.7944471000, 0.2025511000, 0.5725525000)
(0.7899714000, 0.1847975000, 0.5846129000)
(0.0000000000, 0.0000000000, 0.0000000000)
(0.0000000000, 0.0000000000, 0.0000000000)
(0.0000000000, 0.0000000000, 0.0000000000)
(0.0000000000, 0.0000000000, 0.0000000000)
(0.0000000000, 0.0000000000, 0.0000000000)
(0.0000000000, 0.0000000000, 0.0000000000)
(0.0000000000, 0.0000000000, 0.0000000000)
(0.0000000000, 0.0000000000, 0.0000000000)
(0.0000000000, 0.0000000000, 0.0000000000)
(0.0000000000, 0.0000000000, 0.0000000000)
(0.0000000000, 0.0000000000, 0.0000000000)
(0.0000000000, 0.0000000000, 0.0000000000)
(0.0000000000, 0.0000000000, 0.0000000000)
(0.0000000000, 0.0000000000, 0.0000000000)
(0.0000000000, 0.0000000000, 0.0000000000)
(0.0000000000, 0.0000000000, 0.0000000000)
(0.0000000000, 0.0000000000, 0.0000000000)
(0.0000000000, 0.0000000000, 0.0000000000)
(0.0000000000, 0.0000000000, 0.0000000000)
(0.0000000000, 0.0000000000, 0.0000000000)
(0.0000000000, 0.0000000000, 0.0000000000)
(0.7850274000, 0.2028327000, 0.5852897000)
(0.7838477000, 0.1906618000, 0.5909389000)
(0.7845988000, 0.2035258000, 0.5856435000)
(0.7939436000, 0.2083746000, 0.5711622000)
(0.7900997000, 0.1989682000, 0.5797671000)
(0.7951740000, 0.2109496000, 0.5684932000)
(0.8001197000, 0.2076664000, 0.5627401000)
(0.8007138000, 0.2166585000, 0.5584907000)
(0.8016394000, 0.2103895000, 0.5595585000)
(0.8029765000, 0.2130366000, 0.5566108000)
(0.8054375000, 0.2061833000, 0.5556344000)
(0.8003662000, 0.2205677000, 0.5574492000)
(0.8006651000, 0.2181579000, 0.5579554000)
(0.7997819000, 0.2179741000, 0.5593109000)
(0.7991140000, 0.2170653000, 0.5606117000)
(0.8012692000, 0.2165094000, 0.5577336000)
(0.8009583000, 0.2153870000, 0.5586238000)
(0.8037191000, 0.2158404000, 0.5544688000)
(0.8038806000, 0.2170260000, 0.5537566000)
(0.8030977000, 0.2175181000, 0.5547053000)
(0.8032964000, 0.2166793000, 0.5547602000)
(0.8037331000, 0.2158805000, 0.5544273000)
(0.8035363000, 0.2157153000, 0.5547764000)
(0.8035634000, 0.2158831000, 0.5546789000)
(0.7991718000, 0.2139845000, 0.5617203000)
(0.8006647000, 0.2010527000, 0.5643581000)
(0.0000000000, 0.0000000000, 0.0000000000)
(0.0000000000, 0.0000000000, 0.0000000000)
(0.0000000000, 0.0000000000, 0.0000000000)
(0.0000000000, 0.0000000000, 0.0000000000)
(0.0000000000, 0.0000000000, 0.0000000000)
(0.0000000000, 0.0000000000, 0.0000000000)
(0.0000000000, 0.0000000000, 0.0000000000)
(0.0000000000, 0.0000000000, 0.0000000000)
(0.0000000000, 0.0000000000, 0.0000000000)
(0.0000000000, 0.0000000000, 0.0000000000)
(0.0000000000, 0.0000000000, 0.0000000000)
(0.0000000000, 0.0000000000, 0.0000000000)
(0.0000000000, 0.0000000000, 0.0000000000)
(0.0000000000, 0.0000000000, 0.0000000000)
(0.0000000000, 0.0000000000, 0.0000000000)
(0.0000000000, 0.0000000000, 0.0000000000)
(0.0000000000, 0.0000000000, 0.0000000000)
(0.0000000000, 0.0000000000, 0.0000000000)
(0.0000000000, 0.0000000000, 0.0000000000)
(0.0000000000, 0.0000000000, 0.0000000000)
(0.0000000000, 0.0000000000, 0.0000000000)
(0.7828138000, 0.1809366000, 0.5953481000)
(0.7844409000, 0.1885659000, 0.5908300000)
(0.7852721000, 0.1819287000, 0.5918107000)
(0.7862970000, 0.1916644000, 0.5873634000)
(0.7887844000, 0.1841920000, 0.5864080000)
(0.7875781000, 0.1893331000, 0.5863870000)
(0.7874749000, 0.1981402000, 0.5836263000)
(0.7872958000, 0.1971779000, 0.5841769000)
(0.7875941000, 0.1988576000, 0.5831997000)
(0.7876897000, 0.2035634000, 0.5814555000)
(0.7880492000, 0.2037197000, 0.5809234000)
(0.7900429000, 0.2018199000, 0.5788696000)
(0.7909691000, 0.2078510000, 0.5754569000)
(0.7915610000, 0.2142182000, 0.5722994000)
(0.7921169000, 0.2158426000, 0.5709228000)
(0.7892783000, 0.2158300000, 0.5748374000)
(0.7898004000, 0.2223466000, 0.5716278000)
(0.7900795000, 0.2217298000, 0.5714876000)
(0.7909296000, 0.2222396000, 0.5701146000)
(0.7920502000, 0.2238099000, 0.5679244000)
(0.7932312000, 0.2252113000, 0.5657187000)
(0.7942599000, 0.2272808000, 0.5634521000)
(0.7973399000, 0.2359478000, 0.5554770000)
(0.7939806000, 0.2466379000, 0.5556434000)
(0.7973035000, 0.2422796000, 0.5528055000)
(0.7979573000, 0.2428822000, 0.5515904000)
(0.7975823000, 0.2539161000, 0.5471548000)
(0.7968324000, 0.2578144000, 0.5464100000)
(0.7993818000, 0.2553831000, 0.5438251000)
(0.7970497000, 0.2530396000, 0.5483239000)
(0.7983640000, 0.2624508000, 0.5419461000)
(0.7992349000, 0.2619571000, 0.5409212000)
(0.7988103000, 0.2623506000, 0.5413559000)
(0.7971662000, 0.2635489000, 0.5431895000)
(0.7800179000, 0.2371316000, 0.5790840000)
(0.7840060000, 0.2361709000, 0.5740506000)
(0.7835081000, 0.2378928000, 0.5740345000)
(0.7822175000, 0.2413844000, 0.5743250000)
(0.7855108000, 0.2382382000, 0.5711367000)
(0.7806578000, 0.2396186000, 0.5771815000)
(0.7762747000, 0.2353735000, 0.5847824000)
(0.7778525000, 0.2376248000, 0.5817811000)
(0.7808128000, 0.2418293000, 0.5760583000)
(0.7811992000, 0.2417819000, 0.5755504000)
(0.7837350000, 0.2458681000, 0.5703327000)
(0.7870276000, 0.2505172000, 0.5637575000)
(0.7868199000, 0.2521042000, 0.5633160000)
(0.7871164000, 0.2541827000, 0.5619721000)
(0.7878950000, 0.2594143000, 0.5584974000)
(0.7876366000, 0.2624429000, 0.5574428000)
(0.7878420000, 0.2618798000, 0.5573977000)
(0.7884566000, 0.2645856000, 0.5552588000)
(0.7894008000, 0.2675708000, 0.5524817000)
(0.7891670000, 0.2675235000, 0.5528437000)
(0.7891024000, 0.2688413000, 0.5523039000)
(0.7895953000, 0.2712838000, 0.5503763000)
(0.7893336000, 0.2714993000, 0.5506622000)
(0.7849063000, 0.2707341000, 0.5573372000)
(0.7838337000, 0.2723565000, 0.5580306000)
(0.7818604000, 0.2737586000, 0.5601152000)
(0.7839583000, 0.2738727000, 0.5571107000)
(0.7836240000, 0.2738606000, 0.5576093000)
(0.7859615000, 0.2777580000, 0.5523485000)
(0.7853514000, 0.2760106000, 0.5540990000)
(0.7866068000, 0.2757912000, 0.5524153000)
(0.7886057000, 0.2784577000, 0.5482242000)
(0.7847548000, 0.2732089000, 0.5563197000)
(0.7742388000, 0.2344599000, 0.5878557000)
(0.7729334000, 0.2299996000, 0.5913150000)
(0.7748689000, 0.2256782000, 0.5904530000)
(0.7734404000, 0.2267932000, 0.5918846000)
(0.7747598000, 0.2325694000, 0.5879160000)
(0.7721240000, 0.2386379000, 0.5889506000)
(0.7757222000, 0.2336532000, 0.5862031000)
(0.7754864000, 0.2325529000, 0.5869676000)
(0.7766700000, 0.2289765000, 0.5868061000)
(0.7783227000, 0.2256775000, 0.5858792000)
(0.7840326000, 0.2008631000, 0.5873189000)
(0.7856702000, 0.1671496000, 0.5956340000)
(0.7837026000, 0.1558967000, 0.6012443000)
(0.7853523000, 0.1557386000, 0.5991240000)
(0.7838699000, 0.1602812000, 0.5998770000)
(0.7817862000, 0.1567685000, 0.6035024000)
(0.7832370000, 0.1604199000, 0.6006654000)
(0.7845603000, 0.1566606000, 0.5999143000)
(0.7838482000, 0.1652475000, 0.5985434000)
(0.7835501000, 0.1706044000, 0.5974239000)
(0.7859778000, 0.1727493000, 0.5936102000)
(0.7866713000, 0.1839974000, 0.5893004000)
(0.7866415000, 0.1868641000, 0.5884457000)
(0.7886873000, 0.1868762000, 0.5856896000)
(0.7866490000, 0.1870519000, 0.5883697000)
(0.7864911000, 0.1938387000, 0.5863714000)
(0.7874552000, 0.1928180000, 0.5854157000)
(0.7875723000, 0.1982823000, 0.5834397000)
(0.7885969000, 0.1959151000, 0.5828516000)
(0.7884631000, 0.1969507000, 0.5826861000)
(0.7883047000, 0.1990762000, 0.5821640000)
(0.7891155000, 0.2018566000, 0.5801226000)
(0.7888430000, 0.2031291000, 0.5800467000)
(0.7884160000, 0.2084635000, 0.5787181000)
(0.7878435000, 0.2082390000, 0.5795796000)
(0.7837970000, 0.2082557000, 0.5850325000)
(0.7886196000, 0.2000725000, 0.5814124000)
(0.7869011000, 0.1986315000, 0.5842305000)
(0.7903262000, 0.1984850000, 0.5796350000)
(0.7871844000, 0.2037550000, 0.5820606000)
(0.7877609000, 0.2028336000, 0.5816179000)
(0.7884004000, 0.2027415000, 0.5807898000)
(0.7864506000, 0.2130325000, 0.5797385000)
(0.7863904000, 0.2103594000, 0.5808071000)
(0.7912527000, 0.2114837000, 0.5737332000)
(0.7917878000, 0.2112001000, 0.5730995000)
(0.7917666000, 0.2120373000, 0.5728314000)
(0.7917310000, 0.2130634000, 0.5724822000)
(0.7906491000, 0.2142684000, 0.5735278000)
(0.7903289000, 0.2157875000, 0.5734006000)
(0.7907454000, 0.2173787000, 0.5722392000)
(0.7886521000, 0.2258922000, 0.5718356000)
(0.7893158000, 0.2172812000, 0.5742380000)
(0.7875548000, 0.2148873000, 0.5775568000)
(0.7877983000, 0.2138870000, 0.5775941000)
(0.7877085000, 0.2130175000, 0.5780312000)
(0.7879440000, 0.2123134000, 0.5779729000)
(0.7879286000, 0.2170060000, 0.5762515000)
(0.7873962000, 0.2189475000, 0.5762414000)
(0.7878593000, 0.2173157000, 0.5762150000)
(0.7863248000, 0.2166869000, 0.5785506000)
(0.7861231000, 0.2155658000, 0.5792402000)
(0.7858565000, 0.2144610000, 0.5800146000)
(0.7872919000, 0.2081949000, 0.5803442000)
(0.7919480000, 0.2297054000, 0.5657256000)
(0.7954806000, 0.2429807000, 0.5551257000)
(0.7962208000, 0.2449112000, 0.5531995000)
(0.7943354000, 0.2486134000, 0.5542524000)
(0.7977676000, 0.2439245000, 0.5514146000)
(0.7966369000, 0.2340348000, 0.5572909000)
(0.7964277000, 0.2316632000, 0.5585784000)
(0.7960503000, 0.2301913000, 0.5597407000)
(0.7956411000, 0.2296202000, 0.5605386000)
(0.7953748000, 0.2319603000, 0.5599746000)
(0.7947540000, 0.2334808000, 0.5602152000)
(0.7943724000, 0.2308443000, 0.5618356000)
(0.7940142000, 0.2303828000, 0.5625431000)
(0.7929516000, 0.2362641000, 0.5615937000)
(0.7931422000, 0.2660193000, 0.5478451000)
(0.7985297000, 0.2965072000, 0.5238501000)
(0.8026916000, 0.3173197000, 0.5049388000)
(0.7971391000, 0.2915649000, 0.5287090000)
(0.7980033000, 0.2833205000, 0.5318795000)
(0.7941220000, 0.2847646000, 0.5368887000)
(0.8040770000, 0.2832683000, 0.5226874000)
(0.7977911000, 0.2812709000, 0.5332865000)
(0.7893586000, 0.2840593000, 0.5442529000)
(0.7918562000, 0.2772089000, 0.5441656000)
(0.7933789000, 0.2721670000, 0.5444677000)
(0.7900380000, 0.2665991000, 0.5520403000)
(0.7907384000, 0.2651194000, 0.5517598000)
(0.7900191000, 0.2648745000, 0.5528950000)
(0.7900054000, 0.2659185000, 0.5524133000)
(0.7893005000, 0.2684532000, 0.5521905000)
(0.7892168000, 0.2685737000, 0.5522691000)
(0.7889869000, 0.2680667000, 0.5528204000)
(0.7889662000, 0.2674892000, 0.5531539000)
(0.7875826000, 0.2623895000, 0.5575372000)
(0.7814120000, 0.2627603000, 0.5659788000)
(0.7846577000, 0.2590494000, 0.5631971000)
(0.7863966000, 0.2591904000, 0.5606861000)
(0.7850413000, 0.2610985000, 0.5617049000)
(0.7847689000, 0.2605551000, 0.5623541000)
(0.7822903000, 0.2605587000, 0.5657787000)
(0.7861353000, 0.2587356000, 0.5612718000)
(0.7841201000, 0.2544719000, 0.5660126000)
(0.7845799000, 0.2557022000, 0.5648404000)
(0.7841075000, 0.2476784000, 0.5690528000)
(0.7859527000, 0.2499053000, 0.5655189000)
(0.7826894000, 0.2461765000, 0.5716395000)
(0.7821888000, 0.2436016000, 0.5734346000)
(0.7819698000, 0.2421868000, 0.5743284000)
(0.7809060000, 0.2357126000, 0.5784486000)
(0.7800549000, 0.2329036000, 0.5807246000)
(0.7800593000, 0.2327503000, 0.5807970000)
(0.7801312000, 0.2328288000, 0.5806693000)
(0.7841471000, 0.2304620000, 0.5761791000)
(0.7975929000, 0.2540447000, 0.5470724000)
(0.8032960000, 0.2554602000, 0.5380059000)
(0.8005244000, 0.2657790000, 0.5371277000)
(0.7992925000, 0.2606429000, 0.5414624000)
(0.8000180000, 0.2638862000, 0.5388033000)
(0.7961717000, 0.2616729000, 0.5455387000)
(0.7957567000, 0.2608124000, 0.5465761000)
(0.7956976000, 0.2601480000, 0.5469539000)
(0.7957490000, 0.2582762000, 0.5477825000)
(0.7953411000, 0.2588114000, 0.5481112000)
(0.7957398000, 0.2582884000, 0.5477877000)
(0.7953704000, 0.2572881000, 0.5487834000)
(0.7951626000, 0.2565624000, 0.5494360000)
(0.7953735000, 0.2565830000, 0.5491095000)
(0.7951161000, 0.2573712000, 0.5491139000)
(0.7949734000, 0.2578340000, 0.5491076000)
(0.7953112000, 0.2598453000, 0.5476714000)
(0.7952497000, 0.2597126000, 0.5478251000)
(0.7895980000, 0.2624934000, 0.5546275000)
(0.7801607000, 0.2664052000, 0.5660093000)
(0.7790561000, 0.2645542000, 0.5683780000)
(0.7788032000, 0.2656511000, 0.5682166000)
(0.7782812000, 0.2653713000, 0.5690807000)
(0.7799976000, 0.2657730000, 0.5665345000)
(0.7830761000, 0.2661951000, 0.5620616000)
(0.7819681000, 0.2661100000, 0.5636349000)
(0.7813421000, 0.2655137000, 0.5648024000)
(0.7811701000, 0.2658359000, 0.5648875000)
(0.7814833000, 0.2664010000, 0.5641862000)
(0.7814270000, 0.2664504000, 0.5642374000)
(0.7815236000, 0.2667143000, 0.5639629000)
(0.7817640000, 0.2678578000, 0.5630926000)
(0.7815747000, 0.2681310000, 0.5632258000)
(0.7816198000, 0.2685882000, 0.5629476000)
(0.7790248000, 0.2675495000, 0.5670329000)
(0.7777996000, 0.2669183000, 0.5690171000)
(0.7779747000, 0.2674570000, 0.5685253000)
(0.7796235000, 0.2685531000, 0.5657248000)
(0.7906060000, 0.2277763000, 0.5683789000)
(0.7906558000, 0.2117823000, 0.5744609000)
(0.7869309000, 0.1857151000, 0.5884234000)
(0.7861730000, 0.1955279000, 0.5862325000)
(0.7896864000, 0.1957700000, 0.5814278000)
(0.7868277000, 0.1954236000, 0.5854065000)
(0.7877508000, 0.2003081000, 0.5824989000)
(0.7903472000, 0.2019743000, 0.5783896000)
(0.7912028000, 0.2073098000, 0.5753294000)
(0.7907871000, 0.2083933000, 0.5754997000)
(0.7906725000, 0.2082811000, 0.5757070000)
(0.7912460000, 0.2088426000, 0.5747253000)
(0.7912738000, 0.2096699000, 0.5743721000)
(0.7911655000, 0.2115791000, 0.5738214000)
(0.7910803000, 0.2114279000, 0.5739905000)
(0.7906877000, 0.2115592000, 0.5744910000)
(0.7915831000, 0.2121807000, 0.5730259000)
(0.7912033000, 0.2123807000, 0.5734627000)
(0.7902900000, 0.2152748000, 0.5736599000)
(0.7900500000, 0.2087676000, 0.5763828000)
(0.7855954000, 0.2068688000, 0.5831058000)
(0.0000000000, 0.0000000000, 0.0000000000)
(0.0000000000, 0.0000000000, 0.0000000000)
(0.0000000000, 0.0000000000, 0.0000000000)
(0.0000000000, 0.0000000000, 0.0000000000)
(0.0000000000, 0.0000000000, 0.0000000000)
(0.0000000000, 0.0000000000, 0.0000000000)
(0.0000000000, 0.0000000000, 0.0000000000)
(0.0000000000, 0.0000000000, 0.0000000000)
(0.0000000000, 0.0000000000, 0.0000000000)
(0.0000000000, 0.0000000000, 0.0000000000)
(0.0000000000, 0.0000000000, 0.0000000000)
(0.0000000000, 0.0000000000, 0.0000000000)
(0.0000000000, 0.0000000000, 0.0000000000)
(0.0000000000, 0.0000000000, 0.0000000000)
(0.0000000000, 0.0000000000, 0.0000000000)
(0.0000000000, 0.0000000000, 0.0000000000)
(0.0000000000, 0.0000000000, 0.0000000000)
(0.0000000000, 0.0000000000, 0.0000000000)
(0.7867010000, 0.2438747000, 0.5671067000)
(0.7886482000, 0.2389321000, 0.5664927000)
(0.7865424000, 0.2512422000, 0.5641143000)
(0.7896984000, 0.2511903000, 0.5597063000)
(0.7922515000, 0.2562211000, 0.5537711000)
(0.7922584000, 0.2578268000, 0.5530334000)
(0.7910012000, 0.2577326000, 0.5548658000)
(0.7915998000, 0.2580209000, 0.5538739000)
(0.7870808000, 0.2601141000, 0.5593110000)
(0.7914987000, 0.2554710000, 0.5552124000)
(0.7923041000, 0.2549268000, 0.5542887000)
(0.7892514000, 0.2567572000, 0.5577936000)
(0.7870860000, 0.2557633000, 0.5613056000)
(0.7877879000, 0.2568690000, 0.5598064000)
(0.7883332000, 0.2573175000, 0.5588468000)
(0.7889349000, 0.2561700000, 0.5585219000)
(0.7889429000, 0.2548922000, 0.5590807000)
(0.7919502000, 0.2440561000, 0.5596740000)
(0.7910808000, 0.2457165000, 0.5601711000)
(0.7901543000, 0.2502089000, 0.5595072000)
(0.7904579000, 0.2510459000, 0.5586957000)
(0.7925556000, 0.2386088000, 0.5611642000)
(0.7920113000, 0.2316072000, 0.5648518000)
(0.7924976000, 0.2304072000, 0.5646548000)
(0.7916793000, 0.2296885000, 0.5660956000)
(0.7901901000, 0.2274976000, 0.5690685000)
(0.7887744000, 0.2252377000, 0.5719021000)
(0.7882277000, 0.2247756000, 0.5728471000)
(0.7881959000, 0.2226830000, 0.5737166000)
(0.7891259000, 0.2189260000, 0.5738716000)
(0.7817037000, 0.2589257000, 0.5673333000)
(0.7771987000, 0.2623163000, 0.5719497000)
(0.7781569000, 0.2729729000, 0.5656226000)
(0.7796352000, 0.3153080000, 0.5410571000)
(0.7776216000, 0.3199993000, 0.5412023000)
(0.7809669000, 0.3409090000, 0.5233195000)
(0.7802039000, 0.3621350000, 0.5100102000)
(0.7780249000, 0.3625409000, 0.5130546000)
(0.7793474000, 0.3594039000, 0.5132553000)
(0.7782559000, 0.3585805000, 0.5154732000)
(0.7839460000, 0.3485247000, 0.5137452000)
(0.7874433000, 0.3434663000, 0.5118126000)
(0.7881503000, 0.3363663000, 0.5154108000)
(0.7877688000, 0.3297451000, 0.5202754000)
(0.7867736000, 0.3288904000, 0.5223088000)
(0.7859919000, 0.3270416000, 0.5246490000)
(0.7862110000, 0.3241419000, 0.5261176000)
(0.7866285000, 0.3268359000, 0.5238089000)
(0.7864653000, 0.3238849000, 0.5258778000)
(0.7870706000, 0.3290307000, 0.5217820000)
(0.7868753000, 0.3280178000, 0.5226970000)
(0.7870611000, 0.3253075000, 0.5240985000)
(0.7869505000, 0.3239674000, 0.5251080000)
(0.7865348000, 0.3217656000, 0.5270829000)
(0.7862949000, 0.3184126000, 0.5294783000)
(0.7862223000, 0.3176185000, 0.5300547000)
(0.7861868000, 0.3168673000, 0.5305569000)
(0.7852345000, 0.3210222000, 0.5294754000)
(0.7843272000, 0.3166581000, 0.5334142000)
(0.7857069000, 0.3176883000, 0.5307811000)
(0.7866822000, 0.3139964000, 0.5315303000)
(0.7859695000, 0.3106672000, 0.5345272000)
(0.7858913000, 0.3079635000, 0.5361968000)
(0.7846925000, 0.3007323000, 0.5420277000)
(0.7857962000, 0.2989852000, 0.5413991000)
(0.7857927000, 0.2990024000, 0.5413977000)
(0.7874404000, 0.2979743000, 0.5395713000)
(0.7875789000, 0.3001186000, 0.5381719000)
(0.7884167000, 0.3007731000, 0.5365788000)
(0.7880052000, 0.2955704000, 0.5400771000)
(0.7902505000, 0.2858796000, 0.5420030000)
(0.7890595000, 0.2832179000, 0.5451113000)
(0.7927672000, 0.2702959000, 0.5463031000)
(0.7919309000, 0.2688773000, 0.5482125000)
(0.7914354000, 0.2687471000, 0.5490022000)
(0.7882488000, 0.2763464000, 0.5497916000)
(0.7867233000, 0.2748918000, 0.5526961000)
(0.7877204000, 0.2735198000, 0.5519603000)
(0.7911020000, 0.2709795000, 0.5483851000)
(0.7910467000, 0.2713000000, 0.5482916000)
(0.7911511000, 0.2710209000, 0.5482756000)
(0.7907385000, 0.2701912000, 0.5492905000)
(0.7909381000, 0.2699598000, 0.5491036000)
(0.7912158000, 0.2695350000, 0.5489228000)
(0.7910365000, 0.2683924000, 0.5497363000)
(0.7923024000, 0.2718259000, 0.5462164000)
(0.7920128000, 0.2712002000, 0.5469494000)
(0.7925230000, 0.2727206000, 0.5454431000)
(0.7906587000, 0.2770884000, 0.5459387000)
(0.7905262000, 0.2771089000, 0.5461311000)
(0.7899234000, 0.2722133000, 0.5494636000)
(0.7896336000, 0.2723813000, 0.5497888000)
(0.7892678000, 0.2722251000, 0.5504051000)
(0.7888297000, 0.2692617000, 0.5524637000)
(0.7887904000, 0.2693121000, 0.5524979000)
(0.7888470000, 0.2701858000, 0.5519871000)
(0.7887226000, 0.2711450000, 0.5517181000)
(0.7885492000, 0.2734907000, 0.5507972000)
(0.7897351000, 0.2734660000, 0.5490966000)
(0.7936304000, 0.2750300000, 0.5426592000)
(0.7958122000, 0.2749898000, 0.5394869000)
(0.7956424000, 0.2754199000, 0.5395300000)
(0.7950243000, 0.2740071000, 0.5411461000)
(0.7951910000, 0.2741747000, 0.5408230000)
(0.7953401000, 0.2734583000, 0.5409682000)
(0.7948627000, 0.2738045000, 0.5414940000)
(0.7872665000, 0.2703161000, 0.5541919000)
(0.7873010000, 0.2704617000, 0.5540562000)
(0.7927731000, 0.2602567000, 0.5511465000)
(0.7979997000, 0.2570449000, 0.5450653000)
(0.7960104000, 0.2581236000, 0.5474761000)
(0.7964897000, 0.2578548000, 0.5468979000)
(0.7972999000, 0.2576099000, 0.5458212000)
(0.8016419000, 0.2549081000, 0.5407209000)
(0.7999058000, 0.2538985000, 0.5437503000)
(0.7995358000, 0.2529429000, 0.5447474000)
(0.8001560000, 0.2526577000, 0.5439559000)
(0.7955520000, 0.2568853000, 0.5487297000)
(0.7849270000, 0.2634132000, 0.5607935000)
(0.7806809000, 0.2530048000, 0.5714085000)
(0.0000000000, 0.0000000000, 0.0000000000)
(0.0000000000, 0.0000000000, 0.0000000000)
(0.0000000000, 0.0000000000, 0.0000000000)
(0.0000000000, 0.0000000000, 0.0000000000)
(0.0000000000, 0.0000000000, 0.0000000000)
(0.0000000000, 0.0000000000, 0.0000000000)
(0.0000000000, 0.0000000000, 0.0000000000)
(0.0000000000, 0.0000000000, 0.0000000000)
(0.0000000000, 0.0000000000, 0.0000000000)
(0.0000000000, 0.0000000000, 0.0000000000)
(0.0000000000, 0.0000000000, 0.0000000000)
(0.0000000000, 0.0000000000, 0.0000000000)
(0.0000000000, 0.0000000000, 0.0000000000)
(0.0000000000, 0.0000000000, 0.0000000000)
(0.0000000000, 0.0000000000, 0.0000000000)
(0.0000000000, 0.0000000000, 0.0000000000)
(0.0000000000, 0.0000000000, 0.0000000000)
(0.0000000000, 0.0000000000, 0.0000000000)
(0.0000000000, 0.0000000000, 0.0000000000)
(0.0000000000, 0.0000000000, 0.0000000000)
(0.7824516000, 0.3294188000, 0.5284278000)
(0.7829145000, 0.3281845000, 0.5284976000)
(0.7853905000, 0.3348503000, 0.5206028000)
(0.7887408000, 0.3325258000, 0.5170128000)
(0.7889741000, 0.3331449000, 0.5162516000)
(0.7994499000, 0.3302383000, 0.5017995000)
(0.7936409000, 0.3339427000, 0.5085238000)
(0.7955249000, 0.3285784000, 0.5090827000)
(0.7961769000, 0.3283135000, 0.5082390000)
(0.7896447000, 0.3275106000, 0.5188331000)
(0.7823584000, 0.3025075000, 0.5444059000)
(0.7817895000, 0.3018486000, 0.5455925000)
(0.7822622000, 0.2988586000, 0.5465603000)
(0.7795886000, 0.3035612000, 0.5477827000)
(0.7858446000, 0.3041895000, 0.5384253000)
(0.7873989000, 0.3061804000, 0.5350192000)
(0.7872612000, 0.3047251000, 0.5360519000)
(0.7868829000, 0.3042884000, 0.5368510000)
(0.7867746000, 0.3039935000, 0.5371811000)
(0.7869367000, 0.3033257000, 0.5373215000)
(0.7861400000, 0.3034480000, 0.5383998000)
(0.7839037000, 0.3019808000, 0.5424856000)
(0.7812111000, 0.2998228000, 0.5475430000)
(0.7805847000, 0.2984865000, 0.5491576000)
(0.7805823000, 0.2980439000, 0.5493996000)
(0.7799413000, 0.2973813000, 0.5506784000)
(0.7819890000, 0.2944444000, 0.5493470000)
(0.7842075000, 0.2761357000, 0.5556645000)
(0.7778403000, 0.2464169000, 0.5781319000)
(0.7804128000, 0.2437281000, 0.5758039000)
(0.7783940000, 0.2447998000, 0.5780617000)
(0.7794089000, 0.2474737000, 0.5755552000)
(0.7806059000, 0.2485388000, 0.5734784000)
(0.7886461000, 0.2501598000, 0.5616404000)
(0.7910323000, 0.2524533000, 0.5572415000)
(0.7914067000, 0.2562964000, 0.5549595000)
(0.7916435000, 0.2569656000, 0.5543098000)
(0.7914063000, 0.2499339000, 0.5578495000)
(0.7875052000, 0.2434199000, 0.5661848000)
(0.7841113000, 0.2369334000, 0.5735968000)
(0.7733969000, 0.2233911000, 0.5932314000)
(0.7741545000, 0.2181946000, 0.5941865000)
(0.7707061000, 0.1987119000, 0.6054077000)
(0.7672981000, 0.1826991000, 0.6146889000)
(0.7661212000, 0.1815718000, 0.6165091000)
(0.7658435000, 0.1850568000, 0.6158128000)
(0.7745184000, 0.1845236000, 0.6050129000)
(0.7740479000, 0.1846756000, 0.6055794000)
(0.7734849000, 0.1847609000, 0.6062680000)
(0.7748669000, 0.1865446000, 0.6039577000)
(0.7749755000, 0.1833057000, 0.6048117000)
(0.7750471000, 0.1792246000, 0.6059378000)
(0.7734311000, 0.1800370000, 0.6077686000)
(0.7725415000, 0.1784602000, 0.6093631000)
(0.7673591000, 0.1807811000, 0.6151963000)
(0.7657962000, 0.1793507000, 0.6175545000)
(0.7637383000, 0.1767284000, 0.6208574000)
(0.7637923000, 0.1809283000, 0.6195690000)
(0.7630177000, 0.1772099000, 0.6216074000)
(0.7611517000, 0.1815730000, 0.6226151000)
(0.7540728000, 0.1850171000, 0.6301892000)
(0.7547414000, 0.1904995000, 0.6277308000)
(0.7508432000, 0.1926156000, 0.6317483000)
(0.7503016000, 0.1926558000, 0.6323745000)
(0.7506155000, 0.1937856000, 0.6316665000)
(0.7510771000, 0.1920718000, 0.6316450000)
(0.7515601000, 0.1937541000, 0.6305425000)
(0.7511292000, 0.1949452000, 0.6306929000)
(0.7509438000, 0.1976554000, 0.6300868000)
(0.7511974000, 0.2010030000, 0.6287053000)
(0.7500370000, 0.2038020000, 0.6291878000)
(0.7542973000, 0.2080509000, 0.6226752000)
(0.7634214000, 0.2108643000, 0.6104976000)
(0.7678929000, 0.2105933000, 0.6049668000)
(0.7682661000, 0.2220689000, 0.6003558000)
(0.7687741000, 0.2211439000, 0.6000491000)
(0.7695388000, 0.2206911000, 0.5992347000)
(0.7694441000, 0.2206126000, 0.5993763000)
(0.7690232000, 0.2215701000, 0.5995758000)
(0.7683986000, 0.2210166000, 0.6005830000)
(0.7679596000, 0.2191345000, 0.6018348000)
(0.7679708000, 0.2189990000, 0.6018691000)
(0.7681600000, 0.2189863000, 0.6016369000)
(0.7685618000, 0.2196698000, 0.6008669000)
(0.7682911000, 0.2198026000, 0.6011677000)
(0.7679347000, 0.2201698000, 0.6014882000)
(0.7679790000, 0.2231886000, 0.6003271000)
(0.7724703000, 0.2255619000, 0.5936352000)
(0.7751200000, 0.2244064000, 0.5905973000)
(0.7847610000, 0.2134799000, 0.5818486000)
(0.7838349000, 0.2152442000, 0.5824533000)
(0.7836105000, 0.2133809000, 0.5834317000)
(0.7828904000, 0.2218054000, 0.5812541000)
(0.7817402000, 0.2202041000, 0.5834278000)
(0.7818415000, 0.2219321000, 0.5826368000)
(0.7826729000, 0.2237357000, 0.5808224000)
(0.7830662000, 0.2239064000, 0.5802152000)
(0.7828278000, 0.2234784000, 0.5806943000)
(0.7825573000, 0.2210738000, 0.5819867000)
(0.7823288000, 0.2199399000, 0.5827191000)
(0.7824311000, 0.2195446000, 0.5827416000)
(0.7809653000, 0.2202188000, 0.5844486000)
(0.7795067000, 0.2378840000, 0.5794393000)
(0.7805098000, 0.2455870000, 0.5748553000)
(0.7809145000, 0.2578269000, 0.5689360000)
(0.7801321000, 0.2548081000, 0.5713452000)
(0.7765094000, 0.2574606000, 0.5750970000)
(0.7784831000, 0.2369079000, 0.5812174000)
(0.0000000000, 0.0000000000, 0.0000000000)
(0.0000000000, 0.0000000000, 0.0000000000)
(0.0000000000, 0.0000000000, 0.0000000000)
(0.0000000000, 0.0000000000, 0.0000000000)
(0.0000000000, 0.0000000000, 0.0000000000)
(0.0000000000, 0.0000000000, 0.0000000000)
(0.0000000000, 0.0000000000, 0.0000000000)
(0.0000000000, 0.0000000000, 0.0000000000)
(0.0000000000, 0.0000000000, 0.0000000000)
(0.0000000000, 0.0000000000, 0.0000000000)
(0.0000000000, 0.0000000000, 0.0000000000)
(0.0000000000, 0.0000000000, 0.0000000000)
(0.0000000000, 0.0000000000, 0.0000000000)
(0.0000000000, 0.0000000000, 0.0000000000)
(0.0000000000, 0.0000000000, 0.0000000000)
(0.0000000000, 0.0000000000, 0.0000000000)
(0.0000000000, 0.0000000000, 0.0000000000)
(0.7721870000, 0.2761243000, 0.5722449000)
(0.7725891000, 0.2800869000, 0.5697658000)
(0.7727917000, 0.2808070000, 0.5691429000)
(0.7778320000, 0.2788280000, 0.5632192000)
(0.7736220000, 0.2782074000, 0.5692864000)
(0.7767265000, 0.2772315000, 0.5655264000)
(0.7758731000, 0.2729736000, 0.5687542000)
(0.7785649000, 0.2788742000, 0.5621912000)
(0.7796133000, 0.2770571000, 0.5616418000)
(0.7770950000, 0.2786129000, 0.5643476000)
(0.7760739000, 0.2826795000, 0.5637154000)
(0.7727011000, 0.2849275000, 0.5672092000)
(0.7699226000, 0.2863639000, 0.5702518000)
(0.7696671000, 0.2866077000, 0.5704960000)
(0.7683141000, 0.2952124000, 0.5679113000)
(0.7676822000, 0.2973756000, 0.5676540000)
(0.7682675000, 0.2979393000, 0.5665495000)
(0.7682518000, 0.2933161000, 0.5689719000)
(0.7708436000, 0.2946086000, 0.5647899000)
(0.7729023000, 0.2967287000, 0.5608491000)
(0.7614918000, 0.2780973000, 0.5854764000)
(0.0000000000, 0.0000000000, 0.0000000000)
(0.0000000000, 0.0000000000, 0.0000000000)
(0.0000000000, 0.0000000000, 0.0000000000)
(0.0000000000, 0.0000000000, 0.0000000000)
(0.0000000000, 0.0000000000, 0.0000000000)
(0.0000000000, 0.0000000000, 0.0000000000)
(0.0000000000, 0.0000000000, 0.0000000000)
(0.0000000000, 0.0000000000, 0.0000000000)
(0.0000000000, 0.0000000000, 0.0000000000)
(0.0000000000, 0.0000000000, 0.0000000000)
(0.0000000000, 0.0000000000, 0.0000000000)
(0.0000000000, 0.0000000000, 0.0000000000)
(0.0000000000, 0.0000000000, 0.0000000000)
(0.0000000000, 0.0000000000, 0.0000000000)
(0.0000000000, 0.0000000000, 0.0000000000)
(0.7787065000, 0.2915439000, 0.5555092000)
(0.7817069000, 0.2875717000, 0.5533698000)
(0.7837633000, 0.2909006000, 0.5487049000)
(0.7848927000, 0.2781505000, 0.5536888000)
(0.7836698000, 0.2800095000, 0.5544599000)
(0.7845607000, 0.2856114000, 0.5503320000)
(0.7874145000, 0.2819264000, 0.5481505000)
(0.7886913000, 0.2796341000, 0.5474865000)
(0.7897143000, 0.2792712000, 0.5461997000)
(0.7907837000, 0.2805394000, 0.5440062000)
(0.7923324000, 0.2801670000, 0.5419520000)
(0.7911422000, 0.2781344000, 0.5447151000)
(0.7904773000, 0.2797843000, 0.5448367000)
(0.7846128000, 0.2809727000, 0.5526595000)
(0.7785208000, 0.2779110000, 0.5627183000)
(0.7738523000, 0.2769714000, 0.5695674000)
(0.7783045000, 0.2738337000, 0.5650094000)
(0.7777687000, 0.2755339000, 0.5649185000)
(0.7782483000, 0.2783062000, 0.5629079000)
(0.7759789000, 0.2771141000, 0.5666050000)
(0.7753996000, 0.2772579000, 0.5673404000)
(0.7756261000, 0.2790790000, 0.5661244000)
(0.7752021000, 0.2791910000, 0.5666609000)
(0.7757975000, 0.2788884000, 0.5659811000)
(0.7747939000, 0.2794401000, 0.5670957000)
(0.7733096000, 0.2846898000, 0.5665054000)
(0.7775231000, 0.2792816000, 0.5634206000)
(0.7755941000, 0.2794929000, 0.5659621000)
(0.7760358000, 0.2759177000, 0.5671251000)
(0.7730135000, 0.2749558000, 0.5717003000)
(0.7772603000, 0.2706016000, 0.5679955000)
(0.7759577000, 0.2753856000, 0.5674877000)
(0.7742234000, 0.2712012000, 0.5718469000)
(0.7674428000, 0.2518741000, 0.5895606000)
(0.0000000000, 0.0000000000, 0.0000000000)
(0.0000000000, 0.0000000000, 0.0000000000)
(0.0000000000, 0.0000000000, 0.0000000000)
(0.0000000000, 0.0000000000, 0.0000000000)
(0.0000000000, 0.0000000000, 0.0000000000)
(0.0000000000, 0.0000000000, 0.0000000000)
(0.0000000000, 0.0000000000, 0.0000000000)
(0.0000000000, 0.0000000000, 0.0000000000)
(0.0000000000, 0.0000000000, 0.0000000000)
(0.0000000000, 0.0000000000, 0.0000000000)
(0.0000000000, 0.0000000000, 0.0000000000)
(0.0000000000, 0.0000000000, 0.0000000000)
(0.0000000000, 0.0000000000, 0.0000000000)
(0.0000000000, 0.0000000000, 0.0000000000)
(0.0000000000, 0.0000000000, 0.0000000000)
(0.0000000000, 0.0000000000, 0.0000000000)
(0.0000000000, 0.0000000000, 0.0000000000)
(0.0000000000, 0.0000000000, 0.0000000000)
(0.0000000000, 0.0000000000, 0.0000000000)
(0.7701759000, 0.2632906000, 0.5809474000)
(0.7717711000, 0.2715194000, 0.5750033000)
(0.7738649000, 0.2675841000, 0.5740270000)
(0.7724653000, 0.2632451000, 0.5779067000)
(0.7736282000, 0.2640802000, 0.5759838000)
(0.7741817000, 0.2675306000, 0.5736400000)
(0.7747942000, 0.2630685000, 0.5748564000)
(0.7743211000, 0.2695586000, 0.5724810000)
(0.7740955000, 0.2804194000, 0.5675645000)
(0.7741745000, 0.2813576000, 0.5669770000)
(0.7728596000, 0.2742931000, 0.5722280000)
(0.7746734000, 0.2644798000, 0.5743859000)
(0.7738405000, 0.2617396000, 0.5767477000)
(0.7701397000, 0.2614859000, 0.5817933000)
(0.7677332000, 0.2533256000, 0.5885659000)
(0.6481253000, -0.0149436600, 0.7613603000)
(0.0000000000, 0.0000000000, 0.0000000000)
(0.0000000000, 0.0000000000, 0.0000000000)
(0.0000000000, 0.0000000000, 0.0000000000)
(0.0000000000, 0.0000000000, 0.0000000000)
(0.0000000000, 0.0000000000, 0.0000000000)
(0.0000000000, 0.0000000000, 0.0000000000)
(0.0000000000, 0.0000000000, 0.0000000000)
(0.0000000000, 0.0000000000, 0.0000000000)
(0.0000000000, 0.0000000000, 0.0000000000)
(0.0000000000, 0.0000000000, 0.0000000000)
(0.6883073000, 0.0064595550, 0.7253763000)
(0.7683930000, 0.2335684000, 0.5958214000)
(0.7826797000, 0.3125263000, 0.5382552000)
(0.7830825000, 0.3141603000, 0.5367344000)
(0.7837559000, 0.3288519000, 0.5268521000)
(0.7849451000, 0.3160187000, 0.5329056000)
(0.7849803000, 0.3199576000, 0.5304853000)
(0.7895564000, 0.3166151000, 0.5256947000)
(0.7905427000, 0.3182223000, 0.5232347000)
(0.7911422000, 0.3150102000, 0.5242541000)
(0.7851942000, 0.3205993000, 0.5297733000)
(0.7870741000, 0.3183150000, 0.5283809000)
(0.7870826000, 0.3187224000, 0.5281054000)
(0.7882509000, 0.3170822000, 0.5273483000)
(0.7965080000, 0.3263074000, 0.5090005000)
(0.7981259000, 0.3210375000, 0.5098280000)
(0.7973191000, 0.3176238000, 0.5132123000)
(0.7964225000, 0.3156853000, 0.5157930000)
(0.7973743000, 0.3166538000, 0.5137268000)
(0.7969850000, 0.3141419000, 0.5158607000)
(0.7943434000, 0.3204535000, 0.5160521000)
(0.7960541000, 0.3139263000, 0.5174253000)
(0.7946381000, 0.3149911000, 0.5189648000)
(0.7961345000, 0.3137088000, 0.5174237000)
(0.7959529000, 0.3153791000, 0.5166879000)
(0.7963737000, 0.3141755000, 0.5167981000)
(0.7960767000, 0.3135082000, 0.5176318000)
(0.7962011000, 0.3132544000, 0.5175961000)
(0.7964501000, 0.3134183000, 0.5171131000)
(0.7973003000, 0.3137132000, 0.5156304000)
(0.7977654000, 0.3157130000, 0.5137070000)
(0.7977166000, 0.3164070000, 0.5133498000)
(0.7967212000, 0.3139791000, 0.5163799000)
(0.7966128000, 0.3089342000, 0.5195704000)
(0.7950885000, 0.3050534000, 0.5241851000)
(0.7866917000, 0.2888680000, 0.5455735000)
(0.7857652000, 0.2888103000, 0.5469503000)
(0.7839859000, 0.2860388000, 0.5509388000)
(0.7869020000, 0.2861710000, 0.5466999000)
(0.7950601000, 0.2822129000, 0.5368674000)
(0.7973908000, 0.3050158000, 0.5206764000)
(0.8034042000, 0.3084623000, 0.5092853000)
(0.7987307000, 0.3012398000, 0.5208228000)
(0.7953281000, 0.3068318000, 0.5227600000)
(0.7946382000, 0.2983898000, 0.5286782000)
(0.7956245000, 0.2859491000, 0.5340485000)
(0.7962096000, 0.2867154000, 0.5327457000)
(0.7950082000, 0.2861225000, 0.5348601000)
(0.7949842000, 0.2854407000, 0.5352716000)
(0.7948861000, 0.2849210000, 0.5356790000)
(0.7999660000, 0.2994266000, 0.5199779000)
(0.7999706000, 0.2991585000, 0.5201159000)
(0.7999806000, 0.2993390000, 0.5200074000)
(0.7990124000, 0.2955571000, 0.5236539000)
(0.7986366000, 0.2926308000, 0.5258514000)
(0.7986078000, 0.2916273000, 0.5264502000)
(0.7924565000, 0.2761562000, 0.5438109000)
(0.7829892000, 0.2976785000, 0.5461573000)
(0.7822179000, 0.3314540000, 0.5274887000)
(0.7779182000, 0.3340007000, 0.5322218000)
(0.7771018000, 0.3336493000, 0.5336375000)
(0.7794335000, 0.3362950000, 0.5285438000)
(0.7771484000, 0.3302567000, 0.5356736000)
(0.7774982000, 0.3299089000, 0.5353999000)
(0.7781325000, 0.3289647000, 0.5350437000)
(0.7854231000, 0.3060469000, 0.5379797000)
(0.7839078000, 0.3057317000, 0.5403794000)
(0.7806468000, 0.3144947000, 0.5400596000)
(0.7770656000, 0.3162822000, 0.5441579000)
(0.7761809000, 0.3175808000, 0.5446863000)
(0.7752787000, 0.3179493000, 0.5457301000)
(0.7785102000, 0.3116156000, 0.5447940000)
(0.7800847000, 0.3086739000, 0.5442231000)
(0.7805414000, 0.3067408000, 0.5446458000)
(0.7794101000, 0.3052792000, 0.5470827000)
(0.7787876000, 0.3049203000, 0.5481632000)
(0.7786734000, 0.3048466000, 0.5483902000)
(0.7780663000, 0.3044412000, 0.5494787000)
(0.7801614000, 0.2944013000, 0.5519534000)
(0.7817373000, 0.2975193000, 0.5480512000)
(0.7831025000, 0.2998111000, 0.5448416000)
(0.7824998000, 0.3012509000, 0.5449018000)
(0.7828544000, 0.2996793000, 0.5452669000)
(0.7917059000, 0.2622572000, 0.5517437000)
(0.7898245000, 0.2532016000, 0.5586212000)
(0.7888545000, 0.2508369000, 0.5610483000)
(0.7881962000, 0.2471816000, 0.5635992000)
(0.7877411000, 0.2446447000, 0.5653281000)
(0.7872270000, 0.2421865000, 0.5671118000)
(0.7848520000, 0.2478071000, 0.5679569000)
(0.7850351000, 0.2448789000, 0.5689822000)
(0.7876487000, 0.2443881000, 0.5655771000)
(0.7908239000, 0.2390595000, 0.5634025000)
(0.7892301000, 0.2395071000, 0.5654549000)
(0.7919811000, 0.2392134000, 0.5617283000)
(0.7928441000, 0.2382489000, 0.5609228000)
(0.7941362000, 0.2358273000, 0.5600910000)
(0.7939074000, 0.2353753000, 0.5606167000)
(0.7908826000, 0.2263013000, 0.5685762000)
(0.7904356000, 0.2222449000, 0.5707802000)
(0.7951464000, 0.2383786000, 0.5575808000)
(0.7924322000, 0.2470412000, 0.5576677000)
(0.7895855000, 0.2440693000, 0.5630038000)
(0.7916443000, 0.2457387000, 0.5593564000)
(0.7926676000, 0.2445333000, 0.5584483000)
(0.7928860000, 0.2422874000, 0.5591123000)
(0.7926236000, 0.2400520000, 0.5604544000)
(0.7927436000, 0.2388398000, 0.5607994000)
(0.7928156000, 0.2389750000, 0.5606261000)
(0.7929609000, 0.2387900000, 0.5605143000)
(0.7932219000, 0.2372396000, 0.5608111000)
(0.7937104000, 0.2379730000, 0.5597897000)
(0.7939683000, 0.2389511000, 0.5590204000)
(0.7937437000, 0.2244710000, 0.5652938000)
(0.7908610000, 0.2249394000, 0.5691453000)
(0.7903903000, 0.2272409000, 0.5688806000)
(0.7876964000, 0.2682246000, 0.5545847000)
(0.7876397000, 0.2756578000, 0.5510260000)
(0.7858136000, 0.2808158000, 0.5510179000)
(0.7871443000, 0.2745984000, 0.5522618000)
(0.7864578000, 0.2705279000, 0.5552285000)
(0.7888903000, 0.2661204000, 0.5539175000)
(0.7882079000, 0.2699197000, 0.5530326000)
(0.7872662000, 0.2631716000, 0.5576034000)
(0.7870697000, 0.2624819000, 0.5582218000)
(0.7869403000, 0.2600157000, 0.5595515000)
(0.7864283000, 0.2606623000, 0.5599710000)
(0.7862960000, 0.2573207000, 0.5617036000)
(0.7851236000, 0.2542750000, 0.5647085000)
(0.7847838000, 0.2547292000, 0.5649890000)
(0.7846950000, 0.2535567000, 0.5656391000)
(0.7831734000, 0.2538239000, 0.5676306000)
(0.7829998000, 0.2498814000, 0.5696146000)
(0.7829653000, 0.2470474000, 0.5708902000)
(0.7822857000, 0.2491563000, 0.5708945000)
(0.7820491000, 0.2482773000, 0.5716177000)
(0.7818348000, 0.2474267000, 0.5722763000)
(0.7811772000, 0.2527964000, 0.5708144000)
(0.7806711000, 0.2529925000, 0.5714207000)
(0.7799792000, 0.2513884000, 0.5730703000)
(0.7791600000, 0.2483522000, 0.5755222000)
(0.7793007000, 0.2484108000, 0.5752949000)
(0.7802394000, 0.2403030000, 0.5774574000)
(0.7936700000, 0.2416548000, 0.5582737000)
(0.7936983000, 0.2349884000, 0.5610616000)
(0.7932844000, 0.2367411000, 0.5609214000)
(0.7930227000, 0.2379516000, 0.5607866000)
(0.7933747000, 0.2380784000, 0.5602220000)
(0.7935260000, 0.2381346000, 0.5599941000)
(0.7932198000, 0.2378496000, 0.5605611000)
(0.7932433000, 0.2385948000, 0.5602012000)
(0.7932127000, 0.2385906000, 0.5602434000)
(0.7931486000, 0.2395597000, 0.5599176000)
(0.7925687000, 0.2417180000, 0.5598149000)
(0.7930940000, 0.2411502000, 0.5593216000)
(0.7928595000, 0.2407911000, 0.5598042000)
(0.7935009000, 0.2448703000, 0.5571048000)
(0.7920151000, 0.2414463000, 0.5607004000)
(0.7851642000, 0.2348953000, 0.5729996000)
(0.7814430000, 0.2198701000, 0.5839477000)
(0.7769133000, 0.1892767000, 0.6004739000)
(0.7674944000, 0.1738550000, 0.6170194000)
(0.7642235000, 0.1517085000, 0.6268458000)
(0.7572597000, 0.1410558000, 0.6376773000)
(0.7542443000, 0.1283067000, 0.6439262000)
(0.7557863000, 0.1176438000, 0.6441531000)
(0.7539549000, 0.1159126000, 0.6466046000)
(0.7513947000, 0.1223487000, 0.6484038000)
(0.7540616000, 0.1213045000, 0.6454945000)
(0.7569692000, 0.1197073000, 0.6423839000)
(0.7576574000, 0.1243936000, 0.6406641000)
(0.7589956000, 0.1231885000, 0.6393107000)
(0.7595022000, 0.1227459000, 0.6388069000)
(0.7591764000, 0.1131243000, 0.6409687000)
(0.7567160000, 0.1070620000, 0.6448985000)
(0.7581270000, 0.1111774000, 0.6425426000)
(0.7583119000, 0.1124357000, 0.6421086000)
(0.7576644000, 0.1177845000, 0.6419094000)
(0.7575032000, 0.1234189000, 0.6410434000)
(0.7580050000, 0.1258602000, 0.6399851000)
(0.7586672000, 0.1266368000, 0.6390464000)
(0.7596426000, 0.1342290000, 0.6363188000)
(0.7606891000, 0.1337146000, 0.6351779000)
(0.7608802000, 0.1332769000, 0.6350366000)
(0.7604298000, 0.1360088000, 0.6350091000)
(0.7607952000, 0.1379293000, 0.6341529000)
(0.7591149000, 0.1389358000, 0.6359385000)
(0.7493381000, 0.1345687000, 0.6483541000)
(0.7481293000, 0.1337987000, 0.6499013000)
(0.7472404000, 0.1360033000, 0.6504855000)
(0.7491059000, 0.1384118000, 0.6478200000)
(0.7484245000, 0.1394730000, 0.6483823000)
(0.7493511000, 0.1406767000, 0.6470374000)
(0.7492213000, 0.1435293000, 0.6465579000)
(0.7493277000, 0.1416857000, 0.6468588000)
(0.7508542000, 0.1461469000, 0.6440935000)
(0.7512199000, 0.1485518000, 0.6430953000)
(0.7513224000, 0.1487593000, 0.6429459000)
(0.7512188000, 0.1486501000, 0.6430887000)
(0.7577618000, 0.1710187000, 0.6297123000)
(0.7576823000, 0.1742738000, 0.6289057000)
(0.7547069000, 0.1789214000, 0.6311772000)
(0.7529150000, 0.1801257000, 0.6329792000)
(0.7557014000, 0.1807314000, 0.6294587000)
(0.7606562000, 0.1801659000, 0.6236433000)
(0.7709927000, 0.1731938000, 0.6128255000)
(0.7720385000, 0.1671216000, 0.6132033000)
(0.7709344000, 0.1694422000, 0.6139613000)
(0.7692722000, 0.1752248000, 0.6144046000)
(0.7700277000, 0.1746307000, 0.6136264000)
(0.7704512000, 0.1745055000, 0.6131361000)
(0.7717926000, 0.1801051000, 0.6098258000)
(0.7718666000, 0.1806842000, 0.6095626000)
(0.7723362000, 0.1838425000, 0.6080114000)
(0.7725962000, 0.1845990000, 0.6074509000)
(0.7724342000, 0.1854429000, 0.6073987000)
(0.7722481000, 0.1862772000, 0.6073853000)
(0.7737227000, 0.1863737000, 0.6054694000)
(0.7763946000, 0.2015429000, 0.5971429000)
(0.7771105000, 0.2000477000, 0.5967128000)
(0.7781007000, 0.2060488000, 0.5933676000)
(0.7736403000, 0.2061571000, 0.5991249000)
(0.7681525000, 0.1832490000, 0.6134733000)
(0.0000000000, 0.0000000000, 0.0000000000)
(0.0000000000, 0.0000000000, 0.0000000000)
(0.0000000000, 0.0000000000, 0.0000000000)
(0.0000000000, 0.0000000000, 0.0000000000)
(0.0000000000, 0.0000000000, 0.0000000000)
(0.0000000000, 0.0000000000, 0.0000000000)
(0.0000000000, 0.0000000000, 0.0000000000)
(0.0000000000, 0.0000000000, 0.0000000000)
(0.0000000000, 0.0000000000, 0.0000000000)
(0.0000000000, 0.0000000000, 0.0000000000)
(0.0000000000, 0.0000000000, 0.0000000000)
(0.0000000000, 0.0000000000, 0.0000000000)
(0.0000000000, 0.0000000000, 0.0000000000)
(0.0000000000, 0.0000000000, 0.0000000000)
(0.0000000000, 0.0000000000, 0.0000000000)
(0.0000000000, 0.0000000000, 0.0000000000)
(0.0000000000, 0.0000000000, 0.0000000000)
(0.0000000000, 0.0000000000, 0.0000000000)
(0.0000000000, 0.0000000000, 0.0000000000)
(0.0000000000, 0.0000000000, 0.0000000000)
(0.7537485000, 0.2237674000, 0.6178688000)
(0.7552947000, 0.2172292000, 0.6183259000)
(0.7576351000, 0.2252405000, 0.6125733000)
(0.7575631000, 0.2214267000, 0.6140339000)
(0.7647468000, 0.2232830000, 0.6043833000)
(0.7601898000, 0.2304026000, 0.6074665000)
(0.7605277000, 0.2323033000, 0.6063237000)
(0.7607652000, 0.2263541000, 0.6082703000)
(0.7642863000, 0.2264863000, 0.6037869000)
(0.7659705000, 0.2263539000, 0.6017020000)
(0.7669642000, 0.2410037000, 0.5946929000)
(0.7732557000, 0.2360682000, 0.5885115000)
(0.0000000000, 0.0000000000, 0.0000000000)
(0.0000000000, 0.0000000000, 0.0000000000)
(0.0000000000, 0.0000000000, 0.0000000000)
(0.0000000000, 0.0000000000, 0.0000000000)
(0.0000000000, 0.0000000000, 0.0000000000)
(0.0000000000, 0.0000000000, 0.0000000000)
(0.0000000000, 0.0000000000, 0.0000000000)
(0.0000000000, 0.0000000000, 0.0000000000)
(0.0000000000, 0.0000000000, 0.0000000000)
(0.0000000000, 0.0000000000, 0.0000000000)
(0.0000000000, 0.0000000000, 0.0000000000)
(0.0000000000, 0.0000000000, 0.0000000000)
(0.0000000000, 0.0000000000, 0.0000000000)
(0.0000000000, 0.0000000000, 0.0000000000)
(0.0000000000, 0.0000000000, 0.0000000000)
(0.0000000000, 0.0000000000, 0.0000000000)
(0.0000000000, 0.0000000000, 0.0000000000)
(0.0000000000, 0.0000000000, 0.0000000000)
(0.0000000000, 0.0000000000, 0.0000000000)
(0.0000000000, 0.0000000000, 0.0000000000)
(0.0000000000, 0.0000000000, 0.0000000000)
(0.0000000000, 0.0000000000, 0.0000000000)
(0.7619622000, 0.2903408000, 0.5788753000)
(0.7759455000, 0.2688414000, 0.5706244000)
(0.7738585000, 0.2696950000, 0.5730579000)
(0.7732303000, 0.2615253000, 0.5776618000)
(0.7801209000, 0.2500077000, 0.5734882000)
(0.7810526000, 0.2484695000, 0.5729017000)
(0.7773110000, 0.2563182000, 0.5745127000)
(0.7791466000, 0.2503797000, 0.5746598000)
(0.7789605000, 0.2502764000, 0.5749382000)
(0.7799462000, 0.2549663000, 0.5715484000)
(0.7802627000, 0.2566052000, 0.5703718000)
(0.7797511000, 0.2574066000, 0.5707123000)
(0.7757410000, 0.2617957000, 0.5741839000)
(0.7694692000, 0.2646812000, 0.5812424000)
(0.7689627000, 0.2655462000, 0.5815261000)
(0.7673188000, 0.2672536000, 0.5829079000)
(0.7692972000, 0.2642348000, 0.5816659000)
(0.7674111000, 0.2675647000, 0.5826397000)
(0.7689654000, 0.2699161000, 0.5795022000)
(0.7688301000, 0.2690415000, 0.5800923000)
(0.7687354000, 0.2682065000, 0.5805876000)
(0.7688926000, 0.2718768000, 0.5786831000)
(0.7698432000, 0.2724369000, 0.5771518000)
(0.7689969000, 0.2742686000, 0.5774142000)
(0.7672151000, 0.2710594000, 0.5812741000)
(0.7667973000, 0.2690565000, 0.5827722000)
(0.7667267000, 0.2661993000, 0.5841804000)
(0.7655956000, 0.2652917000, 0.5860550000)
(0.7662589000, 0.2645178000, 0.5855424000)
(0.7605672000, 0.2667170000, 0.5919275000)
(0.7571514000, 0.2467621000, 0.6048281000)
(0.7567043000, 0.2480546000, 0.6048486000)
(0.7578939000, 0.2568537000, 0.5996744000)
(0.7597883000, 0.2547562000, 0.5981607000)
(0.7587281000, 0.2543736000, 0.5996794000)
(0.7561530000, 0.2523205000, 0.6037864000)
(0.7585094000, 0.2542558000, 0.6000052000)
(0.7602828000, 0.2529311000, 0.5983034000)
(0.7457187000, 0.2228251000, 0.6278710000)
(0.0000000000, 0.0000000000, 0.0000000000)
(0.0000000000, 0.0000000000, 0.0000000000)
(0.0000000000, 0.0000000000, 0.0000000000)
(0.0000000000, 0.0000000000, 0.0000000000)
(0.0000000000, 0.0000000000, 0.0000000000)
(0.0000000000, 0.0000000000, 0.0000000000)
(0.0000000000, 0.0000000000, 0.0000000000)
(0.0000000000, 0.0000000000, 0.0000000000)
(0.0000000000, 0.0000000000, 0.0000000000)
(0.0000000000, 0.0000000000, 0.0000000000)
(0.0000000000, 0.0000000000, 0.0000000000)
(0.0000000000, 0.0000000000, 0.0000000000)
(0.0000000000, 0.0000000000, 0.0000000000)
(0.0000000000, 0.0000000000, 0.0000000000)
(0.0000000000, 0.0000000000, 0.0000000000)
(0.0000000000, 0.0000000000, 0.0000000000)
(0.0000000000, 0.0000000000, 0.0000000000)
(0.0000000000, 0.0000000000, 0.0000000000)
(0.0000000000, 0.0000000000, 0.0000000000)
(0.0000000000, 0.0000000000, 0.0000000000)
(0.7390658000, 0.2249434000, 0.6349528000)
(0.7396905000, 0.2300467000, 0.6324030000)
(0.7374943000, 0.2298639000, 0.6350104000)
(0.7446243000, 0.2321389000, 0.6257976000)
(0.7490088000, 0.2316836000, 0.6207100000)
(0.7541761000, 0.2324798000, 0.6141335000)
(0.7500953000, 0.2304791000, 0.6198419000)
(0.7497020000, 0.2308301000, 0.6202019000)
(0.7471713000, 0.2312101000, 0.6231002000)
(0.7462261000, 0.2342705000, 0.6230973000)
(0.7430760000, 0.2301595000, 0.6283634000)
(0.7389261000, 0.2339846000, 0.6318291000)
(0.7319064000, 0.2342594000, 0.6398538000)
(0.7350615000, 0.2331588000, 0.6366431000)
(0.7341627000, 0.2260605000, 0.6402123000)
(0.7307890000, 0.2281879000, 0.6433269000)
(0.7351319000, 0.2498824000, 0.6301809000)
(0.7411149000, 0.2503767000, 0.6229392000)
(0.7419048000, 0.2465190000, 0.6235177000)
(0.7408509000, 0.2180098000, 0.6352923000)
(0.0000000000, 0.0000000000, 0.0000000000)
(0.0000000000, 0.0000000000, 0.0000000000)
(0.0000000000, 0.0000000000, 0.0000000000)
(0.0000000000, 0.0000000000, 0.0000000000)
(0.0000000000, 0.0000000000, 0.0000000000)
(0.0000000000, 0.0000000000, 0.0000000000)
(0.0000000000, 0.0000000000, 0.0000000000)
(0.0000000000, 0.0000000000, 0.0000000000)
(0.0000000000, 0.0000000000, 0.0000000000)
(0.0000000000, 0.0000000000, 0.0000000000)
(0.0000000000, 0.0000000000, 0.0000000000)
(0.0000000000, 0.0000000000, 0.0000000000)
(0.0000000000, 0.0000000000, 0.0000000000)
(0.0000000000, 0.0000000000, 0.0000000000)
(0.0000000000, 0.0000000000, 0.0000000000)
(0.0000000000, 0.0000000000, 0.0000000000)
(0.0000000000, 0.0000000000, 0.0000000000)
(0.0000000000, 0.0000000000, 0.0000000000)
(0.0000000000, 0.0000000000, 0.0000000000)
(0.0000000000, 0.0000000000, 0.0000000000)
(0.0000000000, 0.0000000000, 0.0000000000)
(0.0000000000, 0.0000000000, 0.0000000000)
(0.7508792000, 0.2995344000, 0.5885944000)
(0.7505696000, 0.3062806000, 0.5855011000)
(0.7572097000, 0.3050716000, 0.5775399000)
(0.7648937000, 0.3028034000, 0.5685429000)
(0.7671184000, 0.3049505000, 0.5643820000)
(0.7669226000, 0.3059815000, 0.5640695000)
(0.7673486000, 0.3072885000, 0.5627849000)
(0.7667241000, 0.3062987000, 0.5641919000)
(0.7663206000, 0.3052987000, 0.5652704000)
(0.7667340000, 0.3033987000, 0.5657374000)
(0.7665483000, 0.3034055000, 0.5659744000)
(0.7627768000, 0.3031735000, 0.5711775000)
(0.7697437000, 0.3005280000, 0.5631685000)
(0.7685806000, 0.3052608000, 0.5622221000)
(0.7679391000, 0.3031821000, 0.5642209000)
(0.7691195000, 0.3024052000, 0.5630092000)
(0.7699934000, 0.3032462000, 0.5613822000)
(0.7707925000, 0.3032041000, 0.5602865000)
(0.7706804000, 0.3038510000, 0.5601028000)
(0.7701881000, 0.3036381000, 0.5608921000)
(0.7699573000, 0.3028410000, 0.5616280000)
(0.7697163000, 0.3026981000, 0.5620355000)
(0.7697225000, 0.3026363000, 0.5620598000)
(0.7695675000, 0.3027336000, 0.5622258000)
(0.7684079000, 0.3034569000, 0.5634151000)
(0.7679288000, 0.3034467000, 0.5640929000)
(0.7688218000, 0.3039553000, 0.5625815000)
(0.7691309000, 0.3034293000, 0.5624475000)
(0.7693689000, 0.3045990000, 0.5614864000)
(0.7688939000, 0.3053093000, 0.5617481000)
(0.7681313000, 0.3039793000, 0.5635096000)
(0.7696304000, 0.3020362000, 0.5625252000)
(0.7670381000, 0.2961835000, 0.5691440000)
(0.7716326000, 0.2662783000, 0.5776273000)
(0.7695871000, 0.2633854000, 0.5816684000)
(0.7726325000, 0.2598584000, 0.5792090000)
(0.7717103000, 0.2585994000, 0.5810051000)
(0.7723051000, 0.2626665000, 0.5783999000)
(0.7722635000, 0.2639554000, 0.5778444000)
(0.7720309000, 0.2628873000, 0.5786525000)
(0.7724687000, 0.2651184000, 0.5770375000)
(0.7732803000, 0.2647191000, 0.5761484000)
(0.7730286000, 0.2642044000, 0.5767167000)
(0.7728404000, 0.2619529000, 0.5780002000)
(0.7727886000, 0.2608422000, 0.5785757000)
(0.7732176000, 0.2678052000, 0.5748092000)
(0.7696733000, 0.2657103000, 0.5805060000)
(0.7677144000, 0.2646621000, 0.5835685000)
(0.7680874000, 0.2673916000, 0.5818279000)
(0.7670391000, 0.2650231000, 0.5842969000)
(0.7660580000, 0.2634068000, 0.5863191000)
(0.7676228000, 0.2623061000, 0.5847439000)
(0.7683044000, 0.2632482000, 0.5834324000)
(0.7691443000, 0.2641881000, 0.5819076000)
(0.7699421000, 0.2681528000, 0.5790109000)
(0.7701575000, 0.2690744000, 0.5783122000)
(0.7696508000, 0.2704212000, 0.5783648000)
(0.7670301000, 0.2717210000, 0.5812100000)
(0.7667494000, 0.2707040000, 0.5820630000)
(0.7668316000, 0.2697752000, 0.5823830000)
(0.7668889000, 0.2744311000, 0.5801393000)
(0.7672169000, 0.2789625000, 0.5775441000)
(0.7694698000, 0.2804662000, 0.5737996000)
(0.7717693000, 0.2824377000, 0.5697204000)
(0.7717485000, 0.2874138000, 0.5672673000)
(0.7756595000, 0.2770291000, 0.5670869000)
(0.7738152000, 0.2800265000, 0.5681306000)
(0.7747384000, 0.2790799000, 0.5673397000)
(0.7755229000, 0.2789952000, 0.5663196000)
(0.7750035000, 0.2797244000, 0.5666674000)
(0.7745051000, 0.2810304000, 0.5666972000)
(0.7748116000, 0.2840143000, 0.5647862000)
(0.7765701000, 0.2887990000, 0.5599125000)
(0.7763435000, 0.2883659000, 0.5604582000)
(0.7762156000, 0.2878710000, 0.5609024000)
(0.7747278000, 0.2820235000, 0.5659057000)
(0.7748209000, 0.2816729000, 0.5659593000)
(0.7749410000, 0.2817304000, 0.5657495000)
(0.7734954000, 0.2895379000, 0.5637863000)
(0.7730393000, 0.2864925000, 0.5659678000)
(0.7710949000, 0.2858010000, 0.5689685000)
(0.7711208000, 0.2854133000, 0.5691150000)
(0.7712065000, 0.2888623000, 0.5672667000)
(0.7715364000, 0.2901428000, 0.5661666000)
(0.7710759000, 0.2894740000, 0.5671141000)
(0.7712066000, 0.2881887000, 0.5675951000)
(0.7713808000, 0.2876191000, 0.5676506000)
(0.7714207000, 0.2876543000, 0.5675864000)
(0.7715037000, 0.2883835000, 0.5671080000)
(0.7712674000, 0.2876058000, 0.5677993000)
(0.7713464000, 0.2876424000, 0.5676876000)
(0.7704574000, 0.2912277000, 0.5670786000)
(0.7707748000, 0.2952122000, 0.5645775000)
(0.7749294000, 0.2989464000, 0.5568588000)
(0.7745866000, 0.2951134000, 0.5593901000)
(0.7730400000, 0.2953199000, 0.5614058000)
(0.7735820000, 0.2948537000, 0.5609012000)
(0.7734804000, 0.2942252000, 0.5613741000)
(0.7743173000, 0.2905178000, 0.5621557000)
(0.7777880000, 0.2937807000, 0.5556306000)
(0.7778006000, 0.2924519000, 0.5563205000)
(0.7774965000, 0.2898903000, 0.5580670000)
(0.7759688000, 0.2924274000, 0.5588670000)
(0.7761070000, 0.2926062000, 0.5585984000)
(0.7763470000, 0.2922690000, 0.5584457000)
(0.7760578000, 0.2922730000, 0.5588450000)
(0.7752951000, 0.2935137000, 0.5592326000)
(0.7756286000, 0.2939492000, 0.5585378000)
(0.7760992000, 0.2936411000, 0.5580466000)
(0.7753415000, 0.2920006000, 0.5599668000)
(0.7757927000, 0.2944844000, 0.5580454000)
(0.7750196000, 0.2914772000, 0.5606900000)
(0.7749111000, 0.2934704000, 0.5597879000)
(0.7773230000, 0.2927819000, 0.5568087000)
(0.7766927000, 0.2863356000, 0.5610106000)
(0.7774827000, 0.2849347000, 0.5606411000)
(0.7772290000, 0.2845091000, 0.5612127000)
(0.7777175000, 0.2829984000, 0.5613018000)
(0.7774692000, 0.2831616000, 0.5615654000)
(0.7742671000, 0.2821872000, 0.5664590000)
(0.7781316000, 0.2893781000, 0.5574450000)
(0.7773265000, 0.2900997000, 0.5581992000)
(0.7768777000, 0.2896835000, 0.5590345000)
(0.7768923000, 0.2875024000, 0.5601509000)
(0.7765586000, 0.2875338000, 0.5605855000)
(0.7763935000, 0.2874077000, 0.5608789000)
(0.7770640000, 0.2855483000, 0.5609007000)
(0.7770754000, 0.2829969000, 0.5621756000)
(0.7783641000, 0.2823942000, 0.5606994000)
(0.7779754000, 0.2804535000, 0.5622025000)
(0.7780702000, 0.2795246000, 0.5625320000)
(0.7779970000, 0.2798225000, 0.5624895000)
(0.7774989000, 0.2776102000, 0.5642719000)
(0.7774849000, 0.2749494000, 0.5656126000)
(0.7772391000, 0.2727190000, 0.5670198000)
(0.7767344000, 0.2878342000, 0.5602037000)
(0.7834969000, 0.2920765000, 0.5484444000)
(0.7893131000, 0.2900111000, 0.5411720000)
(0.7869107000, 0.2969676000, 0.5408847000)
(0.7898815000, 0.2920563000, 0.5392320000)
(0.7885289000, 0.2924980000, 0.5409855000)
(0.7877272000, 0.2909398000, 0.5429849000)
(0.7872036000, 0.2915372000, 0.5434052000)
(0.7876105000, 0.2904436000, 0.5434033000)
(0.7878774000, 0.2908145000, 0.5428222000)
(0.7880245000, 0.2908540000, 0.5426010000)
(0.7874317000, 0.2895423000, 0.5441621000)
(0.7872741000, 0.2888311000, 0.5447560000)
(0.7877666000, 0.2891670000, 0.5438777000)
(0.7876903000, 0.2889248000, 0.5441037000)
(0.7942536000, 0.2931450000, 0.5321625000)
(0.7939786000, 0.2934649000, 0.5324064000)
(0.7907828000, 0.3005979000, 0.5331851000)
(0.7724640000, 0.3020220000, 0.5586289000)
(0.7733953000, 0.2958937000, 0.5606176000)
(0.7719707000, 0.3019879000, 0.5593309000)
(0.7756110000, 0.2993981000, 0.5556642000)
(0.7746070000, 0.3004692000, 0.5565034000)
(0.7746288000, 0.3002676000, 0.5565802000)
(0.7752972000, 0.3001042000, 0.5557426000)
(0.7751330000, 0.3005081000, 0.5557290000)
(0.7751798000, 0.3009214000, 0.5554530000)
(0.7753748000, 0.3010304000, 0.5551083000)
(0.7802248000, 0.3037576000, 0.5467874000)
(0.7789002000, 0.3010897000, 0.5501288000)
(0.7847184000, 0.2517837000, 0.5663865000)
(0.7730106000, 0.2379215000, 0.5880839000)
(0.7751064000, 0.2021081000, 0.5986246000)
(0.7643529000, 0.1481334000, 0.6275324000)
(0.7598162000, 0.1448524000, 0.6337693000)
(0.7523950000, 0.1294932000, 0.6458460000)
(0.7426669000, 0.1030707000, 0.6616652000)
(0.7457173000, 0.0903721400, 0.6600926000)
(0.7429566000, 0.0903203600, 0.6631987000)
(0.7386550000, 0.0947646600, 0.6673838000)
(0.7445273000, 0.0941859400, 0.6609062000)
(0.7497548000, 0.0996372500, 0.6541487000)
(0.7496377000, 0.1014740000, 0.6539998000)
(0.7526379000, 0.1047454000, 0.6500349000)
(0.7493419000, 0.1027995000, 0.6541284000)
(0.7504578000, 0.1084808000, 0.6519480000)
(0.7565900000, 0.1103378000, 0.6444999000)
(0.7565286000, 0.1104557000, 0.6445541000)
(0.7584896000, 0.1216330000, 0.6402202000)
(0.7601247000, 0.1273420000, 0.6371519000)
(0.7589930000, 0.1285843000, 0.6382554000)
(0.7597111000, 0.1343071000, 0.6362250000)
(0.7604389000, 0.1377294000, 0.6346262000)
(0.7615389000, 0.1395169000, 0.6329030000)
(0.7630432000, 0.1471290000, 0.6293588000)
(0.7626545000, 0.1511425000, 0.6288874000)
(0.7629178000, 0.1534113000, 0.6280078000)
(0.7643031000, 0.1597817000, 0.6247380000)
(0.7648873000, 0.1611390000, 0.6236678000)
(0.7663323000, 0.1638057000, 0.6212055000)
(0.7656167000, 0.1656460000, 0.6215827000)
(0.7663670000, 0.1674991000, 0.6201673000)
(0.7647340000, 0.1667153000, 0.6223863000)
(0.7654487000, 0.1736891000, 0.6195994000)
(0.7661384000, 0.1798166000, 0.6169931000)
(0.7665242000, 0.1984322000, 0.6107672000)
(0.7640085000, 0.2009843000, 0.6130974000)
(0.7629731000, 0.2050655000, 0.6130279000)
(0.7634077000, 0.2048749000, 0.6125618000)
(0.7643921000, 0.2052669000, 0.6111849000)
(0.7650021000, 0.2062052000, 0.6100976000)
(0.7674270000, 0.2037729000, 0.6078759000)
(0.7718394000, 0.2033192000, 0.6024277000)
(0.7722421000, 0.2059496000, 0.6010148000)
(0.7725324000, 0.2069402000, 0.6002857000)
(0.7731986000, 0.2100871000, 0.5983317000)
(0.7733962000, 0.2125890000, 0.5972038000)
(0.7753615000, 0.2178954000, 0.5927319000)
(0.7835237000, 0.2105982000, 0.5845762000)
(0.7838172000, 0.2135151000, 0.5831178000)
(0.7839877000, 0.2151045000, 0.5822915000)
(0.7822831000, 0.2149744000, 0.5846464000)
(0.7818753000, 0.2160772000, 0.5847734000)
(0.7820524000, 0.2153436000, 0.5848231000)
(0.7799721000, 0.2172975000, 0.5868707000)
(0.7799610000, 0.2181154000, 0.5865750000)
(0.7801686000, 0.2185040000, 0.5861495000)
(0.7802275000, 0.2184446000, 0.5860943000)
(0.7802752000, 0.2185446000, 0.5859865000)
(0.7804700000, 0.2184220000, 0.5857794000)
(0.7805340000, 0.2182249000, 0.5857676000)
(0.7805374000, 0.2184038000, 0.5856931000)
(0.7806619000, 0.2187154000, 0.5854068000)
(0.7808915000, 0.2201237000, 0.5845920000)
(0.7811534000, 0.2211477000, 0.5838512000)
(0.7814035000, 0.2210559000, 0.5835562000)
(0.7809961000, 0.2209570000, 0.5841351000)
(0.7810476000, 0.2211603000, 0.5839725000)
(0.7808299000, 0.2203516000, 0.5845867000)
(0.7806805000, 0.2200723000, 0.5848884000)
(0.7806537000, 0.2204607000, 0.5847735000)
(0.7806849000, 0.2199621000, 0.5849276000)
(0.7801249000, 0.2216556000, 0.5850313000)
(0.7797841000, 0.2218292000, 0.5854163000)
(0.7795575000, 0.2210999000, 0.5860017000)
(0.7793348000, 0.2203492000, 0.5865774000)
(0.7792305000, 0.2198268000, 0.5869150000)
(0.7792804000, 0.2201411000, 0.5867305000)
(0.7793187000, 0.2190692000, 0.5870627000)
(0.7781006000, 0.2179829000, 0.5890845000)
(0.7785255000, 0.2170334000, 0.5888745000)
(0.7705396000, 0.2184791000, 0.5987586000)
(0.7677593000, 0.2218203000, 0.6010993000)
(0.7687724000, 0.2220391000, 0.5997304000)
(0.7673151000, 0.2197551000, 0.6024223000)
(0.7664317000, 0.2203816000, 0.6033100000)
(0.7665039000, 0.2205787000, 0.6031473000)
(0.7661121000, 0.2196730000, 0.6039884000)
(0.7667325000, 0.2191759000, 0.6033708000)
(0.7667384000, 0.2185764000, 0.6035952000)
(0.7669551000, 0.2189044000, 0.6031888000)
(0.7671239000, 0.2189007000, 0.6029830000)
(0.7669494000, 0.2185513000, 0.6033192000)
(0.7674432000, 0.2196672000, 0.6023034000)
(0.7662066000, 0.2191310000, 0.6040681000)
(0.7649817000, 0.2217960000, 0.6046373000)
(0.7671286000, 0.2216232000, 0.6019851000)
(0.7669019000, 0.2215911000, 0.6022875000)
(0.7672433000, 0.2215330000, 0.6018673000)
(0.7667271000, 0.2204597000, 0.6029315000)
(0.7668672000, 0.2218006000, 0.6022517000)
(0.7667919000, 0.2221909000, 0.6022009000)
(0.7666976000, 0.2210974000, 0.6027183000)
(0.7669316000, 0.2212586000, 0.6023676000)
(0.7670627000, 0.2220472000, 0.6019148000)
(0.7667466000, 0.2225325000, 0.6021404000)
(0.7656611000, 0.2219378000, 0.6037409000)
(0.7666661000, 0.2202905000, 0.6030532000)
(0.7651122000, 0.2199527000, 0.6051459000)
(0.7636862000, 0.2181936000, 0.6075789000)
(0.7649240000, 0.2184115000, 0.6059358000)
(0.7639771000, 0.2145205000, 0.6085283000)
(0.7643814000, 0.2232682000, 0.6048614000)
(0.7629700000, 0.2282646000, 0.6047835000)
(0.7643392000, 0.2258403000, 0.6039575000)
(0.7630211000, 0.2298591000, 0.6041142000)
(0.7604808000, 0.2320535000, 0.6064588000)
(0.7667293000, 0.2205298000, 0.6028907000)
(0.7640419000, 0.2205142000, 0.6063040000)
(0.7662199000, 0.2177344000, 0.6045467000)
(0.7646252000, 0.2198559000, 0.6057975000)
(0.7667453000, 0.2176761000, 0.6039092000)
(0.7652793000, 0.2158669000, 0.6064095000)
(0.7666702000, 0.2111393000, 0.6063198000)
(0.7696561000, 0.2093849000, 0.6031442000)
(0.7697819000, 0.2061383000, 0.6040832000)
(0.7700754000, 0.1898915000, 0.6090199000)
(0.7710291000, 0.1841344000, 0.6095844000)
(0.7699454000, 0.1740915000, 0.6138861000)
(0.7688845000, 0.1678566000, 0.6169570000)
(0.7683076000, 0.1708339000, 0.6168392000)
(0.7706550000, 0.1697895000, 0.6142012000)
(0.7710310000, 0.1805036000, 0.6106687000)
(0.7707129000, 0.1827658000, 0.6103923000)
(0.7721889000, 0.1883140000, 0.6068329000)
(0.7724114000, 0.1934582000, 0.6049172000)
(0.7728636000, 0.1982566000, 0.6028056000)
(0.7726262000, 0.1984948000, 0.6030262000)
(0.7735820000, 0.1982718000, 0.6018653000)
(0.7730721000, 0.1999610000, 0.6019495000)
(0.7730438000, 0.2014758000, 0.6014814000)
(0.7726272000, 0.2015360000, 0.6020086000)
(0.7727898000, 0.1997910000, 0.6023812000)
(0.7730537000, 0.2067931000, 0.5996838000)
(0.7721934000, 0.2060948000, 0.6010178000)
(0.7729767000, 0.2099063000, 0.5986872000)
(0.7746968000, 0.2098269000, 0.5964988000)
(0.7747427000, 0.2137185000, 0.5950372000)
(0.7743654000, 0.2148777000, 0.5951261000)
(0.7757508000, 0.2197916000, 0.5915092000)
(0.7754087000, 0.2232684000, 0.5906697000)
(0.7747381000, 0.2261903000, 0.5904176000)
(0.7741114000, 0.2295355000, 0.5899671000)
(0.7764130000, 0.2350825000, 0.5847147000)
(0.7780276000, 0.2402194000, 0.5804884000)
(0.7810079000, 0.2432542000, 0.5751895000)
(0.7750098000, 0.2420565000, 0.5837355000)
(0.7740674000, 0.2402525000, 0.5857265000)
(0.7730728000, 0.2335375000, 0.5897441000)
(0.0000000000, 0.0000000000, 0.0000000000)
(0.0000000000, 0.0000000000, 0.0000000000)
(0.0000000000, 0.0000000000, 0.0000000000)
(0.0000000000, 0.0000000000, 0.0000000000)
(0.0000000000, 0.0000000000, 0.0000000000)
(0.0000000000, 0.0000000000, 0.0000000000)
(0.0000000000, 0.0000000000, 0.0000000000)
(0.0000000000, 0.0000000000, 0.0000000000)
(0.0000000000, 0.0000000000, 0.0000000000)
(0.0000000000, 0.0000000000, 0.0000000000)
(0.0000000000, 0.0000000000, 0.0000000000)
(0.0000000000, 0.0000000000, 0.0000000000)
(0.0000000000, 0.0000000000, 0.0000000000)
(0.0000000000, 0.0000000000, 0.0000000000)
(0.0000000000, 0.0000000000, 0.0000000000)
(0.7836546000, 0.2288124000, 0.5774950000)
(0.7915727000, 0.2281234000, 0.5668949000)
(0.7929017000, 0.2358857000, 0.5618213000)
(0.7937631000, 0.2358585000, 0.5606283000)
(0.7912501000, 0.2430966000, 0.5610938000)
(0.7926829000, 0.2368943000, 0.5617186000)
(0.7932804000, 0.2435779000, 0.5579974000)
(0.7950283000, 0.2432394000, 0.5556580000)
(0.7943120000, 0.2421825000, 0.5571246000)
(0.7925158000, 0.2459630000, 0.5580415000)
(0.7910906000, 0.2457752000, 0.5601313000)
(0.7906456000, 0.2463882000, 0.5605044000)
(0.7905925000, 0.2475723000, 0.5600601000)
(0.7899387000, 0.2493298000, 0.5601858000)
(0.7908968000, 0.2480623000, 0.5594143000)
(0.7905511000, 0.2525656000, 0.5578787000)
(0.7910124000, 0.2515688000, 0.5576686000)
(0.7918248000, 0.2566934000, 0.5541580000)
(0.7889805000, 0.2528675000, 0.5599463000)
(0.7889580000, 0.2531365000, 0.5598637000)
(0.7909574000, 0.2571603000, 0.5551854000)
(0.7947325000, 0.2526991000, 0.5518524000)
(0.7913339000, 0.2516921000, 0.5571573000)
(0.7932531000, 0.2519587000, 0.5543026000)
(0.7929769000, 0.2501563000, 0.5555100000)
(0.7928249000, 0.2512572000, 0.5552374000)
(0.7936115000, 0.2507302000, 0.5543444000)
(0.7958705000, 0.2668466000, 0.5434701000)
(0.7938846000, 0.2648149000, 0.5473632000)
(0.7918149000, 0.2700299000, 0.5478150000)
(0.7811686000, 0.2626005000, 0.5663865000)
(0.7742991000, 0.2581486000, 0.5777603000)
(0.7693016000, 0.2596086000, 0.5837345000)
(0.7717286000, 0.2597441000, 0.5804810000)
(0.7703548000, 0.2623217000, 0.5811312000)
(0.7705129000, 0.2635052000, 0.5804012000)
(0.7741386000, 0.2609534000, 0.5767137000)
(0.7764901000, 0.2584759000, 0.5746530000)
(0.7763346000, 0.2585113000, 0.5748567000)
(0.7764790000, 0.2582487000, 0.5747821000)
(0.7769398000, 0.2581376000, 0.5742040000)
(0.7763156000, 0.2593485000, 0.5745113000)
(0.7789370000, 0.2645954000, 0.5685253000)
(0.7832234000, 0.2612956000, 0.5641652000)
(0.7831815000, 0.2446120000, 0.5716376000)
(0.0000000000, 0.0000000000, 0.0000000000)
(0.0000000000, 0.0000000000, 0.0000000000)
(0.0000000000, 0.0000000000, 0.0000000000)
(0.0000000000, 0.0000000000, 0.0000000000)
(0.0000000000, 0.0000000000, 0.0000000000)
(0.0000000000, 0.0000000000, 0.0000000000)
(0.0000000000, 0.0000000000, 0.0000000000)
(0.0000000000, 0.0000000000, 0.0000000000)
(0.0000000000, 0.0000000000, 0.0000000000)
(0.0000000000, 0.0000000000, 0.0000000000)
(0.0000000000, 0.0000000000, 0.0000000000)
(0.0000000000, 0.0000000000, 0.0000000000)
(0.0000000000, 0.0000000000, 0.0000000000)
(0.0000000000, 0.0000000000, 0.0000000000)
(0.0000000000, 0.0000000000, 0.0000000000)
(0.0000000000, 0.0000000000, 0.0000000000)
(0.0000000000, 0.0000000000, 0.0000000000)
(0.0000000000, 0.0000000000, 0.0000000000)
(0.0000000000, 0.0000000000, 0.0000000000)
(0.0000000000, 0.0000000000, 0.0000000000)
(0.0000000000, 0.0000000000, 0.0000000000)
(0.0000000000, 0.0000000000, 0.0000000000)
(0.7854896000, 0.2819769000, 0.5509014000)
(0.7853388000, 0.2863632000, 0.5488361000)
(0.7914720000, 0.2876322000, 0.5392835000)
(0.7904359000, 0.2832053000, 0.5431323000)
(0.7881264000, 0.2865047000, 0.5447555000)
(0.7824247000, 0.2876298000, 0.5523234000)
(0.7851929000, 0.2843380000, 0.5500932000)
(0.7825679000, 0.2887984000, 0.5515058000)
(0.7823070000, 0.2870999000, 0.5527694000)
(0.7825431000, 0.2881635000, 0.5518727000)
(0.7826764000, 0.2892253000, 0.5511302000)
(0.7828084000, 0.2901406000, 0.5504582000)
(0.7796773000, 0.2971280000, 0.5511875000)
(0.7802449000, 0.3009048000, 0.5483279000)
(0.7802270000, 0.3009059000, 0.5483558000)
(0.7830516000, 0.2992988000, 0.5451804000)
(0.7802319000, 0.3008037000, 0.5483902000)
(0.7806478000, 0.3026698000, 0.5467792000)
(0.7805085000, 0.3026347000, 0.5469984000)
(0.7805640000, 0.3027000000, 0.5468878000)
(0.7807977000, 0.3009485000, 0.5475141000)
(0.7813559000, 0.3098943000, 0.5417060000)
(0.7804496000, 0.2828140000, 0.5575920000)
(0.7649887000, 0.2684545000, 0.5854164000)
(0.7657145000, 0.2447949000, 0.5947532000)
(0.7666450000, 0.2373127000, 0.5965973000)
(0.7696398000, 0.2350519000, 0.5936287000)
(0.7677482000, 0.2357706000, 0.5957935000)
(0.7684833000, 0.2417539000, 0.5924314000)
(0.7665849000, 0.2515006000, 0.5908167000)
(0.7708965000, 0.2468930000, 0.5871626000)
(0.7735139000, 0.2502539000, 0.5822570000)
(0.7725099000, 0.2490031000, 0.5841247000)
(0.7723694000, 0.2510763000, 0.5834301000)
(0.7725798000, 0.2524077000, 0.5825697000)
(0.7716858000, 0.2573620000, 0.5815931000)
(0.7716804000, 0.2574831000, 0.5815468000)
(0.7719899000, 0.2577061000, 0.5810344000)
(0.7721216000, 0.2562861000, 0.5814745000)
(0.7773991000, 0.2550518000, 0.5749701000)
(0.7816306000, 0.2518575000, 0.5706258000)
(0.7842761000, 0.2456475000, 0.5696833000)
(0.7852653000, 0.2474009000, 0.5675633000)
(0.7856744000, 0.2460872000, 0.5675799000)
(0.7852415000, 0.2445859000, 0.5688154000)
(0.7863907000, 0.2458383000, 0.5666938000)
(0.7878464000, 0.2455018000, 0.5648095000)
(0.7870964000, 0.2438404000, 0.5665642000)
(0.7868268000, 0.2420202000, 0.5677268000)
(0.7865524000, 0.2416884000, 0.5682569000)
(0.7862834000, 0.2403787000, 0.5691860000)
(0.7861780000, 0.2395299000, 0.5696734000)
(0.7861583000, 0.2391967000, 0.5698339000)
(0.7827243000, 0.2493659000, 0.5702118000)
(0.7734478000, 0.2539362000, 0.5807658000)
(0.7673075000, 0.2595898000, 0.5863733000)
(0.7673318000, 0.2698091000, 0.5817124000)
(0.7706776000, 0.2651980000, 0.5793950000)
(0.7708519000, 0.2674160000, 0.5781533000)
(0.7706336000, 0.2628297000, 0.5805502000)
(0.7672299000, 0.2571124000, 0.5875675000)
(0.7645375000, 0.2582083000, 0.5905926000)
(0.7680840000, 0.2644956000, 0.5831702000)
(0.7684557000, 0.2721601000, 0.5791396000)
(0.7687081000, 0.2867943000, 0.5716725000)
(0.7688576000, 0.2890236000, 0.5703618000)
(0.7684078000, 0.2871853000, 0.5718989000)
(0.7689619000, 0.2891219000, 0.5701750000)
(0.7689180000, 0.2897296000, 0.5699199000)
(0.7691952000, 0.2900318000, 0.5693766000)
(0.7677906000, 0.2912308000, 0.5706782000)
(0.7685136000, 0.2921473000, 0.5692269000)
(0.7717123000, 0.2958598000, 0.5629427000)
(0.7704105000, 0.2979784000, 0.5636149000)
(0.7727032000, 0.2983847000, 0.5602408000)
(0.7728808000, 0.2979861000, 0.5602055000)
(0.7724864000, 0.2945195000, 0.5625815000)
(0.7755291000, 0.2967267000, 0.5572187000)
(0.7760282000, 0.2977918000, 0.5559598000)
(0.7758763000, 0.2980375000, 0.5560328000)
(0.7761116000, 0.2932683000, 0.5582275000)
(0.7764517000, 0.2930957000, 0.5578479000)
(0.7774172000, 0.2941583000, 0.5559347000)
(0.7882581000, 0.2622998000, 0.5566134000)
(0.7907174000, 0.2604074000, 0.5540087000)
(0.7903492000, 0.2624292000, 0.5535855000)
(0.7916207000, 0.2639666000, 0.5510491000)
(0.7914774000, 0.2676218000, 0.5494816000)
(0.7919016000, 0.2660622000, 0.5496287000)
(0.7909414000, 0.2639326000, 0.5520207000)
(0.7911551000, 0.2647481000, 0.5513345000)
(0.7911758000, 0.2647837000, 0.5512943000)
(0.7907510000, 0.2620456000, 0.5531941000)
(0.7907439000, 0.2606472000, 0.5538561000)
(0.7904158000, 0.2602269000, 0.5545477000)
(0.7901708000, 0.2594120000, 0.5552636000)
(0.7901565000, 0.2590329000, 0.5554481000)
(0.7900962000, 0.2583947000, 0.5558467000)
(0.7900266000, 0.2583119000, 0.5559693000)
(0.7898817000, 0.2574573000, 0.5565827000)
(0.7879355000, 0.2545588000, 0.5606701000)
(0.7877598000, 0.2529202000, 0.5616389000)
(0.7879647000, 0.2526206000, 0.5614958000)
(0.7879069000, 0.2529249000, 0.5614478000)
(0.7869036000, 0.2498557000, 0.5642146000)
(0.7861026000, 0.2500099000, 0.5652666000)
(0.7859749000, 0.2493509000, 0.5657266000)
(0.7852306000, 0.2496733000, 0.5666142000)
(0.7850413000, 0.2483592000, 0.5674521000)
(0.7849725000, 0.2476548000, 0.5678666000)
(0.7851434000, 0.2474389000, 0.5677171000)
(0.7846393000, 0.2471843000, 0.5685354000)
(0.7848672000, 0.2468558000, 0.5683610000)
(0.7745051000, 0.2501705000, 0.5809675000)
(0.7710761000, 0.2513113000, 0.5850371000)
(0.7720579000, 0.2530028000, 0.5830076000)
(0.7702192000, 0.2476172000, 0.5877442000)
(0.7675480000, 0.2506210000, 0.5899619000)
(0.7685707000, 0.2492593000, 0.5892099000)
(0.7619109000, 0.2431432000, 0.6002884000)
(0.0000000000, 0.0000000000, 0.0000000000)
(0.0000000000, 0.0000000000, 0.0000000000)
(0.0000000000, 0.0000000000, 0.0000000000)
(0.0000000000, 0.0000000000, 0.0000000000)
(0.0000000000, 0.0000000000, 0.0000000000)
(0.0000000000, 0.0000000000, 0.0000000000)
(0.0000000000, 0.0000000000, 0.0000000000)
(0.0000000000, 0.0000000000, 0.0000000000)
(0.0000000000, 0.0000000000, 0.0000000000)
(0.0000000000, 0.0000000000, 0.0000000000)
(0.0000000000, 0.0000000000, 0.0000000000)
(0.0000000000, 0.0000000000, 0.0000000000)
(0.0000000000, 0.0000000000, 0.0000000000)
(0.0000000000, 0.0000000000, 0.0000000000)
(0.0000000000, 0.0000000000, 0.0000000000)
(0.0000000000, 0.0000000000, 0.0000000000)
(0.0000000000, 0.0000000000, 0.0000000000)
(0.0000000000, 0.0000000000, 0.0000000000)
(0.7739695000, 0.2112726000, 0.5969214000)
(0.7723767000, 0.2248218000, 0.5940182000)
(0.7758498000, 0.2217928000, 0.5906333000)
(0.7748432000, 0.2312216000, 0.5883345000)
(0.7777270000, 0.2315527000, 0.5843763000)
(0.7841985000, 0.2431993000, 0.5708616000)
(0.7833559000, 0.2398610000, 0.5734212000)
(0.7841849000, 0.2408425000, 0.5718752000)
(0.7844624000, 0.2413518000, 0.5712597000)
(0.7859443000, 0.2412942000, 0.5692664000)
(0.7878704000, 0.2410327000, 0.5666934000)
(0.7950651000, 0.2316843000, 0.5605067000)
(0.8003576000, 0.2273325000, 0.5547272000)
(0.7994295000, 0.2235469000, 0.5576050000)
(0.7992232000, 0.2246560000, 0.5574619000)
(0.7993996000, 0.2261442000, 0.5565926000)
(0.7982515000, 0.2257783000, 0.5583836000)
(0.7982472000, 0.2248476000, 0.5587813000)
(0.7966341000, 0.2241792000, 0.5613324000)
(0.7955610000, 0.2244351000, 0.5627563000)
(0.7953541000, 0.2260843000, 0.5623838000)
(0.7962391000, 0.2288243000, 0.5600374000)
(0.7911215000, 0.2328690000, 0.5655866000)
(0.7891206000, 0.2299626000, 0.5695643000)
(0.7879600000, 0.2256613000, 0.5728662000)
(0.7833701000, 0.2328794000, 0.5762599000)
(0.7787350000, 0.2231865000, 0.5863022000)
(0.7735416000, 0.2250781000, 0.5924075000)
(0.0000000000, 0.0000000000, 0.0000000000)
(0.0000000000, 0.0000000000, 0.0000000000)
(0.0000000000, 0.0000000000, 0.0000000000)
(0.0000000000, 0.0000000000, 0.0000000000)
(0.0000000000, 0.0000000000, 0.0000000000)
(0.0000000000, 0.0000000000, 0.0000000000)
(0.0000000000, 0.0000000000, 0.0000000000)
(0.0000000000, 0.0000000000, 0.0000000000)
(0.0000000000, 0.0000000000, 0.0000000000)
(0.0000000000, 0.0000000000, 0.0000000000)
(0.0000000000, 0.0000000000, 0.0000000000)
(0.0000000000, 0.0000000000, 0.0000000000)
(0.0000000000, 0.0000000000, 0.0000000000)
(0.0000000000, 0.0000000000, 0.0000000000)
(0.0000000000, 0.0000000000, 0.0000000000)
(0.0000000000, 0.0000000000, 0.0000000000)
(0.0000000000, 0.0000000000, 0.0000000000)
(0.7609535000, 0.2611555000, 0.5939190000)
(0.7631645000, 0.2462777000, 0.5974219000)
(0.7611496000, 0.2484929000, 0.5990607000)
(0.7633277000, 0.2501314000, 0.5956169000)
(0.7633526000, 0.2538863000, 0.5939809000)
(0.7660006000, 0.2550680000, 0.5900488000)
(0.7694795000, 0.2592277000, 0.5836830000)
(0.7689302000, 0.2559681000, 0.5858321000)
(0.7629697000, 0.2508306000, 0.5957781000)
(0.7604307000, 0.2528814000, 0.5981374000)
(0.7608315000, 0.2494538000, 0.5990797000)
(0.7617535000, 0.2568839000, 0.5947581000)
(0.7633673000, 0.2510524000, 0.5951827000)
(0.7695447000, 0.2550142000, 0.5854422000)
(0.7772027000, 0.2593105000, 0.5733310000)
(0.7767590000, 0.2559775000, 0.5754229000)
(0.7739453000, 0.2551135000, 0.5795701000)
(0.7711350000, 0.2552945000, 0.5832406000)
(0.7770528000, 0.2541052000, 0.5758542000)
(0.7752565000, 0.2552408000, 0.5777687000)
(0.7760260000, 0.2558618000, 0.5764475000)
(0.7762352000, 0.2575101000, 0.5754470000)
(0.7780485000, 0.2587454000, 0.5724366000)
(0.7772555000, 0.2581816000, 0.5737556000)
(0.7771211000, 0.2623848000, 0.5720217000)
(0.7749966000, 0.2680048000, 0.5722971000)
(0.7807413000, 0.2725165000, 0.5622941000)
(0.7778838000, 0.2989766000, 0.5527153000)
(0.7794102000, 0.3075813000, 0.5457949000)
(0.7796019000, 0.3097548000, 0.5442964000)
(0.7791489000, 0.3000991000, 0.5503316000)
(0.7792245000, 0.2957318000, 0.5525734000)
(0.7792845000, 0.2921553000, 0.5543796000)
(0.7774370000, 0.2935109000, 0.5562736000)
(0.7760811000, 0.2967238000, 0.5564415000)
(0.7757916000, 0.2898788000, 0.5604609000)
(0.7757931000, 0.2881968000, 0.5613056000)
(0.7780101000, 0.2833568000, 0.5607035000)
(0.7761816000, 0.2828090000, 0.5635154000)
(0.7752019000, 0.2815434000, 0.5654926000)
(0.7747393000, 0.2811653000, 0.5663242000)
(0.7817752000, 0.2960233000, 0.5488108000)
(0.7860410000, 0.2957045000, 0.5428482000)
(0.7878035000, 0.2994770000, 0.5381936000)
(0.7880546000, 0.3016410000, 0.5366347000)
(0.7907637000, 0.3079489000, 0.5290130000)
(0.7902997000, 0.3046901000, 0.5315847000)
(0.7920328000, 0.3118182000, 0.5248102000)
(0.7908790000, 0.3090591000, 0.5281861000)
(0.7913334000, 0.3125110000, 0.5254610000)
(0.7904138000, 0.3090533000, 0.5288790000)
(0.7892202000, 0.3151751000, 0.5270585000)
(0.7919131000, 0.3171635000, 0.5217898000)
(0.7819071000, 0.3157687000, 0.5374773000)
(0.7735790000, 0.3253879000, 0.5437557000)
(0.7718745000, 0.3385061000, 0.5381381000)
(0.7720858000, 0.3363711000, 0.5391768000)
(0.7720999000, 0.3428601000, 0.5350774000)
(0.7714536000, 0.3370942000, 0.5396364000)
(0.7853320000, 0.3496106000, 0.5109029000)
(0.7852145000, 0.3527517000, 0.5089177000)
(0.7831823000, 0.3518686000, 0.5126294000)
(0.7831416000, 0.3529529000, 0.5119679000)
(0.7836624000, 0.3536570000, 0.5106792000)
(0.7832658000, 0.3536526000, 0.5112697000)
(0.7819148000, 0.3526475000, 0.5140290000)
(0.7794957000, 0.3529236000, 0.5175200000)
(0.7788256000, 0.3469040000, 0.5225769000)
(0.7799888000, 0.3460163000, 0.5214094000)
(0.7819816000, 0.3382149000, 0.5235405000)
(0.7840353000, 0.3338346000, 0.5232839000)
(0.7849539000, 0.3336402000, 0.5220317000)
(0.7845327000, 0.3345927000, 0.5220428000)
(0.7835748000, 0.3357490000, 0.5227403000)
(0.7817451000, 0.3370740000, 0.5246276000)
(0.7824672000, 0.3374807000, 0.5233022000)
(0.7835748000, 0.3383921000, 0.5210536000)
(0.7835360000, 0.3381714000, 0.5212392000)
(0.7835844000, 0.3380598000, 0.5212448000)
(0.7831818000, 0.3363767000, 0.5229394000)
(0.7832130000, 0.3348669000, 0.5238551000)
(0.7825115000, 0.3303633000, 0.5277553000)
(0.7714953000, 0.3313883000, 0.5430993000)
(0.7718757000, 0.3373804000, 0.5388553000)
(0.7719489000, 0.3289416000, 0.5439330000)
(0.7746593000, 0.3304429000, 0.5391703000)
(0.7744156000, 0.3328362000, 0.5380411000)
(0.7724553000, 0.3323417000, 0.5411510000)
(0.7709025000, 0.3309589000, 0.5442142000)
(0.7710093000, 0.3310038000, 0.5440243000)
(0.7718857000, 0.3301879000, 0.5432705000)
(0.7730978000, 0.3305644000, 0.5413163000)
(0.7747599000, 0.3305517000, 0.5389572000)
(0.7750181000, 0.3300486000, 0.5388874000)
(0.7747322000, 0.3296404000, 0.5395342000)
(0.7744769000, 0.3285240000, 0.5405897000)
(0.7744601000, 0.3280592000, 0.5408943000)
(0.7746285000, 0.3263600000, 0.5416817000)
(0.7746037000, 0.3247704000, 0.5426669000)
(0.7742338000, 0.3242276000, 0.5435405000)
(0.7744364000, 0.3226187000, 0.5442106000)
(0.7744129000, 0.3214044000, 0.5449426000)
(0.7746047000, 0.3212519000, 0.5447627000)
(0.7746398000, 0.3178932000, 0.5466827000)
(0.7710811000, 0.3168261000, 0.5522936000)
(0.7705890000, 0.3166285000, 0.5531043000)
(0.7704479000, 0.3116766000, 0.5561163000)
(0.7698295000, 0.2979139000, 0.5644408000)
(0.7796385000, 0.2906689000, 0.5546602000)
(0.7837021000, 0.2872464000, 0.5507027000)
(0.7850847000, 0.2819624000, 0.5514587000)
(0.7858162000, 0.2828407000, 0.5499695000)
(0.7846603000, 0.2833174000, 0.5513752000)
(0.7849553000, 0.2820472000, 0.5516210000)
(0.7852445000, 0.2822376000, 0.5510995000)
(0.7929212000, 0.2839470000, 0.5391065000)
(0.7920678000, 0.2842023000, 0.5402156000)
(0.7922059000, 0.2839629000, 0.5401483000)
(0.7919934000, 0.2842748000, 0.5402977000)
(0.7918613000, 0.2841890000, 0.5405289000)
(0.7919790000, 0.2843681000, 0.5402779000)
(0.7919671000, 0.2844479000, 0.5402293000)
(0.7918141000, 0.2841139000, 0.5406308000)
(0.7916741000, 0.2826823000, 0.5415913000)
(0.7914510000, 0.2822378000, 0.5421541000)
(0.7913879000, 0.2820624000, 0.5423487000)
(0.7919806000, 0.2808529000, 0.5420976000)
(0.7918689000, 0.2770861000, 0.5442000000)
(0.7818255000, 0.2794385000, 0.5573549000)
(0.7822927000, 0.2756156000, 0.5585945000)
(0.7887871000, 0.2821139000, 0.5460913000)
(0.7884742000, 0.2888951000, 0.5429870000)
(0.7954909000, 0.3008355000, 0.5260106000)
(0.7922271000, 0.2902525000, 0.5367528000)
(0.7938114000, 0.2886727000, 0.5352793000)
(0.7935857000, 0.2892189000, 0.5353043000)
(0.7880756000, 0.2790247000, 0.5487037000)
(0.8088418000, 0.3025583000, 0.5041925000)
(0.8087370000, 0.2987073000, 0.5066631000)
(0.8093511000, 0.2972250000, 0.5065390000)
(0.8094708000, 0.2978565000, 0.5059794000)
(0.8091933000, 0.2973560000, 0.5067124000)
(0.8059647000, 0.2947716000, 0.5133519000)
(0.7993312000, 0.2880854000, 0.5273205000)
(0.7994246000, 0.2880522000, 0.5271909000)
(0.7994806000, 0.2874798000, 0.5274119000)
(0.7992421000, 0.2872942000, 0.5278668000)
(0.7992848000, 0.2872730000, 0.5278400000)
(0.7998450000, 0.2870349000, 0.5271065000)
(0.8002319000, 0.2860469000, 0.5270514000)
(0.8010463000, 0.2872747000, 0.5251459000)
(0.8026679000, 0.2888819000, 0.5217914000)
(0.8035718000, 0.2900403000, 0.5197471000)
(0.8042392000, 0.2913066000, 0.5180085000)
(0.8039404000, 0.2926975000, 0.5176680000)
(0.8035881000, 0.2928510000, 0.5181258000)
(0.8027778000, 0.2919756000, 0.5198904000)
(0.8009777000, 0.2911497000, 0.5231295000)
(0.8007680000, 0.2909895000, 0.5235381000)
(0.7999918000, 0.2902893000, 0.5250893000)
(0.7993157000, 0.2903585000, 0.5260919000)
(0.7992056000, 0.2893873000, 0.5267956000)
(0.8085110000, 0.2990016000, 0.5068559000)
(0.7852970000, 0.2818316000, 0.5512253000)
(0.7878566000, 0.2763427000, 0.5503528000)
(0.7900067000, 0.2859034000, 0.5423533000)
(0.7878029000, 0.2948951000, 0.5407187000)
(0.7868935000, 0.2744041000, 0.5527202000)
(0.0000000000, 0.0000000000, 0.0000000000)
(0.0000000000, 0.0000000000, 0.0000000000)
(0.0000000000, 0.0000000000, 0.0000000000)
(0.0000000000, 0.0000000000, 0.0000000000)
(0.0000000000, 0.0000000000, 0.0000000000)
(0.0000000000, 0.0000000000, 0.0000000000)
(0.0000000000, 0.0000000000, 0.0000000000)
(0.0000000000, 0.0000000000, 0.0000000000)
(0.0000000000, 0.0000000000, 0.0000000000)
(0.0000000000, 0.0000000000, 0.0000000000)
(0.0000000000, 0.0000000000, 0.0000000000)
(0.0000000000, 0.0000000000, 0.0000000000)
(0.0000000000, 0.0000000000, 0.0000000000)
(0.0000000000, 0.0000000000, 0.0000000000)
(0.0000000000, 0.0000000000, 0.0000000000)
(0.0000000000, 0.0000000000, 0.0000000000)
(0.0000000000, 0.0000000000, 0.0000000000)
(0.7720287000, 0.2515411000, 0.5836738000)
(0.7740359000, 0.2479141000, 0.5825678000)
(0.7715566000, 0.2428014000, 0.5879761000)
(0.7686824000, 0.2457061000, 0.5905396000)
(0.7740673000, 0.2396864000, 0.5859649000)
(0.7722319000, 0.2435713000, 0.5867711000)
(0.7712901000, 0.2422791000, 0.5885521000)
(0.7743726000, 0.2396125000, 0.5855786000)
(0.7750452000, 0.2387808000, 0.5850372000)
(0.7770802000, 0.2404051000, 0.5816785000)
(0.7770520000, 0.2396441000, 0.5820177000)
(0.7779206000, 0.2391843000, 0.5810553000)
(0.7766960000, 0.2425073000, 0.5813143000)
(0.7761294000, 0.2449570000, 0.5810341000)
(0.7766178000, 0.2486207000, 0.5788342000)
(0.7759234000, 0.2493440000, 0.5794480000)
(0.7761602000, 0.2490709000, 0.5792518000)
(0.7763594000, 0.2453163000, 0.5805716000)
(0.7760710000, 0.2440933000, 0.5814880000)
(0.7760298000, 0.2449150000, 0.5811982000)
(0.7765090000, 0.2552837000, 0.5760506000)
(0.7679874000, 0.2478966000, 0.5905313000)
(0.7607219000, 0.2427791000, 0.6019449000)
(0.7611800000, 0.2324954000, 0.6054122000)
(0.7591341000, 0.2321940000, 0.6081051000)
(0.7596018000, 0.2285018000, 0.6089017000)
(0.7623985000, 0.2363441000, 0.6023809000)
(0.7647400000, 0.2354460000, 0.5997723000)
(0.7661055000, 0.2379326000, 0.5970293000)
(0.7653589000, 0.2375453000, 0.5981556000)
(0.7656394000, 0.2409220000, 0.5964358000)
(0.7654555000, 0.2403725000, 0.5968940000)
(0.7648698000, 0.2403743000, 0.5976376000)
(0.7660191000, 0.2417145000, 0.5956146000)
(0.7659488000, 0.2385559000, 0.5969927000)
(0.7659498000, 0.2387841000, 0.5969079000)
(0.7664010000, 0.2387050000, 0.5963588000)
(0.7660538000, 0.2403177000, 0.5961483000)
(0.7654710000, 0.2416002000, 0.5963647000)
(0.7644550000, 0.2441950000, 0.5966141000)
(0.7640029000, 0.2441664000, 0.5972007000)
(0.7637408000, 0.2448517000, 0.5972602000)
(0.7637181000, 0.2457603000, 0.5969306000)
(0.7637972000, 0.2457827000, 0.5968201000)
(0.7637543000, 0.2456164000, 0.5969377000)
(0.7644799000, 0.2446538000, 0.5964151000)
(0.7642271000, 0.2452190000, 0.5964853000)
(0.7641735000, 0.2450940000, 0.5966225000)
(0.7642023000, 0.2448505000, 0.5966710000)
(0.7644014000, 0.2452156000, 0.5962613000)
(0.7637936000, 0.2444628000, 0.5973708000)
(0.7653457000, 0.2426509000, 0.5961161000)
(0.7661452000, 0.2423242000, 0.5952210000)
(0.7660713000, 0.2419506000, 0.5954766000)
(0.7651581000, 0.2424611000, 0.5964198000)
(0.7646001000, 0.2417291000, 0.5974445000)
(0.7637584000, 0.2419097000, 0.5984513000)
(0.7621520000, 0.2419589000, 0.6004801000)
(0.7621159000, 0.2409192000, 0.6009215000)
(0.7661554000, 0.2434644000, 0.5947378000)
(0.7789243000, 0.2616999000, 0.5698945000)
(0.7822944000, 0.2688082000, 0.5619064000)
(0.7819167000, 0.2656383000, 0.5639337000)
(0.7843752000, 0.2655326000, 0.5605747000)
(0.7828656000, 0.2664001000, 0.5622591000)
(0.7828706000, 0.2662043000, 0.5623463000)
(0.7839933000, 0.2651494000, 0.5612826000)
(0.7825900000, 0.2655568000, 0.5630422000)
(0.7881147000, 0.2725149000, 0.5519109000)
(0.7876334000, 0.2817719000, 0.5479137000)
(0.7845595000, 0.2772566000, 0.5545834000)
(0.7906253000, 0.2768678000, 0.5461100000)
(0.7887506000, 0.2797410000, 0.5473567000)
(0.7925889000, 0.2831310000, 0.5400091000)
(0.7817828000, 0.2952001000, 0.5492362000)
(0.7775586000, 0.2964963000, 0.5545086000)
(0.7868107000, 0.3037017000, 0.5372978000)
(0.0000000000, 0.0000000000, 0.0000000000)
(0.0000000000, 0.0000000000, 0.0000000000)
(0.0000000000, 0.0000000000, 0.0000000000)
(0.0000000000, 0.0000000000, 0.0000000000)
(0.0000000000, 0.0000000000, 0.0000000000)
(0.0000000000, 0.0000000000, 0.0000000000)
(0.0000000000, 0.0000000000, 0.0000000000)
(0.0000000000, 0.0000000000, 0.0000000000)
(0.0000000000, 0.0000000000, 0.0000000000)
(0.0000000000, 0.0000000000, 0.0000000000)
(0.0000000000, 0.0000000000, 0.0000000000)
(0.0000000000, 0.0000000000, 0.0000000000)
(0.0000000000, 0.0000000000, 0.0000000000)
(0.0000000000, 0.0000000000, 0.0000000000)
(0.0000000000, 0.0000000000, 0.0000000000)
(0.0000000000, 0.0000000000, 0.0000000000)
(0.0000000000, 0.0000000000, 0.0000000000)
(0.7636712000, 0.3149396000, 0.5635692000)
(0.7595314000, 0.3160368000, 0.5685275000)
(0.7606657000, 0.3261150000, 0.5612733000)
(0.7612189000, 0.3250505000, 0.5611401000)
(0.7622523000, 0.3295361000, 0.5571008000)
(0.7651132000, 0.3271366000, 0.5545782000)
(0.7633715000, 0.3240998000, 0.5587535000)
(0.7712848000, 0.3121659000, 0.5546720000)
(0.7766441000, 0.3225480000, 0.5410889000)
(0.7746190000, 0.3157052000, 0.5479688000)
(0.7663405000, 0.3094334000, 0.5629987000)
(0.7687187000, 0.3056403000, 0.5618252000)
(0.7740157000, 0.3091211000, 0.5525653000)
(0.7717761000, 0.3030156000, 0.5590476000)
(0.7730738000, 0.2963801000, 0.5607911000)
(0.7719382000, 0.3026190000, 0.5590441000)
(0.7720475000, 0.3010501000, 0.5597216000)
(0.7715323000, 0.3000064000, 0.5609986000)
(0.7711205000, 0.2991736000, 0.5619982000)
(0.7708699000, 0.2953410000, 0.5643783000)
(0.7678778000, 0.2907214000, 0.5708264000)
(0.7691460000, 0.2918798000, 0.5685177000)
(0.7638133000, 0.2901929000, 0.5764956000)
(0.7600772000, 0.2940539000, 0.5794804000)
(0.7614386000, 0.2897879000, 0.5798448000)
(0.7582050000, 0.2811450000, 0.5882704000)
(0.7584894000, 0.2848750000, 0.5861151000)
(0.7581084000, 0.2846294000, 0.5867106000)
(0.7584792000, 0.2846733000, 0.5862303000)
(0.7589401000, 0.2862549000, 0.5848439000)
(0.7605662000, 0.2877088000, 0.5820180000)
(0.7617198000, 0.2880335000, 0.5803475000)
(0.7616931000, 0.2875241000, 0.5806245000)
(0.7620405000, 0.2875262000, 0.5801862000)
(0.7670563000, 0.2811449000, 0.5766900000)
(0.7682683000, 0.2753395000, 0.5778812000)
(0.7663313000, 0.2669901000, 0.5843200000)
(0.7626810000, 0.2711568000, 0.5871769000)
(0.7648081000, 0.2683994000, 0.5856804000)
(0.7670877000, 0.2618150000, 0.5856657000)
(0.7668266000, 0.2700530000, 0.5822732000)
(0.7640551000, 0.2678102000, 0.5869312000)
(0.7693791000, 0.2701339000, 0.5788380000)
(0.7702683000, 0.2718109000, 0.5768698000)
(0.7720304000, 0.2739431000, 0.5735168000)
(0.7710720000, 0.2713186000, 0.5760326000)
(0.7705847000, 0.2713193000, 0.5766896000)
(0.7712135000, 0.2700878000, 0.5764333000)
(0.7689347000, 0.2709344000, 0.5790771000)
(0.7667731000, 0.2525790000, 0.5901239000)
(0.7635127000, 0.2534040000, 0.5939823000)
(0.7628670000, 0.2552273000, 0.5940420000)
(0.7611268000, 0.2551397000, 0.5962937000)
(0.7592992000, 0.2459355000, 0.6024694000)
(0.7591015000, 0.2462511000, 0.6025743000)
(0.7608338000, 0.2438067000, 0.6014036000)
(0.7618816000, 0.2410614000, 0.6011708000)
(0.7625727000, 0.2375481000, 0.6017037000)
(0.7623159000, 0.2387654000, 0.6015350000)
(0.7574052000, 0.2260418000, 0.6125562000)
(0.7545799000, 0.2362586000, 0.6121924000)
(0.7480851000, 0.2312328000, 0.6220040000)
(0.7487692000, 0.2365778000, 0.6191716000)
(0.7481775000, 0.2309936000, 0.6219765000)
(0.7503014000, 0.2359505000, 0.6175448000)
(0.7509635000, 0.2349178000, 0.6171388000)
(0.7516494000, 0.2373913000, 0.6153371000)
(0.7502820000, 0.2383538000, 0.6166359000)
(0.7496430000, 0.2398570000, 0.6168358000)
(0.7494931000, 0.2395735000, 0.6171197000)
(0.7484534000, 0.2372559000, 0.6192702000)
(0.7469931000, 0.2345611000, 0.6220565000)
(0.7473506000, 0.2334544000, 0.6220507000)
(0.7470354000, 0.2391328000, 0.6202568000)
(0.7496293000, 0.2323119000, 0.6197234000)
(0.7483259000, 0.2427499000, 0.6172996000)
(0.7474579000, 0.2412036000, 0.6189684000)
(0.7489887000, 0.2475751000, 0.6145654000)
(0.7512158000, 0.2408391000, 0.6145389000)
(0.7545857000, 0.2573924000, 0.6035912000)
(0.7565675000, 0.2429256000, 0.6071150000)
(0.7598084000, 0.2400583000, 0.6041921000)
(0.7587819000, 0.2317283000, 0.6087191000)
(0.7600700000, 0.2474776000, 0.6008446000)
(0.7649240000, 0.2321598000, 0.6008196000)
(0.7603224000, 0.2317619000, 0.6067655000)
(0.7613657000, 0.2051868000, 0.6149837000)
(0.7616683000, 0.2308795000, 0.6054311000)
(0.7713773000, 0.2544290000, 0.5832921000)
(0.7724763000, 0.2624716000, 0.5782353000)
(0.7724282000, 0.2803675000, 0.5698568000)
(0.7690075000, 0.2576210000, 0.5850040000)
(0.7654992000, 0.2699603000, 0.5840466000)
(0.7676406000, 0.2569486000, 0.5870999000)
(0.7526398000, 0.2648382000, 0.6028074000)
(0.7501734000, 0.2624787000, 0.6069115000)
(0.7506400000, 0.2663644000, 0.6046216000)
(0.7538502000, 0.2663607000, 0.6006179000)
(0.7584205000, 0.2623346000, 0.5966282000)
(0.7592195000, 0.2621294000, 0.5956988000)
(0.7619988000, 0.2675082000, 0.5897303000)
(0.7624374000, 0.2680121000, 0.5889347000)
(0.7590919000, 0.2684672000, 0.5930320000)
(0.7628952000, 0.2633208000, 0.5904535000)
(0.7647361000, 0.2617631000, 0.5887547000)
(0.7627442000, 0.2703633000, 0.5874554000)
(0.7686688000, 0.2690814000, 0.5802746000)
(0.7690967000, 0.2627903000, 0.5826040000)
(0.7679986000, 0.2673891000, 0.5819569000)
(0.7700524000, 0.2739587000, 0.5761442000)
(0.7695101000, 0.2720881000, 0.5777596000)
(0.7686962000, 0.2676510000, 0.5809174000)
(0.7687846000, 0.2721035000, 0.5787269000)
(0.7693037000, 0.2724815000, 0.5778403000)
(0.7702726000, 0.2727711000, 0.5764309000)
(0.7701579000, 0.2683846000, 0.5786164000)
(0.7704151000, 0.2718086000, 0.5766852000)
(0.7730861000, 0.2718954000, 0.5730492000)
(0.7720716000, 0.2714065000, 0.5746488000)
(0.7712093000, 0.2703037000, 0.5763379000)
(0.7738732000, 0.2692677000, 0.5732439000)
(0.7748609000, 0.2697018000, 0.5717022000)
(0.7757868000, 0.2703401000, 0.5701226000)
(0.7729123000, 0.2699479000, 0.5742189000)
(0.7716703000, 0.2690301000, 0.5763091000)
(0.7708491000, 0.2688844000, 0.5774754000)
(0.7702705000, 0.2697918000, 0.5778338000)
(0.7710513000, 0.2716053000, 0.5759234000)
(0.7721901000, 0.2716306000, 0.5743808000)
(0.7755681000, 0.2707339000, 0.5702556000)
(0.7757403000, 0.2715592000, 0.5696102000)
(0.7755013000, 0.2711930000, 0.5701224000)
(0.7753872000, 0.2714317000, 0.5701726000)
(0.7755947000, 0.2723784000, 0.5694198000)
(0.7743051000, 0.2823684000, 0.5663090000)
(0.7784387000, 0.3146359000, 0.5431561000)
(0.7757897000, 0.3234026000, 0.5418066000)
(0.7728187000, 0.3249004000, 0.5451465000)
(0.7733234000, 0.3378887000, 0.5364547000)
(0.7698047000, 0.3471882000, 0.5355916000)
(0.7694167000, 0.3412835000, 0.5399173000)
(0.7713310000, 0.3387639000, 0.5387552000)
(0.7701624000, 0.3339864000, 0.5433991000)
(0.7701071000, 0.3317032000, 0.5448906000)
(0.7679349000, 0.3248537000, 0.5520326000)
(0.7656128000, 0.3298184000, 0.5522906000)
(0.7663838000, 0.3264614000, 0.5532206000)
(0.7712888000, 0.3271184000, 0.5459746000)
(0.7733369000, 0.3277278000, 0.5427067000)
(0.7725722000, 0.3299171000, 0.5424588000)
(0.7667628000, 0.3303137000, 0.5504204000)
(0.7621058000, 0.3325340000, 0.5555278000)
(0.7576061000, 0.3364519000, 0.5593070000)
(0.7596928000, 0.3396966000, 0.5544788000)
(0.7556081000, 0.3453702000, 0.5565498000)
(0.7535592000, 0.3426517000, 0.5609962000)
(0.7521169000, 0.3532859000, 0.5563260000)
(0.7528111000, 0.3516579000, 0.5564152000)
(0.7509830000, 0.3536247000, 0.5576248000)
(0.7541108000, 0.3557594000, 0.5520309000)
(0.7531785000, 0.3540501000, 0.5543950000)
(0.7512785000, 0.3556411000, 0.5559433000)
(0.7549950000, 0.3455035000, 0.5573193000)
(0.7536167000, 0.3458871000, 0.5589387000)
(0.7547472000, 0.3433061000, 0.5590101000)
(0.7617247000, 0.3411354000, 0.5507923000)
(0.7636721000, 0.3420756000, 0.5475191000)
(0.7676995000, 0.3392739000, 0.5436265000)
(0.7718710000, 0.3461910000, 0.5332567000)
(0.7766629000, 0.3446715000, 0.5272418000)
(0.7778572000, 0.3438715000, 0.5259938000)
(0.7784158000, 0.3331248000, 0.5320414000)
(0.7746770000, 0.3323122000, 0.5379900000)
(0.7726055000, 0.3376612000, 0.5376315000)
(0.7752216000, 0.3331673000, 0.5366711000)
(0.7753973000, 0.3384206000, 0.5331038000)
(0.7796421000, 0.3347597000, 0.5292388000)
(0.7744615000, 0.3358449000, 0.5360920000)
(0.7755952000, 0.3356624000, 0.5345773000)
(0.7756844000, 0.3341632000, 0.5353677000)
(0.7764840000, 0.3338182000, 0.5344332000)
(0.7754917000, 0.3336678000, 0.5359573000)
(0.7768693000, 0.3350683000, 0.5330876000)
(0.7757179000, 0.3334479000, 0.5357845000)
(0.7808763000, 0.3446504000, 0.5209938000)
(0.7840806000, 0.3471314000, 0.5144892000)
(0.7844819000, 0.3514633000, 0.5109394000)
(0.7852560000, 0.3458664000, 0.5135509000)
(0.7880192000, 0.3464312000, 0.5089110000)
(0.7884569000, 0.3425854000, 0.5108469000)
(0.7874460000, 0.3417403000, 0.5129568000)
(0.7866470000, 0.3409847000, 0.5146996000)
(0.7864486000, 0.3464088000, 0.5113703000)
(0.7873129000, 0.3465797000, 0.5099207000)
(0.7880015000, 0.3463486000, 0.5090038000)
(0.7884881000, 0.3477898000, 0.5072571000)
(0.7884449000, 0.3480203000, 0.5071598000)
(0.7890329000, 0.3471996000, 0.5068257000)
(0.7897984000, 0.3455404000, 0.5067550000)
(0.7898328000, 0.3443886000, 0.5075009000)
(0.7894972000, 0.3427312000, 0.5091295000)
(0.7896306000, 0.3418424000, 0.5095080000)
(0.7901164000, 0.3409034000, 0.5093950000)
(0.7903440000, 0.3399824000, 0.5096729000)
(0.7920478000, 0.3401809000, 0.5068732000)
(0.7933149000, 0.3382562000, 0.5061724000)
(0.7942348000, 0.3350816000, 0.5068349000)
(0.7943668000, 0.3365112000, 0.5056842000)
(0.7934296000, 0.3420582000, 0.5034392000)
(0.7932708000, 0.3383898000, 0.5061726000)
(0.7926454000, 0.3353781000, 0.5091491000)
(0.7924880000, 0.3315822000, 0.5118618000)
(0.7926254000, 0.3310368000, 0.5120127000)
(0.7880737000, 0.3259239000, 0.5222004000)
(0.7884490000, 0.3198851000, 0.5253676000)
(0.7804505000, 0.3231978000, 0.5351906000)
(0.7808570000, 0.3231539000, 0.5346146000)
(0.7811865000, 0.3235641000, 0.5338997000)
(0.7828256000, 0.3165783000, 0.5356592000)
(0.7843713000, 0.3200992000, 0.5313065000)
(0.7826297000, 0.3179750000, 0.5351421000)
(0.7837474000, 0.3193556000, 0.5326700000)
(0.7836415000, 0.3114206000, 0.5375033000)
(0.7851032000, 0.3053556000, 0.5388431000)
(0.7795892000, 0.3079481000, 0.5453459000)
(0.7792383000, 0.3050059000, 0.5474869000)
(0.7791781000, 0.3061334000, 0.5469397000)
(0.7787345000, 0.3065993000, 0.5473161000)
(0.7784920000, 0.3067102000, 0.5476116000)
(0.7784226000, 0.3050391000, 0.5486248000)
(0.7781420000, 0.3046030000, 0.5492573000)
(0.7784187000, 0.3028294000, 0.5498582000)
(0.7778798000, 0.3015732000, 0.5513132000)
(0.7773370000, 0.3012372000, 0.5522513000)
(0.7768307000, 0.2956385000, 0.5559707000)
(0.7771628000, 0.2927935000, 0.5570260000)
(0.7748671000, 0.2805743000, 0.5664272000)
(0.7813048000, 0.2770444000, 0.5592704000)
(0.7847604000, 0.2735042000, 0.5561792000)
(0.7856569000, 0.2756516000, 0.5538509000)
(0.7844688000, 0.2759432000, 0.5553809000)
(0.7843038000, 0.2741561000, 0.5565118000)
(0.7832880000, 0.2735776000, 0.5582041000)
(0.7832442000, 0.2746510000, 0.5577460000)
(0.7830219000, 0.2743553000, 0.5582138000)
(0.7827660000, 0.2721856000, 0.5596260000)
(0.7825070000, 0.2707153000, 0.5606995000)
(0.7824990000, 0.2731448000, 0.5595158000)
(0.7826608000, 0.2725201000, 0.5595939000)
(0.7825335000, 0.2716009000, 0.5602436000)
(0.7827805000, 0.2722552000, 0.5595733000)
(0.7825769000, 0.2738135000, 0.5590944000)
(0.7827671000, 0.2670615000, 0.5620891000)
(0.7833893000, 0.2599206000, 0.5645683000)
(0.7766288000, 0.2608648000, 0.5733997000)
(0.7757679000, 0.2399220000, 0.5836046000)
(0.7711936000, 0.2044360000, 0.6028565000)
(0.0000000000, 0.0000000000, 0.0000000000)
(0.0000000000, 0.0000000000, 0.0000000000)
(0.0000000000, 0.0000000000, 0.0000000000)
(0.0000000000, 0.0000000000, 0.0000000000)
(0.0000000000, 0.0000000000, 0.0000000000)
(0.0000000000, 0.0000000000, 0.0000000000)
(0.0000000000, 0.0000000000, 0.0000000000)
(0.0000000000, 0.0000000000, 0.0000000000)
(0.0000000000, 0.0000000000, 0.0000000000)
(0.0000000000, 0.0000000000, 0.0000000000)
(0.0000000000, 0.0000000000, 0.0000000000)
(0.0000000000, 0.0000000000, 0.0000000000)
(0.0000000000, 0.0000000000, 0.0000000000)
(0.0000000000, 0.0000000000, 0.0000000000)
(0.7703406000, 0.1801760000, 0.6116294000)
(0.7641925000, 0.1606938000, 0.6246476000)
(0.7602749000, 0.1580180000, 0.6300731000)
(0.7607498000, 0.1551501000, 0.6302056000)
(0.7609257000, 0.1585319000, 0.6291610000)
(0.7597611000, 0.1485831000, 0.6329780000)
(0.7594777000, 0.1569916000, 0.6312940000)
(0.7636172000, 0.1514413000, 0.6276404000)
(0.7651280000, 0.1441762000, 0.6275089000)
(0.7635100000, 0.1414761000, 0.6301047000)
(0.7671365000, 0.1452664000, 0.6248048000)
(0.7644582000, 0.1380015000, 0.6297140000)
(0.7646381000, 0.1412538000, 0.6287746000)
(0.7660276000, 0.1369531000, 0.6280320000)
(0.7656149000, 0.1416902000, 0.6274917000)
(0.7648049000, 0.1417364000, 0.6284711000)
(0.7611151000, 0.1415435000, 0.6329681000)
(0.7602718000, 0.1451681000, 0.6331652000)
(0.7602989000, 0.1426654000, 0.6336927000)
(0.7603229000, 0.1410786000, 0.6340288000)
(0.7608719000, 0.1435041000, 0.6328284000)
(0.7607844000, 0.1462066000, 0.6323031000)
(0.7601420000, 0.1451809000, 0.6333200000)
(0.7610480000, 0.1478051000, 0.6316320000)
(0.7610010000, 0.1507295000, 0.6309735000)
(0.7610588000, 0.1525810000, 0.6304722000)
(0.7612002000, 0.1559821000, 0.6294726000)
(0.7602084000, 0.1661939000, 0.6280621000)
(0.7594816000, 0.1709559000, 0.6276544000)
(0.7616372000, 0.1679350000, 0.6258545000)
(0.7628467000, 0.1726051000, 0.6231126000)
(0.7620251000, 0.1673641000, 0.6255232000)
(0.7625375000, 0.1737960000, 0.6231573000)
(0.7634359000, 0.1778311000, 0.6209137000)
(0.7614634000, 0.1827851000, 0.6218945000)
(0.7627565000, 0.1788953000, 0.6214431000)
(0.7641135000, 0.1856843000, 0.6177599000)
(0.7637935000, 0.1809456000, 0.6195657000)
(0.7631433000, 0.1917535000, 0.6171102000)
(0.7627810000, 0.1901892000, 0.6180391000)
(0.7603313000, 0.1897371000, 0.6211778000)
(0.7626818000, 0.1880200000, 0.6188308000)
(0.7651620000, 0.1888902000, 0.6154934000)
(0.7724668000, 0.1973840000, 0.6035866000)
(0.7740272000, 0.1998411000, 0.6007660000)
(0.7753580000, 0.1971759000, 0.5999460000)
(0.7739066000, 0.1969195000, 0.6018982000)
(0.7728026000, 0.1970366000, 0.6032616000)
(0.7730324000, 0.1977623000, 0.6027448000)
(0.7720848000, 0.2011839000, 0.6028274000)
(0.7705718000, 0.2051580000, 0.6034225000)
(0.7659804000, 0.2098923000, 0.6076069000)
(0.7653370000, 0.2078633000, 0.6091147000)
(0.0000000000, 0.0000000000, 0.0000000000)
(0.0000000000, 0.0000000000, 0.0000000000)
(0.0000000000, 0.0000000000, 0.0000000000)
(0.0000000000, 0.0000000000, 0.0000000000)
(0.0000000000, 0.0000000000, 0.0000000000)
(0.0000000000, 0.0000000000, 0.0000000000)
(0.0000000000, 0.0000000000, 0.0000000000)
(0.0000000000, 0.0000000000, 0.0000000000)
(0.0000000000, 0.0000000000, 0.0000000000)
(0.0000000000, 0.0000000000, 0.0000000000)
(0.0000000000, 0.0000000000, 0.0000000000)
(0.0000000000, 0.0000000000, 0.0000000000)
(0.0000000000, 0.0000000000, 0.0000000000)
(0.0000000000, 0.0000000000, 0.0000000000)
(0.0000000000, 0.0000000000, 0.0000000000)
(0.7539564000, 0.2171550000, 0.6199844000)
(0.7597849000, 0.2303161000, 0.6080080000)
(0.7627907000, 0.2315478000, 0.6037475000)
(0.7633659000, 0.2355225000, 0.6014858000)
(0.7646505000, 0.2278780000, 0.6027965000)
(0.7629375000, 0.2390724000, 0.6006370000)
(0.7639920000, 0.2392259000, 0.5992284000)
(0.7643898000, 0.2388765000, 0.5988490000)
(0.7646948000, 0.2366413000, 0.5993526000)
(0.7645827000, 0.2401555000, 0.5980960000)
(0.7680661000, 0.2380493000, 0.5944723000)
(0.7681743000, 0.2395606000, 0.5937306000)
(0.7695856000, 0.2431927000, 0.5904150000)
(0.7685125000, 0.2464696000, 0.5904470000)
(0.7687716000, 0.2463968000, 0.5901251000)
(0.7685416000, 0.2469161000, 0.5902172000)
(0.7693300000, 0.2454687000, 0.5898015000)
(0.7721310000, 0.2348476000, 0.5904577000)
(0.7705649000, 0.2389975000, 0.5908477000)
(0.7696585000, 0.2422298000, 0.5907174000)
(0.7734270000, 0.2521925000, 0.5815405000)
(0.7711341000, 0.2659445000, 0.5784534000)
(0.7683880000, 0.2638359000, 0.5830536000)
(0.7774786000, 0.2765928000, 0.5647968000)
(0.0000000000, 0.0000000000, 0.0000000000)
(0.0000000000, 0.0000000000, 0.0000000000)
(0.0000000000, 0.0000000000, 0.0000000000)
(0.0000000000, 0.0000000000, 0.0000000000)
(0.0000000000, 0.0000000000, 0.0000000000)
(0.0000000000, 0.0000000000, 0.0000000000)
(0.0000000000, 0.0000000000, 0.0000000000)
(0.0000000000, 0.0000000000, 0.0000000000)
(0.0000000000, 0.0000000000, 0.0000000000)
(0.0000000000, 0.0000000000, 0.0000000000)
(0.0000000000, 0.0000000000, 0.0000000000)
(0.0000000000, 0.0000000000, 0.0000000000)
(0.0000000000, 0.0000000000, 0.0000000000)
(0.0000000000, 0.0000000000, 0.0000000000)
(0.0000000000, 0.0000000000, 0.0000000000)
(0.0000000000, 0.0000000000, 0.0000000000)
(0.0000000000, 0.0000000000, 0.0000000000)
(0.0000000000, 0.0000000000, 0.0000000000)
(0.0000000000, 0.0000000000, 0.0000000000)
(0.0000000000, 0.0000000000, 0.0000000000)
(0.0000000000, 0.0000000000, 0.0000000000)
(0.0000000000, 0.0000000000, 0.0000000000)
(0.0000000000, 0.0000000000, 0.0000000000)
(0.0000000000, 0.0000000000, 0.0000000000)
(0.0000000000, 0.0000000000, 0.0000000000)
(0.0000000000, 0.0000000000, 0.0000000000)
(0.0000000000, 0.0000000000, 0.0000000000)
(0.7304423000, 0.3480564000, 0.5876140000)
(0.7386572000, 0.3262684000, 0.5898533000)
(0.7450353000, 0.3170447000, 0.5868376000)
(0.7450370000, 0.3187684000, 0.5859199000)
(0.7484956000, 0.3136191000, 0.5842861000)
(0.7532820000, 0.2736103000, 0.5980760000)
(0.7598251000, 0.2632005000, 0.5944519000)
(0.7573067000, 0.2686144000, 0.5952541000)
(0.7587382000, 0.2769285000, 0.5895751000)
(0.7615778000, 0.2707591000, 0.5887970000)
(0.7612991000, 0.2701037000, 0.5894452000)
(0.7606180000, 0.2704625000, 0.5901706000)
(0.7626138000, 0.2689215000, 0.5882879000)
(0.7622203000, 0.2677215000, 0.5893574000)
(0.7628673000, 0.2736191000, 0.5857967000)
(0.7639168000, 0.2834249000, 0.5797348000)
(0.7679917000, 0.2848881000, 0.5736003000)
(0.7673217000, 0.2846373000, 0.5746045000)
(0.7668892000, 0.2853852000, 0.5748342000)
(0.7681738000, 0.2859912000, 0.5728022000)
(0.7669371000, 0.2889789000, 0.5729543000)
(0.7670073000, 0.2842354000, 0.5752260000)
(0.7649459000, 0.2872199000, 0.5765079000)
(0.7626919000, 0.2864802000, 0.5798343000)
(0.7613682000, 0.2810941000, 0.5841872000)
(0.7621631000, 0.2829563000, 0.5822704000)
(0.7590929000, 0.2873067000, 0.5841293000)
(0.7592391000, 0.2827461000, 0.5861781000)
(0.7593833000, 0.2827721000, 0.5859665000)
(0.7594582000, 0.2827426000, 0.5858775000)
(0.7601180000, 0.2822667000, 0.5852516000)
(0.7566981000, 0.2796893000, 0.5908908000)
(0.7569281000, 0.2760207000, 0.5923269000)
(0.7573645000, 0.2790809000, 0.5903392000)
(0.7559316000, 0.2754559000, 0.5938731000)
(0.7576701000, 0.2734261000, 0.5925778000)
(0.7560710000, 0.2702522000, 0.5960617000)
(0.7573172000, 0.2690596000, 0.5950206000)
(0.7600833000, 0.2780606000, 0.5873117000)
(0.7586302000, 0.2772521000, 0.5895792000)
(0.7592674000, 0.2688070000, 0.5926452000)
(0.7602172000, 0.2632012000, 0.5939546000)
(0.7569721000, 0.2606795000, 0.5991802000)
(0.7565582000, 0.2651114000, 0.5977613000)
(0.7568492000, 0.2720437000, 0.5942578000)
(0.7563031000, 0.2726348000, 0.5946926000)
(0.7558262000, 0.2729332000, 0.5951645000)
(0.7548373000, 0.2712986000, 0.5971496000)
(0.7536343000, 0.2729850000, 0.5979110000)
(0.7526533000, 0.2737845000, 0.5987787000)
(0.7531924000, 0.2769551000, 0.5966356000)
(0.7539495000, 0.2796164000, 0.5944466000)
(0.7549427000, 0.2822717000, 0.5919246000)
(0.7539175000, 0.2818628000, 0.5934134000)
(0.7553691000, 0.2822597000, 0.5913741000)
(0.7556658000, 0.2849585000, 0.5897084000)
(0.7565352000, 0.2860739000, 0.5880386000)
(0.7565764000, 0.2858119000, 0.5881264000)
(0.7627763000, 0.2802600000, 0.5827743000)
(0.7591494000, 0.2782351000, 0.5884397000)
(0.7617264000, 0.2846783000, 0.5819929000)
(0.7616209000, 0.2857255000, 0.5816280000)
(0.7619535000, 0.2853133000, 0.5813751000)
(0.7626676000, 0.2845061000, 0.5808306000)
(0.7633290000, 0.2852606000, 0.5796117000)
(0.7640454000, 0.2838877000, 0.5793419000)
(0.7622883000, 0.2857059000, 0.5807599000)
(0.7620726000, 0.2854817000, 0.5811530000)
(0.7619250000, 0.2851309000, 0.5814987000)
(0.7617865000, 0.2841564000, 0.5821790000)
(0.7617730000, 0.2836753000, 0.5824169000)
(0.7632279000, 0.2843508000, 0.5801772000)
(0.7631596000, 0.2845762000, 0.5801668000)
(0.7617502000, 0.2845471000, 0.5820225000)
(0.7564039000, 0.2905405000, 0.5860343000)
(0.7551369000, 0.2886064000, 0.5886171000)
(0.7556354000, 0.2892621000, 0.5876321000)
(0.7539437000, 0.2877768000, 0.5905413000)
(0.7532344000, 0.2893329000, 0.5906736000)
(0.7522711000, 0.2883474000, 0.5924014000)
(0.7535475000, 0.2879500000, 0.5909734000)
(0.7526704000, 0.2897637000, 0.5911903000)
(0.7531170000, 0.2879831000, 0.5914888000)
(0.7527133000, 0.2870651000, 0.5924562000)
(0.7534972000, 0.2867027000, 0.5916259000)
(0.7539622000, 0.2874007000, 0.5906934000)
(0.7544522000, 0.2867820000, 0.5903634000)
(0.7545465000, 0.2870218000, 0.5901440000)
(0.7544755000, 0.2859216000, 0.5907663000)
(0.7573329000, 0.2822880000, 0.5888398000)
(0.7580177000, 0.2821895000, 0.5880221000)
(0.7567441000, 0.2818632000, 0.5898200000)
(0.7572699000, 0.2812451000, 0.5894290000)
(0.7592741000, 0.2803336000, 0.5872821000)
(0.7591449000, 0.2794603000, 0.5878695000)
(0.7597862000, 0.2792251000, 0.5871567000)
(0.7593710000, 0.2817770000, 0.5864608000)
(0.7598695000, 0.2813490000, 0.5860118000)
(0.7597547000, 0.2843301000, 0.5847266000)
(0.7602059000, 0.2840030000, 0.5843115000)
(0.7606155000, 0.2842729000, 0.5836419000)
(0.7604191000, 0.2859255000, 0.5830930000)
(0.7605460000, 0.2848383000, 0.5834422000)
(0.7606605000, 0.2853611000, 0.5830611000)
(0.7631453000, 0.2843370000, 0.5802847000)
(0.7615271000, 0.2847770000, 0.5821986000)
(0.7611988000, 0.2860062000, 0.5820339000)
(0.7651089000, 0.2903053000, 0.5747324000)
(0.7680568000, 0.2844343000, 0.5737347000)
(0.7660285000, 0.2835533000, 0.5768747000)
(0.7657672000, 0.2839209000, 0.5770487000)
(0.7659997000, 0.2839386000, 0.5767100000)
(0.7662351000, 0.2858195000, 0.5754786000)
(0.7662208000, 0.2873358000, 0.5747440000)
(0.7663178000, 0.2857525000, 0.5753914000)
(0.7655433000, 0.2870536000, 0.5757797000)
(0.7662145000, 0.2848976000, 0.5759670000)
(0.7659442000, 0.2849335000, 0.5762924000)
(0.7682194000, 0.2861861000, 0.5726374000)
(0.7691128000, 0.2936113000, 0.5676743000)
(0.7681443000, 0.2916920000, 0.5699451000)
(0.7673255000, 0.2940770000, 0.5698314000)
(0.7669057000, 0.2843098000, 0.5753384000)
(0.7676311000, 0.2899354000, 0.5715340000)
(0.7660224000, 0.2847587000, 0.5762946000)
(0.7659789000, 0.2943126000, 0.5715160000)
(0.7666437000, 0.2955403000, 0.5700077000)
(0.7661400000, 0.2933630000, 0.5718009000)
(0.7664508000, 0.2922854000, 0.5719416000)
(0.7667457000, 0.2934832000, 0.5709241000)
(0.7664213000, 0.2944802000, 0.5708475000)
(0.7658845000, 0.2923114000, 0.5726649000)
(0.7662794000, 0.2920306000, 0.5722973000)
(0.7660320000, 0.2925091000, 0.5723752000)
(0.7670770000, 0.2892299000, 0.5726383000)
(0.7676919000, 0.2921758000, 0.5703222000)
(0.7686459000, 0.2839736000, 0.5731612000)
(0.7668229000, 0.2804384000, 0.5773398000)
(0.7653375000, 0.2791411000, 0.5799313000)
(0.7670649000, 0.2767706000, 0.5787758000)
(0.7705703000, 0.2780501000, 0.5734829000)
(0.7710234000, 0.2780006000, 0.5729116000)
(0.7710797000, 0.2784587000, 0.5725983000)
(0.7710173000, 0.2793233000, 0.5722680000)
(0.7690688000, 0.2791906000, 0.5749404000)
(0.7676489000, 0.2740939000, 0.5792769000)
(0.7630992000, 0.2686808000, 0.5877615000)
(0.7641505000, 0.2554814000, 0.5922762000)
(0.7624120000, 0.2558653000, 0.5943486000)
(0.7619144000, 0.2595335000, 0.5934004000)
(0.7628905000, 0.2606368000, 0.5916620000)
(0.7623204000, 0.2592157000, 0.5929937000)
(0.7624506000, 0.2609272000, 0.5920950000)
(0.7622707000, 0.2561866000, 0.5943794000)
(0.7608609000, 0.2588994000, 0.5950053000)
(0.7613225000, 0.2596964000, 0.5940809000)
(0.7593668000, 0.2526536000, 0.5995954000)
(0.7576278000, 0.2592063000, 0.5989920000)
(0.7581040000, 0.2547226000, 0.6003035000)
(0.7578828000, 0.2505462000, 0.6023450000)
(0.7577696000, 0.2518431000, 0.6019530000)
(0.7578098000, 0.2517716000, 0.6019343000)
(0.7576969000, 0.2509077000, 0.6024295000)
(0.7568977000, 0.2470979000, 0.6050108000)
(0.7558255000, 0.2480905000, 0.6059427000)
(0.7558129000, 0.2510575000, 0.6047316000)
(0.7563062000, 0.2524035000, 0.6035404000)
(0.7564672000, 0.2528905000, 0.6031394000)
(0.7539716000, 0.2519597000, 0.6066551000)
(0.7540227000, 0.2522732000, 0.6064484000)
(0.7551171000, 0.2516568000, 0.6053417000)
(0.7546501000, 0.2513645000, 0.6060566000)
(0.7535062000, 0.2513682000, 0.6074850000)
(0.7534010000, 0.2503982000, 0.6080154000)
(0.7507541000, 0.2507579000, 0.6111179000)
(0.7530053000, 0.2501388000, 0.6085899000)
(0.7525623000, 0.2463055000, 0.6107004000)
(0.7523446000, 0.2450702000, 0.6114627000)
(0.7528592000, 0.2455453000, 0.6106547000)
(0.7536187000, 0.2457922000, 0.6096154000)
(0.7538523000, 0.2476151000, 0.6085860000)
(0.7534525000, 0.2483051000, 0.6087907000)
(0.7534980000, 0.2485519000, 0.6086438000)
(0.7549279000, 0.2482409000, 0.6070017000)
(0.7551371000, 0.2487040000, 0.6065375000)
(0.7552581000, 0.2495087000, 0.6060558000)
(0.7549913000, 0.2501077000, 0.6061404000)
(0.7556222000, 0.2493469000, 0.6056745000)
(0.7563559000, 0.2515348000, 0.6038405000)
(0.7530347000, 0.2552497000, 0.6064482000)
(0.7525160000, 0.2562095000, 0.6066858000)
(0.7526174000, 0.2564864000, 0.6064224000)
(0.7535992000, 0.2541521000, 0.6062016000)
(0.7579371000, 0.2519501000, 0.6017064000)
(0.7594041000, 0.2463377000, 0.6021659000)
(0.7620960000, 0.2420230000, 0.6005175000)
(0.7620113000, 0.2412120000, 0.6009517000)
(0.7652282000, 0.2411332000, 0.5968755000)
(0.7618037000, 0.2451084000, 0.5996378000)
(0.7626076000, 0.2467024000, 0.5979659000)
(0.7623172000, 0.2486336000, 0.5975186000)
(0.7628363000, 0.2493653000, 0.5965616000)
(0.7623442000, 0.2499411000, 0.5969537000)
(0.7618060000, 0.2513756000, 0.5970344000)
(0.7608374000, 0.2524034000, 0.5978245000)
(0.7606383000, 0.2523363000, 0.5981202000)
(0.7607316000, 0.2520260000, 0.5981283000)
(0.7610825000, 0.2526548000, 0.5974177000)
(0.7611279000, 0.2530726000, 0.5971860000)
(0.7616556000, 0.2550535000, 0.5956628000)
(0.7620885000, 0.2547997000, 0.5952275000)
(0.7620372000, 0.2547487000, 0.5953021000)
(0.7621471000, 0.2538877000, 0.5955396000)
(0.7619773000, 0.2538198000, 0.5957773000)
(0.7618851000, 0.2538602000, 0.5958664000)
(0.7621282000, 0.2572638000, 0.5941136000)
(0.7597597000, 0.2570070000, 0.5972366000)
(0.7598505000, 0.2608219000, 0.5954636000)
(0.7600891000, 0.2641689000, 0.5936885000)
(0.7635240000, 0.2894122000, 0.5772751000)
(0.7632322000, 0.2787969000, 0.5828749000)
(0.7708998000, 0.2608348000, 0.5810822000)
(0.7706871000, 0.2356303000, 0.5920314000)
(0.7714713000, 0.2379058000, 0.5900975000)
(0.7705949000, 0.1035014000, 0.6288388000)
(0.7580811000, 0.2343494000, 0.6085818000)
(0.7733508000, 0.2975674000, 0.5597796000)
(0.7715824000, 0.2946463000, 0.5637670000)
(0.7756106000, 0.3031602000, 0.5536160000)
(0.7719669000, 0.2787585000, 0.5712582000)
(0.7715016000, 0.2820205000, 0.5702927000)
(0.7700289000, 0.2908867000, 0.5678351000)
(0.7708398000, 0.2793663000, 0.5725005000)
(0.7722201000, 0.2973026000, 0.5614799000)
(0.7715396000, 0.2995491000, 0.5612277000)
(0.7734891000, 0.3079972000, 0.5539249000)
(0.7717111000, 0.3038099000, 0.5586947000)
(0.7568442000, 0.3084698000, 0.5762079000)
(0.7608449000, 0.3066029000, 0.5719284000)
(0.7626145000, 0.3070000000, 0.5693380000)
(0.7672988000, 0.3027188000, 0.5653157000)
(0.7613510000, 0.3074937000, 0.5707634000)
(0.7627476000, 0.3083057000, 0.5684473000)
(0.7608035000, 0.3117244000, 0.5691954000)
(0.7579964000, 0.3161781000, 0.5704952000)
(0.7629753000, 0.3066411000, 0.5690477000)
(0.7629682000, 0.3143420000, 0.5648590000)
(0.7642700000, 0.3154502000, 0.5624620000)
(0.7646105000, 0.3176450000, 0.5607766000)
(0.7662905000, 0.3189350000, 0.5577366000)
(0.7677657000, 0.3142782000, 0.5583469000)
(0.7682170000, 0.3134676000, 0.5581715000)
(0.7637661000, 0.3184389000, 0.5614750000)
(0.7634954000, 0.3202942000, 0.5607659000)
(0.7630939000, 0.3193916000, 0.5618439000)
(0.7678223000, 0.3191607000, 0.5554949000)
(0.7657701000, 0.3232129000, 0.5559821000)
(0.7648871000, 0.3223774000, 0.5576868000)
(0.7653882000, 0.3250299000, 0.5554339000)
(0.7677118000, 0.3293435000, 0.5496622000)
(0.7700572000, 0.3305436000, 0.5456405000)
(0.7697331000, 0.3380936000, 0.5414584000)
(0.7667133000, 0.3415065000, 0.5436045000)
(0.7673721000, 0.3397904000, 0.5437382000)
(0.7673829000, 0.3393679000, 0.5439922000)
(0.7682576000, 0.3364677000, 0.5445587000)
(0.7664395000, 0.3177071000, 0.5582294000)
(0.7617058000, 0.3098220000, 0.5690209000)
(0.7648533000, 0.3090439000, 0.5652201000)
(0.7615445000, 0.3176506000, 0.5649196000)
(0.7630994000, 0.3147291000, 0.5644601000)
(0.7647076000, 0.3102732000, 0.5647420000)
(0.7639909000, 0.3103496000, 0.5656654000)
(0.7625774000, 0.3087099000, 0.5684738000)
(0.7629975000, 0.3077311000, 0.5684351000)
(0.7666396000, 0.3150698000, 0.5594515000)
(0.7660702000, 0.3149489000, 0.5602858000)
(0.7637255000, 0.2992014000, 0.5720069000)
(0.7642690000, 0.2945397000, 0.5736954000)
(0.7629110000, 0.2573610000, 0.5930538000)
(0.7636994000, 0.2420496000, 0.5984703000)
(0.7616386000, 0.2216288000, 0.6089084000)
(0.7581971000, 0.1999292000, 0.6205988000)
(0.7613127000, 0.1912436000, 0.6195356000)
(0.7596291000, 0.1739424000, 0.6266509000)
(0.7570586000, 0.1794640000, 0.6282056000)
(0.7625419000, 0.1843743000, 0.6201096000)
(0.7606631000, 0.1874484000, 0.6214812000)
(0.7594393000, 0.1937458000, 0.6210393000)
(0.7602753000, 0.1994117000, 0.6182207000)
(0.7604084000, 0.2049854000, 0.6162336000)
(0.7602074000, 0.2014996000, 0.6176275000)
(0.7548757000, 0.1976740000, 0.6253558000)
(0.7554734000, 0.1959158000, 0.6251916000)
(0.7535196000, 0.1875528000, 0.6300939000)
(0.7525327000, 0.1874789000, 0.6312883000)
(0.7522198000, 0.1866055000, 0.6319132000)
(0.7529185000, 0.1920382000, 0.6294549000)
(0.7518742000, 0.1969797000, 0.6291668000)
(0.7511881000, 0.2014116000, 0.6285964000)
(0.7518442000, 0.2115035000, 0.6244786000)
(0.7481440000, 0.2094380000, 0.6296069000)
(0.7460783000, 0.2164424000, 0.6296773000)
(0.7517133000, 0.2208807000, 0.6213784000)
(0.7529592000, 0.2196349000, 0.6203244000)
(0.7521572000, 0.2184108000, 0.6217261000)
(0.7530903000, 0.2202658000, 0.6199374000)
(0.7500932000, 0.2197551000, 0.6237360000)
(0.7498551000, 0.2220545000, 0.6232194000)
(0.7518471000, 0.2223650000, 0.6206907000)
(0.7523324000, 0.2226206000, 0.6200158000)
(0.7532269000, 0.2227182000, 0.6188993000)
(0.7540158000, 0.2267600000, 0.6164649000)
(0.7569503000, 0.2268058000, 0.6128432000)
(0.7616054000, 0.2154058000, 0.6111827000)
(0.7625875000, 0.2168527000, 0.6094372000)
(0.7635932000, 0.2168097000, 0.6081906000)
(0.7619466000, 0.2178432000, 0.6098998000)
(0.7602521000, 0.2178651000, 0.6120002000)
(0.7611521000, 0.2201185000, 0.6100661000)
(0.7599040000, 0.2155393000, 0.6132522000)
(0.7624305000, 0.2291888000, 0.6051078000)
(0.7623888000, 0.2283765000, 0.6054636000)
(0.7634363000, 0.2286940000, 0.6040374000)
(0.7640566000, 0.2359985000, 0.6004143000)
(0.7639722000, 0.2286378000, 0.6033751000)
(0.7639610000, 0.2270443000, 0.6039917000)
(0.7651008000, 0.2296157000, 0.6015574000)
(0.7652169000, 0.2303508000, 0.6011449000)
(0.7644777000, 0.2309725000, 0.6018454000)
(0.7632123000, 0.2305735000, 0.6036005000)
(0.7628134000, 0.2299261000, 0.6043459000)
(0.7620307000, 0.2275102000, 0.6062337000)
(0.7821321000, 0.2604804000, 0.5660447000)
(0.7851379000, 0.2716043000, 0.5565842000)
(0.7849703000, 0.2741421000, 0.5555732000)
(0.7875665000, 0.2588186000, 0.5592269000)
(0.7850055000, 0.2640443000, 0.5603865000)
(0.7848781000, 0.2655681000, 0.5598513000)
(0.7851601000, 0.2606573000, 0.5617622000)
(0.7848187000, 0.2572810000, 0.5637755000)
(0.7849441000, 0.2569111000, 0.5637724000)
(0.7839079000, 0.2532345000, 0.5668651000)
(0.7834678000, 0.2528263000, 0.5676518000)
(0.7826577000, 0.2540364000, 0.5682491000)
(0.7858828000, 0.2507824000, 0.5652241000)
(0.7839279000, 0.2485250000, 0.5689149000)
(0.7820405000, 0.2463812000, 0.5724306000)
(0.7817184000, 0.2464777000, 0.5728327000)
(0.7811514000, 0.2460702000, 0.5737911000)
(0.7816619000, 0.2464655000, 0.5729206000)
(0.7821354000, 0.2511931000, 0.5702193000)
(0.7773372000, 0.2526154000, 0.5761236000)
(0.7750564000, 0.2561022000, 0.5776614000)
(0.7699564000, 0.2578526000, 0.5836715000)
(0.7694285000, 0.2553332000, 0.5854737000)
(0.7703235000, 0.2550992000, 0.5843881000)
(0.7706049000, 0.2546700000, 0.5842153000)
(0.7706237000, 0.2540952000, 0.5844229000)
(0.7706623000, 0.2547265000, 0.5841024000)
(0.7715167000, 0.2554065000, 0.5826728000)
(0.7706732000, 0.2470806000, 0.5873647000)
(0.7725166000, 0.2535456000, 0.5821569000)
(0.7715419000, 0.2632590000, 0.5791436000)
(0.7670002000, 0.2660041000, 0.5839056000)
(0.7697911000, 0.2618268000, 0.5821150000)
(0.7692667000, 0.2832732000, 0.5726907000)
(0.0000000000, 0.0000000000, 0.0000000000)
(0.0000000000, 0.0000000000, 0.0000000000)
(0.0000000000, 0.0000000000, 0.0000000000)
(0.0000000000, 0.0000000000, 0.0000000000)
(0.0000000000, 0.0000000000, 0.0000000000)
(0.0000000000, 0.0000000000, 0.0000000000)
(0.0000000000, 0.0000000000, 0.0000000000)
(0.0000000000, 0.0000000000, 0.0000000000)
(0.0000000000, 0.0000000000, 0.0000000000)
(0.0000000000, 0.0000000000, 0.0000000000)
(0.0000000000, 0.0000000000, 0.0000000000)
(0.0000000000, 0.0000000000, 0.0000000000)
(0.0000000000, 0.0000000000, 0.0000000000)
(0.0000000000, 0.0000000000, 0.0000000000)
(0.0000000000, 0.0000000000, 0.0000000000)
(0.0000000000, 0.0000000000, 0.0000000000)
(0.0000000000, 0.0000000000, 0.0000000000)
(0.7688782000, 0.2402383000, 0.5925331000)
(0.7662099000, 0.2505843000, 0.5916959000)
(0.7691640000, 0.2455387000, 0.5899894000)
(0.7673723000, 0.2384882000, 0.5951792000)
(0.7747756000, 0.2444221000, 0.5830721000)
(0.7718072000, 0.2464725000, 0.5861380000)
(0.7700568000, 0.2350784000, 0.5930830000)
(0.7726682000, 0.2377895000, 0.5885764000)
(0.7717960000, 0.2346871000, 0.5909517000)
(0.7726234000, 0.2382390000, 0.5884609000)
(0.7705985000, 0.2389347000, 0.5908256000)
(0.7722932000, 0.2382277000, 0.5888931000)
(0.7706509000, 0.2399920000, 0.5903335000)
(0.7699071000, 0.2391143000, 0.5916377000)
(0.7678653000, 0.2388339000, 0.5944102000)
(0.7676674000, 0.2352894000, 0.5960736000)
(0.7673529000, 0.2350278000, 0.5965904000)
(0.7674005000, 0.2345651000, 0.5967146000)
(0.7671643000, 0.2308925000, 0.5984474000)
(0.7656173000, 0.2323439000, 0.5998500000)
(0.7651068000, 0.2369053000, 0.5987327000)
(0.7646148000, 0.2374524000, 0.5991405000)
(0.7640184000, 0.2365859000, 0.6002381000)
(0.7632309000, 0.2351858000, 0.6017810000)
(0.7630482000, 0.2332072000, 0.6027836000)
(0.7627443000, 0.2330279000, 0.6032407000)
(0.7628971000, 0.2325681000, 0.6032383000)
(0.7641599000, 0.2299438000, 0.6026433000)
(0.7644165000, 0.2272782000, 0.6033221000)
(0.7641516000, 0.2288190000, 0.6030762000)
(0.7638920000, 0.2231347000, 0.6055130000)
(0.7644327000, 0.2229242000, 0.6049311000)
(0.7633517000, 0.2233496000, 0.6061301000)
(0.7645428000, 0.2201802000, 0.6057974000)
(0.7643835000, 0.2204158000, 0.6058931000)
(0.7643659000, 0.2204603000, 0.6059074000)
(0.7645996000, 0.2202564000, 0.6056810000)
(0.7647670000, 0.2206051000, 0.6053551000)
(0.7651177000, 0.2239111000, 0.6036944000)
(0.7708341000, 0.2214193000, 0.5972889000)
(0.7703936000, 0.2161872000, 0.5997922000)
(0.7740157000, 0.2249211000, 0.5918545000)
(0.7734594000, 0.2251379000, 0.5924916000)
(0.7733198000, 0.2230064000, 0.5934763000)
(0.7743672000, 0.2265267000, 0.5907824000)
(0.7765952000, 0.2312423000, 0.5860192000)
(0.7749152000, 0.2328426000, 0.5875992000)
(0.7748062000, 0.2309348000, 0.5884874000)
(0.7751050000, 0.2324204000, 0.5875222000)
(0.7762721000, 0.2338302000, 0.5854068000)
(0.7761676000, 0.2346621000, 0.5852294000)
(0.7768939000, 0.2332229000, 0.5848354000)
(0.7770388000, 0.2313876000, 0.5853754000)
(0.7774132000, 0.2341626000, 0.5837634000)
(0.7776406000, 0.2359546000, 0.5827442000)
(0.7714429000, 0.2474672000, 0.5861960000)
(0.7687260000, 0.2516047000, 0.5879887000)
(0.7739776000, 0.2498694000, 0.5818154000)
(0.7750495000, 0.2441725000, 0.5827977000)
(0.7749789000, 0.2588608000, 0.5765253000)
(0.7639305000, 0.2403149000, 0.5988665000)
(0.0000000000, 0.0000000000, 0.0000000000)
(0.0000000000, 0.0000000000, 0.0000000000)
(0.0000000000, 0.0000000000, 0.0000000000)
(0.0000000000, 0.0000000000, 0.0000000000)
(0.0000000000, 0.0000000000, 0.0000000000)
(0.0000000000, 0.0000000000, 0.0000000000)
(0.0000000000, 0.0000000000, 0.0000000000)
(0.0000000000, 0.0000000000, 0.0000000000)
(0.0000000000, 0.0000000000, 0.0000000000)
(0.0000000000, 0.0000000000, 0.0000000000)
(0.0000000000, 0.0000000000, 0.0000000000)
(0.0000000000, 0.0000000000, 0.0000000000)
(0.0000000000, 0.0000000000, 0.0000000000)
(0.0000000000, 0.0000000000, 0.0000000000)
(0.0000000000, 0.0000000000, 0.0000000000)
(0.0000000000, 0.0000000000, 0.0000000000)
(0.0000000000, 0.0000000000, 0.0000000000)
(0.0000000000, 0.0000000000, 0.0000000000)
(0.7569752000, 0.2413709000, 0.6072050000)
(0.7574261000, 0.2466289000, 0.6045251000)
(0.7576166000, 0.2596254000, 0.5988193000)
(0.7599024000, 0.2608465000, 0.5953995000)
(0.7602808000, 0.2594869000, 0.5955101000)
(0.7618668000, 0.2575433000, 0.5943146000)
(0.7580176000, 0.2641642000, 0.5963408000)
(0.7635450000, 0.2731176000, 0.5851267000)
(0.7636251000, 0.2788662000, 0.5823228000)
(0.7619750000, 0.2799092000, 0.5839804000)
(0.7602239000, 0.2808096000, 0.5858150000)
(0.7567050000, 0.2664301000, 0.5969939000)
(0.7575043000, 0.2643114000, 0.5969134000)
(0.7587579000, 0.2659136000, 0.5946150000)
(0.7607651000, 0.2684073000, 0.5909056000)
(0.7571198000, 0.2777136000, 0.5913052000)
(0.7572334000, 0.2837039000, 0.5882852000)
(0.7584880000, 0.2893054000, 0.5839484000)
(0.7584197000, 0.2946652000, 0.5813289000)
(0.7575694000, 0.2947681000, 0.5823978000)
(0.7580200000, 0.2914345000, 0.5834825000)
(0.7575558000, 0.2904477000, 0.5845748000)
(0.7596541000, 0.2896381000, 0.5822562000)
(0.7541577000, 0.2924416000, 0.5879808000)
(0.7540877000, 0.2919846000, 0.5882759000)
(0.7534785000, 0.2858515000, 0.5920607000)
(0.7517095000, 0.2838555000, 0.5952615000)
(0.7517730000, 0.2866562000, 0.5938365000)
(0.7515669000, 0.2872863000, 0.5938082000)
(0.7521660000, 0.2757929000, 0.5984595000)
(0.7494534000, 0.2740730000, 0.6026410000)
(0.7522908000, 0.2704589000, 0.6007434000)
(0.7516646000, 0.2742392000, 0.5998238000)
(0.7509794000, 0.2717743000, 0.6017926000)
(0.7527860000, 0.2657549000, 0.6022301000)
(0.7538490000, 0.2624455000, 0.6023371000)
(0.7522979000, 0.2583888000, 0.6060135000)
(0.7528240000, 0.2580959000, 0.6054898000)
(0.7481775000, 0.2586555000, 0.6109881000)
(0.7505037000, 0.2531619000, 0.6104388000)
(0.7465997000, 0.2560890000, 0.6139852000)
(0.7487249000, 0.2554919000, 0.6116504000)
(0.7501008000, 0.2524593000, 0.6112190000)
(0.7508904000, 0.2494235000, 0.6115023000)
(0.7514506000, 0.2438262000, 0.6130775000)
(0.7519900000, 0.2329137000, 0.6166394000)
(0.7479985000, 0.2345444000, 0.6208728000)
(0.7475714000, 0.2249752000, 0.6248972000)
(0.7523291000, 0.2142053000, 0.6229865000)
(0.7479034000, 0.2129633000, 0.6286958000)
(0.7505252000, 0.2105384000, 0.6263816000)
(0.7529841000, 0.2119241000, 0.6229610000)
(0.7540982000, 0.2100162000, 0.6222590000)
(0.7525602000, 0.2031953000, 0.6263682000)
(0.7524599000, 0.2025426000, 0.6267193000)
(0.7543853000, 0.2041834000, 0.6238509000)
(0.7543748000, 0.2042652000, 0.6238354000)
(0.7541043000, 0.2039326000, 0.6242855000)
(0.7546388000, 0.2002005000, 0.6248489000)
(0.7543848000, 0.2034020000, 0.6240956000)
(0.7567684000, 0.2053228000, 0.6205880000)
(0.7565219000, 0.2078064000, 0.6200543000)
(0.7599030000, 0.2027363000, 0.6175963000)
(0.7610328000, 0.2074172000, 0.6146510000)
(0.7615149000, 0.2088585000, 0.6135690000)
(0.7638032000, 0.2136455000, 0.6090472000)
(0.7635388000, 0.2083604000, 0.6112029000)
(0.7644399000, 0.2069416000, 0.6105591000)
(0.7638940000, 0.1985187000, 0.6140412000)
(0.7657655000, 0.2022978000, 0.6104624000)
(0.7678560000, 0.2149333000, 0.6034802000)
(0.7719838000, 0.2281604000, 0.5932592000)
(0.7715119000, 0.2184885000, 0.5975103000)
(0.7538122000, 0.1550826000, 0.6385062000)
(0.0000000000, 0.0000000000, 0.0000000000)
(0.0000000000, 0.0000000000, 0.0000000000)
(0.0000000000, 0.0000000000, 0.0000000000)
(0.0000000000, 0.0000000000, 0.0000000000)
(0.0000000000, 0.0000000000, 0.0000000000)
(0.0000000000, 0.0000000000, 0.0000000000)
(0.0000000000, 0.0000000000, 0.0000000000)
(0.0000000000, 0.0000000000, 0.0000000000)
(0.0000000000, 0.0000000000, 0.0000000000)
(0.0000000000, 0.0000000000, 0.0000000000)
(0.0000000000, 0.0000000000, 0.0000000000)
(0.0000000000, 0.0000000000, 0.0000000000)
(0.0000000000, 0.0000000000, 0.0000000000)
(0.0000000000, 0.0000000000, 0.0000000000)
(0.0000000000, 0.0000000000, 0.0000000000)
(0.0000000000, 0.0000000000, 0.0000000000)
(0.7687262000, 0.3089098000, 0.5600154000)
(0.7704166000, 0.3119033000, 0.5560072000)
(0.7636464000, 0.3046094000, 0.5692365000)
(0.7617479000, 0.3072992000, 0.5703490000)
(0.7579389000, 0.3111565000, 0.5733185000)
(0.7533317000, 0.3057979000, 0.5821966000)
(0.7507284000, 0.3024424000, 0.5872997000)
(0.7470121000, 0.2953944000, 0.5955668000)
(0.7558741000, 0.2836188000, 0.5900729000)
(0.7421283000, 0.2771972000, 0.6102391000)
(0.7007486000, 0.2661080000, 0.6618930000)
(0.7225320000, 0.1288849000, 0.6792120000)
(0.8173493000, -0.0396612100, 0.5747448000)
(0.7103098000, 0.1252409000, 0.6926544000)
(0.7837876000, -0.0121392300, 0.6208929000)
(0.7352182000, 0.0472582700, 0.6761564000)
(0.6297125000, 0.1919497000, 0.7527290000)
(0.7458966000, 0.2619572000, 0.6123592000)
(0.7579648000, 0.3004846000, 0.5789506000)
(0.7626436000, 0.2959811000, 0.5751237000)
(0.7670211000, 0.3178208000, 0.5573571000)
(0.7652835000, 0.3234475000, 0.5565082000)
(0.7682629000, 0.3228672000, 0.5527226000)
(0.7735940000, 0.3181194000, 0.5480372000)
(0.7741571000, 0.3142161000, 0.5494980000)
(0.7666763000, 0.3297102000, 0.5508949000)
(0.7695094000, 0.3358993000, 0.5431526000)
(0.7683376000, 0.3361624000, 0.5446500000)
(0.7735872000, 0.3323540000, 0.5395153000)
(0.7820042000, 0.3192952000, 0.5352535000)
(0.7833139000, 0.3194441000, 0.5332427000)
(0.7818179000, 0.3340234000, 0.5264777000)
(0.7781729000, 0.3557558000, 0.5175537000)
(0.7789243000, 0.3589952000, 0.5141871000)
(0.7771561000, 0.3658116000, 0.5120357000)
(0.7786617000, 0.3609183000, 0.5132349000)
(0.7751703000, 0.3487754000, 0.5267333000)
(0.7754803000, 0.3490205000, 0.5261297000)
(0.7751944000, 0.3445647000, 0.5294691000)
(0.7719136000, 0.3470664000, 0.5326133000)
(0.7734023000, 0.3432246000, 0.5329539000)
(0.7728838000, 0.3376155000, 0.5372550000)
(0.7715284000, 0.3353385000, 0.5406358000)
(0.7687454000, 0.3396641000, 0.5418970000)
(0.7685363000, 0.3354733000, 0.5447783000)
(0.7684338000, 0.3376065000, 0.5436026000)
(0.7723777000, 0.3399588000, 0.5365053000)
(0.7727111000, 0.3378507000, 0.5373574000)
(0.7735810000, 0.3364540000, 0.5369800000)
(0.7732269000, 0.3371629000, 0.5370491000)
(0.7717702000, 0.3382410000, 0.5384756000)
(0.7717417000, 0.3358354000, 0.5400053000)
(0.7717596000, 0.3323695000, 0.5421374000)
(0.7716063000, 0.3280591000, 0.5449636000)
(0.7715077000, 0.3280199000, 0.5451339000)
(0.7713695000, 0.3278986000, 0.5454057000)
(0.7705008000, 0.3282204000, 0.5464193000)
(0.7704515000, 0.3265322000, 0.5475056000)
(0.7719554000, 0.3245976000, 0.5465353000)
(0.7729255000, 0.3238938000, 0.5455977000)
(0.7728838000, 0.3242271000, 0.5454546000)
(0.7726115000, 0.3247848000, 0.5455106000)
(0.7723160000, 0.3212936000, 0.5479931000)
(0.7725064000, 0.3157258000, 0.5509381000)
(0.7709553000, 0.3141929000, 0.5539721000)
(0.7720504000, 0.3092982000, 0.5551946000)
(0.7732772000, 0.3116341000, 0.5521886000)
(0.7725335000, 0.3110568000, 0.5535532000)
(0.7722964000, 0.3133931000, 0.5525764000)
(0.7724348000, 0.3148687000, 0.5515324000)
(0.7728409000, 0.3167998000, 0.5498613000)
(0.7729647000, 0.3176357000, 0.5491956000)
(0.7731463000, 0.3174758000, 0.5490321000)
(0.7731450000, 0.3173336000, 0.5491105000)
(0.7734333000, 0.3174115000, 0.5486709000)
(0.7737300000, 0.3181244000, 0.5478240000)
(0.7737122000, 0.3181096000, 0.5478601000)
(0.7735941000, 0.3186711000, 0.5476989000)
(0.7735636000, 0.3181303000, 0.5480689000)
(0.7739445000, 0.3175737000, 0.5478579000)
(0.7780809000, 0.3135175000, 0.5443231000)
(0.7766058000, 0.3063268000, 0.5504815000)
(0.7851673000, 0.2967451000, 0.5435549000)
(0.7818015000, 0.2827148000, 0.5557408000)
(0.7869866000, 0.2801222000, 0.5496901000)
(0.7851349000, 0.2797679000, 0.5525094000)
(0.7853611000, 0.2854975000, 0.5492449000)
(0.7864367000, 0.2877265000, 0.5465510000)
(0.7865495000, 0.2902785000, 0.5450280000)
(0.7869824000, 0.2898605000, 0.5446433000)
(0.7876127000, 0.2889164000, 0.5442124000)
(0.7876633000, 0.2889292000, 0.5441351000)
(0.7877249000, 0.2887310000, 0.5441514000)
(0.7878176000, 0.2880731000, 0.5443594000)
(0.7828612000, 0.2833524000, 0.5539029000)
(0.7752091000, 0.2623806000, 0.5746124000)
(0.7743630000, 0.2589849000, 0.5772851000)
(0.7720253000, 0.2545643000, 0.5823742000)
(0.7738476000, 0.2542927000, 0.5800603000)
(0.7739289000, 0.2555019000, 0.5794203000)
(0.7736590000, 0.2565264000, 0.5793462000)
(0.7720364000, 0.2526848000, 0.5831802000)
(0.7736268000, 0.2551229000, 0.5800000000)
(0.7735282000, 0.2529405000, 0.5810844000)
(0.7729618000, 0.2524890000, 0.5820295000)
(0.7739077000, 0.2537270000, 0.5802377000)
(0.7731690000, 0.2537945000, 0.5811844000)
(0.7715525000, 0.2512092000, 0.5844474000)
(0.7708842000, 0.2489686000, 0.5862929000)
(0.7717950000, 0.2469546000, 0.5859517000)
(0.7705505000, 0.2449081000, 0.5884333000)
(0.7676394000, 0.2422641000, 0.5933223000)
(0.7645598000, 0.2423076000, 0.5972620000)
(0.7650303000, 0.2377248000, 0.5984983000)
(0.7676688000, 0.2449696000, 0.5921493000)
(0.7696651000, 0.2483573000, 0.5881396000)
(0.7621576000, 0.2477443000, 0.5980880000)
(0.7589583000, 0.2487750000, 0.6017380000)
(0.7626711000, 0.2421248000, 0.5997477000)
(0.7594004000, 0.2363969000, 0.6061406000)
(0.7581523000, 0.2539108000, 0.6005914000)
(0.0000000000, 0.0000000000, 0.0000000000)
(0.0000000000, 0.0000000000, 0.0000000000)
(0.0000000000, 0.0000000000, 0.0000000000)
(0.0000000000, 0.0000000000, 0.0000000000)
(0.0000000000, 0.0000000000, 0.0000000000)
(0.0000000000, 0.0000000000, 0.0000000000)
(0.0000000000, 0.0000000000, 0.0000000000)
(0.0000000000, 0.0000000000, 0.0000000000)
(0.0000000000, 0.0000000000, 0.0000000000)
(0.0000000000, 0.0000000000, 0.0000000000)
(0.0000000000, 0.0000000000, 0.0000000000)
(0.0000000000, 0.0000000000, 0.0000000000)
(0.0000000000, 0.0000000000, 0.0000000000)
(0.0000000000, 0.0000000000, 0.0000000000)
(0.0000000000, 0.0000000000, 0.0000000000)
(0.0000000000, 0.0000000000, 0.0000000000)
(0.0000000000, 0.0000000000, 0.0000000000)
(0.7532840000, 0.3134735000, 0.5781741000)
(0.7463335000, 0.3099497000, 0.5889854000)
(0.7528925000, 0.3032241000, 0.5841187000)
(0.7446041000, 0.2910267000, 0.6006992000)
(0.7437013000, 0.3039703000, 0.5953901000)
(0.7470765000, 0.3003319000, 0.5930225000)
(0.7467044000, 0.2931569000, 0.5970507000)
(0.7465258000, 0.2948279000, 0.5964454000)
(0.7462810000, 0.2957371000, 0.5963209000)
(0.7458785000, 0.2969258000, 0.5962228000)
(0.7459033000, 0.2959134000, 0.5966993000)
(0.7459860000, 0.2956357000, 0.5967240000)
(0.7461064000, 0.2954989000, 0.5966398000)
(0.7461181000, 0.2958918000, 0.5964346000)
(0.7458676000, 0.2940230000, 0.5976752000)
(0.7421069000, 0.2866946000, 0.6058688000)
(0.7410808000, 0.2852186000, 0.6078144000)
(0.7396288000, 0.2831802000, 0.6105263000)
(0.7421389000, 0.2824179000, 0.6078241000)
(0.7388672000, 0.2784576000, 0.6136134000)
(0.7401336000, 0.2788191000, 0.6119235000)
(0.7393375000, 0.2732294000, 0.6153912000)
(0.7398112000, 0.2672177000, 0.6174634000)
(0.7384717000, 0.2631981000, 0.6207871000)
(0.7383747000, 0.2637126000, 0.6206728000)
(0.7392262000, 0.2575883000, 0.6222339000)
(0.7387283000, 0.2576135000, 0.6228196000)
(0.7459531000, 0.2638114000, 0.6115169000)
(0.7444549000, 0.2644958000, 0.6130247000)
(0.7353407000, 0.2529043000, 0.6287177000)
(0.7409591000, 0.2473272000, 0.6243241000)
(0.7473170000, 0.2438285000, 0.6180910000)
(0.7470274000, 0.1483587000, 0.6480095000)
(0.7215875000, 0.2246940000, 0.6548363000)
(0.7053975000, 0.1477145000, 0.6932425000)
(0.7503268000, 0.0679515300, 0.6575575000)
(0.8205705000, 0.0031041750, 0.5715213000)
(0.8201798000, -0.0898863700, 0.5649778000)
(0.7243421000, 0.1676843000, 0.6687345000)
(0.7459050000, 0.1532767000, 0.6481665000)
(0.6595504000, 0.1372252000, 0.7390146000)
(0.7331943000, 0.2352008000, 0.6380285000)
(0.7483549000, 0.2303816000, 0.6219984000)
(0.7437699000, 0.2501633000, 0.6198456000)
(0.7474498000, 0.2621913000, 0.6103647000)
(0.7448612000, 0.2569302000, 0.6157600000)
(0.7429801000, 0.2570948000, 0.6179643000)
(0.7494212000, 0.2550512000, 0.6109865000)
(0.7439117000, 0.2662922000, 0.6129282000)
(0.7423545000, 0.2754723000, 0.6107359000)
(0.7406718000, 0.2764705000, 0.6123379000)
(0.7391121000, 0.2820986000, 0.6116553000)
(0.7387784000, 0.2845987000, 0.6108981000)
(0.7386974000, 0.2836587000, 0.6114378000)
(0.7385702000, 0.2873016000, 0.6098821000)
(0.7394757000, 0.2864638000, 0.6091772000)
(0.7392386000, 0.2840680000, 0.6105895000)
(0.7432007000, 0.2609787000, 0.6160582000)
(0.7416165000, 0.2688653000, 0.6145756000)
(0.7440350000, 0.2609552000, 0.6150485000)
(0.7453176000, 0.2610157000, 0.6134725000)
(0.7464749000, 0.2624637000, 0.6114431000)
(0.7453769000, 0.2687061000, 0.6100692000)
(0.7471887000, 0.2680189000, 0.6081663000)
(0.7469819000, 0.2667444000, 0.6089780000)
(0.7482125000, 0.2720887000, 0.6050982000)
(0.7482945000, 0.2714262000, 0.6052901000)
(0.7479808000, 0.2751740000, 0.6039790000)
(0.7482138000, 0.2738467000, 0.6042860000)
(0.7510818000, 0.2716358000, 0.6017240000)
(0.7533252000, 0.2649497000, 0.6019131000)
(0.7499438000, 0.2745534000, 0.6018174000)
(0.7498527000, 0.2784505000, 0.6001512000)
(0.7545562000, 0.2763172000, 0.5952080000)
(0.7521052000, 0.2770023000, 0.5979759000)
(0.7564688000, 0.2727919000, 0.5944047000)
(0.7615070000, 0.2670603000, 0.5905628000)
(0.7624737000, 0.2617141000, 0.5917043000)
(0.7664300000, 0.2524238000, 0.5906351000)
(0.7660884000, 0.2529573000, 0.5908471000)
(0.7682803000, 0.2472161000, 0.5904419000)
(0.7689441000, 0.2430287000, 0.5913063000)
(0.7650599000, 0.2327046000, 0.6004405000)
(0.7681579000, 0.1992119000, 0.6084656000)
(0.7619042000, 0.2096637000, 0.6128047000)
(0.7666605000, 0.2154376000, 0.6048114000)
(0.7625166000, 0.2202438000, 0.6083057000)
(0.7636586000, 0.2144762000, 0.6089507000)
(0.7630916000, 0.2126963000, 0.6102743000)
(0.7644672000, 0.2059086000, 0.6108720000)
(0.7529284000, 0.2132697000, 0.6225609000)
(0.7540346000, 0.2111989000, 0.6219370000)
(0.7553064000, 0.2117310000, 0.6202176000)
(0.7557872000, 0.2100362000, 0.6202119000)
(0.7600598000, 0.2078270000, 0.6157020000)
(0.7622042000, 0.2116163000, 0.6117500000)
(0.7702612000, 0.2256303000, 0.5964683000)
(0.7753406000, 0.2199387000, 0.5919898000)
(0.7701497000, 0.2015858000, 0.6051503000)
(0.7348186000, 0.1745896000, 0.6554061000)
(0.0000000000, 0.0000000000, 0.0000000000)
(0.0000000000, 0.0000000000, 0.0000000000)
(0.0000000000, 0.0000000000, 0.0000000000)
(0.0000000000, 0.0000000000, 0.0000000000)
(0.0000000000, 0.0000000000, 0.0000000000)
(0.0000000000, 0.0000000000, 0.0000000000)
(0.0000000000, 0.0000000000, 0.0000000000)
(0.0000000000, 0.0000000000, 0.0000000000)
(0.0000000000, 0.0000000000, 0.0000000000)
(0.0000000000, 0.0000000000, 0.0000000000)
(0.0000000000, 0.0000000000, 0.0000000000)
(0.0000000000, 0.0000000000, 0.0000000000)
(0.0000000000, 0.0000000000, 0.0000000000)
(0.0000000000, 0.0000000000, 0.0000000000)
(0.0000000000, 0.0000000000, 0.0000000000)
(0.0000000000, 0.0000000000, 0.0000000000)
(0.6787778000, 0.4820109000, 0.5539882000)
(0.6809072000, 0.5176046000, 0.5181059000)
(0.6702569000, 0.5525079000, 0.4954456000)
(0.6799096000, 0.5392361000, 0.4969088000)
(0.6919435000, 0.5152769000, 0.5056677000)
(0.6861762000, 0.5125340000, 0.5161855000)
(0.7111613000, 0.4604407000, 0.5312437000)
(0.7122194000, 0.4456846000, 0.5423139000)
(0.7170908000, 0.4414244000, 0.5393547000)
(0.7146648000, 0.4571814000, 0.5293482000)
(0.7219464000, 0.4480999000, 0.5272328000)
(0.7292284000, 0.4259188000, 0.5355343000)
(0.7361220000, 0.4023578000, 0.5442451000)
(0.7344548000, 0.3958157000, 0.5512531000)
(0.7473179000, 0.3741946000, 0.5490572000)
(0.7461486000, 0.3514240000, 0.5654582000)
(0.7512993000, 0.3497880000, 0.5596355000)
(0.7560936000, 0.3430250000, 0.5573400000)
(0.7562166000, 0.3501752000, 0.5527118000)
(0.7630268000, 0.3451206000, 0.5465052000)
(0.7597349000, 0.3449799000, 0.5511588000)
(0.7573498000, 0.3610075000, 0.5441355000)
(0.7578506000, 0.3631053000, 0.5420460000)
(0.7569818000, 0.3614379000, 0.5443501000)
(0.7552622000, 0.3635387000, 0.5453436000)
(0.7588561000, 0.3611681000, 0.5419263000)
(0.7597623000, 0.3637872000, 0.5388913000)
(0.7613019000, 0.3648233000, 0.5359989000)
(0.7623743000, 0.3628954000, 0.5357821000)
(0.7595950000, 0.3602325000, 0.5415017000)
(0.7595713000, 0.3610710000, 0.5409781000)
(0.7612517000, 0.3652813000, 0.5357679000)
(0.7632917000, 0.3667215000, 0.5318786000)
(0.7593084000, 0.3692405000, 0.5358253000)
(0.7617751000, 0.3652169000, 0.5350609000)
(0.7573427000, 0.3647336000, 0.5416411000)
(0.7593167000, 0.3620988000, 0.5406481000)
(0.7579766000, 0.3697587000, 0.5373308000)
(0.7558877000, 0.3752077000, 0.5365103000)
(0.7596283000, 0.3728389000, 0.5328629000)
(0.7577586000, 0.3790579000, 0.5311215000)
(0.7568946000, 0.3786858000, 0.5326133000)
(0.7568481000, 0.3796228000, 0.5320219000)
(0.7566598000, 0.3833080000, 0.5296421000)
(0.7620010000, 0.3788931000, 0.5251563000)
(0.7598468000, 0.3756646000, 0.5305509000)
(0.7513485000, 0.3592701000, 0.5535078000)
(0.7525025000, 0.3286705000, 0.5707046000)
(0.7517917000, 0.3264721000, 0.5728824000)
(0.7538932000, 0.3263150000, 0.5702132000)
(0.7524689000, 0.3266661000, 0.5718942000)
(0.7558818000, 0.3270642000, 0.5671521000)
(0.7539928000, 0.3289905000, 0.5685371000)
(0.7570004000, 0.3194397000, 0.5699992000)
(0.7561728000, 0.3243610000, 0.5683095000)
(0.7589235000, 0.3166271000, 0.5690009000)
(0.7582005000, 0.3159192000, 0.5703511000)
(0.7583883000, 0.3151680000, 0.5705317000)
(0.7576107000, 0.3182172000, 0.5698588000)
(0.7545014000, 0.3223296000, 0.5716717000)
(0.7589014000, 0.3183295000, 0.5680847000)
(0.7596383000, 0.3153530000, 0.5687511000)
(0.7603369000, 0.3157167000, 0.5676201000)
(0.7609686000, 0.3158261000, 0.5667231000)
(0.7607183000, 0.3164070000, 0.5667302000)
(0.7583597000, 0.3224027000, 0.5665153000)
(0.7614388000, 0.3202455000, 0.5635893000)
(0.7665433000, 0.3288183000, 0.5516162000)
(0.7703336000, 0.3196647000, 0.5517014000)
(0.7712716000, 0.3162220000, 0.5523926000)
(0.7726551000, 0.3143228000, 0.5515459000)
(0.7726114000, 0.3143023000, 0.5516147000)
(0.7713825000, 0.3158467000, 0.5524374000)
(0.7702171000, 0.3207731000, 0.5512416000)
(0.7696039000, 0.3281879000, 0.5477226000)
(0.7701671000, 0.3266056000, 0.5478593000)
(0.7703950000, 0.3241203000, 0.5490060000)
(0.7689698000, 0.3237419000, 0.5512311000)
(0.7676343000, 0.3110858000, 0.5603113000)
(0.7638507000, 0.3025032000, 0.5701031000)
(0.7587656000, 0.2957375000, 0.5803527000)
(0.7562082000, 0.2946678000, 0.5842009000)
(0.7522451000, 0.3019690000, 0.5856022000)
(0.7601101000, 0.2951093000, 0.5789054000)
(0.0000000000, 0.0000000000, 0.0000000000)
(0.0000000000, 0.0000000000, 0.0000000000)
(0.0000000000, 0.0000000000, 0.0000000000)
(0.0000000000, 0.0000000000, 0.0000000000)
(0.0000000000, 0.0000000000, 0.0000000000)
(0.0000000000, 0.0000000000, 0.0000000000)
(0.0000000000, 0.0000000000, 0.0000000000)
(0.0000000000, 0.0000000000, 0.0000000000)
(0.0000000000, 0.0000000000, 0.0000000000)
(0.0000000000, 0.0000000000, 0.0000000000)
(0.0000000000, 0.0000000000, 0.0000000000)
(0.0000000000, 0.0000000000, 0.0000000000)
(0.0000000000, 0.0000000000, 0.0000000000)
(0.0000000000, 0.0000000000, 0.0000000000)
(0.0000000000, 0.0000000000, 0.0000000000)
(0.0000000000, 0.0000000000, 0.0000000000)
(0.0000000000, 0.0000000000, 0.0000000000)
(0.0000000000, 0.0000000000, 0.0000000000)
(0.7556454000, 0.3269507000, 0.5675304000)
(0.7483625000, 0.3262284000, 0.5775031000)
(0.7534057000, 0.3320739000, 0.5675377000)
(0.7527295000, 0.3239179000, 0.5731195000)
(0.7543253000, 0.3243137000, 0.5707791000)
(0.7553215000, 0.3283209000, 0.5671651000)
(0.7578432000, 0.3207095000, 0.5681700000)
(0.7543328000, 0.3249206000, 0.5704304000)
(0.7573445000, 0.3294981000, 0.5637808000)
(0.7576693000, 0.3241709000, 0.5664287000)
(0.7556207000, 0.3187716000, 0.5721921000)
(0.7536364000, 0.3241587000, 0.5717763000)
(0.7546381000, 0.3213617000, 0.5720395000)
(0.7573078000, 0.3077281000, 0.5759945000)
(0.7566786000, 0.3104250000, 0.5753849000)
(0.7612631000, 0.3102335000, 0.5694079000)
(0.7582346000, 0.3187837000, 0.5687192000)
(0.7592413000, 0.3137345000, 0.5701879000)
(0.7600177000, 0.3079628000, 0.5722885000)
(0.7602677000, 0.3059422000, 0.5730313000)
(0.7602407000, 0.3064357000, 0.5728250000)
(0.7600077000, 0.3070254000, 0.5727968000)
(0.7591897000, 0.3050421000, 0.5749415000)
(0.7585295000, 0.3034354000, 0.5766775000)
(0.7578363000, 0.3018323000, 0.5784268000)
(0.7580064000, 0.2984676000, 0.5799378000)
(0.7581277000, 0.2979796000, 0.5800321000)
(0.7581552000, 0.2977336000, 0.5801161000)
(0.7573169000, 0.2945241000, 0.5828322000)
(0.7591433000, 0.2810852000, 0.5871015000)
(0.7576615000, 0.2760237000, 0.5913967000)
(0.7599172000, 0.2770841000, 0.5879779000)
(0.7599366000, 0.2753715000, 0.5887694000)
(0.7601295000, 0.2737841000, 0.5892637000)
(0.7621866000, 0.2763055000, 0.5854006000)
(0.7627246000, 0.2780960000, 0.5838747000)
(0.7641885000, 0.2779662000, 0.5820087000)
(0.7643543000, 0.2767982000, 0.5823361000)
(0.7643244000, 0.2759037000, 0.5828111000)
(0.7643599000, 0.2759523000, 0.5827307000)
(0.7623371000, 0.2805669000, 0.5831925000)
(0.7604615000, 0.2858391000, 0.5830698000)
(0.7599778000, 0.2873116000, 0.5829828000)
(0.7602071000, 0.2946165000, 0.5790168000)
(0.7601663000, 0.3050516000, 0.5736588000)
(0.7570462000, 0.3165834000, 0.5715193000)
(0.7600431000, 0.3303484000, 0.5596235000)
(0.7604160000, 0.3282080000, 0.5603702000)
(0.7535290000, 0.3321000000, 0.5673507000)
(0.7557136000, 0.3272279000, 0.5672641000)
(0.7551439000, 0.3206695000, 0.5717585000)
(0.7519337000, 0.3176742000, 0.5776255000)
(0.7482607000, 0.3187177000, 0.5818248000)
(0.7486414000, 0.3147199000, 0.5834979000)
(0.7496884000, 0.3103065000, 0.5845126000)
(0.7506273000, 0.3043414000, 0.5864451000)
(0.7513094000, 0.3031444000, 0.5862030000)
(0.7512937000, 0.3032850000, 0.5861389000)
(0.7505450000, 0.2986744000, 0.5894554000)
(0.7504976000, 0.2986493000, 0.5895356000)
(0.7509394000, 0.2955892000, 0.5905017000)
(0.7544892000, 0.2950951000, 0.5862179000)
(0.7557710000, 0.2954628000, 0.5843683000)
(0.7613960000, 0.2884087000, 0.5805755000)
(0.7591602000, 0.2870948000, 0.5841616000)
(0.7606282000, 0.2900197000, 0.5807976000)
(0.7602292000, 0.2867224000, 0.5829501000)
(0.7597592000, 0.2818547000, 0.5859131000)
(0.7599531000, 0.2806927000, 0.5862240000)
(0.7601463000, 0.2799259000, 0.5863566000)
(0.7604976000, 0.2823210000, 0.5847461000)
(0.7605711000, 0.2829454000, 0.5843425000)
(0.7603245000, 0.2826062000, 0.5848322000)
(0.7615389000, 0.2807541000, 0.5841342000)
(0.7612726000, 0.2814671000, 0.5841442000)
(0.7612231000, 0.2831965000, 0.5833790000)
(0.7635618000, 0.2821668000, 0.5808008000)
(0.7659535000, 0.2785865000, 0.5793878000)
(0.7709246000, 0.2791407000, 0.5724762000)
(0.7770559000, 0.2646016000, 0.5710963000)
(0.7728198000, 0.2688352000, 0.5748508000)
(0.7749186000, 0.2720812000, 0.5704853000)
(0.7758610000, 0.2656886000, 0.5722173000)
(0.7760866000, 0.2658885000, 0.5718247000)
(0.7766376000, 0.2687746000, 0.5697278000)
(0.7767153000, 0.2676034000, 0.5701721000)
(0.7772794000, 0.2680753000, 0.5691719000)
(0.7772321000, 0.2685172000, 0.5690257000)
(0.7779393000, 0.2634255000, 0.5704417000)
(0.7774987000, 0.2635157000, 0.5710040000)
(0.7767638000, 0.2637041000, 0.5719078000)
(0.7772486000, 0.2622254000, 0.5719420000)
(0.7688515000, 0.2664455000, 0.5812508000)
(0.7707681000, 0.2622906000, 0.5806007000)
(0.7741941000, 0.2666992000, 0.5739976000)
(0.7732180000, 0.2676203000, 0.5748989000)
(0.7720528000, 0.2690549000, 0.5757862000)
(0.7730526000, 0.2668880000, 0.5754550000)
(0.7715480000, 0.2675516000, 0.5771682000)
(0.7707580000, 0.2662933000, 0.5787902000)
(0.7706333000, 0.2670348000, 0.5786080000)
(0.7705049000, 0.2672449000, 0.5786952000)
(0.7704911000, 0.2674003000, 0.5786484000)
(0.7702453000, 0.2683967000, 0.5785050000)
(0.7700512000, 0.2687131000, 0.5786191000)
(0.7696365000, 0.2701439000, 0.5784960000)
(0.7699664000, 0.2710787000, 0.5776308000)
(0.7703252000, 0.2706633000, 0.5773452000)
(0.7696701000, 0.2707708000, 0.5781590000)
(0.7692375000, 0.2724388000, 0.5779630000)
(0.7669440000, 0.2681290000, 0.5829874000)
(0.7629827000, 0.2768291000, 0.5841345000)
(0.7627911000, 0.2811849000, 0.5822999000)
(0.7570449000, 0.2798248000, 0.5903860000)
(0.7592077000, 0.2791831000, 0.5879111000)
(0.7614148000, 0.2798798000, 0.5847109000)
(0.7597550000, 0.2810726000, 0.5863123000)
(0.7615886000, 0.2775201000, 0.5856150000)
(0.7603953000, 0.2775326000, 0.5871611000)
(0.7596471000, 0.2767654000, 0.5884919000)
(0.7609619000, 0.2768762000, 0.5867411000)
(0.7618251000, 0.2780447000, 0.5850655000)
(0.7608920000, 0.2804001000, 0.5851588000)
(0.7611077000, 0.2777782000, 0.5861154000)
(0.7616040000, 0.2778662000, 0.5854411000)
(0.7577267000, 0.2805386000, 0.5891847000)
(0.7576300000, 0.2757928000, 0.5915477000)
(0.7573994000, 0.2781138000, 0.5907563000)
(0.7588446000, 0.2762387000, 0.5897678000)
(0.7595573000, 0.2652657000, 0.5938691000)
(0.7663127000, 0.2777818000, 0.5792943000)
(0.7662729000, 0.2613801000, 0.5869397000)
(0.7615624000, 0.2540859000, 0.5961854000)
(0.7635742000, 0.2386727000, 0.5999654000)
(0.7606391000, 0.2398477000, 0.6032277000)
(0.7156599000, 0.1936967000, 0.6710420000)
(0.7698476000, 0.3029369000, 0.5617420000)
(0.7607909000, 0.2691053000, 0.5905624000)
(0.7561708000, 0.2766061000, 0.5930287000)
(0.7576401000, 0.2633080000, 0.5971989000)
(0.7535384000, 0.2605652000, 0.6035441000)
(0.7526024000, 0.2764836000, 0.5975921000)
(0.7523913000, 0.2797336000, 0.5963596000)
(0.7508978000, 0.2857918000, 0.5953696000)
(0.7498845000, 0.2684306000, 0.6046467000)
(0.7526762000, 0.2759737000, 0.5977508000)
(0.7459424000, 0.2772489000, 0.6055408000)
(0.7459611000, 0.2839431000, 0.6024187000)
(0.7509709000, 0.2806588000, 0.5977063000)
(0.7526473000, 0.2760943000, 0.5977259000)
(0.7503244000, 0.2784912000, 0.5995374000)
(0.7475345000, 0.2828160000, 0.6009951000)
(0.7463468000, 0.2826790000, 0.6025339000)
(0.7462254000, 0.2821527000, 0.6029341000)
(0.7490557000, 0.2739262000, 0.6032161000)
(0.7498818000, 0.2686407000, 0.6045479000)
(0.7506465000, 0.2703544000, 0.6028497000)
(0.7502285000, 0.2730266000, 0.6021612000)
(0.7481472000, 0.2729561000, 0.6047669000)
(0.7524364000, 0.2742940000, 0.5988094000)
(0.7496347000, 0.2793106000, 0.6000139000)
(0.7513984000, 0.2790067000, 0.5979367000)
(0.7543198000, 0.2773698000, 0.5950264000)
(0.7540619000, 0.2854509000, 0.5915042000)
(0.7537816000, 0.2869076000, 0.5911703000)
(0.7582479000, 0.2887919000, 0.5845054000)
(0.7575051000, 0.3045882000, 0.5774077000)
(0.7595301000, 0.3012867000, 0.5764851000)
(0.7588227000, 0.2961409000, 0.5800580000)
(0.7599974000, 0.2867765000, 0.5832105000)
(0.7576521000, 0.2836317000, 0.5877898000)
(0.7565283000, 0.2847022000, 0.5887341000)
(0.7580090000, 0.2836395000, 0.5873185000)
(0.7624134000, 0.2797253000, 0.5834905000)
(0.7591913000, 0.2853959000, 0.5849450000)
(0.7582051000, 0.2809933000, 0.5883321000)
(0.7592326000, 0.2756685000, 0.5895456000)
(0.0000000000, 0.0000000000, 0.0000000000)
(0.0000000000, 0.0000000000, 0.0000000000)
(0.0000000000, 0.0000000000, 0.0000000000)
(0.0000000000, 0.0000000000, 0.0000000000)
(0.0000000000, 0.0000000000, 0.0000000000)
(0.0000000000, 0.0000000000, 0.0000000000)
(0.0000000000, 0.0000000000, 0.0000000000)
(0.0000000000, 0.0000000000, 0.0000000000)
(0.0000000000, 0.0000000000, 0.0000000000)
(0.0000000000, 0.0000000000, 0.0000000000)
(0.0000000000, 0.0000000000, 0.0000000000)
(0.0000000000, 0.0000000000, 0.0000000000)
(0.0000000000, 0.0000000000, 0.0000000000)
(0.0000000000, 0.0000000000, 0.0000000000)
(0.0000000000, 0.0000000000, 0.0000000000)
(0.0000000000, 0.0000000000, 0.0000000000)
(0.0000000000, 0.0000000000, 0.0000000000)
(0.0000000000, 0.0000000000, 0.0000000000)
(0.0000000000, 0.0000000000, 0.0000000000)
(0.7300979000, 0.4020304000, 0.5525441000)
(0.7366806000, 0.3785997000, 0.5603086000)
(0.7329987000, 0.3844673000, 0.5611390000)
(0.7257930000, 0.4044610000, 0.5564231000)
(0.7248040000, 0.4062839000, 0.5563830000)
(0.7311871000, 0.4069541000, 0.5474904000)
(0.7351426000, 0.3991345000, 0.5479446000)
(0.7275336000, 0.3993069000, 0.5578794000)
(0.7296345000, 0.3964837000, 0.5571397000)
(0.7302384000, 0.3852850000, 0.5641643000)
(0.7351592000, 0.3732547000, 0.5658773000)
(0.7293708000, 0.3772548000, 0.5706877000)
(0.7281464000, 0.3752763000, 0.5735314000)
(0.7309638000, 0.3588742000, 0.5804192000)
(0.7341556000, 0.3493437000, 0.5822019000)
(0.7299044000, 0.3542934000, 0.5845572000)
(0.7310447000, 0.3522916000, 0.5843325000)
(0.7341956000, 0.3392035000, 0.5881096000)
(0.7424939000, 0.3263711000, 0.5849548000)
(0.7381130000, 0.3234002000, 0.5921017000)
(0.7387143000, 0.3234520000, 0.5913167000)
(0.7389371000, 0.3224178000, 0.5916089000)
(0.7350420000, 0.3235320000, 0.5958376000)
(0.7344698000, 0.3321259000, 0.5917997000)
(0.7332011000, 0.3221083000, 0.5988584000)
(0.7304574000, 0.3259084000, 0.6001635000)
(0.7322316000, 0.3276121000, 0.5970672000)
(0.7318406000, 0.3285244000, 0.5970579000)
(0.7339468000, 0.3242919000, 0.5967789000)
(0.7332885000, 0.3259368000, 0.5966827000)
(0.7248918000, 0.3416062000, 0.5981933000)
(0.7280570000, 0.3379754000, 0.5963917000)
(0.7303440000, 0.3395219000, 0.5927187000)
(0.7283400000, 0.3308612000, 0.6000335000)
(0.7306883000, 0.3244005000, 0.6006992000)
(0.7287223000, 0.3226195000, 0.6040379000)
(0.7269166000, 0.3258297000, 0.6044874000)
(0.7291875000, 0.3238685000, 0.6028126000)
(0.7294617000, 0.3214260000, 0.6037753000)
(0.7315550000, 0.3212543000, 0.6013306000)
(0.7307404000, 0.3180910000, 0.6040118000)
(0.7300392000, 0.3183822000, 0.6047080000)
(0.7258533000, 0.3162135000, 0.6108316000)
(0.7249620000, 0.3188844000, 0.6105031000)
(0.7271488000, 0.3221059000, 0.6062061000)
(0.7343162000, 0.3095627000, 0.6040955000)
(0.7344914000, 0.3078879000, 0.6047462000)
(0.7332311000, 0.2964740000, 0.6119205000)
(0.7309366000, 0.3130936000, 0.6063800000)
(0.7333263000, 0.3114624000, 0.6043136000)
(0.7344906000, 0.3030798000, 0.6071661000)
(0.7369759000, 0.2941687000, 0.6085467000)
(0.7370734000, 0.3106613000, 0.6001549000)
(0.7405297000, 0.3006435000, 0.6009999000)
(0.7409656000, 0.3071485000, 0.5971776000)
(0.7412785000, 0.3062726000, 0.5972362000)
(0.7450778000, 0.3046151000, 0.5933347000)
(0.7453526000, 0.3015681000, 0.5945436000)
(0.7452951000, 0.2971094000, 0.5968691000)
(0.7350355000, 0.2941180000, 0.6108952000)
(0.7329503000, 0.2971112000, 0.6119577000)
(0.7350248000, 0.2940809000, 0.6109393000)
(0.7353768000, 0.2954039000, 0.6098660000)
(0.7427728000, 0.2969869000, 0.6000658000)
(0.7482098000, 0.2982057000, 0.5926554000)
(0.7472285000, 0.3032666000, 0.5913129000)
(0.7441492000, 0.2959130000, 0.5988730000)
(0.7463998000, 0.3101579000, 0.5887951000)
(0.7468389000, 0.2969081000, 0.5950426000)
(0.7442673000, 0.3068535000, 0.5931949000)
(0.7419357000, 0.3056297000, 0.5967445000)
(0.7415113000, 0.3081953000, 0.5959604000)
(0.7404140000, 0.3049167000, 0.5989835000)
(0.7392134000, 0.2975009000, 0.6041746000)
(0.7268417000, 0.3061345000, 0.6147983000)
(0.7320480000, 0.2995871000, 0.6118422000)
(0.7346731000, 0.3123512000, 0.6022310000)
(0.7292260000, 0.3023537000, 0.6138461000)
(0.7359274000, 0.2860606000, 0.6136500000)
(0.7324355000, 0.2862062000, 0.6177352000)
(0.7376968000, 0.2909296000, 0.6092179000)
(0.7429425000, 0.2870074000, 0.6046774000)
(0.7481031000, 0.3031608000, 0.5902631000)
(0.7475497000, 0.2925807000, 0.5962825000)
(0.7537543000, 0.2542329000, 0.6059721000)
(0.7435319000, 0.2072840000, 0.6357364000)
(0.7396083000, 0.1808907000, 0.6482461000)
(0.7735330000, 0.1144537000, 0.6233218000)
(0.7127378000, 0.0185617500, 0.7011734000)
(0.7195132000, 0.0772649800, 0.6901499000)
(0.0000000000, 0.0000000000, 0.0000000000)
(0.0000000000, 0.0000000000, 0.0000000000)
(0.0000000000, 0.0000000000, 0.0000000000)
(0.0000000000, 0.0000000000, 0.0000000000)
(0.0000000000, 0.0000000000, 0.0000000000)
(0.0000000000, 0.0000000000, 0.0000000000)
(0.0000000000, 0.0000000000, 0.0000000000)
(0.7561978000, 0.3265864000, 0.5670090000)
(0.7569472000, 0.3343892000, 0.5614331000)
(0.7343956000, 0.3524855000, 0.5799873000)
(0.7338435000, 0.3498643000, 0.5822729000)
(0.7368947000, 0.3511843000, 0.5776089000)
(0.7407382000, 0.3517469000, 0.5723321000)
(0.7498296000, 0.3119414000, 0.5834529000)
(0.7503487000, 0.3147123000, 0.5813058000)
(0.7469089000, 0.3184403000, 0.5837119000)
(0.7473983000, 0.3191573000, 0.5826764000)
(0.7463878000, 0.3191770000, 0.5839614000)
(0.7451039000, 0.3222563000, 0.5839242000)
(0.7363415000, 0.3239920000, 0.5939711000)
(0.7425650000, 0.3100373000, 0.5936706000)
(0.7424000000, 0.3087189000, 0.5945715000)
(0.7385707000, 0.3100053000, 0.5986543000)
(0.7451058000, 0.2989162000, 0.5961889000)
(0.7344490000, 0.3140275000, 0.6016349000)
(0.7399901000, 0.2798653000, 0.6116048000)
(0.7444934000, 0.2718681000, 0.6097414000)
(0.0000000000, 0.0000000000, 0.0000000000)
(0.0000000000, 0.0000000000, 0.0000000000)
(0.0000000000, 0.0000000000, 0.0000000000)
(0.0000000000, 0.0000000000, 0.0000000000)
(0.0000000000, 0.0000000000, 0.0000000000)
(0.0000000000, 0.0000000000, 0.0000000000)
(0.7455118000, 0.2853668000, 0.6023070000)
(0.7499819000, 0.2893798000, 0.5947747000)
(0.7500257000, 0.2800757000, 0.5991673000)
(0.7503271000, 0.2859719000, 0.5959966000)
(0.7465605000, 0.2883904000, 0.5995511000)
(0.7500426000, 0.2842247000, 0.5971990000)
(0.7371108000, 0.2579947000, 0.6245803000)
(0.7338683000, 0.2832587000, 0.6174081000)
(0.7370541000, 0.2398770000, 0.6318233000)
(0.7276242000, 0.2041098000, 0.6548811000)
(0.6927152000, 0.0977985000, 0.7145314000)
(0.0000000000, 0.0000000000, 0.0000000000)
(0.0000000000, 0.0000000000, 0.0000000000)
(0.0000000000, 0.0000000000, 0.0000000000)
(0.0000000000, 0.0000000000, 0.0000000000)
(0.0000000000, 0.0000000000, 0.0000000000)
(0.0000000000, 0.0000000000, 0.0000000000)
(0.0000000000, 0.0000000000, 0.0000000000)
(0.0000000000, 0.0000000000, 0.0000000000)
(0.0000000000, 0.0000000000, 0.0000000000)
(0.6762470000, 0.3172171000, 0.6648685000)
(0.7309893000, 0.3105957000, 0.6075974000)
(0.7478382000, 0.2948710000, 0.5947860000)
(0.7494614000, 0.2994733000, 0.5904310000)
(0.7419454000, 0.2921812000, 0.6034213000)
(0.7440703000, 0.3032202000, 0.5953175000)
(0.7396665000, 0.3007908000, 0.6019934000)
(0.7448972000, 0.2911308000, 0.6003003000)
(0.7411640000, 0.2992348000, 0.6009224000)
(0.7411333000, 0.2957277000, 0.6026966000)
(0.7293125000, 0.3022516000, 0.6137854000)
(0.7270041000, 0.2998578000, 0.6176845000)
(0.7280472000, 0.2971373000, 0.6177697000)
(0.7300766000, 0.2918954000, 0.6178644000)
(0.7322018000, 0.2869394000, 0.6176735000)
(0.7368456000, 0.2883793000, 0.6114574000)
(0.7321568000, 0.2850363000, 0.6186215000)
(0.7311296000, 0.2819441000, 0.6212440000)
(0.7343701000, 0.2832512000, 0.6168047000)
(0.7379468000, 0.2902415000, 0.6092333000)
(0.7413852000, 0.2808507000, 0.6094719000)
(0.7391194000, 0.2801490000, 0.6125365000)
(0.7376246000, 0.2830319000, 0.6130161000)
(0.7351946000, 0.2892204000, 0.6130459000)
(0.7357205000, 0.2908492000, 0.6116301000)
(0.7338379000, 0.2877328000, 0.6153649000)
(0.7334836000, 0.2922285000, 0.6136694000)
(0.7347366000, 0.2985673000, 0.6091057000)
(0.7337495000, 0.2983254000, 0.6104125000)
(0.7325846000, 0.3042377000, 0.6088784000)
(0.7290565000, 0.3010636000, 0.6146793000)
(0.7359702000, 0.3063779000, 0.6037173000)
(0.7371289000, 0.3133998000, 0.5986786000)
(0.7352867000, 0.3079642000, 0.6037389000)
(0.7370217000, 0.3051946000, 0.6030115000)
(0.7361745000, 0.3082643000, 0.6024960000)
(0.7361013000, 0.3056661000, 0.6039212000)
(0.7373992000, 0.3123156000, 0.5988948000)
(0.7343892000, 0.3174751000, 0.5998994000)
(0.7360780000, 0.3073929000, 0.6030698000)
(0.7364351000, 0.3024302000, 0.6051296000)
(0.7351016000, 0.3054134000, 0.6052493000)
(0.7342194000, 0.3109281000, 0.6035234000)
(0.7380436000, 0.3193761000, 0.5943711000)
(0.7380043000, 0.3127009000, 0.5979564000)
(0.7412832000, 0.3168575000, 0.5916751000)
(0.7400623000, 0.3063579000, 0.5986952000)
(0.7405386000, 0.3055931000, 0.5985005000)
(0.7409477000, 0.3047539000, 0.5984167000)
(0.7395082000, 0.3244026000, 0.5898173000)
(0.7388313000, 0.3203785000, 0.5928360000)
(0.7375851000, 0.3210839000, 0.5940306000)
(0.7364083000, 0.3117402000, 0.6004201000)
(0.7336094000, 0.3154702000, 0.6018839000)
(0.7349703000, 0.3231373000, 0.5961397000)
(0.7354806000, 0.3188339000, 0.5978329000)
(0.7355553000, 0.3183818000, 0.5979800000)
(0.7356160000, 0.3172155000, 0.5985181000)
(0.7373806000, 0.3161228000, 0.5969350000)
(0.7401658000, 0.3050528000, 0.5992400000)
(0.7398708000, 0.3054190000, 0.5994126000)
(0.7436339000, 0.3068105000, 0.5940306000)
(0.7441058000, 0.3101223000, 0.5917056000)
(0.7533112000, 0.3051454000, 0.5825614000)
(0.7502027000, 0.3086004000, 0.5847487000)
(0.7511656000, 0.3073979000, 0.5841477000)
(0.7510708000, 0.3098968000, 0.5829635000)
(0.7502677000, 0.3148004000, 0.5813649000)
(0.7503812000, 0.3148094000, 0.5812001000)
(0.7505020000, 0.3158939000, 0.5804785000)
(0.7520608000, 0.3083480000, 0.5825094000)
(0.7519263000, 0.3080171000, 0.5828477000)
(0.7519213000, 0.3097689000, 0.5819372000)
(0.7516912000, 0.3497193000, 0.5591522000)
(0.7549834000, 0.3423970000, 0.5592361000)
(0.7554834000, 0.3485571000, 0.5547278000)
(0.7613043000, 0.3523513000, 0.5442862000)
(0.7596115000, 0.3486854000, 0.5489891000)
(0.7573889000, 0.3505080000, 0.5508988000)
(0.7591788000, 0.3486315000, 0.5496338000)
(0.7587952000, 0.3458930000, 0.5518681000)
(0.7584683000, 0.3432668000, 0.5539680000)
(0.7593585000, 0.3392550000, 0.5552219000)
(0.7590245000, 0.3392752000, 0.5556524000)
(0.7588446000, 0.3379173000, 0.5567395000)
(0.7610242000, 0.3359189000, 0.5549679000)
(0.7619317000, 0.3354737000, 0.5539944000)
(0.7631153000, 0.3372356000, 0.5512916000)
(0.7627333000, 0.3355961000, 0.5528151000)
(0.7620796000, 0.3341724000, 0.5545729000)
(0.7620398000, 0.3399929000, 0.5510659000)
(0.7618168000, 0.3394625000, 0.5517074000)
(0.7624556000, 0.3375537000, 0.5519900000)
(0.7666827000, 0.3296720000, 0.5509041000)
(0.7663777000, 0.3304403000, 0.5508815000)
(0.7661264000, 0.3316426000, 0.5504917000)
(0.7659516000, 0.3328746000, 0.5499944000)
(0.7646741000, 0.3313365000, 0.5527011000)
(0.7586884000, 0.3302867000, 0.5615013000)
(0.7593567000, 0.3265995000, 0.5627546000)
(0.7589959000, 0.3286107000, 0.5620579000)
(0.7566709000, 0.3162174000, 0.5722237000)
(0.7556919000, 0.3139172000, 0.5747896000)
(0.7518711000, 0.3019199000, 0.5861121000)
(0.7474322000, 0.2914093000, 0.5969982000)
(0.7511496000, 0.2831115000, 0.5963346000)
(0.7485111000, 0.2809220000, 0.6006615000)
(0.7424838000, 0.2648486000, 0.6152603000)
(0.7467493000, 0.2544218000, 0.6145132000)
(0.7457464000, 0.2504380000, 0.6173580000)
(0.7450811000, 0.2494795000, 0.6185479000)
(0.7458488000, 0.2494309000, 0.6176316000)
(0.7477068000, 0.2475014000, 0.6161670000)
(0.7457425000, 0.2513464000, 0.6169969000)
(0.7475087000, 0.2506783000, 0.6151308000)
(0.7484620000, 0.2488954000, 0.6146863000)
(0.7481682000, 0.2474082000, 0.6156338000)
(0.7469656000, 0.2481986000, 0.6167714000)
(0.7437241000, 0.2485382000, 0.6205575000)
(0.7457857000, 0.2507202000, 0.6171952000)
(0.7433521000, 0.2540286000, 0.6187782000)
(0.7416533000, 0.2543018000, 0.6206918000)
(0.7408652000, 0.2543522000, 0.6216126000)
(0.7407679000, 0.2542804000, 0.6217517000)
(0.7397479000, 0.2421022000, 0.6278067000)
(0.7385169000, 0.2482686000, 0.6268497000)
(0.7405123000, 0.2454306000, 0.6256210000)
(0.7416626000, 0.2404448000, 0.6261761000)
(0.7378671000, 0.2351096000, 0.6326544000)
(0.7420129000, 0.2386193000, 0.6264687000)
(0.7424071000, 0.2481653000, 0.6222872000)
(0.7481120000, 0.2823931000, 0.6004810000)
(0.7494915000, 0.2720704000, 0.6035076000)
(0.7569720000, 0.2518645000, 0.6029440000)
(0.7584688000, 0.2534104000, 0.6004210000)
(0.7591990000, 0.2547711000, 0.5989121000)
(0.7539294000, 0.2547764000, 0.6055132000)
(0.7476068000, 0.2333267000, 0.6217882000)
(0.7550506000, 0.2304004000, 0.6138441000)
(0.7553258000, 0.2200079000, 0.6172923000)
(0.7588414000, 0.2195340000, 0.6131424000)
(0.7449953000, 0.2323741000, 0.6252747000)
(0.7549328000, 0.2409874000, 0.6098989000)
(0.7540832000, 0.2279915000, 0.6159261000)
(0.7480947000, 0.2152613000, 0.6277019000)
(0.7558541000, 0.1886796000, 0.6269587000)
(0.7517684000, 0.1778047000, 0.6349921000)
(0.7512312000, 0.1641239000, 0.6393024000)
(0.7524747000, 0.1675900000, 0.6369240000)
(0.7519290000, 0.1708190000, 0.6367151000)
(0.7511248000, 0.1770927000, 0.6359495000)
(0.7513813000, 0.1656471000, 0.6387352000)
(0.7493001000, 0.1646410000, 0.6414133000)
(0.7399755000, 0.1455870000, 0.6566742000)
(0.7374696000, 0.1296082000, 0.6628025000)
(0.7380996000, 0.1174224000, 0.6643842000)
(0.7332974000, 0.1216939000, 0.6689125000)
(0.7301648000, 0.1280328000, 0.6711443000)
(0.7299283000, 0.1251165000, 0.6719678000)
(0.7307940000, 0.1243993000, 0.6711490000)
(0.7313384000, 0.1237251000, 0.6706837000)
(0.7292385000, 0.1252946000, 0.6726821000)
(0.7278669000, 0.1293364000, 0.6733922000)
(0.7283543000, 0.1209252000, 0.6744378000)
(0.7274003000, 0.1303516000, 0.6736940000)
(0.7247445000, 0.1201605000, 0.6784469000)
(0.7251071000, 0.1294701000, 0.6763380000)
(0.7243397000, 0.1301623000, 0.6770399000)
(0.7259864000, 0.1318340000, 0.6749393000)
(0.7220419000, 0.1362229000, 0.6782941000)
(0.7263667000, 0.1419190000, 0.6724749000)
(0.7320027000, 0.1601630000, 0.6621985000)
(0.7260882000, 0.1599653000, 0.6687098000)
(0.7311285000, 0.1572397000, 0.6638555000)
(0.7300162000, 0.1636900000, 0.6635314000)
(0.7285038000, 0.1620916000, 0.6655739000)
(0.7322436000, 0.1607870000, 0.6617774000)
(0.7350132000, 0.1568568000, 0.6596416000)
(0.7327404000, 0.1752007000, 0.6575598000)
(0.7345797000, 0.1791191000, 0.6544434000)
(0.7399586000, 0.1688143000, 0.6511051000)
(0.7351716000, 0.1709633000, 0.6559509000)
(0.7428031000, 0.1595630000, 0.6502066000)
(0.7443536000, 0.1735712000, 0.6448312000)
(0.7417054000, 0.1726635000, 0.6481107000)
(0.7426496000, 0.1765802000, 0.6459646000)
(0.7505787000, 0.1885699000, 0.6332840000)
(0.7527356000, 0.2114425000, 0.6234266000)
(0.7554969000, 0.2110735000, 0.6201918000)
(0.7591165000, 0.2171479000, 0.6136459000)
(0.7644166000, 0.2309813000, 0.6019024000)
(0.7604359000, 0.2203532000, 0.6108745000)
(0.7729643000, 0.2171681000, 0.5961198000)
(0.7746478000, 0.2146659000, 0.5948352000)
(0.7749342000, 0.2182447000, 0.5931513000)
(0.7766131000, 0.2092043000, 0.5942118000)
(0.7707402000, 0.2032930000, 0.6038440000)
(0.7718049000, 0.2083998000, 0.6007169000)
(0.7719133000, 0.2066585000, 0.6011948000)
(0.7730476000, 0.2102283000, 0.5984909000)
(0.7731217000, 0.2101806000, 0.5984085000)
(0.7452357000, 0.2431164000, 0.6208839000)
(0.7491232000, 0.2379280000, 0.6182119000)
(0.7530673000, 0.2329811000, 0.6153083000)
(0.7408067000, 0.2397024000, 0.6274758000)
(0.7418354000, 0.2404497000, 0.6259761000)
(0.7719944000, 0.2377620000, 0.5894817000)
(0.7745283000, 0.2337840000, 0.5877358000)
(0.7633045000, 0.2241148000, 0.6058937000)
(0.7643501000, 0.2343365000, 0.6007041000)
(0.7654648000, 0.2365931000, 0.5983787000)
(0.7659253000, 0.2326143000, 0.5993609000)
(0.7666563000, 0.2305947000, 0.5991992000)
(0.7656693000, 0.2292204000, 0.6009965000)
(0.7655570000, 0.2302459000, 0.6007392000)
(0.7605224000, 0.2419829000, 0.6025163000)
(0.7641705000, 0.2356588000, 0.6004071000)
(0.7644251000, 0.2595066000, 0.5901731000)
(0.7680109000, 0.2660550000, 0.5825467000)
(0.7640824000, 0.2792846000, 0.5815062000)
(0.7662733000, 0.2639195000, 0.5857903000)
(0.7665381000, 0.2732498000, 0.5811600000)
(0.7686801000, 0.2686273000, 0.5804761000)
(0.7683983000, 0.2745086000, 0.5781021000)
(0.7596717000, 0.2880478000, 0.5830070000)
(0.7595441000, 0.2914908000, 0.5814610000)
(0.7750039000, 0.2805905000, 0.5662414000)
(0.7723586000, 0.2854899000, 0.5673921000)
(0.7730406000, 0.2841735000, 0.5671402000)
(0.7739645000, 0.2782566000, 0.5688027000)
(0.7713218000, 0.2863587000, 0.5683608000)
(0.7742743000, 0.2842025000, 0.5654380000)
(0.7747619000, 0.2884573000, 0.5626121000)
(0.7737356000, 0.2866478000, 0.5649357000)
(0.7673315000, 0.2771918000, 0.5782347000)
(0.7753807000, 0.2663681000, 0.5725605000)
(0.7743813000, 0.2632306000, 0.5753599000)
(0.7716573000, 0.2767820000, 0.5726440000)
(0.7732776000, 0.2820011000, 0.5678890000)
(0.7619520000, 0.2842630000, 0.5819058000)
(0.7585564000, 0.2897458000, 0.5836317000)
(0.7636588000, 0.2878436000, 0.5778954000)
(0.7712325000, 0.2724748000, 0.5752745000)
(0.7736418000, 0.2746506000, 0.5709902000)
(0.7757584000, 0.2864448000, 0.5622687000)
(0.7805307000, 0.2777796000, 0.5599841000)
(0.7660904000, 0.2631644000, 0.5863669000)
(0.7648647000, 0.2667706000, 0.5863438000)
(0.7725859000, 0.2572362000, 0.5804408000)
(0.7828465000, 0.2424444000, 0.5730112000)
(0.7229397000, 0.1386250000, 0.6768466000)
(0.0000000000, 0.0000000000, 0.0000000000)
(0.0000000000, 0.0000000000, 0.0000000000)
(0.0000000000, 0.0000000000, 0.0000000000)
(0.0000000000, 0.0000000000, 0.0000000000)
(0.0000000000, 0.0000000000, 0.0000000000)
(0.0000000000, 0.0000000000, 0.0000000000)
(0.0000000000, 0.0000000000, 0.0000000000)
(0.0000000000, 0.0000000000, 0.0000000000)
(0.0000000000, 0.0000000000, 0.0000000000)
(0.0000000000, 0.0000000000, 0.0000000000)
(0.0000000000, 0.0000000000, 0.0000000000)
(0.0000000000, 0.0000000000, 0.0000000000)
(0.0000000000, 0.0000000000, 0.0000000000)
(0.0000000000, 0.0000000000, 0.0000000000)
(0.7465544000, 0.3253385000, 0.5803315000)
(0.7593089000, 0.3948970000, 0.5171926000)
(0.7564421000, 0.3978682000, 0.5191209000)
(0.7581851000, 0.4006183000, 0.5144484000)
(0.7640200000, 0.4047640000, 0.5024271000)
(0.7538036000, 0.4075046000, 0.5154605000)
(0.7588965000, 0.4111904000, 0.5049564000)
(0.7739398000, 0.3923031000, 0.4970939000)
(0.7695988000, 0.3930086000, 0.5032302000)
(0.7709103000, 0.3851823000, 0.5072562000)
(0.7687548000, 0.3893313000, 0.5073768000)
(0.7714530000, 0.3801978000, 0.5102032000)
(0.7693837000, 0.3853296000, 0.5094665000)
(0.7693149000, 0.3772106000, 0.5156115000)
(0.7710144000, 0.3810812000, 0.5101882000)
(0.7694602000, 0.3798904000, 0.5134212000)
(0.7649377000, 0.3727169000, 0.5253065000)
(0.7628914000, 0.3746440000, 0.5269094000)
(0.7568240000, 0.3732769000, 0.5365270000)
(0.7517071000, 0.3878094000, 0.5334113000)
(0.7494015000, 0.3885161000, 0.5361462000)
(0.7401357000, 0.3822852000, 0.5532080000)
(0.7426779000, 0.3744602000, 0.5551635000)
(0.7404593000, 0.3758111000, 0.5572093000)
(0.7396422000, 0.3755213000, 0.5584691000)
(0.7370563000, 0.3834668000, 0.5565033000)
(0.7405494000, 0.3814273000, 0.5532429000)
(0.7252105000, 0.3962935000, 0.5630231000)
(0.7335693000, 0.3729553000, 0.5681141000)
(0.7365422000, 0.3703101000, 0.5659914000)
(0.7390903000, 0.3681387000, 0.5641056000)
(0.7417533000, 0.3649244000, 0.5626931000)
(0.7447577000, 0.3446525000, 0.5714195000)
(0.7482246000, 0.3471939000, 0.5653290000)
(0.7374254000, 0.3247286000, 0.5922223000)
(0.0000000000, 0.0000000000, 0.0000000000)
(0.0000000000, 0.0000000000, 0.0000000000)
(0.0000000000, 0.0000000000, 0.0000000000)
(0.0000000000, 0.0000000000, 0.0000000000)
(0.0000000000, 0.0000000000, 0.0000000000)
(0.0000000000, 0.0000000000, 0.0000000000)
(0.0000000000, 0.0000000000, 0.0000000000)
(0.0000000000, 0.0000000000, 0.0000000000)
(0.0000000000, 0.0000000000, 0.0000000000)
(0.0000000000, 0.0000000000, 0.0000000000)
(0.0000000000, 0.0000000000, 0.0000000000)
(0.0000000000, 0.0000000000, 0.0000000000)
(0.0000000000, 0.0000000000, 0.0000000000)
(0.0000000000, 0.0000000000, 0.0000000000)
(0.0000000000, 0.0000000000, 0.0000000000)
(0.0000000000, 0.0000000000, 0.0000000000)
(0.0000000000, 0.0000000000, 0.0000000000)
(0.0000000000, 0.0000000000, 0.0000000000)
(0.0000000000, 0.0000000000, 0.0000000000)
(0.7590231000, 0.4379404000, 0.4817479000)
(0.7564174000, 0.4386254000, 0.4851983000)
(0.7591938000, 0.4413314000, 0.4783768000)
(0.7558025000, 0.4451098000, 0.4802435000)
(0.7553880000, 0.4531310000, 0.4733351000)
(0.7601315000, 0.4327162000, 0.4847047000)
(0.7611485000, 0.4310892000, 0.4845744000)
(0.7565295000, 0.4348333000, 0.4884218000)
(0.7580637000, 0.4374720000, 0.4836617000)
(0.7585033000, 0.4323836000, 0.4875340000)
(0.7620414000, 0.4061311000, 0.5043254000)
(0.7606670000, 0.3843415000, 0.5231106000)
(0.7583061000, 0.3903003000, 0.5221372000)
(0.7578922000, 0.3973744000, 0.5173818000)
(0.7558138000, 0.3989845000, 0.5191714000)
(0.7583193000, 0.4026563000, 0.5126461000)
(0.7576754000, 0.3893302000, 0.5237699000)
(0.7604259000, 0.3863805000, 0.5219730000)
(0.7586888000, 0.3597499000, 0.5431108000)
(0.7600988000, 0.3514064000, 0.5465888000)
(0.7613374000, 0.3503312000, 0.5455511000)
(0.7612560000, 0.3493456000, 0.5462860000)
(0.7610943000, 0.3274853000, 0.5598885000)
(0.7553959000, 0.3205842000, 0.5714863000)
(0.7533269000, 0.3092443000, 0.5803927000)
(0.7547696000, 0.3071561000, 0.5796281000)
(0.7568533000, 0.3087895000, 0.5760221000)
(0.7501799000, 0.3048514000, 0.5867645000)
(0.7478341000, 0.2811942000, 0.6013921000)
(0.7485237000, 0.2694938000, 0.6058725000)
(0.7489972000, 0.2650932000, 0.6072093000)
(0.7456205000, 0.2645506000, 0.6115999000)
(0.7442275000, 0.2574178000, 0.6163141000)
(0.7435523000, 0.2504364000, 0.6200076000)
(0.7440591000, 0.2414369000, 0.6229584000)
(0.7443109000, 0.2389312000, 0.6236137000)
(0.7411166000, 0.2441231000, 0.6254001000)
(0.7345761000, 0.2204596000, 0.6417079000)
(0.7333913000, 0.2143192000, 0.6451327000)
(0.7319500000, 0.2162206000, 0.6461155000)
(0.7350187000, 0.2089341000, 0.6450487000)
(0.7345702000, 0.2064434000, 0.6463529000)
(0.7339780000, 0.2041132000, 0.6477586000)
(0.7340240000, 0.2008434000, 0.6487319000)
(0.7340766000, 0.2023078000, 0.6482048000)
(0.7320890000, 0.1991631000, 0.6514241000)
(0.7323881000, 0.1953526000, 0.6522471000)
(0.7328221000, 0.1954441000, 0.6517237000)
(0.7336645000, 0.1960755000, 0.6506031000)
(0.7364531000, 0.2003957000, 0.6461197000)
(0.7373385000, 0.2021794000, 0.6445509000)
(0.7363293000, 0.1998269000, 0.6464296000)
(0.7359460000, 0.2023085000, 0.6461027000)
(0.7361947000, 0.2031649000, 0.6455472000)
(0.7370346000, 0.2058324000, 0.6437308000)
(0.7361553000, 0.1988586000, 0.6469209000)
(0.7353519000, 0.2006497000, 0.6472732000)
(0.7356715000, 0.2007912000, 0.6468794000)
(0.7404083000, 0.1982946000, 0.6422322000)
(0.7415630000, 0.1983163000, 0.6408865000)
(0.7402621000, 0.2040073000, 0.6405969000)
(0.7488871000, 0.2294918000, 0.6216879000)
(0.7460822000, 0.2256484000, 0.6264372000)
(0.7515007000, 0.2198940000, 0.6220037000)
(0.7619846000, 0.1607882000, 0.6273067000)
(0.7543107000, 0.2003024000, 0.6252090000)
(0.7499674000, 0.1701433000, 0.6392054000)
(0.6022599000, 0.2263723000, 0.7655197000)
(0.7688302000, 0.2150235000, 0.6022067000)
(0.7758250000, 0.1976720000, 0.5991604000)
(0.7532800000, 0.2701955000, 0.5996283000)
(0.7624406000, 0.2704105000, 0.5878355000)
(0.7508339000, 0.2759663000, 0.6000662000)
(0.7586903000, 0.2568364000, 0.5986647000)
(0.7577626000, 0.2666936000, 0.5955189000)
(0.7569562000, 0.2688743000, 0.5955679000)
(0.7471940000, 0.2940628000, 0.5959875000)
(0.7466025000, 0.2951370000, 0.5961956000)
(0.7484850000, 0.2954645000, 0.5936762000)
(0.7637129000, 0.2846972000, 0.5793678000)
(0.7633509000, 0.2896750000, 0.5773793000)
(0.7588335000, 0.2979891000, 0.5791099000)
(0.7527867000, 0.3136905000, 0.5787067000)
(0.7523503000, 0.3151029000, 0.5784969000)
(0.7565075000, 0.3116572000, 0.5749294000)
(0.7642940000, 0.3073869000, 0.5668743000)
(0.7651286000, 0.3141880000, 0.5620105000)
(0.7622667000, 0.3069202000, 0.5698600000)
(0.7662775000, 0.3064875000, 0.5646873000)
(0.7700372000, 0.3131875000, 0.5558279000)
(0.7690141000, 0.3136395000, 0.5569844000)
(0.7684002000, 0.3131359000, 0.5581114000)
(0.7713796000, 0.3106405000, 0.5553891000)
(0.7695001000, 0.3144211000, 0.5558739000)
(0.7689180000, 0.3129654000, 0.5574949000)
(0.7684413000, 0.3133122000, 0.5579519000)
(0.7673148000, 0.3096188000, 0.5615519000)
(0.7674439000, 0.3070222000, 0.5627948000)
(0.7677927000, 0.3081261000, 0.5617166000)
(0.7659037000, 0.3068468000, 0.5649974000)
(0.7661493000, 0.3053519000, 0.5654646000)
(0.7668528000, 0.3071622000, 0.5635360000)
(0.7666023000, 0.3066277000, 0.5641741000)
(0.7660962000, 0.3049921000, 0.5657288000)
(0.7586577000, 0.3199302000, 0.5674985000)
(0.7583002000, 0.3285173000, 0.5630740000)
(0.7573496000, 0.3470393000, 0.5531322000)
(0.7635366000, 0.3398200000, 0.5491064000)
(0.7641364000, 0.3324794000, 0.5527679000)
(0.7634614000, 0.3303239000, 0.5549838000)
(0.7612933000, 0.3319941000, 0.5569419000)
(0.7619891000, 0.3314145000, 0.5563551000)
(0.7614291000, 0.3332585000, 0.5560064000)
(0.7616358000, 0.3315477000, 0.5567506000)
(0.7615466000, 0.3305678000, 0.5574520000)
(0.7614251000, 0.3299150000, 0.5579957000)
(0.7699408000, 0.3582464000, 0.5280576000)
(0.7751210000, 0.3492427000, 0.5265002000)
(0.7760650000, 0.3626518000, 0.5159437000)
(0.7772228000, 0.3535334000, 0.5204890000)
(0.7748937000, 0.3645925000, 0.5163425000)
(0.7755467000, 0.3523878000, 0.5237584000)
(0.7729601000, 0.3488579000, 0.5299155000)
(0.7742426000, 0.3486912000, 0.5281562000)
(0.7739646000, 0.3501771000, 0.5275655000)
(0.7728047000, 0.3510381000, 0.5287002000)
(0.7736437000, 0.3503747000, 0.5279031000)
(0.7737859000, 0.3496919000, 0.5281504000)
(0.7751297000, 0.3494388000, 0.5263614000)
(0.7750993000, 0.3500955000, 0.5259570000)
(0.7752208000, 0.3508619000, 0.5252685000)
(0.7747771000, 0.3510366000, 0.5258160000)
(0.7745207000, 0.3506976000, 0.5264077000)
(0.7742870000, 0.3496484000, 0.5274429000)
(0.7738853000, 0.3499667000, 0.5278239000)
(0.7738923000, 0.3501680000, 0.5276927000)
(0.7741645000, 0.3461110000, 0.5299647000)
(0.7761701000, 0.3492820000, 0.5249370000)
(0.7763406000, 0.3498473000, 0.5243101000)
(0.7764260000, 0.3500788000, 0.5240284000)
(0.7769262000, 0.3516082000, 0.5222445000)
(0.7772206000, 0.3502872000, 0.5227101000)
(0.7772967000, 0.3511837000, 0.5219669000)
(0.7772731000, 0.3541599000, 0.5200078000)
(0.7774556000, 0.3544024000, 0.5195737000)
(0.7772286000, 0.3538485000, 0.5202807000)
(0.7758321000, 0.3535309000, 0.5225679000)
(0.7734421000, 0.3490537000, 0.5291005000)
(0.7769534000, 0.3442348000, 0.5271037000)
(0.7685899000, 0.3483306000, 0.5365817000)
(0.7721220000, 0.3415374000, 0.5358846000)
(0.7707034000, 0.3230555000, 0.5492049000)
(0.0000000000, 0.0000000000, 0.0000000000)
(0.0000000000, 0.0000000000, 0.0000000000)
(0.0000000000, 0.0000000000, 0.0000000000)
(0.0000000000, 0.0000000000, 0.0000000000)
(0.0000000000, 0.0000000000, 0.0000000000)
(0.0000000000, 0.0000000000, 0.0000000000)
(0.0000000000, 0.0000000000, 0.0000000000)
(0.0000000000, 0.0000000000, 0.0000000000)
(0.0000000000, 0.0000000000, 0.0000000000)
(0.0000000000, 0.0000000000, 0.0000000000)
(0.0000000000, 0.0000000000, 0.0000000000)
(0.0000000000, 0.0000000000, 0.0000000000)
(0.0000000000, 0.0000000000, 0.0000000000)
(0.0000000000, 0.0000000000, 0.0000000000)
(0.0000000000, 0.0000000000, 0.0000000000)
(0.7663814000, 0.2461226000, 0.5933536000)
(0.7545460000, 0.2512793000, 0.6062165000)
(0.7513672000, 0.2586810000, 0.6070651000)
(0.7510164000, 0.2497141000, 0.6112338000)
(0.7528936000, 0.2665966000, 0.6017073000)
(0.7502918000, 0.2585671000, 0.6084278000)
(0.7531273000, 0.2596416000, 0.6044666000)
(0.7552431000, 0.2622826000, 0.6006681000)
(0.7537559000, 0.2555085000, 0.6054208000)
(0.7541429000, 0.2610304000, 0.6025854000)
(0.7543105000, 0.2611278000, 0.6023296000)
(0.7540938000, 0.2592750000, 0.6034047000)
(0.7525574000, 0.2556551000, 0.6068701000)
(0.7539626000, 0.2597304000, 0.6033749000)
(0.7542021000, 0.2564831000, 0.6044663000)
(0.7533853000, 0.2583097000, 0.6047054000)
(0.7534364000, 0.2570815000, 0.6051612000)
(0.7534522000, 0.2585886000, 0.6045114000)
(0.7540202000, 0.2579879000, 0.6040499000)
(0.7530771000, 0.2626052000, 0.6032463000)
(0.7516226000, 0.2610038000, 0.6057526000)
(0.7522516000, 0.2619110000, 0.6045768000)
(0.7529165000, 0.2621034000, 0.6036456000)
(0.7535073000, 0.2619909000, 0.6029599000)
(0.7523823000, 0.2625552000, 0.6041359000)
(0.7523067000, 0.2591038000, 0.6056979000)
(0.7525067000, 0.2600838000, 0.6050338000)
(0.7528955000, 0.2614871000, 0.6039436000)
(0.7532758000, 0.2608837000, 0.6037313000)
(0.7530754000, 0.2605802000, 0.6041291000)
(0.7535627000, 0.2596001000, 0.6039333000)
(0.7537134000, 0.2589696000, 0.6040211000)
(0.7534276000, 0.2597136000, 0.6040470000)
(0.7531921000, 0.2599894000, 0.6042293000)
(0.7533991000, 0.2598277000, 0.6040396000)
(0.7553681000, 0.2677533000, 0.5980975000)
(0.7557378000, 0.2684196000, 0.5973153000)
(0.7551802000, 0.2698461000, 0.5973957000)
(0.7551907000, 0.2709712000, 0.5968669000)
(0.7557011000, 0.2725525000, 0.5955076000)
(0.7543127000, 0.2720227000, 0.5975062000)
(0.7553426000, 0.2714694000, 0.5964413000)
(0.7413152000, 0.2561649000, 0.6203334000)
(0.7427536000, 0.2623358000, 0.6160188000)
(0.7478775000, 0.2841970000, 0.5999111000)
(0.7518764000, 0.2982907000, 0.5879538000)
(0.7575759000, 0.2889817000, 0.5852715000)
(0.0000000000, 0.0000000000, 0.0000000000)
(0.0000000000, 0.0000000000, 0.0000000000)
(0.0000000000, 0.0000000000, 0.0000000000)
(0.0000000000, 0.0000000000, 0.0000000000)
(0.0000000000, 0.0000000000, 0.0000000000)
(0.0000000000, 0.0000000000, 0.0000000000)
(0.0000000000, 0.0000000000, 0.0000000000)
(0.0000000000, 0.0000000000, 0.0000000000)
(0.0000000000, 0.0000000000, 0.0000000000)
(0.0000000000, 0.0000000000, 0.0000000000)
(0.0000000000, 0.0000000000, 0.0000000000)
(0.0000000000, 0.0000000000, 0.0000000000)
(0.0000000000, 0.0000000000, 0.0000000000)
(0.0000000000, 0.0000000000, 0.0000000000)
(0.0000000000, 0.0000000000, 0.0000000000)
(0.0000000000, 0.0000000000, 0.0000000000)
(0.0000000000, 0.0000000000, 0.0000000000)
(0.0000000000, 0.0000000000, 0.0000000000)
(0.0000000000, 0.0000000000, 0.0000000000)
(0.0000000000, 0.0000000000, 0.0000000000)
(0.0000000000, 0.0000000000, 0.0000000000)
(0.0000000000, 0.0000000000, 0.0000000000)
(0.0000000000, 0.0000000000, 0.0000000000)
(0.0000000000, 0.0000000000, 0.0000000000)
(0.7214566000, 0.3547038000, 0.5947073000)
(0.7139100000, 0.3350309000, 0.6148643000)
(0.7123356000, 0.3370864000, 0.6155822000)
(0.7146151000, 0.3253316000, 0.6192542000)
(0.7206728000, 0.3326997000, 0.6082031000)
(0.7297170000, 0.3497071000, 0.5875374000)
(0.7426684000, 0.3546567000, 0.5680134000)
(0.7476389000, 0.3511395000, 0.5636626000)
(0.7472380000, 0.3457069000, 0.5675411000)
(0.7460943000, 0.3676808000, 0.5550998000)
(0.7474547000, 0.3550122000, 0.5614873000)
(0.7463529000, 0.3548916000, 0.5630240000)
(0.7468398000, 0.3466347000, 0.5675092000)
(0.7544993000, 0.3429537000, 0.5595592000)
(0.7626770000, 0.3329381000, 0.5544788000)
(0.7540112000, 0.3185360000, 0.5744307000)
(0.7622355000, 0.3150161000, 0.5654605000)
(0.7625344000, 0.3276700000, 0.5578059000)
(0.7655857000, 0.3082299000, 0.5646617000)
(0.7625375000, 0.3147945000, 0.5651730000)
(0.7608255000, 0.3080142000, 0.5711994000)
(0.7668893000, 0.3091967000, 0.5623702000)
(0.7673529000, 0.3110827000, 0.5607092000)
(0.7692716000, 0.3202179000, 0.5528759000)
(0.7680590000, 0.3161248000, 0.5568834000)
(0.7711506000, 0.3084994000, 0.5568965000)
(0.7748844000, 0.3072123000, 0.5524033000)
(0.7742152000, 0.3110441000, 0.5512004000)
(0.7668691000, 0.3180296000, 0.5574415000)
(0.7720655000, 0.3080838000, 0.5558695000)
(0.7718503000, 0.3081628000, 0.5561258000)
(0.7771239000, 0.3072849000, 0.5492160000)
(0.7753792000, 0.3000731000, 0.5556188000)
(0.7827007000, 0.3040155000, 0.5430925000)
(0.7689531000, 0.3186520000, 0.5542189000)
(0.0000000000, 0.0000000000, 0.0000000000)
(0.0000000000, 0.0000000000, 0.0000000000)
(0.0000000000, 0.0000000000, 0.0000000000)
(0.0000000000, 0.0000000000, 0.0000000000)
(0.0000000000, 0.0000000000, 0.0000000000)
(0.0000000000, 0.0000000000, 0.0000000000)
(0.0000000000, 0.0000000000, 0.0000000000)
(0.0000000000, 0.0000000000, 0.0000000000)
(0.0000000000, 0.0000000000, 0.0000000000)
(0.0000000000, 0.0000000000, 0.0000000000)
(0.0000000000, 0.0000000000, 0.0000000000)
(0.0000000000, 0.0000000000, 0.0000000000)
(0.0000000000, 0.0000000000, 0.0000000000)
(0.0000000000, 0.0000000000, 0.0000000000)
(0.0000000000, 0.0000000000, 0.0000000000)
(0.0000000000, 0.0000000000, 0.0000000000)
(0.0000000000, 0.0000000000, 0.0000000000)
(0.0000000000, 0.0000000000, 0.0000000000)
(0.7673791000, 0.3375849000, 0.5451167000)
(0.7548912000, 0.3231174000, 0.5707305000)
(0.7538550000, 0.3361217000, 0.5645319000)
(0.7546002000, 0.3341479000, 0.5647271000)
(0.7553564000, 0.3274266000, 0.5676466000)
(0.7543077000, 0.3144881000, 0.5762745000)
(0.7546366000, 0.3151098000, 0.5755202000)
(0.7527884000, 0.3034378000, 0.5841470000)
(0.7534946000, 0.3157043000, 0.5766693000)
(0.7548508000, 0.3137430000, 0.5759882000)
(0.7517770000, 0.3073919000, 0.5833711000)
(0.7448676000, 0.2932032000, 0.5993170000)
(0.7472097000, 0.2933387000, 0.5963230000)
(0.7480592000, 0.2985566000, 0.5926573000)
(0.7487719000, 0.3069635000, 0.5874503000)
(0.7515736000, 0.3060316000, 0.5843477000)
(0.7492169000, 0.3040235000, 0.5884007000)
(0.7461005000, 0.3008444000, 0.5939664000)
(0.7448492000, 0.3033951000, 0.5942566000)
(0.7484276000, 0.3062285000, 0.5882832000)
(0.7514223000, 0.3061872000, 0.5844646000)
(0.7511698000, 0.3061725000, 0.5847915000)
(0.7511928000, 0.3069060000, 0.5843747000)
(0.7467783000, 0.3113810000, 0.5876647000)
(0.7465737000, 0.3121506000, 0.5875027000)
(0.7452103000, 0.3113173000, 0.5896775000)
(0.7425101000, 0.3062008000, 0.5957482000)
(0.7414780000, 0.3149019000, 0.5924826000)
(0.7412991000, 0.3248434000, 0.5873193000)
(0.7527291000, 0.3219823000, 0.5742029000)
(0.7511508000, 0.3229401000, 0.5757235000)
(0.7499906000, 0.3204786000, 0.5786167000)
(0.7525316000, 0.3205098000, 0.5752926000)
(0.7517683000, 0.3152627000, 0.5791779000)
(0.7533341000, 0.3166322000, 0.5763880000)
(0.7495955000, 0.3194719000, 0.5796840000)
(0.7502605000, 0.3205248000, 0.5782391000)
(0.7503365000, 0.3206674000, 0.5780661000)
(0.7465583000, 0.3236366000, 0.5812843000)
(0.7481071000, 0.3235591000, 0.5793478000)
(0.7493204000, 0.3195396000, 0.5799873000)
(0.7482109000, 0.3220794000, 0.5800285000)
(0.7470164000, 0.3233070000, 0.5808797000)
(0.7473097000, 0.3221135000, 0.5811728000)
(0.7469847000, 0.3233153000, 0.5809124000)
(0.7481756000, 0.3235485000, 0.5792420000)
(0.7462147000, 0.3253824000, 0.5807533000)
(0.7424632000, 0.3266567000, 0.5848346000)
(0.7463633000, 0.3239577000, 0.5813693000)
(0.7442301000, 0.3224925000, 0.5848969000)
(0.7437338000, 0.3264827000, 0.5833076000)
(0.7424285000, 0.3275302000, 0.5843906000)
(0.7427779000, 0.3253638000, 0.5851420000)
(0.7461515000, 0.3245237000, 0.5813131000)
(0.7425639000, 0.3203688000, 0.5881645000)
(0.7438479000, 0.3192614000, 0.5871398000)
(0.7433847000, 0.3344430000, 0.5792445000)
(0.7376814000, 0.3396611000, 0.5834788000)
(0.0000000000, 0.0000000000, 0.0000000000)
(0.0000000000, 0.0000000000, 0.0000000000)
(0.0000000000, 0.0000000000, 0.0000000000)
(0.0000000000, 0.0000000000, 0.0000000000)
(0.0000000000, 0.0000000000, 0.0000000000)
(0.0000000000, 0.0000000000, 0.0000000000)
(0.0000000000, 0.0000000000, 0.0000000000)
(0.0000000000, 0.0000000000, 0.0000000000)
(0.0000000000, 0.0000000000, 0.0000000000)
(0.0000000000, 0.0000000000, 0.0000000000)
(0.0000000000, 0.0000000000, 0.0000000000)
(0.0000000000, 0.0000000000, 0.0000000000)
(0.0000000000, 0.0000000000, 0.0000000000)
(0.0000000000, 0.0000000000, 0.0000000000)
(0.0000000000, 0.0000000000, 0.0000000000)
(0.0000000000, 0.0000000000, 0.0000000000)
(0.0000000000, 0.0000000000, 0.0000000000)
(0.0000000000, 0.0000000000, 0.0000000000)
(0.7375858000, 0.4361783000, 0.5154589000)
(0.7419814000, 0.4269597000, 0.5168815000)
(0.7457438000, 0.4194562000, 0.5176049000)
(0.7478586000, 0.4410014000, 0.4961913000)
(0.7455834000, 0.4375916000, 0.5025880000)
(0.7337180000, 0.4520147000, 0.5072849000)
(0.7318238000, 0.4574515000, 0.5051442000)
(0.7310467000, 0.4589777000, 0.5048615000)
(0.7219970000, 0.4758281000, 0.5022845000)
(0.7423905000, 0.4415606000, 0.5038380000)
(0.7428289000, 0.4426109000, 0.5022795000)
(0.7431836000, 0.4444627000, 0.5001078000)
(0.7427043000, 0.4452595000, 0.5001131000)
(0.7382184000, 0.4340325000, 0.5163584000)
(0.7471172000, 0.4337578000, 0.5036272000)
(0.7491999000, 0.4016147000, 0.5266887000)
(0.0000000000, 0.0000000000, 0.0000000000)
(0.0000000000, 0.0000000000, 0.0000000000)
(0.0000000000, 0.0000000000, 0.0000000000)
(0.0000000000, 0.0000000000, 0.0000000000)
(0.0000000000, 0.0000000000, 0.0000000000)
(0.0000000000, 0.0000000000, 0.0000000000)
(0.0000000000, 0.0000000000, 0.0000000000)
(0.0000000000, 0.0000000000, 0.0000000000)
(0.0000000000, 0.0000000000, 0.0000000000)
(0.0000000000, 0.0000000000, 0.0000000000)
(0.0000000000, 0.0000000000, 0.0000000000)
(0.0000000000, 0.0000000000, 0.0000000000)
(0.0000000000, 0.0000000000, 0.0000000000)
(0.0000000000, 0.0000000000, 0.0000000000)
(0.0000000000, 0.0000000000, 0.0000000000)
(0.0000000000, 0.0000000000, 0.0000000000)
(0.0000000000, 0.0000000000, 0.0000000000)
(0.0000000000, 0.0000000000, 0.0000000000)
(0.7410768000, 0.3411156000, 0.5782897000)
(0.7419050000, 0.3190050000, 0.5897524000)
(0.7466313000, 0.3149791000, 0.5859286000)
(0.7556267000, 0.3153116000, 0.5740868000)
(0.7542259000, 0.3100012000, 0.5788269000)
(0.7597195000, 0.3040745000, 0.5747454000)
(0.7333640000, 0.2834153000, 0.6179274000)
(0.7317496000, 0.2746899000, 0.6237474000)
(0.7383469000, 0.2774146000, 0.6147068000)
(0.7678512000, 0.2784320000, 0.5769374000)
(0.7691477000, 0.2736415000, 0.5774971000)
(0.7618296000, 0.2668498000, 0.5902473000)
(0.7407637000, 0.2713699000, 0.6144888000)
(0.7416614000, 0.2795200000, 0.6097347000)
(0.7500803000, 0.2708865000, 0.6033130000)
(0.7651554000, 0.2650963000, 0.5867119000)
(0.7695174000, 0.2761950000, 0.5757926000)
(0.7702702000, 0.2806755000, 0.5726165000)
(0.7662897000, 0.2792230000, 0.5786208000)
(0.7668467000, 0.2747798000, 0.5800252000)
(0.7675228000, 0.2718166000, 0.5805166000)
(0.7619100000, 0.2600999000, 0.5931361000)
(0.7577296000, 0.2643657000, 0.5965982000)
(0.7460040000, 0.2711560000, 0.6082251000)
(0.7462702000, 0.2712785000, 0.6078367000)
(0.7446754000, 0.2720146000, 0.6094785000)
(0.7449775000, 0.2708926000, 0.6095846000)
(0.7516470000, 0.2809053000, 0.5967371000)
(0.7570368000, 0.2731617000, 0.5935161000)
(0.7597895000, 0.2823804000, 0.5856227000)
(0.7587802000, 0.2798670000, 0.5881502000)
(0.7613394000, 0.2785275000, 0.5854706000)
(0.7608048000, 0.2741417000, 0.5882325000)
(0.7614149000, 0.2881086000, 0.5806981000)
(0.7573390000, 0.2970775000, 0.5815313000)
(0.7674204000, 0.2851525000, 0.5742211000)
(0.7634468000, 0.2898289000, 0.5771679000)
(0.7627949000, 0.2914008000, 0.5772513000)
(0.7641447000, 0.2819043000, 0.5801791000)
(0.7670305000, 0.2904097000, 0.5721103000)
(0.7696297000, 0.2861775000, 0.5707545000)
(0.7682000000, 0.2943857000, 0.5684959000)
(0.7686716000, 0.2892278000, 0.5705119000)
(0.7692856000, 0.2932244000, 0.5676355000)
(0.7717071000, 0.2891895000, 0.5664118000)
(0.7683563000, 0.2862095000, 0.5724577000)
(0.7687492000, 0.2863167000, 0.5718575000)
(0.7718284000, 0.2879964000, 0.5668493000)
(0.7720144000, 0.2876723000, 0.5667731000)
(0.7740887000, 0.2838430000, 0.5658770000)
(0.7704689000, 0.2846837000, 0.5703743000)
(0.7715093000, 0.2801141000, 0.5712291000)
(0.7741206000, 0.2753591000, 0.5699922000)
(0.7749538000, 0.2751215000, 0.5689693000)
(0.7742612000, 0.2762697000, 0.5693672000)
(0.7709451000, 0.2741042000, 0.5748981000)
(0.7725251000, 0.2733134000, 0.5731442000)
(0.7700379000, 0.2731464000, 0.5765653000)
(0.7722811000, 0.2700530000, 0.5749984000)
(0.7727172000, 0.2803156000, 0.5694900000)
(0.7813604000, 0.2889126000, 0.5531494000)
(0.7818259000, 0.2826237000, 0.5557385000)
(0.7809033000, 0.2831031000, 0.5567991000)
(0.7822682000, 0.2833511000, 0.5547463000)
(0.7829655000, 0.2816153000, 0.5546661000)
(0.7827561000, 0.2790035000, 0.5562764000)
(0.7824418000, 0.2766738000, 0.5578778000)
(0.7823951000, 0.2765794000, 0.5579737000)
(0.7822155000, 0.2741105000, 0.5594593000)
(0.7818654000, 0.2761715000, 0.5589206000)
(0.7812894000, 0.2830681000, 0.5562796000)
(0.7810729000, 0.2823499000, 0.5569471000)
(0.7797258000, 0.2778821000, 0.5610655000)
(0.7793928000, 0.2740477000, 0.5634177000)
(0.7793989000, 0.2719623000, 0.5644167000)
(0.7789456000, 0.2711718000, 0.5654068000)
(0.7772309000, 0.2643451000, 0.5709729000)
(0.7769490000, 0.2739670000, 0.5668209000)
(0.7751091000, 0.2802356000, 0.5662553000)
(0.7755840000, 0.2784340000, 0.5664911000)
(0.7715894000, 0.2798226000, 0.5712547000)
(0.7699596000, 0.2741573000, 0.5761794000)
(0.7693203000, 0.2694896000, 0.5792199000)
(0.7705883000, 0.2700612000, 0.5772625000)
(0.7711549000, 0.2643088000, 0.5791782000)
(0.7710300000, 0.2680461000, 0.5776110000)
(0.7691022000, 0.2699671000, 0.5792831000)
(0.7707872000, 0.2714561000, 0.5763497000)
(0.7719985000, 0.2694525000, 0.5756822000)
(0.7712585000, 0.2705927000, 0.5761305000)
(0.7706678000, 0.2696362000, 0.5773582000)
(0.7701477000, 0.2690411000, 0.5783352000)
(0.7681114000, 0.2600961000, 0.5851024000)
(0.7828395000, 0.2971624000, 0.5466765000)
(0.7891444000, 0.2881195000, 0.5424111000)
(0.7890005000, 0.3068150000, 0.5322939000)
(0.7887443000, 0.3270976000, 0.5204644000)
(0.7890529000, 0.3477104000, 0.5064481000)
(0.7894351000, 0.3542297000, 0.5012844000)
(0.7884983000, 0.3601498000, 0.4985538000)
(0.7842748000, 0.3624729000, 0.5034955000)
(0.7874624000, 0.3606122000, 0.4998529000)
(0.7885069000, 0.3710523000, 0.4904682000)
(0.7877873000, 0.3817061000, 0.4834057000)
(0.7858317000, 0.3807403000, 0.4873222000)
(0.7863121000, 0.4027877000, 0.4684672000)
(0.7854056000, 0.4083447000, 0.4651558000)
(0.7833428000, 0.4093325000, 0.4677545000)
(0.7781662000, 0.4236352000, 0.4636454000)
(0.7786602000, 0.4241084000, 0.4623788000)
(0.7805957000, 0.4231163000, 0.4600417000)
(0.7824046000, 0.4182883000, 0.4613580000)
(0.7787081000, 0.4180955000, 0.4677369000)
(0.7801614000, 0.4176148000, 0.4657631000)
(0.7803978000, 0.4163688000, 0.4664922000)
(0.7807081000, 0.4208356000, 0.4619427000)
(0.7815644000, 0.4206428000, 0.4606628000)
(0.7786026000, 0.4243810000, 0.4622283000)
(0.7825319000, 0.4166606000, 0.4626222000)
(0.7819832000, 0.4179036000, 0.4624490000)
(0.7823735000, 0.4240631000, 0.4561081000)
(0.7850657000, 0.4175264000, 0.4575341000)
(0.7823417000, 0.4165050000, 0.4630753000)
(0.7796677000, 0.4194395000, 0.4649408000)
(0.7814966000, 0.4099880000, 0.4702802000)
(0.7822906000, 0.4133236000, 0.4660085000)
(0.7837250000, 0.4046106000, 0.4712201000)
(0.7811580000, 0.4029031000, 0.4769204000)
(0.7833439000, 0.4021233000, 0.4739730000)
(0.7872645000, 0.4027382000, 0.4668912000)
(0.7870265000, 0.4005899000, 0.4691403000)
(0.7923572000, 0.4054210000, 0.4558483000)
(0.7902772000, 0.4038388000, 0.4608164000)
(0.7899196000, 0.4058223000, 0.4596893000)
(0.7886544000, 0.4028649000, 0.4644289000)
(0.7877263000, 0.4017561000, 0.4669569000)
(0.7880206000, 0.4011684000, 0.4669780000)
(0.7876685000, 0.4006371000, 0.4680405000)
(0.7834141000, 0.3975928000, 0.4776656000)
(0.7836155000, 0.3980841000, 0.4769203000)
(0.7837446000, 0.3984858000, 0.4763904000)
(0.7836855000, 0.3982542000, 0.4766629000)
(0.7834706000, 0.3977025000, 0.4774937000)
(0.7836727000, 0.3938454000, 0.4803320000)
(0.7842864000, 0.3923783000, 0.4805309000)
(0.7872849000, 0.3898249000, 0.4776917000)
(0.7885596000, 0.3880160000, 0.4770911000)
(0.7866878000, 0.3869900000, 0.4809900000)
(0.7859592000, 0.3889872000, 0.4805511000)
(0.7861181000, 0.3819460000, 0.4859243000)
(0.7869000000, 0.3870990000, 0.4805479000)
(0.7855409000, 0.3889953000, 0.4812316000)
(0.7890565000, 0.3868667000, 0.4771777000)
(0.7967358000, 0.3354466000, 0.5026626000)
(0.7950671000, 0.3352298000, 0.5054578000)
(0.7954696000, 0.3348700000, 0.5050488000)
(0.7953608000, 0.3382410000, 0.5029636000)
(0.7959707000, 0.3354266000, 0.5038748000)
(0.7963271000, 0.3362711000, 0.5027543000)
(0.7979959000, 0.3333150000, 0.5020701000)
(0.8001401000, 0.3345857000, 0.4978107000)
(0.7963754000, 0.3339252000, 0.5042392000)
(0.7991209000, 0.3200299000, 0.5088894000)
(0.7954741000, 0.3312041000, 0.5074512000)
(0.7954443000, 0.3293550000, 0.5086970000)
(0.7853578000, 0.3244853000, 0.5271574000)
(0.7885867000, 0.3121696000, 0.5297756000)
(0.0000000000, 0.0000000000, 0.0000000000)
(0.0000000000, 0.0000000000, 0.0000000000)
(0.0000000000, 0.0000000000, 0.0000000000)
(0.0000000000, 0.0000000000, 0.0000000000)
(0.0000000000, 0.0000000000, 0.0000000000)
(0.0000000000, 0.0000000000, 0.0000000000)
(0.0000000000, 0.0000000000, 0.0000000000)
(0.0000000000, 0.0000000000, 0.0000000000)
(0.0000000000, 0.0000000000, 0.0000000000)
(0.0000000000, 0.0000000000, 0.0000000000)
(0.0000000000, 0.0000000000, 0.0000000000)
(0.9077543000, 0.0508191800, 0.4164020000)
(0.0000000000, 0.0000000000, 0.0000000000)
(0.7712060000, 0.3150705000, 0.5531191000)
(0.7808036000, 0.3561440000, 0.5133123000)
(0.7784728000, 0.3741381000, 0.5039623000)
(0.7861150000, 0.3792055000, 0.4880804000)
(0.7874092000, 0.3746682000, 0.4894830000)
(0.7770355000, 0.3774077000, 0.5037452000)
(0.7904803000, 0.3827628000, 0.4781488000)
(0.7690927000, 0.3924818000, 0.5044211000)
(0.7689887000, 0.4008616000, 0.4979556000)
(0.7745498000, 0.3855826000, 0.5013840000)
(0.7739849000, 0.3917804000, 0.4974191000)
(0.7769998000, 0.3847388000, 0.4982150000)
(0.7778857000, 0.3831230000, 0.4980982000)
(0.7806376000, 0.3826394000, 0.4941317000)
(0.7948269000, 0.3634438000, 0.4859309000)
(0.7928005000, 0.3694805000, 0.4847083000)
(0.7985529000, 0.3592508000, 0.4829334000)
(0.8001049000, 0.3684765000, 0.4733224000)
(0.8033139000, 0.3659534000, 0.4698265000)
(0.8028237000, 0.3713242000, 0.4664547000)
(0.8022938000, 0.3729104000, 0.4660990000)
(0.7880524000, 0.3784805000, 0.4854996000)
(0.7861953000, 0.3815360000, 0.4861276000)
(0.7847616000, 0.3767309000, 0.4921306000)
(0.7895017000, 0.3799318000, 0.4819887000)
(0.7925660000, 0.3742710000, 0.4813860000)
(0.7897210000, 0.3738704000, 0.4863616000)
(0.7911338000, 0.3743953000, 0.4836513000)
(0.7917607000, 0.3786311000, 0.4793101000)
(0.7919611000, 0.3792717000, 0.4784665000)
(0.7945161000, 0.3766961000, 0.4762518000)
(0.7943596000, 0.3760819000, 0.4770107000)
(0.7948945000, 0.3760826000, 0.4761315000)
(0.7924564000, 0.3835436000, 0.4742134000)
(0.7896433000, 0.3809595000, 0.4809516000)
(0.7881001000, 0.3859233000, 0.4795121000)
(0.7867894000, 0.3892082000, 0.4790180000)
(0.7853061000, 0.3924281000, 0.4788425000)
(0.7870913000, 0.3869238000, 0.4803640000)
(0.7862661000, 0.3894873000, 0.4796418000)
(0.7864053000, 0.3877451000, 0.4808514000)
(0.7888624000, 0.3864385000, 0.4778650000)
(0.7844627000, 0.3963257000, 0.4769955000)
(0.7836637000, 0.3875855000, 0.4854301000)
(0.7809733000, 0.3653202000, 0.5065631000)
(0.7761359000, 0.3194588000, 0.5436509000)
(0.7747251000, 0.2940907000, 0.5597405000)
(0.7667131000, 0.2660650000, 0.5842421000)
(0.7617765000, 0.2452232000, 0.5996267000)
(0.7591125000, 0.2280488000, 0.6096889000)
(0.7579443000, 0.2055389000, 0.6190760000)
(0.7578342000, 0.1974299000, 0.6218452000)
(0.7578894000, 0.1931889000, 0.6231188000)
(0.7570536000, 0.1949093000, 0.6235917000)
(0.7673236000, 0.1970481000, 0.6102225000)
(0.7663246000, 0.1986129000, 0.6109579000)
(0.7676904000, 0.2025435000, 0.6079482000)
(0.7692909000, 0.2027569000, 0.6058473000)
(0.7668214000, 0.2064078000, 0.6077567000)
(0.7680748000, 0.2041202000, 0.6069329000)
(0.7685801000, 0.1964368000, 0.6088474000)
(0.7682596000, 0.1994433000, 0.6082627000)
(0.7695845000, 0.1962505000, 0.6076273000)
(0.7839978000, 0.1920997000, 0.5902737000)
(0.7825933000, 0.1949398000, 0.5912009000)
(0.7850621000, 0.1903129000, 0.5894389000)
(0.7849343000, 0.1917525000, 0.5891411000)
(0.7853143000, 0.1877650000, 0.5899254000)
(0.7863129000, 0.1889856000, 0.5882064000)
(0.7862271000, 0.1930460000, 0.5870041000)
(0.7869419000, 0.2099721000, 0.5801975000)
(0.7840068000, 0.2176153000, 0.5813527000)
(0.7852662000, 0.2138538000, 0.5810419000)
(0.7862094000, 0.2121694000, 0.5803782000)
(0.7867286000, 0.2139467000, 0.5790289000)
(0.7875959000, 0.2258673000, 0.5732968000)
(0.7885057000, 0.2358710000, 0.5679935000)
(0.7862281000, 0.2428103000, 0.5682214000)
(0.7855526000, 0.2542055000, 0.5641574000)
(0.7881545000, 0.2626558000, 0.5565934000)
(0.7755424000, 0.2809621000, 0.5653095000)
(0.0000000000, 0.0000000000, 0.0000000000)
(0.0000000000, 0.0000000000, 0.0000000000)
(0.0000000000, 0.0000000000, 0.0000000000)
(0.0000000000, 0.0000000000, 0.0000000000)
(0.0000000000, 0.0000000000, 0.0000000000)
(0.0000000000, 0.0000000000, 0.0000000000)
(0.0000000000, 0.0000000000, 0.0000000000)
(0.0000000000, 0.0000000000, 0.0000000000)
(0.0000000000, 0.0000000000, 0.0000000000)
(0.0000000000, 0.0000000000, 0.0000000000)
(0.0000000000, 0.0000000000, 0.0000000000)
(0.0000000000, 0.0000000000, 0.0000000000)
(0.0000000000, 0.0000000000, 0.0000000000)
(0.0000000000, 0.0000000000, 0.0000000000)
(0.0000000000, 0.0000000000, 0.0000000000)
(0.0000000000, 0.0000000000, 0.0000000000)
(0.0000000000, 0.0000000000, 0.0000000000)
(0.0000000000, 0.0000000000, 0.0000000000)
(0.7544764000, 0.3478144000, 0.5565704000)
(0.7598332000, 0.3475191000, 0.5494162000)
(0.7614948000, 0.3456984000, 0.5482739000)
(0.7707819000, 0.3444628000, 0.5359314000)
(0.7714899000, 0.3381822000, 0.5389072000)
(0.7700135000, 0.3397089000, 0.5400627000)
(0.7770574000, 0.3432503000, 0.5275918000)
(0.7724934000, 0.3327822000, 0.5408387000)
(0.7711556000, 0.3451233000, 0.5349698000)
(0.7616686000, 0.3547434000, 0.5422142000)
(0.7753946000, 0.3439159000, 0.5295887000)
(0.7778593000, 0.3380717000, 0.5297498000)
(0.7818770000, 0.3293018000, 0.5293648000)
(0.7815461000, 0.3343211000, 0.5266920000)
(0.7807244000, 0.3280615000, 0.5318052000)
(0.7776222000, 0.3334745000, 0.5329921000)
(0.7814339000, 0.3301491000, 0.5294924000)
(0.7788199000, 0.3288979000, 0.5340891000)
(0.7811088000, 0.3250508000, 0.5330890000)
(0.7822535000, 0.3250317000, 0.5314269000)
(0.7822444000, 0.3235154000, 0.5323573000)
(0.7828146000, 0.3263292000, 0.5298139000)
(0.7829731000, 0.3249644000, 0.5304043000)
(0.7832320000, 0.3221903000, 0.5317121000)
(0.7824707000, 0.3200219000, 0.5341496000)
(0.7827616000, 0.3213261000, 0.5329351000)
(0.7833000000, 0.3203796000, 0.5327066000)
(0.7839437000, 0.3182653000, 0.5330439000)
(0.7838098000, 0.3193376000, 0.5325899000)
(0.7844091000, 0.3223982000, 0.5298485000)
(0.7752931000, 0.3234130000, 0.5425123000)
(0.7656377000, 0.3254761000, 0.5548530000)
(0.7669674000, 0.3264337000, 0.5524402000)
(0.7615155000, 0.3335236000, 0.5557315000)
(0.7605007000, 0.3346314000, 0.5564555000)
(0.7634013000, 0.3285571000, 0.5561018000)
(0.7610926000, 0.3257980000, 0.5608678000)
(0.7663125000, 0.3251802000, 0.5540681000)
(0.7650211000, 0.3226368000, 0.5573305000)
(0.7673473000, 0.3201965000, 0.5555379000)
(0.7663714000, 0.3177979000, 0.5582550000)
(0.7652678000, 0.3193184000, 0.5589073000)
(0.7626528000, 0.3179939000, 0.5632136000)
(0.7632102000, 0.3201600000, 0.5612525000)
(0.7634526000, 0.3287689000, 0.5559128000)
(0.7586862000, 0.3338794000, 0.5593905000)
(0.7578642000, 0.3368224000, 0.5587149000)
(0.7640442000, 0.3371207000, 0.5500503000)
(0.7683688000, 0.3436752000, 0.5398918000)
(0.7722942000, 0.3424973000, 0.5350245000)
(0.7706689000, 0.3457143000, 0.5352967000)
(0.7698225000, 0.3459597000, 0.5363559000)
(0.7673367000, 0.3473953000, 0.5389893000)
(0.7636578000, 0.3512286000, 0.5416964000)
(0.7701732000, 0.3554253000, 0.5296086000)
(0.7686086000, 0.3497006000, 0.5356647000)
(0.7705679000, 0.3603258000, 0.5257242000)
(0.7712791000, 0.3585004000, 0.5259099000)
(0.7683850000, 0.3671859000, 0.5241576000)
(0.7706771000, 0.3580812000, 0.5270747000)
(0.7641296000, 0.3690402000, 0.5290444000)
(0.7564510000, 0.3683572000, 0.5404481000)
(0.7571147000, 0.3712768000, 0.5375050000)
(0.7692454000, 0.3663276000, 0.5234970000)
(0.7692364000, 0.3631836000, 0.5257008000)
(0.7684446000, 0.3681678000, 0.5233845000)
(0.7564192000, 0.3726563000, 0.5375223000)
(0.7572836000, 0.3687804000, 0.5389884000)
(0.7600192000, 0.3772886000, 0.5291541000)
(0.7562000000, 0.3763398000, 0.5352729000)
(0.7617643000, 0.3759749000, 0.5275785000)
(0.7623119000, 0.3774570000, 0.5257201000)
(0.7625139000, 0.3770132000, 0.5257545000)
(0.7622831000, 0.3780341000, 0.5253446000)
(0.7640883000, 0.3748622000, 0.5250095000)
(0.7602520000, 0.3756213000, 0.5300224000)
(0.7597196000, 0.3765932000, 0.5300735000)
(0.7592908000, 0.3766540000, 0.5306563000)
(0.7572765000, 0.3807167000, 0.5306240000)
(0.7566049000, 0.3812608000, 0.5312025000)
(0.7571021000, 0.3805488000, 0.5310055000)
(0.7569679000, 0.3806622000, 0.5311105000)
(0.7574330000, 0.3802654000, 0.5307251000)
(0.7573820000, 0.3804163000, 0.5306990000)
(0.7565327000, 0.3853142000, 0.5283670000)
(0.7568892000, 0.3852189000, 0.5279309000)
(0.7571745000, 0.3854218000, 0.5273686000)
(0.7570376000, 0.3856314000, 0.5274229000)
(0.7567841000, 0.3847716000, 0.5283955000)
(0.7591212000, 0.3820454000, 0.5270360000)
(0.7594665000, 0.3821445000, 0.5264478000)
(0.7594229000, 0.3823582000, 0.5263563000)
(0.7643702000, 0.3785341000, 0.5219517000)
(0.7642855000, 0.3787691000, 0.5218927000)
(0.7652329000, 0.3784381000, 0.5207547000)
(0.7635598000, 0.3775464000, 0.5238364000)
(0.7610799000, 0.3768945000, 0.5279262000)
(0.7638401000, 0.3777642000, 0.5232946000)
(0.7646268000, 0.3784838000, 0.5216215000)
(0.7643698000, 0.3814728000, 0.5198069000)
(0.7652763000, 0.3819056000, 0.5181546000)
(0.7598820000, 0.3836075000, 0.5247917000)
(0.7792720000, 0.3494963000, 0.5201738000)
(0.7823678000, 0.3391821000, 0.5223491000)
(0.7770918000, 0.3266848000, 0.5379538000)
(0.7779188000, 0.3307284000, 0.5342596000)
(0.7804244000, 0.3365907000, 0.5268908000)
(0.7791761000, 0.3361551000, 0.5290282000)
(0.7912524000, 0.3312398000, 0.5139821000)
(0.7913508000, 0.3314904000, 0.5136706000)
(0.7909238000, 0.3325542000, 0.5136542000)
(0.7873098000, 0.3348941000, 0.5176483000)
(0.7861360000, 0.3353714000, 0.5191294000)
(0.7834389000, 0.3364134000, 0.5225255000)
(0.7860772000, 0.3378067000, 0.5176430000)
(0.7843037000, 0.3323831000, 0.5238079000)
(0.7790214000, 0.3427233000, 0.5250363000)
(0.7764140000, 0.3215775000, 0.5419968000)
(0.7799091000, 0.3068942000, 0.5454853000)
(0.0000000000, 0.0000000000, 0.0000000000)
(0.0000000000, 0.0000000000, 0.0000000000)
(0.0000000000, 0.0000000000, 0.0000000000)
(0.0000000000, 0.0000000000, 0.0000000000)
(0.0000000000, 0.0000000000, 0.0000000000)
(0.0000000000, 0.0000000000, 0.0000000000)
(0.0000000000, 0.0000000000, 0.0000000000)
(0.0000000000, 0.0000000000, 0.0000000000)
(0.0000000000, 0.0000000000, 0.0000000000)
(0.0000000000, 0.0000000000, 0.0000000000)
(0.0000000000, 0.0000000000, 0.0000000000)
(0.0000000000, 0.0000000000, 0.0000000000)
(0.0000000000, 0.0000000000, 0.0000000000)
(0.0000000000, 0.0000000000, 0.0000000000)
(0.0000000000, 0.0000000000, 0.0000000000)
(0.0000000000, 0.0000000000, 0.0000000000)
(0.0000000000, 0.0000000000, 0.0000000000)
(0.0000000000, 0.0000000000, 0.0000000000)
(0.0000000000, 0.0000000000, 0.0000000000)
(0.7658129000, 0.3451870000, 0.5425529000)
(0.7658231000, 0.3395082000, 0.5461073000)
(0.7706311000, 0.3317577000, 0.5441061000)
(0.7785107000, 0.3171316000, 0.5416096000)
(0.7786618000, 0.3192870000, 0.5401156000)
(0.7761756000, 0.3081000000, 0.5501143000)
(0.7756017000, 0.3215863000, 0.5431380000)
(0.7712505000, 0.3123761000, 0.5545968000)
(0.7731986000, 0.3145109000, 0.5506676000)
(0.7739288000, 0.3208293000, 0.5459811000)
(0.7740522000, 0.3228750000, 0.5445923000)
(0.7706413000, 0.3325737000, 0.5435923000)
(0.7723880000, 0.3348420000, 0.5396910000)
(0.7703041000, 0.3346075000, 0.5428274000)
(0.7675376000, 0.3408864000, 0.5428290000)
(0.7700924000, 0.3367524000, 0.5417798000)
(0.7665119000, 0.3411330000, 0.5441260000)
(0.7672158000, 0.3399052000, 0.5439041000)
(0.7671647000, 0.3518750000, 0.5363165000)
(0.7657610000, 0.3514523000, 0.5385816000)
(0.7599970000, 0.3579016000, 0.5424792000)
(0.7662367000, 0.3767231000, 0.5205155000)
(0.7676763000, 0.3740320000, 0.5203342000)
(0.7674377000, 0.3768355000, 0.5186589000)
(0.7676568000, 0.3838281000, 0.5131856000)
(0.7669920000, 0.3832496000, 0.5146265000)
(0.7678205000, 0.3979542000, 0.5020548000)
(0.7674014000, 0.3997357000, 0.5012826000)
(0.7608669000, 0.3979221000, 0.5125659000)
(0.7673257000, 0.3903713000, 0.5087349000)
(0.7712338000, 0.3872874000, 0.5051762000)
(0.7711502000, 0.3845700000, 0.5073602000)
(0.7715514000, 0.3832619000, 0.5077523000)
(0.7752608000, 0.3791569000, 0.5051699000)
(0.7703342000, 0.3786605000, 0.5130173000)
(0.7606072000, 0.3939149000, 0.5160430000)
(0.7555377000, 0.3983683000, 0.5200614000)
(0.7550250000, 0.4020637000, 0.5179358000)
(0.7585276000, 0.3944176000, 0.5187049000)
(0.7687496000, 0.3769093000, 0.5166562000)
(0.7657949000, 0.3861297000, 0.5142508000)
(0.7746806000, 0.3758655000, 0.5084977000)
(0.7769510000, 0.3665741000, 0.5118155000)
(0.7789471000, 0.3707294000, 0.5057414000)
(0.7787135000, 0.3703505000, 0.5063878000)
(0.7804250000, 0.3732621000, 0.5015813000)
(0.7844771000, 0.3751144000, 0.4938200000)
(0.7855719000, 0.3765833000, 0.4909541000)
(0.7846475000, 0.3743269000, 0.4941596000)
(0.7835855000, 0.3750952000, 0.4952447000)
(0.7818708000, 0.3742995000, 0.4985674000)
(0.7789050000, 0.3732099000, 0.5039907000)
(0.7790406000, 0.3721705000, 0.5045372000)
(0.7811195000, 0.3699987000, 0.5029354000)
(0.7819305000, 0.3706221000, 0.5012015000)
(0.7816864000, 0.3698657000, 0.5021381000)
(0.7820663000, 0.3700190000, 0.5014546000)
(0.7813478000, 0.3710030000, 0.5018401000)
(0.7828150000, 0.3668496000, 0.5025966000)
(0.7821979000, 0.3687011000, 0.5022133000)
(0.7840404000, 0.3611334000, 0.5048168000)
(0.7847962000, 0.3656467000, 0.5003781000)
(0.7835278000, 0.3647982000, 0.5029721000)
(0.7709065000, 0.3627505000, 0.5235305000)
(0.7776496000, 0.3576089000, 0.5170760000)
(0.7769246000, 0.3576920000, 0.5180920000)
(0.7734667000, 0.3581354000, 0.5229590000)
(0.7729195000, 0.3535741000, 0.5268570000)
(0.7695975000, 0.3490629000, 0.5346490000)
(0.7624948000, 0.3600976000, 0.5375090000)
(0.7629026000, 0.3534174000, 0.5413519000)
(0.7634079000, 0.3573431000, 0.5380366000)
(0.7649915000, 0.3573270000, 0.5358111000)
(0.7662765000, 0.3500414000, 0.5387816000)
(0.7626678000, 0.3507136000, 0.5434346000)
(0.7650062000, 0.3544563000, 0.5376764000)
(0.7639678000, 0.3556732000, 0.5383580000)
(0.7636955000, 0.3518130000, 0.5412771000)
(0.7711906000, 0.3557472000, 0.5279024000)
(0.7713926000, 0.3565483000, 0.5270885000)
(0.7713932000, 0.3568847000, 0.5268364000)
(0.7721673000, 0.3658341000, 0.5195218000)
(0.7718213000, 0.3621865000, 0.5225806000)
(0.7675688000, 0.3603635000, 0.5300509000)
(0.7661505000, 0.3596484000, 0.5325946000)
(0.7644774000, 0.3588002000, 0.5355455000)
(0.7640567000, 0.3601387000, 0.5352538000)
(0.7631366000, 0.3662082000, 0.5324399000)
(0.7729012000, 0.3549047000, 0.5259669000)
(0.7687021000, 0.3587932000, 0.5294705000)
(0.7688620000, 0.3613755000, 0.5274745000)
(0.7681597000, 0.3627554000, 0.5275773000)
(0.7686263000, 0.3603358000, 0.5285500000)
(0.7685131000, 0.3589048000, 0.5296818000)
(0.7681451000, 0.3580005000, 0.5308356000)
(0.7686919000, 0.3578777000, 0.5301171000)
(0.7652624000, 0.3477978000, 0.5416660000)
(0.7666641000, 0.3442926000, 0.5419178000)
(0.7610902000, 0.3459686000, 0.5486665000)
(0.7571803000, 0.3513521000, 0.5506613000)
(0.7566772000, 0.3478811000, 0.5535374000)
(0.7560723000, 0.3484407000, 0.5540228000)
(0.7652646000, 0.3412372000, 0.5458032000)
(0.7648124000, 0.3353836000, 0.5500702000)
(0.7629454000, 0.3419339000, 0.5486026000)
(0.7639370000, 0.3351193000, 0.5514274000)
(0.7662455000, 0.3294966000, 0.5516298000)
(0.7665537000, 0.3283645000, 0.5518615000)
(0.7638049000, 0.3352518000, 0.5515457000)
(0.7736311000, 0.3320712000, 0.5396279000)
(0.7775409000, 0.3349513000, 0.5321792000)
(0.7822254000, 0.3488471000, 0.5161580000)
(0.7787248000, 0.3608810000, 0.5131544000)
(0.0000000000, 0.0000000000, 0.0000000000)
(0.0000000000, 0.0000000000, 0.0000000000)
(0.0000000000, 0.0000000000, 0.0000000000)
(0.0000000000, 0.0000000000, 0.0000000000)
(0.0000000000, 0.0000000000, 0.0000000000)
(0.0000000000, 0.0000000000, 0.0000000000)
(0.0000000000, 0.0000000000, 0.0000000000)
(0.0000000000, 0.0000000000, 0.0000000000)
(0.0000000000, 0.0000000000, 0.0000000000)
(0.0000000000, 0.0000000000, 0.0000000000)
(0.0000000000, 0.0000000000, 0.0000000000)
(0.0000000000, 0.0000000000, 0.0000000000)
(0.0000000000, 0.0000000000, 0.0000000000)
(0.0000000000, 0.0000000000, 0.0000000000)
(0.0000000000, 0.0000000000, 0.0000000000)
(0.7723562000, 0.3892191000, 0.5019507000)
(0.7743472000, 0.3903560000, 0.4979738000)
(0.7744910000, 0.3861439000, 0.5010485000)
(0.7802485000, 0.3660862000, 0.5071198000)
(0.7831674000, 0.3678654000, 0.5012958000)
(0.7830007000, 0.3667779000, 0.5023552000)
(0.7730096000, 0.3817088000, 0.5066867000)
(0.7782320000, 0.3773484000, 0.5019330000)
(0.7760488000, 0.3811193000, 0.5024699000)
(0.7773296000, 0.3774844000, 0.5032335000)
(0.7774016000, 0.3769490000, 0.5035412000)
(0.7769490000, 0.3764338000, 0.5046050000)
(0.7778828000, 0.3756875000, 0.5037383000)
(0.7792177000, 0.3746989000, 0.5024107000)
(0.7826235000, 0.3760480000, 0.4960494000)
(0.7827373000, 0.3736326000, 0.4976951000)
(0.7826555000, 0.3715982000, 0.4993443000)
(0.7821687000, 0.3739762000, 0.4983406000)
(0.7817193000, 0.3728579000, 0.4998651000)
(0.7805535000, 0.3654714000, 0.5071159000)
(0.7797552000, 0.3634174000, 0.5097883000)
(0.7796379000, 0.3624058000, 0.5106837000)
(0.7805638000, 0.3708722000, 0.5031474000)
(0.7826321000, 0.3679122000, 0.5021065000)
(0.7830852000, 0.3674963000, 0.5016943000)
(0.7836069000, 0.3662964000, 0.5017824000)
(0.7837922000, 0.3660500000, 0.5016698000)
(0.7840545000, 0.3610811000, 0.5048290000)
(0.7837649000, 0.3661521000, 0.5016369000)
(0.7790147000, 0.3623307000, 0.5116946000)
(0.7795264000, 0.3616174000, 0.5114366000)
(0.7805748000, 0.3611306000, 0.5101691000)
(0.7803884000, 0.3614340000, 0.5102427000)
(0.7800653000, 0.3616505000, 0.5105942000)
(0.7792387000, 0.3620623000, 0.5115399000)
(0.7792359000, 0.3620464000, 0.5115570000)
(0.7796069000, 0.3613778000, 0.5114591000)
(0.7800662000, 0.3632104000, 0.5094844000)
(0.7800848000, 0.3634018000, 0.5093149000)
(0.7821003000, 0.3641107000, 0.5057032000)
(0.7781559000, 0.3673466000, 0.5094138000)
(0.7765436000, 0.3690543000, 0.5106518000)
(0.7778382000, 0.3686280000, 0.5089724000)
(0.7792109000, 0.3722980000, 0.5041791000)
(0.7792886000, 0.3744908000, 0.5024486000)
(0.7799699000, 0.3741910000, 0.5016220000)
(0.7864582000, 0.3531410000, 0.5067257000)
(0.7866020000, 0.3243275000, 0.5254021000)
(0.7805089000, 0.3031574000, 0.5466984000)
(0.7807238000, 0.2696545000, 0.5636803000)
(0.7805576000, 0.2618489000, 0.5675921000)
(0.7852485000, 0.2651910000, 0.5594959000)
(0.7828102000, 0.2744972000, 0.5584195000)
(0.7830750000, 0.2743854000, 0.5581197000)
(0.7848220000, 0.2760832000, 0.5548210000)
(0.7865028000, 0.2815068000, 0.5496768000)
(0.7842374000, 0.2874734000, 0.5498337000)
(0.7845821000, 0.2875379000, 0.5493056000)
(0.7838053000, 0.3015171000, 0.5428872000)
(0.7865682000, 0.3017851000, 0.5387173000)
(0.7862041000, 0.3000021000, 0.5402504000)
(0.7873480000, 0.3074664000, 0.5343449000)
(0.7969437000, 0.3091235000, 0.5189524000)
(0.7785746000, 0.2847465000, 0.5592221000)
(0.7668093000, 0.2559263000, 0.5886399000)
(0.7740906000, 0.2604135000, 0.5770336000)
(0.7714615000, 0.2670316000, 0.5775087000)
(0.7719175000, 0.2708222000, 0.5751319000)
(0.7718548000, 0.2671637000, 0.5769226000)
(0.7703355000, 0.2725964000, 0.5764197000)
(0.7745765000, 0.2782134000, 0.5679885000)
(0.7784002000, 0.2729804000, 0.5653036000)
(0.7736030000, 0.2774757000, 0.5696824000)
(0.7724655000, 0.2941653000, 0.5628017000)
(0.7738580000, 0.2928005000, 0.5616036000)
(0.7733209000, 0.2969347000, 0.5601615000)
(0.7735918000, 0.2966258000, 0.5599556000)
(0.7787995000, 0.2986705000, 0.5515877000)
(0.7762077000, 0.3009086000, 0.5540329000)
(0.7834572000, 0.3016601000, 0.5432969000)
(0.7829900000, 0.3022219000, 0.5436584000)
(0.7810295000, 0.3051332000, 0.5448545000)
(0.7830645000, 0.3156849000, 0.5358495000)
(0.7887832000, 0.3209708000, 0.5242093000)
(0.7903048000, 0.3228144000, 0.5207515000)
(0.7918859000, 0.3317219000, 0.5127111000)
(0.7908431000, 0.3393902000, 0.5092948000)
(0.7880322000, 0.3424792000, 0.5115639000)
(0.7904522000, 0.3420473000, 0.5081123000)
(0.7937793000, 0.3374881000, 0.5059800000)
(0.7890794000, 0.3432515000, 0.5094320000)
(0.7853943000, 0.3453227000, 0.5137170000)
(0.7847509000, 0.3466472000, 0.5137979000)
(0.7869294000, 0.3477452000, 0.5096911000)
(0.7912296000, 0.3481911000, 0.5026914000)
(0.7892469000, 0.3513418000, 0.5036089000)
(0.7889248000, 0.3531967000, 0.5028186000)
(0.7899119000, 0.3548783000, 0.5000920000)
(0.7897582000, 0.3611625000, 0.4958203000)
(0.7870617000, 0.3651977000, 0.4971265000)
(0.7812814000, 0.3709799000, 0.5019693000)
(0.7797210000, 0.3714137000, 0.5040528000)
(0.7803747000, 0.3707128000, 0.5035640000)
(0.7751521000, 0.3439427000, 0.5299307000)
(0.7826902000, 0.3297577000, 0.5278575000)
(0.7909377000, 0.3170102000, 0.5233626000)
(0.7896315000, 0.3345155000, 0.5143487000)
(0.7918718000, 0.3230428000, 0.5182219000)
(0.7911691000, 0.3273272000, 0.5166281000)
(0.7900843000, 0.3325108000, 0.5149657000)
(0.7896997000, 0.3335203000, 0.5149010000)
(0.7877986000, 0.3310508000, 0.5193993000)
(0.7858855000, 0.3295321000, 0.5232330000)
(0.7860718000, 0.3304975000, 0.5223499000)
(0.7850314000, 0.3293187000, 0.5246469000)
(0.7836789000, 0.3272440000, 0.5279632000)
(0.7835440000, 0.3262968000, 0.5287569000)
(0.7830610000, 0.3257388000, 0.5298129000)
(0.7831710000, 0.3243632000, 0.5304781000)
(0.7818875000, 0.3237911000, 0.5327284000)
(0.7793621000, 0.3273086000, 0.5342606000)
(0.7807294000, 0.3278047000, 0.5319642000)
(0.7827570000, 0.3247586000, 0.5308614000)
(0.7815132000, 0.3272803000, 0.5311260000)
(0.7817914000, 0.3300787000, 0.5290049000)
(0.7820999000, 0.3290669000, 0.5291671000)
(0.7832475000, 0.3360489000, 0.5230419000)
(0.7838573000, 0.3378204000, 0.5209970000)
(0.7836635000, 0.3367438000, 0.5219673000)
(0.7843250000, 0.3319714000, 0.5240465000)
(0.7911281000, 0.3396696000, 0.5086396000)
(0.7892664000, 0.3350696000, 0.5145513000)
(0.7826363000, 0.3406416000, 0.5210019000)
(0.7879529000, 0.3375163000, 0.5149767000)
(0.7892181000, 0.3362684000, 0.5138430000)
(0.7897062000, 0.3350577000, 0.5138797000)
(0.7901274000, 0.3350202000, 0.5132545000)
(0.7899941000, 0.3345900000, 0.5137626000)
(0.7893090000, 0.3342460000, 0.5150283000)
(0.7834271000, 0.3368239000, 0.5222774000)
(0.7835951000, 0.3368849000, 0.5219806000)
(0.7836497000, 0.3365258000, 0.5221245000)
(0.7833350000, 0.3356616000, 0.5231572000)
(0.7832024000, 0.3336245000, 0.5246530000)
(0.7830662000, 0.3325545000, 0.5255598000)
(0.7832906000, 0.3311995000, 0.5260620000)
(0.7833744000, 0.3305809000, 0.5263321000)
(0.7835289000, 0.3285901000, 0.5273498000)
(0.7839636000, 0.3276912000, 0.5272483000)
(0.7841126000, 0.3263721000, 0.5278602000)
(0.7839165000, 0.3264108000, 0.5281208000)
(0.7841765000, 0.3251190000, 0.5285391000)
(0.7838938000, 0.3251660000, 0.5289119000)
(0.7838717000, 0.3257670000, 0.5285902000)
(0.7906280000, 0.3260383000, 0.5182552000)
(0.7912990000, 0.3282247000, 0.5158501000)
(0.7913177000, 0.3278032000, 0.5160993000)
(0.7913619000, 0.3285814000, 0.5155165000)
(0.7895077000, 0.3292708000, 0.5179086000)
(0.7890754000, 0.3243433000, 0.5216756000)
(0.7863056000, 0.3236974000, 0.5262476000)
(0.7852280000, 0.3215036000, 0.5291699000)
(0.7854400000, 0.3209356000, 0.5292128000)
(0.7873548000, 0.3230396000, 0.5250788000)
(0.7885398000, 0.3243398000, 0.5225004000)
(0.7897904000, 0.3253938000, 0.5199369000)
(0.7900832000, 0.3265370000, 0.5187858000)
(0.7903333000, 0.3255600000, 0.5190099000)
(0.7904234000, 0.3249384000, 0.5192635000)
(0.7887179000, 0.3262849000, 0.5210043000)
(0.7865081000, 0.3259405000, 0.5245392000)
(0.7863761000, 0.3268236000, 0.5241944000)
(0.7859274000, 0.3273787000, 0.5245247000)
(0.7850512000, 0.3302332000, 0.5240350000)
(0.7875109000, 0.3345970000, 0.5175524000)
(0.7720768000, 0.3431139000, 0.5349234000)
(0.7745377000, 0.3398423000, 0.5334678000)
(0.7740198000, 0.3419029000, 0.5329004000)
(0.0000000000, 0.0000000000, 0.0000000000)
(0.0000000000, 0.0000000000, 0.0000000000)
(0.0000000000, 0.0000000000, 0.0000000000)
(0.0000000000, 0.0000000000, 0.0000000000)
(0.0000000000, 0.0000000000, 0.0000000000)
(0.0000000000, 0.0000000000, 0.0000000000)
(0.0000000000, 0.0000000000, 0.0000000000)
(0.0000000000, 0.0000000000, 0.0000000000)
(0.0000000000, 0.0000000000, 0.0000000000)
(0.0000000000, 0.0000000000, 0.0000000000)
(0.0000000000, 0.0000000000, 0.0000000000)
(0.0000000000, 0.0000000000, 0.0000000000)
(0.0000000000, 0.0000000000, 0.0000000000)
(0.0000000000, 0.0000000000, 0.0000000000)
(0.0000000000, 0.0000000000, 0.0000000000)
(0.0000000000, 0.0000000000, 0.0000000000)
(0.7745817000, 0.3222127000, 0.5442427000)
(0.7780710000, 0.3080213000, 0.5474705000)
(0.7794612000, 0.2965262000, 0.5518133000)
(0.7802535000, 0.3152263000, 0.5401971000)
(0.7820230000, 0.3159389000, 0.5372072000)
(0.7870322000, 0.3161934000, 0.5296908000)
(0.7868330000, 0.3161852000, 0.5299962000)
(0.7896076000, 0.3052575000, 0.5322745000)
(0.7822027000, 0.3221033000, 0.5332928000)
(0.7752348000, 0.3338499000, 0.5362390000)
(0.7767410000, 0.3315472000, 0.5354813000)
(0.7691258000, 0.3392492000, 0.5416030000)
(0.7708443000, 0.3377737000, 0.5400739000)
(0.7697974000, 0.3458654000, 0.5364493000)
(0.7671634000, 0.3501450000, 0.5374447000)
(0.7728141000, 0.3484406000, 0.5304155000)
(0.7733122000, 0.3499426000, 0.5286820000)
(0.7763560000, 0.3559534000, 0.5201442000)
(0.7703472000, 0.3595198000, 0.5266007000)
(0.7680610000, 0.3615964000, 0.5285025000)
(0.7668924000, 0.3698597000, 0.5244743000)
(0.7661695000, 0.3710959000, 0.5246500000)
(0.7757633000, 0.3611741000, 0.5174384000)
(0.7821392000, 0.3594870000, 0.5089337000)
(0.7836105000, 0.3620903000, 0.5047961000)
(0.7885851000, 0.3618719000, 0.4971567000)
(0.7929663000, 0.3369855000, 0.5075852000)
(0.7858372000, 0.3281025000, 0.5242196000)
(0.7843578000, 0.3224047000, 0.5299391000)
(0.7869933000, 0.3267407000, 0.5233331000)
(0.7865484000, 0.3281765000, 0.5231075000)
(0.7895773000, 0.3229932000, 0.5217671000)
(0.7903252000, 0.3234144000, 0.5203703000)
(0.7878222000, 0.3282564000, 0.5211192000)
(0.7859631000, 0.3306997000, 0.5223829000)
(0.7847533000, 0.3307282000, 0.5241737000)
(0.7708920000, 0.3257743000, 0.5473337000)
(0.7717308000, 0.2896832000, 0.5661370000)
(0.7772100000, 0.2875099000, 0.5597082000)
(0.7778887000, 0.2864043000, 0.5593252000)
(0.7796054000, 0.2880620000, 0.5560689000)
(0.7815093000, 0.2895166000, 0.5526339000)
(0.7844123000, 0.2956251000, 0.5452496000)
(0.7854286000, 0.2961397000, 0.5434882000)
(0.7858735000, 0.2994706000, 0.5410299000)
(0.7871705000, 0.3017187000, 0.5378682000)
(0.7855468000, 0.3153709000, 0.5323831000)
(0.7809094000, 0.3221250000, 0.5351765000)
(0.7813264000, 0.3115876000, 0.5407708000)
(0.7795335000, 0.3140338000, 0.5419416000)
(0.7804700000, 0.3142385000, 0.5404731000)
(0.7791098000, 0.3152865000, 0.5418177000)
(0.7791358000, 0.3154601000, 0.5416706000)
(0.7725937000, 0.3179675000, 0.5495396000)
(0.7686890000, 0.3203440000, 0.5536011000)
(0.7701010000, 0.3011926000, 0.5623162000)
(0.7673401000, 0.3040644000, 0.5645538000)
(0.7683470000, 0.3076654000, 0.5612145000)
(0.7677053000, 0.3251235000, 0.5521972000)
(0.7775323000, 0.3286096000, 0.5361406000)
(0.7774029000, 0.3290164000, 0.5360782000)
(0.7773998000, 0.3293252000, 0.5358985000)
(0.7772348000, 0.3292623000, 0.5361776000)
(0.7768056000, 0.3294813000, 0.5366445000)
(0.7766829000, 0.3297883000, 0.5366510000)
(0.7763281000, 0.3304010000, 0.5367846000)
(0.7759881000, 0.3322494000, 0.5361317000)
(0.7753021000, 0.3340884000, 0.5359883000)
(0.7736093000, 0.3347149000, 0.5380451000)
(0.7703794000, 0.3325312000, 0.5439756000)
(0.7706511000, 0.3332711000, 0.5431626000)
(0.7705418000, 0.3335179000, 0.5431663000)
(0.7704303000, 0.3334063000, 0.5433648000)
(0.7699981000, 0.3341313000, 0.5435431000)
(0.7713931000, 0.3360959000, 0.5403541000)
(0.7711695000, 0.3354276000, 0.5410803000)
(0.7717808000, 0.3378240000, 0.5387079000)
(0.7664717000, 0.3340138000, 0.5485712000)
(0.7661346000, 0.3340784000, 0.5490072000)
(0.7660091000, 0.3347864000, 0.5487481000)
(0.7657810000, 0.3353738000, 0.5487284000)
(0.7656011000, 0.3341583000, 0.5496953000)
(0.7658027000, 0.3347525000, 0.5490658000)
(0.7669372000, 0.3341551000, 0.5478401000)
(0.7687237000, 0.3362786000, 0.5440235000)
(0.7693245000, 0.3349151000, 0.5440285000)
(0.7692657000, 0.3340476000, 0.5446443000)
(0.7686099000, 0.3347737000, 0.5451109000)
(0.7689168000, 0.3355858000, 0.5441678000)
(0.7690436000, 0.3361248000, 0.5436620000)
(0.7676419000, 0.3352706000, 0.5461658000)
(0.7671075000, 0.3357246000, 0.5466327000)
(0.7665781000, 0.3368365000, 0.5467107000)
(0.7659900000, 0.3367140000, 0.5475973000)
(0.7663310000, 0.3367743000, 0.5470952000)
(0.7666901000, 0.3362774000, 0.5469019000)
(0.7680194000, 0.3353826000, 0.5455791000)
(0.7681644000, 0.3355164000, 0.5452894000)
(0.7685345000, 0.3362498000, 0.5443008000)
(0.7679908000, 0.3429598000, 0.5408934000)
(0.7757882000, 0.3369554000, 0.5334808000)
(0.7776414000, 0.3339405000, 0.5326749000)
(0.7773259000, 0.3349831000, 0.5324917000)
(0.7769683000, 0.3357804000, 0.5325061000)
(0.7769859000, 0.3352900000, 0.5327812000)
(0.7769084000, 0.3343991000, 0.5334639000)
(0.7769473000, 0.3343545000, 0.5334358000)
(0.7785503000, 0.3358971000, 0.5301194000)
(0.7800580000, 0.3345475000, 0.5287396000)
(0.7811530000, 0.3364034000, 0.5259482000)
(0.7826587000, 0.3358471000, 0.5240449000)
(0.7840453000, 0.3367906000, 0.5213810000)
(0.7842092000, 0.3358093000, 0.5217503000)
(0.7840418000, 0.3351631000, 0.5224224000)
(0.7844486000, 0.3384726000, 0.5196677000)
(0.7842925000, 0.3379437000, 0.5202459000)
(0.7851354000, 0.3395153000, 0.5179669000)
(0.7801150000, 0.3362234000, 0.5276116000)
(0.7780471000, 0.3457803000, 0.5244654000)
(0.7778006000, 0.3463596000, 0.5244595000)
(0.7714069000, 0.3484396000, 0.5324635000)
(0.7725107000, 0.3620940000, 0.5216326000)
(0.7911086000, 0.2283540000, 0.5674371000)
(0.6025248000, 0.1518214000, 0.7835100000)
(0.0000000000, 0.0000000000, 0.0000000000)
(0.0000000000, 0.0000000000, 0.0000000000)
(0.0000000000, 0.0000000000, 0.0000000000)
(0.0000000000, 0.0000000000, 0.0000000000)
(0.0000000000, 0.0000000000, 0.0000000000)
(0.0000000000, 0.0000000000, 0.0000000000)
(0.0000000000, 0.0000000000, 0.0000000000)
(0.0000000000, 0.0000000000, 0.0000000000)
(0.0000000000, 0.0000000000, 0.0000000000)
(0.0000000000, 0.0000000000, 0.0000000000)
(0.0000000000, 0.0000000000, 0.0000000000)
(0.0000000000, 0.0000000000, 0.0000000000)
(0.0000000000, 0.0000000000, 0.0000000000)
(0.0000000000, 0.0000000000, 0.0000000000)
(0.0000000000, 0.0000000000, 0.0000000000)
(0.0000000000, 0.0000000000, 0.0000000000)
(0.0000000000, 0.0000000000, 0.0000000000)
(0.0000000000, 0.0000000000, 0.0000000000)
(0.0000000000, 0.0000000000, 0.0000000000)
(0.7466671000, 0.1547230000, 0.6469461000)
(0.7690590000, 0.3272740000, 0.5490230000)
(0.7717546000, 0.3574495000, 0.5259262000)
(0.7729601000, 0.3697592000, 0.5155557000)
(0.7724757000, 0.3632067000, 0.5209050000)
(0.7730814000, 0.3885045000, 0.5013825000)
(0.7708908000, 0.3884425000, 0.5047935000)
(0.7520026000, 0.3977883000, 0.5255858000)
(0.7549249000, 0.3946559000, 0.5237573000)
(0.7500545000, 0.3927619000, 0.5321091000)
(0.7582177000, 0.3940431000, 0.5194337000)
(0.7723109000, 0.3789259000, 0.5098309000)
(0.7750129000, 0.3828166000, 0.5027965000)
(0.7797121000, 0.3692042000, 0.5056828000)
(0.7957146000, 0.3640817000, 0.4840203000)
(0.7928979000, 0.3680623000, 0.4856292000)
(0.7954206000, 0.3654348000, 0.4834672000)
(0.7958538000, 0.3662750000, 0.4821292000)
(0.7961862000, 0.3648669000, 0.4826499000)
(0.7964423000, 0.3610941000, 0.4850626000)
(0.7961812000, 0.3610031000, 0.4855362000)
(0.7950193000, 0.3586897000, 0.4891678000)
(0.7931976000, 0.3617859000, 0.4898349000)
(0.7930584000, 0.3579915000, 0.4928354000)
(0.7890947000, 0.3618120000, 0.4963943000)
(0.7871215000, 0.3651187000, 0.4970900000)
(0.7861780000, 0.3641275000, 0.4993073000)
(0.7803551000, 0.3654104000, 0.5074506000)
(0.7843169000, 0.3647082000, 0.5018231000)
(0.7823260000, 0.3618045000, 0.5070050000)
(0.7815403000, 0.3630462000, 0.5073096000)
(0.7797723000, 0.3625022000, 0.5104352000)
(0.7818540000, 0.3637130000, 0.5063539000)
(0.7819276000, 0.3609843000, 0.5082027000)
(0.7828616000, 0.3604280000, 0.5071675000)
(0.7822278000, 0.3618095000, 0.5071582000)
(0.7742186000, 0.3523397000, 0.5257684000)
(0.7692081000, 0.3463448000, 0.5369833000)
(0.7654008000, 0.3588072000, 0.5342395000)
(0.7652984000, 0.3596124000, 0.5338367000)
(0.7673761000, 0.3744858000, 0.5204563000)
(0.7749013000, 0.3500054000, 0.5263174000)
(0.0000000000, 0.0000000000, 0.0000000000)
(0.0000000000, 0.0000000000, 0.0000000000)
(0.0000000000, 0.0000000000, 0.0000000000)
(0.0000000000, 0.0000000000, 0.0000000000)
(0.0000000000, 0.0000000000, 0.0000000000)
(0.0000000000, 0.0000000000, 0.0000000000)
(0.0000000000, 0.0000000000, 0.0000000000)
(0.0000000000, 0.0000000000, 0.0000000000)
(0.0000000000, 0.0000000000, 0.0000000000)
(0.0000000000, 0.0000000000, 0.0000000000)
(0.0000000000, 0.0000000000, 0.0000000000)
(0.0000000000, 0.0000000000, 0.0000000000)
(0.0000000000, 0.0000000000, 0.0000000000)
(0.0000000000, 0.0000000000, 0.0000000000)
(0.0000000000, 0.0000000000, 0.0000000000)
(0.0000000000, 0.0000000000, 0.0000000000)
(0.0000000000, 0.0000000000, 0.0000000000)
(0.0000000000, 0.0000000000, 0.0000000000)
(0.0000000000, 0.0000000000, 0.0000000000)
(0.7476279000, 0.4048567000, 0.5264209000)
(0.7467651000, 0.4077780000, 0.5253861000)
(0.7465942000, 0.4053570000, 0.5275224000)
(0.7416460000, 0.4138855000, 0.5278704000)
(0.7424642000, 0.4146330000, 0.5261284000)
(0.7393200000, 0.4224278000, 0.5243462000)
(0.7442085000, 0.4099115000, 0.5273656000)
(0.7489931000, 0.4065643000, 0.5231766000)
(0.7618576000, 0.3981607000, 0.5109045000)
(0.7523541000, 0.4031363000, 0.5209910000)
(0.7606478000, 0.4051854000, 0.5071819000)
(0.7640690000, 0.3948987000, 0.5101391000)
(0.7646677000, 0.3988443000, 0.5061548000)
(0.7695478000, 0.3917634000, 0.5042704000)
(0.7735571000, 0.3906294000, 0.4990146000)
(0.7754166000, 0.3888261000, 0.4975168000)
(0.7744925000, 0.3869821000, 0.5003861000)
(0.7739941000, 0.3930026000, 0.4964609000)
(0.7793855000, 0.3854279000, 0.4939469000)
(0.7847304000, 0.3820396000, 0.4880759000)
(0.7818118000, 0.3828009000, 0.4921576000)
(0.7845713000, 0.3810023000, 0.4891448000)
(0.7825189000, 0.3826174000, 0.4911771000)
(0.7909141000, 0.3846717000, 0.4758771000)
(0.7920520000, 0.3861414000, 0.4727881000)
(0.7920321000, 0.3866857000, 0.4723656000)
(0.7923421000, 0.3874712000, 0.4712293000)
(0.7923908000, 0.3874966000, 0.4711059000)
(0.7922546000, 0.3876495000, 0.4712134000)
(0.7929081000, 0.3845388000, 0.4726498000)
(0.7866603000, 0.3705594000, 0.4938014000)
(0.7787609000, 0.3663028000, 0.5092525000)
(0.7776993000, 0.3617952000, 0.5140766000)
(0.7784572000, 0.3681961000, 0.5083460000)
(0.7797167000, 0.3630674000, 0.5101081000)
(0.7775717000, 0.3628487000, 0.5135353000)
(0.7759165000, 0.3587728000, 0.5188645000)
(0.7741444000, 0.3638990000, 0.5179401000)
(0.7725748000, 0.3343498000, 0.5397401000)
(0.7719097000, 0.2871649000, 0.5671563000)
(0.7658880000, 0.2814557000, 0.5780891000)
(0.7625497000, 0.2393616000, 0.6009963000)
(0.7601883000, 0.2017325000, 0.6175699000)
(0.7557498000, 0.1843139000, 0.6283832000)
(0.7599397000, 0.1684701000, 0.6277617000)
(0.7518886000, 0.1368932000, 0.6449162000)
(0.7423621000, 0.1329051000, 0.6566762000)
(0.7373039000, 0.1224176000, 0.6643635000)
(0.7333146000, 0.1141618000, 0.6702093000)
(0.7334495000, 0.1131151000, 0.6702513000)
(0.7348477000, 0.1086049000, 0.6694579000)
(0.7375197000, 0.1060493000, 0.6669270000)
(0.7378976000, 0.1063995000, 0.6664522000)
(0.7381861000, 0.1062367000, 0.6661758000)
(0.7382300000, 0.1064682000, 0.6660863000)
(0.7389197000, 0.1161198000, 0.6637058000)
(0.7383829000, 0.1122898000, 0.6649618000)
(0.7401080000, 0.1241864000, 0.6609071000)
(0.7398705000, 0.1209205000, 0.6617855000)
(0.7391230000, 0.1253192000, 0.6618027000)
(0.7410482000, 0.1248451000, 0.6597368000)
(0.7400757000, 0.1264264000, 0.6605263000)
(0.7428704000, 0.1330611000, 0.6560686000)
(0.7405375000, 0.1394461000, 0.6573718000)
(0.7405196000, 0.1409847000, 0.6570556000)
(0.7407569000, 0.1409435000, 0.6567984000)
(0.7435157000, 0.1468963000, 0.6523627000)
(0.7428259000, 0.1482384000, 0.6528543000)
(0.7406617000, 0.1577904000, 0.6530753000)
(0.7428080000, 0.1568643000, 0.6508563000)
(0.7444730000, 0.1569641000, 0.6489351000)
(0.7447244000, 0.1599751000, 0.6478982000)
(0.7415039000, 0.1606730000, 0.6514191000)
(0.7458622000, 0.1761589000, 0.6423749000)
(0.7486581000, 0.1816026000, 0.6375783000)
(0.7487020000, 0.1872474000, 0.6358850000)
(0.7518570000, 0.2148084000, 0.6233295000)
(0.7448884000, 0.1616353000, 0.6472934000)
(0.0000000000, 0.0000000000, 0.0000000000)
(0.0000000000, 0.0000000000, 0.0000000000)
(0.0000000000, 0.0000000000, 0.0000000000)
(0.0000000000, 0.0000000000, 0.0000000000)
(0.0000000000, 0.0000000000, 0.0000000000)
(0.0000000000, 0.0000000000, 0.0000000000)
(0.0000000000, 0.0000000000, 0.0000000000)
(0.0000000000, 0.0000000000, 0.0000000000)
(0.0000000000, 0.0000000000, 0.0000000000)
(0.0000000000, 0.0000000000, 0.0000000000)
(0.0000000000, 0.0000000000, 0.0000000000)
(0.0000000000, 0.0000000000, 0.0000000000)
(0.0000000000, 0.0000000000, 0.0000000000)
(0.0000000000, 0.0000000000, 0.0000000000)
(0.0000000000, 0.0000000000, 0.0000000000)
(0.0000000000, 0.0000000000, 0.0000000000)
(0.0000000000, 0.0000000000, 0.0000000000)
(0.0000000000, 0.0000000000, 0.0000000000)
(0.0000000000, 0.0000000000, 0.0000000000)
(0.0000000000, 0.0000000000, 0.0000000000)
(0.0000000000, 0.0000000000, 0.0000000000)
(0.0000000000, 0.0000000000, 0.0000000000)
(0.0000000000, 0.0000000000, 0.0000000000)
(0.0000000000, 0.0000000000, 0.0000000000)
(0.0000000000, 0.0000000000, 0.0000000000)
(0.0000000000, 0.0000000000, 0.0000000000)
(0.0000000000, 0.0000000000, 0.0000000000)
(0.0000000000, 0.0000000000, 0.0000000000)
(0.0000000000, 0.0000000000, 0.0000000000)
(0.0000000000, 0.0000000000, 0.0000000000)
(0.0000000000, 0.0000000000, 0.0000000000)
(0.0000000000, 0.0000000000, 0.0000000000)
(0.0000000000, 0.0000000000, 0.0000000000)
(0.0000000000, 0.0000000000, 0.0000000000)
(0.0000000000, 0.0000000000, 0.0000000000)
(0.0000000000, 0.0000000000, 0.0000000000)
(0.7651640000, 0.3705200000, 0.5265200000)
(0.7680103000, 0.3675088000, 0.5244768000)
(0.7683383000, 0.3741417000, 0.5192812000)
(0.7668223000, 0.3754568000, 0.5205653000)
(0.7689196000, 0.3745343000, 0.5181375000)
(0.7347465000, 0.4056351000, 0.5436949000)
(0.7226050000, 0.4065768000, 0.5590394000)
(0.7307155000, 0.3974995000, 0.5550086000)
(0.7692574000, 0.3604109000, 0.5275579000)
(0.7729552000, 0.3591740000, 0.5229852000)
(0.7749822000, 0.3658585000, 0.5153039000)
(0.7578573000, 0.3749202000, 0.5339332000)
(0.7398297000, 0.3910006000, 0.5475085000)
(0.7628222000, 0.3690859000, 0.5309073000)
(0.7714344000, 0.3615265000, 0.5236272000)
(0.7734576000, 0.3591787000, 0.5222375000)
(0.7738563000, 0.3564519000, 0.5235140000)
(0.7708408000, 0.3456715000, 0.5350815000)
(0.7482924000, 0.3554116000, 0.5601196000)
(0.7439614000, 0.3659428000, 0.5591006000)
(0.7432620000, 0.3639213000, 0.5613433000)
(0.7457786000, 0.3539435000, 0.5643814000)
(0.7426525000, 0.3519153000, 0.5697391000)
(0.7511277000, 0.3413634000, 0.5650304000)
(0.7460760000, 0.3502978000, 0.5662488000)
(0.7478704000, 0.3476596000, 0.5655019000)
(0.7420882000, 0.3517992000, 0.5705388000)
(0.7681190000, 0.3490953000, 0.5367534000)
(0.7553964000, 0.3376952000, 0.5615336000)
(0.0000000000, 0.0000000000, 0.0000000000)
(0.0000000000, 0.0000000000, 0.0000000000)
(0.0000000000, 0.0000000000, 0.0000000000)
(0.0000000000, 0.0000000000, 0.0000000000)
(0.0000000000, 0.0000000000, 0.0000000000)
(0.0000000000, 0.0000000000, 0.0000000000)
(0.0000000000, 0.0000000000, 0.0000000000)
(0.0000000000, 0.0000000000, 0.0000000000)
(0.0000000000, 0.0000000000, 0.0000000000)
(0.0000000000, 0.0000000000, 0.0000000000)
(0.0000000000, 0.0000000000, 0.0000000000)
(0.0000000000, 0.0000000000, 0.0000000000)
(0.0000000000, 0.0000000000, 0.0000000000)
(0.0000000000, 0.0000000000, 0.0000000000)
(0.0000000000, 0.0000000000, 0.0000000000)
(0.0000000000, 0.0000000000, 0.0000000000)
(0.7307662000, 0.3266376000, 0.5993955000)
(0.7493308000, 0.3411409000, 0.5675551000)
(0.7259482000, 0.3300669000, 0.6033581000)
(0.7256125000, 0.3358625000, 0.6005622000)
(0.7297183000, 0.3391428000, 0.5937059000)
(0.7395375000, 0.3342307000, 0.5842550000)
(0.7525346000, 0.3254691000, 0.5724816000)
(0.7573666000, 0.3236005000, 0.5671411000)
(0.7550880000, 0.3279104000, 0.5677131000)
(0.7593800000, 0.3214640000, 0.5656694000)
(0.7577156000, 0.3242561000, 0.5663243000)
(0.7608874000, 0.3207830000, 0.5640329000)
(0.7664279000, 0.3199472000, 0.5569482000)
(0.7663842000, 0.3231412000, 0.5551756000)
(0.7696954000, 0.3221505000, 0.5511574000)
(0.7673160000, 0.3160194000, 0.5579836000)
(0.7673275000, 0.3179349000, 0.5568650000)
(0.7684366000, 0.3193523000, 0.5545260000)
(0.7673180000, 0.3199987000, 0.5557042000)
(0.7651068000, 0.3197596000, 0.5588811000)
(0.7656555000, 0.3212143000, 0.5573034000)
(0.7637789000, 0.3217539000, 0.5595572000)
(0.7630632000, 0.3227459000, 0.5599483000)
(0.7631476000, 0.3225576000, 0.5599585000)
(0.7623823000, 0.3210693000, 0.5618475000)
(0.7628474000, 0.3204487000, 0.5615670000)
(0.7621457000, 0.3216028000, 0.5618740000)
(0.7631692000, 0.3200186000, 0.5613812000)
(0.7617113000, 0.3204213000, 0.5631214000)
(0.7603747000, 0.3234721000, 0.5631961000)
(0.7528505000, 0.3233164000, 0.5733003000)
(0.7488461000, 0.3188314000, 0.5810018000)
(0.7522018000, 0.3149906000, 0.5787615000)
(0.7479963000, 0.3103316000, 0.5866663000)
(0.0000000000, 0.0000000000, 0.0000000000)
(0.0000000000, 0.0000000000, 0.0000000000)
(0.0000000000, 0.0000000000, 0.0000000000)
(0.0000000000, 0.0000000000, 0.0000000000)
(0.0000000000, 0.0000000000, 0.0000000000)
(0.0000000000, 0.0000000000, 0.0000000000)
(0.0000000000, 0.0000000000, 0.0000000000)
(0.0000000000, 0.0000000000, 0.0000000000)
(0.0000000000, 0.0000000000, 0.0000000000)
(0.0000000000, 0.0000000000, 0.0000000000)
(0.0000000000, 0.0000000000, 0.0000000000)
(0.0000000000, 0.0000000000, 0.0000000000)
(0.0000000000, 0.0000000000, 0.0000000000)
(0.0000000000, 0.0000000000, 0.0000000000)
(0.0000000000, 0.0000000000, 0.0000000000)
(0.0000000000, 0.0000000000, 0.0000000000)
(0.0000000000, 0.0000000000, 0.0000000000)
(0.0000000000, 0.0000000000, 0.0000000000)
(0.7431096000, 0.3149281000, 0.5904160000)
(0.7455087000, 0.3156364000, 0.5870097000)
(0.7550727000, 0.3183883000, 0.5731416000)
(0.7668385000, 0.3160205000, 0.5586289000)
(0.7697222000, 0.3106462000, 0.5576929000)
(0.7662871000, 0.3073584000, 0.5641904000)
(0.7676840000, 0.3074329000, 0.5622583000)
(0.7638420000, 0.3129730000, 0.5644352000)
(0.7627238000, 0.3142321000, 0.5652386000)
(0.7623218000, 0.3185897000, 0.5633309000)
(0.7613759000, 0.3167403000, 0.5656579000)
(0.7637737000, 0.3204711000, 0.5602883000)
(0.7656243000, 0.3178827000, 0.5592551000)
(0.7658991000, 0.3187433000, 0.5583849000)
(0.7664210000, 0.3148985000, 0.5598305000)
(0.7662371000, 0.3149523000, 0.5600639000)
(0.7653765000, 0.3155271000, 0.5609184000)
(0.7634619000, 0.3182996000, 0.5619559000)
(0.7620389000, 0.3201215000, 0.5628417000)
(0.7619027000, 0.3195131000, 0.5633883000)
(0.7618095000, 0.3214777000, 0.5623869000)
(0.7618335000, 0.3215315000, 0.5623147000)
(0.7623468000, 0.3212111000, 0.5618136000)
(0.7655374000, 0.3202522000, 0.5580130000)
(0.7643731000, 0.3181815000, 0.5607939000)
(0.7623899000, 0.3202524000, 0.5623141000)
(0.7654181000, 0.3250357000, 0.5553997000)
(0.7641300000, 0.3274647000, 0.5557475000)
(0.7616534000, 0.3268141000, 0.5595227000)
(0.7583477000, 0.3294195000, 0.5624728000)
(0.7580556000, 0.3354708000, 0.5592844000)
(0.7613565000, 0.3307315000, 0.5576100000)
(0.7585364000, 0.3332270000, 0.5599720000)
(0.7577325000, 0.3377496000, 0.5583386000)
(0.7582974000, 0.3392513000, 0.5566646000)
(0.7613923000, 0.3474461000, 0.5473220000)
(0.7621579000, 0.3497370000, 0.5447677000)
(0.7621952000, 0.3443379000, 0.5481654000)
(0.0000000000, 0.0000000000, 0.0000000000)
(0.0000000000, 0.0000000000, 0.0000000000)
(0.0000000000, 0.0000000000, 0.0000000000)
(0.0000000000, 0.0000000000, 0.0000000000)
(0.0000000000, 0.0000000000, 0.0000000000)
(0.0000000000, 0.0000000000, 0.0000000000)
(0.0000000000, 0.0000000000, 0.0000000000)
(0.0000000000, 0.0000000000, 0.0000000000)
(0.0000000000, 0.0000000000, 0.0000000000)
(0.0000000000, 0.0000000000, 0.0000000000)
(0.0000000000, 0.0000000000, 0.0000000000)
(0.0000000000, 0.0000000000, 0.0000000000)
(0.0000000000, 0.0000000000, 0.0000000000)
(0.0000000000, 0.0000000000, 0.0000000000)
(0.0000000000, 0.0000000000, 0.0000000000)
(0.0000000000, 0.0000000000, 0.0000000000)
(0.0000000000, 0.0000000000, 0.0000000000)
(0.0000000000, 0.0000000000, 0.0000000000)
(0.0000000000, 0.0000000000, 0.0000000000)
(0.0000000000, 0.0000000000, 0.0000000000)
(0.0000000000, 0.0000000000, 0.0000000000)
(0.0000000000, 0.0000000000, 0.0000000000)
(0.0000000000, 0.0000000000, 0.0000000000)
(0.0000000000, 0.0000000000, 0.0000000000)
(0.0000000000, 0.0000000000, 0.0000000000)
(0.0000000000, 0.0000000000, 0.0000000000)
(0.0000000000, 0.0000000000, 0.0000000000)
(0.7576766000, 0.3271668000, 0.5646762000)
(0.7597350000, 0.3205507000, 0.5657103000)
(0.7591697000, 0.3174452000, 0.5682197000)
(0.7614978000, 0.3210485000, 0.5630465000)
(0.7619681000, 0.3196914000, 0.5631887000)
(0.7607105000, 0.3139127000, 0.5681221000)
(0.7630464000, 0.3184723000, 0.5624143000)
(0.7651111000, 0.3203736000, 0.5585123000)
(0.7611152000, 0.3199352000, 0.5641934000)
(0.7632226000, 0.3260122000, 0.5578342000)
(0.7616587000, 0.3198186000, 0.5635420000)
(0.7633622000, 0.3219219000, 0.5600173000)
(0.7627986000, 0.3146416000, 0.5649062000)
(0.7641957000, 0.3181685000, 0.5610286000)
(0.7638575000, 0.3140011000, 0.5638257000)
(0.7609155000, 0.3157819000, 0.5668040000)
(0.7623920000, 0.3128625000, 0.5664393000)
(0.7601301000, 0.3166215000, 0.5674026000)
(0.7608343000, 0.3182119000, 0.5655672000)
(0.7610579000, 0.3181418000, 0.5652931000)
(0.7603996000, 0.3200324000, 0.5651088000)
(0.7609650000, 0.3212267000, 0.5636830000)
(0.7605270000, 0.3223673000, 0.5636231000)
(0.7633061000, 0.3198827000, 0.5612776000)
(0.7765320000, 0.3407336000, 0.5299967000)
(0.7728407000, 0.3365775000, 0.5379816000)
(0.7789208000, 0.3416670000, 0.5258493000)
(0.0000000000, 0.0000000000, 0.0000000000)
(0.0000000000, 0.0000000000, 0.0000000000)
(0.0000000000, 0.0000000000, 0.0000000000)
(0.0000000000, 0.0000000000, 0.0000000000)
(0.0000000000, 0.0000000000, 0.0000000000)
(0.0000000000, 0.0000000000, 0.0000000000)
(0.0000000000, 0.0000000000, 0.0000000000)
(0.0000000000, 0.0000000000, 0.0000000000)
(0.0000000000, 0.0000000000, 0.0000000000)
(0.0000000000, 0.0000000000, 0.0000000000)
(0.0000000000, 0.0000000000, 0.0000000000)
(0.0000000000, 0.0000000000, 0.0000000000)
(0.0000000000, 0.0000000000, 0.0000000000)
(0.0000000000, 0.0000000000, 0.0000000000)
(0.0000000000, 0.0000000000, 0.0000000000)
(0.0000000000, 0.0000000000, 0.0000000000)
(0.0000000000, 0.0000000000, 0.0000000000)
(0.0000000000, 0.0000000000, 0.0000000000)
(0.0000000000, 0.0000000000, 0.0000000000)
(0.0000000000, 0.0000000000, 0.0000000000)
(0.0000000000, 0.0000000000, 0.0000000000)
(0.0000000000, 0.0000000000, 0.0000000000)
(0.0000000000, 0.0000000000, 0.0000000000)
(0.0000000000, 0.0000000000, 0.0000000000)
(0.0000000000, 0.0000000000, 0.0000000000)
(0.0000000000, 0.0000000000, 0.0000000000)
(0.0000000000, 0.0000000000, 0.0000000000)
(0.0000000000, 0.0000000000, 0.0000000000)
(0.0000000000, 0.0000000000, 0.0000000000)
(0.0000000000, 0.0000000000, 0.0000000000)
(0.0000000000, 0.0000000000, 0.0000000000)
(0.0000000000, 0.0000000000, 0.0000000000)
(0.0000000000, 0.0000000000, 0.0000000000)
(0.0000000000, 0.0000000000, 0.0000000000)
(0.0000000000, 0.0000000000, 0.0000000000)
(0.0000000000, 0.0000000000, 0.0000000000)
(0.7563425000, 0.3316574000, 0.5638463000)
(0.7625681000, 0.3132826000, 0.5659873000)
(0.7718503000, 0.3011623000, 0.5599405000)
(0.7749499000, 0.2941478000, 0.5594006000)
(0.7732363000, 0.2975070000, 0.5599704000)
(0.7772591000, 0.3047507000, 0.5504235000)
(0.7720609000, 0.3193779000, 0.5494580000)
(0.7734041000, 0.3222559000, 0.5458733000)
(0.7749392000, 0.3385506000, 0.5336876000)
(0.7686514000, 0.3422103000, 0.5404285000)
(0.7700415000, 0.3393781000, 0.5402285000)
(0.7698837000, 0.3417780000, 0.5389240000)
(0.7723503000, 0.3337351000, 0.5404524000)
(0.7699227000, 0.3428697000, 0.5381727000)
(0.7704674000, 0.3470610000, 0.5346945000)
(0.7705044000, 0.3355359000, 0.5419689000)
(0.7695437000, 0.3416008000, 0.5395361000)
(0.7689565000, 0.3363654000, 0.5436441000)
(0.7714525000, 0.3448288000, 0.5347431000)
(0.7697106000, 0.3440199000, 0.5377432000)
(0.7685850000, 0.3380959000, 0.5430879000)
(0.7678785000, 0.3353242000, 0.5458080000)
(0.7677945000, 0.3485922000, 0.5375451000)
(0.7640576000, 0.3829831000, 0.5191593000)
(0.7628977000, 0.3790251000, 0.5237581000)
(0.7617801000, 0.3794995000, 0.5250189000)
(0.7591887000, 0.3849218000, 0.5248240000)
(0.7600152000, 0.3877351000, 0.5215592000)
(0.7603941000, 0.3871049000, 0.5214744000)
(0.7620036000, 0.3804885000, 0.5239943000)
(0.7627739000, 0.3796784000, 0.5234573000)
(0.7616027000, 0.3840430000, 0.5219766000)
(0.7644053000, 0.3874024000, 0.5153635000)
(0.7637424000, 0.3812799000, 0.5208682000)
(0.7638897000, 0.3809033000, 0.5209362000)
(0.7632409000, 0.3820544000, 0.5210348000)
(0.7642723000, 0.3789681000, 0.5217809000)
(0.7647031000, 0.3778698000, 0.5219468000)
(0.7645295000, 0.3744557000, 0.5246650000)
(0.7664486000, 0.3825152000, 0.5159585000)
(0.7696553000, 0.3824184000, 0.5112461000)
(0.7695423000, 0.3849069000, 0.5095368000)
(0.7746409000, 0.3722411000, 0.5112302000)
(0.7743089000, 0.3723814000, 0.5116195000)
(0.7749871000, 0.3748901000, 0.5087697000)
(0.7791764000, 0.3796299000, 0.4987602000)
(0.7790207000, 0.3802199000, 0.4985447000)
(0.7788436000, 0.3808410000, 0.4983388000)
(0.7792970000, 0.3765126000, 0.5009165000)
(0.7789038000, 0.3766565000, 0.5014362000)
(0.7788522000, 0.3766062000, 0.5015243000)
(0.7779245000, 0.3798319000, 0.5005321000)
(0.7774481000, 0.3783601000, 0.5023996000)
(0.7770627000, 0.3793152000, 0.5022724000)
(0.7766352000, 0.3777181000, 0.5041205000)
(0.7766137000, 0.3768274000, 0.5048342000)
(0.7762933000, 0.3770970000, 0.5051175000)
(0.7761712000, 0.3779958000, 0.5046528000)
(0.7763109000, 0.3777821000, 0.5045852000)
(0.7764980000, 0.3774631000, 0.5045267000)
(0.7724333000, 0.3812328000, 0.5079402000)
(0.7756035000, 0.3764969000, 0.5066186000)
(0.7754542000, 0.3777422000, 0.5059433000)
(0.7753008000, 0.3813033000, 0.5034815000)
(0.7777554000, 0.3759513000, 0.5037382000)
(0.7762495000, 0.3796666000, 0.5032650000)
(0.7754917000, 0.3781644000, 0.5055704000)
(0.7736290000, 0.3781447000, 0.5084045000)
(0.7740219000, 0.3774699000, 0.5083119000)
(0.7727400000, 0.3746400000, 0.5123485000)
(0.7746297000, 0.3781438000, 0.5068864000)
(0.7775429000, 0.3793240000, 0.5015128000)
(0.7786990000, 0.3821629000, 0.4975690000)
(0.7788602000, 0.3816383000, 0.4976986000)
(0.7782580000, 0.3807364000, 0.4993433000)
(0.7765856000, 0.3778160000, 0.5041311000)
(0.7762190000, 0.3777975000, 0.5047213000)
(0.7771415000, 0.3779401000, 0.5031918000)
(0.7768296000, 0.3805281000, 0.5017276000)
(0.7760625000, 0.3823392000, 0.5015199000)
(0.7775864000, 0.3807886000, 0.5003359000)
(0.7780915000, 0.3822610000, 0.4984250000)
(0.7789222000, 0.3841024000, 0.4956997000)
(0.7808715000, 0.3816392000, 0.4945525000)
(0.7849672000, 0.3852437000, 0.4851883000)
(0.7861263000, 0.4003248000, 0.4708706000)
(0.7825813000, 0.3929400000, 0.4828568000)
(0.0000000000, 0.0000000000, 0.0000000000)
(0.0000000000, 0.0000000000, 0.0000000000)
(0.0000000000, 0.0000000000, 0.0000000000)
(0.0000000000, 0.0000000000, 0.0000000000)
(0.0000000000, 0.0000000000, 0.0000000000)
(0.0000000000, 0.0000000000, 0.0000000000)
(0.0000000000, 0.0000000000, 0.0000000000)
(0.0000000000, 0.0000000000, 0.0000000000)
(0.0000000000, 0.0000000000, 0.0000000000)
(0.0000000000, 0.0000000000, 0.0000000000)
(0.0000000000, 0.0000000000, 0.0000000000)
(0.0000000000, 0.0000000000, 0.0000000000)
(0.0000000000, 0.0000000000, 0.0000000000)
(0.0000000000, 0.0000000000, 0.0000000000)
(0.0000000000, 0.0000000000, 0.0000000000)
(0.0000000000, 0.0000000000, 0.0000000000)
(0.0000000000, 0.0000000000, 0.0000000000)
(0.0000000000, 0.0000000000, 0.0000000000)
(0.0000000000, 0.0000000000, 0.0000000000)
(0.0000000000, 0.0000000000, 0.0000000000)
(0.0000000000, 0.0000000000, 0.0000000000)
(0.0000000000, 0.0000000000, 0.0000000000)
(0.0000000000, 0.0000000000, 0.0000000000)
(0.0000000000, 0.0000000000, 0.0000000000)
(0.0000000000, 0.0000000000, 0.0000000000)
(0.0000000000, 0.0000000000, 0.0000000000)
(0.0000000000, 0.0000000000, 0.0000000000)
(0.0000000000, 0.0000000000, 0.0000000000)
(0.0000000000, 0.0000000000, 0.0000000000)
(0.6323971000, 0.5643460000, 0.5306270000)
(0.6472772000, 0.5556626000, 0.5217744000)
(0.6737249000, 0.5248912000, 0.5201464000)
(0.6831923000, 0.4969197000, 0.5350739000)
(0.7130533000, 0.4425538000, 0.5437644000)
(0.7279156000, 0.4214048000, 0.5408680000)
(0.7359390000, 0.3861840000, 0.5560858000)
(0.7669720000, 0.3455843000, 0.5406563000)
(0.7702894000, 0.3356611000, 0.5421827000)
(0.7656185000, 0.3425236000, 0.5445031000)
(0.7682272000, 0.3436052000, 0.5401461000)
(0.7710171000, 0.3417970000, 0.5373058000)
(0.7676298000, 0.3434183000, 0.5411066000)
(0.7697563000, 0.3448685000, 0.5371430000)
(0.7718312000, 0.3383833000, 0.5382773000)
(0.7710274000, 0.3435606000, 0.5361460000)
(0.7716556000, 0.3397992000, 0.5376428000)
(0.7752562000, 0.3402767000, 0.5321531000)
(0.7709857000, 0.3452214000, 0.5351452000)
(0.7805426000, 0.3591567000, 0.5116109000)
(0.7876372000, 0.3520759000, 0.5056242000)
(0.7816100000, 0.3543678000, 0.5133057000)
(0.7799301000, 0.3515454000, 0.5177919000)
(0.7811176000, 0.3455308000, 0.5200451000)
(0.7800799000, 0.3489400000, 0.5193388000)
(0.7829210000, 0.3532939000, 0.5120620000)
(0.7864478000, 0.3565324000, 0.5043564000)
(0.7835622000, 0.3569067000, 0.5085512000)
(0.7829095000, 0.3566144000, 0.5097661000)
(0.7849022000, 0.3475271000, 0.5129766000)
(0.7836123000, 0.3435234000, 0.5176144000)
(0.7733399000, 0.3385386000, 0.5360104000)
(0.7711411000, 0.3384344000, 0.5392383000)
(0.7759104000, 0.3370550000, 0.5332264000)
(0.7727538000, 0.3307929000, 0.5416749000)
(0.7776035000, 0.3393801000, 0.5292861000)
(0.7821307000, 0.3613482000, 0.5076123000)
(0.7794294000, 0.3655409000, 0.5087811000)
(0.7778949000, 0.3618134000, 0.5137537000)
(0.7788661000, 0.3579791000, 0.5149715000)
(0.7773695000, 0.3494371000, 0.5230522000)
(0.7781136000, 0.3440590000, 0.5254971000)
(0.7828274000, 0.3397683000, 0.5212601000)
(0.7798052000, 0.3471400000, 0.5209472000)
(0.7809389000, 0.3448721000, 0.5207478000)
(0.7800465000, 0.3440323000, 0.5226559000)
(0.7801235000, 0.3448009000, 0.5220096000)
(0.7818780000, 0.3434572000, 0.5202776000)
(0.7854104000, 0.3421966000, 0.5157772000)
(0.7832257000, 0.3432080000, 0.5184228000)
(0.7829862000, 0.3414756000, 0.5199107000)
(0.7828237000, 0.3400126000, 0.5211260000)
(0.7775610000, 0.3431494000, 0.5269148000)
(0.7759753000, 0.3496385000, 0.5249693000)
(0.7782356000, 0.3434389000, 0.5257249000)
(0.7728140000, 0.3456744000, 0.5322075000)
(0.7764080000, 0.3415176000, 0.5296591000)
(0.7767708000, 0.3417832000, 0.5289528000)
(0.7772384000, 0.3416406000, 0.5283663000)
(0.7777575000, 0.3424285000, 0.5270811000)
(0.7825193000, 0.3492397000, 0.5154446000)
(0.7836663000, 0.3503061000, 0.5129558000)
(0.7838706000, 0.3520150000, 0.5114932000)
(0.7843407000, 0.3508640000, 0.5115646000)
(0.7789462000, 0.3433789000, 0.5246931000)
(0.7779556000, 0.3420094000, 0.5270765000)
(0.7773550000, 0.3415346000, 0.5282506000)
(0.7770970000, 0.3408092000, 0.5291023000)
(0.7769982000, 0.3402153000, 0.5296268000)
(0.7771962000, 0.3406584000, 0.5290527000)
(0.7791952000, 0.3410327000, 0.5258735000)
(0.7780936000, 0.3419524000, 0.5269080000)
(0.7779186000, 0.3422499000, 0.5269613000)
(0.7788345000, 0.3413764000, 0.5261851000)
(0.7787884000, 0.3419273000, 0.5258822000)
(0.7829260000, 0.3419123000, 0.5197309000)
(0.7836710000, 0.3389093000, 0.5205734000)
(0.7811381000, 0.3399278000, 0.5237035000)
(0.7766841000, 0.3366946000, 0.5323405000)
(0.7793508000, 0.3397814000, 0.5264508000)
(0.7803326000, 0.3377063000, 0.5263269000)
(0.7821929000, 0.3374467000, 0.5237300000)
(0.7932925000, 0.3365836000, 0.5073414000)
(0.7964382000, 0.3396497000, 0.5003048000)
(0.7977835000, 0.3332167000, 0.5024966000)
(0.7980922000, 0.3431374000, 0.4952538000)
(0.7960472000, 0.3399817000, 0.5007056000)
(0.7914792000, 0.3375612000, 0.5095198000)
(0.7859859000, 0.3357213000, 0.5191283000)
(0.7897692000, 0.3338382000, 0.5145786000)
(0.7944382000, 0.3367009000, 0.5054507000)
(0.7973561000, 0.3388232000, 0.4994068000)
(0.7968675000, 0.3387818000, 0.5002146000)
(0.7973151000, 0.3385080000, 0.4996711000)
(0.7940691000, 0.3352916000, 0.5069780000)
(0.7910738000, 0.3322980000, 0.5135891000)
(0.7903706000, 0.3319051000, 0.5149051000)
(0.7902918000, 0.3321480000, 0.5148879000)
(0.7902487000, 0.3318160000, 0.5151594000)
(0.7947305000, 0.3309949000, 0.5087470000)
(0.7967902000, 0.3336759000, 0.5037498000)
(0.7971830000, 0.3353365000, 0.5020224000)
(0.7968903000, 0.3345193000, 0.5030481000)
(0.7947143000, 0.3306512000, 0.5089898000)
(0.7927026000, 0.3296955000, 0.5127403000)
(0.7902139000, 0.3292898000, 0.5168217000)
(0.7905174000, 0.3278278000, 0.5173008000)
(0.7916276000, 0.3265974000, 0.5163697000)
(0.7945542000, 0.3268639000, 0.5117046000)
(0.7953388000, 0.3271088000, 0.5103016000)
(0.7956052000, 0.3259768000, 0.5106091000)
(0.7954603000, 0.3244472000, 0.5118176000)
(0.7933854000, 0.3220581000, 0.5165347000)
(0.7933728000, 0.3201387000, 0.5177330000)
(0.7929354000, 0.3201152000, 0.5184315000)
(0.7900557000, 0.3341126000, 0.5139619000)
(0.7922474000, 0.3246631000, 0.5166346000)
(0.7925877000, 0.3256657000, 0.5154880000)
(0.7929494000, 0.3238102000, 0.5161152000)
(0.7928832000, 0.3320295000, 0.5109673000)
(0.7910447000, 0.3296714000, 0.5153214000)
(0.7859814000, 0.3265358000, 0.5249762000)
(0.7811496000, 0.3276477000, 0.5314409000)
(0.7806195000, 0.3269393000, 0.5326589000)
(0.7802336000, 0.3275300000, 0.5328731000)
(0.7797428000, 0.3274562000, 0.5336174000)
(0.7799358000, 0.3270937000, 0.5335563000)
(0.7825308000, 0.3273243000, 0.5296088000)
(0.7853136000, 0.3269337000, 0.5257275000)
(0.7872335000, 0.3249785000, 0.5240633000)
(0.7918153000, 0.3199147000, 0.5202664000)
(0.7914755000, 0.3175866000, 0.5221894000)
(0.7897124000, 0.3140108000, 0.5270053000)
(0.7829498000, 0.3239225000, 0.5310740000)
(0.7877797000, 0.3208235000, 0.5258070000)
(0.7811019000, 0.3228153000, 0.5344738000)
(0.7781283000, 0.3219241000, 0.5393062000)
(0.7790498000, 0.3217026000, 0.5381073000)
(0.7791294000, 0.3223336000, 0.5376382000)
(0.7810501000, 0.3244378000, 0.5335693000)
(0.7802233000, 0.3234216000, 0.5353733000)
(0.7804686000, 0.3235440000, 0.5349523000)
(0.7821065000, 0.3232164000, 0.5327442000)
(0.7812223000, 0.3219153000, 0.5348445000)
(0.7810436000, 0.3212844000, 0.5354718000)
(0.7818657000, 0.3182572000, 0.5360703000)
(0.7784153000, 0.3127724000, 0.5442583000)
(0.7782239000, 0.3123024000, 0.5448118000)
(0.7728847000, 0.3084991000, 0.5544938000)
(0.7757439000, 0.3128294000, 0.5480214000)
(0.7678067000, 0.3091654000, 0.5611344000)
(0.7737480000, 0.3123683000, 0.5511112000)
(0.6878115000, 0.0572972100, 0.7236093000)
(0.0000000000, 0.0000000000, 0.0000000000)
(0.0000000000, 0.0000000000, 0.0000000000)
(0.0000000000, 0.0000000000, 0.0000000000)
(0.0000000000, 0.0000000000, 0.0000000000)
(0.0000000000, 0.0000000000, 0.0000000000)
(0.0000000000, 0.0000000000, 0.0000000000)
(0.0000000000, 0.0000000000, 0.0000000000)
(0.0000000000, 0.0000000000, 0.0000000000)
(0.0000000000, 0.0000000000, 0.0000000000)
(0.0000000000, 0.0000000000, 0.0000000000)
(0.7915379000, 0.1470474000, 0.5931439000)
(0.7601389000, 0.2712948000, 0.5903896000)
(0.7719880000, 0.3086346000, 0.5556685000)
(0.7653167000, 0.3394282000, 0.5468567000)
(0.7725961000, 0.3355604000, 0.5389543000)
(0.7706828000, 0.3354087000, 0.5417975000)
(0.7730708000, 0.3462006000, 0.5314870000)
(0.7555583000, 0.3686517000, 0.5414997000)
(0.7669787000, 0.3457153000, 0.5405769000)
(0.7689591000, 0.3483428000, 0.5360515000)
(0.7676778000, 0.3451026000, 0.5399740000)
(0.7680167000, 0.3444144000, 0.5399100000)
(0.7662107000, 0.3475166000, 0.5404989000)
(0.7610149000, 0.3579118000, 0.5410490000)
(0.7652891000, 0.3498909000, 0.5402768000)
(0.7650419000, 0.3564153000, 0.5363482000)
(0.7692484000, 0.3488163000, 0.5353290000)
(0.7697145000, 0.3490767000, 0.5344847000)
(0.7777325000, 0.3470189000, 0.5241019000)
(0.7741507000, 0.3507319000, 0.5269421000)
(0.7752787000, 0.3483944000, 0.5268145000)
(0.7795855000, 0.3439601000, 0.5233870000)
(0.7788514000, 0.3449632000, 0.5238082000)
(0.7786692000, 0.3461320000, 0.5233209000)
(0.7799734000, 0.3455882000, 0.5217313000)
(0.7796082000, 0.3463969000, 0.5217466000)
(0.7793111000, 0.3482976000, 0.5209101000)
(0.7791622000, 0.3497290000, 0.5201626000)
(0.7792374000, 0.3503888000, 0.5196165000)
(0.7792760000, 0.3509663000, 0.5191609000)
(0.7776252000, 0.3630423000, 0.5133142000)
(0.7807604000, 0.3629104000, 0.5086072000)
(0.7799576000, 0.3588573000, 0.5126970000)
(0.7785663000, 0.3608081000, 0.5134613000)
(0.7768743000, 0.3590888000, 0.5172138000)
(0.7730626000, 0.3594812000, 0.5226113000)
(0.7691731000, 0.3553905000, 0.5310735000)
(0.7683633000, 0.3537948000, 0.5333233000)
(0.7673556000, 0.3578624000, 0.5320509000)
(0.7687571000, 0.3638138000, 0.5259618000)
(0.7614273000, 0.3667916000, 0.5344726000)
(0.7667351000, 0.3668793000, 0.5267867000)
(0.7718216000, 0.3753719000, 0.5131969000)
(0.7738467000, 0.3746917000, 0.5106485000)
(0.7734230000, 0.3683510000, 0.5158775000)
(0.7683463000, 0.3731013000, 0.5200140000)
(0.7631273000, 0.3739720000, 0.5270401000)
(0.7614032000, 0.3755713000, 0.5283782000)
(0.7634822000, 0.3838970000, 0.5193390000)
(0.7690393000, 0.3794078000, 0.5144138000)
(0.7703292000, 0.3755402000, 0.5152983000)
(0.7764108000, 0.3689925000, 0.5108909000)
(0.7768236000, 0.3685438000, 0.5106032000)
(0.7790194000, 0.3478344000, 0.5216480000)
(0.7765533000, 0.3509650000, 0.5232467000)
(0.7751067000, 0.3509819000, 0.5253557000)
(0.7767317000, 0.3520899000, 0.5222240000)
(0.7758884000, 0.3478247000, 0.5262973000)
(0.7778959000, 0.3488097000, 0.5226786000)
(0.7795048000, 0.3496827000, 0.5196798000)
(0.7769661000, 0.3517181000, 0.5221088000)
(0.7768352000, 0.3513684000, 0.5225417000)
(0.7765133000, 0.3522073000, 0.5224642000)
(0.7767103000, 0.3536957000, 0.5211560000)
(0.7768824000, 0.3532276000, 0.5212309000)
(0.7766079000, 0.3506165000, 0.5233722000)
(0.7730542000, 0.3577534000, 0.5238307000)
(0.7717642000, 0.3499277000, 0.5309417000)
(0.7737827000, 0.3487717000, 0.5287668000)
(0.7774963000, 0.3517441000, 0.5213113000)
(0.7773991000, 0.3497408000, 0.5227895000)
(0.7773048000, 0.3506507000, 0.5223215000)
(0.7762629000, 0.3506944000, 0.5238473000)
(0.7755063000, 0.3490874000, 0.5260370000)
(0.7754937000, 0.3495696000, 0.5257375000)
(0.7727464000, 0.3531052000, 0.5274195000)
(0.7717637000, 0.3538317000, 0.5283741000)
(0.7710771000, 0.3552136000, 0.5284439000)
(0.7698710000, 0.3570149000, 0.5289763000)
(0.7694385000, 0.3577345000, 0.5291351000)
(0.7698212000, 0.3563981000, 0.5294754000)
(0.7765446000, 0.3505172000, 0.5235596000)
(0.7790223000, 0.3533213000, 0.5179600000)
(0.7820828000, 0.3497937000, 0.5157408000)
(0.7820246000, 0.3481448000, 0.5169201000)
(0.7814044000, 0.3472678000, 0.5184449000)
(0.7806315000, 0.3466157000, 0.5200530000)
(0.7765660000, 0.3478443000, 0.5253019000)
(0.7766327000, 0.3482472000, 0.5249349000)
(0.7789444000, 0.3472310000, 0.5221793000)
(0.7803223000, 0.3465014000, 0.5206016000)
(0.7801967000, 0.3466402000, 0.5206967000)
(0.7799532000, 0.3468473000, 0.5209279000)
(0.7673645000, 0.3507510000, 0.5367615000)
(0.7639474000, 0.3567356000, 0.5376832000)
(0.7648411000, 0.3465893000, 0.5430164000)
(0.7617378000, 0.3481887000, 0.5463485000)
(0.7612234000, 0.3537303000, 0.5435144000)
(0.7612755000, 0.3523614000, 0.5443207000)
(0.7694407000, 0.3475626000, 0.5358501000)
(0.7720878000, 0.3462751000, 0.5328821000)
(0.7740985000, 0.3458733000, 0.5302200000)
(0.7695801000, 0.3496667000, 0.5342812000)
(0.7580767000, 0.3547172000, 0.5472494000)
(0.7582095000, 0.3495180000, 0.5504002000)
(0.7525764000, 0.3545881000, 0.5548701000)
(0.7550440000, 0.3615875000, 0.5469359000)
(0.7508495000, 0.3652711000, 0.5502552000)
(0.7534369000, 0.3598473000, 0.5503001000)
(0.7508047000, 0.3591276000, 0.5543486000)
(0.7525086000, 0.3578903000, 0.5528250000)
(0.7551648000, 0.3613443000, 0.5469366000)
(0.7529734000, 0.3572429000, 0.5526095000)
(0.7533646000, 0.3570718000, 0.5521999000)
(0.7558069000, 0.3577704000, 0.5484030000)
(0.7549697000, 0.3617747000, 0.5469106000)
(0.7558486000, 0.3554551000, 0.5498334000)
(0.7609268000, 0.3464510000, 0.5485952000)
(0.7693278000, 0.3428325000, 0.5390449000)
(0.7704448000, 0.3422675000, 0.5378256000)
(0.7735766000, 0.3406450000, 0.5343311000)
(0.7742351000, 0.3398535000, 0.5338976000)
(0.7750123000, 0.3396974000, 0.5328755000)
(0.7726977000, 0.3408793000, 0.5354540000)
(0.7717812000, 0.3419218000, 0.5361118000)
(0.7714604000, 0.3446466000, 0.5348242000)
(0.7679272000, 0.3463307000, 0.5388154000)
(0.7700905000, 0.3465381000, 0.5355781000)
(0.7727612000, 0.3450485000, 0.5326966000)
(0.7740164000, 0.3444577000, 0.5312674000)
(0.7753059000, 0.3477241000, 0.5272354000)
(0.7747425000, 0.3462968000, 0.5289934000)
(0.7765895000, 0.3473981000, 0.5255632000)
(0.7757321000, 0.3480997000, 0.5263635000)
(0.7705410000, 0.3521979000, 0.5312365000)
(0.7729334000, 0.3548343000, 0.5259799000)
(0.7765501000, 0.3494208000, 0.5242615000)
(0.7732289000, 0.3526549000, 0.5270207000)
(0.7768446000, 0.3556825000, 0.5196064000)
(0.7730850000, 0.3561553000, 0.5248553000)
(0.7677832000, 0.3549979000, 0.5333520000)
(0.7610528000, 0.3733430000, 0.5304767000)
(0.7623780000, 0.3693272000, 0.5313813000)
(0.7627765000, 0.3679937000, 0.5317423000)
(0.7619793000, 0.3662220000, 0.5341008000)
(0.7638716000, 0.3697451000, 0.5289459000)
(0.7617710000, 0.3718454000, 0.5304899000)
(0.7641043000, 0.3665513000, 0.5308135000)
(0.7639416000, 0.3667100000, 0.5309546000)
(0.7637114000, 0.3669890000, 0.5310809000)
(0.7652469000, 0.3651128000, 0.5301555000)
(0.7650383000, 0.3644705000, 0.5308961000)
(0.7647924000, 0.3657879000, 0.5303510000)
(0.7649201000, 0.3660205000, 0.5300118000)
(0.7648789000, 0.3668719000, 0.5294797000)
(0.7647455000, 0.3660556000, 0.5302517000)
(0.7690697000, 0.3587748000, 0.5289545000)
(0.7709081000, 0.3610107000, 0.5247517000)
(0.7741992000, 0.3656558000, 0.5166310000)
(0.7744004000, 0.3605444000, 0.5199109000)
(0.7743393000, 0.3614914000, 0.5193397000)
(0.7743980000, 0.3619809000, 0.5189162000)
(0.7747252000, 0.3619315000, 0.5184394000)
(0.7749677000, 0.3617706000, 0.5181968000)
(0.7757549000, 0.3592311000, 0.5187868000)
(0.7756661000, 0.3583863000, 0.5195197000)
(0.7797883000, 0.3467449000, 0.5212357000)
(0.7789761000, 0.3505556000, 0.5199066000)
(0.7753574000, 0.3516667000, 0.5245400000)
(0.7659355000, 0.3491881000, 0.5398147000)
(0.7705756000, 0.3440802000, 0.5364682000)
(0.7633047000, 0.3412808000, 0.5485127000)
(0.7628421000, 0.3326139000, 0.5544522000)
(0.7641459000, 0.3396452000, 0.5483745000)
(0.0000000000, 0.0000000000, 0.0000000000)
(0.0000000000, 0.0000000000, 0.0000000000)
(0.0000000000, 0.0000000000, 0.0000000000)
(0.0000000000, 0.0000000000, 0.0000000000)
(0.0000000000, 0.0000000000, 0.0000000000)
(0.0000000000, 0.0000000000, 0.0000000000)
(0.0000000000, 0.0000000000, 0.0000000000)
(0.0000000000, 0.0000000000, 0.0000000000)
(0.0000000000, 0.0000000000, 0.0000000000)
(0.0000000000, 0.0000000000, 0.0000000000)
(0.0000000000, 0.0000000000, 0.0000000000)
(0.0000000000, 0.0000000000, 0.0000000000)
(0.7517560000, 0.3560901000, 0.5550190000)
(0.7515144000, 0.3442887000, 0.5627453000)
(0.7545214000, 0.3517004000, 0.5540690000)
(0.7493069000, 0.3535153000, 0.5599610000)
(0.7475834000, 0.3477821000, 0.5658142000)
(0.7568923000, 0.3475535000, 0.5534605000)
(0.7625233000, 0.3583553000, 0.5386323000)
(0.7615108000, 0.3552691000, 0.5420899000)
(0.7681048000, 0.3584895000, 0.5305550000)
(0.7520284000, 0.3651704000, 0.5487099000)
(0.7520635000, 0.3734997000, 0.5430298000)
(0.7536833000, 0.3640898000, 0.5471546000)
(0.7477362000, 0.3753130000, 0.5477361000)
(0.7479953000, 0.3760405000, 0.5468869000)
(0.7478493000, 0.3691677000, 0.5517516000)
(0.7491089000, 0.3692839000, 0.5499660000)
(0.7480022000, 0.3692131000, 0.5515112000)
(0.7472914000, 0.3692965000, 0.5524049000)
(0.7468246000, 0.3695860000, 0.5528520000)
(0.7453170000, 0.3662105000, 0.5571265000)
(0.7499692000, 0.3704842000, 0.5479702000)
(0.7556788000, 0.3684158000, 0.5414790000)
(0.7556269000, 0.3664123000, 0.5429235000)
(0.7548136000, 0.3651226000, 0.5449218000)
(0.7526664000, 0.3695316000, 0.5449123000)
(0.7476759000, 0.3718701000, 0.5501599000)
(0.7462704000, 0.3728442000, 0.5513988000)
(0.7462707000, 0.3741890000, 0.5504835000)
(0.7510884000, 0.3751600000, 0.5432234000)
(0.7518356000, 0.3795384000, 0.5391365000)
(0.7477720000, 0.3805552000, 0.5440512000)
(0.7498848000, 0.3705809000, 0.5480322000)
(0.7567381000, 0.3566513000, 0.5478548000)
(0.7586544000, 0.3573443000, 0.5447391000)
(0.7564937000, 0.3646744000, 0.5428722000)
(0.7582225000, 0.3604445000, 0.5432929000)
(0.7580019000, 0.3571728000, 0.5457446000)
(0.7592145000, 0.3584130000, 0.5432457000)
(0.7567067000, 0.3612509000, 0.5448517000)
(0.7533618000, 0.3712291000, 0.5427878000)
(0.7589155000, 0.3690728000, 0.5364876000)
(0.7581799000, 0.3613306000, 0.5427659000)
(0.7589026000, 0.3582942000, 0.5437626000)
(0.7597256000, 0.3649240000, 0.5381719000)
(0.7588984000, 0.3659637000, 0.5386364000)
(0.7564366000, 0.3611049000, 0.5453265000)
(0.7553661000, 0.3686486000, 0.5417522000)
(0.7539625000, 0.3660743000, 0.5454387000)
(0.7568344000, 0.3678935000, 0.5402089000)
(0.7546822000, 0.3660451000, 0.5444734000)
(0.7541339000, 0.3672185000, 0.5444437000)
(0.7536610000, 0.3674143000, 0.5449737000)
(0.7532876000, 0.3633065000, 0.5482192000)
(0.7530376000, 0.3630807000, 0.5487248000)
(0.7528572000, 0.3550636000, 0.5541764000)
(0.7560093000, 0.3642921000, 0.5438128000)
(0.7529373000, 0.3554799000, 0.5537962000)
(0.7473853000, 0.3604386000, 0.5580992000)
(0.7552770000, 0.3238564000, 0.5697954000)
(0.7458570000, 0.2816882000, 0.6036113000)
(0.7054773000, -0.0241482900, 0.7082966000)
(0.7347219000, 0.1584852000, 0.6595803000)
(0.6761715000, 0.1135800000, 0.7279169000)
(0.0000000000, 0.0000000000, 0.0000000000)
(0.7072494000, 0.1219535000, 0.6963563000)
(0.8312597000, 0.0867791800, 0.5490540000)
(0.7083651000, 0.2712214000, 0.6516371000)
(0.7581614000, 0.2492981000, 0.6025075000)
(0.7480684000, 0.3778474000, 0.5455285000)
(0.7404976000, 0.4019445000, 0.5385978000)
(0.7453900000, 0.3791337000, 0.5483096000)
(0.7421727000, 0.3798236000, 0.5521675000)
(0.7344005000, 0.3880739000, 0.5568094000)
(0.7383975000, 0.3843454000, 0.5541006000)
(0.7348558000, 0.3884847000, 0.5559290000)
(0.7364953000, 0.4102660000, 0.5378079000)
(0.7487168000, 0.3977804000, 0.5302475000)
(0.7474992000, 0.4054833000, 0.5261338000)
(0.7480800000, 0.4007042000, 0.5289547000)
(0.7458056000, 0.4113392000, 0.5239730000)
(0.7393572000, 0.4109949000, 0.5333098000)
(0.7357393000, 0.3965741000, 0.5489882000)
(0.7394114000, 0.4236956000, 0.5231877000)
(0.7417877000, 0.4137883000, 0.5277331000)
(0.7380378000, 0.3728908000, 0.5623355000)
(0.7476329000, 0.3381549000, 0.5715564000)
(0.0000000000, 0.0000000000, 0.0000000000)
(0.0000000000, 0.0000000000, 0.0000000000)
(0.0000000000, 0.0000000000, 0.0000000000)
(0.0000000000, 0.0000000000, 0.0000000000)
(0.7464426000, 0.1198119000, 0.6545518000)
(0.6876669000, 0.1463742000, 0.7110965000)
(0.7110437000, 0.1362453000, 0.6897994000)
(0.7530548000, 0.2059894000, 0.6248613000)
(0.7366255000, 0.1730318000, 0.6537745000)
(0.6766763000, 0.1189656000, 0.7266000000)
(0.7014860000, 0.2481608000, 0.6680676000)
(0.7348783000, 0.3993751000, 0.5481236000)
(0.7477606000, 0.3587565000, 0.5586813000)
(0.7501352000, 0.3802980000, 0.5409797000)
(0.7520933000, 0.3770632000, 0.5405286000)
(0.7474871000, 0.3787190000, 0.5457418000)
(0.7455813000, 0.3792852000, 0.5479281000)
(0.7486428000, 0.3797415000, 0.5434278000)
(0.7468940000, 0.3917335000, 0.5372995000)
(0.7430206000, 0.3954612000, 0.5399154000)
(0.7413688000, 0.3886637000, 0.5470783000)
(0.7461466000, 0.3880143000, 0.5410069000)
(0.7431938000, 0.3821017000, 0.5492241000)
(0.7482445000, 0.3783723000, 0.5449418000)
(0.7494653000, 0.3859262000, 0.5379236000)
(0.7484114000, 0.3921972000, 0.5348391000)
(0.7451854000, 0.3861054000, 0.5436953000)
(0.7436117000, 0.3865706000, 0.5455203000)
(0.7447547000, 0.3865656000, 0.5439676000)
(0.7462476000, 0.3825339000, 0.5447599000)
(0.7465016000, 0.3830938000, 0.5440143000)
(0.7449577000, 0.3834059000, 0.5459003000)
(0.7450465000, 0.3805460000, 0.5477769000)
(0.7462643000, 0.3811941000, 0.5456741000)
(0.7463546000, 0.3802922000, 0.5461971000)
(0.7424304000, 0.3914016000, 0.5436894000)
(0.7367347000, 0.3899903000, 0.5523689000)
(0.7363961000, 0.3865875000, 0.5552071000)
(0.7416937000, 0.3832929000, 0.5504206000)
(0.7536541000, 0.3891149000, 0.5297018000)
(0.7569971000, 0.3785181000, 0.5326041000)
(0.0000000000, 0.0000000000, 0.0000000000)
(0.0000000000, 0.0000000000, 0.0000000000)
(0.0000000000, 0.0000000000, 0.0000000000)
(0.0000000000, 0.0000000000, 0.0000000000)
(0.0000000000, 0.0000000000, 0.0000000000)
(0.0000000000, 0.0000000000, 0.0000000000)
(0.0000000000, 0.0000000000, 0.0000000000)
(0.0000000000, 0.0000000000, 0.0000000000)
(0.0000000000, 0.0000000000, 0.0000000000)
(0.0000000000, 0.0000000000, 0.0000000000)
(0.0000000000, 0.0000000000, 0.0000000000)
(0.0000000000, 0.0000000000, 0.0000000000)
(0.0000000000, 0.0000000000, 0.0000000000)
(0.0000000000, 0.0000000000, 0.0000000000)
(0.0000000000, 0.0000000000, 0.0000000000)
(0.0000000000, 0.0000000000, 0.0000000000)
(0.0000000000, 0.0000000000, 0.0000000000)
(0.7385989000, 0.4005573000, 0.5422224000)
(0.7407813000, 0.4107456000, 0.5315159000)
(0.7431026000, 0.4088881000, 0.5297051000)
(0.7323862000, 0.4075826000, 0.5454215000)
(0.7403985000, 0.3989458000, 0.5409649000)
(0.7404303000, 0.4014781000, 0.5390424000)
(0.7399606000, 0.3978502000, 0.5423582000)
(0.7370277000, 0.4030619000, 0.5424968000)
(0.7355931000, 0.4217224000, 0.5301392000)
(0.7386182000, 0.4151029000, 0.5311499000)
(0.7379993000, 0.4222525000, 0.5263450000)
(0.7426559000, 0.4038433000, 0.5341873000)
(0.7433248000, 0.4013125000, 0.5351756000)
(0.7420719000, 0.4008623000, 0.5372251000)
(0.7450865000, 0.3953326000, 0.5371581000)
(0.7447385000, 0.3950359000, 0.5378737000)
(0.7431365000, 0.3992175000, 0.5369951000)
(0.7418233000, 0.3990413000, 0.5389449000)
(0.7453753000, 0.3979466000, 0.5348234000)
(0.7451025000, 0.3991755000, 0.5342810000)
(0.7485450000, 0.3929977000, 0.5340443000)
(0.7473285000, 0.3972927000, 0.5325810000)
(0.7440472000, 0.3983977000, 0.5363418000)
(0.7402605000, 0.4088098000, 0.5337216000)
(0.7409454000, 0.4079462000, 0.5334377000)
(0.7416140000, 0.4073227000, 0.5330026000)
(0.7428004000, 0.4055814000, 0.5326812000)
(0.7422006000, 0.4000688000, 0.5376566000)
(0.7394427000, 0.4010934000, 0.5406730000)
(0.7392908000, 0.3993848000, 0.5421565000)
(0.7376723000, 0.3995253000, 0.5442572000)
(0.7391240000, 0.3953922000, 0.5452937000)
(0.7396259000, 0.3965285000, 0.5437716000)
(0.7394609000, 0.3960189000, 0.5443934000)
(0.7401281000, 0.4040659000, 0.5375240000)
(0.7413130000, 0.3995931000, 0.5392360000)
(0.7411591000, 0.3992656000, 0.5396758000)
(0.7362388000, 0.4051388000, 0.5420309000)
(0.7329717000, 0.4127946000, 0.5406708000)
(0.7359484000, 0.4085070000, 0.5399073000)
(0.7388002000, 0.4158801000, 0.5302864000)
(0.7406890000, 0.4079299000, 0.5338072000)
(0.7463505000, 0.4022783000, 0.5301946000)
(0.7434812000, 0.4026503000, 0.5339330000)
(0.7424851000, 0.3929286000, 0.5424888000)
(0.7395278000, 0.3915949000, 0.5474924000)
(0.7398828000, 0.3966698000, 0.5433220000)
(0.7375132000, 0.3950345000, 0.5477377000)
(0.7392381000, 0.3922497000, 0.5474087000)
(0.7419671000, 0.3893499000, 0.5457671000)
(0.7405223000, 0.3944077000, 0.5440982000)
(0.7375785000, 0.3993010000, 0.5445440000)
(0.7392617000, 0.3986175000, 0.5427575000)
(0.7378379000, 0.4042964000, 0.5404826000)
(0.7522587000, 0.3902291000, 0.5308647000)
(0.7482979000, 0.3940174000, 0.5336515000)
(0.7465852000, 0.3935952000, 0.5363674000)
(0.7396652000, 0.3944559000, 0.5452355000)
(0.7441637000, 0.3853880000, 0.5455971000)
(0.7409294000, 0.3790563000, 0.5543635000)
(0.7450215000, 0.3736457000, 0.5525485000)
(0.7583944000, 0.3708503000, 0.5360082000)
(0.7668913000, 0.3554124000, 0.5343691000)
(0.7576746000, 0.3541952000, 0.5481313000)
(0.7436492000, 0.3565767000, 0.5655205000)
(0.7432472000, 0.3558325000, 0.5665181000)
(0.7352992000, 0.3634614000, 0.5720174000)
(0.7659570000, 0.3583006000, 0.5337709000)
(0.7712907000, 0.3585118000, 0.5258821000)
(0.7651262000, 0.3616176000, 0.5327311000)
(0.7591605000, 0.3673166000, 0.5373500000)
(0.7621898000, 0.3654599000, 0.5343140000)
(0.7590250000, 0.3680767000, 0.5370185000)
(0.7421018000, 0.3583439000, 0.5664421000)
(0.7506319000, 0.3524158000, 0.5588602000)
(0.7453861000, 0.3574032000, 0.5627247000)
(0.7455978000, 0.3604437000, 0.5604846000)
(0.7469987000, 0.3625821000, 0.5572243000)
(0.7472116000, 0.3659850000, 0.5547171000)
(0.7508790000, 0.3545091000, 0.5572212000)
(0.7480890000, 0.3673865000, 0.5525967000)
(0.7536140000, 0.3565914000, 0.5521635000)
(0.7470550000, 0.3583451000, 0.5598958000)
(0.7480057000, 0.3598579000, 0.5576481000)
(0.7479950000, 0.3511781000, 0.5631658000)
(0.7516793000, 0.3422964000, 0.5637338000)
(0.7468381000, 0.3435121000, 0.5693879000)
(0.7405365000, 0.3488799000, 0.5743321000)
(0.7379938000, 0.3504912000, 0.5766247000)
(0.7364229000, 0.3426998000, 0.5832892000)
(0.0000000000, 0.0000000000, 0.0000000000)
(0.0000000000, 0.0000000000, 0.0000000000)
(0.0000000000, 0.0000000000, 0.0000000000)
(0.0000000000, 0.0000000000, 0.0000000000)
(0.0000000000, 0.0000000000, 0.0000000000)
(0.0000000000, 0.0000000000, 0.0000000000)
(0.0000000000, 0.0000000000, 0.0000000000)
(0.0000000000, 0.0000000000, 0.0000000000)
(0.0000000000, 0.0000000000, 0.0000000000)
(0.0000000000, 0.0000000000, 0.0000000000)
(0.0000000000, 0.0000000000, 0.0000000000)
(0.0000000000, 0.0000000000, 0.0000000000)
(0.7395992000, 0.3635870000, 0.5663686000)
(0.7391630000, 0.3657410000, 0.5655618000)
(0.7370781000, 0.3846669000, 0.5556280000)
(0.7324545000, 0.3876030000, 0.5596957000)
(0.7364872000, 0.3907556000, 0.5521473000)
(0.7407122000, 0.3884139000, 0.5481397000)
(0.7417653000, 0.3870224000, 0.5476928000)
(0.7428955000, 0.3870532000, 0.5461391000)
(0.7398297000, 0.3954101000, 0.5443140000)
(0.7406807000, 0.3897017000, 0.5472643000)
(0.7401006000, 0.3863720000, 0.5504095000)
(0.7383659000, 0.3899497000, 0.5502070000)
(0.7392964000, 0.3933555000, 0.5465187000)
(0.7387202000, 0.3864232000, 0.5522156000)
(0.7369173000, 0.3879213000, 0.5535739000)
(0.7362127000, 0.3891061000, 0.5536750000)
(0.7359129000, 0.3915446000, 0.5523551000)
(0.7359671000, 0.3926710000, 0.5514814000)
(0.7370901000, 0.3941033000, 0.5489749000)
(0.7384659000, 0.3828158000, 0.5550749000)
(0.7383854000, 0.3832114000, 0.5549153000)
(0.7404296000, 0.3902714000, 0.5472189000)
(0.0000000000, 0.0000000000, 0.0000000000)
(0.0000000000, 0.0000000000, 0.0000000000)
(0.0000000000, 0.0000000000, 0.0000000000)
(0.0000000000, 0.0000000000, 0.0000000000)
(0.0000000000, 0.0000000000, 0.0000000000)
(0.0000000000, 0.0000000000, 0.0000000000)
(0.0000000000, 0.0000000000, 0.0000000000)
(0.0000000000, 0.0000000000, 0.0000000000)
(0.0000000000, 0.0000000000, 0.0000000000)
(0.0000000000, 0.0000000000, 0.0000000000)
(0.0000000000, 0.0000000000, 0.0000000000)
(0.0000000000, 0.0000000000, 0.0000000000)
(0.0000000000, 0.0000000000, 0.0000000000)
(0.0000000000, 0.0000000000, 0.0000000000)
(0.7291957000, 0.4200782000, 0.5401688000)
(0.7348061000, 0.4255449000, 0.5281574000)
(0.7305092000, 0.4197772000, 0.5386370000)
(0.7298403000, 0.4106748000, 0.5465117000)
(0.7298107000, 0.4276843000, 0.5333207000)
(0.7386167000, 0.4186161000, 0.5283743000)
(0.7333145000, 0.4200393000, 0.5345998000)
(0.7340938000, 0.4194108000, 0.5340294000)
(0.7318900000, 0.4228463000, 0.5343484000)
(0.7315266000, 0.4220771000, 0.5354503000)
(0.7302529000, 0.4260497000, 0.5340432000)
(0.7333240000, 0.4179080000, 0.5362580000)
(0.7317721000, 0.4234719000, 0.5339971000)
(0.7389765000, 0.4187657000, 0.5277721000)
(0.7477685000, 0.4306412000, 0.5053391000)
(0.7469878000, 0.4301719000, 0.5068855000)
(0.7501348000, 0.4284270000, 0.5037284000)
(0.7492713000, 0.4340288000, 0.5001922000)
(0.7500756000, 0.4354831000, 0.4977078000)
(0.7513354000, 0.4346516000, 0.4965528000)
(0.7522532000, 0.4303316000, 0.4989215000)
(0.7376874000, 0.4340210000, 0.5171457000)
(0.7577128000, 0.4239475000, 0.4961182000)
(0.7594117000, 0.4190193000, 0.4976906000)
(0.7602898000, 0.4225166000, 0.4933741000)
(0.7586706000, 0.4192634000, 0.4986324000)
(0.7600331000, 0.4076108000, 0.5061619000)
(0.7605869000, 0.4093593000, 0.5038972000)
(0.7644145000, 0.4164543000, 0.4921561000)
(0.7663626000, 0.4176044000, 0.4881442000)
(0.7646511000, 0.4133917000, 0.4943699000)
(0.7632076000, 0.4143785000, 0.4957750000)
(0.7640986000, 0.4119356000, 0.4964362000)
(0.7557057000, 0.4213013000, 0.5014107000)
(0.7427988000, 0.4307682000, 0.5125034000)
(0.7445333000, 0.4254746000, 0.5144075000)
(0.7486309000, 0.4208138000, 0.5123093000)
(0.7516355000, 0.4195987000, 0.5088729000)
(0.7518166000, 0.4171861000, 0.5106024000)
(0.7476425000, 0.4270160000, 0.5086045000)
(0.7489084000, 0.4220571000, 0.5108752000)
(0.7492129000, 0.4223683000, 0.5101715000)
(0.7482236000, 0.4244008000, 0.5099198000)
(0.7505805000, 0.4192325000, 0.5107479000)
(0.7539942000, 0.4176995000, 0.5069465000)
(0.7501467000, 0.4156083000, 0.5143185000)
(0.7526076000, 0.4220265000, 0.5054353000)
(0.7508861000, 0.4242205000, 0.5061586000)
(0.7489584000, 0.4291706000, 0.5048389000)
(0.7516150000, 0.4290178000, 0.5010109000)
(0.7470182000, 0.4297431000, 0.5072039000)
(0.7460281000, 0.4278274000, 0.5102769000)
(0.7482564000, 0.4291551000, 0.5058715000)
(0.7446678000, 0.4326282000, 0.5082210000)
(0.7443080000, 0.4312586000, 0.5099039000)
(0.7483020000, 0.4277075000, 0.5070570000)
(0.7485917000, 0.4194843000, 0.5134482000)
(0.7455596000, 0.4050750000, 0.5291802000)
(0.7496709000, 0.3945113000, 0.5313629000)
(0.7479921000, 0.3946141000, 0.5336445000)
(0.7521705000, 0.3939905000, 0.5281979000)
(0.7533530000, 0.3944908000, 0.5261520000)
(0.7524528000, 0.3976242000, 0.5250691000)
(0.7543288000, 0.3919138000, 0.5266582000)
(0.7593405000, 0.3974565000, 0.5151931000)
(0.7556669000, 0.3932323000, 0.5237565000)
(0.7592450000, 0.3818291000, 0.5269979000)
(0.7576888000, 0.3488948000, 0.5515065000)
(0.7605952000, 0.3448039000, 0.5500829000)
(0.7628417000, 0.3479562000, 0.5449549000)
(0.7571700000, 0.3321139000, 0.5624863000)
(0.7577296000, 0.3149297000, 0.5715203000)
(0.7581401000, 0.3186285000, 0.5689374000)
(0.7541625000, 0.3258772000, 0.5701147000)
(0.7572384000, 0.3274118000, 0.5651325000)
(0.7620035000, 0.3306631000, 0.5567620000)
(0.7630299000, 0.3308483000, 0.5552549000)
(0.7573931000, 0.3253578000, 0.5661161000)
(0.7595024000, 0.3228735000, 0.5646938000)
(0.7609624000, 0.3006313000, 0.5749263000)
(0.7582192000, 0.3015255000, 0.5780697000)
(0.7582524000, 0.2956322000, 0.5810760000)
(0.7546467000, 0.3015412000, 0.5827230000)
(0.7545261000, 0.2973017000, 0.5850508000)
(0.7516978000, 0.2970154000, 0.5888172000)
(0.7565034000, 0.2915517000, 0.5853925000)
(0.7559416000, 0.2899659000, 0.5869049000)
(0.7543423000, 0.2953752000, 0.5862700000)
(0.7573376000, 0.2848678000, 0.5875859000)
(0.7506650000, 0.2899167000, 0.5936562000)
(0.7511565000, 0.3023078000, 0.5868153000)
(0.7519909000, 0.2995547000, 0.5871671000)
(0.7528381000, 0.2985966000, 0.5865608000)
(0.7502685000, 0.3023458000, 0.5879369000)
(0.7565834000, 0.2983238000, 0.5818551000)
(0.7560486000, 0.2966943000, 0.5833876000)
(0.7558700000, 0.2961268000, 0.5839092000)
(0.7559961000, 0.3030234000, 0.5802053000)
(0.7541347000, 0.3091547000, 0.5793828000)
(0.7588890000, 0.3026378000, 0.5766246000)
(0.7564622000, 0.3055176000, 0.5782753000)
(0.7535167000, 0.3081646000, 0.5807236000)
(0.7557179000, 0.2975472000, 0.5833881000)
(0.7531369000, 0.3168716000, 0.5765085000)
(0.7495980000, 0.3193544000, 0.5797375000)
(0.7526819000, 0.3077866000, 0.5820004000)
(0.7510966000, 0.2966928000, 0.5897675000)
(0.7484909000, 0.3031863000, 0.5897735000)
(0.0000000000, 0.0000000000, 0.0000000000)
(0.0000000000, 0.0000000000, 0.0000000000)
(0.0000000000, 0.0000000000, 0.0000000000)
(0.0000000000, 0.0000000000, 0.0000000000)
(0.0000000000, 0.0000000000, 0.0000000000)
(0.0000000000, 0.0000000000, 0.0000000000)
(0.7480468000, 0.3272431000, 0.5773396000)
(0.7459361000, 0.3161436000, 0.5861823000)
(0.7472578000, 0.3377784000, 0.5722721000)
(0.7458806000, 0.3478524000, 0.5680137000)
(0.7501950000, 0.3471047000, 0.5627728000)
(0.7495797000, 0.3409199000, 0.5673591000)
(0.7497333000, 0.3417227000, 0.5666666000)
(0.7566530000, 0.3675942000, 0.5406808000)
(0.7560259000, 0.3690865000, 0.5405425000)
(0.7569035000, 0.3722869000, 0.5370986000)
(0.7543134000, 0.3674584000, 0.5440435000)
(0.7609535000, 0.3666444000, 0.5352616000)
(0.7595916000, 0.3724305000, 0.5332073000)
(0.7610146000, 0.3711087000, 0.5321000000)
(0.7608191000, 0.3768518000, 0.5283310000)
(0.7627603000, 0.3759046000, 0.5262038000)
(0.7596234000, 0.3661448000, 0.5374780000)
(0.7628043000, 0.3670388000, 0.5323459000)
(0.7575374000, 0.3657794000, 0.5406710000)
(0.7553767000, 0.3616767000, 0.5464326000)
(0.7526274000, 0.3629078000, 0.5493841000)
(0.7504908000, 0.3659873000, 0.5502667000)
(0.7516674000, 0.3561851000, 0.5550749000)
(0.7508387000, 0.3636085000, 0.5513691000)
(0.7558942000, 0.3541694000, 0.5506110000)
(0.7532095000, 0.3675621000, 0.5454884000)
(0.7493256000, 0.3737325000, 0.5466498000)
(0.7545925000, 0.3799298000, 0.5350118000)
(0.7520866000, 0.3838862000, 0.5357127000)
(0.7495375000, 0.3778152000, 0.5435500000)
(0.7530394000, 0.3839377000, 0.5343304000)
(0.7523957000, 0.3805671000, 0.5376351000)
(0.7545879000, 0.3817138000, 0.5337385000)
(0.7443857000, 0.3940370000, 0.5390934000)
(0.7468913000, 0.4102139000, 0.5233234000)
(0.7441354000, 0.4079926000, 0.5289491000)
(0.7490014000, 0.4095922000, 0.5207729000)
(0.7524867000, 0.4065570000, 0.5181283000)
(0.7516698000, 0.4033585000, 0.5217938000)
(0.7545483000, 0.4046417000, 0.5166389000)
(0.7474259000, 0.4102961000, 0.5224959000)
(0.7522501000, 0.4002894000, 0.5233160000)
(0.7514923000, 0.4025827000, 0.5226593000)
(0.7549597000, 0.3990105000, 0.5204045000)
(0.7569476000, 0.3989494000, 0.5175462000)
(0.7504748000, 0.4017983000, 0.5247318000)
(0.7599058000, 0.3872536000, 0.5220696000)
(0.7599872000, 0.3876512000, 0.5216744000)
(0.7606794000, 0.3876086000, 0.5206726000)
(0.7598363000, 0.3883525000, 0.5213683000)
(0.7598978000, 0.3905945000, 0.5195781000)
(0.7549987000, 0.3918644000, 0.5257341000)
(0.7508090000, 0.3796871000, 0.5404841000)
(0.7506036000, 0.3852806000, 0.5367698000)
(0.7499392000, 0.3883313000, 0.5355002000)
(0.7481698000, 0.3877897000, 0.5383667000)
(0.7497837000, 0.3806425000, 0.5412266000)
(0.7489867000, 0.3914432000, 0.5345755000)
(0.7550623000, 0.3800600000, 0.5342384000)
(0.7564325000, 0.3787614000, 0.5332176000)
(0.7549204000, 0.3800331000, 0.5344777000)
(0.7532877000, 0.3873908000, 0.5314705000)
(0.7526424000, 0.3834136000, 0.5352728000)
(0.7498112000, 0.3897216000, 0.5346847000)
(0.7466362000, 0.3936413000, 0.5362607000)
(0.7510648000, 0.3958386000, 0.5283862000)
(0.7481377000, 0.3974437000, 0.5313322000)
(0.7441390000, 0.3941812000, 0.5393259000)
(0.7443471000, 0.3927391000, 0.5400716000)
(0.7430403000, 0.3943588000, 0.5406910000)
(0.7490765000, 0.3890265000, 0.5362142000)
(0.7473732000, 0.3891798000, 0.5384785000)
(0.7483007000, 0.3914740000, 0.5355103000)
(0.7491968000, 0.3978087000, 0.5295562000)
(0.7478003000, 0.4026536000, 0.5278702000)
(0.7539169000, 0.3993514000, 0.5216405000)
(0.7535641000, 0.4009454000, 0.5209358000)
(0.7555443000, 0.3919383000, 0.5248928000)
(0.7521997000, 0.3937808000, 0.5283172000)
(0.7586251000, 0.3867199000, 0.5243151000)
(0.7592710000, 0.3856264000, 0.5241957000)
(0.7599914000, 0.3806908000, 0.5267691000)
(0.7582003000, 0.3848451000, 0.5263317000)
(0.7516878000, 0.3976954000, 0.5261123000)
(0.7516848000, 0.3950108000, 0.5281222000)
(0.7510839000, 0.3965850000, 0.5277987000)
(0.7492333000, 0.3926446000, 0.5333461000)
(0.7500362000, 0.3876169000, 0.5358926000)
(0.7476877000, 0.3839562000, 0.5417731000)
(0.7512797000, 0.3852597000, 0.5358583000)
(0.7528464000, 0.3818337000, 0.5361153000)
(0.7469597000, 0.3786882000, 0.5464633000)
(0.7533554000, 0.3726096000, 0.5418530000)
(0.7547016000, 0.3727553000, 0.5398640000)
(0.7553452000, 0.3747954000, 0.5375572000)
(0.7531314000, 0.3770387000, 0.5391045000)
(0.7570446000, 0.3706381000, 0.5380588000)
(0.7571477000, 0.3726624000, 0.5364913000)
(0.7540573000, 0.3810344000, 0.5349597000)
(0.7527092000, 0.3773967000, 0.5394406000)
(0.7522203000, 0.3742171000, 0.5423049000)
(0.7509192000, 0.3774778000, 0.5418714000)
(0.7486878000, 0.3796242000, 0.5434490000)
(0.7493590000, 0.3788891000, 0.5430351000)
(0.7481442000, 0.3795360000, 0.5442715000)
(0.7473745000, 0.3802037000, 0.5448443000)
(0.7447776000, 0.3820694000, 0.5471029000)
(0.7422514000, 0.3817470000, 0.5507329000)
(0.7409425000, 0.3831814000, 0.5514981000)
(0.7441033000, 0.3793583000, 0.5498887000)
(0.7411810000, 0.3758050000, 0.5562363000)
(0.7474483000, 0.3745023000, 0.5486771000)
(0.7450586000, 0.3735643000, 0.5525706000)
(0.7424183000, 0.3743772000, 0.5555671000)
(0.7472525000, 0.3716609000, 0.5508803000)
(0.7453968000, 0.3746011000, 0.5513890000)
(0.7461064000, 0.3745147000, 0.5505084000)
(0.7438673000, 0.3720834000, 0.5551493000)
(0.7458321000, 0.3754616000, 0.5502232000)
(0.7434092000, 0.3719557000, 0.5558497000)
(0.7455130000, 0.3676394000, 0.5559006000)
(0.7443344000, 0.3691104000, 0.5565206000)
(0.7450089000, 0.3735999000, 0.5526120000)
(0.7456811000, 0.3749325000, 0.5507913000)
(0.7460235000, 0.3753327000, 0.5500534000)
(0.7433184000, 0.3727091000, 0.5554847000)
(0.7437481000, 0.3699269000, 0.5567465000)
(0.7418206000, 0.3723992000, 0.5576704000)
(0.7430548000, 0.3733797000, 0.5553731000)
(0.7449605000, 0.3759917000, 0.5510414000)
(0.7451286000, 0.3789962000, 0.5487583000)
(0.7463799000, 0.3855582000, 0.5424372000)
(0.7481123000, 0.3808722000, 0.5433620000)
(0.7453167000, 0.3834599000, 0.5453709000)
(0.7444669000, 0.3835084000, 0.5465217000)
(0.7440113000, 0.3829443000, 0.5475131000)
(0.7426527000, 0.3873015000, 0.5463071000)
(0.7416309000, 0.3889011000, 0.5465510000)
(0.7411294000, 0.3843682000, 0.5504357000)
(0.7423806000, 0.3843527000, 0.5487492000)
(0.7408617000, 0.3847397000, 0.5505369000)
(0.7414452000, 0.3857518000, 0.5490338000)
(0.7402986000, 0.3862878000, 0.5501921000)
(0.7399329000, 0.3885969000, 0.5490599000)
(0.7398092000, 0.3846440000, 0.5520079000)
(0.7416878000, 0.3764180000, 0.5551578000)
(0.7388934000, 0.3795654000, 0.5567320000)
(0.7384430000, 0.3798371000, 0.5571399000)
(0.7371058000, 0.3829109000, 0.5568057000)
(0.7321811000, 0.3851219000, 0.5617492000)
(0.7370793000, 0.3822484000, 0.5573084000)
(0.7328771000, 0.3768921000, 0.5664062000)
(0.7348201000, 0.3690872000, 0.5690301000)
(0.7348176000, 0.3632802000, 0.5727667000)
(0.7392536000, 0.3616047000, 0.5681031000)
(0.7416453000, 0.3592072000, 0.5664816000)
(0.7449002000, 0.3627835000, 0.5599127000)
(0.7470722000, 0.3745230000, 0.5491741000)
(0.7515213000, 0.3533778000, 0.5570609000)
(0.7524984000, 0.3633871000, 0.5492514000)
(0.7562479000, 0.3103977000, 0.5759496000)
(0.7638883000, 0.2737295000, 0.5843942000)
(0.7711007000, 0.2785713000, 0.5725331000)
(0.7859958000, 0.1846360000, 0.5899999000)
(0.6705379000, 0.1125843000, 0.7332707000)
(0.6150150000, 0.0978243100, 0.7824049000)
(0.7204505000, 0.2005666000, 0.6638595000)
(0.7489798000, 0.2046692000, 0.6301801000)
(0.7626899000, 0.2521900000, 0.5955558000)
(0.7557591000, 0.3250129000, 0.5684965000)
(0.7558284000, 0.3587103000, 0.5477450000)
(0.7467468000, 0.3786528000, 0.5468003000)
(0.7545378000, 0.3833296000, 0.5326360000)
(0.7494197000, 0.3853213000, 0.5383984000)
(0.7524791000, 0.3745942000, 0.5417081000)
(0.7479742000, 0.3837187000, 0.5415534000)
(0.7488003000, 0.3926831000, 0.5339347000)
(0.7465200000, 0.3946159000, 0.5357091000)
(0.7413858000, 0.3894950000, 0.5464681000)
(0.7425759000, 0.3912433000, 0.5435895000)
(0.7394218000, 0.3865362000, 0.5512158000)
(0.7384174000, 0.3962235000, 0.5456384000)
(0.7401847000, 0.3899014000, 0.5477943000)
(0.7457590000, 0.3876152000, 0.5418406000)
(0.7382275000, 0.3757373000, 0.5602059000)
(0.7518290000, 0.3555426000, 0.5552709000)
(0.0000000000, 0.0000000000, 0.0000000000)
(0.0000000000, 0.0000000000, 0.0000000000)
(0.0000000000, 0.0000000000, 0.0000000000)
(0.0000000000, 0.0000000000, 0.0000000000)
(0.0000000000, 0.0000000000, 0.0000000000)
(0.0000000000, 0.0000000000, 0.0000000000)
(0.0000000000, 0.0000000000, 0.0000000000)
(0.0000000000, 0.0000000000, 0.0000000000)
(0.0000000000, 0.0000000000, 0.0000000000)
(0.0000000000, 0.0000000000, 0.0000000000)
(0.0000000000, 0.0000000000, 0.0000000000)
(0.0000000000, 0.0000000000, 0.0000000000)
(0.0000000000, 0.0000000000, 0.0000000000)
(0.0000000000, 0.0000000000, 0.0000000000)
(0.0000000000, 0.0000000000, 0.0000000000)
(0.0000000000, 0.0000000000, 0.0000000000)
(0.0000000000, 0.0000000000, 0.0000000000)
(0.0000000000, 0.0000000000, 0.0000000000)
(0.7362372000, 0.3512941000, 0.5783895000)
(0.7306621000, 0.3558628000, 0.5826517000)
(0.7324129000, 0.3520514000, 0.5827710000)
(0.7287031000, 0.3462842000, 0.5908118000)
(0.7197745000, 0.3335674000, 0.6088069000)
(0.7203966000, 0.3242727000, 0.6130644000)
(0.7197667000, 0.3225129000, 0.6147482000)
(0.7223544000, 0.3077297000, 0.6192712000)
(0.7288337000, 0.3006950000, 0.6151054000)
(0.7363762000, 0.3002768000, 0.6062723000)
(0.7341484000, 0.2947907000, 0.6116345000)
(0.7335747000, 0.2905102000, 0.6143803000)
(0.7329766000, 0.2929544000, 0.6139222000)
(0.7408634000, 0.2924421000, 0.6046399000)
(0.7439100000, 0.2923208000, 0.6009489000)
(0.7436233000, 0.2858396000, 0.6043883000)
(0.7481920000, 0.2881421000, 0.5976331000)
(0.7489650000, 0.2867998000, 0.5973091000)
(0.7461098000, 0.2847970000, 0.6018199000)
(0.7496890000, 0.2782559000, 0.6004440000)
(0.7480049000, 0.2830933000, 0.6002836000)
(0.7511654000, 0.2853884000, 0.5952209000)
(0.7534579000, 0.2822068000, 0.5938447000)
(0.7532969000, 0.2850658000, 0.5926806000)
(0.7528400000, 0.2848471000, 0.5933620000)
(0.7540802000, 0.2864676000, 0.5910115000)
(0.7484932000, 0.2992665000, 0.5917634000)
(0.7455842000, 0.3031834000, 0.5934386000)
(0.7479437000, 0.2995878000, 0.5922958000)
(0.7465184000, 0.3041475000, 0.5917650000)
(0.7458333000, 0.3059282000, 0.5917009000)
(0.7451603000, 0.3052988000, 0.5928745000)
(0.7450476000, 0.3034860000, 0.5939469000)
(0.7487425000, 0.3010911000, 0.5905070000)
(0.7529547000, 0.2988457000, 0.5862823000)
(0.7536510000, 0.2976460000, 0.5860161000)
(0.7547342000, 0.2995424000, 0.5836385000)
(0.7587495000, 0.2993810000, 0.5784922000)
(0.7580324000, 0.3002760000, 0.5789771000)
(0.7595473000, 0.2983343000, 0.5779888000)
(0.7605693000, 0.2953632000, 0.5781571000)
(0.7593995000, 0.3009310000, 0.5768347000)
(0.7571756000, 0.3007203000, 0.5798489000)
(0.7565243000, 0.3029596000, 0.5795539000)
(0.7568250000, 0.3024583000, 0.5794213000)
(0.7572082000, 0.3027217000, 0.5787618000)
(0.7585971000, 0.3022570000, 0.5771896000)
(0.7589858000, 0.3016974000, 0.5769730000)
(0.7602243000, 0.2978355000, 0.5773443000)
(0.7564072000, 0.3014937000, 0.5804577000)
(0.7529920000, 0.3141571000, 0.5781735000)
(0.7467949000, 0.3266251000, 0.5793139000)
(0.7516957000, 0.3150851000, 0.5793625000)
(0.7540570000, 0.3159427000, 0.5758204000)
(0.7513965000, 0.3251933000, 0.5741275000)
(0.7565985000, 0.3130383000, 0.5740649000)
(0.7568356000, 0.3112166000, 0.5747424000)
(0.7563494000, 0.3137768000, 0.5739835000)
(0.7558221000, 0.3152763000, 0.5738512000)
(0.7550696000, 0.3150963000, 0.5749432000)
(0.7550226000, 0.3149605000, 0.5750799000)
(0.7551939000, 0.3160299000, 0.5742618000)
(0.7553431000, 0.3172269000, 0.5734197000)
(0.7554864000, 0.3175809000, 0.5730219000)
(0.7526079000, 0.3189566000, 0.5760466000)
(0.7534294000, 0.3183557000, 0.5753139000)
(0.7534438000, 0.3171393000, 0.5759444000)
(0.7531752000, 0.3153734000, 0.5772907000)
(0.7530784000, 0.3156647000, 0.5772335000)
(0.7533888000, 0.3152834000, 0.5770450000)
(0.7543367000, 0.3139893000, 0.5765145000)
(0.7542692000, 0.3138278000, 0.5766925000)
(0.7540205000, 0.3136919000, 0.5770788000)
(0.7541518000, 0.3131450000, 0.5772156000)
(0.7541498000, 0.3132977000, 0.5771447000)
(0.7542078000, 0.3136907000, 0.5768521000)
(0.7538477000, 0.3139407000, 0.5771686000)
(0.7539403000, 0.3135819000, 0.5772670000)
(0.7543021000, 0.3139662000, 0.5765724000)
(0.7543642000, 0.3138962000, 0.5765281000)
(0.7547666000, 0.3137833000, 0.5760579000)
(0.7548781000, 0.3137884000, 0.5759115000)
(0.7545276000, 0.3141750000, 0.5761759000)
(0.7541837000, 0.3139670000, 0.5767341000)
(0.7542257000, 0.3139938000, 0.5766485000)
(0.7542309000, 0.3134234000, 0.5769609000)
(0.7546650000, 0.3125905000, 0.5768499000)
(0.7549646000, 0.3131937000, 0.5761320000)
(0.7550944000, 0.3138769000, 0.5755860000)
(0.7551604000, 0.3147190000, 0.5750485000)
(0.7549629000, 0.3148265000, 0.5752242000)
(0.7549120000, 0.3147739000, 0.5753349000)
(0.7552330000, 0.3149311000, 0.5748251000)
(0.7548018000, 0.3141488000, 0.5758105000)
(0.7545781000, 0.3122516000, 0.5771328000)
(0.7543887000, 0.3134695000, 0.5767415000)
(0.7540655000, 0.3116565000, 0.5781271000)
(0.7573645000, 0.3007794000, 0.5795813000)
(0.7568265000, 0.3027332000, 0.5792643000)
(0.7563891000, 0.3064184000, 0.5778908000)
(0.7541423000, 0.3126473000, 0.5774868000)
(0.7564490000, 0.3027754000, 0.5797382000)
(0.7612519000, 0.2991304000, 0.5753138000)
(0.7622212000, 0.3031297000, 0.5719319000)
(0.7611461000, 0.3059727000, 0.5718457000)
(0.7588372000, 0.3113332000, 0.5720329000)
(0.7620291000, 0.3050269000, 0.5711993000)
(0.7599217000, 0.3091432000, 0.5717846000)
(0.7609327000, 0.3041829000, 0.5730931000)
(0.7630721000, 0.3084424000, 0.5679537000)
(0.7599143000, 0.3099892000, 0.5713305000)
(0.7611580000, 0.3066792000, 0.5714508000)
(0.7595335000, 0.3118454000, 0.5708269000)
(0.7597114000, 0.3111120000, 0.5710038000)
(0.7595536000, 0.3083267000, 0.5727002000)
(0.7567021000, 0.3084428000, 0.5764167000)
(0.7528524000, 0.3112718000, 0.5799075000)
(0.7543393000, 0.3074928000, 0.5799909000)
(0.7535778000, 0.3080547000, 0.5806910000)
(0.7512391000, 0.3114749000, 0.5818903000)
(0.7532989000, 0.3118320000, 0.5790279000)
(0.7537635000, 0.3082127000, 0.5803574000)
(0.7538729000, 0.3064689000, 0.5811545000)
(0.7540237000, 0.3046116000, 0.5819335000)
(0.7535651000, 0.3103303000, 0.5794907000)
(0.7541260000, 0.3104823000, 0.5786931000)
(0.7543773000, 0.3075469000, 0.5799187000)
(0.7542943000, 0.3061549000, 0.5807614000)
(0.7541574000, 0.3067057000, 0.5806530000)
(0.7541940000, 0.3072429000, 0.5803224000)
(0.7507665000, 0.3101411000, 0.5832172000)
(0.7481171000, 0.3013954000, 0.5911466000)
(0.7527819000, 0.2829657000, 0.5943248000)
(0.7531606000, 0.2611632000, 0.6037682000)
(0.7568135000, 0.2351390000, 0.6098663000)
(0.7474134000, 0.2166692000, 0.6280201000)
(0.7472401000, 0.2024836000, 0.6329439000)
(0.7442477000, 0.2056499000, 0.6354368000)
(0.7451019000, 0.2012343000, 0.6358455000)
(0.7481312000, 0.2083835000, 0.6299671000)
(0.7488037000, 0.2100315000, 0.6286265000)
(0.7488281000, 0.2143774000, 0.6271152000)
(0.7546738000, 0.2262090000, 0.6158648000)
(0.7515833000, 0.2306999000, 0.6179734000)
(0.7524484000, 0.2306953000, 0.6169077000)
(0.7443618000, 0.2261565000, 0.6282973000)
(0.7391043000, 0.2279415000, 0.6338264000)
(0.7443774000, 0.2304620000, 0.6267104000)
(0.7418867000, 0.2327395000, 0.6288268000)
(0.7425563000, 0.2318099000, 0.6283616000)
(0.7422003000, 0.2318437000, 0.6287788000)
(0.7411439000, 0.2341971000, 0.6291667000)
(0.7424679000, 0.2355941000, 0.6270822000)
(0.7418119000, 0.2355517000, 0.6278641000)
(0.7415568000, 0.2356013000, 0.6281549000)
(0.7413653000, 0.2424513000, 0.6257582000)
(0.7403100000, 0.2423795000, 0.6270410000)
(0.7384408000, 0.2484320000, 0.6268789000)
(0.7374434000, 0.2505481000, 0.6271923000)
(0.7405094000, 0.2503853000, 0.6236389000)
(0.7453688000, 0.2487990000, 0.6184823000)
(0.7521602000, 0.2531360000, 0.6084078000)
(0.7495637000, 0.2583407000, 0.6094330000)
(0.7507231000, 0.2586195000, 0.6078662000)
(0.7512318000, 0.2603856000, 0.6064928000)
(0.7510130000, 0.2622894000, 0.6059449000)
(0.7506805000, 0.2693581000, 0.6032568000)
(0.7509533000, 0.2722282000, 0.6016148000)
(0.7513809000, 0.2746767000, 0.5999677000)
(0.7511933000, 0.2746765000, 0.6002035000)
(0.7510196000, 0.2747220000, 0.6004044000)
(0.7508605000, 0.2752092000, 0.6003844000)
(0.7525790000, 0.2930258000, 0.5896882000)
(0.7543055000, 0.2831487000, 0.5923151000)
(0.7521809000, 0.2891517000, 0.5921065000)
(0.7540503000, 0.2783364000, 0.5949161000)
(0.7520367000, 0.2812242000, 0.5961000000)
(0.7496648000, 0.2816465000, 0.5988836000)
(0.7466335000, 0.2742430000, 0.6060608000)
(0.7441666000, 0.2737178000, 0.6093321000)
(0.7427022000, 0.2834295000, 0.6066672000)
(0.7433478000, 0.2892360000, 0.6031309000)
(0.7478172000, 0.2896817000, 0.5973559000)
(0.7414624000, 0.2873835000, 0.6063129000)
(0.7456062000, 0.2829466000, 0.6033130000)
(0.7452820000, 0.2728727000, 0.6083326000)
(0.7438787000, 0.2709213000, 0.6109219000)
(0.7343262000, 0.2582273000, 0.6277406000)
(0.7288583000, 0.2858026000, 0.6221570000)
(0.7341910000, 0.2788820000, 0.6190097000)
(0.7280920000, 0.2974089000, 0.6175926000)
(0.7263215000, 0.2823397000, 0.6266856000)
(0.7355164000, 0.2621167000, 0.6247329000)
(0.7347729000, 0.2974584000, 0.6095983000)
(0.7344469000, 0.2687422000, 0.6231712000)
(0.7324870000, 0.3101383000, 0.6060197000)
(0.7372572000, 0.3181336000, 0.5959990000)
(0.7282131000, 0.3174708000, 0.6073713000)
(0.7285959000, 0.2977374000, 0.6168296000)
(0.7297336000, 0.2989947000, 0.6148835000)
(0.7289945000, 0.2870987000, 0.6213855000)
(0.7229533000, 0.2700233000, 0.6359233000)
(0.7301228000, 0.2921403000, 0.6177030000)
(0.7289931000, 0.2915775000, 0.6192948000)
(0.7287869000, 0.2943987000, 0.6181988000)
(0.7285666000, 0.2960404000, 0.6176867000)
(0.7261595000, 0.2926019000, 0.6221373000)
(0.7252964000, 0.2947606000, 0.6221155000)
(0.7328686000, 0.3115400000, 0.6048250000)
(0.7305527000, 0.3141927000, 0.6062778000)
(0.7337095000, 0.3071560000, 0.6060711000)
(0.7293166000, 0.3131545000, 0.6082889000)
(0.7282237000, 0.3071876000, 0.6126344000)
(0.7280754000, 0.3041395000, 0.6143129000)
(0.7224950000, 0.2932489000, 0.6260864000)
(0.7231392000, 0.2959298000, 0.6240906000)
(0.7255571000, 0.2985030000, 0.6200390000)
(0.7264553000, 0.2988469000, 0.6188211000)
(0.7306954000, 0.2969100000, 0.6147504000)
(0.7333753000, 0.3035245000, 0.6082941000)
(0.7318562000, 0.3068632000, 0.6084461000)
(0.7323933000, 0.3066370000, 0.6079211000)
(0.7328534000, 0.3056680000, 0.6078437000)
(0.7344360000, 0.3019917000, 0.6077673000)
(0.7372912000, 0.3033745000, 0.6036205000)
(0.7367440000, 0.3048225000, 0.6035531000)
(0.7359624000, 0.3035384000, 0.6051562000)
(0.7363048000, 0.3038813000, 0.6045724000)
(0.7374209000, 0.3023761000, 0.6039474000)
(0.7319972000, 0.3028235000, 0.6102871000)
(0.7347010000, 0.2956325000, 0.6105841000)
(0.7298841000, 0.2940315000, 0.6170911000)
(0.7304162000, 0.2946000000, 0.6161869000)
(0.7303504000, 0.2926659000, 0.6171908000)
(0.7301167000, 0.2910538000, 0.6182154000)
(0.7289089000, 0.2945724000, 0.6179830000)
(0.7337092000, 0.3002080000, 0.6095238000)
(0.7351096000, 0.3036809000, 0.6061167000)
(0.7388003000, 0.3073351000, 0.5997382000)
(0.7363605000, 0.3153431000, 0.5985906000)
(0.7392394000, 0.3123184000, 0.5966178000)
(0.7426140000, 0.3120915000, 0.5925481000)
(0.7434295000, 0.3163861000, 0.5892367000)
(0.7429273000, 0.3203465000, 0.5877123000)
(0.7399023000, 0.3222241000, 0.5905051000)
(0.7407918000, 0.3309789000, 0.5845289000)
(0.7423581000, 0.3336835000, 0.5809738000)
(0.7417536000, 0.3414901000, 0.5772066000)
(0.7398742000, 0.3422031000, 0.5792053000)
(0.7370585000, 0.3403235000, 0.5838843000)
(0.7400025000, 0.3465257000, 0.5764499000)
(0.7416754000, 0.3466214000, 0.5742541000)
(0.7374923000, 0.3497919000, 0.5776875000)
(0.7368828000, 0.3391670000, 0.5847669000)
(0.7376314000, 0.3432748000, 0.5814029000)
(0.7339612000, 0.3423868000, 0.5865625000)
(0.7374240000, 0.3422903000, 0.5822695000)
(0.7355783000, 0.3438902000, 0.5836545000)
(0.7369080000, 0.3596078000, 0.5724011000)
(0.7395249000, 0.3535588000, 0.5727878000)
(0.7391343000, 0.3538955000, 0.5730879000)
(0.7361367000, 0.3547404000, 0.5763993000)
(0.7339557000, 0.3597864000, 0.5760571000)
(0.7324218000, 0.3594757000, 0.5782084000)
(0.7332394000, 0.3591688000, 0.5773585000)
(0.7332134000, 0.3719534000, 0.5692404000)
(0.7348642000, 0.3774655000, 0.5634465000)
(0.7379792000, 0.3725813000, 0.5626168000)
(0.7364943000, 0.3884042000, 0.5537997000)
(0.7409993000, 0.3763897000, 0.5560918000)
(0.7394719000, 0.3821803000, 0.5541725000)
(0.7358462000, 0.3874699000, 0.5553106000)
(0.7367271000, 0.3902843000, 0.5521843000)
(0.7337305000, 0.3852100000, 0.5596660000)
(0.7313872000, 0.3907649000, 0.5588884000)
(0.7324340000, 0.3939832000, 0.5552614000)
(0.7347693000, 0.3944810000, 0.5517927000)
(0.7225018000, 0.4069098000, 0.5589149000)
(0.7232524000, 0.4107262000, 0.5551522000)
(0.7228835000, 0.4099827000, 0.5561690000)
(0.7222338000, 0.4177942000, 0.5511811000)
(0.7252609000, 0.4110318000, 0.5522865000)
(0.7312298000, 0.4092002000, 0.5457529000)
(0.7282363000, 0.4127232000, 0.5470913000)
(0.7241566000, 0.4183720000, 0.5482147000)
(0.7297385000, 0.4025713000, 0.5526223000)
(0.7260779000, 0.4230375000, 0.5420653000)
(0.7263064000, 0.4235302000, 0.5413730000)
(0.7257358000, 0.4242274000, 0.5415803000)
(0.7269836000, 0.4293927000, 0.5358210000)
(0.7268662000, 0.4277535000, 0.5373000000)
(0.7254192000, 0.4348569000, 0.5335262000)
(0.7264336000, 0.4277987000, 0.5378253000)
(0.7248455000, 0.4267880000, 0.5407870000)
(0.7271091000, 0.4260300000, 0.5383298000)
(0.7294114000, 0.4334756000, 0.5292000000)
(0.7278609000, 0.4348235000, 0.5302275000)
(0.7263359000, 0.4427752000, 0.5256959000)
(0.7230580000, 0.4499361000, 0.5241519000)
(0.7238026000, 0.4541030000, 0.5194955000)
(0.7236953000, 0.4558526000, 0.5181302000)
(0.7266276000, 0.4491195000, 0.5198784000)
(0.7257816000, 0.4530196000, 0.5176761000)
(0.7282988000, 0.4540835000, 0.5132110000)
(0.7197092000, 0.4621560000, 0.5180802000)
(0.7225482000, 0.4606879000, 0.5154321000)
(0.7253459000, 0.4562686000, 0.5154487000)
(0.7201187000, 0.4771208000, 0.5037619000)
(0.7211075000, 0.4685205000, 0.5103626000)
(0.7207305000, 0.4683099000, 0.5110976000)
(0.7207085000, 0.4644055000, 0.5146599000)
(0.7215689000, 0.4622217000, 0.5154411000)
(0.7215643000, 0.4623684000, 0.5153186000)
(0.7188581000, 0.4685191000, 0.5135386000)
(0.7174412000, 0.4693489000, 0.5147609000)
(0.7202048000, 0.4697347000, 0.5105351000)
(0.7209892000, 0.4614798000, 0.5169116000)
(0.7205887000, 0.4636322000, 0.5155375000)
(0.7251103000, 0.4564768000, 0.5155820000)
(0.7259661000, 0.4285341000, 0.5378739000)
(0.7268083000, 0.4322407000, 0.5337610000)
(0.7282287000, 0.4290867000, 0.5343809000)
(0.7225935000, 0.4217756000, 0.5476857000)
(0.7226947000, 0.4183141000, 0.5501940000)
(0.7223395000, 0.4191216000, 0.5500456000)
(0.7222859000, 0.4214148000, 0.5483626000)
(0.7221209000, 0.4183507000, 0.5509124000)
(0.7345571000, 0.3955989000, 0.5512840000)
(0.7377141000, 0.3742041000, 0.5618976000)
(0.7389989000, 0.3613051000, 0.5686104000)
(0.0000000000, 0.0000000000, 0.0000000000)
(0.0000000000, 0.0000000000, 0.0000000000)
(0.0000000000, 0.0000000000, 0.0000000000)
(0.0000000000, 0.0000000000, 0.0000000000)
(0.0000000000, 0.0000000000, 0.0000000000)
(0.0000000000, 0.0000000000, 0.0000000000)
(0.0000000000, 0.0000000000, 0.0000000000)
(0.0000000000, 0.0000000000, 0.0000000000)
(0.0000000000, 0.0000000000, 0.0000000000)
(0.0000000000, 0.0000000000, 0.0000000000)
(0.0000000000, 0.0000000000, 0.0000000000)
(0.0000000000, 0.0000000000, 0.0000000000)
(0.0000000000, 0.0000000000, 0.0000000000)
(0.0000000000, 0.0000000000, 0.0000000000)
(0.0000000000, 0.0000000000, 0.0000000000)
(0.0000000000, 0.0000000000, 0.0000000000)
(0.0000000000, 0.0000000000, 0.0000000000)
(0.0000000000, 0.0000000000, 0.0000000000)
(0.0000000000, 0.0000000000, 0.0000000000)
(0.0000000000, 0.0000000000, 0.0000000000)
(0.0000000000, 0.0000000000, 0.0000000000)
(0.7111403000, 0.4679667000, 0.5246586000)
(0.7137653000, 0.4639660000, 0.5246529000)
(0.7204407000, 0.4656311000, 0.5139269000)
(0.7215258000, 0.4653355000, 0.5126987000)
(0.7265107000, 0.4626329000, 0.5080788000)
(0.7289798000, 0.4547358000, 0.5116471000)
(0.7322332000, 0.4524905000, 0.5089979000)
(0.7178740000, 0.4626164000, 0.5202179000)
(0.7181783000, 0.4573869000, 0.5244129000)
(0.7167838000, 0.4597191000, 0.5242848000)
(0.7228312000, 0.4558759000, 0.5192886000)
(0.7248979000, 0.4496590000, 0.5218459000)
(0.7281224000, 0.4385426000, 0.5267943000)
(0.7297365000, 0.4424689000, 0.5212421000)
(0.7300673000, 0.4413878000, 0.5216983000)
(0.7303905000, 0.4446079000, 0.5185019000)
(0.7377180000, 0.4483936000, 0.5046824000)
(0.7368835000, 0.4480160000, 0.5062304000)
(0.7373162000, 0.4475397000, 0.5060175000)
(0.7348564000, 0.4371780000, 0.5184956000)
(0.7354970000, 0.4315801000, 0.5222666000)
(0.7356365000, 0.4322309000, 0.5215279000)
(0.7368770000, 0.4281820000, 0.5231110000)
(0.7360051000, 0.4294985000, 0.5232679000)
(0.7366209000, 0.4291080000, 0.5227273000)
(0.7340527000, 0.4345444000, 0.5218517000)
(0.7347350000, 0.4343628000, 0.5210410000)
(0.7366018000, 0.4323760000, 0.5200365000)
(0.7334183000, 0.4292669000, 0.5270789000)
(0.7324560000, 0.4288814000, 0.5287175000)
(0.7339078000, 0.4294808000, 0.5262262000)
(0.7317393000, 0.4335022000, 0.5259473000)
(0.7332332000, 0.4308024000, 0.5260760000)
(0.7377545000, 0.4187641000, 0.5294742000)
(0.7371743000, 0.4174555000, 0.5312994000)
(0.7371492000, 0.4192644000, 0.5299166000)
(0.7341128000, 0.4211227000, 0.5326592000)
(0.7318244000, 0.4083144000, 0.5456222000)
(0.7277569000, 0.4056233000, 0.5530081000)
(0.7233967000, 0.4135368000, 0.5528686000)
(0.7231608000, 0.4110544000, 0.5550139000)
(0.7181538000, 0.4132001000, 0.5599152000)
(0.7226630000, 0.4116930000, 0.5552025000)
(0.7212655000, 0.4164328000, 0.5534729000)
(0.7284115000, 0.3931530000, 0.5611096000)
(0.7285866000, 0.3906219000, 0.5626242000)
(0.7283112000, 0.3967587000, 0.5586728000)
(0.7280241000, 0.3998928000, 0.5568252000)
(0.7279847000, 0.4002838000, 0.5565928000)
(0.7430215000, 0.3756125000, 0.5539213000)
(0.7485721000, 0.3758355000, 0.5462212000)
(0.7471051000, 0.3742691000, 0.5493152000)
(0.7480806000, 0.3730758000, 0.5488045000)
(0.7486294000, 0.3719526000, 0.5488204000)
(0.7520623000, 0.3680837000, 0.5467126000)
(0.7514998000, 0.3668735000, 0.5483056000)
(0.7517999000, 0.3668837000, 0.5478967000)
(0.7513672000, 0.3674026000, 0.5481417000)
(0.7513096000, 0.3669088000, 0.5485368000)
(0.7498666000, 0.3676427000, 0.5500272000)
(0.7483941000, 0.3687488000, 0.5512726000)
(0.7459255000, 0.3695781000, 0.5540764000)
(0.7446999000, 0.3743130000, 0.5525450000)
(0.7469380000, 0.3697414000, 0.5525855000)
(0.7462336000, 0.3677615000, 0.5548654000)
(0.7462242000, 0.3676156000, 0.5549666000)
(0.7459602000, 0.3674790000, 0.5554066000)
(0.7455065000, 0.3677717000, 0.5558321000)
(0.7456281000, 0.3676971000, 0.5557159000)
(0.7455105000, 0.3673010000, 0.5561393000)
(0.7451781000, 0.3674459000, 0.5564832000)
(0.7452983000, 0.3679520000, 0.5559824000)
(0.7452182000, 0.3673632000, 0.5564849000)
(0.7449975000, 0.3656721000, 0.5578877000)
(0.7451291000, 0.3697652000, 0.5550280000)
(0.7433320000, 0.3620753000, 0.5624564000)
(0.7389800000, 0.3696770000, 0.5632411000)
(0.7375203000, 0.3716324000, 0.5638490000)
(0.7367556000, 0.3743406000, 0.5630670000)
(0.7386244000, 0.3761634000, 0.5593925000)
(0.7384374000, 0.3743003000, 0.5608941000)
(0.7399951000, 0.3714074000, 0.5607637000)
(0.7408566000, 0.3712884000, 0.5596929000)
(0.7399365000, 0.3723048000, 0.5602410000)
(0.7395083000, 0.3728707000, 0.5604200000)
(0.7390593000, 0.3747148000, 0.5597823000)
(0.7378393000, 0.3769349000, 0.5599094000)
(0.7370639000, 0.3777972000, 0.5603542000)
(0.7338448000, 0.3802253000, 0.5629107000)
(0.7333875000, 0.3809614000, 0.5630130000)
(0.7343087000, 0.3800007000, 0.5624781000)
(0.7420287000, 0.3782430000, 0.5534487000)
(0.7431823000, 0.3702594000, 0.5572901000)
(0.7462733000, 0.3726617000, 0.5515381000)
(0.7450886000, 0.3714668000, 0.5539228000)
(0.7407686000, 0.3736428000, 0.5582508000)
(0.7417473000, 0.3740824000, 0.5566368000)
(0.7428229000, 0.3727292000, 0.5561347000)
(0.7448664000, 0.3775122000, 0.5501409000)
(0.7453679000, 0.3722302000, 0.5530463000)
(0.7451594000, 0.3721270000, 0.5533839000)
(0.7456964000, 0.3710299000, 0.5533925000)
(0.7459273000, 0.3703113000, 0.5535691000)
(0.7470375000, 0.3695150000, 0.5526035000)
(0.7462108000, 0.3692022000, 0.5539441000)
(0.7471189000, 0.3683829000, 0.5532541000)
(0.7482337000, 0.3633996000, 0.5550519000)
(0.7443115000, 0.3641653000, 0.5597903000)
(0.7441196000, 0.3676909000, 0.5577399000)
(0.7450459000, 0.3690475000, 0.5556161000)
(0.7436862000, 0.3714617000, 0.5558090000)
(0.7407436000, 0.3742175000, 0.5578875000)
(0.7398553000, 0.3606151000, 0.5679435000)
(0.7408636000, 0.3519283000, 0.5720513000)
(0.0000000000, 0.0000000000, 0.0000000000)
(0.0000000000, 0.0000000000, 0.0000000000)
(0.0000000000, 0.0000000000, 0.0000000000)
(0.0000000000, 0.0000000000, 0.0000000000)
(0.0000000000, 0.0000000000, 0.0000000000)
(0.0000000000, 0.0000000000, 0.0000000000)
(0.0000000000, 0.0000000000, 0.0000000000)
(0.0000000000, 0.0000000000, 0.0000000000)
(0.0000000000, 0.0000000000, 0.0000000000)
(0.0000000000, 0.0000000000, 0.0000000000)
(0.0000000000, 0.0000000000, 0.0000000000)
(0.0000000000, 0.0000000000, 0.0000000000)
(0.0000000000, 0.0000000000, 0.0000000000)
(0.0000000000, 0.0000000000, 0.0000000000)
(0.7221522000, 0.4208299000, 0.5489839000)
(0.7149352000, 0.4113259000, 0.5653741000)
(0.7256188000, 0.3995245000, 0.5602244000)
(0.7212039000, 0.3992660000, 0.5660609000)
(0.7149805000, 0.4002387000, 0.5732414000)
(0.7165056000, 0.4047655000, 0.5681370000)
(0.7154673000, 0.3993095000, 0.5732670000)
(0.7187926000, 0.3962371000, 0.5712343000)
(0.7200508000, 0.3902908000, 0.5737379000)
(0.7138216000, 0.3971040000, 0.5768499000)
(0.7144416000, 0.3946061000, 0.5777830000)
(0.7160872000, 0.3903823000, 0.5786159000)
(0.7135798000, 0.3833658000, 0.5863684000)
(0.7118746000, 0.3822211000, 0.5891751000)
(0.7131031000, 0.3735722000, 0.5932167000)
(0.7135187000, 0.3767504000, 0.5907036000)
(0.7089961000, 0.3620532000, 0.6051729000)
(0.7148949000, 0.3568321000, 0.6013116000)
(0.7166176000, 0.3575320000, 0.5988489000)
(0.7169652000, 0.3560251000, 0.5993114000)
(0.7156463000, 0.3401261000, 0.6100506000)
(0.7117705000, 0.3418341000, 0.6136140000)
(0.7137995000, 0.3401406000, 0.6121860000)
(0.7136757000, 0.3316244000, 0.6169893000)
(0.7151114000, 0.3323000000, 0.6149654000)
(0.7146358000, 0.3182258000, 0.6229119000)
(0.7138664000, 0.3331334000, 0.6159502000)
(0.7123744000, 0.3260916000, 0.6214257000)
(0.7133646000, 0.3139384000, 0.6265366000)
(0.7161833000, 0.3163102000, 0.6220941000)
(0.7198421000, 0.3164948000, 0.6177720000)
(0.7228435000, 0.3175144000, 0.6137278000)
(0.7261067000, 0.3104990000, 0.6134779000)
(0.7259932000, 0.3078606000, 0.6149398000)
(0.7284653000, 0.3153898000, 0.6081626000)
(0.7262735000, 0.3112196000, 0.6128999000)
(0.7315159000, 0.3093020000, 0.6076162000)
(0.7328226000, 0.3042819000, 0.6085763000)
(0.7341316000, 0.3017394000, 0.6082600000)
(0.7313710000, 0.3153862000, 0.6046627000)
(0.7342405000, 0.3096082000, 0.6041529000)
(0.7309396000, 0.3109280000, 0.6074858000)
(0.7306920000, 0.3117403000, 0.6073668000)
(0.7295443000, 0.3116717000, 0.6087859000)
(0.7291754000, 0.3117845000, 0.6091511000)
(0.7286685000, 0.3120919000, 0.6096066000)
(0.7283485000, 0.3119987000, 0.6100304000)
(0.7260805000, 0.3072931000, 0.6151063000)
(0.7268339000, 0.3131154000, 0.6112823000)
(0.7268808000, 0.3165353000, 0.6094582000)
(0.7276652000, 0.3174053000, 0.6080602000)
(0.7277346000, 0.3181212000, 0.6075950000)
(0.7272176000, 0.3156286000, 0.6095112000)
(0.7268828000, 0.3183478000, 0.6085145000)
(0.7246962000, 0.3198590000, 0.6103110000)
(0.7234378000, 0.3131148000, 0.6152920000)
(0.7222010000, 0.3147185000, 0.6159128000)
(0.7232999000, 0.3036738000, 0.6201548000)
(0.7227236000, 0.3055426000, 0.6199269000)
(0.7228872000, 0.2889441000, 0.6276271000)
(0.7279536000, 0.3015715000, 0.6157306000)
(0.7322525000, 0.2864982000, 0.6178171000)
(0.7198087000, 0.3098453000, 0.6211685000)
(0.7279401000, 0.2659852000, 0.6319401000)
(0.6884604000, 0.2523599000, 0.6799371000)
(0.7387307000, 0.1981523000, 0.6441947000)
(0.7877292000, 0.0641731900, 0.6126638000)
(0.6966903000, 0.1003700000, 0.7102991000)
(0.6631131000, 0.1436295000, 0.7345929000)
(0.0000000000, 0.0000000000, 0.0000000000)
(0.0000000000, 0.0000000000, 0.0000000000)
(0.7192256000, 0.2033200000, 0.6643515000)
(0.7294041000, 0.1740303000, 0.6615540000)
(0.7438771000, 0.2925131000, 0.6008788000)
(0.7425467000, 0.2953368000, 0.6011415000)
(0.7391012000, 0.3279045000, 0.5883889000)
(0.7456074000, 0.3200504000, 0.5844775000)
(0.7345815000, 0.3686657000, 0.5696198000)
(0.7377427000, 0.3503193000, 0.5770502000)
(0.7439344000, 0.3352282000, 0.5780587000)
(0.7278926000, 0.3672523000, 0.5790414000)
(0.7352669000, 0.3419231000, 0.5852033000)
(0.7319276000, 0.3277530000, 0.5973685000)
(0.7340227000, 0.3201206000, 0.5989228000)
(0.7317587000, 0.3205577000, 0.6014588000)
(0.7280506000, 0.3385133000, 0.5961018000)
(0.7223321000, 0.3198313000, 0.6131204000)
(0.7254832000, 0.3382795000, 0.5993619000)
(0.7249522000, 0.3303329000, 0.6044066000)
(0.7226943000, 0.3166854000, 0.6143277000)
(0.7232396000, 0.3305111000, 0.6063640000)
(0.7232962000, 0.3267825000, 0.6083019000)
(0.7164219000, 0.3317756000, 0.6137232000)
(0.7108635000, 0.3218775000, 0.6253392000)
(0.7174751000, 0.3279646000, 0.6145405000)
(0.7296699000, 0.1869096000, 0.6577466000)
(0.7189356000, 0.3036115000, 0.6252441000)
(0.7201116000, 0.3351195000, 0.6075435000)
(0.7218871000, 0.3444473000, 0.6001723000)
(0.7291816000, 0.3219093000, 0.6038616000)
(0.7334114000, 0.3355696000, 0.5911818000)
(0.7315245000, 0.3130533000, 0.6056944000)
(0.7294665000, 0.3268722000, 0.6008494000)
(0.7230898000, 0.3356802000, 0.6036972000)
(0.7272570000, 0.3281760000, 0.6028193000)
(0.7296566000, 0.3179264000, 0.6054056000)
(0.7284117000, 0.3255372000, 0.6028361000)
(0.7327654000, 0.3269215000, 0.5967979000)
(0.7300977000, 0.3296329000, 0.5985732000)
(0.7304125000, 0.3403268000, 0.5921542000)
(0.7235769000, 0.3258233000, 0.6084991000)
(0.7308052000, 0.3189612000, 0.6034755000)
(0.7379791000, 0.3439494000, 0.5805694000)
(0.7360623000, 0.3363079000, 0.5874587000)
(0.7341719000, 0.3453200000, 0.5845736000)
(0.7263930000, 0.3327516000, 0.6013342000)
(0.7217962000, 0.3861511000, 0.5743610000)
(0.7249564000, 0.3946656000, 0.5645111000)
(0.7266701000, 0.3662903000, 0.5811796000)
(0.7265643000, 0.3874446000, 0.5674320000)
(0.7408832000, 0.3701934000, 0.5603747000)
(0.7257355000, 0.3778247000, 0.5749215000)
(0.7169049000, 0.3888058000, 0.5786729000)
(0.7243804000, 0.3928098000, 0.5665212000)
(0.7169285000, 0.3933151000, 0.5755804000)
(0.7191347000, 0.3997447000, 0.5683699000)
(0.7129456000, 0.3974694000, 0.5776822000)
(0.7144738000, 0.3997644000, 0.5741883000)
(0.7128966000, 0.3949970000, 0.5794275000)
(0.7113062000, 0.3964981000, 0.5803654000)
(0.7110299000, 0.4019895000, 0.5769218000)
(0.7111008000, 0.4051252000, 0.5746189000)
(0.7103748000, 0.3978006000, 0.5806122000)
(0.7136782000, 0.3858104000, 0.5846335000)
(0.7164264000, 0.3881103000, 0.5797210000)
(0.7353349000, 0.3725312000, 0.5661156000)
(0.7326604000, 0.3755874000, 0.5675558000)
(0.7395343000, 0.3715140000, 0.5612999000)
(0.7274876000, 0.3664835000, 0.5800353000)
(0.7278359000, 0.3750795000, 0.5740715000)
(0.7307785000, 0.3781226000, 0.5682948000)
(0.7157145000, 0.3877887000, 0.5808184000)
(0.7179286000, 0.3824552000, 0.5816379000)
(0.7227250000, 0.3850408000, 0.5739222000)
(0.7173373000, 0.3901169000, 0.5772457000)
(0.7197523000, 0.3886390000, 0.5752367000)
(0.7250732000, 0.3907298000, 0.5670894000)
(0.7259480000, 0.3945436000, 0.5633094000)
(0.7270014000, 0.3939254000, 0.5623918000)
(0.7546065000, 0.3715193000, 0.5408595000)
(0.7500025000, 0.3748008000, 0.5449858000)
(0.7522300000, 0.3720718000, 0.5437753000)
(0.7499974000, 0.3773664000, 0.5432199000)
(0.7477258000, 0.3862302000, 0.5400984000)
(0.7455457000, 0.3932928000, 0.5380118000)
(0.7490545000, 0.3829176000, 0.5406125000)
(0.7494724000, 0.3899954000, 0.5349566000)
(0.7498315000, 0.3878076000, 0.5360516000)
(0.7499153000, 0.3887366000, 0.5352462000)
(0.7479288000, 0.3942509000, 0.5339938000)
(0.7475246000, 0.3940695000, 0.5346833000)
(0.7467612000, 0.3937792000, 0.5359707000)
(0.7469062000, 0.3940169000, 0.5355989000)
(0.7468390000, 0.3920101000, 0.5371492000)
(0.7469795000, 0.3898759000, 0.5385219000)
(0.7473750000, 0.3889389000, 0.5386536000)
(0.7474691000, 0.3885359000, 0.5387965000)
(0.7478395000, 0.3880734000, 0.5386279000)
(0.7482501000, 0.3888113000, 0.5375282000)
(0.7484291000, 0.3870976000, 0.5385046000)
(0.7536459000, 0.3750773000, 0.5397394000)
(0.7512385000, 0.3720901000, 0.5451398000)
(0.7460572000, 0.3735105000, 0.5512446000)
(0.7506794000, 0.3716111000, 0.5462189000)
(0.7503975000, 0.3672805000, 0.5495386000)
(0.7520338000, 0.3612874000, 0.5512745000)
(0.7505643000, 0.3622678000, 0.5526191000)
(0.7595903000, 0.3490330000, 0.5488051000)
(0.7602035000, 0.3674446000, 0.5357784000)
(0.7725461000, 0.3798075000, 0.5088298000)
(0.7775534000, 0.4049944000, 0.4810020000)
(0.7866043000, 0.3954814000, 0.4741590000)
(0.7833305000, 0.4032795000, 0.4730124000)
(0.7818214000, 0.3961594000, 0.4814517000)
(0.7822056000, 0.3961683000, 0.4808354000)
(0.7835538000, 0.3831490000, 0.4891170000)
(0.7759694000, 0.3856679000, 0.4991040000)
(0.7763299000, 0.3839341000, 0.4998772000)
(0.7762243000, 0.3840273000, 0.4999738000)
(0.7772607000, 0.3802386000, 0.5012606000)
(0.7796543000, 0.3755103000, 0.5011153000)
(0.7878454000, 0.3742093000, 0.4891380000)
(0.7836263000, 0.3939841000, 0.4802913000)
(0.7792267000, 0.4170591000, 0.4678081000)
(0.7793533000, 0.4149135000, 0.4695013000)
(0.7722173000, 0.4306006000, 0.4671796000)
(0.7724174000, 0.4322964000, 0.4652636000)
(0.7760891000, 0.4203699000, 0.4700569000)
(0.7808509000, 0.4132353000, 0.4684990000)
(0.7835615000, 0.4005409000, 0.4749637000)
(0.7797803000, 0.4003140000, 0.4813289000)
(0.7797971000, 0.3981827000, 0.4830631000)
(0.7819203000, 0.4015678000, 0.4767959000)
(0.7772739000, 0.3956150000, 0.4891931000)
(0.7805266000, 0.3920152000, 0.4869204000)
(0.7795778000, 0.3957361000, 0.4854206000)
(0.7803405000, 0.3926069000, 0.4867443000)
(0.7750302000, 0.3975022000, 0.4912424000)
(0.7662002000, 0.3981601000, 0.5043707000)
(0.7728345000, 0.3917074000, 0.4992834000)
(0.7688407000, 0.3920249000, 0.5051548000)
(0.7701765000, 0.3860813000, 0.5077040000)
(0.7717746000, 0.3871801000, 0.5044301000)
(0.7756492000, 0.3831946000, 0.5015036000)
(0.7772572000, 0.3833646000, 0.4988953000)
(0.7782981000, 0.3824427000, 0.4979610000)
(0.7779353000, 0.3802379000, 0.5002242000)
(0.7791389000, 0.3808229000, 0.4978881000)
(0.7797909000, 0.3784588000, 0.4986630000)
(0.7795787000, 0.3757971000, 0.5010232000)
(0.7796454000, 0.3766181000, 0.5002854000)
(0.7796761000, 0.3757586000, 0.5008987000)
(0.7795408000, 0.3759761000, 0.5009491000)
(0.7795438000, 0.3753186000, 0.5014311000)
(0.7795992000, 0.3742708000, 0.5021165000)
(0.7777672000, 0.3785422000, 0.5017720000)
(0.7720287000, 0.3833466000, 0.5069398000)
(0.7707946000, 0.3875791000, 0.5056103000)
(0.7710494000, 0.3832780000, 0.5084779000)
(0.7716118000, 0.3835933000, 0.5073879000)
(0.7721235000, 0.3833917000, 0.5067896000)
(0.7755839000, 0.3793184000, 0.5045620000)
(0.7757908000, 0.3770038000, 0.5059519000)
(0.7757037000, 0.3770726000, 0.5060357000)
(0.7755436000, 0.3775575000, 0.5059278000)
(0.7755888000, 0.3767202000, 0.5064757000)
(0.7759371000, 0.3759230000, 0.5065510000)
(0.7742361000, 0.3779260000, 0.5076670000)
(0.7729799000, 0.3793865000, 0.5084868000)
(0.7718126000, 0.3800793000, 0.5097292000)
(0.7705367000, 0.3806655000, 0.5112254000)
(0.7705862000, 0.3820823000, 0.5101047000)
(0.7717336000, 0.3813606000, 0.5089063000)
(0.7773787000, 0.3773462000, 0.5032713000)
(0.7798158000, 0.3764880000, 0.5001352000)
(0.7806923000, 0.3753412000, 0.4996283000)
(0.7812826000, 0.3761166000, 0.4981190000)
(0.7810956000, 0.3761243000, 0.4984079000)
(0.7810905000, 0.3755541000, 0.4988361000)
(0.7820421000, 0.3749847000, 0.4977844000)
(0.7809610000, 0.3757896000, 0.4988692000)
(0.7801835000, 0.3763749000, 0.4996357000)
(0.7783809000, 0.3772646000, 0.5017694000)
(0.7779010000, 0.3772958000, 0.5024831000)
(0.7771394000, 0.3781974000, 0.5029864000)
(0.7778242000, 0.3782532000, 0.5018958000)
(0.7788555000, 0.3781254000, 0.5003877000)
(0.7797060000, 0.3777432000, 0.4993517000)
(0.7809904000, 0.3746386000, 0.4996734000)
(0.7816272000, 0.3743024000, 0.4989465000)
(0.7821241000, 0.3743234000, 0.4981415000)
(0.7812790000, 0.3757319000, 0.4984078000)
(0.7794645000, 0.3749801000, 0.5018080000)
(0.7779415000, 0.3771929000, 0.5025192000)
(0.7742925000, 0.3798316000, 0.5061367000)
(0.7740149000, 0.3799729000, 0.5064701000)
(0.7733571000, 0.3809984000, 0.5067139000)
(0.7724101000, 0.3785763000, 0.5099442000)
(0.7739369000, 0.3792802000, 0.5071073000)
(0.7755684000, 0.3775296000, 0.5059043000)
(0.7764941000, 0.3798815000, 0.5027287000)
(0.7766604000, 0.3829396000, 0.5001493000)
(0.7767707000, 0.3836742000, 0.4994031000)
(0.7753437000, 0.3844410000, 0.5010262000)
(0.7741338000, 0.3857041000, 0.5019194000)
(0.7738863000, 0.3862117000, 0.5019343000)
(0.7684975000, 0.3865168000, 0.5099020000)
(0.7649451000, 0.3878913000, 0.5141770000)
(0.7643448000, 0.3881689000, 0.5148563000)
(0.7641121000, 0.3874710000, 0.5157419000)
(0.7641537000, 0.3876754000, 0.5155265000)
(0.7647801000, 0.3860493000, 0.5158044000)
(0.7717252000, 0.3798017000, 0.5100654000)
(0.7781854000, 0.3770118000, 0.5022662000)
(0.7786008000, 0.3751813000, 0.5029907000)
(0.7776201000, 0.3691405000, 0.5089528000)
(0.7771688000, 0.3669742000, 0.5112079000)
(0.7731568000, 0.3603159000, 0.5218950000)
(0.7692271000, 0.3627490000, 0.5260097000)
(0.7677585000, 0.3633664000, 0.5277313000)
(0.7680797000, 0.3627800000, 0.5276597000)
(0.7725223000, 0.3510215000, 0.5291276000)
(0.7645276000, 0.3621509000, 0.5332168000)
(0.7638994000, 0.3584065000, 0.5366462000)
(0.7693805000, 0.3561780000, 0.5302575000)
(0.7735838000, 0.3504768000, 0.5279377000)
(0.7780684000, 0.3422412000, 0.5267345000)
(0.7783113000, 0.3426567000, 0.5261058000)
(0.7806723000, 0.3363403000, 0.5266836000)
(0.7777616000, 0.3328560000, 0.5331837000)
(0.7773612000, 0.3322295000, 0.5341541000)
(0.7802585000, 0.3276727000, 0.5327414000)
(0.7724978000, 0.3312222000, 0.5417738000)
(0.7791201000, 0.3216781000, 0.5380279000)
(0.7806230000, 0.3195022000, 0.5371618000)
(0.7819805000, 0.3103868000, 0.5405016000)
(0.7804015000, 0.2975138000, 0.5499430000)
(0.7785901000, 0.2965267000, 0.5530402000)
(0.7802846000, 0.2980354000, 0.5498377000)
(0.7786281000, 0.2927220000, 0.5550125000)
(0.7774935000, 0.2931688000, 0.5563707000)
(0.7759528000, 0.2890186000, 0.5606800000)
(0.7743976000, 0.2875679000, 0.5635659000)
(0.7734671000, 0.2849440000, 0.5661604000)
(0.7703740000, 0.2846854000, 0.5704885000)
(0.7687336000, 0.2885031000, 0.5707791000)
(0.7720172000, 0.2781098000, 0.5715058000)
(0.7692053000, 0.2793287000, 0.5746922000)
(0.7737782000, 0.2845901000, 0.5659076000)
(0.7802245000, 0.3086336000, 0.5440288000)
(0.7802804000, 0.3095767000, 0.5434362000)
(0.7806459000, 0.3343456000, 0.5279973000)
(0.7838664000, 0.3340904000, 0.5233638000)
(0.7847299000, 0.3322719000, 0.5232246000)
(0.7834581000, 0.3148264000, 0.5357932000)
(0.7809454000, 0.3166225000, 0.5383738000)
(0.7831394000, 0.3081473000, 0.5401246000)
(0.7879683000, 0.3154745000, 0.5287303000)
(0.7854722000, 0.3088888000, 0.5362881000)
(0.7833433000, 0.3066112000, 0.5406917000)
(0.7789421000, 0.3055554000, 0.5476075000)
(0.7825319000, 0.2994480000, 0.5458457000)
(0.7830319000, 0.3048640000, 0.5421237000)
(0.7815851000, 0.3033599000, 0.5450644000)
(0.7762192000, 0.3094664000, 0.5492648000)
(0.7742158000, 0.3140737000, 0.5494921000)
(0.7724916000, 0.3140466000, 0.5519114000)
(0.7724645000, 0.3121299000, 0.5530415000)
(0.7729604000, 0.3067781000, 0.5553349000)
(0.7713086000, 0.3095788000, 0.5560842000)
(0.7744232000, 0.3023927000, 0.5557151000)
(0.7722673000, 0.3008680000, 0.5595120000)
(0.7718472000, 0.3027266000, 0.5590984000)
(0.7714328000, 0.3047419000, 0.5585802000)
(0.7698804000, 0.2894861000, 0.5687424000)
(0.7672350000, 0.2910485000, 0.5715036000)
(0.7687217000, 0.2899847000, 0.5700631000)
(0.7672498000, 0.2908539000, 0.5715860000)
(0.7654611000, 0.2799294000, 0.5793777000)
(0.7686809000, 0.2772757000, 0.5763861000)
(0.7675594000, 0.2765875000, 0.5782161000)
(0.7687386000, 0.2690549000, 0.5801958000)
(0.7795652000, 0.2834072000, 0.5585071000)
(0.7826527000, 0.2818811000, 0.5549545000)
(0.7796752000, 0.2831294000, 0.5584945000)
(0.7803501000, 0.2820379000, 0.5581078000)
(0.7802265000, 0.2795935000, 0.5595086000)
(0.7824078000, 0.2846337000, 0.5538951000)
(0.7822700000, 0.2843849000, 0.5542344000)
(0.7798885000, 0.2863937000, 0.5565479000)
(0.7796718000, 0.2817393000, 0.5592136000)
(0.7810316000, 0.2802126000, 0.5580891000)
(0.7800608000, 0.2819776000, 0.5585433000)
(0.7811689000, 0.2785542000, 0.5587205000)
(0.7810508000, 0.2795204000, 0.5584021000)
(0.7810977000, 0.2788785000, 0.5586655000)
(0.7790577000, 0.2766861000, 0.5625854000)
(0.7773265000, 0.2753739000, 0.5656209000)
(0.7771682000, 0.2763015000, 0.5653853000)
(0.7783517000, 0.2748697000, 0.5644512000)
(0.7794773000, 0.2754566000, 0.5625978000)
(0.7799502000, 0.2759290000, 0.5617106000)
(0.7794989000, 0.2743316000, 0.5631101000)
(0.7792180000, 0.2722267000, 0.5645206000)
(0.7783976000, 0.2696588000, 0.5668783000)
(0.7775050000, 0.2686718000, 0.5685682000)
(0.7758673000, 0.2678045000, 0.5712110000)
(0.7750665000, 0.2637715000, 0.5741758000)
(0.7741122000, 0.2620914000, 0.5762331000)
(0.7741697000, 0.2622762000, 0.5760571000)
(0.7709169000, 0.2655300000, 0.5789222000)
(0.7705646000, 0.2570821000, 0.5831999000)
(0.7733240000, 0.2595390000, 0.5784476000)
(0.7753928000, 0.2573834000, 0.5766450000)
(0.7742009000, 0.2530772000, 0.5801327000)
(0.7741289000, 0.2496740000, 0.5816925000)
(0.7729278000, 0.2493207000, 0.5834282000)
(0.7728488000, 0.2489808000, 0.5836933000)
(0.7730070000, 0.2454880000, 0.5849671000)
(0.7722038000, 0.2448958000, 0.5862548000)
(0.7669899000, 0.2449290000, 0.5930519000)
(0.7670610000, 0.2440892000, 0.5933146000)
(0.7652630000, 0.2507030000, 0.5928903000)
(0.7654513000, 0.2455882000, 0.5947832000)
(0.7657714000, 0.2431987000, 0.5953385000)
(0.7654637000, 0.2414196000, 0.5964463000)
(0.7673404000, 0.2323417000, 0.5976388000)
(0.7677462000, 0.2368574000, 0.5953648000)
(0.7696285000, 0.2359535000, 0.5932745000)
(0.7676848000, 0.2334565000, 0.5967693000)
(0.7685910000, 0.2299498000, 0.5969814000)
(0.7685996000, 0.2293666000, 0.5971915000)
(0.7684276000, 0.2286008000, 0.5976904000)
(0.7697736000, 0.2288328000, 0.5958782000)
(0.7703497000, 0.2289354000, 0.5950999000)
(0.7700445000, 0.2264585000, 0.5964312000)
(0.7696117000, 0.2227953000, 0.5983550000)
(0.7698221000, 0.2229222000, 0.5980369000)
(0.7685682000, 0.2208955000, 0.6003969000)
(0.7697067000, 0.2150823000, 0.6010668000)
(0.7689876000, 0.2159202000, 0.6016817000)
(0.7679504000, 0.2093758000, 0.6053148000)
(0.7740262000, 0.2141025000, 0.5958474000)
(0.7750944000, 0.2218512000, 0.5915906000)
(0.7778763000, 0.2227049000, 0.5876147000)
(0.7780325000, 0.2214156000, 0.5879048000)
(0.7754402000, 0.2186316000, 0.5923412000)
(0.7744554000, 0.2103727000, 0.5966105000)
(0.7740584000, 0.2105123000, 0.5970641000)
(0.7721326000, 0.2101827000, 0.5996749000)
(0.7723801000, 0.2075250000, 0.6002861000)
(0.7734114000, 0.2042751000, 0.6000624000)
(0.7727587000, 0.2067730000, 0.6000548000)
(0.7727334000, 0.1909450000, 0.6053241000)
(0.7708412000, 0.1884275000, 0.6085098000)
(0.7698652000, 0.1852457000, 0.6107078000)
(0.7702021000, 0.1808488000, 0.6116164000)
(0.7675497000, 0.1824923000, 0.6144443000)
(0.7677150000, 0.1830977000, 0.6140587000)
(0.7670812000, 0.1780552000, 0.6163335000)
(0.7647475000, 0.1625328000, 0.6234772000)
(0.7679321000, 0.1666837000, 0.6184402000)
(0.7659960000, 0.1683767000, 0.6203949000)
(0.7668747000, 0.1828212000, 0.6151807000)
(0.7694336000, 0.2198657000, 0.5996912000)
(0.7677234000, 0.2230140000, 0.6006947000)
(0.7680867000, 0.2186704000, 0.6018279000)
(0.7681010000, 0.2137105000, 0.6036090000)
(0.7688212000, 0.2125370000, 0.6030900000)
(0.7687599000, 0.2128147000, 0.6030660000)
(0.7686098000, 0.2109597000, 0.6039190000)
(0.7681539000, 0.2098919000, 0.6048751000)
(0.7678644000, 0.2100405000, 0.6051762000)
(0.7677127000, 0.2099434000, 0.6054034000)
(0.7675925000, 0.2104285000, 0.6053946000)
(0.7678804000, 0.2103550000, 0.6050616000)
(0.7676779000, 0.2084985000, 0.6059541000)
(0.7677668000, 0.2050931000, 0.6070065000)
(0.7674569000, 0.2042895000, 0.6076661000)
(0.7676044000, 0.2037241000, 0.6076669000)
(0.7669453000, 0.1992756000, 0.6099754000)
(0.7662799000, 0.1975079000, 0.6113763000)
(0.7660838000, 0.1969392000, 0.6118047000)
(0.7658689000, 0.1955823000, 0.6125159000)
(0.7655529000, 0.1953629000, 0.6129803000)
(0.7654837000, 0.1948892000, 0.6132190000)
(0.7654046000, 0.1950288000, 0.6132607000)
(0.7655497000, 0.1954971000, 0.6129426000)
(0.7653843000, 0.1964071000, 0.6128529000)
(0.7647643000, 0.1971812000, 0.6133829000)
(0.7647583000, 0.1969384000, 0.6134601000)
(0.7648806000, 0.1974740000, 0.6131473000)
(0.7655895000, 0.2033724000, 0.6103324000)
(0.7648488000, 0.2043438000, 0.6109303000)
(0.7657884000, 0.2077862000, 0.6085899000)
(0.7654439000, 0.2109154000, 0.6079411000)
(0.7663010000, 0.2157257000, 0.6051647000)
(0.7660207000, 0.2162465000, 0.6053435000)
(0.7663950000, 0.2181520000, 0.6041872000)
(0.7649488000, 0.2189792000, 0.6056965000)
(0.7661594000, 0.2212215000, 0.6033519000)
(0.7676233000, 0.2264559000, 0.5995412000)
(0.7679338000, 0.2256535000, 0.5994507000)
(0.7680961000, 0.2257060000, 0.5992357000)
(0.7672192000, 0.2269917000, 0.5998680000)
(0.7668769000, 0.2272446000, 0.6002033000)
(0.7673122000, 0.2313746000, 0.5980616000)
(0.7661930000, 0.2388117000, 0.5965814000)
(0.7780836000, 0.2375920000, 0.5814664000)
(0.7786234000, 0.1850075000, 0.5995743000)
(0.7727522000, 0.1728247000, 0.6107013000)
(0.7751225000, 0.1793357000, 0.6058029000)
(0.7778938000, 0.1840923000, 0.6008137000)
(0.7756972000, 0.1993691000, 0.5987741000)
(0.7746763000, 0.2040529000, 0.5985100000)
(0.7760512000, 0.2057422000, 0.5961481000)
(0.7752841000, 0.2131560000, 0.5945471000)
(0.7755250000, 0.2154832000, 0.5933997000)
(0.7737545000, 0.2207420000, 0.5937663000)
(0.7800748000, 0.2312142000, 0.5813828000)
(0.7745212000, 0.2295084000, 0.5894310000)
(0.7763199000, 0.2340686000, 0.5852609000)
(0.7764577000, 0.2377498000, 0.5835860000)
(0.7764779000, 0.2380118000, 0.5834469000)
(0.7774602000, 0.2357507000, 0.5830722000)
(0.7683710000, 0.2070061000, 0.6055849000)
(0.7589234000, 0.1944974000, 0.6214508000)
(0.7587480000, 0.1823091000, 0.6253258000)
(0.7570591000, 0.1940833000, 0.6238506000)
(0.7584513000, 0.1885719000, 0.6238465000)
(0.7589946000, 0.1926975000, 0.6219203000)
(0.7627630000, 0.1936934000, 0.6169705000)
(0.7592552000, 0.1958942000, 0.6206045000)
(0.7602676000, 0.1978405000, 0.6187484000)
(0.7626034000, 0.2022494000, 0.6144142000)
(0.7609991000, 0.2226706000, 0.6093168000)
(0.7609478000, 0.2187067000, 0.6108347000)
(0.7600730000, 0.2290345000, 0.6081299000)
(0.7614707000, 0.2330209000, 0.6048630000)
(0.7682480000, 0.2361871000, 0.5949646000)
(0.7642671000, 0.2384269000, 0.5992022000)
(0.7658755000, 0.2384530000, 0.5971323000)
(0.7676586000, 0.2386150000, 0.5947629000)
(0.7659749000, 0.2422292000, 0.5954780000)
(0.7664615000, 0.2426396000, 0.5946895000)
(0.7672691000, 0.2418209000, 0.5939723000)
(0.7671905000, 0.2427025000, 0.5937239000)
(0.7656428000, 0.2396174000, 0.5969455000)
(0.7664303000, 0.2441356000, 0.5940979000)
(0.7662301000, 0.2434795000, 0.5946458000)
(0.7654476000, 0.2412296000, 0.5965483000)
(0.7663145000, 0.2455454000, 0.5936843000)
(0.7705273000, 0.2435741000, 0.5890157000)
(0.7714609000, 0.2447102000, 0.5873276000)
(0.7707078000, 0.2483537000, 0.5867782000)
(0.7714605000, 0.2519244000, 0.5842740000)
(0.7718945000, 0.2561493000, 0.5818500000)
(0.7714930000, 0.2552139000, 0.5827884000)
(0.7702946000, 0.2549854000, 0.5844826000)
(0.7689223000, 0.2568434000, 0.5854778000)
(0.7680150000, 0.2565034000, 0.5867953000)
(0.7679695000, 0.2570771000, 0.5866142000)
(0.7680600000, 0.2565865000, 0.5867118000)
(0.7683136000, 0.2565784000, 0.5863916000)
(0.7686351000, 0.2567798000, 0.5858846000)
(0.7685277000, 0.2576222000, 0.5856519000)
(0.7682978000, 0.2575285000, 0.5859771000)
(0.7743728000, 0.2557805000, 0.5787090000)
(0.7803380000, 0.2312758000, 0.5809993000)
(0.7789029000, 0.2351402000, 0.5813760000)
(0.7738491000, 0.2457806000, 0.5837157000)
(0.7747181000, 0.2425489000, 0.5839325000)
(0.7755868000, 0.2395409000, 0.5840147000)
(0.7762734000, 0.2421713000, 0.5820108000)
(0.7756912000, 0.2430740000, 0.5824239000)
(0.7753232000, 0.2437142000, 0.5826386000)
(0.7754986000, 0.2432522000, 0.5825866000)
(0.7756960000, 0.2424698000, 0.5826460000)
(0.7761022000, 0.2415147000, 0.5825209000)
(0.7761370000, 0.2414088000, 0.5825061000)
(0.7763821000, 0.2408904000, 0.5824083000)
(0.7765905000, 0.2404296000, 0.5822954000)
(0.7766580000, 0.2403028000, 0.5822639000)
(0.7768770000, 0.2405782000, 0.5818526000)
(0.7769887000, 0.2404893000, 0.5817445000)
(0.7768545000, 0.2405185000, 0.5819158000)
(0.7772401000, 0.2415520000, 0.5809802000)
(0.7772653000, 0.2413235000, 0.5810475000)
(0.7767538000, 0.2408668000, 0.5818996000)
(0.7763160000, 0.2408661000, 0.5824850000)
(0.7763239000, 0.2417676000, 0.5821053000)
(0.7755586000, 0.2388320000, 0.5843394000)
(0.7755939000, 0.2384373000, 0.5844446000)
(0.7753179000, 0.2388833000, 0.5846416000)
(0.7749252000, 0.2367953000, 0.5859979000)
(0.7751036000, 0.2379106000, 0.5853198000)
(0.7750998000, 0.2384795000, 0.5850796000)
(0.7749861000, 0.2377809000, 0.5855137000)
(0.7745770000, 0.2351085000, 0.5871511000)
(0.7745163000, 0.2345083000, 0.5874582000)
(0.7736619000, 0.2333891000, 0.5890438000)
(0.7739530000, 0.2349279000, 0.5880323000)
(0.7739484000, 0.2342751000, 0.5883081000)
(0.7730427000, 0.2316661000, 0.5905131000)
(0.7728915000, 0.2315436000, 0.5907686000)
(0.7728158000, 0.2311347000, 0.5910167000)
(0.7729062000, 0.2317858000, 0.5906451000)
(0.7733856000, 0.2327943000, 0.5896375000)
(0.7737055000, 0.2338265000, 0.5888001000)
(0.7746837000, 0.2355417000, 0.5868223000)
(0.7750620000, 0.2364438000, 0.5859588000)
(0.7753049000, 0.2366317000, 0.5855794000)
(0.7747019000, 0.2370697000, 0.5861821000)
(0.7744404000, 0.2358659000, 0.5870110000)
(0.7740511000, 0.2353546000, 0.5877336000)
(0.7735317000, 0.2340019000, 0.5889601000)
(0.7730495000, 0.2345037000, 0.5893949000)
(0.7720397000, 0.2309089000, 0.5921223000)
(0.7703421000, 0.2278332000, 0.5955318000)
(0.7703184000, 0.2270420000, 0.5958575000)
(0.7725769000, 0.2254431000, 0.5935398000)
(0.7782692000, 0.2215869000, 0.5875075000)
(0.7784064000, 0.2219716000, 0.5871865000)
(0.7774163000, 0.2217220000, 0.5886024000)
(0.7774413000, 0.2255368000, 0.5871060000)
(0.7779552000, 0.2275244000, 0.5856648000)
(0.7778372000, 0.2271417000, 0.5859709000)
(0.7781188000, 0.2269066000, 0.5856757000)
(0.7780151000, 0.2271836000, 0.5857038000)
(0.7780266000, 0.2288436000, 0.5850523000)
(0.7780080000, 0.2306840000, 0.5843656000)
(0.7778657000, 0.2284960000, 0.5854144000)
(0.7776666000, 0.2332293000, 0.5838025000)
(0.7707021000, 0.2264819000, 0.5955729000)
(0.7708519000, 0.2302949000, 0.5939123000)
(0.7707167000, 0.2323678000, 0.5932795000)
(0.7690760000, 0.2294628000, 0.5965377000)
(0.7690787000, 0.2296081000, 0.5964692000)
(0.7685970000, 0.2294790000, 0.5971517000)
(0.7698799000, 0.2320149000, 0.5944976000)
(0.7699493000, 0.2324566000, 0.5942308000)
(0.7698916000, 0.2313625000, 0.5947537000)
(0.7695269000, 0.2323534000, 0.5948409000)
(0.7687377000, 0.2319557000, 0.5959980000)
(0.7687837000, 0.2305632000, 0.5964813000)
(0.7711200000, 0.2271239000, 0.5947958000)
(0.7716330000, 0.2259011000, 0.5945868000)
(0.7744414000, 0.2239939000, 0.5916379000)
(0.7754729000, 0.2216226000, 0.5912006000)
(0.7750292000, 0.2240379000, 0.5908640000)
(0.7755563000, 0.2237857000, 0.5902602000)
(0.7761294000, 0.2228399000, 0.5898770000)
(0.7761503000, 0.2229670000, 0.5897934000)
(0.7754818000, 0.2226845000, 0.5907812000)
(0.7755349000, 0.2248486000, 0.5898905000)
(0.7746577000, 0.2239895000, 0.5913736000)
(0.7742146000, 0.2238276000, 0.5920058000)
(0.7744396000, 0.2245883000, 0.5914334000)
(0.7760414000, 0.2296811000, 0.5873668000)
(0.7738650000, 0.2331511000, 0.5888641000)
(0.7721967000, 0.2308730000, 0.5919322000)
(0.7705029000, 0.2320667000, 0.5936730000)
(0.7710038000, 0.2314799000, 0.5932513000)
(0.7723882000, 0.2314539000, 0.5914575000)
(0.7726049000, 0.2327436000, 0.5906709000)
(0.7727089000, 0.2329375000, 0.5904532000)
(0.7731919000, 0.2321503000, 0.5901387000)
(0.7729929000, 0.2316576000, 0.5905911000)
(0.7747902000, 0.2374945000, 0.5859067000)
(0.7747340000, 0.2413878000, 0.5843810000)
(0.7725148000, 0.2411089000, 0.5874173000)
(0.7718839000, 0.2436919000, 0.5871962000)
(0.7782286000, 0.2380519000, 0.5810916000)
(0.7785476000, 0.2410074000, 0.5794508000)
(0.7781088000, 0.2400365000, 0.5804561000)
(0.7783428000, 0.2421486000, 0.5792416000)
(0.7796391000, 0.2469815000, 0.5754479000)
(0.7806792000, 0.2490573000, 0.5731548000)
(0.7829018000, 0.2475031000, 0.5707885000)
(0.7834447000, 0.2488817000, 0.5694306000)
(0.7801705000, 0.2512035000, 0.5729102000)
(0.7838304000, 0.2552219000, 0.5660946000)
(0.7822837000, 0.2651843000, 0.5636315000)
(0.7848716000, 0.2519942000, 0.5660793000)
(0.7825579000, 0.2758416000, 0.5581279000)
(0.7821090000, 0.2685620000, 0.5622767000)
(0.7777461000, 0.2607977000, 0.5719067000)
(0.0000000000, 0.0000000000, 0.0000000000)
(0.0000000000, 0.0000000000, 0.0000000000)
(0.0000000000, 0.0000000000, 0.0000000000)
(0.0000000000, 0.0000000000, 0.0000000000)
(0.0000000000, 0.0000000000, 0.0000000000)
(0.0000000000, 0.0000000000, 0.0000000000)
(0.0000000000, 0.0000000000, 0.0000000000)
(0.0000000000, 0.0000000000, 0.0000000000)
(0.7739770000, 0.1810641000, 0.6067510000)
(0.7698427000, 0.3081130000, 0.5589185000)
(0.7605685000, 0.3156764000, 0.5673403000)
(0.7556735000, 0.3163248000, 0.5734813000)
(0.7557055000, 0.3094678000, 0.5771640000)
(0.7575018000, 0.2879075000, 0.5858946000)
(0.7567735000, 0.2943005000, 0.5836669000)
(0.7593856000, 0.3013476000, 0.5766287000)
(0.7589849000, 0.3026977000, 0.5764657000)
(0.7602569000, 0.3000513000, 0.5761682000)
(0.7618163000, 0.3057168000, 0.5711055000)
(0.7615881000, 0.3068761000, 0.5707956000)
(0.7630619000, 0.3027091000, 0.5710279000)
(0.7575595000, 0.3068711000, 0.5761256000)
(0.7604088000, 0.3030475000, 0.5743874000)
(0.7636952000, 0.3065359000, 0.5681463000)
(0.7612774000, 0.3172165000, 0.5655247000)
(0.7640294000, 0.3131214000, 0.5640929000)
(0.7636883000, 0.3182214000, 0.5617022000)
(0.7698358000, 0.3102447000, 0.5577350000)
(0.7652724000, 0.3114470000, 0.5633357000)
(0.7692931000, 0.3097365000, 0.5587730000)
(0.7703633000, 0.3079361000, 0.5582951000)
(0.7683461000, 0.3123251000, 0.5586427000)
(0.7695422000, 0.3092484000, 0.5586986000)
(0.7607591000, 0.3117467000, 0.5692557000)
(0.7583380000, 0.3116450000, 0.5725157000)
(0.7584345000, 0.3134335000, 0.5714293000)
(0.7641259000, 0.3123511000, 0.5643778000)
(0.7642604000, 0.3126163000, 0.5640478000)
(0.7639414000, 0.3128232000, 0.5643862000)
(0.7609811000, 0.3169843000, 0.5660380000)
(0.7604383000, 0.3253798000, 0.5619881000)
(0.7663180000, 0.3202124000, 0.5569539000)
(0.7715206000, 0.3142978000, 0.5531386000)
(0.7717178000, 0.3178168000, 0.5508317000)
(0.7714961000, 0.3181643000, 0.5509477000)
(0.7736148000, 0.3238316000, 0.5446498000)
(0.7729859000, 0.3258967000, 0.5442963000)
(0.7730901000, 0.3240703000, 0.5452363000)
(0.7741321000, 0.3245267000, 0.5434821000)
(0.7807910000, 0.3188739000, 0.5372745000)
(0.7812956000, 0.3184465000, 0.5368012000)
(0.7807602000, 0.3195161000, 0.5369301000)
(0.7806841000, 0.3205712000, 0.5364209000)
(0.7808673000, 0.3206542000, 0.5361139000)
(0.7809469000, 0.3218914000, 0.5352538000)
(0.7812678000, 0.3242013000, 0.5333958000)
(0.7810243000, 0.3240741000, 0.5338071000)
(0.7811022000, 0.3239492000, 0.5337885000)
(0.7814156000, 0.3235932000, 0.5335413000)
(0.7847733000, 0.3229796000, 0.5289660000)
(0.7802380000, 0.3391020000, 0.5255644000)
(0.7812665000, 0.3390944000, 0.5240573000)
(0.7821286000, 0.3371782000, 0.5239962000)
(0.7819778000, 0.3400403000, 0.5223604000)
(0.7819171000, 0.3384734000, 0.5234635000)
(0.7814550000, 0.3381853000, 0.5243459000)
(0.7814347000, 0.3381492000, 0.5243984000)
(0.7819122000, 0.3375085000, 0.5241120000)
(0.7813755000, 0.3387371000, 0.5240998000)
(0.7796036000, 0.3424794000, 0.5243337000)
(0.7811864000, 0.3414113000, 0.5226507000)
(0.7800694000, 0.3441104000, 0.5225550000)
(0.7818103000, 0.3417464000, 0.5215067000)
(0.7820697000, 0.3419688000, 0.5209601000)
(0.7840943000, 0.3363281000, 0.5216024000)
(0.7706012000, 0.3332216000, 0.5432450000)
(0.7655522000, 0.3075126000, 0.5651135000)
(0.7624872000, 0.3057311000, 0.5701886000)
(0.7658730000, 0.3015398000, 0.5678969000)
(0.7673607000, 0.2972060000, 0.5681501000)
(0.7668990000, 0.2953994000, 0.5697178000)
(0.7629110000, 0.3033445000, 0.5709010000)
(0.7656320000, 0.2975226000, 0.5703117000)
(0.7643927000, 0.2974122000, 0.5720362000)
(0.7636551000, 0.2937414000, 0.5749209000)
(0.7650256000, 0.2925295000, 0.5737023000)
(0.7657459000, 0.3038327000, 0.5668374000)
(0.7688853000, 0.3028797000, 0.5630922000)
(0.7687040000, 0.3047881000, 0.5623094000)
(0.7677585000, 0.3041340000, 0.5639572000)
(0.7659456000, 0.3030336000, 0.5670006000)
(0.7654470000, 0.3016279000, 0.5684107000)
(0.7697669000, 0.2969780000, 0.5650273000)
(0.7790498000, 0.2957895000, 0.5527778000)
(0.7828085000, 0.2976766000, 0.5464323000)
(0.7799984000, 0.2954102000, 0.5516450000)
(0.7773162000, 0.2947995000, 0.5557489000)
(0.7754347000, 0.2948838000, 0.5583367000)
(0.7730282000, 0.2938314000, 0.5621980000)
(0.7710012000, 0.2941232000, 0.5648213000)
(0.7712460000, 0.2934909000, 0.5648185000)
(0.7705512000, 0.2932728000, 0.5658733000)
(0.7710869000, 0.2926778000, 0.5654532000)
(0.7762133000, 0.2942722000, 0.5575734000)
(0.7763005000, 0.2943787000, 0.5573857000)
(0.7749277000, 0.2953027000, 0.5588105000)
(0.7754176000, 0.2943838000, 0.5586160000)
(0.7730573000, 0.2958776000, 0.5610888000)
(0.7752398000, 0.2949253000, 0.5585719000)
(0.7741748000, 0.2950492000, 0.5599808000)
(0.7740845000, 0.2951863000, 0.5600312000)
(0.7707224000, 0.2971757000, 0.5636175000)
(0.7654101000, 0.2928742000, 0.5730215000)
(0.7635780000, 0.2956264000, 0.5740532000)
(0.7654945000, 0.2903677000, 0.5741731000)
(0.7652525000, 0.2958601000, 0.5716872000)
(0.7633438000, 0.2955550000, 0.5743998000)
(0.7666828000, 0.2912906000, 0.5721192000)
(0.7657540000, 0.2907162000, 0.5736577000)
(0.7657165000, 0.2894743000, 0.5743515000)
(0.7656918000, 0.2887682000, 0.5747216000)
(0.7658298000, 0.2877262000, 0.5750746000)
(0.7657733000, 0.2882463000, 0.5748913000)
(0.7659402000, 0.2875769000, 0.5750002000)
(0.7657472000, 0.2872432000, 0.5754232000)
(0.7657995000, 0.2874251000, 0.5752711000)
(0.7673630000, 0.2845564000, 0.5745876000)
(0.7659575000, 0.2807341000, 0.5783508000)
(0.7646911000, 0.2800892000, 0.5803185000)
(0.7620217000, 0.2850690000, 0.5814015000)
(0.7598266000, 0.2736398000, 0.5897230000)
(0.7606117000, 0.2747337000, 0.5882056000)
(0.7616389000, 0.2772997000, 0.5856598000)
(0.7604039000, 0.2739821000, 0.5888194000)
(0.7598327000, 0.2763917000, 0.5884371000)
(0.7640887000, 0.2632782000, 0.5889352000)
(0.7658473000, 0.2606170000, 0.5878208000)
(0.7641565000, 0.2568071000, 0.5916880000)
(0.7649369000, 0.2450483000, 0.5956486000)
(0.7647521000, 0.2464819000, 0.5953105000)
(0.7634292000, 0.2467797000, 0.5968652000)
(0.7632288000, 0.2475641000, 0.5968053000)
(0.7624646000, 0.2492158000, 0.5970809000)
(0.7641098000, 0.2461181000, 0.5962800000)
(0.7627378000, 0.2445478000, 0.5986759000)
(0.7620571000, 0.2436318000, 0.5998995000)
(0.7629995000, 0.2464655000, 0.5975565000)
(0.7620891000, 0.2562505000, 0.5945947000)
(0.7621364000, 0.2514901000, 0.5965616000)
(0.7621141000, 0.2538797000, 0.5955746000)
(0.7602311000, 0.2773534000, 0.5874623000)
(0.7626334000, 0.2772986000, 0.5843602000)
(0.7598928000, 0.2598746000, 0.5958179000)
(0.7588573000, 0.2167416000, 0.6141207000)
(0.0000000000, 0.0000000000, 0.0000000000)
(0.0000000000, 0.0000000000, 0.0000000000)
(0.0000000000, 0.0000000000, 0.0000000000)
(0.0000000000, 0.0000000000, 0.0000000000)
(0.0000000000, 0.0000000000, 0.0000000000)
(0.0000000000, 0.0000000000, 0.0000000000)
(0.0000000000, 0.0000000000, 0.0000000000)
(0.0000000000, 0.0000000000, 0.0000000000)
(0.0000000000, 0.0000000000, 0.0000000000)
(0.0000000000, 0.0000000000, 0.0000000000)
(0.0000000000, 0.0000000000, 0.0000000000)
(0.0000000000, 0.0000000000, 0.0000000000)
(0.0000000000, 0.0000000000, 0.0000000000)
(0.0000000000, 0.0000000000, 0.0000000000)
(0.7430097000, 0.3029293000, 0.5967990000)
(0.7439839000, 0.3091802000, 0.5923501000)
(0.7414977000, 0.3119106000, 0.5940434000)
(0.7445633000, 0.3139651000, 0.5890908000)
(0.7392505000, 0.3183937000, 0.5933865000)
(0.7465074000, 0.3169826000, 0.5849954000)
(0.7533894000, 0.3099432000, 0.5799341000)
(0.7574100000, 0.3077936000, 0.5758166000)
(0.7575518000, 0.3048350000, 0.5772125000)
(0.7566512000, 0.3043412000, 0.5786625000)
(0.7544783000, 0.3049068000, 0.5811881000)
(0.7538220000, 0.3067816000, 0.5810607000)
(0.7499723000, 0.3125697000, 0.5829421000)
(0.7530081000, 0.3093706000, 0.5807424000)
(0.7521299000, 0.3089829000, 0.5820726000)
(0.7515550000, 0.3094712000, 0.5825615000)
(0.7526554000, 0.3102268000, 0.5807273000)
(0.7528787000, 0.3100511000, 0.5805266000)
(0.7565207000, 0.3074231000, 0.5771874000)
(0.7575055000, 0.3066751000, 0.5762981000)
(0.7572899000, 0.3071851000, 0.5763202000)
(0.7583469000, 0.3070245000, 0.5750063000)
(0.7588288000, 0.3071321000, 0.5743219000)
(0.7588444000, 0.3077319000, 0.5739632000)
(0.7581640000, 0.3091729000, 0.5740945000)
(0.7573535000, 0.3093240000, 0.5750723000)
(0.7571941000, 0.3099280000, 0.5749732000)
(0.7595118000, 0.3046334000, 0.5747389000)
(0.7602577000, 0.3060530000, 0.5730058000)
(0.7609720000, 0.3038042000, 0.5732431000)
(0.7641048000, 0.2898858000, 0.5762768000)
(0.7663649000, 0.2874140000, 0.5745211000)
(0.7669247000, 0.2859798000, 0.5744800000)
(0.7662301000, 0.2883162000, 0.5742250000)
(0.7679679000, 0.2918257000, 0.5701216000)
(0.7684187000, 0.2895688000, 0.5706581000)
(0.7683240000, 0.2870328000, 0.5720748000)
(0.7679774000, 0.2878464000, 0.5721260000)
(0.7680443000, 0.2882403000, 0.5718521000)
(0.7680324000, 0.2885660000, 0.5717083000)
(0.7675955000, 0.2876038000, 0.5727662000)
(0.7680808000, 0.2872944000, 0.5722643000)
(0.7602081000, 0.2889042000, 0.5819039000)
(0.7592800000, 0.2848490000, 0.5850875000)
(0.7602298000, 0.2855168000, 0.5835251000)
(0.7612576000, 0.2850028000, 0.5824374000)
(0.7609383000, 0.2819351000, 0.5843642000)
(0.7598790000, 0.2840854000, 0.5846930000)
(0.7587025000, 0.2771704000, 0.5895045000)
(0.7619577000, 0.2782757000, 0.5847756000)
(0.7598977000, 0.2772482000, 0.5879453000)
(0.7596679000, 0.2860467000, 0.5839966000)
(0.7606640000, 0.2844197000, 0.5835142000)
(0.7606004000, 0.2828567000, 0.5843574000)
(0.7617726000, 0.2764893000, 0.5858566000)
(0.7565361000, 0.2763714000, 0.5926632000)
(0.7603272000, 0.2628798000, 0.5939494000)
(0.7601176000, 0.2379247000, 0.6046499000)
(0.7604236000, 0.2299014000, 0.6073553000)
(0.7554996000, 0.2258926000, 0.6149651000)
(0.7532373000, 0.2220468000, 0.6191081000)
(0.7537134000, 0.2190962000, 0.6195829000)
(0.7532074000, 0.2232377000, 0.6187239000)
(0.7556937000, 0.2244111000, 0.6152571000)
(0.7586984000, 0.2237873000, 0.6117859000)
(0.7575662000, 0.2259117000, 0.6124098000)
(0.7571277000, 0.2280040000, 0.6121672000)
(0.7557890000, 0.2328148000, 0.6120163000)
(0.7512819000, 0.2337385000, 0.6171841000)
(0.7477141000, 0.2301444000, 0.6228508000)
(0.7459967000, 0.2337005000, 0.6235954000)
(0.7442032000, 0.2312913000, 0.6266268000)
(0.7453358000, 0.2414785000, 0.6214040000)
(0.7476165000, 0.2346809000, 0.6212641000)
(0.7456720000, 0.2405498000, 0.6213682000)
(0.7508911000, 0.2375913000, 0.6161961000)
(0.7495661000, 0.2640047000, 0.6069803000)
(0.7523719000, 0.2521286000, 0.6085546000)
(0.7626073000, 0.1348438000, 0.6326261000)
(0.7636099000, -0.0319577500, 0.6448693000)
(0.0000000000, 0.0000000000, 0.0000000000)
(0.0000000000, 0.0000000000, 0.0000000000)
(0.0000000000, 0.0000000000, 0.0000000000)
(0.0000000000, 0.0000000000, 0.0000000000)
(0.0000000000, 0.0000000000, 0.0000000000)
(0.0000000000, 0.0000000000, 0.0000000000)
(0.0000000000, 0.0000000000, 0.0000000000)
(0.0000000000, 0.0000000000, 0.0000000000)
(0.0000000000, 0.0000000000, 0.0000000000)
(0.7028787000, -0.2147726000, 0.6780906000)
(0.7179605000, 0.1132220000, 0.6867880000)
(0.7800027000, 0.1910779000, 0.5958675000)
(0.7674638000, 0.2592229000, 0.5863279000)
(0.7778062000, 0.2601463000, 0.5721257000)
(0.7724419000, 0.2712258000, 0.5742302000)
(0.7792171000, 0.2730069000, 0.5641535000)
(0.7748418000, 0.2836770000, 0.5649091000)
(0.7763160000, 0.2771307000, 0.5661335000)
(0.7737273000, 0.2800556000, 0.5682328000)
(0.7353067000, 0.3070720000, 0.6041663000)
(0.7385064000, 0.3032129000, 0.6022105000)
(0.7571638000, 0.2969078000, 0.5818244000)
(0.7553747000, 0.2927213000, 0.5862649000)
(0.7500662000, 0.2983374000, 0.5902372000)
(0.7444434000, 0.3013606000, 0.5957797000)
(0.7453261000, 0.2985847000, 0.5960779000)
(0.7445012000, 0.2956348000, 0.5985819000)
(0.7550208000, 0.2915160000, 0.5873196000)
(0.7641172000, 0.2820131000, 0.5801467000)
(0.7641608000, 0.2820106000, 0.5801021000)
(0.7605414000, 0.2861289000, 0.5828212000)
(0.7586478000, 0.2888819000, 0.5839289000)
(0.7595780000, 0.2873923000, 0.5834555000)
(0.7601225000, 0.2863200000, 0.5832759000)
(0.7678733000, 0.2832125000, 0.5745918000)
(0.7654544000, 0.2881148000, 0.5753807000)
(0.7643286000, 0.2918977000, 0.5749683000)
(0.7627486000, 0.2880846000, 0.5789663000)
(0.7626899000, 0.2853112000, 0.5804263000)
(0.7656666000, 0.2964031000, 0.5708704000)
(0.7662664000, 0.2866213000, 0.5750471000)
(0.7663281000, 0.2920958000, 0.5721933000)
(0.7686619000, 0.2945652000, 0.5677722000)
(0.7646236000, 0.2977175000, 0.5715733000)
(0.7635680000, 0.2977968000, 0.5729392000)
(0.7658932000, 0.2972389000, 0.5701271000)
(0.7669341000, 0.2974277000, 0.5686324000)
(0.7671962000, 0.2970083000, 0.5684931000)
(0.7667629000, 0.2966297000, 0.5692691000)
(0.7583715000, 0.2985489000, 0.5794209000)
(0.7543072000, 0.3019562000, 0.5829473000)
(0.7584297000, 0.3011728000, 0.5779785000)
(0.7620088000, 0.2973788000, 0.5752360000)
(0.7632732000, 0.2925837000, 0.5760158000)
(0.7630420000, 0.2932856000, 0.5759665000)
(0.7618511000, 0.2962157000, 0.5760418000)
(0.7595033000, 0.2981514000, 0.5781416000)
(0.7584321000, 0.2957563000, 0.5807801000)
(0.7551956000, 0.2994255000, 0.5831099000)
(0.7531335000, 0.2993164000, 0.5858289000)
(0.7509224000, 0.2998259000, 0.5883956000)
(0.7452412000, 0.3014899000, 0.5947238000)
(0.7436540000, 0.3013654000, 0.5967801000)
(0.7419772000, 0.3031679000, 0.5979375000)
(0.7439039000, 0.3023289000, 0.5959792000)
(0.7472411000, 0.3009999000, 0.5924618000)
(0.7489356000, 0.3004508000, 0.5905978000)
(0.7512382000, 0.2990145000, 0.5883893000)
(0.7520150000, 0.2986241000, 0.5876106000)
(0.7525708000, 0.2983276000, 0.5870527000)
(0.7529772000, 0.2973018000, 0.5870322000)
(0.7514364000, 0.2925093000, 0.5914178000)
(0.7535943000, 0.2951759000, 0.5873232000)
(0.7592323000, 0.2884815000, 0.5833695000)
(0.7619005000, 0.2843968000, 0.5819038000)
(0.7601447000, 0.2858737000, 0.5834649000)
(0.7592124000, 0.2819788000, 0.5865780000)
(0.7589449000, 0.2823539000, 0.5867352000)
(0.7564808000, 0.2798486000, 0.5911121000)
(0.7615905000, 0.2849355000, 0.5820443000)
(0.7638264000, 0.2840605000, 0.5795396000)
(0.7623163000, 0.2833566000, 0.5818691000)
(0.7621976000, 0.2844812000, 0.5814700000)
(0.7603556000, 0.2848743000, 0.5836921000)
(0.7531744000, 0.2843622000, 0.5931713000)
(0.7349622000, 0.2825131000, 0.6164418000)
(0.7386116000, 0.2830768000, 0.6118030000)
(0.7435070000, 0.2843794000, 0.6052275000)
(0.7489754000, 0.2888714000, 0.5963020000)
(0.7479034000, 0.2875292000, 0.5982845000)
(0.7483813000, 0.2899812000, 0.5965011000)
(0.7442250000, 0.2892711000, 0.6020338000)
(0.7432174000, 0.2838719000, 0.6058200000)
(0.7466936000, 0.2844035000, 0.6012840000)
(0.7571215000, 0.2782717000, 0.5910177000)
(0.7620025000, 0.2782394000, 0.5847440000)
(0.7647657000, 0.2871920000, 0.5767503000)
(0.7639463000, 0.2810822000, 0.5808337000)
(0.7657354000, 0.2729353000, 0.5823451000)
(0.7436898000, 0.2735788000, 0.6099678000)
(0.7297475000, 0.2702265000, 0.6280318000)
(0.7257944000, 0.2712155000, 0.6321825000)
(0.7230514000, 0.2734726000, 0.6343334000)
(0.7287902000, 0.2688148000, 0.6297424000)
(0.7282910000, 0.2623056000, 0.6330598000)
(0.7313154000, 0.2657424000, 0.6281302000)
(0.7473666000, 0.2724881000, 0.6059616000)
(0.7283742000, 0.2636575000, 0.6324045000)
(0.7255812000, 0.2575752000, 0.6380894000)
(0.7278948000, 0.2563690000, 0.6359509000)
(0.7247133000, 0.2473189000, 0.6431251000)
(0.7233634000, 0.2524828000, 0.6426237000)
(0.7246265000, 0.2546293000, 0.6403682000)
(0.7265776000, 0.2584614000, 0.6366144000)
(0.7262155000, 0.2506187000, 0.6401471000)
(0.7256626000, 0.2524011000, 0.6400673000)
(0.7244229000, 0.2538106000, 0.6409270000)
(0.7235766000, 0.2528751000, 0.6422435000)
(0.7182496000, 0.2509470000, 0.6489491000)
(0.7181160000, 0.2537861000, 0.6479962000)
(0.7204568000, 0.2524596000, 0.6458988000)
(0.7185385000, 0.2526128000, 0.6479726000)
(0.7260954000, 0.2468019000, 0.6417552000)
(0.7200570000, 0.2525256000, 0.6463096000)
(0.7243102000, 0.2731823000, 0.6330309000)
(0.7225296000, 0.2821813000, 0.6311252000)
(0.7197283000, 0.2971023000, 0.6274602000)
(0.7162908000, 0.2570739000, 0.6486954000)
(0.7178642000, 0.2920155000, 0.6319690000)
(0.7186291000, 0.2752889000, 0.6385634000)
(0.7224237000, 0.2959144000, 0.6249167000)
(0.7226653000, 0.2817978000, 0.6311415000)
(0.7231967000, 0.2908533000, 0.6264055000)
(0.7341175000, 0.3124944000, 0.6028335000)
(0.7357560000, 0.3144868000, 0.5997867000)
(0.7289466000, 0.3022797000, 0.6142015000)
(0.7254995000, 0.3138232000, 0.6124867000)
(0.7256645000, 0.3278730000, 0.6048892000)
(0.7250583000, 0.3357190000, 0.6013128000)
(0.7231798000, 0.3288406000, 0.6073253000)
(0.7221711000, 0.3433601000, 0.6004694000)
(0.7232684000, 0.3459708000, 0.5976323000)
(0.7245689000, 0.3478224000, 0.5949693000)
(0.7282473000, 0.3511244000, 0.5885266000)
(0.7383559000, 0.3543012000, 0.5738209000)
(0.7498419000, 0.3601528000, 0.5549762000)
(0.7499285000, 0.3569257000, 0.5569438000)
(0.7492424000, 0.3596559000, 0.5561159000)
(0.7542714000, 0.3551727000, 0.5521893000)
(0.7562339000, 0.3532234000, 0.5507463000)
(0.7585867000, 0.3477021000, 0.5510314000)
(0.7663830000, 0.3405147000, 0.5446995000)
(0.7660132000, 0.3427155000, 0.5438325000)
(0.7672234000, 0.3426235000, 0.5421784000)
(0.7765300000, 0.3447242000, 0.5273946000)
(0.7748243000, 0.3372366000, 0.5346969000)
(0.7742552000, 0.3488567000, 0.5280302000)
(0.7780077000, 0.3458163000, 0.5245118000)
(0.7624128000, 0.3465775000, 0.5464401000)
(0.7690586000, 0.3552060000, 0.5313827000)
(0.7669384000, 0.3484892000, 0.5388299000)
(0.7671944000, 0.3518595000, 0.5362647000)
(0.7739422000, 0.3478646000, 0.5291456000)
(0.7813233000, 0.3439606000, 0.5207666000)
(0.7830999000, 0.3451729000, 0.5172983000)
(0.7838665000, 0.3465040000, 0.5152484000)
(0.7843884000, 0.3477576000, 0.5136083000)
(0.7813539000, 0.3510860000, 0.5159482000)
(0.7822550000, 0.3617128000, 0.5071636000)
(0.7799146000, 0.3610120000, 0.5112675000)
(0.7821579000, 0.3574286000, 0.5103421000)
(0.7831867000, 0.3566077000, 0.5093560000)
(0.7823220000, 0.3569804000, 0.5104154000)
(0.7812219000, 0.3571054000, 0.5120005000)
(0.7795535000, 0.3526892000, 0.5175951000)
(0.7800552000, 0.3495855000, 0.5189366000)
(0.7794889000, 0.3533886000, 0.5172019000)
(0.7791908000, 0.3489920000, 0.5206265000)
(0.7786195000, 0.3505612000, 0.5204251000)
(0.7792295000, 0.3547917000, 0.5166309000)
(0.7798695000, 0.3554087000, 0.5152282000)
(0.7800226000, 0.3575085000, 0.5135449000)
(0.7819873000, 0.3600525000, 0.5087585000)
(0.7883553000, 0.3643151000, 0.4957404000)
(0.7881303000, 0.3593903000, 0.4996883000)
(0.7858673000, 0.3487347000, 0.5106618000)
(0.7817485000, 0.3426563000, 0.5210045000)
(0.7743483000, 0.2963242000, 0.5590684000)
(0.7639787000, 0.2448939000, 0.5969589000)
(0.7650223000, 0.2214243000, 0.6047329000)
(0.7551931000, 0.1685101000, 0.6334687000)
(0.7536935000, 0.1588983000, 0.6377145000)
(0.7433051000, 0.1350043000, 0.6551651000)
(0.7432007000, 0.0997747200, 0.6615843000)
(0.7463135000, 0.0977030000, 0.6583736000)
(0.7482932000, 0.1019340000, 0.6554840000)
(0.7487187000, 0.0975894300, 0.6556554000)
(0.7473899000, 0.1196833000, 0.6535051000)
(0.7505129000, 0.1337785000, 0.6471685000)
(0.7559523000, 0.1390010000, 0.6396824000)
(0.7544433000, 0.1476000000, 0.6395349000)
(0.7553144000, 0.1662305000, 0.6339087000)
(0.7571860000, 0.2061201000, 0.6198125000)
(0.7573777000, 0.2034904000, 0.6204445000)
(0.7554601000, 0.2109205000, 0.6202956000)
(0.7555428000, 0.2101628000, 0.6204478000)
(0.7568181000, 0.2174545000, 0.6163772000)
(0.7530063000, 0.2135204000, 0.6223872000)
(0.7556031000, 0.2132061000, 0.6193398000)
(0.7571337000, 0.2141428000, 0.6171482000)
(0.7556866000, 0.2127546000, 0.6193877000)
(0.7560984000, 0.2151131000, 0.6180699000)
(0.7565409000, 0.2159498000, 0.6172423000)
(0.7567933000, 0.2155491000, 0.6170806000)
(0.7568490000, 0.2156226000, 0.6169820000)
(0.7560710000, 0.2161655000, 0.6177496000)
(0.7561051000, 0.2163388000, 0.6176478000)
(0.7564554000, 0.2163745000, 0.6172014000)
(0.7559478000, 0.2173419000, 0.6174838000)
(0.7557779000, 0.2181537000, 0.6174088000)
(0.7558748000, 0.2192445000, 0.6169100000)
(0.7554750000, 0.2213677000, 0.6166279000)
(0.7553951000, 0.2241535000, 0.6157259000)
(0.7597675000, 0.2336592000, 0.6067331000)
(0.7650366000, 0.2623806000, 0.5880916000)
(0.7646058000, 0.2576332000, 0.5907545000)
(0.7669571000, 0.2552707000, 0.5887269000)
(0.7634063000, 0.2576105000, 0.5923062000)
(0.7633920000, 0.2580147000, 0.5921522000)
(0.7631383000, 0.2582237000, 0.5923894000)
(0.7620068000, 0.2562115000, 0.5947074000)
(0.7634797000, 0.2565411000, 0.5926846000)
(0.7632306000, 0.2569061000, 0.5928406000)
(0.7632151000, 0.2557598000, 0.5933582000)
(0.7627172000, 0.2549719000, 0.5943363000)
(0.7628836000, 0.2557918000, 0.5937779000)
(0.7617810000, 0.2554406000, 0.5953357000)
(0.7625203000, 0.2550615000, 0.5945471000)
(0.7617980000, 0.2562614000, 0.5949497000)
(0.7628065000, 0.2538206000, 0.5947055000)
(0.7629284000, 0.2533285000, 0.5947728000)
(0.7628973000, 0.2538484000, 0.5945728000)
(0.7699156000, 0.2504951000, 0.5869213000)
(0.7693909000, 0.2627113000, 0.5822383000)
(0.7724328000, 0.2628954000, 0.5781207000)
(0.7710344000, 0.2598470000, 0.5813425000)
(0.7704496000, 0.2571392000, 0.5833275000)
(0.7689247000, 0.2546228000, 0.5864243000)
(0.7666957000, 0.2552814000, 0.5890520000)
(0.7673955000, 0.2502275000, 0.5903178000)
(0.7681445000, 0.2489352000, 0.5898895000)
(0.7680001000, 0.2496344000, 0.5897821000)
(0.7686208000, 0.2512408000, 0.5882975000)
(0.7682183000, 0.2485997000, 0.5899221000)
(0.7675490000, 0.2540574000, 0.5884664000)
(0.7679244000, 0.2547726000, 0.5876812000)
(0.7680612000, 0.2521813000, 0.5886168000)
(0.7646179000, 0.2617363000, 0.5889354000)
(0.7673919000, 0.2684515000, 0.5822575000)
(0.7700801000, 0.2709264000, 0.5775445000)
(0.7682406000, 0.2679940000, 0.5813597000)
(0.7683819000, 0.2633753000, 0.5832673000)
(0.7684393000, 0.2609513000, 0.5842866000)
(0.7676234000, 0.2641533000, 0.5839210000)
(0.7663405000, 0.2637672000, 0.5857643000)
(0.7657663000, 0.2621830000, 0.5872472000)
(0.7649680000, 0.2602021000, 0.5891561000)
(0.7649651000, 0.2597662000, 0.5893524000)
(0.7647416000, 0.2594910000, 0.5897500000)
(0.7639685000, 0.2584430000, 0.5912195000)
(0.7637013000, 0.2572739000, 0.5920715000)
(0.7637426000, 0.2575836000, 0.5918790000)
(0.7643787000, 0.2513434000, 0.5937383000)
(0.7615325000, 0.2553026000, 0.5957209000)
(0.7623527000, 0.2535923000, 0.5954028000)
(0.7620727000, 0.2528408000, 0.5960803000)
(0.7621332000, 0.2518286000, 0.5964212000)
(0.7615603000, 0.2526337000, 0.5968034000)
(0.7623959000, 0.2485193000, 0.5974602000)
(0.7622112000, 0.2470855000, 0.5983128000)
(0.7623160000, 0.2459245000, 0.5986475000)
(0.7619916000, 0.2438568000, 0.5999076000)
(0.7621283000, 0.2449734000, 0.5992860000)
(0.7617835000, 0.2464797000, 0.5990900000)
(0.7611360000, 0.2488885000, 0.5989176000)
(0.7627194000, 0.2492611000, 0.5967404000)
(0.7628916000, 0.2468817000, 0.5975125000)
(0.7632018000, 0.2455724000, 0.5976537000)
(0.7632990000, 0.2453747000, 0.5976232000)
(0.7631494000, 0.2454748000, 0.5977564000)
(0.7623279000, 0.2454794000, 0.5988049000)
(0.7615258000, 0.2471852000, 0.5991246000)
(0.7612106000, 0.2486268000, 0.5989335000)
(0.7610853000, 0.2500650000, 0.5985066000)
(0.7611311000, 0.2506665000, 0.5981955000)
(0.7609682000, 0.2513709000, 0.5981102000)
(0.7601237000, 0.2514675000, 0.5991343000)
(0.7599819000, 0.2511808000, 0.5994394000)
(0.7598432000, 0.2507805000, 0.5997682000)
(0.7595859000, 0.2495576000, 0.6006206000)
(0.7596002000, 0.2485933000, 0.6009822000)
(0.7594579000, 0.2485055000, 0.6012185000)
(0.7585744000, 0.2484363000, 0.6023497000)
(0.7570609000, 0.2494145000, 0.6038487000)
(0.7576915000, 0.2487879000, 0.6033186000)
(0.7553226000, 0.2521222000, 0.6048939000)
(0.7647504000, 0.2423096000, 0.5970118000)
(0.7682752000, 0.2382840000, 0.5941038000)
(0.7650957000, 0.2414059000, 0.5969307000)
(0.7621624000, 0.2437664000, 0.5997344000)
(0.7629125000, 0.2427446000, 0.5991918000)
(0.7646518000, 0.2416769000, 0.5973977000)
(0.7652627000, 0.2413970000, 0.5967194000)
(0.7650830000, 0.2418132000, 0.5967791000)
(0.7650789000, 0.2424998000, 0.5965078000)
(0.7649071000, 0.2432621000, 0.5964275000)
(0.7646772000, 0.2427715000, 0.5969177000)
(0.7653183000, 0.2432530000, 0.5958980000)
(0.7643346000, 0.2434918000, 0.5970544000)
(0.7657518000, 0.2440432000, 0.5950083000)
(0.7647087000, 0.2442013000, 0.5963000000)
(0.7645058000, 0.2448081000, 0.5962939000)
(0.7670149000, 0.2440556000, 0.5933910000)
(0.7652926000, 0.2472703000, 0.5942786000)
(0.7653371000, 0.2469646000, 0.5943412000)
(0.7650272000, 0.2464828000, 0.5949389000)
(0.7659080000, 0.2473648000, 0.5934485000)
(0.7643675000, 0.2498606000, 0.5943901000)
(0.7654765000, 0.2478371000, 0.5938122000)
(0.7667062000, 0.2499795000, 0.5913251000)
(0.7664064000, 0.2503277000, 0.5915650000)
(0.7667883000, 0.2495370000, 0.5913996000)
(0.7659051000, 0.2494286000, 0.5925951000)
(0.7658280000, 0.2494901000, 0.5926582000)
(0.7656664000, 0.2495213000, 0.5928621000)
(0.7654578000, 0.2491792000, 0.5932626000)
(0.7653965000, 0.2492054000, 0.5933477000)
(0.7653032000, 0.2498102000, 0.5931885000)
(0.7662284000, 0.2518208000, 0.5911607000)
(0.7657179000, 0.2517954000, 0.5918154000)
(0.7654451000, 0.2518128000, 0.5921654000)
(0.7653590000, 0.2508307000, 0.5927052000)
(0.7656494000, 0.2509535000, 0.5922642000)
(0.7649974000, 0.2519130000, 0.5927004000)
(0.7647424000, 0.2524470000, 0.5928211000)
(0.7652436000, 0.2525143000, 0.5921310000)
(0.7648601000, 0.2511612000, 0.5932037000)
(0.7647686000, 0.2514637000, 0.5932013000)
(0.7659827000, 0.2515561000, 0.5915970000)
(0.7673711000, 0.2487481000, 0.5909741000)
(0.7694902000, 0.2472227000, 0.5888423000)
(0.7691765000, 0.2481469000, 0.5888649000)
(0.7688013000, 0.2490838000, 0.5889587000)
(0.7694256000, 0.2507835000, 0.5874214000)
(0.7699983000, 0.2495136000, 0.5872225000)
(0.7745051000, 0.2472235000, 0.5822496000)
(0.7724833000, 0.2427531000, 0.5868032000)
(0.7738224000, 0.2414866000, 0.5855508000)
(0.7731882000, 0.2422367000, 0.5860747000)
(0.7732408000, 0.2470180000, 0.5840180000)
(0.7702312000, 0.2482926000, 0.5874274000)
(0.7727374000, 0.2470817000, 0.5846450000)
(0.7699416000, 0.2471364000, 0.5883032000)
(0.7654539000, 0.2444215000, 0.5952597000)
(0.7641464000, 0.2467390000, 0.5959777000)
(0.7634521000, 0.2499005000, 0.5955402000)
(0.7618938000, 0.2489552000, 0.5979275000)
(0.7613212000, 0.2496261000, 0.5983930000)
(0.7614930000, 0.2508858000, 0.5976256000)
(0.7624758000, 0.2505387000, 0.5965351000)
(0.7619149000, 0.2525068000, 0.5964196000)
(0.7622109000, 0.2523822000, 0.5960938000)
(0.7625899000, 0.2526138000, 0.5955154000)
(0.7626197000, 0.2532637000, 0.5951893000)
(0.7614888000, 0.2534899000, 0.5965329000)
(0.7615082000, 0.2536005000, 0.5964658000)
(0.7611667000, 0.2534752000, 0.5969707000)
(0.7605320000, 0.2529251000, 0.5979975000)
(0.7606794000, 0.2534359000, 0.5976043000)
(0.7606697000, 0.2526350000, 0.5979484000)
(0.7601869000, 0.2530116000, 0.5984071000)
(0.7598946000, 0.2526940000, 0.5988972000)
(0.7586266000, 0.2562106000, 0.5990197000)
(0.7572055000, 0.2548729000, 0.6013730000)
(0.7559117000, 0.2593676000, 0.6010825000)
(0.7554979000, 0.2585268000, 0.6019604000)
(0.7557450000, 0.2580575000, 0.6018749000)
(0.7559991000, 0.2574087000, 0.6018199000)
(0.7556589000, 0.2570417000, 0.6024070000)
(0.7538321000, 0.2551681000, 0.6054896000)
(0.7529418000, 0.2544508000, 0.6069002000)
(0.7521465000, 0.2547114000, 0.6077666000)
(0.7518600000, 0.2553504000, 0.6078528000)
(0.7521680000, 0.2549233000, 0.6076437000)
(0.7519218000, 0.2553621000, 0.6077814000)
(0.7584618000, 0.2550329000, 0.5997252000)
(0.7603527000, 0.2528166000, 0.5982661000)
(0.7601675000, 0.2521434000, 0.5988035000)
(0.7595742000, 0.2507842000, 0.6001136000)
(0.7596861000, 0.2509280000, 0.5999231000)
(0.7595216000, 0.2511833000, 0.6000212000)
(0.7593207000, 0.2497329000, 0.6008670000)
(0.7592338000, 0.2491988000, 0.6012061000)
(0.7590438000, 0.2490672000, 0.6014912000)
(0.7587011000, 0.2489267000, 0.6020007000)
(0.7585464000, 0.2489027000, 0.6021904000)
(0.7584208000, 0.2491866000, 0.6022363000)
(0.7575456000, 0.2495842000, 0.6031759000)
(0.7575546000, 0.2497134000, 0.6031111000)
(0.7572917000, 0.2491561000, 0.6036772000)
(0.7573273000, 0.2481241000, 0.6040329000)
(0.7568981000, 0.2484474000, 0.6044598000)
(0.7567128000, 0.2476304000, 0.6050267000)
(0.7579011000, 0.2514358000, 0.6019436000)
(0.7583065000, 0.2510335000, 0.6016058000)
(0.7583371000, 0.2509297000, 0.6016174000)
(0.7582701000, 0.2526046000, 0.6010000000)
(0.7580793000, 0.2539610000, 0.6006682000)
(0.7559782000, 0.2564133000, 0.6022793000)
(0.7556679000, 0.2545987000, 0.6034373000)
(0.7558594000, 0.2544681000, 0.6032356000)
(0.7563115000, 0.2626407000, 0.5991719000)
(0.7551737000, 0.2495196000, 0.6061593000)
(0.7400616000, 0.2592456000, 0.6205430000)
(0.0000000000, 0.0000000000, 0.0000000000)
(0.0000000000, 0.0000000000, 0.0000000000)
(0.0000000000, 0.0000000000, 0.0000000000)
(0.0000000000, 0.0000000000, 0.0000000000)
(0.0000000000, 0.0000000000, 0.0000000000)
(0.0000000000, 0.0000000000, 0.0000000000)
(0.0000000000, 0.0000000000, 0.0000000000)
(0.0000000000, 0.0000000000, 0.0000000000)
(0.0000000000, 0.0000000000, 0.0000000000)
(0.0000000000, 0.0000000000, 0.0000000000)
(0.0000000000, 0.0000000000, 0.0000000000)
(0.0000000000, 0.0000000000, 0.0000000000)
(0.0000000000, 0.0000000000, 0.0000000000)
(0.0000000000, 0.0000000000, 0.0000000000)
(0.0000000000, 0.0000000000, 0.0000000000)
(0.7530223000, 0.3333679000, 0.5672897000)
(0.7397550000, 0.3287487000, 0.5870896000)
(0.7370738000, 0.3372349000, 0.5856474000)
(0.7389850000, 0.3349457000, 0.5845364000)
(0.7403624000, 0.3398110000, 0.5799727000)
(0.7393499000, 0.3408442000, 0.5806708000)
(0.7521996000, 0.3328971000, 0.5686448000)
(0.7501776000, 0.3384137000, 0.5680588000)
(0.7526646000, 0.3327783000, 0.5680889000)
(0.7515991000, 0.3272813000, 0.5726967000)
(0.7542414000, 0.3349434000, 0.5647215000)
(0.7528535000, 0.3343992000, 0.5669032000)
(0.7523544000, 0.3304056000, 0.5699032000)
(0.7547402000, 0.3319980000, 0.5658023000)
(0.7568130000, 0.3250864000, 0.5670378000)
(0.7546006000, 0.3239211000, 0.5706554000)
(0.7554322000, 0.3229520000, 0.5700958000)
(0.7570212000, 0.3221550000, 0.5684483000)
(0.7612414000, 0.3222235000, 0.5627252000)
(0.7604311000, 0.3256248000, 0.5618682000)
(0.7601079000, 0.3226664000, 0.5640016000)
(0.7612081000, 0.3238174000, 0.5618548000)
(0.7605639000, 0.3305765000, 0.5587952000)
(0.7602301000, 0.3343441000, 0.5569951000)
(0.7591234000, 0.3351788000, 0.5579974000)
(0.7635185000, 0.3339227000, 0.5527337000)
(0.7649118000, 0.3335117000, 0.5510665000)
(0.7606131000, 0.3328658000, 0.5573646000)
(0.7615988000, 0.3318107000, 0.5566448000)
(0.7615927000, 0.3323078000, 0.5563596000)
(0.7612138000, 0.3325604000, 0.5567333000)
(0.7532292000, 0.3430815000, 0.5611867000)
(0.7566116000, 0.3330267000, 0.5626907000)
(0.7500225000, 0.3416761000, 0.5663148000)
(0.7498025000, 0.3420745000, 0.5663655000)
(0.7503277000, 0.3437231000, 0.5646751000)
(0.7493193000, 0.3390593000, 0.5688197000)
(0.7518767000, 0.3452978000, 0.5616369000)
(0.7511685000, 0.3414064000, 0.5649576000)
(0.7446263000, 0.3320055000, 0.5790435000)
(0.7610464000, 0.3388298000, 0.5531604000)
(0.7578644000, 0.3415988000, 0.5558100000)
(0.7571543000, 0.3384930000, 0.5586669000)
(0.7540838000, 0.3409489000, 0.5613211000)
(0.7528876000, 0.3521791000, 0.5559839000)
(0.7544944000, 0.3461507000, 0.5575721000)
(0.7575464000, 0.3399324000, 0.5572801000)
(0.7563156000, 0.3416231000, 0.5578961000)
(0.7591732000, 0.3440159000, 0.5525382000)
(0.7611769000, 0.3390822000, 0.5528218000)
(0.7606050000, 0.3379498000, 0.5543133000)
(0.7608811000, 0.3435621000, 0.5504676000)
(0.7627926000, 0.3485295000, 0.5446767000)
(0.7616219000, 0.3521049000, 0.5440032000)
(0.7532914000, 0.3608782000, 0.5498229000)
(0.7586669000, 0.3539589000, 0.5469308000)
(0.7562664000, 0.3544912000, 0.5499035000)
(0.7533138000, 0.3529659000, 0.5549011000)
(0.7622373000, 0.3435196000, 0.5486178000)
(0.7649077000, 0.3385100000, 0.5479984000)
(0.7652969000, 0.3384972000, 0.5474824000)
(0.7648811000, 0.3379467000, 0.5483932000)
(0.7613896000, 0.3406577000, 0.5515659000)
(0.7623688000, 0.3433111000, 0.5485477000)
(0.7623800000, 0.3426109000, 0.5489829000)
(0.7628749000, 0.3415898000, 0.5489174000)
(0.7628851000, 0.3412512000, 0.5491269000)
(0.7611189000, 0.3429992000, 0.5504840000)
(0.7608519000, 0.3437080000, 0.5504149000)
(0.7601326000, 0.3443407000, 0.5509991000)
(0.7592087000, 0.3453747000, 0.5516232000)
(0.7587622000, 0.3452232000, 0.5523336000)
(0.7584921000, 0.3444325000, 0.5532097000)
(0.7581103000, 0.3447035000, 0.5535683000)
(0.7582113000, 0.3447435000, 0.5534002000)
(0.7584144000, 0.3445297000, 0.5532407000)
(0.7583308000, 0.3441952000, 0.5535721000)
(0.7613380000, 0.3427490000, 0.5503365000)
(0.7605492000, 0.3424121000, 0.5516491000)
(0.7606926000, 0.3401611000, 0.5528240000)
(0.7602876000, 0.3406331000, 0.5530924000)
(0.7603300000, 0.3404326000, 0.5531652000)
(0.7602459000, 0.3414888000, 0.5526214000)
(0.7593334000, 0.3440682000, 0.5522872000)
(0.7598845000, 0.3440876000, 0.5515087000)
(0.7590094000, 0.3449906000, 0.5521486000)
(0.7586139000, 0.3452624000, 0.5525185000)
(0.7594632000, 0.3409863000, 0.5540057000)
(0.7612651000, 0.3376643000, 0.5535659000)
(0.7615948000, 0.3356272000, 0.5543514000)
(0.7618803000, 0.3350407000, 0.5543324000)
(0.7615282000, 0.3368418000, 0.5537062000)
(0.7618020000, 0.3373677000, 0.5530013000)
(0.7598265000, 0.3323100000, 0.5587559000)
(0.7576449000, 0.3358835000, 0.5595934000)
(0.7556863000, 0.3346299000, 0.5629878000)
(0.7574911000, 0.3341526000, 0.5608261000)
(0.7570179000, 0.3234718000, 0.5676844000)
(0.7634396000, 0.3249872000, 0.5581408000)
(0.7597933000, 0.3311367000, 0.5595029000)
(0.7555632000, 0.3233489000, 0.5697005000)
(0.7497299000, 0.3191315000, 0.5796785000)
(0.7534390000, 0.3098924000, 0.5799045000)
(0.7542051000, 0.2947330000, 0.5867650000)
(0.7536474000, 0.2860940000, 0.5917341000)
(0.7422470000, 0.2765941000, 0.6103649000)
(0.7482741000, 0.2825959000, 0.6001715000)
(0.7470310000, 0.2876922000, 0.5992960000)
(0.7532180000, 0.2920163000, 0.5893903000)
(0.7546385000, 0.3301492000, 0.5670130000)
(0.7501020000, 0.3272097000, 0.5746749000)
(0.7470713000, 0.3221013000, 0.5814924000)
(0.7416565000, 0.3130803000, 0.5932286000)
(0.7318025000, 0.3078317000, 0.6080229000)
(0.7411901000, 0.3037292000, 0.5986297000)
(0.7382621000, 0.2983600000, 0.6049308000)
(0.7283733000, 0.2979929000, 0.6169789000)
(0.7338398000, 0.2857518000, 0.6162955000)
(0.7295910000, 0.2979222000, 0.6155532000)
(0.7320244000, 0.2918816000, 0.6155607000)
(0.7342088000, 0.2936707000, 0.6121098000)
(0.7347106000, 0.2736122000, 0.6207411000)
(0.7297834000, 0.3022904000, 0.6132040000)
(0.7293798000, 0.2849793000, 0.6219186000)
(0.7280640000, 0.2858247000, 0.6230560000)
(0.7273058000, 0.2785143000, 0.6272421000)
(0.7276346000, 0.2426052000, 0.6416063000)
(0.7191939000, 0.1663603000, 0.6745809000)
(0.7433975000, 0.1222036000, 0.6575694000)
(0.7498016000, 0.2177112000, 0.6248044000)
(0.7342499000, 0.2461853000, 0.6326551000)
(0.7552164000, 0.2990775000, 0.5832547000)
(0.7453506000, 0.3144363000, 0.5878421000)
(0.7462558000, 0.3093390000, 0.5894116000)
(0.7419441000, 0.3458330000, 0.5743685000)
(0.7438965000, 0.3173637000, 0.5881057000)
(0.7366664000, 0.3302230000, 0.5901399000)
(0.7412475000, 0.3197732000, 0.5901411000)
(0.7357910000, 0.3088543000, 0.6026613000)
(0.7379243000, 0.3113399000, 0.5987535000)
(0.7392333000, 0.3144325000, 0.5955250000)
(0.7327986000, 0.3033835000, 0.6090634000)
(0.7433783000, 0.3110091000, 0.5921628000)
(0.6679093000, 0.3142830000, 0.6746118000)
(0.7472167000, 0.2646984000, 0.6095723000)
(0.7591920000, 0.1088484000, 0.6416942000)
(0.0000000000, 0.0000000000, 0.0000000000)
(0.0000000000, 0.0000000000, 0.0000000000)
(0.0000000000, 0.0000000000, 0.0000000000)
(0.0000000000, 0.0000000000, 0.0000000000)
(0.0000000000, 0.0000000000, 0.0000000000)
(0.0000000000, 0.0000000000, 0.0000000000)
(0.0000000000, 0.0000000000, 0.0000000000)
(0.0000000000, 0.0000000000, 0.0000000000)
(0.0000000000, 0.0000000000, 0.0000000000)
(0.0000000000, 0.0000000000, 0.0000000000)
(0.0000000000, 0.0000000000, 0.0000000000)
(0.0000000000, 0.0000000000, 0.0000000000)
(0.7971650000, 0.1684523000, 0.5797722000)
(0.7476497000, 0.3259595000, 0.5785840000)
(0.7537506000, 0.3694302000, 0.5434677000)
(0.7563986000, 0.3854173000, 0.5284921000)
(0.7517396000, 0.3965020000, 0.5269248000)
(0.7514523000, 0.3956244000, 0.5280138000)
(0.7540673000, 0.3954711000, 0.5243808000)
(0.7504636000, 0.4043756000, 0.5227504000)
(0.7493922000, 0.4014745000, 0.5265033000)
(0.7510537000, 0.4097021000, 0.5177419000)
(0.7555841000, 0.3941434000, 0.5231795000)
(0.7728928000, 0.3625592000, 0.5207410000)
(0.7741569000, 0.3727588000, 0.5115889000)
(0.7747291000, 0.3648159000, 0.5164247000)
(0.7789502000, 0.3737897000, 0.5035027000)
(0.7783635000, 0.3728669000, 0.5050824000)
(0.7795609000, 0.3765895000, 0.5004510000)
(0.7788638000, 0.3701863000, 0.5062804000)
(0.7801617000, 0.3712529000, 0.5034896000)
(0.7784082000, 0.3737221000, 0.5043738000)
(0.7707334000, 0.3767702000, 0.5138117000)
(0.7716933000, 0.3738509000, 0.5144919000)
(0.7709084000, 0.3784994000, 0.5122863000)
(0.7776539000, 0.3698724000, 0.5083649000)
(0.7721320000, 0.3792697000, 0.5098392000)
(0.7727314000, 0.3764695000, 0.5110226000)
(0.7738798000, 0.3733101000, 0.5116132000)
(0.7724289000, 0.3732660000, 0.5138204000)
(0.7726436000, 0.3598620000, 0.5229679000)
(0.7717680000, 0.3558825000, 0.5269706000)
(0.7721635000, 0.3473978000, 0.5320419000)
(0.7710690000, 0.3455967000, 0.5347890000)
(0.7704908000, 0.3492385000, 0.5332463000)
(0.7701517000, 0.3431804000, 0.5376478000)
(0.7712826000, 0.3409229000, 0.5374663000)
(0.7712393000, 0.3344895000, 0.5415705000)
(0.7730857000, 0.3261932000, 0.5439980000)
(0.7721239000, 0.3322579000, 0.5416831000)
(0.7708025000, 0.3279671000, 0.5461645000)
(0.7706377000, 0.3280633000, 0.5463295000)
(0.7711838000, 0.3262748000, 0.5466285000)
(0.7673182000, 0.3232710000, 0.5537976000)
(0.7673863000, 0.3245501000, 0.5529584000)
(0.7668872000, 0.3225986000, 0.5547882000)
(0.7683477000, 0.3162011000, 0.5564440000)
(0.7668836000, 0.3147747000, 0.5592676000)
(0.7776743000, 0.3144011000, 0.5443857000)
(0.7773640000, 0.3474204000, 0.5243917000)
(0.7750505000, 0.3324395000, 0.5373659000)
(0.7743607000, 0.3315970000, 0.5388925000)
(0.7746658000, 0.3231912000, 0.5435164000)
(0.7745956000, 0.3096356000, 0.5514587000)
(0.7754625000, 0.3122759000, 0.5487404000)
(0.7805476000, 0.3140551000, 0.5404674000)
(0.7796555000, 0.3129824000, 0.5423691000)
(0.7791547000, 0.3116375000, 0.5438635000)
(0.7799791000, 0.3121263000, 0.5423825000)
(0.7841505000, 0.3102228000, 0.5374370000)
(0.7772615000, 0.3095500000, 0.5477566000)
(0.7787918000, 0.3094334000, 0.5456399000)
(0.7778304000, 0.3090696000, 0.5471963000)
(0.7761746000, 0.3089115000, 0.5496416000)
(0.7751815000, 0.3155984000, 0.5472310000)
(0.7754493000, 0.3115252000, 0.5491803000)
(0.7770199000, 0.3085759000, 0.5486360000)
(0.7782730000, 0.3010377000, 0.5510468000)
(0.7772425000, 0.2931023000, 0.5567531000)
(0.7737908000, 0.2926644000, 0.5617610000)
(0.7783219000, 0.2877134000, 0.5580633000)
(0.7738271000, 0.2832536000, 0.5665277000)
(0.7746493000, 0.2884623000, 0.5627531000)
(0.7748231000, 0.2831172000, 0.5652123000)
(0.7742506000, 0.2861562000, 0.5644875000)
(0.7791809000, 0.3178688000, 0.5402034000)
(0.7810530000, 0.3467453000, 0.5193406000)
(0.7792808000, 0.3509834000, 0.5191628000)
(0.7788526000, 0.3422793000, 0.5255633000)
(0.7772748000, 0.3517792000, 0.5216221000)
(0.7751677000, 0.3457157000, 0.5287675000)
(0.7766674000, 0.3455966000, 0.5266236000)
(0.7770008000, 0.3423593000, 0.5282565000)
(0.7760732000, 0.3444315000, 0.5282575000)
(0.7764151000, 0.3435880000, 0.5283058000)
(0.7766672000, 0.3424376000, 0.5286924000)
(0.7758768000, 0.3442575000, 0.5286642000)
(0.7762762000, 0.3434317000, 0.5286176000)
(0.7915692000, 0.3353847000, 0.5108109000)
(0.7904530000, 0.3363182000, 0.5119219000)
(0.7903127000, 0.3363768000, 0.5120899000)
(0.7899871000, 0.3356630000, 0.5130502000)
(0.7894502000, 0.3362571000, 0.5134894000)
(0.7896572000, 0.3358273000, 0.5134753000)
(0.7900867000, 0.3361040000, 0.5126151000)
(0.7895848000, 0.3368202000, 0.5129184000)
(0.7858340000, 0.3423227000, 0.5150502000)
(0.7784222000, 0.3531472000, 0.5189748000)
(0.7800989000, 0.3527128000, 0.5167413000)
(0.7800729000, 0.3522931000, 0.5170648000)
(0.7799455000, 0.3532187000, 0.5166361000)
(0.7758244000, 0.3517144000, 0.5238038000)
(0.7769432000, 0.3519546000, 0.5219957000)
(0.7820561000, 0.3418160000, 0.5210813000)
(0.7823980000, 0.3440325000, 0.5191087000)
(0.7826366000, 0.3464688000, 0.5171418000)
(0.7816501000, 0.3523920000, 0.5146033000)
(0.7806056000, 0.3521128000, 0.5163812000)
(0.7806064000, 0.3505045000, 0.5174838000)
(0.7802457000, 0.3513739000, 0.5174362000)
(0.7798730000, 0.3527906000, 0.5170290000)
(0.7794798000, 0.3544159000, 0.5165150000)
(0.7803445000, 0.3590166000, 0.5120005000)
(0.7845576000, 0.3574822000, 0.5066200000)
(0.7842832000, 0.3595669000, 0.5055689000)
(0.7800598000, 0.3396056000, 0.5255129000)
(0.7705507000, 0.3232560000, 0.5493186000)
(0.7669862000, 0.3304326000, 0.5500234000)
(0.7664746000, 0.3384054000, 0.5458737000)
(0.7657135000, 0.3373898000, 0.5475784000)
(0.7662485000, 0.3331499000, 0.5494072000)
(0.7661365000, 0.3397231000, 0.5455357000)
(0.7677615000, 0.3376272000, 0.5445463000)
(0.7704363000, 0.3280087000, 0.5466527000)
(0.7685944000, 0.3320978000, 0.5467569000)
(0.7688491000, 0.3313120000, 0.5468946000)
(0.7687967000, 0.3318734000, 0.5466227000)
(0.7687377000, 0.3330489000, 0.5459823000)
(0.7684174000, 0.3335618000, 0.5461299000)
(0.7677929000, 0.3345474000, 0.5463966000)
(0.7667362000, 0.3363234000, 0.5467910000)
(0.7666620000, 0.3357188000, 0.5472746000)
(0.7658180000, 0.3370692000, 0.5476100000)
(0.7676263000, 0.3329928000, 0.5475779000)
(0.7616931000, 0.3410256000, 0.5509217000)
(0.7611267000, 0.3399011000, 0.5523922000)
(0.0000000000, 0.0000000000, 0.0000000000)
(0.0000000000, 0.0000000000, 0.0000000000)
(0.0000000000, 0.0000000000, 0.0000000000)
(0.0000000000, 0.0000000000, 0.0000000000)
(0.0000000000, 0.0000000000, 0.0000000000)
(0.0000000000, 0.0000000000, 0.0000000000)
(0.0000000000, 0.0000000000, 0.0000000000)
(0.0000000000, 0.0000000000, 0.0000000000)
(0.0000000000, 0.0000000000, 0.0000000000)
(0.0000000000, 0.0000000000, 0.0000000000)
(0.0000000000, 0.0000000000, 0.0000000000)
(0.0000000000, 0.0000000000, 0.0000000000)
(0.0000000000, 0.0000000000, 0.0000000000)
(0.0000000000, 0.0000000000, 0.0000000000)
(0.7770889000, 0.3836973000, 0.4989055000)
(0.7734716000, 0.3890408000, 0.5003652000)
(0.7728164000, 0.3894305000, 0.5010810000)
(0.7757524000, 0.3832743000, 0.5012792000)
(0.7713095000, 0.3927315000, 0.5008388000)
(0.7727280000, 0.3939286000, 0.4977011000)
(0.7754892000, 0.3873469000, 0.4985733000)
(0.7863496000, 0.3751123000, 0.4908454000)
(0.7932897000, 0.3750813000, 0.4795824000)
(0.7919589000, 0.3765527000, 0.4806316000)
(0.7913767000, 0.3742840000, 0.4833353000)
(0.7918435000, 0.3712154000, 0.4849326000)
(0.7933255000, 0.3670890000, 0.4856471000)
(0.7939934000, 0.3656809000, 0.4856360000)
(0.7942832000, 0.3620423000, 0.4878744000)
(0.7937972000, 0.3589207000, 0.4909681000)
(0.7905709000, 0.3582804000, 0.4966160000)
(0.7876379000, 0.3564510000, 0.5025604000)
(0.7859373000, 0.3519200000, 0.5083783000)
(0.7805456000, 0.3542835000, 0.5149777000)
(0.7781422000, 0.3520887000, 0.5201190000)
(0.7788483000, 0.3540851000, 0.5176799000)
(0.7819470000, 0.3508527000, 0.5152255000)
(0.7836801000, 0.3437407000, 0.5173678000)
(0.7875167000, 0.3385279000, 0.5149673000)
(0.7806041000, 0.3507226000, 0.5173258000)
(0.7889273000, 0.3353867000, 0.5148738000)
(0.7958806000, 0.3294495000, 0.5079653000)
(0.7908620000, 0.3364471000, 0.5111939000)
(0.7871107000, 0.3414991000, 0.5136315000)
(0.7880760000, 0.3441473000, 0.5103867000)
(0.7873015000, 0.3431562000, 0.5122321000)
(0.7880452000, 0.3473324000, 0.5082548000)
(0.7876807000, 0.3425582000, 0.5120652000)
(0.7875853000, 0.3444926000, 0.5109103000)
(0.7874696000, 0.3444431000, 0.5110981000)
(0.7942742000, 0.3300686000, 0.5100630000)
(0.8147879000, 0.3656076000, 0.4499194000)
(0.8239840000, 0.3715060000, 0.4278202000)
(0.8261293000, 0.3942928000, 0.4025097000)
(0.8200212000, 0.4046725000, 0.4047231000)
(0.8219163000, 0.4088492000, 0.3965812000)
(0.8231754000, 0.3987062000, 0.4042427000)
(0.8150309000, 0.3958536000, 0.4231022000)
(0.8228554000, 0.4028176000, 0.4007795000)
(0.8225337000, 0.4019619000, 0.4023105000)
(0.8369913000, 0.4000855000, 0.3733111000)
(0.8380437000, 0.3930711000, 0.3783757000)
(0.8391429000, 0.3939059000, 0.3750413000)
(0.8409861000, 0.3897343000, 0.3752608000)
(0.8406420000, 0.3872341000, 0.3786195000)
(0.8407127000, 0.3881637000, 0.3775183000)
(0.8396153000, 0.3872153000, 0.3809272000)
(0.8322549000, 0.4030444000, 0.3806552000)
(0.8198028000, 0.4284174000, 0.3799472000)
(0.8169234000, 0.4293044000, 0.3851309000)
(0.8182271000, 0.4226441000, 0.3897072000)
(0.8171376000, 0.4211214000, 0.3936108000)
(0.8169586000, 0.4248329000, 0.3899517000)
(0.8175277000, 0.4234214000, 0.3903125000)
(0.8141037000, 0.4236047000, 0.3972295000)
(0.8038408000, 0.4210980000, 0.4201250000)
(0.8048267000, 0.4209508000, 0.4183806000)
(0.8043494000, 0.4216449000, 0.4185903000)
(0.8054522000, 0.4215647000, 0.4165616000)
(0.8054278000, 0.4214864000, 0.4166766000)
(0.8056001000, 0.4215373000, 0.4163011000)
(0.8064651000, 0.4228640000, 0.4132457000)
(0.8066736000, 0.4199443000, 0.4158059000)
(0.8069993000, 0.4201231000, 0.4150012000)
(0.8088864000, 0.4216737000, 0.4097216000)
(0.8104956000, 0.4188828000, 0.4094134000)
(0.8122491000, 0.4192716000, 0.4055114000)
(0.8117620000, 0.4047999000, 0.4208969000)
(0.8099632000, 0.4048849000, 0.4242783000)
(0.8064000000, 0.4049276000, 0.4309680000)
(0.7994234000, 0.3855086000, 0.4607331000)
(0.7886533000, 0.3853849000, 0.4790372000)
(0.7748021000, 0.3710198000, 0.5118824000)
(0.7773159000, 0.3614003000, 0.5149187000)
(0.7768923000, 0.3600245000, 0.5165431000)
(0.7779726000, 0.3611110000, 0.5141542000)
(0.7828032000, 0.3489244000, 0.5152315000)
(0.7789647000, 0.3522264000, 0.5187762000)
(0.7812695000, 0.3495493000, 0.5171106000)
(0.7789548000, 0.3531826000, 0.5181361000)
(0.7799018000, 0.3542205000, 0.5159957000)
(0.7788616000, 0.3540000000, 0.5177171000)
(0.7784945000, 0.3490694000, 0.5216119000)
(0.7806540000, 0.3498176000, 0.5178840000)
(0.7928588000, 0.3477748000, 0.5004201000)
(0.7950415000, 0.3465325000, 0.4977917000)
(0.7949406000, 0.3472201000, 0.4974720000)
(0.7910410000, 0.3246262000, 0.5185186000)
(0.7882676000, 0.3300673000, 0.5193095000)
(0.7785737000, 0.3460337000, 0.5235211000)
(0.7790604000, 0.3420223000, 0.5254360000)
(0.7773865000, 0.3390617000, 0.5297952000)
(0.7769474000, 0.3343762000, 0.5334048000)
(0.7750372000, 0.3386918000, 0.5334657000)
(0.7743523000, 0.3320616000, 0.5386148000)
(0.7731370000, 0.3291851000, 0.5421105000)
(0.7735768000, 0.3251341000, 0.5439146000)
(0.7820813000, 0.3322879000, 0.5271719000)
(0.7891240000, 0.3391717000, 0.5120751000)
(0.7854926000, 0.3422220000, 0.5156263000)
(0.7866936000, 0.3413460000, 0.5143747000)
(0.7859839000, 0.3407476000, 0.5158582000)
(0.7855672000, 0.3391536000, 0.5175418000)
(0.7852753000, 0.3369980000, 0.5193872000)
(0.7851663000, 0.3366890000, 0.5197343000)
(0.7850700000, 0.3339853000, 0.5216488000)
(0.7847630000, 0.3313304000, 0.5237910000)
(0.7845233000, 0.3306631000, 0.5245726000)
(0.7845081000, 0.3298827000, 0.5250741000)
(0.7842865000, 0.3278594000, 0.5266684000)
(0.7926700000, 0.3266447000, 0.5147395000)
(0.7979137000, 0.3335411000, 0.5020559000)
(0.7956016000, 0.3705464000, 0.4792537000)
(0.7985925000, 0.3686098000, 0.4757750000)
(0.7996005000, 0.3716937000, 0.4716747000)
(0.7948512000, 0.3702539000, 0.4807267000)
(0.7985207000, 0.3627343000, 0.4803740000)
(0.7997991000, 0.3636139000, 0.4775753000)
(0.7896606000, 0.3684996000, 0.4905339000)
(0.7944627000, 0.3670527000, 0.4838164000)
(0.7953415000, 0.3663535000, 0.4829100000)
(0.7995375000, 0.3511596000, 0.4872593000)
(0.7955505000, 0.3530171000, 0.4924169000)
(0.7942505000, 0.3529280000, 0.4945717000)
(0.7952580000, 0.3506478000, 0.4945735000)
(0.7993594000, 0.3537329000, 0.4856624000)
(0.8013999000, 0.3527177000, 0.4830294000)
(0.8009133000, 0.3489823000, 0.4865659000)
(0.7942346000, 0.3522175000, 0.4950963000)
(0.7866975000, 0.3571227000, 0.5035568000)
(0.7778136000, 0.3562571000, 0.5177569000)
(0.7803294000, 0.3544284000, 0.5152183000)
(0.7824332000, 0.3500331000, 0.5150324000)
(0.7876951000, 0.3532545000, 0.5047244000)
(0.7955807000, 0.3577133000, 0.4889421000)
(0.8009522000, 0.3571954000, 0.4805051000)
(0.8033158000, 0.3559104000, 0.4774941000)
(0.8020442000, 0.3553974000, 0.4799872000)
(0.8025461000, 0.3557875000, 0.4788712000)
(0.8009189000, 0.3530413000, 0.4836113000)
(0.7972579000, 0.3511181000, 0.4910007000)
(0.7974676000, 0.3502059000, 0.4913066000)
(0.7976074000, 0.3428570000, 0.4962324000)
(0.7953345000, 0.3447335000, 0.4985734000)
(0.7955287000, 0.3431820000, 0.4993537000)
(0.7879103000, 0.3457271000, 0.5095699000)
(0.7832276000, 0.3475273000, 0.5155180000)
(0.7824500000, 0.3474919000, 0.5167255000)
(0.7825576000, 0.3485093000, 0.5158898000)
(0.7822801000, 0.3473888000, 0.5170398000)
(0.7787586000, 0.3451788000, 0.5238013000)
(0.7891710000, 0.3033829000, 0.5339997000)
(0.7948935000, 0.2708184000, 0.5429405000)
(0.7927253000, 0.2661078000, 0.5484241000)
(0.7873436000, 0.2496008000, 0.5637176000)
(0.7890462000, 0.2411518000, 0.5650108000)
(0.7892106000, 0.2312171000, 0.5689143000)
(0.7884155000, 0.2300236000, 0.5705013000)
(0.7905251000, 0.2363537000, 0.5649780000)
(0.7930326000, 0.2348419000, 0.5620832000)
(0.7918160000, 0.2324529000, 0.5647921000)
(0.7891471000, 0.2341435000, 0.5677994000)
(0.7888540000, 0.2286049000, 0.5704690000)
(0.7882641000, 0.2206906000, 0.5743943000)
(0.7860547000, 0.2208869000, 0.5773279000)
(0.7829853000, 0.2212269000, 0.5813494000)
(0.7797144000, 0.2167913000, 0.5873969000)
(0.7794273000, 0.2163579000, 0.5879346000)
(0.7797700000, 0.2179072000, 0.5869001000)
(0.7809936000, 0.2174257000, 0.5854569000)
(0.7816544000, 0.2167962000, 0.5848019000)
(0.7835234000, 0.2139930000, 0.5833389000)
(0.7831078000, 0.2136949000, 0.5840037000)
(0.7850724000, 0.2141147000, 0.5812073000)
(0.7844237000, 0.2123074000, 0.5827307000)
(0.7854238000, 0.2144380000, 0.5806088000)
(0.7852865000, 0.2161995000, 0.5801475000)
(0.7855107000, 0.2178892000, 0.5792063000)
(0.7854294000, 0.2196885000, 0.5786372000)
(0.7843065000, 0.2219474000, 0.5792940000)
(0.7845526000, 0.2206472000, 0.5794707000)
(0.7856523000, 0.2248183000, 0.5763456000)
(0.7846906000, 0.2253314000, 0.5774670000)
(0.7855653000, 0.2273265000, 0.5754797000)
(0.7850291000, 0.2343990000, 0.5733724000)
(0.7840400000, 0.2320872000, 0.5756832000)
(0.7863744000, 0.2479065000, 0.5658166000)
(0.7881768000, 0.2525066000, 0.5612389000)
(0.7895104000, 0.2573248000, 0.5571834000)
(0.7897128000, 0.2675228000, 0.5520719000)
(0.7902281000, 0.2600729000, 0.5548661000)
(0.7881694000, 0.2724889000, 0.5518315000)
(0.7875282000, 0.2657008000, 0.5560526000)
(0.7896033000, 0.2666992000, 0.5526248000)
(0.7889104000, 0.2664296000, 0.5537363000)
(0.7909874000, 0.2704198000, 0.5488157000)
(0.7918596000, 0.2720896000, 0.5467188000)
(0.7861157000, 0.2854473000, 0.5482088000)
(0.7853147000, 0.2925456000, 0.5456100000)
(0.7949554000, 0.2617350000, 0.5472904000)
(0.7930236000, 0.2581952000, 0.5517522000)
(0.7937501000, 0.2569615000, 0.5512938000)
(0.7986478000, 0.2656572000, 0.5399602000)
(0.7991355000, 0.2647750000, 0.5396805000)
(0.8005105000, 0.2693064000, 0.5353835000)
(0.7995295000, 0.2667142000, 0.5381496000)
(0.7990438000, 0.2656537000, 0.5393946000)
(0.7986717000, 0.2699230000, 0.5378202000)
(0.8009650000, 0.2741201000, 0.5322531000)
(0.7991854000, 0.2743403000, 0.5348186000)
(0.7983439000, 0.2744694000, 0.5359983000)
(0.7867671000, 0.2720292000, 0.5540488000)
(0.7860718000, 0.2697185000, 0.5561621000)
(0.7798364000, 0.2573280000, 0.5706294000)
(0.7834715000, 0.2337928000, 0.5757498000)
(0.7857616000, 0.2360629000, 0.5716936000)
(0.7820747000, 0.2425787000, 0.5740318000)
(0.7826959000, 0.2472904000, 0.5711403000)
(0.7839962000, 0.2496129000, 0.5683405000)
(0.7870860000, 0.2543959000, 0.5619221000)
(0.7881795000, 0.2587157000, 0.5584162000)
(0.7867345000, 0.2605025000, 0.5596231000)
(0.7863079000, 0.2626230000, 0.5592141000)
(0.7858387000, 0.2640101000, 0.5592179000)
(0.7856984000, 0.2635375000, 0.5596486000)
(0.7855309000, 0.2661636000, 0.5586344000)
(0.7855468000, 0.2691863000, 0.5571761000)
(0.7863174000, 0.2707644000, 0.5553141000)
(0.7866722000, 0.2696142000, 0.5553668000)
(0.7865446000, 0.2710400000, 0.5548531000)
(0.7858599000, 0.2722456000, 0.5552502000)
(0.7860588000, 0.2717343000, 0.5552030000)
(0.7860755000, 0.2690661000, 0.5564915000)
(0.7864161000, 0.2689086000, 0.5560724000)
(0.7864265000, 0.2679446000, 0.5565306000)
(0.7859281000, 0.2685363000, 0.5569338000)
(0.7859048000, 0.2688046000, 0.5568355000)
(0.7855383000, 0.2686696000, 0.5574210000)
(0.7853886000, 0.2685499000, 0.5576898000)
(0.7850572000, 0.2682919000, 0.5582985000)
(0.7851074000, 0.2681926000, 0.5582756000)
(0.7855234000, 0.2667175000, 0.5584010000)
(0.7853264000, 0.2661269000, 0.5589612000)
(0.7855985000, 0.2658345000, 0.5587081000)
(0.7868174000, 0.2624530000, 0.5585896000)
(0.7875540000, 0.2614080000, 0.5580251000)
(0.7877083000, 0.2608634000, 0.5580754000)
(0.7873439000, 0.2608896000, 0.5585824000)
(0.7866966000, 0.2612008000, 0.5593327000)
(0.7860244000, 0.2619427000, 0.5599520000)
(0.7841865000, 0.2625541000, 0.5622236000)
(0.7839813000, 0.2631165000, 0.5622390000)
(0.7842077000, 0.2643048000, 0.5613785000)
(0.7840350000, 0.2658936000, 0.5608642000)
(0.7839096000, 0.2659813000, 0.5610080000)
(0.7834175000, 0.2659010000, 0.5617348000)
(0.7821028000, 0.2656320000, 0.5636889000)
(0.7820252000, 0.2657110000, 0.5637416000)
(0.7817522000, 0.2656244000, 0.5641791000)
(0.7818521000, 0.2607810000, 0.5663005000)
(0.7808367000, 0.2686278000, 0.5640157000)
(0.7836267000, 0.2954333000, 0.5464785000)
(0.7883150000, 0.3290922000, 0.5198497000)
(0.7918687000, 0.3544407000, 0.4972908000)
(0.7937517000, 0.3552757000, 0.4936806000)
(0.7903148000, 0.3546311000, 0.4996097000)
(0.7859520000, 0.3529017000, 0.5076576000)
(0.7863183000, 0.3567368000, 0.5044141000)
(0.7823241000, 0.3634232000, 0.5058483000)
(0.7829747000, 0.3550158000, 0.5107839000)
(0.7819401000, 0.3562376000, 0.5115178000)
(0.7846529000, 0.3518443000, 0.5104131000)
(0.7838992000, 0.3534358000, 0.5104546000)
(0.7988800000, 0.3440400000, 0.4933744000)
(0.7973855000, 0.3445439000, 0.4954244000)
(0.7964680000, 0.3449782000, 0.4965928000)
(0.7926159000, 0.3466572000, 0.5015832000)
(0.7905435000, 0.3463815000, 0.5050111000)
(0.7911812000, 0.3456799000, 0.5044961000)
(0.7914997000, 0.3453118000, 0.5042603000)
(0.7918057000, 0.3451913000, 0.5038654000)
(0.7916413000, 0.3453392000, 0.5040215000)
(0.7916442000, 0.3453569000, 0.5040018000)
(0.7842038000, 0.3519460000, 0.5110244000)
(0.7836645000, 0.3523140000, 0.5116057000)
(0.7837857000, 0.3522319000, 0.5114739000)
(0.7845855000, 0.3581933000, 0.5060559000)
(0.7839202000, 0.3590550000, 0.5065017000)
(0.7845002000, 0.3592187000, 0.5054647000)
(0.7851002000, 0.3597902000, 0.5041443000)
(0.7937414000, 0.3515048000, 0.4963776000)
(0.7943941000, 0.3510452000, 0.4956847000)
(0.7960854000, 0.3510617000, 0.4929258000)
(0.7966406000, 0.3524214000, 0.4910609000)
(0.7962847000, 0.3525073000, 0.4915682000)
(0.7948958000, 0.3567451000, 0.4907713000)
(0.7972985000, 0.3601603000, 0.4843365000)
(0.8015038000, 0.3625274000, 0.4755585000)
(0.8018394000, 0.3640386000, 0.4738419000)
(0.8024160000, 0.3628448000, 0.4737816000)
(0.7791381000, 0.3496942000, 0.5202217000)
(0.7824407000, 0.3082659000, 0.5410527000)
(0.7761881000, 0.2869012000, 0.5614314000)
(0.7745401000, 0.2791473000, 0.5675834000)
(0.7748461000, 0.2663702000, 0.5732622000)
(0.7699820000, 0.2690718000, 0.5785480000)
(0.7731848000, 0.2716682000, 0.5730248000)
(0.7731543000, 0.2707347000, 0.5735242000)
(0.7756969000, 0.2669618000, 0.5718362000)
(0.7750704000, 0.2739788000, 0.5693615000)
(0.7765974000, 0.2764700000, 0.5660788000)
(0.7756599000, 0.2747841000, 0.5681734000)
(0.7750261000, 0.2744633000, 0.5692074000)
(0.7744608000, 0.2689622000, 0.5725965000)
(0.7729702000, 0.2606907000, 0.5783942000)
(0.7762577000, 0.2521049000, 0.5778021000)
(0.7737142000, 0.2371725000, 0.5874429000)
(0.7726465000, 0.2313513000, 0.5911613000)
(0.7726526000, 0.2302808000, 0.5915686000)
(0.7723518000, 0.2295669000, 0.5922465000)
(0.7716198000, 0.2303298000, 0.5929166000)
(0.7699463000, 0.2289686000, 0.5956098000)
(0.7741258000, 0.2306394000, 0.5895027000)
(0.7747163000, 0.2329348000, 0.5878258000)
(0.7748277000, 0.2349844000, 0.5868666000)
(0.7738512000, 0.2372711000, 0.5872294000)
(0.7710776000, 0.2430761000, 0.5884978000)
(0.7689782000, 0.2441666000, 0.5908056000)
(0.7642471000, 0.2429579000, 0.5973882000)
(0.7667053000, 0.2463083000, 0.5928449000)
(0.7676126000, 0.2464503000, 0.5916239000)
(0.7675626000, 0.2486349000, 0.5907803000)
(0.7694294000, 0.2515199000, 0.5871025000)
(0.7706875000, 0.2535701000, 0.5845619000)
(0.7709900000, 0.2612142000, 0.5808073000)
(0.7693613000, 0.2624903000, 0.5823801000)
(0.7686747000, 0.2645078000, 0.5823668000)
(0.7632034000, 0.2703004000, 0.5869041000)
(0.7608904000, 0.2686545000, 0.5906284000)
(0.7622164000, 0.2703615000, 0.5881314000)
(0.7650256000, 0.2710690000, 0.5841696000)
(0.7627624000, 0.2697911000, 0.5877001000)
(0.7628904000, 0.2712087000, 0.5868858000)
(0.7652456000, 0.2754851000, 0.5817956000)
(0.7746864000, 0.2708753000, 0.5713728000)
(0.7745639000, 0.2751644000, 0.5694757000)
(0.7731984000, 0.2828000000, 0.5676047000)
(0.7739164000, 0.2878040000, 0.5640992000)
(0.7742820000, 0.2892910000, 0.5628310000)
(0.7746093000, 0.2912313000, 0.5613863000)
(0.7744381000, 0.2921771000, 0.5611213000)
(0.7763286000, 0.2902872000, 0.5594963000)
(0.7778940000, 0.2852980000, 0.5598754000)
(0.7784077000, 0.2916721000, 0.5558754000)
(0.7797742000, 0.2951620000, 0.5520986000)
(0.7804715000, 0.3010363000, 0.5479291000)
(0.7804545000, 0.3020356000, 0.5474026000)
(0.7802730000, 0.3037886000, 0.5467001000)
(0.7806354000, 0.3038831000, 0.5461150000)
(0.7804865000, 0.3046259000, 0.5459297000)
(0.7802858000, 0.3060418000, 0.5454172000)
(0.7821478000, 0.3130470000, 0.5387248000)
(0.7811044000, 0.3083706000, 0.5429276000)
(0.7793542000, 0.3147969000, 0.5417461000)
(0.7803851000, 0.3157752000, 0.5396884000)
(0.7804933000, 0.3119745000, 0.5417469000)
(0.7805021000, 0.3148309000, 0.5400895000)
(0.7800167000, 0.3129104000, 0.5418988000)
(0.7801294000, 0.3137521000, 0.5412504000)
(0.7795200000, 0.3137724000, 0.5421037000)
(0.7769563000, 0.3136760000, 0.5458336000)
(0.7823017000, 0.3106812000, 0.5398802000)
(0.7829674000, 0.3141915000, 0.5368720000)
(0.7871416000, 0.3133363000, 0.5312387000)
(0.7854753000, 0.3128967000, 0.5339693000)
(0.7860223000, 0.3129749000, 0.5331103000)
(0.7855153000, 0.3136960000, 0.5334404000)
(0.7854033000, 0.3140822000, 0.5333531000)
(0.7857060000, 0.3150457000, 0.5323576000)
(0.7866309000, 0.3159322000, 0.5304586000)
(0.7864867000, 0.3152622000, 0.5310553000)
(0.7861943000, 0.3147998000, 0.5317621000)
(0.7861091000, 0.3148999000, 0.5318284000)
(0.7860186000, 0.3154624000, 0.5316423000)
(0.7865136000, 0.3129584000, 0.5323812000)
(0.7800478000, 0.3129674000, 0.5418002000)
(0.7809889000, 0.3144720000, 0.5395872000)
(0.7793062000, 0.3142914000, 0.5420986000)
(0.7786380000, 0.3155280000, 0.5423466000)
(0.7786710000, 0.3158357000, 0.5421392000)
(0.7788658000, 0.3159777000, 0.5417674000)
(0.7776129000, 0.3122358000, 0.5457331000)
(0.7766126000, 0.3133377000, 0.5465077000)
(0.7753354000, 0.3124248000, 0.5488443000)
(0.7748017000, 0.3136500000, 0.5489017000)
(0.7748516000, 0.3125951000, 0.5494305000)
(0.7752453000, 0.3134680000, 0.5483693000)
(0.7762498000, 0.3149363000, 0.5461091000)
(0.7772682000, 0.3140216000, 0.5451767000)
(0.7810152000, 0.3106125000, 0.5417848000)
(0.7859498000, 0.3099120000, 0.5349907000)
(0.7854407000, 0.3093942000, 0.5360532000)
(0.7846862000, 0.3094504000, 0.5371025000)
(0.7846069000, 0.3090948000, 0.5374240000)
(0.7831564000, 0.3150791000, 0.5360654000)
(0.7836331000, 0.3136439000, 0.5362182000)
(0.7860027000, 0.3158833000, 0.5314218000)
(0.7866337000, 0.3173104000, 0.5296332000)
(0.7853946000, 0.3166728000, 0.5318543000)
(0.7860477000, 0.3164473000, 0.5310239000)
(0.7850556000, 0.3159665000, 0.5327634000)
(0.7854525000, 0.3075023000, 0.5371043000)
(0.7759105000, 0.3129576000, 0.5477306000)
(0.7768673000, 0.3124164000, 0.5466890000)
(0.7780322000, 0.3126256000, 0.5448895000)
(0.7774854000, 0.3119778000, 0.5460387000)
(0.7777184000, 0.3157098000, 0.5435718000)
(0.7780257000, 0.3141026000, 0.5440456000)
(0.7779209000, 0.3137995000, 0.5443850000)
(0.7782207000, 0.3138039000, 0.5439489000)
(0.7781183000, 0.3138510000, 0.5440723000)
(0.7763602000, 0.3162417000, 0.5451946000)
(0.7757526000, 0.3178079000, 0.5451645000)
(0.7755481000, 0.3194165000, 0.5444952000)
(0.7807632000, 0.3139462000, 0.5402228000)
(0.7834656000, 0.3121111000, 0.5373511000)
(0.7850409000, 0.3110285000, 0.5356764000)
(0.7857446000, 0.3063090000, 0.5373539000)
(0.7880495000, 0.3044510000, 0.5350327000)
(0.7880530000, 0.3037541000, 0.5354306000)
(0.7879638000, 0.3064521000, 0.5340284000)
(0.7881960000, 0.3061169000, 0.5338846000)
(0.7876648000, 0.3053679000, 0.5350921000)
(0.7871882000, 0.3047308000, 0.5361406000)
(0.7863796000, 0.3046219000, 0.5374110000)
(0.7865973000, 0.3044780000, 0.5371594000)
(0.7869537000, 0.3065666000, 0.5354498000)
(0.7871775000, 0.3055695000, 0.5356883000)
(0.7828028000, 0.3031581000, 0.5434177000)
(0.7818887000, 0.3076160000, 0.5422230000)
(0.7768617000, 0.3061246000, 0.5502302000)
(0.7761902000, 0.3059472000, 0.5512850000)
(0.7760838000, 0.3058461000, 0.5514795000)
(0.7761049000, 0.3118735000, 0.5480589000)
(0.7758999000, 0.3127148000, 0.5478732000)
(0.7759655000, 0.3128103000, 0.5477265000)
(0.7820040000, 0.3111126000, 0.5400597000)
(0.7829435000, 0.3109066000, 0.5388051000)
(0.7818336000, 0.3112841000, 0.5401986000)
(0.7793336000, 0.3122386000, 0.5432656000)
(0.7787764000, 0.3113221000, 0.5445788000)
(0.7782688000, 0.3119152000, 0.5449538000)
(0.7782746000, 0.3128824000, 0.5444034000)
(0.7780232000, 0.3128228000, 0.5448028000)
(0.7774587000, 0.3144749000, 0.5446585000)
(0.7800183000, 0.3107600000, 0.5431249000)
(0.7844436000, 0.3036264000, 0.5407758000)
(0.7848467000, 0.3053634000, 0.5392209000)
(0.7851696000, 0.3044645000, 0.5392476000)
(0.7850657000, 0.3054653000, 0.5388495000)
(0.7846320000, 0.3041618000, 0.5401968000)
(0.7848256000, 0.3034946000, 0.5403070000)
(0.7840456000, 0.3032976000, 0.5415312000)
(0.7827630000, 0.3044478000, 0.5427422000)
(0.7822009000, 0.3051803000, 0.5431602000)
(0.7823297000, 0.3049507000, 0.5430925000)
(0.7818582000, 0.3055069000, 0.5434655000)
(0.7797666000, 0.3071425000, 0.5455370000)
(0.7779441000, 0.3062043000, 0.5486628000)
(0.7733190000, 0.3129078000, 0.5513967000)
(0.7728395000, 0.3119772000, 0.5526026000)
(0.7723445000, 0.3126076000, 0.5529386000)
(0.7720146000, 0.3119113000, 0.5537886000)
(0.7723637000, 0.3128792000, 0.5527614000)
(0.7723200000, 0.3126449000, 0.5529619000)
(0.7774209000, 0.3136644000, 0.5451642000)
(0.7721284000, 0.3143952000, 0.5522234000)
(0.7740877000, 0.3148963000, 0.5491980000)
(0.7680624000, 0.3240046000, 0.5523338000)
(0.7679436000, 0.3293929000, 0.5493230000)
(0.7668970000, 0.3321950000, 0.5490922000)
(0.7676556000, 0.3467500000, 0.5389421000)
(0.7692189000, 0.3619911000, 0.5265350000)
(0.7686247000, 0.3612266000, 0.5279238000)
(0.7703759000, 0.3636054000, 0.5237470000)
(0.7694579000, 0.3618781000, 0.5262717000)
(0.7694757000, 0.3623530000, 0.5259261000)
(0.7765049000, 0.3549109000, 0.5206367000)
(0.7764544000, 0.3523848000, 0.5224140000)
(0.7769363000, 0.3563738000, 0.5189924000)
(0.7775463000, 0.3557535000, 0.5185062000)
(0.7768728000, 0.3545505000, 0.5203462000)
(0.7744802000, 0.3551860000, 0.5234590000)
(0.7644762000, 0.3655016000, 0.5310194000)
(0.7658308000, 0.3664172000, 0.5284086000)
(0.7758655000, 0.3507693000, 0.5243813000)
(0.7776297000, 0.3466143000, 0.5245214000)
(0.7778077000, 0.3500943000, 0.5219467000)
(0.7855821000, 0.3601158000, 0.5031671000)
(0.7841485000, 0.3601770000, 0.5053321000)
(0.7850730000, 0.3564395000, 0.5065480000)
(0.7840595000, 0.3519148000, 0.5112753000)
(0.7838418000, 0.3510700000, 0.5121795000)
(0.7769460000, 0.3588819000, 0.5172579000)
(0.7660155000, 0.3719472000, 0.5242785000)
(0.7696032000, 0.3656844000, 0.5234274000)
(0.7831599000, 0.3511808000, 0.5131564000)
(0.7822617000, 0.3494436000, 0.5156835000)
(0.7826623000, 0.3486793000, 0.5156156000)
(0.7835276000, 0.3506679000, 0.5129251000)
(0.7839596000, 0.3520275000, 0.5113516000)
(0.7841270000, 0.3507132000, 0.5119715000)
(0.7845396000, 0.3576204000, 0.5065542000)
(0.7760276000, 0.3620917000, 0.5163950000)
(0.7752651000, 0.3579498000, 0.5203997000)
(0.7733865000, 0.3605962000, 0.5213832000)
(0.7713109000, 0.3626762000, 0.5230101000)
(0.7741811000, 0.3618455000, 0.5193174000)
(0.7753525000, 0.3598445000, 0.5189511000)
(0.7754866000, 0.3598984000, 0.5187341000)
(0.7748154000, 0.3601171000, 0.5195698000)
(0.7748378000, 0.3578722000, 0.5211052000)
(0.7759513000, 0.3596154000, 0.5182358000)
(0.7765757000, 0.3613646000, 0.5160725000)
(0.7598893000, 0.3691416000, 0.5350608000)
(0.7548490000, 0.3639806000, 0.5456317000)
(0.7571691000, 0.3666268000, 0.5406001000)
(0.7656487000, 0.3647002000, 0.5298748000)
(0.7608217000, 0.3702334000, 0.5329626000)
(0.7666409000, 0.3619013000, 0.5303483000)
(0.7665513000, 0.3606466000, 0.5313271000)
(0.7646527000, 0.3618015000, 0.5332969000)
(0.7681567000, 0.3577307000, 0.5309796000)
(0.7599704000, 0.3621861000, 0.5396758000)
(0.7614887000, 0.3651045000, 0.5355645000)
(0.7628762000, 0.3600040000, 0.5370196000)
(0.7647365000, 0.3562444000, 0.5368972000)
(0.7697385000, 0.3544610000, 0.5308970000)
(0.7748655000, 0.3520215000, 0.5250119000)
(0.7776653000, 0.3507453000, 0.5217384000)
(0.7765849000, 0.3510875000, 0.5231024000)
(0.7769765000, 0.3492969000, 0.5237160000)
(0.7790407000, 0.3498851000, 0.5202519000)
(0.7798522000, 0.3492029000, 0.5194780000)
(0.7794468000, 0.3485276000, 0.5205473000)
(0.7799321000, 0.3466642000, 0.5210729000)
(0.7806726000, 0.3458013000, 0.5205461000)
(0.7788688000, 0.3465149000, 0.5227488000)
(0.7759721000, 0.3467925000, 0.5268516000)
(0.7753422000, 0.3453450000, 0.5287296000)
(0.7757069000, 0.3440170000, 0.5290658000)
(0.7764795000, 0.3435412000, 0.5282546000)
(0.7771779000, 0.3373949000, 0.5311620000)
(0.7631204000, 0.3468923000, 0.5452484000)
(0.7650317000, 0.3430198000, 0.5450324000)
(0.7629726000, 0.3363437000, 0.5520363000)
(0.7611979000, 0.3343567000, 0.5556716000)
(0.7615528000, 0.3340770000, 0.5553617000)
(0.7643042000, 0.3326177000, 0.5524422000)
(0.7714822000, 0.3269122000, 0.5458218000)
(0.7836000000, 0.3191349000, 0.5330203000)
(0.7837635000, 0.3173198000, 0.5338712000)
(0.7845959000, 0.3174510000, 0.5325682000)
(0.7849005000, 0.3189333000, 0.5312307000)
(0.7902270000, 0.3264164000, 0.5186183000)
(0.7777625000, 0.3253461000, 0.5377958000)
(0.7696677000, 0.3337732000, 0.5442259000)
(0.7724079000, 0.3347883000, 0.5397111000)
(0.7714330000, 0.3335555000, 0.5418506000)
(0.7733139000, 0.3333699000, 0.5392836000)
(0.7761185000, 0.3345669000, 0.5344871000)
(0.7809351000, 0.3273668000, 0.5319400000)
(0.7828209000, 0.3232884000, 0.5316582000)
(0.7852542000, 0.3281843000, 0.5250378000)
(0.7847203000, 0.3285497000, 0.5256099000)
(0.7878298000, 0.3238879000, 0.5238245000)
(0.7882696000, 0.3285633000, 0.5202538000)
(0.7860851000, 0.3349251000, 0.5195107000)
(0.7873878000, 0.3279094000, 0.5220047000)
(0.7870133000, 0.3312134000, 0.5204690000)
(0.7876526000, 0.3321161000, 0.5189277000)
(0.7923940000, 0.3394291000, 0.5068406000)
(0.7830740000, 0.3340605000, 0.5245739000)
(0.7804612000, 0.3326913000, 0.5293232000)
(0.7793970000, 0.3281503000, 0.5337182000)
(0.7778688000, 0.3313408000, 0.5339674000)
(0.7785065000, 0.3370177000, 0.5294589000)
(0.7798117000, 0.3386541000, 0.5264772000)
(0.7803178000, 0.3391473000, 0.5254294000)
(0.7802470000, 0.3418750000, 0.5237594000)
(0.7803149000, 0.3522823000, 0.5167230000)
(0.7794274000, 0.3498129000, 0.5197204000)
(0.7810364000, 0.3606367000, 0.5098058000)
(0.7843736000, 0.3583746000, 0.5062850000)
(0.7829919000, 0.3569182000, 0.5094363000)
(0.7836747000, 0.3570658000, 0.5082710000)
(0.7838285000, 0.3583494000, 0.5071357000)
(0.7840844000, 0.3583401000, 0.5067340000)
(0.7840822000, 0.3594683000, 0.5059342000)
(0.7827089000, 0.3631052000, 0.5054742000)
(0.7851773000, 0.3568811000, 0.5060886000)
(0.7749155000, 0.3658455000, 0.5153991000)
(0.7724553000, 0.3606615000, 0.5226958000)
(0.7739443000, 0.3381732000, 0.5353755000)
(0.0000000000, 0.0000000000, 0.0000000000)
(0.0000000000, 0.0000000000, 0.0000000000)
(0.0000000000, 0.0000000000, 0.0000000000)
(0.0000000000, 0.0000000000, 0.0000000000)
(0.0000000000, 0.0000000000, 0.0000000000)
(0.0000000000, 0.0000000000, 0.0000000000)
(0.0000000000, 0.0000000000, 0.0000000000)
(0.0000000000, 0.0000000000, 0.0000000000)
(0.0000000000, 0.0000000000, 0.0000000000)
(0.0000000000, 0.0000000000, 0.0000000000)
(0.0000000000, 0.0000000000, 0.0000000000)
(0.0000000000, 0.0000000000, 0.0000000000)
(0.0000000000, 0.0000000000, 0.0000000000)
(0.0000000000, 0.0000000000, 0.0000000000)
(0.0000000000, 0.0000000000, 0.0000000000)
(0.7605079000, 0.3718988000, 0.5322586000)
(0.7554325000, 0.3891212000, 0.5271547000)
(0.7558291000, 0.3889741000, 0.5266891000)
(0.7723602000, 0.3805960000, 0.5085339000)
(0.7787802000, 0.3832772000, 0.4965674000)
(0.7821594000, 0.3841495000, 0.4905557000)
(0.7580906000, 0.4013460000, 0.5140108000)
(0.7586621000, 0.4050224000, 0.5102739000)
(0.7570155000, 0.3979725000, 0.5181899000)
(0.7589908000, 0.4077744000, 0.5075675000)
(0.7583522000, 0.4053923000, 0.5104405000)
(0.7609301000, 0.3996191000, 0.5111462000)
(0.7613291000, 0.4031719000, 0.5077509000)
(0.7599153000, 0.4079283000, 0.5060704000)
(0.7609395000, 0.4077774000, 0.5046412000)
(0.7618171000, 0.4027800000, 0.5073460000)
(0.7618254000, 0.4047998000, 0.5057074000)
(0.7623650000, 0.4075412000, 0.5026731000)
(0.7652425000, 0.4013738000, 0.5032806000)
(0.7652410000, 0.4011432000, 0.5034757000)
(0.7652144000, 0.4030910000, 0.5019334000)
(0.7647712000, 0.4036463000, 0.5021850000)
(0.7632928000, 0.4057996000, 0.5026800000)
(0.7616298000, 0.4065413000, 0.5045949000)
(0.7599015000, 0.4044881000, 0.5088390000)
(0.7618487000, 0.4077564000, 0.5032865000)
(0.7611579000, 0.4062013000, 0.5056036000)
(0.7657745000, 0.4015847000, 0.5022897000)
(0.7659039000, 0.3981536000, 0.5048382000)
(0.7667478000, 0.3975161000, 0.5040429000)
(0.7658882000, 0.3976826000, 0.5052209000)
(0.7684819000, 0.3932032000, 0.5048008000)
(0.7684207000, 0.3932875000, 0.5048093000)
(0.7686647000, 0.3916814000, 0.5057009000)
(0.7649544000, 0.3930080000, 0.5102704000)
(0.7671078000, 0.3908438000, 0.5087038000)
(0.7685464000, 0.3912373000, 0.5062284000)
(0.7679892000, 0.3882788000, 0.5093382000)
(0.7677676000, 0.3895954000, 0.5086724000)
(0.7675810000, 0.3900304000, 0.5086210000)
(0.7668488000, 0.3921927000, 0.5080513000)
(0.7672559000, 0.3918057000, 0.5077223000)
(0.7686462000, 0.3902757000, 0.5068148000)
(0.7711228000, 0.3903050000, 0.5030144000)
(0.7728097000, 0.3879521000, 0.5022354000)
(0.7691903000, 0.3909123000, 0.5055001000)
(0.7710501000, 0.3877040000, 0.5051152000)
(0.7712865000, 0.3877507000, 0.5047327000)
(0.7716700000, 0.3872987000, 0.5044981000)
(0.7743431000, 0.3867245000, 0.5008363000)
(0.7741475000, 0.3867152000, 0.5011175000)
(0.7806518000, 0.3847148000, 0.4925037000)
(0.7734776000, 0.3799403000, 0.5073093000)
(0.7776581000, 0.3734171000, 0.5057665000)
(0.7677609000, 0.3885832000, 0.5094347000)
(0.7769663000, 0.3700774000, 0.5092585000)
(0.7769334000, 0.3734790000, 0.5068140000)
(0.7756951000, 0.3719482000, 0.5098522000)
(0.7772880000, 0.3718980000, 0.5074590000)
(0.7744300000, 0.3639428000, 0.5174690000)
(0.7785360000, 0.3525178000, 0.5192228000)
(0.7764742000, 0.3572893000, 0.5190423000)
(0.7749813000, 0.3559886000, 0.5221612000)
(0.7720587000, 0.3549454000, 0.5271736000)
(0.7731627000, 0.3472943000, 0.5306455000)
(0.7718965000, 0.3373660000, 0.5388467000)
(0.7756857000, 0.3368342000, 0.5337103000)
(0.7730390000, 0.3237300000, 0.5455131000)
(0.7714027000, 0.3272010000, 0.5457793000)
(0.7769656000, 0.3026355000, 0.5520037000)
(0.7689611000, 0.3112203000, 0.5583997000)
(0.7724040000, 0.2566809000, 0.5809448000)
(0.7486978000, 0.2332182000, 0.6205130000)
(0.8457680000, -0.0016830440, 0.5335245000)
(0.8685766000, 0.0057622810, 0.4954870000)
(0.8167704000, 0.1107887000, 0.5661975000)
(0.7697436000, 0.1996690000, 0.6063092000)
(0.7612178000, 0.2730448000, 0.5881937000)
(0.7171388000, 0.2136287000, 0.6633636000)
(0.7613356000, 0.3691683000, 0.5329822000)
(0.7640813000, 0.3572183000, 0.5371908000)
(0.7699196000, 0.3387707000, 0.5407771000)
(0.7475356000, 0.3569626000, 0.5601420000)
(0.7455608000, 0.3611073000, 0.5601063000)
(0.7645293000, 0.3761084000, 0.5234693000)
(0.7645958000, 0.3717515000, 0.5264754000)
(0.7642051000, 0.3664743000, 0.5307152000)
(0.7642390000, 0.3784390000, 0.5222117000)
(0.7630745000, 0.3790493000, 0.5234736000)
(0.7579356000, 0.3666295000, 0.5395364000)
(0.7599186000, 0.3683611000, 0.5355650000)
(0.7605143000, 0.3678302000, 0.5350740000)
(0.7616749000, 0.3664958000, 0.5343512000)
(0.7605200000, 0.3677070000, 0.5351644000)
(0.7573157000, 0.3722398000, 0.5365719000)
(0.7531660000, 0.3739003000, 0.5412146000)
(0.7533591000, 0.3729181000, 0.5416386000)
(0.7512551000, 0.3437590000, 0.5634198000)
(0.0000000000, 0.0000000000, 0.0000000000)
(0.0000000000, 0.0000000000, 0.0000000000)
(0.0000000000, 0.0000000000, 0.0000000000)
(0.0000000000, 0.0000000000, 0.0000000000)
(0.0000000000, 0.0000000000, 0.0000000000)
(0.0000000000, 0.0000000000, 0.0000000000)
(0.0000000000, 0.0000000000, 0.0000000000)
(0.0000000000, 0.0000000000, 0.0000000000)
(0.0000000000, 0.0000000000, 0.0000000000)
(0.0000000000, 0.0000000000, 0.0000000000)
(0.0000000000, 0.0000000000, 0.0000000000)
(0.0000000000, 0.0000000000, 0.0000000000)
(0.0000000000, 0.0000000000, 0.0000000000)
(0.0000000000, 0.0000000000, 0.0000000000)
(0.0000000000, 0.0000000000, 0.0000000000)
(0.0000000000, 0.0000000000, 0.0000000000)
(0.0000000000, 0.0000000000, 0.0000000000)
(0.0000000000, 0.0000000000, 0.0000000000)
(0.7732376000, 0.3545171000, 0.5257423000)
(0.7715064000, 0.3589045000, 0.5253177000)
(0.7752878000, 0.3575075000, 0.5206650000)
(0.7750165000, 0.3560981000, 0.5220558000)
(0.7774054000, 0.3518269000, 0.5213717000)
(0.7790298000, 0.3404203000, 0.5265129000)
(0.7763373000, 0.3496843000, 0.5244147000)
(0.7779019000, 0.3517997000, 0.5206670000)
(0.7744538000, 0.3497734000, 0.5271133000)
(0.7727498000, 0.3524094000, 0.5278681000)
(0.7831880000, 0.3490002000, 0.5145770000)
(0.7746341000, 0.3510185000, 0.5260217000)
(0.7740270000, 0.3559476000, 0.5236123000)
(0.7769204000, 0.3502331000, 0.5231871000)
(0.7760321000, 0.3624441000, 0.5161415000)
(0.7777266000, 0.3671658000, 0.5102038000)
(0.7771608000, 0.3672279000, 0.5110186000)
(0.7762375000, 0.3565547000, 0.5199012000)
(0.7782661000, 0.3520399000, 0.5199708000)
(0.7771843000, 0.3557292000, 0.5190753000)
(0.7770878000, 0.3532979000, 0.5208643000)
(0.7810320000, 0.3531195000, 0.5150544000)
(0.7824793000, 0.3584364000, 0.5091628000)
(0.7866238000, 0.3575059000, 0.5033739000)
(0.7853527000, 0.3558040000, 0.5065580000)
(0.7853281000, 0.3630908000, 0.5014126000)
(0.7845635000, 0.3727242000, 0.4955170000)
(0.7860344000, 0.3720385000, 0.4936916000)
(0.7826182000, 0.3763407000, 0.4958580000)
(0.7838013000, 0.3731481000, 0.4963795000)
(0.7846634000, 0.3795653000, 0.4901325000)
(0.7822545000, 0.3851108000, 0.4896572000)
(0.7705313000, 0.3592989000, 0.5264722000)
(0.7596238000, 0.3523058000, 0.5466468000)
(0.7583024000, 0.3507504000, 0.5494766000)
(0.7618586000, 0.3572922000, 0.5402874000)
(0.7685003000, 0.3435222000, 0.5398067000)
(0.7670009000, 0.3430983000, 0.5421967000)
(0.7657513000, 0.3389866000, 0.5465402000)
(0.7648863000, 0.3307294000, 0.5527795000)
(0.7664313000, 0.3306756000, 0.5506577000)
(0.7688372000, 0.3346636000, 0.5448514000)
(0.7666188000, 0.3354915000, 0.5474792000)
(0.7665929000, 0.3398446000, 0.5448121000)
(0.7684517000, 0.3321800000, 0.5469273000)
(0.7693546000, 0.3365487000, 0.5429675000)
(0.7668439000, 0.3387050000, 0.5451638000)
(0.7703550000, 0.3334268000, 0.5434650000)
(0.7765543000, 0.3409021000, 0.5298308000)
(0.7812873000, 0.3203129000, 0.5357056000)
(0.7828842000, 0.3047779000, 0.5423793000)
(0.7760095000, 0.3177531000, 0.5448074000)
(0.7777383000, 0.3138752000, 0.5445936000)
(0.7790924000, 0.3091074000, 0.5453953000)
(0.7735995000, 0.3113191000, 0.5519141000)
(0.7871804000, 0.3053509000, 0.5358196000)
(0.7867120000, 0.3248884000, 0.5249074000)
(0.7768171000, 0.3164549000, 0.5444320000)
(0.7744747000, 0.3137803000, 0.5492766000)
(0.7725946000, 0.3147625000, 0.5513598000)
(0.7717929000, 0.3133101000, 0.5533035000)
(0.7720429000, 0.3091555000, 0.5553104000)
(0.7595730000, 0.3178219000, 0.5674798000)
(0.7599733000, 0.3132969000, 0.5694435000)
(0.7609491000, 0.3115946000, 0.5690894000)
(0.7590678000, 0.3168902000, 0.5686555000)
(0.7591696000, 0.3172003000, 0.5683454000)
(0.7590411000, 0.3151672000, 0.5696532000)
(0.7594689000, 0.3139188000, 0.5697752000)
(0.7607744000, 0.3175094000, 0.5660313000)
(0.7608416000, 0.3156234000, 0.5669859000)
(0.7647933000, 0.3113539000, 0.5640273000)
(0.7658451000, 0.3134818000, 0.5614215000)
(0.7767835000, 0.2981580000, 0.5547116000)
(0.7816376000, 0.2857111000, 0.5544271000)
(0.7813462000, 0.2838529000, 0.5558065000)
(0.7804533000, 0.2944946000, 0.5514839000)
(0.7761410000, 0.3046946000, 0.5520362000)
(0.7769672000, 0.3055025000, 0.5504422000)
(0.7761264000, 0.3064077000, 0.5511163000)
(0.7768617000, 0.3040349000, 0.5514041000)
(0.7750732000, 0.3033924000, 0.5542631000)
(0.7773163000, 0.3006753000, 0.5525839000)
(0.7779658000, 0.2886005000, 0.5580963000)
(0.7791546000, 0.2883203000, 0.5565685000)
(0.7814310000, 0.2873466000, 0.5538750000)
(0.7823338000, 0.2838136000, 0.5544289000)
(0.7758150000, 0.3058305000, 0.5518811000)
(0.7623435000, 0.3097780000, 0.5682124000)
(0.7680804000, 0.3041791000, 0.5634918000)
(0.7673047000, 0.3065183000, 0.5632631000)
(0.7654451000, 0.3088430000, 0.5645254000)
(0.7680744000, 0.3059249000, 0.5625517000)
(0.7664466000, 0.2983524000, 0.5687946000)
(0.7667634000, 0.3009660000, 0.5669919000)
(0.7653779000, 0.3041944000, 0.5671487000)
(0.7658102000, 0.3021919000, 0.5676275000)
(0.7644728000, 0.3024901000, 0.5692573000)
(0.7685567000, 0.3081610000, 0.5606599000)
(0.7680688000, 0.2972234000, 0.5671881000)
(0.7644079000, 0.2981391000, 0.5716427000)
(0.7631310000, 0.2953520000, 0.5747993000)
(0.7634829000, 0.3001146000, 0.5718548000)
(0.7631724000, 0.2938272000, 0.5755216000)
(0.7647567000, 0.2898291000, 0.5754380000)
(0.7662991000, 0.2914331000, 0.5725580000)
(0.7670581000, 0.2932340000, 0.5706245000)
(0.7847198000, 0.3041397000, 0.5400834000)
(0.7853338000, 0.3133947000, 0.5338612000)
(0.7839518000, 0.3132904000, 0.5359725000)
(0.7877730000, 0.2998012000, 0.5380630000)
(0.7862741000, 0.2968749000, 0.5418811000)
(0.7857212000, 0.2962292000, 0.5430140000)
(0.7846484000, 0.2958288000, 0.5447892000)
(0.7840914000, 0.2954420000, 0.5458020000)
(0.7842774000, 0.2937533000, 0.5464514000)
(0.7884312000, 0.3260254000, 0.5216125000)
(0.7851181000, 0.3333515000, 0.5219803000)
(0.7846811000, 0.3330445000, 0.5228103000)
(0.7876841000, 0.3425207000, 0.5120757000)
(0.7884606000, 0.3437668000, 0.5100418000)
(0.7840192000, 0.3561731000, 0.5083718000)
(0.7835118000, 0.3729747000, 0.4969648000)
(0.7850983000, 0.3760340000, 0.4921505000)
(0.7873147000, 0.3788942000, 0.4863609000)
(0.7931154000, 0.3637668000, 0.4885059000)
(0.7915849000, 0.3878280000, 0.4721996000)
(0.7902921000, 0.3881634000, 0.4740913000)
(0.7913948000, 0.3884708000, 0.4719695000)
(0.7902285000, 0.3911213000, 0.4717537000)
(0.7890907000, 0.3884844000, 0.4758000000)
(0.7907197000, 0.3867589000, 0.4745221000)
(0.7966307000, 0.3766791000, 0.4727193000)
(0.7952107000, 0.3754083000, 0.4761263000)
(0.7918606000, 0.3772904000, 0.4801970000)
(0.7948956000, 0.3765747000, 0.4757301000)
(0.7894967000, 0.3712070000, 0.4887587000)
(0.7874372000, 0.3747856000, 0.4893399000)
(0.7892355000, 0.3765957000, 0.4850535000)
(0.7885446000, 0.3759123000, 0.4866850000)
(0.7847180000, 0.3759362000, 0.4928281000)
(0.7803735000, 0.3812293000, 0.4956358000)
(0.7761924000, 0.3812604000, 0.5021560000)
(0.7742939000, 0.3778899000, 0.5075977000)
(0.7761824000, 0.3809314000, 0.5024140000)
(0.7772349000, 0.3752377000, 0.5050581000)
(0.7751689000, 0.3803822000, 0.5043989000)
(0.7759185000, 0.3790217000, 0.5042473000)
(0.7782704000, 0.3758983000, 0.5029579000)
(0.7793704000, 0.3744733000, 0.5023301000)
(0.7782966000, 0.3718576000, 0.5059155000)
(0.7767915000, 0.3766742000, 0.5046662000)
(0.7767310000, 0.3776627000, 0.5040282000)
(0.7767364000, 0.3780442000, 0.5037342000)
(0.7760718000, 0.3790025000, 0.5040452000)
(0.7770353000, 0.3783386000, 0.5030436000)
(0.7746524000, 0.3790973000, 0.5061391000)
(0.7713541000, 0.3822721000, 0.5087989000)
(0.7717298000, 0.3788958000, 0.5107391000)
(0.7766061000, 0.3669361000, 0.5120861000)
(0.7771540000, 0.3556360000, 0.5191746000)
(0.7839949000, 0.3468107000, 0.5148377000)
(0.7864965000, 0.3488858000, 0.5096057000)
(0.7858227000, 0.3474468000, 0.5116177000)
(0.7838985000, 0.3466190000, 0.5151021000)
(0.7824072000, 0.3475800000, 0.5167247000)
(0.7835764000, 0.3455893000, 0.5163081000)
(0.7857557000, 0.3395253000, 0.5170181000)
(0.7866427000, 0.3381712000, 0.5165535000)
(0.7863047000, 0.3370166000, 0.5178270000)
(0.7866481000, 0.3354611000, 0.5183101000)
(0.7867000000, 0.3345185000, 0.5188332000)
(0.7811134000, 0.3436372000, 0.5212944000)
(0.7699093000, 0.3430536000, 0.5380843000)
(0.7681429000, 0.3424055000, 0.5410270000)
(0.7662501000, 0.3429129000, 0.5433690000)
(0.7647349000, 0.3385936000, 0.5481920000)
(0.7681263000, 0.3419150000, 0.5413475000)
(0.7688781000, 0.3425910000, 0.5398607000)
(0.7670109000, 0.3426284000, 0.5424863000)
(0.7676784000, 0.3379842000, 0.5444469000)
(0.7698318000, 0.3296511000, 0.5464987000)
(0.7729484000, 0.3281213000, 0.5430152000)
(0.7730383000, 0.3282831000, 0.5427873000)
(0.7728617000, 0.3289452000, 0.5426498000)
(0.7730519000, 0.3301779000, 0.5416261000)
(0.7727405000, 0.3311839000, 0.5414453000)
(0.7710574000, 0.3344053000, 0.5418680000)
(0.7688291000, 0.3309388000, 0.5471333000)
(0.7691654000, 0.3332943000, 0.5452284000)
(0.7736193000, 0.3237477000, 0.5446842000)
(0.7807096000, 0.3135154000, 0.5405304000)
(0.7838433000, 0.3044941000, 0.5411733000)
(0.7825220000, 0.3063308000, 0.5420306000)
(0.7836406000, 0.3093354000, 0.5386935000)
(0.7833918000, 0.3126333000, 0.5371683000)
(0.7841784000, 0.3139010000, 0.5352800000)
(0.7842236000, 0.3216676000, 0.5305808000)
(0.7825052000, 0.3270764000, 0.5297906000)
(0.7833800000, 0.3265133000, 0.5288498000)
(0.7832571000, 0.3280832000, 0.5280567000)
(0.7842891000, 0.3271111000, 0.5271285000)
(0.7828609000, 0.3184741000, 0.5345101000)
(0.7785853000, 0.3165471000, 0.5418454000)
(0.7757403000, 0.3154637000, 0.5465234000)
(0.7722567000, 0.3091156000, 0.5550304000)
(0.7516112000, 0.3071985000, 0.5836789000)
(0.7635435000, 0.2965168000, 0.5736400000)
(0.7504274000, 0.3014845000, 0.5881860000)
(0.7639773000, 0.2925632000, 0.5750999000)
(0.7723600000, 0.2973718000, 0.5612530000)
(0.7709230000, 0.2919565000, 0.5660652000)
(0.7690907000, 0.2893603000, 0.5698760000)
(0.7692981000, 0.2896814000, 0.5694391000)
(0.7695501000, 0.2895502000, 0.5691606000)
(0.7689651000, 0.2899470000, 0.5697362000)
(0.7698990000, 0.2884659000, 0.5692360000)
(0.7683754000, 0.2834522000, 0.5738035000)
(0.7730960000, 0.2835816000, 0.5673619000)
(0.7708462000, 0.2847700000, 0.5698214000)
(0.7686574000, 0.2877350000, 0.5712646000)
(0.7687860000, 0.2888317000, 0.5705592000)
(0.7694354000, 0.2860856000, 0.5710703000)
(0.7697541000, 0.2849679000, 0.5711942000)
(0.7686497000, 0.2764685000, 0.5768236000)
(0.7691033000, 0.2755383000, 0.5766499000)
(0.7674518000, 0.2782153000, 0.5775717000)
(0.7673840000, 0.2784201000, 0.5775603000)
(0.7673520000, 0.2781407000, 0.5777560000)
(0.7671223000, 0.2780751000, 0.5780918000)
(0.7671370000, 0.2781743000, 0.5780197000)
(0.7668608000, 0.2777825000, 0.5785732000)
(0.7662284000, 0.2790771000, 0.5787925000)
(0.7662756000, 0.2816204000, 0.5774847000)
(0.7671369000, 0.2836381000, 0.5753483000)
(0.7671576000, 0.2833461000, 0.5754738000)
(0.7673069000, 0.2813944000, 0.5762298000)
(0.7669626000, 0.2823612000, 0.5762120000)
(0.7668743000, 0.2815554000, 0.5767180000)
(0.7656554000, 0.2767842000, 0.5806401000)
(0.7657519000, 0.2783927000, 0.5797427000)
(0.7696529000, 0.2741883000, 0.5765801000)
(0.7777359000, 0.2872169000, 0.5591238000)
(0.7805958000, 0.2944786000, 0.5513002000)
(0.7808204000, 0.2872800000, 0.5547842000)
(0.7786517000, 0.2834292000, 0.5597733000)
(0.7771419000, 0.2863572000, 0.5603889000)
(0.7712643000, 0.2843592000, 0.5694482000)
(0.7750781000, 0.2825294000, 0.5651682000)
(0.7762913000, 0.2774203000, 0.5660301000)
(0.7780142000, 0.2778663000, 0.5634337000)
(0.7747995000, 0.2814802000, 0.5660655000)
(0.7779526000, 0.2973337000, 0.5535034000)
(0.7745441000, 0.3138406000, 0.5491425000)
(0.7716364000, 0.3186560000, 0.5504680000)
(0.7702489000, 0.3183097000, 0.5526045000)
(0.7726039000, 0.3149754000, 0.5512455000)
(0.7711864000, 0.3144423000, 0.5535223000)
(0.7719563000, 0.3152978000, 0.5519486000)
(0.7696181000, 0.3166354000, 0.5544481000)
(0.7695504000, 0.3109974000, 0.5577129000)
(0.7690111000, 0.3111793000, 0.5583690000)
(0.7695956000, 0.3089781000, 0.5587817000)
(0.7695016000, 0.3048523000, 0.5611867000)
(0.7705187000, 0.3049909000, 0.5597045000)
(0.7697004000, 0.3031742000, 0.5618072000)
(0.7687077000, 0.3055477000, 0.5618868000)
(0.7693567000, 0.3067295000, 0.5603551000)
(0.7656852000, 0.3067299000, 0.5653560000)
(0.7630102000, 0.3044886000, 0.5701542000)
(0.7664442000, 0.3032621000, 0.5661842000)
(0.7638282000, 0.3063134000, 0.5680872000)
(0.7649605000, 0.3030169000, 0.5683308000)
(0.7644708000, 0.3025436000, 0.5692283000)
(0.7636062000, 0.3015472000, 0.5709285000)
(0.7633445000, 0.3009611000, 0.5715836000)
(0.7630264000, 0.3023617000, 0.5712793000)
(0.7631547000, 0.3011791000, 0.5717211000)
(0.7638703000, 0.3017289000, 0.5704709000)
(0.7638033000, 0.3013460000, 0.5707579000)
(0.7635567000, 0.2986143000, 0.5725351000)
(0.7638270000, 0.2960507000, 0.5735139000)
(0.7641284000, 0.2957508000, 0.5732502000)
(0.7642551000, 0.2918468000, 0.5750901000)
(0.7640423000, 0.2897867000, 0.5763974000)
(0.7622684000, 0.2883742000, 0.5794635000)
(0.7634204000, 0.2806303000, 0.5817496000)
(0.7715576000, 0.2763505000, 0.5729927000)
(0.7721478000, 0.2765565000, 0.5720840000)
(0.7719874000, 0.2761662000, 0.5724933000)
(0.7721409000, 0.2753647000, 0.5726826000)
(0.7719885000, 0.2755865000, 0.5727768000)
(0.7722251000, 0.2760038000, 0.5722510000)
(0.7721760000, 0.2752745000, 0.5726581000)
(0.7721567000, 0.2782595000, 0.5712424000)
(0.7719871000, 0.2771477000, 0.5720317000)
(0.7719702000, 0.2766767000, 0.5722653000)
(0.7718303000, 0.2780666000, 0.5717780000)
(0.7716861000, 0.2778327000, 0.5720916000)
(0.7687037000, 0.2751347000, 0.5773854000)
(0.7617283000, 0.2791083000, 0.5846725000)
(0.7625025000, 0.2766846000, 0.5848286000)
(0.7621030000, 0.2734403000, 0.5868675000)
(0.7652531000, 0.2722234000, 0.5833323000)
(0.7646467000, 0.2738691000, 0.5833492000)
(0.7614820000, 0.2741699000, 0.5873381000)
(0.7619671000, 0.2752925000, 0.5861806000)
(0.7605301000, 0.2782064000, 0.5866660000)
(0.7590428000, 0.2805912000, 0.5874509000)
(0.7579330000, 0.2796851000, 0.5893151000)
(0.7589434000, 0.2794377000, 0.5881400000)
(0.7585643000, 0.2796166000, 0.5885301000)
(0.7580873000, 0.2801656000, 0.5888803000)
(0.7583832000, 0.2808998000, 0.5881640000)
(0.7574021000, 0.2797758000, 0.5899537000)
(0.7575595000, 0.2802047000, 0.5895508000)
(0.7579177000, 0.2804348000, 0.5889735000)
(0.7588189000, 0.2798878000, 0.5880707000)
(0.7579991000, 0.2830813000, 0.5876212000)
(0.7562977000, 0.2814888000, 0.5905582000)
(0.7666518000, 0.2783318000, 0.5785930000)
(0.7695291000, 0.2730264000, 0.5773039000)
(0.7737473000, 0.2864579000, 0.5650262000)
(0.7709729000, 0.2881803000, 0.5679343000)
(0.7705172000, 0.2879266000, 0.5686742000)
(0.7723397000, 0.2878943000, 0.5661961000)
(0.7707025000, 0.2896683000, 0.5675198000)
(0.7705546000, 0.2868088000, 0.5691774000)
(0.7730033000, 0.2850209000, 0.5667477000)
(0.7735316000, 0.2887950000, 0.5641213000)
(0.7779266000, 0.2880116000, 0.5584509000)
(0.7752918000, 0.2813960000, 0.5654299000)
(0.7755257000, 0.2828304000, 0.5643944000)
(0.7753496000, 0.2867339000, 0.5626847000)
(0.7757465000, 0.2897329000, 0.5605875000)
(0.7758090000, 0.2888098000, 0.5609708000)
(0.7760263000, 0.2895774000, 0.5602800000)
(0.7762256000, 0.2921632000, 0.5586441000)
(0.7745818000, 0.2907645000, 0.5616508000)
(0.7742665000, 0.2917988000, 0.5615514000)
(0.7748383000, 0.2932209000, 0.5600165000)
(0.7753772000, 0.2941210000, 0.5588136000)
(0.7754010000, 0.2950940000, 0.5582500000)
(0.7732591000, 0.2938072000, 0.5619102000)
(0.7638913000, 0.2997437000, 0.5714998000)
(0.7597871000, 0.3004900000, 0.5765569000)
(0.7637255000, 0.2942927000, 0.5745450000)
(0.7597341000, 0.2974774000, 0.5781715000)
(0.7610485000, 0.2945988000, 0.5779332000)
(0.7609512000, 0.2927546000, 0.5789815000)
(0.7635779000, 0.2945824000, 0.5746024000)
(0.7632929000, 0.2947992000, 0.5748632000)
(0.7629665000, 0.2948356000, 0.5752778000)
(0.7628187000, 0.2902751000, 0.5777819000)
(0.7625833000, 0.2928497000, 0.5767949000)
(0.7633780000, 0.2932145000, 0.5755455000)
(0.7642719000, 0.2949405000, 0.5734711000)
(0.7643450000, 0.2962649000, 0.5727081000)
(0.7642048000, 0.2952051000, 0.5734295000)
(0.7631648000, 0.2924028000, 0.5762441000)
(0.7627358000, 0.2919781000, 0.5770255000)
(0.7620876000, 0.2893911000, 0.5791942000)
(0.7599113000, 0.2889140000, 0.5822790000)
(0.7606639000, 0.2845078000, 0.5834705000)
(0.7690461000, 0.2822199000, 0.5734978000)
(0.7677392000, 0.2853231000, 0.5737159000)
(0.7704335000, 0.2815340000, 0.5719690000)
(0.7675885000, 0.2813743000, 0.5758533000)
(0.7662174000, 0.2789818000, 0.5788491000)
(0.7666022000, 0.2802044000, 0.5777522000)
(0.7690173000, 0.2794763000, 0.5748742000)
(0.7669331000, 0.2676335000, 0.5832456000)
(0.7669917000, 0.2711463000, 0.5815393000)
(0.7682265000, 0.2703390000, 0.5802735000)
(0.7671816000, 0.2733589000, 0.5802447000)
(0.7678232000, 0.2727836000, 0.5796612000)
(0.7674482000, 0.2711608000, 0.5809285000)
(0.7670020000, 0.2702242000, 0.5819419000)
(0.7670314000, 0.2698039000, 0.5821159000)
(0.7670927000, 0.2678013000, 0.5829434000)
(0.7671778000, 0.2692336000, 0.5821808000)
(0.7672589000, 0.2703829000, 0.5815510000)
(0.7672225000, 0.2694810000, 0.5820105000)
(0.7690369000, 0.2776890000, 0.5757253000)
(0.7683949000, 0.2803434000, 0.5752918000)
(0.7679411000, 0.2792940000, 0.5764088000)
(0.7685678000, 0.2805428000, 0.5749601000)
(0.7687007000, 0.2788846000, 0.5755867000)
(0.7663234000, 0.2756182000, 0.5803156000)
(0.7659286000, 0.2719592000, 0.5825520000)
(0.7668973000, 0.2676402000, 0.5832866000)
(0.7661309000, 0.2712222000, 0.5826463000)
(0.7653948000, 0.2743545000, 0.5821344000)
(0.7651337000, 0.2729979000, 0.5831232000)
(0.7644733000, 0.2733724000, 0.5837977000)
(0.7649304000, 0.2728293000, 0.5834489000)
(0.7649662000, 0.2726747000, 0.5834824000)
(0.7651971000, 0.2722494000, 0.5833769000)
(0.7645405000, 0.2741978000, 0.5833300000)
(0.7650972000, 0.2734973000, 0.5829174000)
(0.7659234000, 0.2735665000, 0.5818197000)
(0.7658738000, 0.2744336000, 0.5814713000)
(0.7663217000, 0.2741508000, 0.5810114000)
(0.7668567000, 0.2735153000, 0.5806168000)
(0.7664828000, 0.2780692000, 0.5789443000)
(0.7671314000, 0.2773963000, 0.5783842000)
(0.7677584000, 0.2757305000, 0.5783671000)
(0.7677153000, 0.2791972000, 0.5767519000)
(0.7680386000, 0.2802704000, 0.5758063000)
(0.7681841000, 0.2821413000, 0.5746900000)
(0.7688896000, 0.3001049000, 0.5645618000)
(0.7691091000, 0.2993103000, 0.5646935000)
(0.7686310000, 0.3019308000, 0.5639290000)
(0.7685453000, 0.3022336000, 0.5638843000)
(0.7681560000, 0.3035174000, 0.5637282000)
(0.7689302000, 0.3040567000, 0.5624010000)
(0.7632927000, 0.2868247000, 0.5788870000)
(0.7633666000, 0.2757395000, 0.5841399000)
(0.7623998000, 0.2758819000, 0.5853287000)
(0.7604803000, 0.2740350000, 0.5886908000)
(0.7615185000, 0.2659982000, 0.5910309000)
(0.7598516000, 0.2664345000, 0.5929815000)
(0.7585087000, 0.2698522000, 0.5931545000)
(0.7580087000, 0.2675860000, 0.5948222000)
(0.7621440000, 0.2729028000, 0.5870634000)
(0.7607270000, 0.2727239000, 0.5889833000)
(0.7607762000, 0.2722848000, 0.5891221000)
(0.7615121000, 0.2713097000, 0.5886153000)
(0.7591650000, 0.2744875000, 0.5901729000)
(0.7577025000, 0.2763762000, 0.5911842000)
(0.7612252000, 0.2703238000, 0.5894457000)
(0.7623980000, 0.2716863000, 0.5872871000)
(0.7618061000, 0.2715585000, 0.5881301000)
(0.7614021000, 0.2718972000, 0.5885027000)
(0.7616387000, 0.2715866000, 0.5883403000)
(0.7615669000, 0.2734188000, 0.5875616000)
(0.7618313000, 0.2741629000, 0.5868810000)
(0.7610269000, 0.2726117000, 0.5886427000)
(0.7606518000, 0.2713293000, 0.5897109000)
(0.7607782000, 0.2701101000, 0.5901140000)
(0.7609526000, 0.2678363000, 0.5909175000)
(0.7612974000, 0.2667062000, 0.5910063000)
(0.7611856000, 0.2669137000, 0.5910570000)
(0.7609472000, 0.2629128000, 0.5931351000)
(0.7627439000, 0.2578025000, 0.5930688000)
(0.7581882000, 0.2578764000, 0.5988622000)
(0.7604910000, 0.2552499000, 0.5970669000)
(0.7601628000, 0.2564694000, 0.5969644000)
(0.7603202000, 0.2561057000, 0.5969242000)
(0.7595615000, 0.2560797000, 0.5978803000)
(0.7591546000, 0.2562831000, 0.5983292000)
(0.7554855000, 0.2589585000, 0.6018093000)
(0.7539216000, 0.2601411000, 0.6032454000)
(0.7545756000, 0.2562075000, 0.6041057000)
(0.7554257000, 0.2564874000, 0.6029403000)
(0.7570199000, 0.2596537000, 0.5995736000)
(0.7565427000, 0.2574009000, 0.6011349000)
(0.7562452000, 0.2598416000, 0.6004545000)
(0.7556077000, 0.2619148000, 0.6003695000)
(0.7553973000, 0.2619848000, 0.6005985000)
(0.7550210000, 0.2624198000, 0.6008865000)
(0.7543650000, 0.2634646000, 0.6012563000)
(0.7542723000, 0.2637234000, 0.6012602000)
(0.7541587000, 0.2653194000, 0.6006892000)
(0.7579113000, 0.2895386000, 0.5845801000)
(0.7550362000, 0.2916690000, 0.5872291000)
(0.7564400000, 0.2899863000, 0.5862528000)
(0.7521754000, 0.2975386000, 0.5879628000)
(0.7540565000, 0.2947389000, 0.5869407000)
(0.7552454000, 0.2937332000, 0.5859139000)
(0.7483473000, 0.2980550000, 0.5925608000)
(0.7524079000, 0.2938690000, 0.5894991000)
(0.7552008000, 0.2509193000, 0.6055607000)
(0.7615600000, 0.2740904000, 0.5872754000)
(0.7638358000, 0.2808475000, 0.5810943000)
(0.7595046000, 0.2738295000, 0.5900375000)
(0.7545657000, 0.2871628000, 0.5900370000)
(0.7504758000, 0.2971890000, 0.5903057000)
(0.7533118000, 0.3076687000, 0.5812358000)
(0.7498766000, 0.2991254000, 0.5900721000)
(0.7546346000, 0.3137090000, 0.5762694000)
(0.7501889000, 0.3071314000, 0.5855569000)
(0.7560146000, 0.3105921000, 0.5761480000)
(0.7543069000, 0.3057317000, 0.5809733000)
(0.7528943000, 0.3071270000, 0.5820680000)
(0.7596849000, 0.3183876000, 0.5669944000)
(0.7581428000, 0.3129450000, 0.5720662000)
(0.7619206000, 0.3192645000, 0.5635056000)
(0.7581041000, 0.3104731000, 0.5734767000)
(0.7580085000, 0.3116226000, 0.5729633000)
(0.7581820000, 0.3120402000, 0.5725025000)
(0.7554545000, 0.3133622000, 0.5753927000)
(0.7563926000, 0.3135624000, 0.5740514000)
(0.7551927000, 0.3128550000, 0.5760104000)
(0.7571222000, 0.3113772000, 0.5742671000)
(0.7571016000, 0.3109951000, 0.5745074000)
(0.7569788000, 0.3107238000, 0.5748254000)
(0.7558298000, 0.3070765000, 0.5782905000)
(0.7557999000, 0.3068274000, 0.5784525000)
(0.7565461000, 0.3014134000, 0.5803192000)
(0.7679061000, 0.2937826000, 0.5692112000)
(0.7655148000, 0.2959050000, 0.5713125000)
(0.7681942000, 0.2940423000, 0.5686758000)
(0.7673702000, 0.2927307000, 0.5704693000)
(0.7658986000, 0.2936952000, 0.5719437000)
(0.7671563000, 0.2924964000, 0.5708758000)
(0.7670102000, 0.2942279000, 0.5701911000)
(0.7663065000, 0.2950735000, 0.5706844000)
(0.7663645000, 0.2945384000, 0.5709040000)
(0.7676063000, 0.2985718000, 0.5671260000)
(0.7683842000, 0.2969327000, 0.5669164000)
(0.7680787000, 0.3024490000, 0.5644197000)
(0.7697266000, 0.3006785000, 0.5631108000)
(0.7706112000, 0.2959473000, 0.5644045000)
(0.7683094000, 0.2953303000, 0.5678618000)
(0.7659590000, 0.3040453000, 0.5664228000)
(0.7662280000, 0.3025859000, 0.5668406000)
(0.7655394000, 0.3012741000, 0.5684718000)
(0.7654625000, 0.2960300000, 0.5713166000)
(0.7662575000, 0.2975603000, 0.5694680000)
(0.7660444000, 0.2982011000, 0.5694053000)
(0.7663464000, 0.2976504000, 0.5692860000)
(0.7650263000, 0.2956677000, 0.5720885000)
(0.7687542000, 0.2892055000, 0.5704023000)
(0.7659817000, 0.2922539000, 0.5725737000)
(0.7654253000, 0.2940820000, 0.5723969000)
(0.7649903000, 0.2941326000, 0.5729412000)
(0.7645627000, 0.2930124000, 0.5740770000)
(0.7642871000, 0.2929825000, 0.5744705000)
(0.7646391000, 0.2947975000, 0.5730631000)
(0.7662702000, 0.2953470000, 0.5705941000)
(0.7624932000, 0.2985054000, 0.5740126000)
(0.7683085000, 0.2976154000, 0.5666566000)
(0.7744358000, 0.3009976000, 0.5564591000)
(0.7753716000, 0.3039863000, 0.5535102000)
(0.7750856000, 0.3042536000, 0.5537565000)
(0.7749940000, 0.3069846000, 0.5523956000)
(0.7747774000, 0.3073689000, 0.5524795000)
(0.7752936000, 0.3054755000, 0.5527980000)
(0.7761602000, 0.3011714000, 0.5539447000)
(0.7760819000, 0.3028874000, 0.5531123000)
(0.7757562000, 0.3029006000, 0.5535761000)
(0.7754174000, 0.3024119000, 0.5543011000)
(0.7719963000, 0.3042067000, 0.5580876000)
(0.7654069000, 0.3020811000, 0.5682167000)
(0.7619230000, 0.3038289000, 0.5719728000)
(0.7578921000, 0.3090009000, 0.5745350000)
(0.7595614000, 0.3151413000, 0.5689868000)
(0.7629329000, 0.3105377000, 0.5669846000)
(0.7638708000, 0.3104344000, 0.5657871000)
(0.7619286000, 0.3160448000, 0.5653052000)
(0.7630644000, 0.3154682000, 0.5640839000)
(0.7628738000, 0.3148819000, 0.5646730000)
(0.7628828000, 0.3154856000, 0.5643313000)
(0.7625104000, 0.3167211000, 0.5641481000)
(0.7630963000, 0.3155031000, 0.5640153000)
(0.7632193000, 0.3144524000, 0.5644369000)
(0.7627208000, 0.3216272000, 0.5610744000)
(0.7635151000, 0.3266481000, 0.5570848000)
(0.7641315000, 0.3253018000, 0.5570239000)
(0.7648509000, 0.3314320000, 0.5524070000)
(0.7625995000, 0.3195965000, 0.5623936000)
(0.7642177000, 0.3214062000, 0.5591654000)
(0.7618481000, 0.3380962000, 0.5524974000)
(0.7652313000, 0.3266153000, 0.5547403000)
(0.7673569000, 0.3282085000, 0.5508544000)
(0.7667391000, 0.3311681000, 0.5499426000)
(0.7650677000, 0.3270946000, 0.5546841000)
(0.7673061000, 0.3312710000, 0.5490625000)
(0.7648680000, 0.3328677000, 0.5514939000)
(0.7646896000, 0.3319836000, 0.5522842000)
(0.7643176000, 0.3330563000, 0.5521426000)
(0.7630131000, 0.3303524000, 0.5555673000)
(0.7630256000, 0.3336487000, 0.5535712000)
(0.7625899000, 0.3365837000, 0.5524033000)
(0.7620345000, 0.3315674000, 0.5561962000)
(0.7625021000, 0.3294751000, 0.5568030000)
(0.7628073000, 0.3280595000, 0.5572174000)
(0.7625761000, 0.3332331000, 0.5544604000)
(0.7630600000, 0.3321368000, 0.5544391000)
(0.7626659000, 0.3334525000, 0.5542001000)
(0.7629609000, 0.3354031000, 0.5526010000)
(0.7629641000, 0.3322522000, 0.5545007000)
(0.7622630000, 0.3316680000, 0.5558236000)
(0.7623857000, 0.3301328000, 0.5565716000)
(0.7626756000, 0.3290250000, 0.5568193000)
(0.7630224000, 0.3314372000, 0.5549035000)
(0.7630956000, 0.3316576000, 0.5546829000)
(0.7631910000, 0.3323355000, 0.5541484000)
(0.7631653000, 0.3332356000, 0.5536278000)
(0.7625977000, 0.3362726000, 0.5525700000)
(0.7627838000, 0.3401212000, 0.5499781000)
(0.7625505000, 0.3413664000, 0.5495309000)
(0.7623050000, 0.3416629000, 0.5496734000)
(0.7625498000, 0.3415854000, 0.5493850000)
(0.7626560000, 0.3411374000, 0.5495223000)
(0.7629117000, 0.3401489000, 0.5497780000)
(0.7634495000, 0.3394186000, 0.5494757000)
(0.7633750000, 0.3382834000, 0.5502640000)
(0.7613238000, 0.3343551000, 0.5554965000)
(0.7624966000, 0.3306017000, 0.5561381000)
(0.7649066000, 0.3275516000, 0.5546156000)
(0.7631862000, 0.3286778000, 0.5563225000)
(0.7631916000, 0.3264198000, 0.5576380000)
(0.7624919000, 0.3251594000, 0.5593478000)
(0.7626747000, 0.3251942000, 0.5590633000)
(0.7642484000, 0.3298659000, 0.5541512000)
(0.7624390000, 0.3295227000, 0.5568635000)
(0.7630966000, 0.3249338000, 0.5586396000)
(0.7617475000, 0.3284617000, 0.5584314000)
(0.7632142000, 0.3307203000, 0.5550662000)
(0.7621566000, 0.3337774000, 0.5546973000)
(0.7623394000, 0.3319570000, 0.5555287000)
(0.7617885000, 0.3318373000, 0.5563668000)
(0.7627796000, 0.3261320000, 0.5583806000)
(0.7646931000, 0.3229024000, 0.5576472000)
(0.7614608000, 0.3289878000, 0.5585183000)
(0.7614151000, 0.3243836000, 0.5612636000)
(0.7607523000, 0.3093772000, 0.5705447000)
(0.7574071000, 0.3095188000, 0.5749092000)
(0.7591714000, 0.3095167000, 0.5725797000)
(0.7576377000, 0.3059956000, 0.5764742000)
(0.7590760000, 0.3090387000, 0.5729493000)
(0.7599278000, 0.3057812000, 0.5735793000)
(0.7599006000, 0.3044640000, 0.5743182000)
(0.7557307000, 0.3001015000, 0.5820646000)
(0.7576027000, 0.2937781000, 0.5828580000)
(0.7533478000, 0.2881147000, 0.5911347000)
(0.7556152000, 0.2898687000, 0.5873589000)
(0.7518820000, 0.3044330000, 0.5847774000)
(0.7534767000, 0.3084911000, 0.5805869000)
(0.7522005000, 0.3176873000, 0.5772881000)
(0.7480867000, 0.2972453000, 0.5932789000)
(0.0000000000, 0.0000000000, 0.0000000000)
(0.0000000000, 0.0000000000, 0.0000000000)
(0.0000000000, 0.0000000000, 0.0000000000)
(0.0000000000, 0.0000000000, 0.0000000000)
(0.0000000000, 0.0000000000, 0.0000000000)
(0.0000000000, 0.0000000000, 0.0000000000)
(0.0000000000, 0.0000000000, 0.0000000000)
(0.0000000000, 0.0000000000, 0.0000000000)
(0.0000000000, 0.0000000000, 0.0000000000)
(0.0000000000, 0.0000000000, 0.0000000000)
(0.0000000000, 0.0000000000, 0.0000000000)
(0.0000000000, 0.0000000000, 0.0000000000)
(0.0000000000, 0.0000000000, 0.0000000000)
(0.0000000000, 0.0000000000, 0.0000000000)
(0.0000000000, 0.0000000000, 0.0000000000)
(0.0000000000, 0.0000000000, 0.0000000000)
(0.0000000000, 0.0000000000, 0.0000000000)
(0.0000000000, 0.0000000000, 0.0000000000)
(0.0000000000, 0.0000000000, 0.0000000000)
(0.0000000000, 0.0000000000, 0.0000000000)
(0.0000000000, 0.0000000000, 0.0000000000)
(0.0000000000, 0.0000000000, 0.0000000000)
(0.7601270000, 0.3980249000, 0.5135939000)
(0.7614842000, 0.3844521000, 0.5218536000)
(0.7671417000, 0.3813210000, 0.5158188000)
(0.7633343000, 0.3776111000, 0.5241339000)
(0.7588933000, 0.3913325000, 0.5205011000)
(0.7465435000, 0.4031579000, 0.5292664000)
(0.7533255000, 0.3978492000, 0.5236385000)
(0.7586505000, 0.3840018000, 0.5262751000)
(0.7610067000, 0.3782945000, 0.5270164000)
(0.7556959000, 0.3844064000, 0.5302209000)
(0.7639757000, 0.3823832000, 0.5197194000)
(0.7605619000, 0.3820339000, 0.5249549000)
(0.7619228000, 0.3819076000, 0.5230644000)
(0.7636892000, 0.3814439000, 0.5208192000)
(0.7655642000, 0.3744886000, 0.5231231000)
(0.7713993000, 0.3697729000, 0.5178620000)
(0.7717773000, 0.3692311000, 0.5176936000)
(0.7692094000, 0.3717649000, 0.5197020000)
(0.7679728000, 0.3727686000, 0.5208208000)
(0.7649041000, 0.3765624000, 0.5225931000)
(0.7647377000, 0.3765289000, 0.5228518000)
(0.7648110000, 0.3758998000, 0.5232114000)
(0.7654863000, 0.3730684000, 0.5242507000)
(0.7624976000, 0.3728873000, 0.5287148000)
(0.7622277000, 0.3725194000, 0.5293496000)
(0.7634658000, 0.3649545000, 0.5328372000)
(0.7638324000, 0.3626274000, 0.5338966000)
(0.7646540000, 0.3623929000, 0.5328785000)
(0.7714159000, 0.3440168000, 0.5353088000)
(0.7632529000, 0.3466556000, 0.5452267000)
(0.7642922000, 0.3485976000, 0.5425224000)
(0.7600831000, 0.3486515000, 0.5483665000)
(0.7608792000, 0.3469869000, 0.5483073000)
(0.7611949000, 0.3463764000, 0.5482707000)
(0.7615165000, 0.3449800000, 0.5487032000)
(0.7622566000, 0.3428802000, 0.5489811000)
(0.7620665000, 0.3434020000, 0.5489117000)
(0.7625295000, 0.3370689000, 0.5521801000)
(0.7621953000, 0.3369610000, 0.5527142000)
(0.7612125000, 0.3374704000, 0.5537542000)
(0.7597914000, 0.3446424000, 0.5512792000)
(0.7595264000, 0.3450280000, 0.5514030000)
(0.7593691000, 0.3445422000, 0.5519465000)
(0.7592183000, 0.3415256000, 0.5540151000)
(0.7594640000, 0.3360648000, 0.5569994000)
(0.7602149000, 0.3309010000, 0.5590631000)
(0.7608218000, 0.3282207000, 0.5598182000)
(0.7612970000, 0.3249451000, 0.5610963000)
(0.7633184000, 0.3197224000, 0.5613539000)
(0.7633112000, 0.3198227000, 0.5612963000)
(0.7705056000, 0.3590236000, 0.5266964000)
(0.7769817000, 0.3627852000, 0.5144686000)
(0.7816282000, 0.3687975000, 0.5030223000)
(0.7699355000, 0.3691642000, 0.5204945000)
(0.7731578000, 0.3662726000, 0.5177293000)
(0.7710381000, 0.3716712000, 0.5170526000)
(0.7740945000, 0.3691544000, 0.5142951000)
(0.7779859000, 0.3628907000, 0.5128598000)
(0.7760621000, 0.3679685000, 0.5121778000)
(0.7809449000, 0.3606231000, 0.5099680000)
(0.7779937000, 0.3620099000, 0.5134688000)
(0.7790058000, 0.3548791000, 0.5169000000)
(0.7764655000, 0.3560199000, 0.5199296000)
(0.7781973000, 0.3631451000, 0.5123561000)
(0.7807809000, 0.3564844000, 0.5131137000)
(0.7779951000, 0.3543374000, 0.5187852000)
(0.7756575000, 0.3502170000, 0.5250552000)
(0.7821100000, 0.3479934000, 0.5169066000)
(0.7778797000, 0.3467181000, 0.5240946000)
(0.7790348000, 0.3467724000, 0.5223266000)
(0.7811041000, 0.3409712000, 0.5230757000)
(0.7819921000, 0.3371550000, 0.5242253000)
(0.7786343000, 0.3349355000, 0.5305835000)
(0.7772287000, 0.3333657000, 0.5336390000)
(0.7771730000, 0.3287769000, 0.5365657000)
(0.7769549000, 0.3268793000, 0.5380373000)
(0.7777882000, 0.3253468000, 0.5377464000)
(0.7739567000, 0.3209504000, 0.5458748000)
(0.7736614000, 0.3208029000, 0.5463790000)
(0.7733518000, 0.3207718000, 0.5468372000)
(0.7748028000, 0.3159963000, 0.5475464000)
(0.7772307000, 0.3173740000, 0.5432979000)
(0.7826986000, 0.3182330000, 0.5348665000)
(0.7826189000, 0.3179341000, 0.5351593000)
(0.7809682000, 0.3166569000, 0.5383253000)
(0.7815790000, 0.3130724000, 0.5395491000)
(0.7791708000, 0.3129278000, 0.5430982000)
(0.7785600000, 0.3119164000, 0.5445459000)
(0.7814379000, 0.3160163000, 0.5380182000)
(0.7850632000, 0.3203422000, 0.5301228000)
(0.7857768000, 0.3217510000, 0.5282115000)
(0.7915811000, 0.3078894000, 0.5278066000)
(0.7901116000, 0.3303161000, 0.5163384000)
(0.7888321000, 0.3454916000, 0.5083029000)
(0.7887851000, 0.3467762000, 0.5075002000)
(0.7898007000, 0.3287064000, 0.5178232000)
(0.7856078000, 0.3447867000, 0.5137524000)
(0.7875364000, 0.3396911000, 0.5141656000)
(0.7879151000, 0.3344911000, 0.5170105000)
(0.7871111000, 0.3376411000, 0.5161704000)
(0.7862509000, 0.3414938000, 0.5149489000)
(0.7909274000, 0.3200041000, 0.5215550000)
(0.7904080000, 0.3199913000, 0.5223520000)
(0.7890419000, 0.3211914000, 0.5236651000)
(0.7839831000, 0.3329614000, 0.5239152000)
(0.7839782000, 0.3322051000, 0.5243966000)
(0.7839964000, 0.3313335000, 0.5249193000)
(0.7837779000, 0.3282790000, 0.5271603000)
(0.7836384000, 0.3279446000, 0.5275970000)
(0.7835491000, 0.3272203000, 0.5281665000)
(0.7835850000, 0.3282010000, 0.5275164000)
(0.7838188000, 0.3274423000, 0.5276420000)
(0.7836857000, 0.3272339000, 0.5279479000)
(0.7840691000, 0.3281918000, 0.5267841000)
(0.7839908000, 0.3281577000, 0.5269336000)
(0.7841131000, 0.3281954000, 0.5267362000)
(0.7859200000, 0.3258113000, 0.5255063000)
(0.7862898000, 0.3254484000, 0.5251774000)
(0.7866784000, 0.3249729000, 0.5248856000)
(0.7864404000, 0.3265331000, 0.5242698000)
(0.7915452000, 0.3348124000, 0.5112036000)
(0.7864007000, 0.3300582000, 0.5221167000)
(0.7831842000, 0.3356112000, 0.5234231000)
(0.7837458000, 0.3362982000, 0.5221406000)
(0.7826488000, 0.3394186000, 0.5217569000)
(0.7680131000, 0.3208585000, 0.5542439000)
(0.7718997000, 0.3115177000, 0.5541729000)
(0.7685167000, 0.3060143000, 0.5618989000)
(0.7678617000, 0.2802295000, 0.5760585000)
(0.7724481000, 0.2849557000, 0.5675408000)
(0.7704854000, 0.2878894000, 0.5687240000)
(0.7715359000, 0.2852030000, 0.5686644000)
(0.7700170000, 0.2900900000, 0.5682473000)
(0.7708580000, 0.3010924000, 0.5613527000)
(0.7705418000, 0.3006209000, 0.5620278000)
(0.7713253000, 0.3053380000, 0.5584023000)
(0.7716643000, 0.3095033000, 0.5556175000)
(0.7699062000, 0.3096119000, 0.5580162000)
(0.7707727000, 0.3092847000, 0.5569870000)
(0.7694372000, 0.3099987000, 0.5584382000)
(0.7701770000, 0.3107289000, 0.5570129000)
(0.7699286000, 0.3113732000, 0.5569937000)
(0.7699462000, 0.3121825000, 0.5565190000)
(0.7702560000, 0.3129337000, 0.5556752000)
(0.7696710000, 0.3132338000, 0.5562912000)
(0.7693270000, 0.3151885000, 0.5556881000)
(0.7716289000, 0.3163937000, 0.5517743000)
(0.7662880000, 0.3183386000, 0.5580774000)
(0.7609740000, 0.3074766000, 0.5712730000)
(0.7551166000, 0.2965650000, 0.5846739000)
(0.7583616000, 0.3039312000, 0.5766360000)
(0.7551011000, 0.3060413000, 0.5797856000)
(0.7591304000, 0.3123627000, 0.5710796000)
(0.7583697000, 0.3169086000, 0.5695961000)
(0.7618659000, 0.3143226000, 0.5663339000)
(0.7624841000, 0.3143438000, 0.5655132000)
(0.7598730000, 0.3259907000, 0.5624241000)
(0.7591543000, 0.3259216000, 0.5634124000)
(0.7620615000, 0.3179722000, 0.5640301000)
(0.7610464000, 0.3232473000, 0.5623969000)
(0.7614094000, 0.3212265000, 0.5630762000)
(0.7587417000, 0.3226368000, 0.5658658000)
(0.7596274000, 0.3240368000, 0.5638658000)
(0.7595869000, 0.3264983000, 0.5625073000)
(0.7603675000, 0.3276949000, 0.5607429000)
(0.7647535000, 0.3301266000, 0.5533099000)
(0.7607631000, 0.3326833000, 0.5572580000)
(0.7641819000, 0.3308723000, 0.5536554000)
(0.7673307000, 0.3315640000, 0.5488623000)
(0.7705578000, 0.3155924000, 0.5537514000)
(0.7717168000, 0.3170483000, 0.5512808000)
(0.7714658000, 0.3155401000, 0.5525026000)
(0.7689893000, 0.3159633000, 0.5557081000)
(0.7710690000, 0.3195565000, 0.5507479000)
(0.7714634000, 0.3214527000, 0.5490815000)
(0.7764068000, 0.3318256000, 0.5357828000)
(0.7768101000, 0.3318038000, 0.5352157000)
(0.7769991000, 0.3320075000, 0.5348089000)
(0.7757097000, 0.3358317000, 0.5343003000)
(0.7743492000, 0.3393301000, 0.5340661000)
(0.7743918000, 0.3403015000, 0.5333894000)
(0.7739202000, 0.3387798000, 0.5350370000)
(0.7732582000, 0.3398082000, 0.5353417000)
(0.7730765000, 0.3399605000, 0.5355119000)
(0.7726501000, 0.3410804000, 0.5354084000)
(0.7729450000, 0.3377901000, 0.5370522000)
(0.7629725000, 0.3381897000, 0.5509062000)
(0.7544307000, 0.3288555000, 0.5680521000)
(0.7560300000, 0.3291091000, 0.5657532000)
(0.7557893000, 0.3282857000, 0.5665576000)
(0.7558846000, 0.3292903000, 0.5658469000)
(0.7567545000, 0.3287250000, 0.5650250000)
(0.7577626000, 0.3284372000, 0.5638410000)
(0.7631318000, 0.3251659000, 0.5584652000)
(0.7613117000, 0.3260058000, 0.5604622000)
(0.7611164000, 0.3261685000, 0.5606238000)
(0.7609171000, 0.3264215000, 0.5607465000)
(0.7602397000, 0.3278727000, 0.5608106000)
(0.7603270000, 0.3281437000, 0.5605543000)
(0.7602083000, 0.3283606000, 0.5605837000)
(0.7600397000, 0.3289143000, 0.5604883000)
(0.7598107000, 0.3289539000, 0.5607756000)
(0.7596579000, 0.3290943000, 0.5608893000)
(0.7591355000, 0.3292886000, 0.5614944000)
(0.7592392000, 0.3292697000, 0.5613430000)
(0.7591751000, 0.3292981000, 0.5614355000)
(0.7589213000, 0.3301638000, 0.5612686000)
(0.7588704000, 0.3303016000, 0.5612364000)
(0.7591581000, 0.3308411000, 0.5605434000)
(0.7604061000, 0.3316874000, 0.5583504000)
(0.7606511000, 0.3302656000, 0.5588636000)
(0.7596526000, 0.3306726000, 0.5599580000)
(0.7594987000, 0.3278398000, 0.5618410000)
(0.7596598000, 0.3278993000, 0.5615931000)
(0.7590801000, 0.3273625000, 0.5626838000)
(0.7590017000, 0.3270731000, 0.5629491000)
(0.7589494000, 0.3290641000, 0.5618550000)
(0.7593328000, 0.3290376000, 0.5613686000)
(0.7709132000, 0.3271424000, 0.5465049000)
(0.7707496000, 0.3306161000, 0.5446340000)
(0.7707921000, 0.3281019000, 0.5460756000)
(0.7714105000, 0.3260166000, 0.5464636000)
(0.7706617000, 0.3250349000, 0.5481139000)
(0.7706370000, 0.3243525000, 0.5485281000)
(0.7704970000, 0.3232780000, 0.5493744000)
(0.7703303000, 0.3213772000, 0.5507172000)
(0.7702881000, 0.3211860000, 0.5508912000)
(0.7701833000, 0.3203973000, 0.5514951000)
(0.7702531000, 0.3194336000, 0.5519533000)
(0.7701190000, 0.3196298000, 0.5520167000)
(0.7699009000, 0.3200342000, 0.5520967000)
(0.7694759000, 0.3198780000, 0.5527826000)
(0.7691010000, 0.3196505000, 0.5534270000)
(0.7678746000, 0.3215020000, 0.5540679000)
(0.7688177000, 0.3233077000, 0.5516939000)
(0.7688608000, 0.3226254000, 0.5520446000)
(0.7685764000, 0.3225620000, 0.5524743000)
(0.7683859000, 0.3225786000, 0.5527315000)
(0.7684304000, 0.3218703000, 0.5530893000)
(0.7688224000, 0.3217994000, 0.5525737000)
(0.7686337000, 0.3223681000, 0.5524977000)
(0.7687022000, 0.3225206000, 0.5523186000)
(0.7685074000, 0.3215810000, 0.5531325000)
(0.7677070000, 0.3220512000, 0.5539752000)
(0.7677510000, 0.3213325000, 0.5543437000)
(0.7664787000, 0.3263733000, 0.5531354000)
(0.7680585000, 0.3250104000, 0.5517476000)
(0.7683832000, 0.3252049000, 0.5511845000)
(0.7682999000, 0.3239556000, 0.5520536000)
(0.7684046000, 0.3251103000, 0.5512281000)
(0.7682605000, 0.3248625000, 0.5515605000)
(0.7676212000, 0.3108947000, 0.5604354000)
(0.7637923000, 0.2907658000, 0.5762484000)
(0.7609902000, 0.2884290000, 0.5811113000)
(0.7561296000, 0.2807022000, 0.5911397000)
(0.7540286000, 0.2735641000, 0.5971539000)
(0.7524276000, 0.2538596000, 0.6077676000)
(0.7474874000, 0.2452153000, 0.6173535000)
(0.7499260000, 0.2388090000, 0.6169086000)
(0.7486148000, 0.2375647000, 0.6189675000)
(0.7479321000, 0.2374014000, 0.6198634000)
(0.7476401000, 0.2387914000, 0.6196626000)
(0.7451769000, 0.2371366000, 0.6232632000)
(0.7450607000, 0.2399115000, 0.6223484000)
(0.7444279000, 0.2424035000, 0.6221299000)
(0.7455668000, 0.2446072000, 0.6199104000)
(0.7455986000, 0.2487342000, 0.6182198000)
(0.7467789000, 0.2465093000, 0.6176946000)
(0.7519255000, 0.2430781000, 0.6127831000)
(0.7608084000, 0.2259605000, 0.6083532000)
(0.7617756000, 0.2268180000, 0.6068188000)
(0.7621256000, 0.2264400000, 0.6065230000)
(0.7624654000, 0.2290301000, 0.6051160000)
(0.7625523000, 0.2296948000, 0.6047698000)
(0.7636437000, 0.2327477000, 0.6022214000)
(0.7639168000, 0.2394650000, 0.5992311000)
(0.7637945000, 0.2423738000, 0.5982043000)
(0.7642204000, 0.2395016000, 0.5988321000)
(0.7639958000, 0.2417544000, 0.5982046000)
(0.7638897000, 0.2414286000, 0.5984685000)
(0.7638891000, 0.2407911000, 0.5987206000)
(0.7648390000, 0.2416557000, 0.5971682000)
(0.7662069000, 0.2486134000, 0.5925460000)
(0.7666667000, 0.2491793000, 0.5917145000)
(0.7671565000, 0.2557876000, 0.5882489000)
(0.7675400000, 0.2643418000, 0.5839395000)
(0.7674879000, 0.2676772000, 0.5825027000)
(0.7671413000, 0.2747621000, 0.5796323000)
(0.7664767000, 0.2752906000, 0.5802815000)
(0.7664459000, 0.2771950000, 0.5794041000)
(0.7664470000, 0.2795138000, 0.5782964000)
(0.7664974000, 0.2829172000, 0.5765500000)
(0.7667699000, 0.2854959000, 0.5749223000)
(0.7666790000, 0.2852669000, 0.5751502000)
(0.7660825000, 0.2852965000, 0.5759369000)
(0.7663184000, 0.2793792000, 0.5785115000)
(0.7660988000, 0.2824395000, 0.5773143000)
(0.7662960000, 0.2829788000, 0.5768033000)
(0.7678234000, 0.2853409000, 0.5735894000)
(0.7692033000, 0.2841721000, 0.5723211000)
(0.7693060000, 0.2850794000, 0.5717274000)
(0.7692036000, 0.2825807000, 0.5731084000)
(0.7703366000, 0.2954319000, 0.5650498000)
(0.7687628000, 0.2997876000, 0.5648934000)
(0.7683575000, 0.3054584000, 0.5624049000)
(0.7561359000, 0.2786856000, 0.5920811000)
(0.7535366000, 0.2769438000, 0.5962059000)
(0.7527344000, 0.2807517000, 0.5954356000)
(0.7584866000, 0.2796181000, 0.5886416000)
(0.7546055000, 0.2767193000, 0.5949528000)
(0.7568839000, 0.2789179000, 0.5910310000)
(0.7569540000, 0.2791406000, 0.5908207000)
(0.7576199000, 0.2774659000, 0.5907798000)
(0.7574170000, 0.2764784000, 0.5914978000)
(0.7562771000, 0.2785700000, 0.5919736000)
(0.7561816000, 0.2794323000, 0.5916896000)
(0.7564177000, 0.2802888000, 0.5909689000)
(0.7596404000, 0.2773394000, 0.5882204000)
(0.7634539000, 0.2781757000, 0.5828595000)
(0.7644118000, 0.2667122000, 0.5869634000)
(0.7668833000, 0.2702961000, 0.5820858000)
(0.7653462000, 0.2712473000, 0.5836549000)
(0.7665051000, 0.2657784000, 0.5846429000)
(0.7676528000, 0.2676325000, 0.5822867000)
(0.7697308000, 0.2745148000, 0.5763029000)
(0.7704035000, 0.2790040000, 0.5732535000)
(0.7689396000, 0.2805683000, 0.5744529000)
(0.7671009000, 0.2804688000, 0.5769506000)
(0.7672198000, 0.2792374000, 0.5773935000)
(0.7674866000, 0.2787030000, 0.5772913000)
(0.7678615000, 0.2801844000, 0.5760926000)
(0.7672169000, 0.2806199000, 0.5767316000)
(0.7667810000, 0.2810684000, 0.5770965000)
(0.7671877000, 0.2810330000, 0.5765722000)
(0.7667473000, 0.2815840000, 0.5768799000)
(0.7666101000, 0.2821476000, 0.5767781000)
(0.7665364000, 0.2826100000, 0.5766597000)
(0.7666569000, 0.2829176000, 0.5763476000)
(0.7661085000, 0.2816708000, 0.5776744000)
(0.7659026000, 0.2812763000, 0.5781426000)
(0.7654130000, 0.2807321000, 0.5790613000)
(0.7652704000, 0.2797928000, 0.5797077000)
(0.7653970000, 0.2804953000, 0.5791966000)
(0.7653392000, 0.2791994000, 0.5798967000)
(0.7650809000, 0.2790106000, 0.5803468000)
(0.7649692000, 0.2790895000, 0.5804462000)
(0.7648438000, 0.2794971000, 0.5803996000)
(0.7636535000, 0.2829923000, 0.5802926000)
(0.7641486000, 0.2829637000, 0.5796386000)
(0.7650281000, 0.2838557000, 0.5780498000)
(0.7657561000, 0.2854226000, 0.5763176000)
(0.7656476000, 0.2854010000, 0.5764742000)
(0.7657005000, 0.2861176000, 0.5760461000)
(0.7657112000, 0.2850484000, 0.5765605000)
(0.7661654000, 0.2855034000, 0.5757405000)
(0.7662234000, 0.2871913000, 0.5748228000)
(0.7660840000, 0.2878808000, 0.5746377000)
(0.7656958000, 0.2903065000, 0.5739419000)
(0.7665212000, 0.2890316000, 0.5734802000)
(0.7661926000, 0.2902693000, 0.5733064000)
(0.7655156000, 0.2928933000, 0.5728788000)
(0.7663835000, 0.2939207000, 0.5711927000)
(0.7673573000, 0.2942130000, 0.5697298000)
(0.7675691000, 0.2946986000, 0.5691966000)
(0.7682120000, 0.2953569000, 0.5679749000)
(0.7689688000, 0.2979567000, 0.5655864000)
(0.7691473000, 0.2980437000, 0.5653074000)
(0.7692294000, 0.2988641000, 0.5647513000)
(0.7678345000, 0.2990483000, 0.5665429000)
(0.7673995000, 0.2986896000, 0.5673367000)
(0.7675520000, 0.2990569000, 0.5669377000)
(0.7672791000, 0.2992507000, 0.5671989000)
(0.7675589000, 0.3010958000, 0.5658399000)
(0.7679297000, 0.3055583000, 0.5629441000)
(0.7677193000, 0.3078853000, 0.5619476000)
(0.7675734000, 0.3080126000, 0.5620961000)
(0.7671535000, 0.3100917000, 0.5615094000)
(0.7678601000, 0.3183708000, 0.5558850000)
(0.7694981000, 0.3198460000, 0.5527656000)
(0.7682862000, 0.3201044000, 0.5543053000)
(0.7678480000, 0.3220962000, 0.5537597000)
(0.7696494000, 0.3189625000, 0.5530688000)
(0.7701799000, 0.3172529000, 0.5533276000)
(0.7702851000, 0.3197837000, 0.5517063000)
(0.7693861000, 0.3188075000, 0.5535175000)
(0.7700576000, 0.3199529000, 0.5519391000)
(0.7696149000, 0.3211013000, 0.5518922000)
(0.7689457000, 0.3256327000, 0.5501423000)
(0.7698435000, 0.3381563000, 0.5412620000)
(0.7672359000, 0.3414104000, 0.5429334000)
(0.7676530000, 0.3418753000, 0.5420563000)
(0.7683793000, 0.3408349000, 0.5416592000)
(0.7679846000, 0.3402388000, 0.5426050000)
(0.7679062000, 0.3405235000, 0.5425271000)
(0.7678264000, 0.3404691000, 0.5426964000)
(0.7681828000, 0.3409635000, 0.5418731000)
(0.7682130000, 0.3410859000, 0.5417615000)
(0.7685162000, 0.3409204000, 0.5414134000)
(0.7684160000, 0.3404791000, 0.5418395000)
(0.7719765000, 0.3407724000, 0.5365856000)
(0.7780457000, 0.3144543000, 0.5438383000)
(0.7784039000, 0.3029634000, 0.5498134000)
(0.7799977000, 0.3018886000, 0.5481225000)
(0.7795666000, 0.3029901000, 0.5481450000)
(0.7764539000, 0.3077095000, 0.5499202000)
(0.7761157000, 0.3094429000, 0.5494233000)
(0.7757900000, 0.3113479000, 0.5488144000)
(0.7779916000, 0.3065228000, 0.5484197000)
(0.7775212000, 0.3062636000, 0.5492269000)
(0.7770821000, 0.3063747000, 0.5497751000)
(0.7767546000, 0.3064952000, 0.5501845000)
(0.7766129000, 0.3064367000, 0.5504098000)
(0.7765308000, 0.3063321000, 0.5505892000)
(0.7760442000, 0.3076986000, 0.5505006000)
(0.7760429000, 0.3075398000, 0.5506048000)
(0.7761748000, 0.3072886000, 0.5505675000)
(0.7765715000, 0.3068893000, 0.5502216000)
(0.7765736000, 0.3059616000, 0.5507357000)
(0.7753217000, 0.3084999000, 0.5510825000)
(0.7741893000, 0.3106902000, 0.5514329000)
(0.7741052000, 0.3104811000, 0.5516834000)
(0.7739483000, 0.3107651000, 0.5517308000)
(0.7738719000, 0.3084123000, 0.5531723000)
(0.7740114000, 0.3076945000, 0.5533553000)
(0.7742654000, 0.3046812000, 0.5546895000)
(0.7745427000, 0.3066494000, 0.5532143000)
(0.7740404000, 0.3072519000, 0.5535670000)
(0.7740150000, 0.3050575000, 0.5548088000)
(0.7741909000, 0.3015142000, 0.5565158000)
(0.7740254000, 0.3010952000, 0.5569761000)
(0.7740821000, 0.3000942000, 0.5574316000)
(0.7711820000, 0.3018947000, 0.5604669000)
(0.7701137000, 0.2952805000, 0.5654446000)
(0.7697144000, 0.2947608000, 0.5662558000)
(0.7702159000, 0.2945144000, 0.5656837000)
(0.7708156000, 0.2941715000, 0.5650458000)
(0.7711791000, 0.2925527000, 0.5654142000)
(0.7731607000, 0.2914815000, 0.5632395000)
(0.7729747000, 0.2901453000, 0.5641859000)
(0.7728366000, 0.2882880000, 0.5653278000)
(0.7726082000, 0.2865530000, 0.5665282000)
(0.7724799000, 0.2873065000, 0.5663263000)
(0.7731964000, 0.2889544000, 0.5644940000)
(0.7751787000, 0.2909499000, 0.5607275000)
(0.7775584000, 0.2926801000, 0.5565222000)
(0.7765228000, 0.2918663000, 0.5584118000)
(0.7770653000, 0.2905660000, 0.5583265000)
(0.7789067000, 0.2899659000, 0.5560515000)
(0.7780852000, 0.2897794000, 0.5573074000)
(0.7775272000, 0.2898044000, 0.5580844000)
(0.7757442000, 0.2867089000, 0.5621344000)
(0.7738040000, 0.2847805000, 0.5657923000)
(0.7775189000, 0.2872829000, 0.5593873000)
(0.7775425000, 0.2867606000, 0.5596240000)
(0.7773558000, 0.2864169000, 0.5600511000)
(0.7773891000, 0.2859969000, 0.5602338000)
(0.7771285000, 0.2857035000, 0.5607527000)
(0.7769349000, 0.2853953000, 0.5611588000)
(0.7766402000, 0.2832702000, 0.5626348000)
(0.7754539000, 0.2807006000, 0.5655734000)
(0.7752266000, 0.2803731000, 0.5660411000)
(0.7758614000, 0.2794265000, 0.5656275000)
(0.7731888000, 0.2775826000, 0.5701902000)
(0.7752607000, 0.2770481000, 0.5676321000)
(0.7747981000, 0.2775331000, 0.5680160000)
(0.7740984000, 0.2779173000, 0.5687814000)
(0.7741511000, 0.2763171000, 0.5694996000)
(0.7738435000, 0.2754108000, 0.5703552000)
(0.7736790000, 0.2754432000, 0.5705569000)
(0.7748669000, 0.2739969000, 0.5696331000)
(0.7759011000, 0.2705368000, 0.5698978000)
(0.7752497000, 0.2694315000, 0.5712857000)
(0.7751946000, 0.2690589000, 0.5715442000)
(0.7731446000, 0.2711094000, 0.5733473000)
(0.7720372000, 0.2721750000, 0.5743374000)
(0.7706430000, 0.2697094000, 0.5773576000)
(0.7690459000, 0.2676696000, 0.5804259000)
(0.7689767000, 0.2677171000, 0.5805097000)
(0.7688013000, 0.2676629000, 0.5807583000)
(0.7686307000, 0.2662904000, 0.5816219000)
(0.7686325000, 0.2654209000, 0.5820220000)
(0.7684633000, 0.2632032000, 0.5832422000)
(0.7688006000, 0.2612527000, 0.5836837000)
(0.7689390000, 0.2608317000, 0.5836918000)
(0.7690425000, 0.2603114000, 0.5837778000)
(0.7685502000, 0.2604407000, 0.5843673000)
(0.7686269000, 0.2599033000, 0.5845158000)
(0.7687823000, 0.2592420000, 0.5845829000)
(0.7683747000, 0.2606497000, 0.5845129000)
(0.7683595000, 0.2614763000, 0.5841568000)
(0.7687497000, 0.2625527000, 0.5831704000)
(0.7689109000, 0.2644371000, 0.5820997000)
(0.7688637000, 0.2643396000, 0.5822082000)
(0.7694246000, 0.2658937000, 0.5807537000)
(0.7709623000, 0.2712497000, 0.5762041000)
(0.7711908000, 0.2721476000, 0.5754902000)
(0.7718872000, 0.2743191000, 0.5735141000)
(0.7719381000, 0.2755517000, 0.5728464000)
(0.7721196000, 0.2764297000, 0.5721798000)
(0.7723500000, 0.2755378000, 0.5723199000)
(0.7730069000, 0.2764791000, 0.5709710000)
(0.7727256000, 0.2770907000, 0.5710416000)
(0.7728023000, 0.2802955000, 0.5693820000)
(0.7727438000, 0.2821502000, 0.5685470000)
(0.7724229000, 0.2814772000, 0.5693013000)
(0.7724756000, 0.2829978000, 0.5684737000)
(0.7719833000, 0.2842134000, 0.5685441000)
(0.7719101000, 0.2843565000, 0.5685859000)
(0.7712905000, 0.2897763000, 0.5666884000)
(0.7751384000, 0.2901827000, 0.5611981000)
(0.7729535000, 0.2894166000, 0.5645928000)
(0.7753212000, 0.2944302000, 0.5587311000)
(0.7793221000, 0.2874071000, 0.5567956000)
(0.7784073000, 0.2901135000, 0.5566914000)
(0.7782242000, 0.2922851000, 0.5558175000)
(0.7778189000, 0.2933182000, 0.5558162000)
(0.7776006000, 0.2935266000, 0.5560263000)
(0.7773636000, 0.2941173000, 0.5560548000)
(0.7775755000, 0.3060279000, 0.5492873000)
(0.7781057000, 0.3079931000, 0.5474331000)
(0.7690600000, 0.2968611000, 0.5660374000)
(0.7743995000, 0.2851505000, 0.5647812000)
(0.7741533000, 0.2654003000, 0.5746610000)
(0.7710489000, 0.2780291000, 0.5728691000)
(0.7685416000, 0.2925993000, 0.5689660000)
(0.7734340000, 0.2913859000, 0.5629061000)
(0.7689923000, 0.2916436000, 0.5688313000)
(0.7628198000, 0.2924369000, 0.5766994000)
(0.7643979000, 0.2956102000, 0.5729699000)
(0.7624764000, 0.2978285000, 0.5743832000)
(0.7612310000, 0.2957928000, 0.5770684000)
(0.7696353000, 0.2888463000, 0.5694072000)
(0.7732477000, 0.2595730000, 0.5785184000)
(0.7692190000, 0.2404089000, 0.5920196000)
(0.7691073000, 0.2228531000, 0.5989856000)
(0.7659172000, 0.2008016000, 0.6107612000)
(0.7635165000, 0.1904215000, 0.6170599000)
(0.7634609000, 0.1930326000, 0.6163238000)
(0.7623163000, 0.1914780000, 0.6182127000)
(0.7641461000, 0.1908400000, 0.6161609000)
(0.7643051000, 0.1914548000, 0.6157514000)
(0.7654611000, 0.1954583000, 0.6130685000)
(0.7660367000, 0.1959800000, 0.6121753000)
(0.7660430000, 0.1971320000, 0.6117947000)
(0.7665075000, 0.2016846000, 0.6097369000)
(0.7673227000, 0.2017306000, 0.6087025000)
(0.7677712000, 0.1991056000, 0.6089966000)
(0.7684790000, 0.2034035000, 0.6066828000)
(0.7690700000, 0.2028771000, 0.6060914000)
(0.7687564000, 0.2036531000, 0.6062323000)
(0.7687359000, 0.2053836000, 0.6056827000)
(0.7702253000, 0.2133187000, 0.6010326000)
(0.7698095000, 0.2158371000, 0.6006652000)
(0.7700871000, 0.2137399000, 0.6010586000)
(0.7699219000, 0.2145648000, 0.6009814000)
(0.7708027000, 0.2186602000, 0.5983652000)
(0.7714437000, 0.2225435000, 0.5961056000)
(0.7720290000, 0.2287366000, 0.5929993000)
(0.7717605000, 0.2307732000, 0.5925332000)
(0.7722592000, 0.2325563000, 0.5912020000)
(0.7722777000, 0.2274151000, 0.5931749000)
(0.7725311000, 0.2279150000, 0.5926487000)
(0.7723547000, 0.2279643000, 0.5928509000)
(0.7724799000, 0.2277427000, 0.5927907000)
(0.7720864000, 0.2276970000, 0.5933167000)
(0.7709429000, 0.2309587000, 0.5935267000)
(0.7704268000, 0.2361329000, 0.5921647000)
(0.7702660000, 0.2357971000, 0.5925201000)
(0.7703598000, 0.2354646000, 0.5925220000)
(0.7702799000, 0.2344436000, 0.5930303000)
(0.7703266000, 0.2341523000, 0.5930943000)
(0.7702388000, 0.2362013000, 0.5923930000)
(0.7703118000, 0.2379818000, 0.5915813000)
(0.7703354000, 0.2387368000, 0.5912488000)
(0.7701342000, 0.2389350000, 0.5914260000)
(0.7699629000, 0.2394026000, 0.5914502000)
(0.7700191000, 0.2382110000, 0.5918716000)
(0.7696959000, 0.2368361000, 0.5928380000)
(0.7691287000, 0.2347663000, 0.5943892000)
(0.7690299000, 0.2342420000, 0.5947427000)
(0.7687577000, 0.2345219000, 0.5949619000)
(0.7687302000, 0.2348230000, 0.5948774000)
(0.7682910000, 0.2349468000, 0.5954110000)
(0.7680119000, 0.2341977000, 0.5960641000)
(0.7681202000, 0.2342229000, 0.5959229000)
(0.7682323000, 0.2341565000, 0.5957909000)
(0.7685944000, 0.2338385000, 0.5954458000)
(0.7693584000, 0.2336545000, 0.5945287000)
(0.7696313000, 0.2328180000, 0.5944996000)
(0.7694882000, 0.2330689000, 0.5946040000)
(0.7695935000, 0.2327063000, 0.5946091000)
(0.7690884000, 0.2331278000, 0.5951051000)
(0.7690226000, 0.2339330000, 0.5948534000)
(0.7687227000, 0.2335142000, 0.5954243000)
(0.7685172000, 0.2338853000, 0.5955369000)
(0.7681392000, 0.2329494000, 0.5964011000)
(0.7681355000, 0.2329712000, 0.5963765000)
(0.7677925000, 0.2304748000, 0.5978051000)
(0.7678448000, 0.2305029000, 0.5977206000)
(0.7672350000, 0.2291906000, 0.5989979000)
(0.7671667000, 0.2290560000, 0.5991485000)
(0.7669006000, 0.2289698000, 0.5995248000)
(0.7669234000, 0.2306210000, 0.5988639000)
(0.7669984000, 0.2311772000, 0.5985329000)
(0.7669305000, 0.2311532000, 0.5986325000)
(0.7669833000, 0.2307968000, 0.5987016000)
(0.7669380000, 0.2313346000, 0.5985656000)
(0.7667884000, 0.2313048000, 0.5987570000)
(0.7661670000, 0.2310911000, 0.5996411000)
(0.7664481000, 0.2316520000, 0.5990697000)
(0.7666131000, 0.2315665000, 0.5988978000)
(0.7670957000, 0.2314450000, 0.5983161000)
(0.7673118000, 0.2321301000, 0.5977670000)
(0.7672158000, 0.2318887000, 0.5979811000)
(0.7671803000, 0.2313819000, 0.5982245000)
(0.7665331000, 0.2315991000, 0.5989850000)
(0.7668063000, 0.2328848000, 0.5981260000)
(0.7664498000, 0.2331002000, 0.5985103000)
(0.7664532000, 0.2327326000, 0.5986313000)
(0.7656109000, 0.2334626000, 0.5994332000)
(0.7653412000, 0.2333050000, 0.5998495000)
(0.7650402000, 0.2330661000, 0.6003212000)
(0.7651261000, 0.2338006000, 0.5999201000)
(0.7651774000, 0.2341538000, 0.5997222000)
(0.7647749000, 0.2355204000, 0.5997021000)
(0.7648984000, 0.2359762000, 0.5993432000)
(0.7622685000, 0.2381690000, 0.6018292000)
(0.7644968000, 0.2389361000, 0.5986899000)
(0.7649438000, 0.2390801000, 0.5980593000)
(0.7637260000, 0.2357155000, 0.6009502000)
(0.7646891000, 0.2354368000, 0.5998416000)
(0.7643740000, 0.2340720000, 0.6007587000)
(0.7645093000, 0.2351691000, 0.6001692000)
(0.7645617000, 0.2348600000, 0.6002321000)
(0.7644954000, 0.2347066000, 0.6003734000)
(0.7639657000, 0.2368701000, 0.6001836000)
(0.7637768000, 0.2375950000, 0.6001499000)
(0.7634668000, 0.2384863000, 0.6001779000)
(0.7635971000, 0.2385803000, 0.5999867000)
(0.7634336000, 0.2379676000, 0.6004295000)
(0.7649080000, 0.2401761000, 0.5976752000)
(0.7753269000, 0.2333321000, 0.5868546000)
(0.7745675000, 0.2302227000, 0.5890778000)
(0.7745759000, 0.2294908000, 0.5893654000)
(0.7793092000, 0.2276505000, 0.5838107000)
(0.7741839000, 0.2318866000, 0.5889515000)
(0.7748470000, 0.2349149000, 0.5868712000)
(0.7759205000, 0.2335279000, 0.5859921000)
(0.7757782000, 0.2300145000, 0.5875810000)
(0.7746170000, 0.2289816000, 0.5895016000)
(0.7756394000, 0.2290980000, 0.5881041000)
(0.7759044000, 0.2301649000, 0.5873607000)
(0.7758817000, 0.2299274000, 0.5874832000)
(0.7668668000, 0.2339444000, 0.5976396000)
(0.7591112000, 0.2081267000, 0.6167806000)
(0.7496652000, 0.1903296000, 0.6338521000)
(0.7547404000, 0.1969075000, 0.6257519000)
(0.7539262000, 0.2032689000, 0.6247000000)
(0.7540786000, 0.1994237000, 0.6257662000)
(0.7588018000, 0.2074215000, 0.6174030000)
(0.7600411000, 0.2058467000, 0.6163865000)
(0.7613983000, 0.2101611000, 0.6132689000)
(0.7603733000, 0.2185187000, 0.6116059000)
(0.7616206000, 0.2203903000, 0.6093830000)
(0.7638044000, 0.2226324000, 0.6058132000)
(0.7652169000, 0.2185148000, 0.6055328000)
(0.7654015000, 0.2378139000, 0.5979866000)
(0.7659695000, 0.2393288000, 0.5966414000)
(0.7646302000, 0.2360274000, 0.5996720000)
(0.7653593000, 0.2362560000, 0.5986471000)
(0.7675475000, 0.2346231000, 0.5964876000)
(0.7648489000, 0.2368967000, 0.5990572000)
(0.7646719000, 0.2357019000, 0.5997485000)
(0.7645980000, 0.2339345000, 0.6005392000)
(0.7647506000, 0.2349716000, 0.5999311000)
(0.7649187000, 0.2359440000, 0.5993476000)
(0.7650139000, 0.2369765000, 0.5988092000)
(0.7650669000, 0.2379314000, 0.5983601000)
(0.7650881000, 0.2382182000, 0.5982209000)
(0.7651858000, 0.2372337000, 0.5985032000)
(0.7655984000, 0.2359034000, 0.5984882000)
(0.7657374000, 0.2349220000, 0.5987033000)
(0.7711827000, 0.2317841000, 0.5929090000)
(0.7680607000, 0.2311131000, 0.5971926000)
(0.7673173000, 0.2302618000, 0.5984796000)
(0.7673240000, 0.2330020000, 0.5974248000)
(0.7682452000, 0.2343918000, 0.5956802000)
(0.7686055000, 0.2357386000, 0.5946817000)
(0.7676676000, 0.2354535000, 0.5960113000)
(0.7675068000, 0.2374714000, 0.5954074000)
(0.7670612000, 0.2364330000, 0.5964064000)
(0.7666230000, 0.2372304000, 0.5966489000)
(0.7667854000, 0.2371446000, 0.5964677000)
(0.7665807000, 0.2367849000, 0.5968755000)
(0.7660533000, 0.2344840000, 0.5984579000)
(0.7667313000, 0.2377067000, 0.5963187000)
(0.7667364000, 0.2384340000, 0.5960309000)
(0.7664638000, 0.2400201000, 0.5957344000)
(0.7668933000, 0.2475045000, 0.5921208000)
(0.7654634000, 0.2430430000, 0.5957899000)
(0.7562007000, 0.2481288000, 0.6054664000)
(0.7586452000, 0.2447317000, 0.6037880000)
(0.7583829000, 0.2452141000, 0.6039079000)
(0.7587998000, 0.2453629000, 0.6033310000)
(0.7558320000, 0.2479219000, 0.6059987000)
(0.7559441000, 0.2495847000, 0.6051843000)
(0.7566581000, 0.2511493000, 0.6036422000)
(0.7563050000, 0.2525920000, 0.6034784000)
(0.7571001000, 0.2528784000, 0.6023669000)
(0.7567750000, 0.2536307000, 0.6024574000)
(0.7573755000, 0.2570128000, 0.6002550000)
(0.7571599000, 0.2584709000, 0.5998987000)
(0.7571910000, 0.2603206000, 0.5990723000)
(0.7577602000, 0.2618003000, 0.5976992000)
(0.7575759000, 0.2620311000, 0.5978258000)
(0.7580206000, 0.2673321000, 0.5949130000)
(0.7592964000, 0.2663001000, 0.5937430000)
(0.7602752000, 0.2669161000, 0.5922218000)
(0.7604700000, 0.2676622000, 0.5916304000)
(0.7613766000, 0.2719463000, 0.5885023000)
(0.7618183000, 0.2755342000, 0.5862428000)
(0.7677773000, 0.2750510000, 0.5786585000)
(0.7701488000, 0.2354012000, 0.5928215000)
(0.7724960000, 0.2274004000, 0.5928844000)
(0.7660849000, 0.2185211000, 0.6044441000)
(0.7720628000, 0.2270681000, 0.5935828000)
(0.7706904000, 0.2287655000, 0.5947232000)
(0.7719213000, 0.2311587000, 0.5921745000)
(0.7717175000, 0.2312570000, 0.5924203000)
(0.7719093000, 0.2317604000, 0.5919656000)
(0.7723216000, 0.2320527000, 0.5913135000)
(0.7653732000, 0.2083020000, 0.6089299000)
(0.7637206000, 0.1975863000, 0.6145488000)
(0.7557828000, 0.1946435000, 0.6252012000)
(0.7560689000, 0.1808113000, 0.6289971000)
(0.7559856000, 0.1830680000, 0.6284608000)
(0.7564415000, 0.1852407000, 0.6272803000)
(0.7578804000, 0.1873754000, 0.6249004000)
(0.7582266000, 0.1893061000, 0.6238928000)
(0.7591992000, 0.1887466000, 0.6228644000)
(0.7613425000, 0.1894047000, 0.6200658000)
(0.7607109000, 0.1941933000, 0.6193538000)
(0.7611949000, 0.1953929000, 0.6183846000)
(0.7620857000, 0.1966645000, 0.6168764000)
(0.7627142000, 0.1976250000, 0.6157891000)
(0.7631802000, 0.2018133000, 0.6138511000)
(0.7642854000, 0.2042938000, 0.6116378000)
(0.7641966000, 0.2048670000, 0.6115606000)
(0.7637523000, 0.2061690000, 0.6116891000)
(0.7650445000, 0.2207367000, 0.6049542000)
(0.7671506000, 0.2218504000, 0.6018589000)
(0.7679177000, 0.2253850000, 0.5995622000)
(0.7683809000, 0.2278011000, 0.5980536000)
(0.7683889000, 0.2276959000, 0.5981027000)
(0.7680008000, 0.2285345000, 0.5982619000)
(0.7660396000, 0.2282794000, 0.6008890000)
(0.7676677000, 0.2261585000, 0.5996056000)
(0.7678664000, 0.2273273000, 0.5989008000)
(0.7676644000, 0.2295765000, 0.5983099000)
(0.7676119000, 0.2310018000, 0.5978336000)
(0.7678075000, 0.2338744000, 0.5964617000)
(0.7673112000, 0.2346258000, 0.5967993000)
(0.7675996000, 0.2353229000, 0.5961419000)
(0.7672079000, 0.2364809000, 0.5961899000)
(0.7669108000, 0.2363506000, 0.5966408000)
(0.7663859000, 0.2346063000, 0.5979890000)
(0.7662548000, 0.2346926000, 0.5981287000)
(0.7664435000, 0.2353635000, 0.5976146000)
(0.7664987000, 0.2376125000, 0.5966564000)
(0.7672350000, 0.2399000000, 0.5948042000)
(0.7674482000, 0.2404235000, 0.5943184000)
(0.7674144000, 0.2408304000, 0.5941817000)
(0.7672935000, 0.2406879000, 0.5944094000)
(0.7681758000, 0.2444058000, 0.5917453000)
(0.7682825000, 0.2453332000, 0.5912086000)
(0.7684018000, 0.2454334000, 0.5910124000)
(0.7696209000, 0.2501644000, 0.5874321000)
(0.7701027000, 0.2537943000, 0.5852469000)
(0.7697473000, 0.2548450000, 0.5852627000)
(0.7695768000, 0.2569050000, 0.5845897000)
(0.7693319000, 0.2574854000, 0.5846464000)
(0.7695281000, 0.2576847000, 0.5842999000)
(0.7704148000, 0.2587648000, 0.5826529000)
(0.7705510000, 0.2595021000, 0.5821553000)
(0.7703692000, 0.2606625000, 0.5818712000)
(0.7703810000, 0.2623869000, 0.5810704000)
(0.7702948000, 0.2626615000, 0.5810671000)
(0.7700004000, 0.2634229000, 0.5811169000)
(0.7702955000, 0.2657583000, 0.5796552000)
(0.7702536000, 0.2652922000, 0.5799212000)
(0.7700241000, 0.2642295000, 0.5807251000)
(0.7696867000, 0.2631961000, 0.5816346000)
(0.7695497000, 0.2620821000, 0.5823103000)
(0.7691982000, 0.2608783000, 0.5833315000)
(0.7692956000, 0.2585690000, 0.5842104000)
(0.7688023000, 0.2576076000, 0.5852999000)
(0.7684032000, 0.2564725000, 0.5863091000)
(0.7674798000, 0.2550173000, 0.5881499000)
(0.7675350000, 0.2522328000, 0.5892839000)
(0.7678182000, 0.2507263000, 0.5895674000)
(0.7671843000, 0.2469930000, 0.5919581000)
(0.7666708000, 0.2475189000, 0.5924084000)
(0.7660176000, 0.2476616000, 0.5931906000)
(0.7651583000, 0.2457931000, 0.5950695000)
(0.7650101000, 0.2453521000, 0.5954368000)
(0.7646398000, 0.2447664000, 0.5961587000)
(0.7642921000, 0.2443638000, 0.5967519000)
(0.7641404000, 0.2440514000, 0.5970731000)
(0.7634823000, 0.2436678000, 0.5980948000)
(0.7631569000, 0.2408901000, 0.5996149000)
(0.7631255000, 0.2404062000, 0.5998548000)
(0.7636440000, 0.2407706000, 0.5990418000)
(0.7645071000, 0.2352219000, 0.6001498000)
(0.7647334000, 0.2333007000, 0.6006063000)
(0.7646670000, 0.2312660000, 0.6014800000)
(0.7642018000, 0.2295424000, 0.6027466000)
(0.7636731000, 0.2288664000, 0.6036555000)
(0.7639224000, 0.2309096000, 0.6025778000)
(0.7673869000, 0.2345895000, 0.5967209000)
(0.7711490000, 0.2327405000, 0.5925610000)
(0.7727455000, 0.2335898000, 0.5901675000)
(0.7719998000, 0.2326624000, 0.5915095000)
(0.7727107000, 0.2312855000, 0.5911144000)
(0.7716303000, 0.2312473000, 0.5925295000)
(0.7724558000, 0.2302798000, 0.5918431000)
(0.7722220000, 0.2297697000, 0.5923375000)
(0.7723455000, 0.2312557000, 0.5915903000)
(0.7727087000, 0.2347702000, 0.5897338000)
(0.7719485000, 0.2358320000, 0.5903107000)
(0.7712780000, 0.2380802000, 0.5902855000)
(0.7724452000, 0.2395384000, 0.5881639000)
(0.7714705000, 0.2422929000, 0.5883226000)
(0.7715113000, 0.2420561000, 0.5883610000)
(0.7710332000, 0.2420927000, 0.5889746000)
(0.7716265000, 0.2465345000, 0.5863397000)
(0.7699511000, 0.2555549000, 0.5846660000)
(0.7731237000, 0.2601338000, 0.5784354000)
(0.7746559000, 0.2566109000, 0.5779694000)
(0.7760735000, 0.2573728000, 0.5757295000)
(0.7751839000, 0.2610304000, 0.5752817000)
(0.7739229000, 0.2657659000, 0.5748100000)
(0.7732407000, 0.2707016000, 0.5734069000)
(0.7737399000, 0.2746654000, 0.5708370000)
(0.7721195000, 0.2842515000, 0.5683414000)
(0.7729914000, 0.2807734000, 0.5688872000)
(0.7716788000, 0.2816022000, 0.5702522000)
(0.7718685000, 0.2793085000, 0.5711312000)
(0.7719397000, 0.2803990000, 0.5704920000)
(0.7727315000, 0.2759004000, 0.5716271000)
(0.7730822000, 0.2762434000, 0.5709900000)
(0.7731369000, 0.2776933000, 0.5701923000)
(0.7725474000, 0.2776188000, 0.5710377000)
(0.7727658000, 0.2774182000, 0.5708303000)
(0.7726049000, 0.2770298000, 0.5712388000)
(0.7734883000, 0.2803524000, 0.5684296000)
(0.7737938000, 0.2799742000, 0.5681950000)
(0.7738140000, 0.2782467000, 0.5690130000)
(0.7731221000, 0.2757171000, 0.5711688000)
(0.7732709000, 0.2767898000, 0.5704546000)
(0.7721401000, 0.2779607000, 0.5714298000)
(0.7706841000, 0.2777672000, 0.5734793000)
(0.7707207000, 0.2777652000, 0.5734352000)
(0.7710830000, 0.2786011000, 0.5725256000)
(0.7702770000, 0.2789174000, 0.5734559000)
(0.7703126000, 0.2794612000, 0.5731525000)
(0.7699859000, 0.2791725000, 0.5737451000)
(0.7697425000, 0.2797311000, 0.5737754000)
(0.7690340000, 0.2794608000, 0.5748678000)
(0.7691373000, 0.2785310000, 0.5751889000)
(0.7686793000, 0.2785831000, 0.5757659000)
(0.7674915000, 0.2794600000, 0.5769370000)
(0.7676970000, 0.2799202000, 0.5764291000)
(0.7673129000, 0.2805634000, 0.5766284000)
(0.7674212000, 0.2813479000, 0.5760913000)
(0.7674688000, 0.2825028000, 0.5754807000)
(0.7674124000, 0.2820377000, 0.5757791000)
(0.7673613000, 0.2818063000, 0.5759668000)
(0.7673447000, 0.2821810000, 0.5757902000)
(0.7675459000, 0.2816751000, 0.5757766000)
(0.7678204000, 0.2816127000, 0.5754364000)
(0.7679801000, 0.2817691000, 0.5751600000)
(0.7679778000, 0.2830445000, 0.5745361000)
(0.7678122000, 0.2830791000, 0.5747352000)
(0.7680109000, 0.2830063000, 0.5744973000)
(0.7678891000, 0.2839564000, 0.5741885000)
(0.7678954000, 0.2846866000, 0.5738186000)
(0.7678522000, 0.2848741000, 0.5737867000)
(0.7687340000, 0.2821601000, 0.5739504000)
(0.7732642000, 0.2735854000, 0.5720128000)
(0.7739111000, 0.2537511000, 0.5802124000)
(0.7685977000, 0.2337465000, 0.5954772000)
(0.7676319000, 0.2276118000, 0.5990965000)
(0.7668257000, 0.2227688000, 0.6019359000)
(0.7615542000, 0.1919100000, 0.6190310000)
(0.7613144000, 0.1969020000, 0.6177578000)
(0.7621917000, 0.1989111000, 0.6160112000)
(0.7623560000, 0.1978279000, 0.6161584000)
(0.7640706000, 0.1985261000, 0.6138167000)
(0.7644567000, 0.1931074000, 0.6150492000)
(0.7613416000, 0.1861257000, 0.6210450000)
(0.7578033000, 0.1808865000, 0.6268876000)
(0.7555201000, 0.1744246000, 0.6314693000)
(0.7478363000, 0.1737750000, 0.6407225000)
(0.7494776000, 0.1718247000, 0.6393176000)
(0.7488660000, 0.1724730000, 0.6398608000)
(0.7476997000, 0.1743149000, 0.6407328000)
(0.7471938000, 0.1745325000, 0.6412732000)
(0.7486247000, 0.1747129000, 0.6395555000)
(0.7491735000, 0.1751690000, 0.6387752000)
(0.7485607000, 0.1755460000, 0.6394013000)
(0.7480497000, 0.1758137000, 0.6399055000)
(0.7483970000, 0.1763746000, 0.6393611000)
(0.7486500000, 0.1771098000, 0.6388454000)
(0.7487946000, 0.1767762000, 0.6387851000)
(0.7487538000, 0.1762230000, 0.6389689000)
(0.7490106000, 0.1762157000, 0.6386754000)
(0.7485995000, 0.1751359000, 0.6394475000)
(0.7491153000, 0.1809113000, 0.6372480000)
(0.7510266000, 0.1823463000, 0.6345736000)
(0.7522103000, 0.1794783000, 0.6340079000)
(0.7513349000, 0.1799003000, 0.6349051000)
(0.7516622000, 0.1810533000, 0.6341968000)
(0.7517404000, 0.1801359000, 0.6343548000)
(0.7514815000, 0.1829916000, 0.6338531000)
(0.7522565000, 0.1841888000, 0.6325800000)
(0.7526627000, 0.1847534000, 0.6319318000)
(0.7531093000, 0.1853351000, 0.6312401000)
(0.7534598000, 0.1872059000, 0.6302710000)
(0.7533849000, 0.1874364000, 0.6302907000)
(0.7533174000, 0.1871997000, 0.6304451000)
(0.7533815000, 0.1872671000, 0.6303352000)
(0.7525511000, 0.1906689000, 0.6303231000)
(0.7480656000, 0.2073634000, 0.6303857000)
(0.7452317000, 0.2046483000, 0.6346070000)
(0.7439592000, 0.2203525000, 0.6308460000)
(0.7438269000, 0.2205435000, 0.6309177000)
(0.7418800000, 0.2134092000, 0.6356468000)
(0.7450216000, 0.2142817000, 0.6316651000)
(0.7468582000, 0.2144763000, 0.6294295000)
(0.7472347000, 0.2165722000, 0.6282602000)
(0.7480665000, 0.2198277000, 0.6261394000)
(0.7465678000, 0.2395586000, 0.6206716000)
(0.7438067000, 0.2355713000, 0.6254977000)
(0.7418071000, 0.2389401000, 0.6265901000)
(0.7472362000, 0.2611450000, 0.6110740000)
(0.7534916000, 0.2713408000, 0.5988334000)
(0.7579617000, 0.2770122000, 0.5905393000)
(0.7582350000, 0.2713414000, 0.5928293000)
(0.7581987000, 0.2734485000, 0.5919071000)
(0.7567999000, 0.2747819000, 0.5930773000)
(0.7554276000, 0.2746906000, 0.5948562000)
(0.7568048000, 0.2752963000, 0.5928130000)
(0.7573406000, 0.2754646000, 0.5920677000)
(0.7569789000, 0.2764939000, 0.5920461000)
(0.7567397000, 0.2759110000, 0.5926262000)
(0.7600675000, 0.2707301000, 0.5907583000)
(0.7637490000, 0.2692310000, 0.5866607000)
(0.7626018000, 0.2724583000, 0.5866769000)
(0.7616191000, 0.2700970000, 0.5890400000)
(0.7634460000, 0.2683708000, 0.5874720000)
(0.7635194000, 0.2686734000, 0.5872185000)
(0.7635249000, 0.2689956000, 0.5870593000)
(0.7653184000, 0.2666918000, 0.5857871000)
(0.7652614000, 0.2664073000, 0.5859799000)
(0.7651791000, 0.2674309000, 0.5856284000)
(0.7648329000, 0.2697986000, 0.5849859000)
(0.7646075000, 0.2696070000, 0.5853891000)
(0.7645220000, 0.2698177000, 0.5853847000)
(0.7646585000, 0.2691164000, 0.5855502000)
(0.7646216000, 0.2685083000, 0.5858641000)
(0.7645613000, 0.2671089000, 0.5865957000)
(0.7581010000, 0.2668834000, 0.5950086000)
(0.7599061000, 0.2611593000, 0.5952488000)
(0.7567308000, 0.2740966000, 0.5934664000)
(0.7590847000, 0.2621736000, 0.5958424000)
(0.7576643000, 0.2652283000, 0.5963188000)
(0.7589305000, 0.2627546000, 0.5957946000)
(0.7570958000, 0.2658015000, 0.5967616000)
(0.7564537000, 0.2666835000, 0.5971966000)
(0.7559835000, 0.2669813000, 0.5976445000)
(0.7552202000, 0.2673323000, 0.5984532000)
(0.7549186000, 0.2674997000, 0.5987580000)
(0.7551542000, 0.2669393000, 0.5987285000)
(0.7546910000, 0.2666796000, 0.5994322000)
(0.7544369000, 0.2663852000, 0.5998613000)
(0.7543580000, 0.2667184000, 0.5998327000)
(0.7565746000, 0.2663257000, 0.5972075000)
(0.7568209000, 0.2685078000, 0.5959091000)
(0.7544876000, 0.2630063000, 0.6012877000)
(0.7564214000, 0.2629307000, 0.5989081000)
(0.7567786000, 0.2638874000, 0.5980243000)
(0.7570086000, 0.2645783000, 0.5974319000)
(0.7565929000, 0.2636903000, 0.5983463000)
(0.7552176000, 0.2657956000, 0.5991589000)
(0.7542925000, 0.2667786000, 0.5998800000)
(0.7558659000, 0.2659806000, 0.5982566000)
(0.7562486000, 0.2659196000, 0.5977862000)
(0.7567053000, 0.2659473000, 0.5972064000)
(0.7570617000, 0.2658143000, 0.5968050000)
(0.7574366000, 0.2653711000, 0.5965436000)
(0.7576878000, 0.2651217000, 0.5963298000)
(0.7574472000, 0.2646757000, 0.5968193000)
(0.7578535000, 0.2641288000, 0.5965568000)
(0.7586797000, 0.2637025000, 0.5956864000)
(0.7584143000, 0.2620780000, 0.5967453000)
(0.7582460000, 0.2619235000, 0.5970187000)
(0.7587354000, 0.2612526000, 0.5966906000)
(0.7582695000, 0.2552793000, 0.5998650000)
(0.7576012000, 0.2517955000, 0.6021849000)
(0.7578663000, 0.2523522000, 0.6016119000)
(0.7567508000, 0.2488459000, 0.6044744000)
(0.7567667000, 0.2477389000, 0.6049047000)
(0.7569193000, 0.2466136000, 0.6051679000)
(0.7584851000, 0.2463115000, 0.6033311000)
(0.7585918000, 0.2444308000, 0.6039522000)
(0.7556279000, 0.2441710000, 0.6077827000)
(0.7567686000, 0.2413897000, 0.6074584000)
(0.7567576000, 0.2411137000, 0.6075774000)
(0.7568527000, 0.2390940000, 0.6082724000)
(0.7583188000, 0.2399057000, 0.6061215000)
(0.7583325000, 0.2396241000, 0.6062127000)
(0.7584661000, 0.2397939000, 0.6059827000)
(0.7604493000, 0.2406847000, 0.6031410000)
(0.7603669000, 0.2402003000, 0.6034243000)
(0.7604976000, 0.2392960000, 0.6036204000)
(0.7599136000, 0.2443041000, 0.6023658000)
(0.7598258000, 0.2448193000, 0.6022622000)
(0.7603002000, 0.2441326000, 0.6019425000)
(0.7606492000, 0.2449173000, 0.6011847000)
(0.7605044000, 0.2437242000, 0.6018409000)
(0.7615582000, 0.2422913000, 0.6010885000)
(0.7615702000, 0.2440892000, 0.6003470000)
(0.7610343000, 0.2444864000, 0.6008637000)
(0.7611240000, 0.2432417000, 0.6012500000)
(0.7607820000, 0.2357593000, 0.6046649000)
(0.7606028000, 0.2332924000, 0.6058502000)
(0.7600391000, 0.2321277000, 0.6069886000)
(0.7594362000, 0.2304125000, 0.6083921000)
(0.7594643000, 0.2306752000, 0.6082541000)
(0.7593868000, 0.2300677000, 0.6085881000)
(0.7593799000, 0.2307658000, 0.6083412000)
(0.7597677000, 0.2312931000, 0.6076509000)
(0.7601070000, 0.2305082000, 0.6075215000)
(0.7603042000, 0.2299010000, 0.6075064000)
(0.7604812000, 0.2283009000, 0.6078857000)
(0.7605060000, 0.2286608000, 0.6077292000)
(0.7610924000, 0.2285970000, 0.6070073000)
(0.7612505000, 0.2280573000, 0.6070148000)
(0.7616122000, 0.2258715000, 0.6073707000)
(0.7615795000, 0.2279287000, 0.6066588000)
(0.7620204000, 0.2259708000, 0.6068429000)
(0.7614964000, 0.2255016000, 0.6076518000)
(0.7605962000, 0.2221607000, 0.6100028000)
(0.7605340000, 0.2211825000, 0.6104508000)
(0.7606089000, 0.2207661000, 0.6105180000)
(0.7600203000, 0.2182868000, 0.6121342000)
(0.7594920000, 0.2178302000, 0.6129606000)
(0.7594937000, 0.2187393000, 0.6126250000)
(0.7592372000, 0.2173808000, 0.6134238000)
(0.7590477000, 0.2170546000, 0.6137666000)
(0.7588060000, 0.2164862000, 0.6142629000)
(0.7583420000, 0.2157894000, 0.6150884000)
(0.7582095000, 0.2156665000, 0.6152908000)
(0.7586214000, 0.2150289000, 0.6150175000)
(0.7581000000, 0.2131975000, 0.6162987000)
(0.7579609000, 0.2132300000, 0.6164439000)
(0.7576053000, 0.2116575000, 0.6174219000)
(0.7573783000, 0.2103008000, 0.6181615000)
(0.7572780000, 0.2088737000, 0.6187787000)
(0.7567205000, 0.2055252000, 0.6205869000)
(0.7564669000, 0.2062884000, 0.6206245000)
(0.7561890000, 0.2062859000, 0.6209823000)
(0.7552999000, 0.2025675000, 0.6232808000)
(0.7546009000, 0.2003488000, 0.6248344000)
(0.7542160000, 0.2004042000, 0.6252869000)
(0.7540011000, 0.1987112000, 0.6260768000)
(0.7534832000, 0.1940694000, 0.6281571000)
(0.7539186000, 0.1938522000, 0.6276966000)
(0.7540402000, 0.1941577000, 0.6274578000)
(0.7536871000, 0.1919110000, 0.6285638000)
(0.7534354000, 0.1919322000, 0.6288749000)
(0.7529436000, 0.1924585000, 0.6292939000)
(0.7533369000, 0.1896596000, 0.6296911000)
(0.7528867000, 0.1895952000, 0.6302362000)
(0.7533699000, 0.1885065000, 0.6299928000)
(0.7531350000, 0.1885919000, 0.6302307000)
(0.7524580000, 0.1882997000, 0.6311248000)
(0.7519698000, 0.1883518000, 0.6316984000)
(0.7519106000, 0.1888508000, 0.6316342000)
(0.7528749000, 0.1901219000, 0.6300997000)
(0.7529294000, 0.1897155000, 0.6301434000)
(0.7530450000, 0.1923354000, 0.6292236000)
(0.7535897000, 0.1919659000, 0.6286674000)
(0.7536018000, 0.1930308000, 0.6283242000)
(0.7537236000, 0.1947196000, 0.6276782000)
(0.7545014000, 0.1948490000, 0.6267024000)
(0.7534517000, 0.1948497000, 0.6279470000)
(0.7478903000, 0.1855111000, 0.6373657000)
(0.7484319000, 0.1849555000, 0.6368912000)
(0.7484620000, 0.1848671000, 0.6368666000)
(0.7466695000, 0.1852518000, 0.6388556000)
(0.7462507000, 0.1865389000, 0.6389728000)
(0.7455498000, 0.1839649000, 0.6405525000)
(0.7451921000, 0.1849541000, 0.6406816000)
(0.7453129000, 0.1846173000, 0.6406404000)
(0.7457380000, 0.1854936000, 0.6398806000)
(0.7460221000, 0.1872942000, 0.6390340000)
(0.7462043000, 0.1877166000, 0.6386895000)
(0.7463261000, 0.1888846000, 0.6381990000)
(0.7469668000, 0.1896228000, 0.6372363000)
(0.7478052000, 0.1944250000, 0.6347911000)
(0.7483178000, 0.1954578000, 0.6338703000)
(0.7496172000, 0.1973655000, 0.6317394000)
(0.7501350000, 0.1999049000, 0.6303219000)
(0.7505364000, 0.2016000000, 0.6293137000)
(0.7513130000, 0.2032319000, 0.6278614000)
(0.7520735000, 0.2057018000, 0.6261558000)
(0.7523362000, 0.2132989000, 0.6232836000)
(0.7480187000, 0.2133674000, 0.6284245000)
(0.7477646000, 0.2106852000, 0.6296375000)
(0.7485767000, 0.2130041000, 0.6278808000)
(0.7486929000, 0.2089974000, 0.6290904000)
(0.7492684000, 0.2123631000, 0.6272764000)
(0.7502907000, 0.2190664000, 0.6237520000)
(0.7471008000, 0.2207664000, 0.6269636000)
(0.7465787000, 0.2242206000, 0.6263561000)
(0.7469199000, 0.2257505000, 0.6254087000)
(0.7480624000, 0.2328374000, 0.6214340000)
(0.7478610000, 0.2342661000, 0.6211377000)
(0.7481140000, 0.2350127000, 0.6205536000)
(0.7476496000, 0.2355935000, 0.6208795000)
(0.7463309000, 0.2365177000, 0.6221228000)
(0.7475424000, 0.2371075000, 0.6204437000)
(0.7470211000, 0.2360915000, 0.6214418000)
(0.7481306000, 0.2346805000, 0.6206419000)
(0.7453640000, 0.2335548000, 0.6244023000)
(0.7469165000, 0.2339153000, 0.6224036000)
(0.7459957000, 0.2406029000, 0.6209441000)
(0.7449309000, 0.2292946000, 0.6264955000)
(0.7451890000, 0.2306593000, 0.6256730000)
(0.7482142000, 0.2349924000, 0.6204448000)
(0.7494029000, 0.2309517000, 0.6205009000)
(0.7567698000, 0.2228748000, 0.6144876000)
(0.0000000000, 0.0000000000, 0.0000000000)
(0.0000000000, 0.0000000000, 0.0000000000)
(0.0000000000, 0.0000000000, 0.0000000000)
(0.0000000000, 0.0000000000, 0.0000000000)
(0.0000000000, 0.0000000000, 0.0000000000)
(0.0000000000, 0.0000000000, 0.0000000000)
(0.0000000000, 0.0000000000, 0.0000000000)
(0.0000000000, 0.0000000000, 0.0000000000)
(0.0000000000, 0.0000000000, 0.0000000000)
(0.0000000000, 0.0000000000, 0.0000000000)
(0.0000000000, 0.0000000000, 0.0000000000)
(0.0000000000, 0.0000000000, 0.0000000000)
(0.0000000000, 0.0000000000, 0.0000000000)
(0.0000000000, 0.0000000000, 0.0000000000)
(0.0000000000, 0.0000000000, 0.0000000000)
(0.0000000000, 0.0000000000, 0.0000000000)
(0.7696421000, 0.2755915000, 0.5759299000)
(0.7711353000, 0.2687114000, 0.5771803000)
(0.7737476000, 0.2708911000, 0.5726457000)
(0.7761083000, 0.2576444000, 0.5755529000)
(0.7781820000, 0.2594164000, 0.5719453000)
(0.7746891000, 0.2578983000, 0.5773345000)
(0.7737940000, 0.2624351000, 0.5765057000)
(0.7730227000, 0.2620842000, 0.5776972000)
(0.7726777000, 0.2627408000, 0.5778564000)
(0.7716647000, 0.2595915000, 0.5806394000)
(0.7717615000, 0.2624223000, 0.5792337000)
(0.7705042000, 0.2698711000, 0.5774632000)
(0.7655936000, 0.2599689000, 0.5884406000)
(0.7651417000, 0.2574324000, 0.5901547000)
(0.7657155000, 0.2546047000, 0.5906156000)
(0.7656834000, 0.2559669000, 0.5900660000)
(0.7649934000, 0.2538274000, 0.5919043000)
(0.7654282000, 0.2507202000, 0.5926498000)
(0.7662820000, 0.2501830000, 0.5917888000)
(0.7666667000, 0.2476496000, 0.5923514000)
(0.7671072000, 0.2438212000, 0.5933746000)
(0.7669988000, 0.2433375000, 0.5936965000)
(0.7663223000, 0.2391996000, 0.5962433000)
(0.7694386000, 0.2345286000, 0.5940830000)
(0.7688830000, 0.2339628000, 0.5950381000)
(0.7681323000, 0.2312449000, 0.5970501000)
(0.7672020000, 0.2310350000, 0.5983412000)
(0.7663454000, 0.2287627000, 0.6003141000)
(0.7653950000, 0.2270304000, 0.6021649000)
(0.7643307000, 0.2245419000, 0.6044472000)
(0.7638303000, 0.2199611000, 0.6067685000)
(0.7632321000, 0.2210941000, 0.6070967000)
(0.7637716000, 0.2186828000, 0.6072937000)
(0.7574739000, 0.1959640000, 0.6227543000)
(0.7571675000, 0.1904377000, 0.6248214000)
(0.7549489000, 0.1885171000, 0.6281003000)
(0.7553340000, 0.1853848000, 0.6285545000)
(0.7555928000, 0.1805568000, 0.6296429000)
(0.7543051000, 0.1795131000, 0.6314924000)
(0.7582557000, 0.1821237000, 0.6259887000)
(0.7830500000, 0.2361148000, 0.5753713000)
(0.7829204000, 0.2636562000, 0.5634705000)
(0.7816164000, 0.2664143000, 0.5639803000)
(0.7840066000, 0.2507766000, 0.5678197000)
(0.7800166000, 0.2522639000, 0.5726394000)
(0.7809618000, 0.2444796000, 0.5747408000)
(0.7811219000, 0.2368232000, 0.5777082000)
(0.7803825000, 0.2318294000, 0.5807176000)
(0.7793805000, 0.2319475000, 0.5820261000)
(0.7804993000, 0.2342043000, 0.5796256000)
(0.7816754000, 0.2303099000, 0.5795847000)
(0.7823627000, 0.2324987000, 0.5777793000)
(0.7846102000, 0.2329693000, 0.5745440000)
(0.7820302000, 0.2357778000, 0.5768957000)
(0.7841028000, 0.2609777000, 0.5630683000)
(0.7810739000, 0.2699029000, 0.5630711000)
(0.7829840000, 0.2584412000, 0.5658121000)
(0.7844137000, 0.2506490000, 0.5673121000)
(0.7829852000, 0.2557099000, 0.5670254000)
(0.7855694000, 0.2497552000, 0.5661093000)
(0.7849044000, 0.2475497000, 0.5680150000)
(0.7840967000, 0.2461706000, 0.5697207000)
(0.7824797000, 0.2487070000, 0.5708484000)
(0.7805399000, 0.2446719000, 0.5752147000)
(0.7781802000, 0.2420959000, 0.5794783000)
(0.7768694000, 0.2357083000, 0.5838682000)
(0.7768186000, 0.2347838000, 0.5843043000)
(0.7768668000, 0.2341558000, 0.5844983000)
(0.7776842000, 0.2346695000, 0.5831886000)
(0.7778003000, 0.2335033000, 0.5835226000)
(0.7754558000, 0.2389204000, 0.5844449000)
(0.7722737000, 0.2466548000, 0.5854307000)
(0.7719609000, 0.2474668000, 0.5855045000)
(0.7718530000, 0.2464112000, 0.5860815000)
(0.7708294000, 0.2441187000, 0.5884110000)
(0.7706232000, 0.2433835000, 0.5889589000)
(0.7705256000, 0.2419845000, 0.5896623000)
(0.7699693000, 0.2385424000, 0.5917947000)
(0.7769403000, 0.2311588000, 0.5855886000)
(0.7776608000, 0.2293378000, 0.5853435000)
(0.7772920000, 0.2292608000, 0.5858553000)
(0.7771327000, 0.2286546000, 0.5863196000)
(0.7771114000, 0.2285846000, 0.5863629000)
(0.7761648000, 0.2294703000, 0.5872744000)
(0.7755789000, 0.2305791000, 0.5876228000)
(0.7750922000, 0.2319114000, 0.5877395000)
(0.7751244000, 0.2319553000, 0.5876764000)
(0.7753844000, 0.2292166000, 0.5884128000)
(0.7754536000, 0.2302148000, 0.5879349000)
(0.7693422000, 0.2316815000, 0.5953392000)
(0.7585138000, 0.2360418000, 0.6073875000)
(0.7636444000, 0.2294516000, 0.6034751000)
(0.7623488000, 0.2315799000, 0.6042958000)
(0.7624470000, 0.2327189000, 0.6037452000)
(0.7613638000, 0.2319916000, 0.6053767000)
(0.7616487000, 0.2313855000, 0.6052504000)
(0.7605402000, 0.2337193000, 0.6057647000)
(0.7603515000, 0.2346288000, 0.6056297000)
(0.7602165000, 0.2348661000, 0.6057282000)
(0.7607868000, 0.2339147000, 0.6053751000)
(0.7602277000, 0.2338609000, 0.6060767000)
(0.7604018000, 0.2333548000, 0.6060618000)
(0.7606025000, 0.2325538000, 0.6061113000)
(0.7610172000, 0.2336559000, 0.6051795000)
(0.7608380000, 0.2339430000, 0.6053024000)
(0.7605883000, 0.2345883000, 0.6053562000)
(0.7602913000, 0.2350675000, 0.6055549000)
(0.7603378000, 0.2373143000, 0.6046066000)
(0.7602966000, 0.2374322000, 0.6046101000)
(0.7602202000, 0.2380437000, 0.6044700000)
(0.7609197000, 0.2393801000, 0.6030634000)
(0.7612928000, 0.2396188000, 0.6024954000)
(0.7617490000, 0.2406868000, 0.6015021000)
(0.7615917000, 0.2421180000, 0.6011146000)
(0.7614427000, 0.2422590000, 0.6012367000)
(0.7617925000, 0.2429243000, 0.6005226000)
(0.7617469000, 0.2436361000, 0.6002928000)
(0.7616318000, 0.2438423000, 0.6003736000)
(0.7615529000, 0.2442925000, 0.6002833000)
(0.7616282000, 0.2453815000, 0.5997319000)
(0.7614692000, 0.2460577000, 0.5996813000)
(0.7615302000, 0.2475020000, 0.5990030000)
(0.7614771000, 0.2478025000, 0.5989310000)
(0.7614176000, 0.2479671000, 0.5989524000)
(0.7614129000, 0.2479930000, 0.5989341000)
(0.7612497000, 0.2466253000, 0.5997074000)
(0.7611753000, 0.2465212000, 0.5998482000)
(0.7612944000, 0.2462386000, 0.5998284000)
(0.7613796000, 0.2461988000, 0.5997247000)
(0.7612395000, 0.2458491000, 0.6000437000)
(0.7608262000, 0.2460715000, 0.6004758000)
(0.7581124000, 0.2418416000, 0.6055984000)
(0.7572546000, 0.2380951000, 0.6081658000)
(0.7660105000, 0.2312202000, 0.5997764000)
(0.7683936000, 0.2240777000, 0.5994402000)
(0.7673405000, 0.2242078000, 0.6007391000)
(0.7661071000, 0.2242195000, 0.6023256000)
(0.7671636000, 0.2212486000, 0.6020809000)
(0.7675350000, 0.2195929000, 0.6021937000)
(0.7675230000, 0.2176555000, 0.6029193000)
(0.7669436000, 0.2145648000, 0.6047558000)
(0.7662106000, 0.2120614000, 0.6065840000)
(0.7660189000, 0.2103188000, 0.6074323000)
(0.7657395000, 0.2095584000, 0.6080452000)
(0.7653055000, 0.2073122000, 0.6093650000)
(0.7656142000, 0.2023652000, 0.6106180000)
(0.7652660000, 0.2001600000, 0.6117939000)
(0.7645898000, 0.1997979000, 0.6127514000)
(0.7633457000, 0.1907368000, 0.6171838000)
(0.7830722000, 0.2423985000, 0.5727360000)
(0.7850878000, 0.2526629000, 0.5654939000)
(0.7727301000, 0.2661017000, 0.5762527000)
(0.7736307000, 0.2587568000, 0.5783740000)
(0.7736598000, 0.2529736000, 0.5808901000)
(0.7719591000, 0.2528023000, 0.5832139000)
(0.7725065000, 0.2468877000, 0.5850363000)
(0.7723143000, 0.2450358000, 0.5860698000)
(0.7736954000, 0.2383111000, 0.5870246000)
(0.7806973000, 0.2264272000, 0.5824314000)
(0.7805855000, 0.2267384000, 0.5824668000)
(0.7813688000, 0.2228613000, 0.5829150000)
(0.7815668000, 0.2223087000, 0.5828398000)
(0.7813968000, 0.2242590000, 0.5823331000)
(0.7828859000, 0.2218107000, 0.5812685000)
(0.7801661000, 0.2184593000, 0.5861744000)
(0.7770412000, 0.2173111000, 0.5907376000)
(0.7784187000, 0.2083475000, 0.5921459000)
(0.7757209000, 0.1980922000, 0.5991673000)
(0.7754554000, 0.1927957000, 0.6012209000)
(0.7759904000, 0.1924834000, 0.6006503000)
(0.7710381000, 0.1889720000, 0.6080985000)
(0.7719423000, 0.1911075000, 0.6062744000)
(0.7715700000, 0.1861234000, 0.6082959000)
(0.7680356000, 0.1799043000, 0.6146075000)
(0.7698645000, 0.1783686000, 0.6127552000)
(0.7682264000, 0.1794206000, 0.6145126000)
(0.7675048000, 0.1784624000, 0.6156799000)
(0.7689472000, 0.1778814000, 0.6140512000)
(0.7658241000, 0.1744981000, 0.6189059000)
(0.7875302000, 0.2373804000, 0.5687111000)
(0.7915592000, 0.2646443000, 0.5507931000)
(0.7959629000, 0.2780760000, 0.5376868000)
(0.7932165000, 0.2818496000, 0.5397612000)
(0.7949215000, 0.2846428000, 0.5357723000)
(0.7925084000, 0.2833731000, 0.5400152000)
(0.7933602000, 0.2784128000, 0.5413440000)
(0.7923493000, 0.2804943000, 0.5417516000)
(0.7971560000, 0.2811412000, 0.5343110000)
(0.7929366000, 0.2781386000, 0.5420890000)
(0.7910340000, 0.2738512000, 0.5470473000)
(0.7914583000, 0.2692762000, 0.5486926000)
(0.7903112000, 0.2722990000, 0.5488551000)
(0.7909229000, 0.2728493000, 0.5477039000)
(0.7918819000, 0.2730010000, 0.5462247000)
(0.7927251000, 0.2641615000, 0.5493573000)
(0.7921185000, 0.2629258000, 0.5508192000)
(0.7918241000, 0.2604086000, 0.5524399000)
(0.7899192000, 0.2486638000, 0.5605068000)
(0.7917454000, 0.2446473000, 0.5597131000)
(0.7887768000, 0.2458061000, 0.5633675000)
(0.7880831000, 0.2411887000, 0.5663320000)
(0.7867914000, 0.2345667000, 0.5708959000)
(0.7869411000, 0.2359077000, 0.5701360000)
(0.7805300000, 0.2827621000, 0.5574909000)
(0.7821136000, 0.2864832000, 0.5533497000)
(0.7800487000, 0.2728947000, 0.5630617000)
(0.7808248000, 0.2728294000, 0.5620224000)
(0.7839247000, 0.2683733000, 0.5598323000)
(0.7808001000, 0.2664030000, 0.5651191000)
(0.7790248000, 0.2639193000, 0.5687361000)
(0.7784489000, 0.2595626000, 0.5715227000)
(0.7805336000, 0.2513109000, 0.5723468000)
(0.7807471000, 0.2486795000, 0.5732220000)
(0.7802281000, 0.2478402000, 0.5742828000)
(0.7788588000, 0.2517855000, 0.5744280000)
(0.7780566000, 0.2508222000, 0.5759314000)
(0.7778720000, 0.2500316000, 0.5765365000)
(0.7779494000, 0.2495065000, 0.5766400000)
(0.7775918000, 0.2485427000, 0.5775567000)
(0.7774633000, 0.2492225000, 0.5774230000)
(0.7777315000, 0.2495108000, 0.5769519000)
(0.7795251000, 0.2513029000, 0.5737449000)
(0.7796755000, 0.2526838000, 0.5729250000)
(0.7795274000, 0.2538879000, 0.5726027000)
(0.7767287000, 0.2453666000, 0.5800568000)
(0.7774259000, 0.2457685000, 0.5789626000)
(0.7771439000, 0.2419382000, 0.5809551000)
(0.7759617000, 0.2391377000, 0.5836725000)
(0.7763133000, 0.2353589000, 0.5847377000)
(0.7768634000, 0.2309095000, 0.5857922000)
(0.7767129000, 0.2308754000, 0.5860110000)
(0.7867864000, 0.2492121000, 0.5646666000)
(0.7885813000, 0.2867911000, 0.5439311000)
(0.7932007000, 0.3044817000, 0.5273635000)
(0.7914451000, 0.2887510000, 0.5387306000)
(0.7882793000, 0.2916863000, 0.5417641000)
(0.7892826000, 0.2919901000, 0.5401330000)
(0.7906808000, 0.2881591000, 0.5401595000)
(0.7917104000, 0.2872342000, 0.5391400000)
(0.7908179000, 0.2828376000, 0.5427765000)
(0.7924125000, 0.2842858000, 0.5396758000)
(0.7902513000, 0.2826716000, 0.5436736000)
(0.7886662000, 0.2813291000, 0.5466720000)
(0.7887239000, 0.2808010000, 0.5468612000)
(0.7894291000, 0.2802176000, 0.5461425000)
(0.7897375000, 0.2813748000, 0.5450939000)
(0.7894430000, 0.2823624000, 0.5450214000)
(0.7879308000, 0.2851607000, 0.5457475000)
(0.7862473000, 0.2824796000, 0.5495503000)
(0.7824614000, 0.2790445000, 0.5566501000)
(0.7820231000, 0.2797689000, 0.5569216000)
(0.7829884000, 0.2779176000, 0.5564945000)
(0.7839958000, 0.2705328000, 0.5586988000)
(0.7846373000, 0.2724457000, 0.5568697000)
(0.7838784000, 0.2604964000, 0.5636124000)
(0.7851586000, 0.2577771000, 0.5630718000)
(0.7844642000, 0.2613424000, 0.5624033000)
(0.7839405000, 0.2457288000, 0.5701276000)
(0.7833900000, 0.2466791000, 0.5704703000)
(0.7827282000, 0.2401781000, 0.5741314000)
(0.7832682000, 0.2411489000, 0.5729952000)
(0.7836721000, 0.2421221000, 0.5720374000)
(0.7830552000, 0.2413684000, 0.5732031000)
(0.7824663000, 0.2352171000, 0.5765367000)
(0.7817565000, 0.2349338000, 0.5776181000)
(0.7818996000, 0.2349114000, 0.5774329000)
(0.7811570000, 0.2387550000, 0.5768511000)
(0.7810196000, 0.2342980000, 0.5788745000)
(0.7786350000, 0.2297275000, 0.5838987000)
(0.7765552000, 0.2176262000, 0.5912437000)
(0.7774762000, 0.2171848000, 0.5902039000)
(0.7776982000, 0.2151497000, 0.5906655000)
(0.7783327000, 0.2097526000, 0.5917715000)
(0.7779896000, 0.2097528000, 0.5922060000)
(0.7776219000, 0.2079902000, 0.5933098000)
(0.7774752000, 0.2055493000, 0.5943564000)
(0.7766248000, 0.2062346000, 0.5952219000)
(0.7787116000, 0.2050824000, 0.5929078000)
(0.7772854000, 0.2062564000, 0.5943663000)
(0.7753928000, 0.2047924000, 0.5973308000)
(0.7746076000, 0.2054240000, 0.5981287000)
(0.7774581000, 0.2019940000, 0.5956029000)
(0.7812015000, 0.2575646000, 0.5686468000)
(0.7859841000, 0.2758802000, 0.5532630000)
(0.7859873000, 0.2919925000, 0.5449221000)
(0.7838189000, 0.2916383000, 0.5482378000)
(0.7816941000, 0.2903680000, 0.5519318000)
(0.7802741000, 0.2851789000, 0.5566111000)
(0.7831381000, 0.2801737000, 0.5551302000)
(0.7847116000, 0.2718082000, 0.5570762000)
(0.7846110000, 0.2710479000, 0.5575823000)
(0.7845680000, 0.2712535000, 0.5575441000)
(0.7861881000, 0.2636122000, 0.5589375000)
(0.7861708000, 0.2656549000, 0.5579708000)
(0.7862167000, 0.2653731000, 0.5580426000)
(0.7862366000, 0.2659961000, 0.5577264000)
(0.7863024000, 0.2658174000, 0.5577309000)
(0.7857268000, 0.2663769000, 0.5582519000)
(0.7857013000, 0.2661813000, 0.5583820000)
(0.7842788000, 0.2654352000, 0.5607494000)
(0.7841765000, 0.2654810000, 0.5608559000)
(0.7839506000, 0.2646458000, 0.5615692000)
(0.7834522000, 0.2640305000, 0.5625640000)
(0.7830719000, 0.2633227000, 0.5634246000)
(0.7828507000, 0.2636941000, 0.5635520000)
(0.7821833000, 0.2641198000, 0.5642928000)
(0.7821903000, 0.2641340000, 0.5642747000)
(0.7821696000, 0.2648757000, 0.5639427000)
(0.7826480000, 0.2667221000, 0.5624015000)
(0.7828421000, 0.2672941000, 0.5618570000)
(0.7825542000, 0.2685278000, 0.5616813000)
(0.7825912000, 0.2692851000, 0.5612560000)
(0.7826892000, 0.2700473000, 0.5607567000)
(0.7828183000, 0.2720362000, 0.5596101000)
(0.7850231000, 0.2758542000, 0.5546297000)
(0.7752583000, 0.2621848000, 0.5746565000)
(0.7666545000, 0.2273535000, 0.6004468000)
(0.7500960000, 0.1745687000, 0.6378464000)
(0.7439100000, 0.1556893000, 0.6498860000)
(0.7462245000, 0.1241715000, 0.6539949000)
(0.7449203000, 0.1314859000, 0.6540590000)
(0.7409137000, 0.1265977000, 0.6595383000)
(0.7402387000, 0.1273331000, 0.6601545000)
(0.7438161000, 0.1348461000, 0.6546279000)
(0.7490407000, 0.1356065000, 0.6484711000)
(0.7479026000, 0.1299837000, 0.6509383000)
(0.7481388000, 0.1498232000, 0.6463868000)
(0.7472907000, 0.1532427000, 0.6465707000)
(0.7489380000, 0.1556807000, 0.6440806000)
(0.7535688000, 0.1632028000, 0.6367795000)
(0.7530107000, 0.1618192000, 0.6377808000)
(0.7554005000, 0.1648815000, 0.6341724000)
(0.7536870000, 0.1661895000, 0.6358528000)
(0.7550390000, 0.1665606000, 0.6341683000)
(0.7547696000, 0.1698204000, 0.6336053000)
(0.7571279000, 0.1660435000, 0.6318083000)
(0.7535378000, 0.1715420000, 0.6346077000)
(0.7557674000, 0.1758912000, 0.6307715000)
(0.7564719000, 0.1761307000, 0.6298571000)
(0.7575735000, 0.1870354000, 0.6253675000)
(0.7576365000, 0.1920988000, 0.6237633000)
(0.7581399000, 0.2053976000, 0.6188937000)
(0.7593855000, 0.1999063000, 0.6191500000)
(0.7584227000, 0.2032333000, 0.6192421000)
(0.7595652000, 0.2206247000, 0.6118597000)
(0.7597336000, 0.2263696000, 0.6095350000)
(0.7623773000, 0.2310719000, 0.6044633000)
(0.7623471000, 0.2356046000, 0.6027304000)
(0.7643346000, 0.2358624000, 0.6001185000)
(0.7668989000, 0.2338254000, 0.5976490000)
(0.7674513000, 0.2332186000, 0.5971583000)
(0.7679139000, 0.2358991000, 0.5955160000)
(0.7664901000, 0.2351327000, 0.5976475000)
(0.7664802000, 0.2325974000, 0.5986599000)
(0.7643254000, 0.2350441000, 0.6004673000)
(0.7667176000, 0.2416701000, 0.5947386000)
(0.7702389000, 0.2417665000, 0.5901406000)
(0.7713146000, 0.2361642000, 0.5910072000)
(0.7639381000, 0.1865380000, 0.6177336000)
(0.7563154000, 0.1424794000, 0.6384835000)
(0.7512162000, 0.1272162000, 0.6476618000)
(0.7454434000, 0.1127073000, 0.6569655000)
(0.7442946000, 0.1102955000, 0.6586787000)
(0.7443751000, 0.1233216000, 0.6562582000)
(0.7469703000, 0.1278879000, 0.6524305000)
(0.7522753000, 0.1270859000, 0.6464677000)
(0.7521275000, 0.1251756000, 0.6469983000)
(0.7513911000, 0.1265233000, 0.6476099000)
(0.7522518000, 0.1241180000, 0.6470734000)
(0.7522169000, 0.1211237000, 0.6476732000)
(0.7496342000, 0.1206924000, 0.6507530000)
(0.7517155000, 0.1298140000, 0.6465759000)
(0.7543827000, 0.1301883000, 0.6433892000)
(0.7543896000, 0.1302911000, 0.6433498000)
(0.7548411000, 0.1327270000, 0.6423182000)
(0.7553176000, 0.1341153000, 0.6414748000)
(0.7542779000, 0.1348841000, 0.6425321000)
(0.7536029000, 0.1390802000, 0.6424312000)
(0.7537465000, 0.1425370000, 0.6415017000)
(0.7539084000, 0.1442715000, 0.6409223000)
(0.7544684000, 0.1467495000, 0.6396977000)
(0.7546163000, 0.1474434000, 0.6393753000)
(0.7547189000, 0.1472835000, 0.6392956000)
(0.7553879000, 0.1496891000, 0.6379459000)
(0.7563460000, 0.1531749000, 0.6359792000)
(0.7571713000, 0.1564795000, 0.6341741000)
(0.7573996000, 0.1571097000, 0.6337427000)
(0.7575416000, 0.1577403000, 0.6334305000)
(0.7571935000, 0.1574979000, 0.6339107000)
(0.7578226000, 0.1582116000, 0.6329821000)
(0.7573522000, 0.1580791000, 0.6335694000)
(0.7569097000, 0.1583496000, 0.6340269000)
(0.7564638000, 0.1580551000, 0.6346461000)
(0.7566504000, 0.1584206000, 0.6343191000)
(0.7566881000, 0.1582917000, 0.6343012000)
(0.7571628000, 0.1598860000, 0.6333402000)
(0.7661107000, 0.1631834000, 0.6216301000)
(0.7708601000, 0.1923926000, 0.6072425000)
(0.7738106000, 0.1981478000, 0.6016049000)
(0.7742209000, 0.1988565000, 0.6008508000)
(0.7724937000, 0.1998890000, 0.6027280000)
(0.7737779000, 0.2009871000, 0.6007127000)
(0.7741002000, 0.2014158000, 0.6001447000)
(0.7743751000, 0.2006398000, 0.6000583000)
(0.7743273000, 0.1998338000, 0.6003888000)
(0.7740860000, 0.1992238000, 0.6008911000)
(0.7738276000, 0.1993242000, 0.6011933000)
(0.7738969000, 0.1992543000, 0.6011230000)
(0.7739461000, 0.1999530000, 0.6008373000)
(0.7741973000, 0.2002244000, 0.6004152000)
(0.7730358000, 0.2018853000, 0.6013587000)
(0.7729231000, 0.2011937000, 0.6017435000)
(0.7722597000, 0.2018627000, 0.6023702000)
(0.7716135000, 0.2037682000, 0.6025573000)
(0.7712703000, 0.2049720000, 0.6025869000)
(0.7708784000, 0.2064839000, 0.6025646000)
(0.7707297000, 0.2079292000, 0.6022665000)
(0.7709826000, 0.2069633000, 0.6022757000)
(0.7712832000, 0.2059816000, 0.6022362000)
(0.7720572000, 0.2030718000, 0.6022113000)
(0.7717564000, 0.2027477000, 0.6027266000)
(0.7715750000, 0.2026189000, 0.6030053000)
(0.7714660000, 0.2028507000, 0.6030459000)
(0.7712870000, 0.2022998000, 0.6034817000)
(0.7711034000, 0.2022407000, 0.6037229000)
(0.7708595000, 0.2017291000, 0.6041982000)
(0.7708522000, 0.2019899000, 0.6041145000)
(0.7708930000, 0.2011948000, 0.6043459000)
(0.7706404000, 0.2004057000, 0.6049190000)
(0.7703657000, 0.1978405000, 0.6061198000)
(0.7697973000, 0.2000124000, 0.6061376000)
(0.7704870000, 0.1970823000, 0.6062027000)
(0.7701567000, 0.1973807000, 0.6065267000)
(0.7704801000, 0.1973246000, 0.6061353000)
(0.7701195000, 0.1975246000, 0.6065411000)
(0.7706754000, 0.1966122000, 0.6061118000)
(0.7708510000, 0.1930647000, 0.6070458000)
(0.7716273000, 0.1953105000, 0.6053371000)
(0.7709652000, 0.1933328000, 0.6068106000)
(0.7715921000, 0.1951990000, 0.6054123000)
(0.7713266000, 0.1969331000, 0.6051990000)
(0.7711158000, 0.1992199000, 0.6047072000)
(0.7714217000, 0.1995301000, 0.6042249000)
(0.7721627000, 0.1998108000, 0.6031909000)
(0.7741327000, 0.2129595000, 0.5961189000)
(0.7749696000, 0.2143536000, 0.5945254000)
(0.7746428000, 0.2235990000, 0.5915334000)
(0.7751541000, 0.2257724000, 0.5900402000)
(0.7749256000, 0.2294729000, 0.5889148000)
(0.7768416000, 0.2325380000, 0.5851760000)
(0.7768127000, 0.2337530000, 0.5847263000)
(0.7758657000, 0.2326438000, 0.5864285000)
(0.7785711000, 0.2387106000, 0.5803795000)
(0.7783442000, 0.2391230000, 0.5804998000)
(0.7778515000, 0.2385036000, 0.5814072000)
(0.7783452000, 0.2398944000, 0.5801870000)
(0.7775757000, 0.2409076000, 0.5808077000)
(0.7783848000, 0.2405146000, 0.5798666000)
(0.7749377000, 0.2406196000, 0.5844387000)
(0.7659767000, 0.2094519000, 0.6077760000)
(0.7563626000, 0.1860401000, 0.6271228000)
(0.7479095000, 0.1437933000, 0.6480133000)
(0.7466965000, 0.1382896000, 0.6506193000)
(0.7448472000, 0.1338957000, 0.6536558000)
(0.7448090000, 0.1419506000, 0.6519894000)
(0.7452474000, 0.1424152000, 0.6513886000)
(0.7445571000, 0.1380396000, 0.6531092000)
(0.7470599000, 0.1432469000, 0.6491209000)
(0.7489781000, 0.1455090000, 0.6464198000)
(0.7476335000, 0.1502783000, 0.6468642000)
(0.7500001000, 0.1627794000, 0.6410775000)
(0.7512146000, 0.1676629000, 0.6384054000)
(0.7496689000, 0.1665671000, 0.6404910000)
(0.7524735000, 0.1716405000, 0.6358445000)
(0.7516392000, 0.1734742000, 0.6363314000)
(0.7538613000, 0.1730055000, 0.6338270000)
(0.7536024000, 0.1805895000, 0.6320145000)
(0.7539993000, 0.1825201000, 0.6309963000)
(0.7556849000, 0.1891634000, 0.6270012000)
(0.7559230000, 0.1917645000, 0.6259300000)
(0.7562176000, 0.1937325000, 0.6249597000)
(0.7567042000, 0.2137489000, 0.6178192000)
(0.7565022000, 0.2193162000, 0.6160986000)
(0.7565070000, 0.2248603000, 0.6140919000)
(0.7530341000, 0.2270829000, 0.6175436000)
(0.7559329000, 0.2286421000, 0.6134020000)
(0.7605910000, 0.2395150000, 0.6034138000)
(0.7629548000, 0.2346842000, 0.6023407000)
(0.7614254000, 0.2421703000, 0.6013099000)
(0.7624748000, 0.2429412000, 0.5996630000)
(0.7623457000, 0.2436282000, 0.5995516000)
(0.7621858000, 0.2464398000, 0.5985909000)
(0.7646094000, 0.2517526000, 0.5932768000)
(0.7631308000, 0.2529767000, 0.5946581000)
(0.7638327000, 0.2487788000, 0.5955265000)
(0.7681731000, 0.2586573000, 0.5856635000)
(0.7678246000, 0.2586020000, 0.5861353000)
(0.7443261000, 0.2497457000, 0.6193423000)
(0.7412397000, 0.2116267000, 0.6369989000)
(0.7383696000, 0.2100573000, 0.6408279000)
(0.7410794000, 0.2114320000, 0.6372435000)
(0.7445487000, 0.2131808000, 0.6325949000)
(0.7423512000, 0.2104376000, 0.6360966000)
(0.7425482000, 0.2101013000, 0.6359823000)
(0.7411565000, 0.2125690000, 0.6367736000)
(0.7418702000, 0.2103653000, 0.6366850000)
(0.7411373000, 0.2117856000, 0.6370705000)
(0.7419417000, 0.2159528000, 0.6347284000)
(0.7431314000, 0.2170309000, 0.6329572000)
(0.7437670000, 0.2226835000, 0.6302480000)
(0.7446337000, 0.2174331000, 0.6310607000)
(0.7453269000, 0.2249356000, 0.6275926000)
(0.7442605000, 0.2257602000, 0.6285649000)
(0.7451203000, 0.2267006000, 0.6271934000)
(0.7455471000, 0.2256072000, 0.6270980000)
(0.7475950000, 0.2273374000, 0.6240122000)
(0.7477543000, 0.2288778000, 0.6232754000)
(0.7472286000, 0.2283861000, 0.6240859000)
(0.7471815000, 0.2367625000, 0.6209949000)
(0.7473974000, 0.2411636000, 0.6190547000)
(0.7472436000, 0.2450628000, 0.6176866000)
(0.7600229000, 0.2471364000, 0.6010469000)
(0.7613556000, 0.2446463000, 0.6004015000)
(0.7625933000, 0.2413260000, 0.6001728000)
(0.7638076000, 0.2434734000, 0.5977597000)
(0.7622073000, 0.2435081000, 0.5997653000)
(0.7628816000, 0.2424671000, 0.5993431000)
(0.7632851000, 0.2431307000, 0.5985568000)
(0.7635840000, 0.2420392000, 0.5986062000)
(0.7635546000, 0.2420863000, 0.5986245000)
(0.7640616000, 0.2452835000, 0.5966738000)
(0.7644597000, 0.2472808000, 0.5953363000)
(0.7639790000, 0.2479034000, 0.5956979000)
(0.7639176000, 0.2489243000, 0.5953603000)
(0.7634441000, 0.2490129000, 0.5959163000)
(0.7634287000, 0.2492212000, 0.5958536000)
(0.7630255000, 0.2492905000, 0.5963405000)
(0.7632792000, 0.2499149000, 0.5957654000)
(0.7631013000, 0.2494937000, 0.5961769000)
(0.7629176000, 0.2484210000, 0.5968414000)
(0.7634562000, 0.2489584000, 0.5959335000)
(0.7643192000, 0.2492038000, 0.5947192000)
(0.7681076000, 0.2518105000, 0.5887043000)
(0.7693596000, 0.2533341000, 0.5864170000)
(0.7699224000, 0.2536367000, 0.5855414000)
(0.7695384000, 0.2540079000, 0.5859036000)
(0.7686966000, 0.2542491000, 0.5869032000)
(0.7677396000, 0.2545113000, 0.5880252000)
(0.7693825000, 0.2603222000, 0.5833254000)
(0.7706114000, 0.2597630000, 0.5819613000)
(0.7710747000, 0.2590213000, 0.5816634000)
(0.7710930000, 0.2583242000, 0.5819519000)
(0.7713844000, 0.2638559000, 0.5790885000)
(0.7709528000, 0.2662272000, 0.5785685000)
(0.7687556000, 0.2736977000, 0.5780079000)
(0.7678306000, 0.2725303000, 0.5797845000)
(0.7699817000, 0.2754251000, 0.5755426000)
(0.7718906000, 0.2807504000, 0.5703838000)
(0.7720509000, 0.2840570000, 0.5685428000)
(0.7711758000, 0.2717407000, 0.5757083000)
(0.7662168000, 0.2734219000, 0.5814896000)
(0.7649133000, 0.2735138000, 0.5831556000)
(0.7647026000, 0.2728100000, 0.5837603000)
(0.7651982000, 0.2738554000, 0.5826167000)
(0.7661487000, 0.2743690000, 0.5811412000)
(0.7682779000, 0.2749860000, 0.5780206000)
(0.7719496000, 0.2801957000, 0.5705802000)
(0.7726695000, 0.2825073000, 0.5684643000)
(0.7720507000, 0.2829051000, 0.5691184000)
(0.7720847000, 0.2830654000, 0.5689908000)
(0.7724064000, 0.2835158000, 0.5683245000)
(0.7720748000, 0.2835168000, 0.5687729000)
(0.7722804000, 0.2830052000, 0.5687457000)
(0.7728123000, 0.2824077000, 0.5683208000)
(0.7729645000, 0.2819754000, 0.5683349000)
(0.7731969000, 0.2830023000, 0.5675052000)
(0.7720419000, 0.2850108000, 0.5680734000)
(0.7725494000, 0.2850989000, 0.5673485000)
(0.7723296000, 0.2859432000, 0.5672030000)
(0.7723669000, 0.2863318000, 0.5669597000)
(0.7724264000, 0.2863110000, 0.5668938000)
(0.7725043000, 0.2883927000, 0.5657304000)
(0.7729071000, 0.2893394000, 0.5647057000)
(0.7729753000, 0.2901646000, 0.5641801000)
(0.7734908000, 0.2913153000, 0.5628629000)
(0.7736151000, 0.2913130000, 0.5626988000)
(0.7739750000, 0.2912752000, 0.5622275000)
(0.7742420000, 0.2956751000, 0.5595514000)
(0.7735784000, 0.2966731000, 0.5599461000)
(0.7733192000, 0.2978022000, 0.5597021000)
(0.7733458000, 0.2994782000, 0.5587673000)
(0.7733623000, 0.3000992000, 0.5584244000)
(0.7737659000, 0.3013659000, 0.5571786000)
(0.7739387000, 0.3038906000, 0.5555610000)
(0.7738820000, 0.3052589000, 0.5548866000)
(0.7735562000, 0.3059598000, 0.5549727000)
(0.7732612000, 0.3056547000, 0.5555381000)
(0.7705762000, 0.2910843000, 0.5669783000)
(0.7666690000, 0.2837224000, 0.5759254000)
(0.7650428000, 0.2629030000, 0.5878493000)
(0.7670885000, 0.2712989000, 0.5813313000)
(0.7671070000, 0.2722374000, 0.5808820000)
(0.7655256000, 0.2741856000, 0.5820321000)
(0.7644708000, 0.2745703000, 0.5832439000)
(0.7652890000, 0.2730171000, 0.5829099000)
(0.7614127000, 0.2714139000, 0.5886971000)
(0.7614254000, 0.2711417000, 0.5888030000)
(0.7630613000, 0.2709728000, 0.5867782000)
(0.7629011000, 0.2706723000, 0.5871046000)
(0.7628991000, 0.2703166000, 0.5872736000)
(0.7628785000, 0.2697362000, 0.5875711000)
(0.7627875000, 0.2706987000, 0.5872577000)
(0.7624372000, 0.2707957000, 0.5876594000)
(0.7625008000, 0.2703586000, 0.5877751000)
(0.7616509000, 0.2687376000, 0.5896184000)
(0.7614816000, 0.2674827000, 0.5903981000)
(0.7612702000, 0.2645937000, 0.5919804000)
(0.7700079000, 0.2682466000, 0.5788947000)
(0.7771688000, 0.2709030000, 0.5679703000)
(0.7757596000, 0.2750745000, 0.5678975000)
(0.7777785000, 0.2796490000, 0.5628822000)
(0.7768971000, 0.2797717000, 0.5640465000)
(0.7772642000, 0.2790569000, 0.5638816000)
(0.7774481000, 0.2785507000, 0.5638736000)
(0.7795361000, 0.2782416000, 0.5611550000)
(0.7793529000, 0.2766700000, 0.5621802000)
(0.7787073000, 0.2788257000, 0.5620210000)
(0.7783223000, 0.2778737000, 0.5630097000)
(0.7789245000, 0.2754366000, 0.5633664000)
(0.7787135000, 0.2773268000, 0.5627438000)
(0.7789151000, 0.2762156000, 0.5629993000)
(0.7790182000, 0.2725271000, 0.5646527000)
(0.7777683000, 0.2774049000, 0.5640144000)
(0.7784704000, 0.2863495000, 0.5585501000)
(0.7770308000, 0.2849924000, 0.5612401000)
(0.7808387000, 0.2869590000, 0.5549042000)
(0.7806367000, 0.2880529000, 0.5546317000)
(0.7783208000, 0.2861849000, 0.5588465000)
(0.7790436000, 0.2798381000, 0.5610275000)
(0.7804772000, 0.2798603000, 0.5590188000)
(0.7784871000, 0.2808107000, 0.5613346000)
(0.7763221000, 0.2828668000, 0.5632916000)
(0.7756727000, 0.2825882000, 0.5643268000)
(0.7749631000, 0.2794011000, 0.5668839000)
(0.7782750000, 0.2782317000, 0.5629115000)
(0.7783434000, 0.2769323000, 0.5634439000)
(0.7785283000, 0.2785679000, 0.5623855000)
(0.7780498000, 0.2811744000, 0.5617434000)
(0.7779047000, 0.2814917000, 0.5617898000)
(0.7781233000, 0.2817311000, 0.5613739000)
(0.7782386000, 0.2817988000, 0.5611741000)
(0.7777723000, 0.2811727000, 0.5621340000)
(0.7771389000, 0.2791280000, 0.5640231000)
(0.7769418000, 0.2750039000, 0.5663280000)
(0.7765215000, 0.2733245000, 0.5677083000)
(0.7742406000, 0.2745998000, 0.5701944000)
(0.7752233000, 0.2727157000, 0.5697641000)
(0.7748657000, 0.2738642000, 0.5696947000)
(0.7752703000, 0.2712769000, 0.5703960000)
(0.7742969000, 0.2708059000, 0.5719241000)
(0.7740059000, 0.2685226000, 0.5734023000)
(0.7737395000, 0.2680880000, 0.5739629000)
(0.7737534000, 0.2692606000, 0.5734008000)
(0.7737099000, 0.2699348000, 0.5731339000)
(0.7737172000, 0.2678823000, 0.5740858000)
(0.7738189000, 0.2658781000, 0.5748981000)
(0.7738856000, 0.2650633000, 0.5751813000)
(0.7739528000, 0.2645602000, 0.5753289000)
(0.7732239000, 0.2638683000, 0.5766060000)
(0.7726701000, 0.2656000000, 0.5765561000)
(0.7726672000, 0.2635436000, 0.5775021000)
(0.7722847000, 0.2628499000, 0.5783243000)
(0.7719034000, 0.2621856000, 0.5791425000)
(0.7718622000, 0.2617570000, 0.5793958000)
(0.7715964000, 0.2622553000, 0.5795166000)
(0.7713045000, 0.2625291000, 0.5797829000)
(0.7711090000, 0.2627589000, 0.5799422000)
(0.7708727000, 0.2626018000, 0.5803260000)
(0.7709416000, 0.2628427000, 0.5801216000)
(0.7707651000, 0.2617772000, 0.5808391000)
(0.7708620000, 0.2631632000, 0.5800865000)
(0.7708169000, 0.2633083000, 0.5800718000)
(0.7707868000, 0.2633997000, 0.5800731000)
(0.7708290000, 0.2634211000, 0.5800101000)
(0.7706574000, 0.2636455000, 0.5801435000)
(0.7708113000, 0.2636306000, 0.5799373000)
(0.7715976000, 0.2657273000, 0.5779215000)
(0.7713930000, 0.2657075000, 0.5782230000)
(0.7704833000, 0.2667339000, 0.5789450000)
(0.7703146000, 0.2684384000, 0.5783836000)
(0.7704844000, 0.2688572000, 0.5779753000)
(0.7711723000, 0.2721510000, 0.5754960000)
(0.7668821000, 0.2633893000, 0.5852455000)
(0.7623782000, 0.2539980000, 0.5951908000)
(0.7551441000, 0.2555931000, 0.6036671000)
(0.7489585000, 0.2367788000, 0.6188540000)
(0.7499863000, 0.2417979000, 0.6156529000)
(0.7521327000, 0.2337592000, 0.6161451000)
(0.7498900000, 0.2360585000, 0.6180049000)
(0.7511653000, 0.2358155000, 0.6165488000)
(0.7532601000, 0.2343314000, 0.6145579000)
(0.7545437000, 0.2318952000, 0.6139086000)
(0.7539518000, 0.2324350000, 0.6144294000)
(0.7541025000, 0.2319993000, 0.6144087000)
(0.7542396000, 0.2237830000, 0.6172786000)
(0.7534787000, 0.2152878000, 0.6212057000)
(0.7500388000, 0.2000012000, 0.6304191000)
(0.7487671000, 0.1954830000, 0.6333473000)
(0.7477649000, 0.2001498000, 0.6330645000)
(0.7475845000, 0.1988627000, 0.6336746000)
(0.7476292000, 0.1964246000, 0.6343926000)
(0.7467840000, 0.1954484000, 0.6356876000)
(0.7481106000, 0.1926336000, 0.6349880000)
(0.7494777000, 0.1914607000, 0.6337174000)
(0.7503034000, 0.1934208000, 0.6321585000)
(0.7482275000, 0.1924615000, 0.6349067000)
(0.7409086000, 0.1943634000, 0.6428636000)
(0.7403843000, 0.1893560000, 0.6449377000)
(0.7395050000, 0.1895487000, 0.6459030000)
(0.7397702000, 0.1909856000, 0.6451601000)
(0.7394178000, 0.1914093000, 0.6454381000)
(0.7391306000, 0.1916864000, 0.6456941000)
(0.7399741000, 0.1919124000, 0.6446593000)
(0.7400542000, 0.1921091000, 0.6445069000)
(0.7401561000, 0.1919012000, 0.6444649000)
(0.7408659000, 0.1948774000, 0.6427491000)
(0.7403563000, 0.1945591000, 0.6434388000)
(0.7447298000, 0.1921829000, 0.6390711000)
(0.7511473000, 0.1851009000, 0.6336466000)
(0.7502233000, 0.1828329000, 0.6353940000)
(0.7508417000, 0.1847251000, 0.6341052000)
(0.7499806000, 0.1807297000, 0.6362763000)
(0.7519330000, 0.1829056000, 0.6333466000)
(0.7515821000, 0.1818621000, 0.6340566000)
(0.7518975000, 0.1834173000, 0.6332309000)
(0.7521427000, 0.1832490000, 0.6329898000)
(0.7524725000, 0.1837961000, 0.6324325000)
(0.7525185000, 0.1838601000, 0.6323728000)
(0.7524359000, 0.1834844000, 0.6325817000)
(0.7529774000, 0.1856230000, 0.6313021000)
(0.7515559000, 0.1875911000, 0.6324075000)
(0.7513872000, 0.1840872000, 0.6336523000)
(0.7497982000, 0.1785650000, 0.6371076000)
(0.7467638000, 0.1758204000, 0.6414196000)
(0.7456625000, 0.1767225000, 0.6424530000)
(0.7467920000, 0.1774803000, 0.6409268000)
(0.7472580000, 0.1779813000, 0.6402512000)
(0.7476354000, 0.1787730000, 0.6395919000)
(0.7478791000, 0.1780488000, 0.6394895000)
(0.7475145000, 0.1779251000, 0.6399680000)
(0.7477170000, 0.1784969000, 0.6395623000)
(0.7476709000, 0.1792042000, 0.6394257000)
(0.7483216000, 0.1822103000, 0.6377981000)
(0.7483731000, 0.1829387000, 0.6375288000)
(0.7486027000, 0.1835016000, 0.6371073000)
(0.7499473000, 0.1858381000, 0.6348346000)
(0.7498754000, 0.1867553000, 0.6346501000)
(0.7500911000, 0.1877546000, 0.6341007000)
(0.7503415000, 0.1895347000, 0.6332780000)
(0.7504967000, 0.1924822000, 0.6322029000)
(0.7494109000, 0.1887807000, 0.6346102000)
(0.7504895000, 0.1932687000, 0.6319667000)
(0.7505504000, 0.1938620000, 0.6317214000)
(0.7510124000, 0.1914462000, 0.6319143000)
(0.7501382000, 0.2013824000, 0.6298461000)
(0.7503310000, 0.2018695000, 0.6294640000)
(0.7500695000, 0.2059478000, 0.6284706000)
(0.7501716000, 0.2080645000, 0.6276509000)
(0.7564268000, 0.2051399000, 0.6210713000)
(0.7596815000, 0.2057506000, 0.6168767000)
(0.7646291000, 0.2124063000, 0.6084399000)
(0.7652560000, 0.2122238000, 0.6077220000)
(0.7633668000, 0.2112580000, 0.6104311000)
(0.7639043000, 0.2089784000, 0.6105351000)
(0.7644967000, 0.2188413000, 0.6063441000)
(0.7627898000, 0.2105071000, 0.6114056000)
(0.7639551000, 0.2115768000, 0.6095933000)
(0.7628598000, 0.2116019000, 0.6109353000)
(0.7624654000, 0.2053125000, 0.6135657000)
(0.7628195000, 0.2143770000, 0.6100352000)
(0.7630734000, 0.2233294000, 0.6064944000)
(0.7626267000, 0.2275982000, 0.6054547000)
(0.7536255000, 0.2345225000, 0.6140335000)
(0.7548976000, 0.2318138000, 0.6134989000)
(0.7567567000, 0.2306335000, 0.6116518000)
(0.7571667000, 0.2314055000, 0.6108541000)
(0.7570940000, 0.2305799000, 0.6112385000)
(0.7570178000, 0.2302977000, 0.6114510000)
(0.7571754000, 0.2312649000, 0.6108864000)
(0.7570400000, 0.2320868000, 0.6107536000)
(0.7569841000, 0.2325351000, 0.6106483000)
(0.7574638000, 0.2350135000, 0.6091033000)
(0.7572908000, 0.2351105000, 0.6092822000)
(0.7572333000, 0.2348628000, 0.6094356000)
(0.7567747000, 0.2367428000, 0.6092803000)
(0.7618837000, 0.2293542000, 0.6057232000)
(0.7619905000, 0.2315212000, 0.6047637000)
(0.7631522000, 0.2292068000, 0.6041852000)
(0.7631346000, 0.2274437000, 0.6048815000)
(0.7661477000, 0.2278033000, 0.6009219000)
(0.7642120000, 0.2309742000, 0.6021639000)
(0.7644101000, 0.2302930000, 0.6021935000)
(0.7648319000, 0.2303496000, 0.6016346000)
(0.7648499000, 0.2299835000, 0.6017389000)
(0.7649724000, 0.2296764000, 0.6016973000)
(0.7651833000, 0.2276730000, 0.6022086000)
(0.7654639000, 0.2294417000, 0.6011789000)
(0.7652599000, 0.2298852000, 0.6012563000)
(0.7657598000, 0.2298271000, 0.6006564000)
(0.7658401000, 0.2301539000, 0.6004117000)
(0.7654692000, 0.2315533000, 0.6003633000)
(0.7654841000, 0.2318073000, 0.6002396000)
(0.7654906000, 0.2328415000, 0.5998231000)
(0.7616310000, 0.2334398000, 0.6044785000)
(0.7574394000, 0.2332649000, 0.6098042000)
(0.7579958000, 0.2307532000, 0.6100562000)
(0.7582749000, 0.2329580000, 0.6088683000)
(0.7585438000, 0.2352567000, 0.6076654000)
(0.7581426000, 0.2375308000, 0.6072778000)
(0.7565232000, 0.2372748000, 0.6093906000)
(0.7582400000, 0.2399475000, 0.6062061000)
(0.7580934000, 0.2408790000, 0.6060067000)
(0.7586046000, 0.2406708000, 0.6054597000)
(0.7581982000, 0.2420732000, 0.6054058000)
(0.7590466000, 0.2418334000, 0.6044401000)
(0.7603401000, 0.2425505000, 0.6025220000)
(0.7615554000, 0.2461856000, 0.5995036000)
(0.7624146000, 0.2295826000, 0.6049886000)
(0.7620212000, 0.2356942000, 0.6031193000)
(0.7586192000, 0.2227684000, 0.6122650000)
(0.7592259000, 0.2166305000, 0.6137033000)
(0.7566299000, 0.2022559000, 0.6217709000)
(0.7565649000, 0.1849077000, 0.6272148000)
(0.7512933000, 0.1777442000, 0.6355621000)
(0.7483009000, 0.1774852000, 0.6391674000)
(0.7475940000, 0.1759481000, 0.6404140000)
(0.7476842000, 0.1747007000, 0.6406490000)
(0.7468968000, 0.1748489000, 0.6415324000)
(0.7472098000, 0.1746518000, 0.6412218000)
(0.7483872000, 0.1743331000, 0.6399229000)
(0.7469086000, 0.1735588000, 0.6418590000)
(0.7481833000, 0.1750882000, 0.6399490000)
(0.7452664000, 0.1734530000, 0.6437971000)
(0.7420933000, 0.1740161000, 0.6473059000)
(0.7423769000, 0.1753370000, 0.6466255000)
(0.7418687000, 0.1758066000, 0.6470835000)
(0.7422817000, 0.1748172000, 0.6468667000)
(0.7427043000, 0.1745792000, 0.6464449000)
(0.7427844000, 0.1760760000, 0.6459482000)
(0.7426148000, 0.1771850000, 0.6458526000)
(0.7427954000, 0.1776436000, 0.6455079000)
(0.7429475000, 0.1789226000, 0.6449866000)
(0.7412425000, 0.1820649000, 0.6460497000)
(0.7458729000, 0.1803851000, 0.6411763000)
(0.7511411000, 0.1793677000, 0.6353011000)
(0.7534778000, 0.1808664000, 0.6320821000)
(0.7555978000, 0.1805346000, 0.6296638000)
(0.7558418000, 0.1807482000, 0.6292920000)
(0.7559364000, 0.1829652000, 0.6285321000)
(0.7555440000, 0.1846335000, 0.6285315000)
(0.7555524000, 0.1887157000, 0.6272972000)
(0.7555864000, 0.1896618000, 0.6269652000)
(0.7562205000, 0.1922520000, 0.6254123000)
(0.7571426000, 0.1953301000, 0.6233591000)
(0.7574257000, 0.1975732000, 0.6222979000)
(0.7574274000, 0.1982114000, 0.6220915000)
(0.7596816000, 0.2121466000, 0.6146949000)
(0.7605448000, 0.2152044000, 0.6125726000)
(0.7599391000, 0.2234767000, 0.6103676000)
(0.7521679000, 0.2294861000, 0.6177092000)
(0.7536019000, 0.2258415000, 0.6173127000)
(0.7511464000, 0.2296741000, 0.6188820000)
(0.7509440000, 0.2376729000, 0.6160885000)
(0.7438459000, 0.2430989000, 0.6225491000)
(0.7558165000, 0.2527069000, 0.6040426000)
(0.7343418000, 0.1910804000, 0.6513156000)
(0.0000000000, 0.0000000000, 0.0000000000)
(0.0000000000, 0.0000000000, 0.0000000000)
(0.0000000000, 0.0000000000, 0.0000000000)
(0.0000000000, 0.0000000000, 0.0000000000)
(0.0000000000, 0.0000000000, 0.0000000000)
(0.0000000000, 0.0000000000, 0.0000000000)
(0.0000000000, 0.0000000000, 0.0000000000)
(0.0000000000, 0.0000000000, 0.0000000000)
(0.0000000000, 0.0000000000, 0.0000000000)
(0.0000000000, 0.0000000000, 0.0000000000)
(0.0000000000, 0.0000000000, 0.0000000000)
(0.7094649000, 0.2055540000, 0.6740806000)
(0.7491916000, 0.2171825000, 0.6257218000)
(0.7512686000, 0.2450774000, 0.6128040000)
(0.7576002000, 0.2530606000, 0.6016554000)
(0.7630535000, 0.2540200000, 0.5943087000)
(0.7668402000, 0.2517256000, 0.5903949000)
(0.7614715000, 0.2515065000, 0.5973967000)
(0.7676181000, 0.2475828000, 0.5911466000)
(0.7688086000, 0.2405454000, 0.5924890000)
(0.7679684000, 0.2428608000, 0.5926445000)
(0.7661492000, 0.2461327000, 0.5936434000)
(0.7608780000, 0.2471440000, 0.5999740000)
(0.7655303000, 0.2443771000, 0.5951641000)
(0.7661636000, 0.2402426000, 0.5960236000)
(0.7657831000, 0.2469899000, 0.5937650000)
(0.7715604000, 0.2440444000, 0.5874755000)
(0.7694591000, 0.2509700000, 0.5873005000)
(0.7674812000, 0.2515793000, 0.5896367000)
(0.7673618000, 0.2504886000, 0.5902522000)
(0.7679579000, 0.2511851000, 0.5891709000)
(0.7688508000, 0.2519617000, 0.5876756000)
(0.7693278000, 0.2535361000, 0.5863836000)
(0.7649322000, 0.2628095000, 0.5880486000)
(0.7645740000, 0.2631314000, 0.5883572000)
(0.7655582000, 0.2632440000, 0.5870182000)
(0.7650172000, 0.2619511000, 0.5883037000)
(0.7648746000, 0.2623434000, 0.5883327000)
(0.7652805000, 0.2626381000, 0.5876642000)
(0.7650982000, 0.2631933000, 0.5876607000)
(0.7651256000, 0.2609744000, 0.5886028000)
(0.7643883000, 0.2642289000, 0.5881156000)
(0.7649860000, 0.2644702000, 0.5872356000)
(0.7662883000, 0.2624297000, 0.5864298000)
(0.7646679000, 0.2637547000, 0.5879741000)
(0.7652954000, 0.2624268000, 0.5877377000)
(0.7647357000, 0.2621189000, 0.5886164000)
(0.7649605000, 0.2612507000, 0.5887045000)
(0.7652909000, 0.2647713000, 0.5866980000)
(0.7640111000, 0.2663075000, 0.5876750000)
(0.7583365000, 0.2631033000, 0.5963964000)
(0.7545306000, 0.2597338000, 0.6026542000)
(0.7551534000, 0.2636972000, 0.6001622000)
(0.7563668000, 0.2632780000, 0.5988105000)
(0.7564524000, 0.2662435000, 0.5973812000)
(0.7553792000, 0.2688465000, 0.5975868000)
(0.7562255000, 0.2719622000, 0.5950946000)
(0.7559689000, 0.2725310000, 0.5951603000)
(0.7550734000, 0.2788482000, 0.5933676000)
(0.7579144000, 0.2862913000, 0.5861700000)
(0.7572505000, 0.2869112000, 0.5867086000)
(0.7592199000, 0.2879271000, 0.5836528000)
(0.7608728000, 0.2913502000, 0.5798076000)
(0.7611053000, 0.2940740000, 0.5781194000)
(0.7626999000, 0.2945062000, 0.5758019000)
(0.7588823000, 0.2974860000, 0.5792943000)
(0.7624362000, 0.2956472000, 0.5755551000)
(0.7629305000, 0.2959329000, 0.5747419000)
(0.7636738000, 0.3044069000, 0.5693249000)
(0.7633377000, 0.3055994000, 0.5691296000)
(0.7672678000, 0.3070998000, 0.5629912000)
(0.7672772000, 0.3037010000, 0.5648409000)
(0.7617483000, 0.3117217000, 0.5679232000)
(0.7605470000, 0.3025078000, 0.5744921000)
(0.7591789000, 0.3057927000, 0.5745509000)
(0.7578171000, 0.3066853000, 0.5758827000)
(0.7581397000, 0.3141329000, 0.5714278000)
(0.7586937000, 0.3124508000, 0.5716046000)
(0.7598306000, 0.3160373000, 0.5681304000)
(0.7563425000, 0.3123074000, 0.5748049000)
(0.7590247000, 0.3176385000, 0.5682992000)
(0.7634565000, 0.3112490000, 0.5658894000)
(0.7637696000, 0.3127055000, 0.5646818000)
(0.7639120000, 0.3102232000, 0.5658519000)
(0.7642322000, 0.3105823000, 0.5652235000)
(0.7637666000, 0.3069184000, 0.5678553000)
(0.7641817000, 0.3045880000, 0.5685261000)
(0.7645205000, 0.3082187000, 0.5661329000)
(0.7640464000, 0.3028169000, 0.5696625000)
(0.7641048000, 0.3025366000, 0.5697348000)
(0.7620312000, 0.3022951000, 0.5726424000)
(0.7583538000, 0.2933738000, 0.5820706000)
(0.7601393000, 0.2939111000, 0.5794703000)
(0.7588669000, 0.2934831000, 0.5813595000)
(0.7566685000, 0.3001859000, 0.5807977000)
(0.7531435000, 0.3041598000, 0.5833012000)
(0.7585496000, 0.2997335000, 0.5785642000)
(0.7619023000, 0.2998385000, 0.5740998000)
(0.7616298000, 0.2992394000, 0.5747722000)
(0.7616097000, 0.2992986000, 0.5747747000)
(0.7613221000, 0.2993827000, 0.5751032000)
(0.7608718000, 0.2913704000, 0.5797948000)
(0.7539906000, 0.2987478000, 0.5850110000)
(0.7596152000, 0.2880929000, 0.5830581000)
(0.7510855000, 0.2911968000, 0.5925038000)
(0.7550080000, 0.2882851000, 0.5889358000)
(0.7517368000, 0.2862375000, 0.5941010000)
(0.7589858000, 0.2964292000, 0.5797026000)
(0.7593123000, 0.2938212000, 0.5805933000)
(0.7588035000, 0.2877168000, 0.5843073000)
(0.7540147000, 0.2945139000, 0.5871270000)
(0.7529573000, 0.2986437000, 0.5863777000)
(0.0000000000, 0.0000000000, 0.0000000000)
(0.0000000000, 0.0000000000, 0.0000000000)
(0.0000000000, 0.0000000000, 0.0000000000)
(0.0000000000, 0.0000000000, 0.0000000000)
(0.0000000000, 0.0000000000, 0.0000000000)
(0.0000000000, 0.0000000000, 0.0000000000)
(0.0000000000, 0.0000000000, 0.0000000000)
(0.0000000000, 0.0000000000, 0.0000000000)
(0.0000000000, 0.0000000000, 0.0000000000)
(0.0000000000, 0.0000000000, 0.0000000000)
(0.0000000000, 0.0000000000, 0.0000000000)
(0.0000000000, 0.0000000000, 0.0000000000)
(0.0000000000, 0.0000000000, 0.0000000000)
(0.0000000000, 0.0000000000, 0.0000000000)
(0.0000000000, 0.0000000000, 0.0000000000)
(0.0000000000, 0.0000000000, 0.0000000000)
(0.7665893000, 0.3136163000, 0.5603200000)
(0.7699776000, 0.2995424000, 0.5633854000)
(0.7687479000, 0.3019656000, 0.5637734000)
(0.7729738000, 0.2969677000, 0.5606336000)
(0.7692736000, 0.3075132000, 0.5600330000)
(0.7703503000, 0.3076438000, 0.5584725000)
(0.7725087000, 0.3039717000, 0.5574982000)
(0.7732375000, 0.3042286000, 0.5563494000)
(0.7692145000, 0.3093477000, 0.5591022000)
(0.7707739000, 0.3114923000, 0.5557495000)
(0.7724657000, 0.3075013000, 0.5556402000)
(0.7719944000, 0.3089039000, 0.5555194000)
(0.7717257000, 0.3086505000, 0.5560073000)
(0.7643653000, 0.3094228000, 0.5656860000)
(0.7616996000, 0.3117744000, 0.5679715000)
(0.7687235000, 0.3181384000, 0.5548429000)
(0.7687743000, 0.3161856000, 0.5558627000)
(0.7702312000, 0.3154455000, 0.5542624000)
(0.7725937000, 0.3083912000, 0.5549580000)
(0.7713746000, 0.3098737000, 0.5558336000)
(0.7693911000, 0.3107519000, 0.5580778000)
(0.7689796000, 0.3106725000, 0.5587046000)
(0.7655476000, 0.3088753000, 0.5643801000)
(0.7674513000, 0.3044574000, 0.5641893000)
(0.7688525000, 0.2965675000, 0.5664781000)
(0.7650189000, 0.2926655000, 0.5736567000)
(0.7659613000, 0.2836966000, 0.5768773000)
(0.7661055000, 0.2873499000, 0.5748740000)
(0.7643523000, 0.2876250000, 0.5770876000)
(0.7656883000, 0.2882116000, 0.5750119000)
(0.7643872000, 0.2889039000, 0.5763977000)
(0.7642502000, 0.2906867000, 0.5756727000)
(0.7657198000, 0.2919390000, 0.5730873000)
(0.7653707000, 0.2955545000, 0.5716993000)
(0.7660684000, 0.3010336000, 0.5678846000)
(0.7615867000, 0.3067492000, 0.5708585000)
(0.7628505000, 0.3067317000, 0.5691730000)
(0.7639416000, 0.3085093000, 0.5667488000)
(0.7644947000, 0.3047180000, 0.5680549000)
(0.7631583000, 0.3080792000, 0.5680297000)
(0.7625695000, 0.3060421000, 0.5699117000)
(0.7631102000, 0.3052448000, 0.5696359000)
(0.7633783000, 0.3047247000, 0.5695468000)
(0.7632651000, 0.3034104000, 0.5703911000)
(0.7651110000, 0.3045281000, 0.5673151000)
(0.7624909000, 0.3054654000, 0.5703448000)
(0.7607915000, 0.2963208000, 0.5773952000)
(0.7641768000, 0.2942499000, 0.5739639000)
(0.7661544000, 0.2939526000, 0.5714825000)
(0.7657250000, 0.2923653000, 0.5728700000)
(0.7683084000, 0.2890090000, 0.5711129000)
(0.7726095000, 0.2815096000, 0.5690383000)
(0.7733130000, 0.2855847000, 0.5660478000)
(0.7767479000, 0.2827357000, 0.5627555000)
(0.7758265000, 0.2764002000, 0.5671632000)
(0.7741067000, 0.2704474000, 0.5723653000)
(0.7746493000, 0.2747984000, 0.5695542000)
(0.7726675000, 0.2774388000, 0.5709668000)
(0.7753699000, 0.2758712000, 0.5680413000)
(0.7743502000, 0.2756217000, 0.5695463000)
(0.7735069000, 0.2743112000, 0.5713241000)
(0.7762808000, 0.2829711000, 0.5632884000)
(0.7738148000, 0.2837200000, 0.5663136000)
(0.7770875000, 0.2810206000, 0.5631657000)
(0.7751644000, 0.2784311000, 0.5670684000)
(0.7743293000, 0.2794269000, 0.5677402000)
(0.7746323000, 0.2798852000, 0.5670819000)
(0.7738732000, 0.2818858000, 0.5671438000)
(0.7736382000, 0.2816004000, 0.5675980000)
(0.7736988000, 0.2811424000, 0.5677391000)
(0.7741053000, 0.2813471000, 0.5670935000)
(0.7734443000, 0.2832723000, 0.5670219000)
(0.7734681000, 0.2818080000, 0.5677268000)
(0.7743395000, 0.2817188000, 0.5665809000)
(0.7746807000, 0.2831886000, 0.5653873000)
(0.7756601000, 0.2834105000, 0.5639253000)
(0.7753325000, 0.2776690000, 0.5672298000)
(0.7754996000, 0.2797805000, 0.5659661000)
(0.7737017000, 0.2779296000, 0.5693241000)
(0.7736291000, 0.2804684000, 0.5681792000)
(0.7751592000, 0.2813817000, 0.5656234000)
(0.7742307000, 0.2786677000, 0.5682268000)
(0.7665023000, 0.2761163000, 0.5798490000)
(0.7636137000, 0.2778944000, 0.5827932000)
(0.7643478000, 0.2870445000, 0.5773846000)
(0.7649348000, 0.2762133000, 0.5818522000)
(0.7683452000, 0.2830107000, 0.5740566000)
(0.7634169000, 0.2811698000, 0.5814710000)
(0.7663056000, 0.2651902000, 0.5851880000)
(0.7559703000, 0.2639628000, 0.5990134000)
(0.0000000000, 0.0000000000, 0.0000000000)
(0.0000000000, 0.0000000000, 0.0000000000)
(0.0000000000, 0.0000000000, 0.0000000000)
(0.0000000000, 0.0000000000, 0.0000000000)
(0.0000000000, 0.0000000000, 0.0000000000)
(0.0000000000, 0.0000000000, 0.0000000000)
(0.0000000000, 0.0000000000, 0.0000000000)
(0.0000000000, 0.0000000000, 0.0000000000)
(0.0000000000, 0.0000000000, 0.0000000000)
(0.0000000000, 0.0000000000, 0.0000000000)
(0.0000000000, 0.0000000000, 0.0000000000)
(0.0000000000, 0.0000000000, 0.0000000000)
(0.0000000000, 0.0000000000, 0.0000000000)
(0.0000000000, 0.0000000000, 0.0000000000)
(0.0000000000, 0.0000000000, 0.0000000000)
(0.7467180000, 0.2685077000, 0.6085312000)
(0.7501407000, 0.2770392000, 0.6004345000)
(0.7514753000, 0.2822878000, 0.5962958000)
(0.7490587000, 0.2829432000, 0.5990378000)
(0.7596832000, 0.2788885000, 0.5874459000)
(0.7555678000, 0.2778294000, 0.5932136000)
(0.7540457000, 0.2782580000, 0.5949486000)
(0.7604653000, 0.2841924000, 0.5838666000)
(0.7613629000, 0.2872255000, 0.5812206000)
(0.7644051000, 0.2805671000, 0.5804856000)
(0.7606021000, 0.2814858000, 0.5849954000)
(0.7600755000, 0.2831743000, 0.5848802000)
(0.7591205000, 0.2833624000, 0.5860226000)
(0.7593095000, 0.2787777000, 0.5879827000)
(0.7591928000, 0.2790354000, 0.5879978000)
(0.7559696000, 0.2829129000, 0.5903010000)
(0.7578244000, 0.2822238000, 0.5882521000)
(0.7576114000, 0.2798615000, 0.5896584000)
(0.7551371000, 0.2866330000, 0.5895638000)
(0.7586597000, 0.2858162000, 0.5854402000)
(0.7561838000, 0.2809516000, 0.5909613000)
(0.7554279000, 0.2749142000, 0.5947481000)
(0.7556121000, 0.2773268000, 0.5934026000)
(0.7562770000, 0.2737264000, 0.5942261000)
(0.7571512000, 0.2733140000, 0.5933048000)
(0.7576048000, 0.2688298000, 0.5947775000)
(0.7576397000, 0.2692669000, 0.5945225000)
(0.7570229000, 0.2676440000, 0.5960503000)
(0.7559409000, 0.2663513000, 0.5979800000)
(0.7551182000, 0.2618350000, 0.6010293000)
(0.7516199000, 0.2664255000, 0.6033719000)
(0.7539565000, 0.2633460000, 0.6018056000)
(0.7524717000, 0.2622983000, 0.6041185000)
(0.7530922000, 0.2623882000, 0.6033079000)
(0.7549317000, 0.2601289000, 0.6019825000)
(0.7532550000, 0.2622725000, 0.6031671000)
(0.7536074000, 0.2597325000, 0.6038181000)
(0.7524592000, 0.2601666000, 0.6050697000)
(0.7553057000, 0.2665922000, 0.5986712000)
(0.7641180000, 0.2953143000, 0.5734985000)
(0.7655085000, 0.2901986000, 0.5742534000)
(0.7660030000, 0.2927061000, 0.5723180000)
(0.7676993000, 0.2983745000, 0.5670812000)
(0.7669197000, 0.2965075000, 0.5691143000)
(0.7657181000, 0.3018136000, 0.5679631000)
(0.7641132000, 0.3033586000, 0.5692916000)
(0.7642514000, 0.2986939000, 0.5715535000)
(0.7646913000, 0.2874406000, 0.5767177000)
(0.7651713000, 0.2918890000, 0.5738555000)
(0.7660946000, 0.2911016000, 0.5730192000)
(0.7651187000, 0.2906008000, 0.5745683000)
(0.7663263000, 0.2911026000, 0.5726927000)
(0.7642366000, 0.2878676000, 0.5771093000)
(0.7636991000, 0.2877876000, 0.5778549000)
(0.7637931000, 0.2834349000, 0.5798743000)
(0.7635747000, 0.2828042000, 0.5804796000)
(0.7638001000, 0.2834872000, 0.5798495000)
(0.7635430000, 0.2831478000, 0.5803579000)
(0.7642841000, 0.2817088000, 0.5800748000)
(0.7638626000, 0.2785905000, 0.5821395000)
(0.7634075000, 0.2757965000, 0.5840721000)
(0.7630418000, 0.2805992000, 0.5822468000)
(0.7688908000, 0.2816464000, 0.5739899000)
(0.7689599000, 0.2846220000, 0.5724167000)
(0.7713306000, 0.2868935000, 0.5680857000)
(0.7706922000, 0.2830995000, 0.5708616000)
(0.7741199000, 0.2816633000, 0.5669051000)
(0.7717770000, 0.2791282000, 0.5713490000)
(0.7710640000, 0.2793128000, 0.5722035000)
(0.7663926000, 0.2822525000, 0.5770139000)
(0.7698900000, 0.2764078000, 0.5752046000)
(0.7687705000, 0.2773706000, 0.5762350000)
(0.7689466000, 0.2778988000, 0.5757357000)
(0.7677279000, 0.2753014000, 0.5786157000)
(0.7675679000, 0.2757077000, 0.5786245000)
(0.7670063000, 0.2738571000, 0.5802452000)
(0.7619434000, 0.2770608000, 0.5853814000)
(0.7605994000, 0.2743519000, 0.5883925000)
(0.7602394000, 0.2778818000, 0.5871865000)
(0.7621002000, 0.2708261000, 0.5880893000)
(0.7626601000, 0.2724434000, 0.5865991000)
(0.7622298000, 0.2734780000, 0.5866925000)
(0.7617682000, 0.2728406000, 0.5875712000)
(0.7616271000, 0.2718797000, 0.5882115000)
(0.7597622000, 0.2711875000, 0.5909347000)
(0.7580481000, 0.2717715000, 0.5928726000)
(0.7579928000, 0.2714674000, 0.5930662000)
(0.7579254000, 0.2708741000, 0.5934209000)
(0.7550476000, 0.2713664000, 0.5968736000)
(0.7583040000, 0.2693532000, 0.5936472000)
(0.7589295000, 0.2701710000, 0.5924574000)
(0.7595577000, 0.2696013000, 0.5919237000)
(0.7586634000, 0.2696781000, 0.5930383000)
(0.7574361000, 0.2698818000, 0.5944952000)
(0.7545280000, 0.2698269000, 0.5982112000)
(0.7530836000, 0.2698308000, 0.6000394000)
(0.7528542000, 0.2690914000, 0.6006512000)
(0.7512441000, 0.2683696000, 0.6029845000)
(0.7508950000, 0.2680165000, 0.6035698000)
(0.7506664000, 0.2669644000, 0.6043287000)
(0.7481049000, 0.2679214000, 0.6070762000)
(0.7467570000, 0.2686441000, 0.6084110000)
(0.7461876000, 0.2663245000, 0.6101397000)
(0.7455714000, 0.2653990000, 0.6112853000)
(0.7453597000, 0.2656744000, 0.6114290000)
(0.7452201000, 0.2657246000, 0.6115713000)
(0.7432274000, 0.2591853000, 0.6167706000)
(0.7489339000, 0.2542931000, 0.6118888000)
(0.7537450000, 0.2511466000, 0.6072564000)
(0.7560318000, 0.2476119000, 0.6058658000)
(0.7556926000, 0.2470480000, 0.6065364000)
(0.7548361000, 0.2460430000, 0.6080082000)
(0.7561029000, 0.2477566000, 0.6057377000)
(0.7558976000, 0.2484042000, 0.6057183000)
(0.7567599000, 0.2482100000, 0.6047202000)
(0.7556736000, 0.2514581000, 0.6047273000)
(0.7560742000, 0.2504716000, 0.6046464000)
(0.7564235000, 0.2489176000, 0.6048427000)
(0.7580725000, 0.2491109000, 0.6027126000)
(0.7590585000, 0.2485045000, 0.6017081000)
(0.7588732000, 0.2492011000, 0.6016651000)
(0.7587267000, 0.2490322000, 0.6019210000)
(0.7588996000, 0.2498638000, 0.6013598000)
(0.7586474000, 0.2496423000, 0.6017603000)
(0.7588482000, 0.2497289000, 0.6014727000)
(0.7589380000, 0.2495790000, 0.6014307000)
(0.7588012000, 0.2490581000, 0.6017993000)
(0.7586166000, 0.2485642000, 0.6022472000)
(0.7582487000, 0.2485324000, 0.6027294000)
(0.7579510000, 0.2492839000, 0.6027900000)
(0.7576921000, 0.2482026000, 0.6035517000)
(0.7567158000, 0.2465437000, 0.6054646000)
(0.7566298000, 0.2462450000, 0.6056914000)
(0.7571235000, 0.2472762000, 0.6046490000)
(0.7562364000, 0.2479389000, 0.6054940000)
(0.7560815000, 0.2482327000, 0.6055552000)
(0.7561458000, 0.2486301000, 0.6053281000)
(0.7549976000, 0.2484248000, 0.6068214000)
(0.7553632000, 0.2477372000, 0.6066462000)
(0.7587930000, 0.2440605000, 0.6038631000)
(0.7589342000, 0.2390556000, 0.6056943000)
(0.7591590000, 0.2423756000, 0.6040763000)
(0.7593119000, 0.2432345000, 0.6035447000)
(0.7593554000, 0.2443877000, 0.6030274000)
(0.7590263000, 0.2433818000, 0.6038502000)
(0.7587963000, 0.2386339000, 0.6060274000)
(0.7585214000, 0.2352447000, 0.6076879000)
(0.7584436000, 0.2367496000, 0.6072020000)
(0.7609332000, 0.2301478000, 0.6066212000)
(0.7613347000, 0.2294054000, 0.6064132000)
(0.7596527000, 0.2271513000, 0.6093455000)
(0.7613980000, 0.2305380000, 0.6058885000)
(0.7615537000, 0.2316572000, 0.6052673000)
(0.7629990000, 0.2365818000, 0.6015213000)
(0.7647141000, 0.2344865000, 0.6001705000)
(0.7641026000, 0.2332860000, 0.6014125000)
(0.7611202000, 0.2336784000, 0.6050339000)
(0.7545986000, 0.2433566000, 0.6093727000)
(0.7588025000, 0.2393909000, 0.6057147000)
(0.7583922000, 0.2423948000, 0.6050385000)
(0.7572134000, 0.2387289000, 0.6079534000)
(0.7570521000, 0.2372198000, 0.6087551000)
(0.7569893000, 0.2367269000, 0.6090335000)
(0.7566744000, 0.2376067000, 0.6090692000)
(0.7570238000, 0.2384676000, 0.6082997000)
(0.7568208000, 0.2388273000, 0.6084059000)
(0.7550265000, 0.2383767000, 0.6108173000)
(0.7563142000, 0.2386743000, 0.6090919000)
(0.7558293000, 0.2387399000, 0.6096727000)
(0.7549899000, 0.2391304000, 0.6105645000)
(0.7544174000, 0.2385046000, 0.6115102000)
(0.7542626000, 0.2381325000, 0.6118618000)
(0.7540990000, 0.2395242000, 0.6115054000)
(0.7539492000, 0.2391079000, 0.6118568000)
(0.7535426000, 0.2396052000, 0.6121598000)
(0.7508764000, 0.2372097000, 0.6163698000)
(0.7508374000, 0.2354721000, 0.6170799000)
(0.7505651000, 0.2338734000, 0.6180102000)
(0.7500149000, 0.2291268000, 0.6204512000)
(0.7500791000, 0.2280681000, 0.6207510000)
(0.7499214000, 0.2288418000, 0.6206676000)
(0.7552080000, 0.2334523000, 0.6124873000)
(0.7587659000, 0.2292667000, 0.6096638000)
(0.7606410000, 0.2257730000, 0.6086405000)
(0.7589211000, 0.2318197000, 0.6085168000)
(0.7591023000, 0.2320836000, 0.6081843000)
(0.7586101000, 0.2328836000, 0.6084794000)
(0.7581915000, 0.2326863000, 0.6090789000)
(0.7584472000, 0.2329616000, 0.6086524000)
(0.7586701000, 0.2330384000, 0.6083477000)
(0.7590044000, 0.2337165000, 0.6076668000)
(0.7591772000, 0.2330328000, 0.6077120000)
(0.7594275000, 0.2330475000, 0.6074081000)
(0.7587569000, 0.2316985000, 0.6087677000)
(0.7600375000, 0.2261862000, 0.6092416000)
(0.7596411000, 0.2291871000, 0.6085993000)
(0.7588388000, 0.2313552000, 0.6087869000)
(0.7522597000, 0.2272803000, 0.6184149000)
(0.7499037000, 0.2111816000, 0.6269176000)
(0.0000000000, 0.0000000000, 0.0000000000)
(0.0000000000, 0.0000000000, 0.0000000000)
(0.0000000000, 0.0000000000, 0.0000000000)
(0.0000000000, 0.0000000000, 0.0000000000)
(0.0000000000, 0.0000000000, 0.0000000000)
(0.0000000000, 0.0000000000, 0.0000000000)
(0.0000000000, 0.0000000000, 0.0000000000)
(0.0000000000, 0.0000000000, 0.0000000000)
(0.0000000000, 0.0000000000, 0.0000000000)
(0.0000000000, 0.0000000000, 0.0000000000)
(0.7240642000, 0.2928574000, 0.6244580000)
(0.7429042000, 0.2089639000, 0.6359259000)
(0.7356572000, 0.2207398000, 0.6403574000)
(0.7402939000, 0.2121561000, 0.6379231000)
(0.7421279000, 0.2165873000, 0.6342971000)
(0.7485967000, 0.2403823000, 0.6178961000)
(0.7479550000, 0.2348852000, 0.6207822000)
(0.7485237000, 0.2289531000, 0.6223144000)
(0.7411444000, 0.2266938000, 0.6318924000)
(0.7442513000, 0.2249528000, 0.6288663000)
(0.7423409000, 0.2325305000, 0.6283698000)
(0.7432957000, 0.2329672000, 0.6270778000)
(0.7443120000, 0.2329919000, 0.6258590000)
(0.7439671000, 0.2421852000, 0.6227684000)
(0.7441130000, 0.2363730000, 0.6248158000)
(0.7435278000, 0.2335300000, 0.6265867000)
(0.7456461000, 0.2401689000, 0.6215295000)
(0.7419150000, 0.2313541000, 0.6292945000)
(0.7437156000, 0.2387318000, 0.6243986000)
(0.7420983000, 0.2459275000, 0.6235216000)
(0.7375751000, 0.2468255000, 0.6285198000)
(0.7406560000, 0.2433035000, 0.6262637000)
(0.7394763000, 0.2345654000, 0.6309808000)
(0.7400629000, 0.2433794000, 0.6269381000)
(0.7401518000, 0.2449885000, 0.6262199000)
(0.7391078000, 0.2430744000, 0.6281980000)
(0.7392061000, 0.2412709000, 0.6287748000)
(0.7392192000, 0.2409164000, 0.6288931000)
(0.7397123000, 0.2434797000, 0.6273276000)
(0.7381756000, 0.2415486000, 0.6298763000)
(0.7397713000, 0.2413710000, 0.6280701000)
(0.7394768000, 0.2418665000, 0.6282225000)
(0.7401262000, 0.2435775000, 0.6267892000)
(0.7485121000, 0.2544147000, 0.6123672000)
(0.7514398000, 0.2558737000, 0.6081511000)
(0.7538943000, 0.2549896000, 0.6054868000)
(0.7523170000, 0.2467150000, 0.6108389000)
(0.7518493000, 0.2449171000, 0.6121504000)
(0.7529765000, 0.2456623000, 0.6104661000)
(0.7552762000, 0.2451222000, 0.6078222000)
(0.7573684000, 0.2475526000, 0.6042227000)
(0.7342003000, 0.1899217000, 0.6518086000)
(0.0000000000, 0.0000000000, 0.0000000000)
(0.0000000000, 0.0000000000, 0.0000000000)
(0.0000000000, 0.0000000000, 0.0000000000)
(0.0000000000, 0.0000000000, 0.0000000000)
(0.0000000000, 0.0000000000, 0.0000000000)
(0.0000000000, 0.0000000000, 0.0000000000)
(0.0000000000, 0.0000000000, 0.0000000000)
(0.0000000000, 0.0000000000, 0.0000000000)
(0.0000000000, 0.0000000000, 0.0000000000)
(0.0000000000, 0.0000000000, 0.0000000000)
(0.0000000000, 0.0000000000, 0.0000000000)
(0.7127532000, 0.1614222000, 0.6825821000)
(0.7357116000, 0.3288499000, 0.5920769000)
(0.7425451000, 0.3387159000, 0.5778173000)
(0.7348580000, 0.3125400000, 0.6018935000)
(0.7386568000, 0.3169124000, 0.5949380000)
(0.7395812000, 0.3106471000, 0.5970656000)
(0.7271825000, 0.2904779000, 0.6219478000)
(0.7259139000, 0.2934551000, 0.6220221000)
(0.7267092000, 0.2747062000, 0.6296036000)
(0.7253433000, 0.2846350000, 0.6267728000)
(0.7301086000, 0.2825618000, 0.6221471000)
(0.7312784000, 0.2815450000, 0.6212473000)
(0.7376204000, 0.2757668000, 0.6163114000)
(0.7382429000, 0.2774222000, 0.6148372000)
(0.7372698000, 0.2824802000, 0.6137012000)
(0.7341155000, 0.2744955000, 0.6210536000)
(0.7330593000, 0.2724711000, 0.6231959000)
(0.7344040000, 0.2735943000, 0.6210980000)
(0.7372661000, 0.2749549000, 0.6170945000)
(0.7364124000, 0.2738347000, 0.6186301000)
(0.7358321000, 0.2681082000, 0.6218189000)
(0.7357021000, 0.2684006000, 0.6218512000)
(0.7367274000, 0.2696461000, 0.6200737000)
(0.7362737000, 0.2665908000, 0.6219339000)
(0.7345906000, 0.2658315000, 0.6242446000)
(0.7322183000, 0.2673810000, 0.6263859000)
(0.7322026000, 0.2692607000, 0.6255900000)
(0.7330574000, 0.2727051000, 0.6230894000)
(0.7303296000, 0.2595087000, 0.6318691000)
(0.7344419000, 0.2756108000, 0.6201687000)
(0.7320014000, 0.2732945000, 0.6240673000)
(0.7319752000, 0.2755235000, 0.6231292000)
(0.7356068000, 0.2678032000, 0.6222141000)
(0.7361608000, 0.2697089000, 0.6207355000)
(0.7364743000, 0.2657367000, 0.6220669000)
(0.7361444000, 0.2696141000, 0.6208008000)
(0.7359410000, 0.2647667000, 0.6231094000)
(0.7355878000, 0.2669543000, 0.6225917000)
(0.7371946000, 0.2637722000, 0.6220428000)
(0.7382841000, 0.2590366000, 0.6227491000)
(0.7378241000, 0.2585069000, 0.6235079000)
(0.7388894000, 0.2575426000, 0.6226507000)
(0.7384572000, 0.2573161000, 0.6232657000)
(0.7380199000, 0.2550699000, 0.6246961000)
(0.7378029000, 0.2597823000, 0.6230018000)
(0.7389852000, 0.2557694000, 0.6232598000)
(0.7380555000, 0.2576441000, 0.6236093000)
(0.7379655000, 0.2569576000, 0.6239784000)
(0.7370914000, 0.2573861000, 0.6248375000)
(0.7369680000, 0.2577209000, 0.6248481000)
(0.7384014000, 0.2597438000, 0.6223138000)
(0.7378890000, 0.2558557000, 0.6245377000)
(0.7382118000, 0.2581044000, 0.6232213000)
(0.7379503000, 0.2646134000, 0.6207917000)
(0.7383682000, 0.2627893000, 0.6210858000)
(0.7383323000, 0.2617050000, 0.6215741000)
(0.7374004000, 0.2615999000, 0.6227159000)
(0.7375988000, 0.2611481000, 0.6226788000)
(0.7380480000, 0.2593299000, 0.6228970000)
(0.7395447000, 0.2610361000, 0.6204231000)
(0.7376031000, 0.2576284000, 0.6241509000)
(0.7376737000, 0.2595553000, 0.6232677000)
(0.7381926000, 0.2575955000, 0.6234593000)
(0.7411538000, 0.2652810000, 0.6166735000)
(0.7399583000, 0.2678261000, 0.6170120000)
(0.7405288000, 0.2661183000, 0.6170624000)
(0.7434102000, 0.2640049000, 0.6145049000)
(0.7449706000, 0.2625268000, 0.6132634000)
(0.7453115000, 0.2623843000, 0.6128979000)
(0.7458298000, 0.2620345000, 0.6124263000)
(0.7454116000, 0.2625888000, 0.6127016000)
(0.7455006000, 0.2627845000, 0.6124920000)
(0.7453781000, 0.2628374000, 0.6126197000)
(0.7451847000, 0.2631588000, 0.6127266000)
(0.7453000000, 0.2642368000, 0.6121243000)
(0.7454265000, 0.2649951000, 0.6116373000)
(0.7451715000, 0.2629775000, 0.6128116000)
(0.7454529000, 0.2631315000, 0.6124003000)
(0.7469667000, 0.2615070000, 0.6112584000)
(0.7464489000, 0.2604355000, 0.6123455000)
(0.7464150000, 0.2600933000, 0.6125301000)
(0.7435623000, 0.2595348000, 0.6162238000)
(0.7448271000, 0.2586121000, 0.6150836000)
(0.7443463000, 0.2599605000, 0.6150991000)
(0.7429257000, 0.2527893000, 0.6197925000)
(0.7427723000, 0.2525933000, 0.6200559000)
(0.7427384000, 0.2523104000, 0.6201990000)
(0.7420460000, 0.2447666000, 0.6240518000)
(0.7403836000, 0.2406112000, 0.6276265000)
(0.7391610000, 0.2417739000, 0.6286182000)
(0.7394899000, 0.2394686000, 0.6291164000)
(0.7396497000, 0.2434389000, 0.6273999000)
(0.7406814000, 0.2396402000, 0.6276565000)
(0.7377968000, 0.2364500000, 0.6322366000)
(0.7350888000, 0.2338647000, 0.6363506000)
(0.7351900000, 0.2253293000, 0.6393057000)
(0.7336912000, 0.2222247000, 0.6421116000)
(0.7316123000, 0.2194711000, 0.6454110000)
(0.7310303000, 0.2171396000, 0.6468692000)
(0.7312962000, 0.2167471000, 0.6466948000)
(0.7315488000, 0.2171664000, 0.6462526000)
(0.7318205000, 0.2175622000, 0.6458271000)
(0.7319975000, 0.2172599000, 0.6457347000)
(0.7317007000, 0.2163399000, 0.6463617000)
(0.7314805000, 0.2164759000, 0.6465595000)
(0.7310418000, 0.2166936000, 0.6470034000)
(0.7308295000, 0.2168211000, 0.6472059000)
(0.7305399000, 0.2170045000, 0.6474688000)
(0.7273023000, 0.2193694000, 0.6503032000)
(0.7275227000, 0.2194382000, 0.6500339000)
(0.7273365000, 0.2200764000, 0.6500324000)
(0.7273613000, 0.2240982000, 0.6486282000)
(0.7268445000, 0.2211862000, 0.6502070000)
(0.7254890000, 0.2205253000, 0.6519356000)
(0.7242587000, 0.2207020000, 0.6532423000)
(0.7244585000, 0.2230761000, 0.6522124000)
(0.7263811000, 0.2237106000, 0.6498563000)
(0.7288662000, 0.2280377000, 0.6455416000)
(0.7308285000, 0.2279891000, 0.6433492000)
(0.7308267000, 0.2282458000, 0.6432610000)
(0.7318583000, 0.2282117000, 0.6420861000)
(0.7317516000, 0.2293234000, 0.6418166000)
(0.7324347000, 0.2314082000, 0.6403012000)
(0.7311013000, 0.2308846000, 0.6419985000)
(0.7299651000, 0.2233718000, 0.6459320000)
(0.7305471000, 0.2239486000, 0.6450849000)
(0.7348775000, 0.2245924000, 0.6399073000)
(0.7359829000, 0.2301637000, 0.6366462000)
(0.7375296000, 0.2365483000, 0.6325066000)
(0.7376613000, 0.2405151000, 0.6308521000)
(0.7376509000, 0.2410178000, 0.6306918000)
(0.7378690000, 0.2404317000, 0.6306568000)
(0.7376215000, 0.2415565000, 0.6305203000)
(0.7368681000, 0.2443187000, 0.6303331000)
(0.7363095000, 0.2455618000, 0.6304865000)
(0.7359968000, 0.2494422000, 0.6293409000)
(0.7358138000, 0.2506299000, 0.6290799000)
(0.7354257000, 0.2512275000, 0.6292862000)
(0.7352554000, 0.2517089000, 0.6293056000)
(0.7348850000, 0.2521024000, 0.6295725000)
(0.7308944000, 0.2591814000, 0.6313416000)
(0.7304164000, 0.2586578000, 0.6321265000)
(0.7311712000, 0.2652204000, 0.6285027000)
(0.7311386000, 0.2676591000, 0.6275189000)
(0.7312618000, 0.2709687000, 0.6259519000)
(0.7310482000, 0.2689913000, 0.6270605000)
(0.7316428000, 0.2670333000, 0.6272026000)
(0.7318058000, 0.2649622000, 0.6278718000)
(0.7318920000, 0.2651089000, 0.6277145000)
(0.7317920000, 0.2648215000, 0.6279601000)
(0.7308623000, 0.2662453000, 0.6284477000)
(0.7307910000, 0.2716611000, 0.6261925000)
(0.7313483000, 0.2725351000, 0.6251671000)
(0.7319568000, 0.2931966000, 0.6150319000)
(0.7334302000, 0.2951818000, 0.6123161000)
(0.7327256000, 0.2937553000, 0.6138514000)
(0.7345212000, 0.2902579000, 0.6133738000)
(0.7345300000, 0.2869959000, 0.6148709000)
(0.7342549000, 0.2853658000, 0.6159704000)
(0.7344072000, 0.2846714000, 0.6160956000)
(0.7342138000, 0.2846028000, 0.6163831000)
(0.7341103000, 0.2834425000, 0.6170263000)
(0.7333887000, 0.2792369000, 0.6198097000)
(0.7334040000, 0.2784434000, 0.6201279000)
(0.7330236000, 0.2775149000, 0.6210115000)
(0.7367861000, 0.2838290000, 0.6136516000)
(0.7343439000, 0.2880410000, 0.6146191000)
(0.7346183000, 0.2866646000, 0.6149307000)
(0.7320568000, 0.2828018000, 0.6197549000)
(0.7319932000, 0.2809669000, 0.6206776000)
(0.7329043000, 0.2800079000, 0.6200193000)
(0.7318428000, 0.2765404000, 0.6228374000)
(0.7296101000, 0.2786373000, 0.6245102000)
(0.7278118000, 0.2668698000, 0.6317177000)
(0.7291564000, 0.2718345000, 0.6280379000)
(0.7268871000, 0.2629918000, 0.6343848000)
(0.7220088000, 0.2648472000, 0.6391776000)
(0.0000000000, 0.0000000000, 0.0000000000)
(0.0000000000, 0.0000000000, 0.0000000000)
(0.0000000000, 0.0000000000, 0.0000000000)
(0.0000000000, 0.0000000000, 0.0000000000)
(0.0000000000, 0.0000000000, 0.0000000000)
(0.0000000000, 0.0000000000, 0.0000000000)
(0.0000000000, 0.0000000000, 0.0000000000)
(0.0000000000, 0.0000000000, 0.0000000000)
(0.0000000000, 0.0000000000, 0.0000000000)
(0.0000000000, 0.0000000000, 0.0000000000)
(0.0000000000, 0.0000000000, 0.0000000000)
(0.0000000000, 0.0000000000, 0.0000000000)
(0.0000000000, 0.0000000000, 0.0000000000)
(0.0000000000, 0.0000000000, 0.0000000000)
(0.7376481000, 0.3234401000, 0.5926682000)
(0.7405189000, 0.3275825000, 0.5867733000)
(0.7425728000, 0.3284559000, 0.5836772000)
(0.7395293000, 0.3342535000, 0.5842472000)
(0.7443368000, 0.3384757000, 0.5756546000)
(0.7516858000, 0.3314889000, 0.5701538000)
(0.7568256000, 0.3329113000, 0.5624592000)
(0.7602730000, 0.3417691000, 0.5524191000)
(0.7617244000, 0.3467321000, 0.5473008000)
(0.7597377000, 0.3439322000, 0.5518094000)
(0.7496400000, 0.3512658000, 0.5609238000)
(0.7607486000, 0.3488597000, 0.5473002000)
(0.7604137000, 0.3631979000, 0.5383583000)
(0.7637901000, 0.3707967000, 0.5283245000)
(0.7624511000, 0.3658561000, 0.5336561000)
(0.7619178000, 0.3686858000, 0.5324745000)
(0.7609290000, 0.3741460000, 0.5300887000)
(0.7615213000, 0.3676918000, 0.5337403000)
(0.7620366000, 0.3693496000, 0.5318485000)
(0.7618377000, 0.3632779000, 0.5363084000)
(0.7620211000, 0.3616235000, 0.5371460000)
(0.7629042000, 0.3596498000, 0.5372163000)
(0.7634085000, 0.3588054000, 0.5370796000)
(0.7611973000, 0.3569454000, 0.5414409000)
(0.7611046000, 0.3556136000, 0.5424513000)
(0.7621502000, 0.3564861000, 0.5404084000)
(0.7637579000, 0.3564333000, 0.5381588000)
(0.7644492000, 0.3561997000, 0.5373371000)
(0.7644424000, 0.3552258000, 0.5379942000)
(0.7642997000, 0.3533004000, 0.5394587000)
(0.7640821000, 0.3457994000, 0.5446050000)
(0.7611111000, 0.3457837000, 0.5487628000)
(0.7616407000, 0.3433763000, 0.5495164000)
(0.7616249000, 0.3403811000, 0.5514189000)
(0.7617875000, 0.3318118000, 0.5563815000)
(0.7608163000, 0.3316503000, 0.5578020000)
(0.7602887000, 0.3316738000, 0.5585100000)
(0.7601249000, 0.3327002000, 0.5581355000)
(0.7605277000, 0.3331046000, 0.5573434000)
(0.7612531000, 0.3338611000, 0.5558932000)
(0.7611927000, 0.3354030000, 0.5550391000)
(0.7613832000, 0.3355950000, 0.5546605000)
(0.7613562000, 0.3360231000, 0.5544404000)
(0.7615653000, 0.3366167000, 0.5537859000)
(0.7630270000, 0.3333430000, 0.5537755000)
(0.7587882000, 0.3508885000, 0.5487308000)
(0.7605238000, 0.3640327000, 0.5376491000)
(0.7596543000, 0.3629975000, 0.5395790000)
(0.7648947000, 0.3576484000, 0.5357199000)
(0.7635425000, 0.3518230000, 0.5414772000)
(0.7575897000, 0.3454478000, 0.5538031000)
(0.7588344000, 0.3446109000, 0.5526376000)
(0.7578574000, 0.3421433000, 0.5555053000)
(0.7591825000, 0.3459657000, 0.5513048000)
(0.7590786000, 0.3419885000, 0.5539293000)
(0.7597116000, 0.3470330000, 0.5498938000)
(0.7599423000, 0.3458064000, 0.5503597000)
(0.7599301000, 0.3468418000, 0.5497215000)
(0.7597371000, 0.3453622000, 0.5509222000)
(0.7643594000, 0.3638604000, 0.5323112000)
(0.7678705000, 0.3666959000, 0.5252659000)
(0.7691458000, 0.3675011000, 0.5228088000)
(0.7680165000, 0.3683261000, 0.5238888000)
(0.7694649000, 0.3646573000, 0.5243399000)
(0.7662677000, 0.3680210000, 0.5266742000)
(0.7659948000, 0.3651860000, 0.5290471000)
(0.7666245000, 0.3697158000, 0.5249568000)
(0.7628770000, 0.3677298000, 0.5317793000)
(0.7661329000, 0.3597334000, 0.5325448000)
(0.7657377000, 0.3531493000, 0.5375074000)
(0.7657743000, 0.3537580000, 0.5370432000)
(0.7668380000, 0.3534091000, 0.5357683000)
(0.7648713000, 0.3555043000, 0.5371968000)
(0.7634056000, 0.3509071000, 0.5422807000)
(0.7632401000, 0.3468939000, 0.5450861000)
(0.7639350000, 0.3481115000, 0.5433168000)
(0.7635767000, 0.3436177000, 0.5466898000)
(0.7618984000, 0.3423944000, 0.5497937000)
(0.7638031000, 0.3388408000, 0.5493486000)
(0.7622746000, 0.3407860000, 0.5502620000)
(0.7620606000, 0.3416420000, 0.5500202000)
(0.7620477000, 0.3406478000, 0.5506513000)
(0.7620699000, 0.3408951000, 0.5504885000)
(0.7617657000, 0.3443909000, 0.5487291000)
(0.7609301000, 0.3488766000, 0.5470420000)
(0.7611408000, 0.3487783000, 0.5468010000)
(0.7609831000, 0.3490608000, 0.5468417000)
(0.7612133000, 0.3478787000, 0.5472857000)
(0.7619022000, 0.3480775000, 0.5461866000)
(0.7607206000, 0.3475870000, 0.5481516000)
(0.7615795000, 0.3475356000, 0.5469891000)
(0.7611418000, 0.3480078000, 0.5472925000)
(0.7608290000, 0.3487903000, 0.5472460000)
(0.7608831000, 0.3503859000, 0.5461403000)
(0.7609222000, 0.3503235000, 0.5461184000)
(0.7608685000, 0.3501806000, 0.5462959000)
(0.7604254000, 0.3424158000, 0.5518052000)
(0.7605011000, 0.3336390000, 0.5570584000)
(0.7597270000, 0.3257922000, 0.5627312000)
(0.7608710000, 0.3118718000, 0.5690331000)
(0.7566739000, 0.2904561000, 0.5857180000)
(0.7581378000, 0.2852065000, 0.5864128000)
(0.7554433000, 0.2735515000, 0.5953489000)
(0.7544640000, 0.2784355000, 0.5943352000)
(0.7535160000, 0.2748462000, 0.5971988000)
(0.7543790000, 0.2725710000, 0.5971588000)
(0.7556082000, 0.2711089000, 0.5962767000)
(0.7555777000, 0.2654817000, 0.5988340000)
(0.7540722000, 0.2522308000, 0.6064165000)
(0.7543649000, 0.2460365000, 0.6085794000)
(0.7511757000, 0.2435139000, 0.6135332000)
(0.7469758000, 0.2437701000, 0.6185299000)
(0.7498341000, 0.2439120000, 0.6149980000)
(0.7504080000, 0.2436843000, 0.6144009000)
(0.7505211000, 0.2440094000, 0.6141263000)
(0.7502829000, 0.2448630000, 0.6140827000)
(0.7482570000, 0.2432978000, 0.6171699000)
(0.7465780000, 0.2419960000, 0.6197097000)
(0.7460494000, 0.2411264000, 0.6206903000)
(0.7457626000, 0.2397721000, 0.6215516000)
(0.7425625000, 0.2396731000, 0.6254057000)
(0.7390190000, 0.2503102000, 0.6254459000)
(0.7377691000, 0.2528207000, 0.6259093000)
(0.7426280000, 0.2526288000, 0.6202159000)
(0.7428579000, 0.2513624000, 0.6204431000)
(0.7397147000, 0.2539052000, 0.6231692000)
(0.7409394000, 0.2560052000, 0.6208583000)
(0.7417265000, 0.2555040000, 0.6201159000)
(0.7405475000, 0.2572189000, 0.6208181000)
(0.7382398000, 0.2589654000, 0.6228347000)
(0.7376087000, 0.2718166000, 0.6180950000)
(0.7385775000, 0.2740233000, 0.6159481000)
(0.7389259000, 0.2749256000, 0.6151181000)
(0.7421142000, 0.2768975000, 0.6103869000)
(0.7449750000, 0.2671663000, 0.6112462000)
(0.7471547000, 0.2682455000, 0.6081023000)
(0.7477666000, 0.2728012000, 0.6053230000)
(0.7495620000, 0.2739922000, 0.6025568000)
(0.7471420000, 0.2746900000, 0.6052306000)
(0.7467848000, 0.2713383000, 0.6071922000)
(0.7460616000, 0.2726069000, 0.6075022000)
(0.7474509000, 0.2713940000, 0.6063267000)
(0.7481264000, 0.2697872000, 0.6062314000)
(0.7462025000, 0.2730668000, 0.6071144000)
(0.7451766000, 0.2739647000, 0.6079710000)
(0.7497098000, 0.2696976000, 0.6043054000)
(0.7485116000, 0.2655895000, 0.6075889000)
(0.7448501000, 0.2661952000, 0.6118154000)
(0.7442060000, 0.2712589000, 0.6103757000)
(0.7426672000, 0.2709843000, 0.6123722000)
(0.7412393000, 0.2720485000, 0.6136190000)
(0.7414117000, 0.2715742000, 0.6136256000)
(0.7417247000, 0.2724164000, 0.6128797000)
(0.7418808000, 0.2720648000, 0.6128535000)
(0.7422799000, 0.2721287000, 0.6123326000)
(0.7422699000, 0.2727275000, 0.6120691000)
(0.7433043000, 0.2728332000, 0.6107731000)
(0.7433925000, 0.2739038000, 0.6101905000)
(0.7441435000, 0.2744402000, 0.6090200000)
(0.7442010000, 0.2744311000, 0.6089711000)
(0.7441662000, 0.2746270000, 0.6089039000)
(0.7454152000, 0.2743074000, 0.6075264000)
(0.7454884000, 0.2748166000, 0.6072045000)
(0.7463793000, 0.2715902000, 0.6075716000)
(0.7470024000, 0.2715302000, 0.6068155000)
(0.7473824000, 0.2715904000, 0.6063350000)
(0.7541002000, 0.2606027000, 0.6028284000)
(0.7577567000, 0.2635065000, 0.5969400000)
(0.7588198000, 0.2603261000, 0.5970042000)
(0.7605931000, 0.2558329000, 0.5966718000)
(0.7605757000, 0.2558150000, 0.5967136000)
(0.7604690000, 0.2580512000, 0.5958900000)
(0.7615879000, 0.2666281000, 0.5906659000)
(0.7604185000, 0.2680103000, 0.5915388000)
(0.7608154000, 0.2689188000, 0.5906101000)
(0.7610718000, 0.2671537000, 0.5910776000)
(0.7610778000, 0.2661429000, 0.5915220000)
(0.7606066000, 0.2655808000, 0.5923950000)
(0.7596407000, 0.2637914000, 0.5944228000)
(0.7595029000, 0.2633289000, 0.5948029000)
(0.7597052000, 0.2633326000, 0.5945535000)
(0.7613860000, 0.2678751000, 0.5903423000)
(0.7617866000, 0.2604171000, 0.5931627000)
(0.7606278000, 0.2634259000, 0.5933288000)
(0.7608554000, 0.2618587000, 0.5937307000)
(0.7600218000, 0.2623636000, 0.5945644000)
(0.7592092000, 0.2617897000, 0.5958564000)
(0.7540326000, 0.2662016000, 0.6004727000)
(0.7557892000, 0.2638029000, 0.5993072000)
(0.7559639000, 0.2734073000, 0.5947694000)
(0.7540770000, 0.2746464000, 0.5965943000)
(0.7545578000, 0.2751716000, 0.5957394000)
(0.7513121000, 0.2772131000, 0.5988968000)
(0.7502156000, 0.2760967000, 0.6007718000)
(0.7510267000, 0.2766064000, 0.5995224000)
(0.7516996000, 0.2783664000, 0.5978559000)
(0.7531758000, 0.2754831000, 0.5973487000)
(0.7534053000, 0.2765997000, 0.5965465000)
(0.7543642000, 0.2788046000, 0.5942813000)
(0.7549642000, 0.2803243000, 0.5928254000)
(0.7545627000, 0.2787173000, 0.5940794000)
(0.7549081000, 0.2780126000, 0.5939809000)
(0.7549929000, 0.2801464000, 0.5928674000)
(0.7557131000, 0.2815875000, 0.5912585000)
(0.7572459000, 0.2805778000, 0.5897843000)
(0.7585575000, 0.2818708000, 0.5874700000)
(0.7581553000, 0.2822589000, 0.5878125000)
(0.7583001000, 0.2880366000, 0.5848074000)
(0.7567000000, 0.3042084000, 0.5786574000)
(0.7547694000, 0.3062086000, 0.5801129000)
(0.7561637000, 0.3079452000, 0.5773925000)
(0.7569240000, 0.3100933000, 0.5752273000)
(0.7565730000, 0.3068029000, 0.5774522000)
(0.7560654000, 0.3075310000, 0.5777181000)
(0.7555178000, 0.3071198000, 0.5786662000)
(0.7554850000, 0.3067601000, 0.5789076000)
(0.7552190000, 0.3074606000, 0.5788687000)
(0.7549096000, 0.3074870000, 0.5792734000)
(0.7543284000, 0.3087529000, 0.5793352000)
(0.7558501000, 0.3054165000, 0.5791324000)
(0.7547933000, 0.3078615000, 0.5792106000)
(0.7557512000, 0.3065885000, 0.5786362000)
(0.7554641000, 0.3065580000, 0.5790326000)
(0.7563012000, 0.3078930000, 0.5772403000)
(0.7571290000, 0.3140014000, 0.5728326000)
(0.7542956000, 0.3058762000, 0.5809160000)
(0.7542161000, 0.3059040000, 0.5810122000)
(0.7552772000, 0.3078370000, 0.5785998000)
(0.7562427000, 0.3104132000, 0.5759600000)
(0.7557592000, 0.3119970000, 0.5757330000)
(0.7560142000, 0.3131578000, 0.5747723000)
(0.7563905000, 0.3149974000, 0.5732594000)
(0.7570617000, 0.3157240000, 0.5719783000)
(0.7572337000, 0.3171749000, 0.5709560000)
(0.7576981000, 0.3177169000, 0.5700285000)
(0.7570075000, 0.3179165000, 0.5708313000)
(0.7565804000, 0.3187372000, 0.5709531000)
(0.7567795000, 0.3147140000, 0.5728993000)
(0.7562903000, 0.3175740000, 0.5719766000)
(0.7564089000, 0.3198694000, 0.5705279000)
(0.7568344000, 0.3193579000, 0.5702586000)
(0.7570711000, 0.3252358000, 0.5665974000)
(0.7596773000, 0.3219361000, 0.5649941000)
(0.7592605000, 0.3287219000, 0.5616522000)
(0.7622839000, 0.3323574000, 0.5553660000)
(0.7627187000, 0.3291012000, 0.5567282000)
(0.7635958000, 0.3277830000, 0.5562847000)
(0.7613499000, 0.3341195000, 0.5555894000)
(0.7666170000, 0.3184164000, 0.5575804000)
(0.7588894000, 0.2777029000, 0.5890344000)
(0.7528744000, 0.2198734000, 0.6203306000)
(0.7444371000, 0.1804814000, 0.6428250000)
(0.7474170000, 0.1671258000, 0.6429813000)
(0.7451497000, 0.1668136000, 0.6456775000)
(0.7436917000, 0.1681773000, 0.6470113000)
(0.7407227000, 0.1667553000, 0.6507706000)
(0.7452258000, 0.1792367000, 0.6422468000)
(0.7478316000, 0.1874333000, 0.6368607000)
(0.7497064000, 0.1860956000, 0.6350580000)
(0.7539883000, 0.1934803000, 0.6277373000)
(0.7564010000, 0.1951364000, 0.6243039000)
(0.7531498000, 0.2053069000, 0.6249739000)
(0.7555479000, 0.2055961000, 0.6219793000)
(0.7570099000, 0.2128955000, 0.6177257000)
(0.7571031000, 0.2144099000, 0.6170978000)
(0.7578727000, 0.2141015000, 0.6162449000)
(0.7546360000, 0.2116382000, 0.6210554000)
(0.7563775000, 0.2144194000, 0.6179712000)
(0.7552273000, 0.2184483000, 0.6179692000)
(0.7572997000, 0.2228546000, 0.6138452000)
(0.7546959000, 0.2244500000, 0.6164670000)
(0.7588232000, 0.2254175000, 0.6110266000)
(0.7591904000, 0.2262504000, 0.6102763000)
(0.7590630000, 0.2253454000, 0.6107571000)
(0.7591158000, 0.2248230000, 0.6108740000)
(0.7600728000, 0.2246169000, 0.6097645000)
(0.7631528000, 0.2266510000, 0.6051505000)
(0.7615370000, 0.2256892000, 0.6075528000)
(0.7609146000, 0.2245010000, 0.6087706000)
(0.7586532000, 0.2281047000, 0.6102486000)
(0.7593116000, 0.2381388000, 0.6055774000)
(0.7599871000, 0.2396650000, 0.6041340000)
(0.7597920000, 0.2425592000, 0.6031992000)
(0.7613693000, 0.2412629000, 0.6017419000)
(0.7615869000, 0.2408317000, 0.6016286000)
(0.7615280000, 0.2417715000, 0.6013280000)
(0.7590435000, 0.2502738000, 0.6010113000)
(0.7514370000, 0.2528041000, 0.6094399000)
(0.7518698000, 0.2349305000, 0.6160250000)
(0.7529035000, 0.2432505000, 0.6115147000)
(0.7539063000, 0.2442454000, 0.6098861000)
(0.7539324000, 0.2453210000, 0.6094071000)
(0.7533585000, 0.2549872000, 0.6061489000)
(0.7547148000, 0.2602549000, 0.6021966000)
(0.7562697000, 0.2647934000, 0.5982742000)
(0.7577941000, 0.2629504000, 0.5971397000)
(0.7587910000, 0.2668029000, 0.5941619000)
(0.7583200000, 0.2680171000, 0.5942165000)
(0.7563493000, 0.2678601000, 0.5968106000)
(0.7544957000, 0.2683815000, 0.5988988000)
(0.7548525000, 0.2699710000, 0.5977544000)
(0.7561466000, 0.2741305000, 0.5941976000)
(0.7662921000, 0.2608959000, 0.5871258000)
(0.7664301000, 0.2565609000, 0.5888504000)
(0.7638310000, 0.2630083000, 0.5893920000)
(0.7645932000, 0.2581041000, 0.5905718000)
(0.7669502000, 0.2613906000, 0.5860381000)
(0.7681457000, 0.2588594000, 0.5856094000)
(0.7685621000, 0.2593452000, 0.5848436000)
(0.7684665000, 0.2584180000, 0.5853649000)
(0.7677199000, 0.2599321000, 0.5856730000)
(0.7681370000, 0.2610576000, 0.5846221000)
(0.7677155000, 0.2605324000, 0.5854149000)
(0.7667441000, 0.2647388000, 0.5848088000)
(0.7659153000, 0.2600056000, 0.5880158000)
(0.7655613000, 0.2588527000, 0.5889874000)
(0.7651644000, 0.2582436000, 0.5897561000)
(0.7643998000, 0.2601927000, 0.5898855000)
(0.7654886000, 0.2577577000, 0.5895433000)
(0.7669049000, 0.2598318000, 0.5867915000)
(0.7672006000, 0.2621661000, 0.5853592000)
(0.7671027000, 0.2620851000, 0.5855317000)
(0.7670181000, 0.2643584000, 0.5846139000)
(0.7687183000, 0.2645604000, 0.5822867000)
(0.7686635000, 0.2645979000, 0.5823492000)
(0.7693039000, 0.2638932000, 0.5818223000)
(0.7689780000, 0.2651060000, 0.5817062000)
(0.7698805000, 0.2643641000, 0.5808359000)
(0.7682138000, 0.2682752000, 0.5812541000)
(0.7680558000, 0.2685962000, 0.5813171000)
(0.7676972000, 0.2676806000, 0.5822120000)
(0.7657738000, 0.2731688000, 0.5821974000)
(0.7667684000, 0.2746839000, 0.5801705000)
(0.7655019000, 0.2732369000, 0.5825184000)
(0.7660079000, 0.2754907000, 0.5807955000)
(0.7666646000, 0.2754196000, 0.5799599000)
(0.7676738000, 0.2743674000, 0.5791295000)
(0.7704733000, 0.2708853000, 0.5770311000)
(0.7690222000, 0.2741275000, 0.5774532000)
(0.7697873000, 0.2756051000, 0.5757208000)
(0.7707575000, 0.2768000000, 0.5738412000)
(0.7709995000, 0.2770666000, 0.5733936000)
(0.7711652000, 0.2772687000, 0.5730781000)
(0.7716250000, 0.2805759000, 0.5708431000)
(0.7717057000, 0.2807478000, 0.5706384000)
(0.7718408000, 0.2798475000, 0.5708914000)
(0.7730089000, 0.2853953000, 0.5665520000)
(0.7726478000, 0.2844469000, 0.5675237000)
(0.7722944000, 0.2841193000, 0.5681620000)
(0.7715592000, 0.2909327000, 0.5657232000)
(0.7714026000, 0.2925126000, 0.5651070000)
(0.7713258000, 0.2933145000, 0.5648080000)
(0.7715629000, 0.2986790000, 0.5616508000)
(0.7718417000, 0.2994376000, 0.5608763000)
(0.7721527000, 0.2997278000, 0.5603053000)
(0.7747672000, 0.2998338000, 0.5566194000)
(0.7756076000, 0.3023069000, 0.5540966000)
(0.7755296000, 0.3031461000, 0.5537456000)
(0.7754626000, 0.3023592000, 0.5542781000)
(0.7756560000, 0.2995644000, 0.5555247000)
(0.7823672000, 0.2770386000, 0.5577949000)
(0.7827478000, 0.2800748000, 0.5557413000)
(0.7829160000, 0.2798025000, 0.5556412000)
(0.7827164000, 0.2796130000, 0.5560215000)
(0.7835778000, 0.2829974000, 0.5530746000)
(0.7833901000, 0.2831429000, 0.5532877000)
(0.7832486000, 0.2833535000, 0.5533684000)
(0.7814623000, 0.2929577000, 0.5508780000)
(0.7814639000, 0.2940732000, 0.5502914000)
(0.7813264000, 0.2938768000, 0.5506014000)
(0.7814344000, 0.2945288000, 0.5500915000)
(0.7815312000, 0.2950301000, 0.5496801000)
(0.7816714000, 0.2956438000, 0.5491525000)
(0.7800304000, 0.2982360000, 0.5500817000)
(0.7803277000, 0.3015741000, 0.5478267000)
(0.7804593000, 0.3030351000, 0.5468518000)
(0.7807732000, 0.3068220000, 0.5442790000)
(0.7811437000, 0.3084030000, 0.5428478000)
(0.7809470000, 0.3088429000, 0.5428747000)
(0.7809590000, 0.3025753000, 0.5463859000)
(0.7809519000, 0.3015440000, 0.5469726000)
(0.7808549000, 0.3010049000, 0.5474007000)
(0.7810487000, 0.2993425000, 0.5480326000)
(0.7812002000, 0.2998756000, 0.5475124000)
(0.7814833000, 0.3008088000, 0.5466131000)
(0.7821873000, 0.3030644000, 0.5443490000)
(0.7828308000, 0.3050692000, 0.5423019000)
(0.7826076000, 0.3031364000, 0.5436939000)
(0.7829710000, 0.3032263000, 0.5431331000)
(0.7829859000, 0.3027449000, 0.5433697000)
(0.7831777000, 0.2999731000, 0.5446525000)
(0.7814054000, 0.2972598000, 0.5486640000)
(0.7816571000, 0.2977257000, 0.5480371000)
(0.7819304000, 0.2950812000, 0.5490980000)
(0.7816832000, 0.2909448000, 0.5516420000)
(0.7820059000, 0.2906847000, 0.5513162000)
(0.7817996000, 0.2900723000, 0.5519235000)
(0.7822006000, 0.2902362000, 0.5512827000)
(0.7811922000, 0.2940752000, 0.5506851000)
(0.7798510000, 0.2951701000, 0.5519756000)
(0.7781622000, 0.2972997000, 0.5532241000)
(0.7793794000, 0.2938954000, 0.5533403000)
(0.7801549000, 0.2966052000, 0.5507969000)
(0.7809001000, 0.3006390000, 0.5475264000)
(0.7798076000, 0.2976384000, 0.5507153000)
(0.7798195000, 0.2978157000, 0.5506077000)
(0.7791429000, 0.2964160000, 0.5523205000)
(0.7791253000, 0.2962694000, 0.5524260000)
(0.7789634000, 0.2975396000, 0.5519762000)
(0.7796828000, 0.2971306000, 0.5511827000)
(0.7792064000, 0.2977166000, 0.5515389000)
(0.7791600000, 0.2983387000, 0.5512557000)
(0.7754285000, 0.3075739000, 0.5514311000)
(0.7743798000, 0.3023065000, 0.5558208000)
(0.7739877000, 0.3015731000, 0.5567587000)
(0.7725217000, 0.3010984000, 0.5590480000)
(0.7733116000, 0.3003701000, 0.5583577000)
(0.7730334000, 0.3012657000, 0.5582560000)
(0.7742850000, 0.3028804000, 0.5556235000)
(0.7750812000, 0.3030984000, 0.5544152000)
(0.7743776000, 0.3024647000, 0.5557266000)
(0.7739891000, 0.3019022000, 0.5565667000)
(0.7739526000, 0.3016725000, 0.5567623000)
(0.7737939000, 0.3018223000, 0.5568936000)
(0.7744739000, 0.2990056000, 0.5574530000)
(0.7746263000, 0.2991768000, 0.5571588000)
(0.7728125000, 0.3005023000, 0.5589548000)
(0.7736353000, 0.2972146000, 0.5595790000)
(0.7740065000, 0.2951970000, 0.5601488000)
(0.7722774000, 0.2972966000, 0.5614275000)
(0.7766832000, 0.2941628000, 0.5569673000)
(0.7758003000, 0.2943918000, 0.5580707000)
(0.7779049000, 0.2854782000, 0.5597721000)
(0.7786281000, 0.2851945000, 0.5589033000)
(0.7778319000, 0.2840199000, 0.5606044000)
(0.7783415000, 0.2872901000, 0.5582514000)
(0.7776051000, 0.2822681000, 0.5618291000)
(0.7779563000, 0.2808967000, 0.5620238000)
(0.7774650000, 0.2823590000, 0.5619751000)
(0.7777572000, 0.2819588000, 0.5617607000)
(0.7776129000, 0.2813537000, 0.5622604000)
(0.7775577000, 0.2810761000, 0.5624887000)
(0.7774522000, 0.2807649000, 0.5627707000)
(0.7775556000, 0.2767553000, 0.5646139000)
(0.7781119000, 0.2769405000, 0.5637588000)
(0.7783984000, 0.2762392000, 0.5637236000)
(0.7782320000, 0.2764731000, 0.5638350000)
(0.7778456000, 0.2780470000, 0.5635874000)
(0.7775162000, 0.2792065000, 0.5634629000)
(0.7772163000, 0.2801923000, 0.5634019000)
(0.7772118000, 0.2803923000, 0.5633049000)
(0.7767830000, 0.2807399000, 0.5637185000)
(0.7766054000, 0.2810810000, 0.5637985000)
(0.7766905000, 0.2814944000, 0.5634680000)
(0.7764839000, 0.2818933000, 0.5635434000)
(0.7758400000, 0.2823870000, 0.5641835000)
(0.7758130000, 0.2823919000, 0.5642259000)
(0.7761840000, 0.2821282000, 0.5638356000)
(0.7757828000, 0.2827153000, 0.5641108000)
(0.7760456000, 0.2824183000, 0.5638883000)
(0.7762209000, 0.2826860000, 0.5635057000)
(0.7762972000, 0.2820867000, 0.5637245000)
(0.7756827000, 0.2847609000, 0.5632137000)
(0.7758141000, 0.2874234000, 0.5616767000)
(0.7760577000, 0.2857744000, 0.5621847000)
(0.7773415000, 0.2879048000, 0.5593088000)
(0.7753413000, 0.2915660000, 0.5601832000)
(0.7756494000, 0.2912827000, 0.5599138000)
(0.7760456000, 0.2945383000, 0.5576525000)
(0.7764018000, 0.2961581000, 0.5563068000)
(0.7777932000, 0.2937697000, 0.5556329000)
(0.7770960000, 0.2971769000, 0.5547807000)
(0.7766386000, 0.2985946000, 0.5546651000)
(0.7771686000, 0.2971710000, 0.5546791000)
(0.7762358000, 0.2967373000, 0.5562236000)
(0.7752481000, 0.2983607000, 0.5567341000)
(0.7751082000, 0.2992853000, 0.5564399000)
(0.7755694000, 0.2990358000, 0.5559335000)
(0.7778278000, 0.2995457000, 0.5524783000)
(0.7764510000, 0.3018062000, 0.5531957000)
(0.7771093000, 0.3043118000, 0.5508758000)
(0.7780933000, 0.3059587000, 0.5485818000)
(0.7775764000, 0.3058442000, 0.5493681000)
(0.7775892000, 0.3060900000, 0.5492203000)
(0.7802660000, 0.2662129000, 0.5659435000)
(0.7825562000, 0.2471752000, 0.5713875000)
(0.7829289000, 0.2259206000, 0.5796209000)
(0.7804378000, 0.1806091000, 0.5985766000)
(0.7829371000, 0.1658796000, 0.5995681000)
(0.7823237000, 0.1592755000, 0.6021447000)
(0.7816898000, 0.1858411000, 0.5953327000)
(0.7800677000, 0.1893584000, 0.5963262000)
(0.7845635000, 0.1864849000, 0.5913199000)
(0.7758533000, 0.2033375000, 0.5972220000)
(0.7770587000, 0.2069582000, 0.5944250000)
(0.7782554000, 0.2113671000, 0.5912962000)
(0.7806489000, 0.2070748000, 0.5896463000)
(0.7757552000, 0.2104800000, 0.5948786000)
(0.7668304000, 0.2005668000, 0.6096950000)
(0.7638798000, 0.1990328000, 0.6138789000)
(0.7656792000, 0.2029087000, 0.6103711000)
(0.7662923000, 0.2101023000, 0.6071491000)
(0.7654222000, 0.2076940000, 0.6090780000)
(0.7638757000, 0.2126671000, 0.6093057000)
(0.7636135000, 0.2078314000, 0.6112933000)
(0.7670552000, 0.2140169000, 0.6048159000)
(0.7658769000, 0.2129174000, 0.6066844000)
(0.7670878000, 0.2121340000, 0.6054293000)
(0.7673754000, 0.2112595000, 0.6053758000)
(0.7676766000, 0.2115686000, 0.6048961000)
(0.7676891000, 0.2119116000, 0.6047450000)
(0.7684615000, 0.2131488000, 0.6033462000)
(0.7688682000, 0.2139347000, 0.6025309000)
(0.7686890000, 0.2142905000, 0.6026530000)
(0.7710111000, 0.2139276000, 0.5998019000)
(0.7717914000, 0.2115308000, 0.5996542000)
(0.7721118000, 0.2104415000, 0.5996298000)
(0.7728238000, 0.2110492000, 0.5984868000)
(0.7716903000, 0.2108169000, 0.6000357000)
(0.7725492000, 0.2134401000, 0.5979854000)
(0.7725734000, 0.2155832000, 0.5971894000)
(0.7736331000, 0.2152651000, 0.5959218000)
(0.7735742000, 0.2132862000, 0.5967120000)
(0.7766049000, 0.2391133000, 0.5828242000)
(0.7770873000, 0.2421723000, 0.5809238000)
(0.7755489000, 0.2488456000, 0.5801671000)
(0.7785484000, 0.2464670000, 0.5771477000)
(0.7768491000, 0.2530759000, 0.5765837000)
(0.7775480000, 0.2512361000, 0.5764456000)
(0.7769639000, 0.2505125000, 0.5775453000)
(0.7757664000, 0.2525744000, 0.5782661000)
(0.7746104000, 0.2543447000, 0.5790166000)
(0.7741637000, 0.2546954000, 0.5794540000)
(0.7751913000, 0.2564375000, 0.5773138000)
(0.7700740000, 0.2539984000, 0.5852047000)
(0.7700831000, 0.2238197000, 0.5973641000)
(0.7692460000, 0.2275589000, 0.5970341000)
(0.7694353000, 0.2298573000, 0.5959079000)
(0.7677065000, 0.2332606000, 0.5968305000)
(0.7688845000, 0.2362989000, 0.5941155000)
(0.7703056000, 0.2369466000, 0.5920115000)
(0.7709808000, 0.2362415000, 0.5914006000)
(0.7710743000, 0.2358941000, 0.5914328000)
(0.7707742000, 0.2379462000, 0.5909902000)
(0.7703972000, 0.2381432000, 0.5914142000)
(0.7704563000, 0.2394457000, 0.5908112000)
(0.7702073000, 0.2395013000, 0.5911064000)
(0.7701908000, 0.2395592000, 0.5911050000)
(0.7693866000, 0.2398959000, 0.5920020000)
(0.7690724000, 0.2397568000, 0.5924880000)
(0.7690292000, 0.2364117000, 0.5938844000)
(0.7684157000, 0.2380000000, 0.5940362000)
(0.7702201000, 0.2375971000, 0.5918469000)
(0.7711605000, 0.2388725000, 0.5901223000)
(0.7707429000, 0.2352780000, 0.5920898000)
(0.7701686000, 0.2358979000, 0.5926073000)
(0.7695639000, 0.2366832000, 0.5930829000)
(0.7669470000, 0.2325357000, 0.5980883000)
(0.7668539000, 0.2319189000, 0.5984420000)
(0.7662559000, 0.2299036000, 0.5999750000)
(0.7662235000, 0.2308689000, 0.5996584000)
(0.7655719000, 0.2314788000, 0.6002390000)
(0.7654943000, 0.2309334000, 0.6005474000)
(0.7652329000, 0.2334823000, 0.5998948000)
(0.7656692000, 0.2354303000, 0.5985886000)
(0.7652285000, 0.2341404000, 0.5996425000)
(0.7662352000, 0.2312104000, 0.5995135000)
(0.7670538000, 0.2324529000, 0.5979778000)
(0.7681755000, 0.2344785000, 0.5957448000)
(0.7665701000, 0.2357166000, 0.5973150000)
(0.7658911000, 0.2351658000, 0.5984088000)
(0.7660553000, 0.2353316000, 0.5981320000)
(0.7662560000, 0.2346591000, 0.5981354000)
(0.7665115000, 0.2337717000, 0.5981608000)
(0.7668421000, 0.2323008000, 0.5983214000)
(0.7660261000, 0.2302495000, 0.6001340000)
(0.7671965000, 0.2309473000, 0.5983835000)
(0.7670134000, 0.2290155000, 0.5993478000)
(0.7679300000, 0.2286842000, 0.5983019000)
(0.7679999000, 0.2281358000, 0.5984278000)
(0.7681187000, 0.2267725000, 0.5987872000)
(0.7677345000, 0.2252526000, 0.5998596000)
(0.7674797000, 0.2250701000, 0.6002616000)
(0.7672330000, 0.2259474000, 0.6002340000)
(0.7676348000, 0.2267112000, 0.5994298000)
(0.7672749000, 0.2275879000, 0.5995518000)
(0.7671288000, 0.2284002000, 0.5994337000)
(0.7681385000, 0.2300129000, 0.5975347000)
(0.7694964000, 0.2342595000, 0.5941304000)
(0.7690511000, 0.2306387000, 0.5961097000)
(0.7747980000, 0.2328093000, 0.5877572000)
(0.7752837000, 0.2404390000, 0.5840557000)
(0.7755667000, 0.2485875000, 0.5802346000)
(0.7743384000, 0.2450624000, 0.5833795000)
(0.7741013000, 0.2479355000, 0.5824685000)
(0.7731940000, 0.2446981000, 0.5850428000)
(0.7757036000, 0.2387168000, 0.5841998000)
(0.7738177000, 0.2368556000, 0.5874380000)
(0.7751232000, 0.2375128000, 0.5854460000)
(0.7753398000, 0.2397960000, 0.5842458000)
(0.7749014000, 0.2408173000, 0.5843920000)
(0.7750958000, 0.2401478000, 0.5844035000)
(0.7745738000, 0.2460099000, 0.5826671000)
(0.7740772000, 0.2481367000, 0.5824240000)
(0.7743376000, 0.2510646000, 0.5808123000)
(0.7733006000, 0.2499818000, 0.5826759000)
(0.7728398000, 0.2548837000, 0.5811409000)
(0.7740605000, 0.2554126000, 0.5792819000)
(0.7766775000, 0.2564414000, 0.5753119000)
(0.7772841000, 0.2607804000, 0.5725471000)
(0.7763767000, 0.2600011000, 0.5741178000)
(0.7764239000, 0.2590629000, 0.5744935000)
(0.7770213000, 0.2579604000, 0.5741854000)
(0.7761998000, 0.2519169000, 0.5779642000)
(0.7760887000, 0.2410107000, 0.5827258000)
(0.7685263000, 0.2276200000, 0.5979528000)
(0.7687532000, 0.2108930000, 0.6037517000)
(0.7640257000, 0.1987403000, 0.6137952000)
(0.7631963000, 0.1999686000, 0.6144305000)
(0.7633064000, 0.1998104000, 0.6143377000)
(0.7631119000, 0.2098186000, 0.6112484000)
(0.7657017000, 0.2067932000, 0.6090356000)
(0.7671009000, 0.2073016000, 0.6070906000)
(0.7670740000, 0.2126029000, 0.6052896000)
(0.7686884000, 0.2161014000, 0.6019896000)
(0.7684632000, 0.2166484000, 0.6020861000)
(0.7712119000, 0.2234505000, 0.5960658000)
(0.7732657000, 0.2285040000, 0.5914722000)
(0.7703843000, 0.2272877000, 0.5956781000)
(0.7725216000, 0.2313200000, 0.5913513000)
(0.7721257000, 0.2302940000, 0.5922685000)
(0.7731758000, 0.2300146000, 0.5909887000)
(0.7735792000, 0.2369244000, 0.5877394000)
(0.7732081000, 0.2364965000, 0.5883909000)
(0.7745367000, 0.2365048000, 0.5866353000)
(0.7738866000, 0.2409782000, 0.5856764000)
(0.7735155000, 0.2382498000, 0.5872900000)
(0.7723911000, 0.2462218000, 0.5854630000)
(0.7741791000, 0.2424401000, 0.5846937000)
(0.7734151000, 0.2527167000, 0.5813363000)
(0.7729992000, 0.2498168000, 0.5831247000)
(0.7746445000, 0.2568343000, 0.5778815000)
(0.7749262000, 0.2545393000, 0.5785145000)
(0.7739860000, 0.2587633000, 0.5778991000)
(0.7768112000, 0.2550246000, 0.5757796000)
(0.7764106000, 0.2544726000, 0.5765614000)
(0.7758234000, 0.2555360000, 0.5768775000)
(0.7646113000, 0.2216245000, 0.6051787000)
(0.7569901000, 0.2132560000, 0.6176351000)
(0.7594446000, 0.2152309000, 0.6139296000)
(0.7579114000, 0.2261207000, 0.6119028000)
(0.7582713000, 0.2336815000, 0.6086146000)
(0.7587414000, 0.2348930000, 0.6075540000)
(0.7605895000, 0.2314149000, 0.6065753000)
(0.7612014000, 0.2270525000, 0.6074498000)
(0.7624981000, 0.2250530000, 0.6065657000)
(0.7642591000, 0.2287141000, 0.6029648000)
(0.7640597000, 0.2317784000, 0.6020490000)
(0.7648842000, 0.2343244000, 0.6000285000)
(0.7654141000, 0.2314763000, 0.6004452000)
(0.7657149000, 0.2318590000, 0.5999203000)
(0.7660168000, 0.2353520000, 0.5981652000)
(0.7672649000, 0.2397822000, 0.5948108000)
(0.7676305000, 0.2402498000, 0.5941371000)
(0.7681080000, 0.2438834000, 0.5920392000)
(0.7667319000, 0.2488132000, 0.5917767000)
(0.7665285000, 0.2497235000, 0.5916463000)
(0.7660307000, 0.2487584000, 0.5926946000)
(0.7662060000, 0.2530403000, 0.5906581000)
(0.7660728000, 0.2533592000, 0.5906927000)
(0.7660752000, 0.2549479000, 0.5900145000)
(0.7699862000, 0.2577730000, 0.5836532000)
(0.7722635000, 0.2352280000, 0.5901411000)
(0.7686081000, 0.2169932000, 0.6017827000)
(0.7700368000, 0.2189413000, 0.5992404000)
(0.7696123000, 0.2188184000, 0.5998261000)
(0.7687991000, 0.2241543000, 0.5988982000)
(0.7682452000, 0.2327660000, 0.5963142000)
(0.7673344000, 0.2353769000, 0.5964605000)
(0.7674655000, 0.2343421000, 0.5967095000)
(0.7696400000, 0.2416652000, 0.5909694000)
(0.7693620000, 0.2478349000, 0.5887729000)
(0.7698102000, 0.2440638000, 0.5897582000)
(0.7716190000, 0.2447551000, 0.5870939000)
(0.7699195000, 0.2471929000, 0.5883016000)
(0.7628854000, 0.2354689000, 0.6021156000)
(0.7590353000, 0.2241021000, 0.6112530000)
(0.7598546000, 0.2301830000, 0.6079589000)
(0.7596276000, 0.2328684000, 0.6072266000)
(0.7596365000, 0.2355355000, 0.6061722000)
(0.7606441000, 0.2342735000, 0.6053979000)
(0.7608269000, 0.2327706000, 0.6057466000)
(0.7606174000, 0.2350328000, 0.6051573000)
(0.7606733000, 0.2358520000, 0.6047644000)
(0.7605172000, 0.2379695000, 0.6041151000)
(0.7634509000, 0.2339989000, 0.6019585000)
(0.7640280000, 0.2353104000, 0.6007354000)
(0.7641299000, 0.2342282000, 0.6010133000)
(0.7652081000, 0.2402598000, 0.5972683000)
(0.7652595000, 0.2411169000, 0.5968410000)
(0.7651092000, 0.2462397000, 0.5949408000)
(0.7629606000, 0.2540735000, 0.5943983000)
(0.7632232000, 0.2556499000, 0.5933964000)
(0.7658300000, 0.2549051000, 0.5903386000)
(0.7723475000, 0.2390605000, 0.5884715000)
(0.7732185000, 0.2416375000, 0.5862908000)
(0.7739023000, 0.2447617000, 0.5840883000)
(0.7738275000, 0.2447671000, 0.5841810000)
(0.7730145000, 0.2463320000, 0.5845901000)
(0.7718710000, 0.2488886000, 0.5850269000)
(0.7724074000, 0.2505584000, 0.5836027000)
(0.7709641000, 0.2505099000, 0.5855153000)
(0.7704070000, 0.2526017000, 0.5853633000)
(0.7705956000, 0.2534045000, 0.5847738000)
(0.7709523000, 0.2534628000, 0.5842764000)
(0.7711508000, 0.2533173000, 0.5840575000)
(0.7708659000, 0.2528463000, 0.5846446000)
(0.7707166000, 0.2533473000, 0.5846329000)
(0.7705928000, 0.2540201000, 0.5845079000)
(0.7705094000, 0.2533729000, 0.5848814000)
(0.7680653000, 0.2562191000, 0.5868717000)
(0.7712498000, 0.2546191000, 0.5833704000)
(0.7638550000, 0.2599005000, 0.5907354000)
(0.7610756000, 0.2413931000, 0.6020701000)
(0.7606267000, 0.2320994000, 0.6062593000)
(0.7594157000, 0.2319792000, 0.6078237000)
(0.7594286000, 0.2336360000, 0.6071714000)
(0.7590067000, 0.2350817000, 0.6071533000)
(0.7593445000, 0.2370251000, 0.6059602000)
(0.7592931000, 0.2391683000, 0.6051984000)
(0.7584736000, 0.2404834000, 0.6056919000)
(0.7591785000, 0.2428516000, 0.6038753000)
(0.7601814000, 0.2454685000, 0.6015487000)
(0.7602052000, 0.2455482000, 0.6014684000)
(0.7606465000, 0.2483902000, 0.5997534000)
(0.7621849000, 0.2516061000, 0.5964525000)
(0.7625242000, 0.2462640000, 0.5982437000)
(0.7717950000, 0.2297153000, 0.5929062000)
(0.7702898000, 0.2256596000, 0.5964032000)
(0.7696699000, 0.2274667000, 0.5965329000)
(0.7720477000, 0.2257580000, 0.5941098000)
(0.7712279000, 0.2294206000, 0.5937733000)
(0.7713863000, 0.2317533000, 0.5926601000)
(0.7709945000, 0.2347406000, 0.5919767000)
(0.7709821000, 0.2398934000, 0.5899231000)
(0.7731987000, 0.2352519000, 0.5889041000)
(0.7739872000, 0.2303994000, 0.5897827000)
(0.7737852000, 0.2305025000, 0.5900207000)
(0.7747737000, 0.2371386000, 0.5860635000)
(0.7765291000, 0.2416911000, 0.5818635000)
(0.7765313000, 0.2406522000, 0.5823058000)
(0.7770840000, 0.2405074000, 0.5816138000)
(0.7770191000, 0.2437874000, 0.5803438000)
(0.7772081000, 0.2471372000, 0.5786798000)
(0.7756965000, 0.2509335000, 0.5790706000)
(0.7742048000, 0.2538287000, 0.5797989000)
(0.7741665000, 0.2542084000, 0.5796737000)
(0.7742583000, 0.2546255000, 0.5793595000)
(0.7745085000, 0.2556557000, 0.5785887000)
(0.7746119000, 0.2557298000, 0.5784157000)
(0.7748655000, 0.2544525000, 0.5786300000)
(0.7748879000, 0.2545973000, 0.5785517000)
(0.7749164000, 0.2542838000, 0.5786313000)
(0.7745964000, 0.2553401000, 0.5786184000)
(0.7738897000, 0.2550865000, 0.5796749000)
(0.7734343000, 0.2553079000, 0.5801621000)
(0.7730186000, 0.2548300000, 0.5809450000)
(0.7724845000, 0.2551399000, 0.5815061000)
(0.7725934000, 0.2538058000, 0.5819446000)
(0.7721540000, 0.2521268000, 0.5832614000)
(0.7726412000, 0.2519412000, 0.5826918000)
(0.7724360000, 0.2518557000, 0.5830088000)
(0.7721124000, 0.2505936000, 0.5839677000)
(0.7723183000, 0.2520483000, 0.5830675000)
(0.7723030000, 0.2510717000, 0.5835170000)
(0.7728422000, 0.2515053000, 0.5826109000)
(0.7733969000, 0.2505357000, 0.5822878000)
(0.7732207000, 0.2493523000, 0.5830332000)
(0.7723017000, 0.2478182000, 0.5849079000)
(0.7730073000, 0.2500299000, 0.5830327000)
(0.7721036000, 0.2487702000, 0.5847736000)
(0.7700511000, 0.2566346000, 0.5840738000)
(0.7632260000, 0.2604105000, 0.5913218000)
(0.7648148000, 0.2534074000, 0.5923016000)
(0.7649847000, 0.2544903000, 0.5916280000)
(0.7640882000, 0.2551441000, 0.5924923000)
(0.7625225000, 0.2569782000, 0.5937129000)
(0.7631682000, 0.2563987000, 0.5931534000)
(0.7610456000, 0.2574932000, 0.5953959000)
(0.7610244000, 0.2575886000, 0.5953656000)
(0.7608227000, 0.2575856000, 0.5956373000)
(0.7603846000, 0.2574154000, 0.5962623000)
(0.7602259000, 0.2575491000, 0.5964066000)
(0.7598883000, 0.2574342000, 0.5968903000)
(0.7593687000, 0.2575570000, 0.5974994000)
(0.7592664000, 0.2550524000, 0.5987028000)
(0.7611772000, 0.2576913000, 0.5951319000)
(0.7719854000, 0.2515839000, 0.5837242000)
(0.7683369000, 0.2477072000, 0.5901605000)
(0.7677588000, 0.2474019000, 0.5910461000)
(0.7678049000, 0.2470050000, 0.5911355000)
(0.7677073000, 0.2465441000, 0.5914555000)
(0.7680759000, 0.2469941000, 0.5907978000)
(0.7682446000, 0.2464219000, 0.5908233000)
(0.7675958000, 0.2454689000, 0.5920565000)
(0.7670255000, 0.2453943000, 0.5928160000)
(0.7666457000, 0.2449171000, 0.5934989000)
(0.7664559000, 0.2439782000, 0.5941354000)
(0.7666942000, 0.2436252000, 0.5939746000)
(0.7664774000, 0.2441182000, 0.5940521000)
(0.7662591000, 0.2442503000, 0.5942760000)
(0.7662246000, 0.2438327000, 0.5944911000)
(0.7660067000, 0.2424581000, 0.5953373000)
(0.7654706000, 0.2411993000, 0.5965399000)
(0.7649550000, 0.2418981000, 0.5969074000)
(0.7650974000, 0.2430016000, 0.5962838000)
(0.7648965000, 0.2433541000, 0.5964129000)
(0.7649252000, 0.2435823000, 0.5962713000)
(0.7646752000, 0.2442956000, 0.5962908000)
(0.7646964000, 0.2444734000, 0.5961989000)
(0.7643782000, 0.2448472000, 0.5964487000)
(0.7649041000, 0.2403756000, 0.5976083000)
(0.7634932000, 0.2406683000, 0.5992925000)
(0.7678269000, 0.2438564000, 0.5924261000)
(0.7677749000, 0.2458641000, 0.5916570000)
(0.7667475000, 0.2452312000, 0.5932378000)
(0.7666339000, 0.2461655000, 0.5929975000)
(0.7676424000, 0.2441375000, 0.5925312000)
(0.7678341000, 0.2444362000, 0.5921597000)
(0.7677893000, 0.2448651000, 0.5920389000)
(0.7667580000, 0.2437491000, 0.5938449000)
(0.7665460000, 0.2430503000, 0.5944051000)
(0.7667493000, 0.2417925000, 0.5946611000)
(0.7698572000, 0.2391977000, 0.5916823000)
(0.7692252000, 0.2416319000, 0.5915189000)
(0.7692028000, 0.2447719000, 0.5902404000)
(0.7694660000, 0.2537983000, 0.5860792000)
(0.7696177000, 0.2498511000, 0.5875682000)
(0.7684346000, 0.2568255000, 0.5861289000)
(0.7691723000, 0.2532688000, 0.5867034000)
(0.7684438000, 0.2506740000, 0.5887745000)
(0.7680824000, 0.2500958000, 0.5894715000)
(0.7689587000, 0.2510179000, 0.5879542000)
(0.7697271000, 0.2526673000, 0.5862353000)
(0.7703289000, 0.2541017000, 0.5848236000)
(0.7695853000, 0.2538637000, 0.5858920000)
(0.7694361000, 0.2526914000, 0.5865949000)
(0.7691016000, 0.2527728000, 0.5869960000)
(0.7689157000, 0.2527921000, 0.5872427000)
(0.7691105000, 0.2530894000, 0.5868580000)
(0.7686031000, 0.2520186000, 0.5879727000)
(0.7685162000, 0.2504900000, 0.5887501000)
(0.7683854000, 0.2508055000, 0.5887854000)
(0.7678862000, 0.2510891000, 0.5893129000)
(0.7667305000, 0.2497940000, 0.5913575000)
(0.7675413000, 0.2495308000, 0.5904202000)
(0.7674513000, 0.2502411000, 0.5902232000)
(0.7696732000, 0.2537818000, 0.5858274000)
(0.7683142000, 0.2600156000, 0.5848598000)
(0.7712482000, 0.2543310000, 0.5835165000)
(0.7705668000, 0.2621809000, 0.5809153000)
(0.7703019000, 0.2595013000, 0.5824787000)
(0.7700942000, 0.2595834000, 0.5827171000)
(0.7702234000, 0.2612338000, 0.5818053000)
(0.7700632000, 0.2650578000, 0.5802763000)
(0.7708749000, 0.2669942000, 0.5783252000)
(0.7710694000, 0.2677085000, 0.5777334000)
(0.7714489000, 0.2693907000, 0.5764478000)
(0.7714964000, 0.2691484000, 0.5764835000)
(0.7718288000, 0.2706409000, 0.5753294000)
(0.7718869000, 0.2728070000, 0.5742285000)
(0.7720004000, 0.2741729000, 0.5734434000)
(0.7726511000, 0.2750084000, 0.5721551000)
(0.7731127000, 0.2777262000, 0.5702238000)
(0.7729172000, 0.2789989000, 0.5698573000)
(0.7726111000, 0.2806635000, 0.5694597000)
(0.7726335000, 0.2824687000, 0.5685460000)
(0.7724395000, 0.2831026000, 0.5684918000)
(0.7723876000, 0.2833753000, 0.5684080000)
(0.7721752000, 0.2826283000, 0.5690767000)
(0.7720870000, 0.2824043000, 0.5692967000)
(0.7718635000, 0.2826045000, 0.5695039000)
(0.7717687000, 0.2824356000, 0.5697173000)
(0.7717084000, 0.2814095000, 0.5703117000)
(0.7717312000, 0.2816158000, 0.5701929000)
(0.7716807000, 0.2819559000, 0.5700832000)
(0.7716025000, 0.2801477000, 0.5710660000)
(0.7719618000, 0.2812274000, 0.5700669000)
(0.7719734000, 0.2807430000, 0.5702918000)
(0.7720895000, 0.2800047000, 0.5705030000)
(0.7709099000, 0.2766905000, 0.5736946000)
(0.7706504000, 0.2756583000, 0.5745472000)
(0.7707172000, 0.2750544000, 0.5747280000)
(0.7708563000, 0.2729632000, 0.5755386000)
(0.7708625000, 0.2702699000, 0.5768052000)
(0.7706258000, 0.2679279000, 0.5782040000)
(0.7684789000, 0.2676120000, 0.5812083000)
(0.7621097000, 0.2730346000, 0.5870409000)
(0.7611725000, 0.2735958000, 0.5880043000)
(0.7638621000, 0.2701356000, 0.5861024000)
(0.7641549000, 0.2699730000, 0.5858158000)
(0.7636446000, 0.2699278000, 0.5864844000)
(0.7621850000, 0.2705413000, 0.5881110000)
(0.7611271000, 0.2724212000, 0.5885952000)
(0.7599213000, 0.2738859000, 0.5894771000)
(0.7594123000, 0.2737554000, 0.5902046000)
(0.7593886000, 0.2735301000, 0.5903406000)
(0.7592459000, 0.2737122000, 0.5904199000)
(0.7615649000, 0.2907609000, 0.5791881000)
(0.7655332000, 0.2921028000, 0.5732495000)
(0.7688894000, 0.2885312000, 0.5705506000)
(0.7728398000, 0.2979291000, 0.5603176000)
(0.7726735000, 0.2970938000, 0.5609801000)
(0.7722327000, 0.2943852000, 0.5630093000)
(0.7713047000, 0.2929251000, 0.5650438000)
(0.7709522000, 0.2930934000, 0.5654191000)
(0.7704861000, 0.2913910000, 0.5669492000)
(0.7702501000, 0.2898746000, 0.5680267000)
(0.7699800000, 0.2896571000, 0.5685149000)
(0.7696029000, 0.2893266000, 0.5691856000)
(0.7697468000, 0.2884980000, 0.5694337000)
(0.7680519000, 0.2891776000, 0.5713601000)
(0.7678948000, 0.2917284000, 0.5702850000)
(0.7593880000, 0.2928482000, 0.5809963000)
(0.7592904000, 0.3025156000, 0.5761538000)
(0.7581378000, 0.3002539000, 0.5788435000)
(0.7591056000, 0.2973708000, 0.5790635000)
(0.7583685000, 0.2975512000, 0.5799364000)
(0.7578505000, 0.2995053000, 0.5795990000)
(0.7571567000, 0.3003411000, 0.5800858000)
(0.7568429000, 0.3004519000, 0.5804287000)
(0.7569914000, 0.3003661000, 0.5802903000)
(0.7564494000, 0.2991976000, 0.5815959000)
(0.7565494000, 0.2991638000, 0.5814840000)
(0.7565230000, 0.2991252000, 0.5815341000)
(0.7556833000, 0.2980872000, 0.5831437000)
(0.7550227000, 0.2979329000, 0.5840986000)
(0.7547225000, 0.2988584000, 0.5839930000)
(0.7545739000, 0.2977186000, 0.5847806000)
(0.7626252000, 0.2844678000, 0.5809197000)
(0.7645389000, 0.2883452000, 0.5764751000)
(0.7615471000, 0.2911450000, 0.5790272000)
(0.7622224000, 0.2908323000, 0.5782787000)
(0.7615896000, 0.2914810000, 0.5788034000)
(0.7631537000, 0.2898775000, 0.5775349000)
(0.7637342000, 0.2885547000, 0.5774269000)
(0.7640910000, 0.2874618000, 0.5775132000)
(0.7646981000, 0.2864969000, 0.5771908000)
(0.7651482000, 0.2863117000, 0.5766790000)
(0.7655549000, 0.2863156000, 0.5761456000)
(0.7654389000, 0.2875170000, 0.5756943000)
(0.7652950000, 0.2850321000, 0.5771292000)
(0.7650100000, 0.2836711000, 0.5781732000)
(0.7649438000, 0.2833036000, 0.5784232000)
(0.7650892000, 0.2822488000, 0.5787662000)
(0.7646108000, 0.2778143000, 0.5815374000)
(0.7642284000, 0.2747722000, 0.5834644000)
(0.7641940000, 0.2742685000, 0.5837556000)
(0.7644372000, 0.2742947000, 0.5834140000)
(0.7626766000, 0.2754171000, 0.5852023000)
(0.7622776000, 0.2748423000, 0.5859725000)
(0.7623820000, 0.2743833000, 0.5860604000)
(0.7622837000, 0.2730010000, 0.5868396000)
(0.7620550000, 0.2727453000, 0.5872513000)
(0.7619660000, 0.2720518000, 0.5876803000)
(0.7621010000, 0.2719926000, 0.5875324000)
(0.7614356000, 0.2712954000, 0.5887147000)
(0.7613221000, 0.2703529000, 0.5892923000)
(0.7613590000, 0.2705415000, 0.5891613000)
(0.7612950000, 0.2689882000, 0.5899649000)
(0.7614987000, 0.2680973000, 0.5901152000)
(0.7606913000, 0.2653426000, 0.5923781000)
(0.7603462000, 0.2655408000, 0.5927411000)
(0.7599389000, 0.2653671000, 0.5933531000)
(0.7561574000, 0.2635572000, 0.5989503000)
(0.7556435000, 0.2614809000, 0.6005217000)
(0.7529646000, 0.2669775000, 0.6014565000)
(0.7566558000, 0.2896603000, 0.5861202000)
(0.7577750000, 0.2654871000, 0.5960473000)
(0.7549847000, 0.2643747000, 0.6000781000)
(0.7005444000, 0.0807795600, 0.7090058000)
(0.7137582000, 0.0197605300, 0.7000940000)
(0.0000000000, 0.0000000000, 0.0000000000)
(0.0000000000, 0.0000000000, 0.0000000000)
(0.0000000000, 0.0000000000, 0.0000000000)
(0.0000000000, 0.0000000000, 0.0000000000)
(0.0000000000, 0.0000000000, 0.0000000000)
(0.0000000000, 0.0000000000, 0.0000000000)
(0.0000000000, 0.0000000000, 0.0000000000)
(0.0000000000, 0.0000000000, 0.0000000000)
(0.0000000000, 0.0000000000, 0.0000000000)
(0.0000000000, 0.0000000000, 0.0000000000)
(0.0000000000, 0.0000000000, 0.0000000000)
(0.6812366000, -0.0691552200, 0.7287712000)
(0.7065987000, 0.0899608900, 0.7018563000)
(0.7530797000, 0.2919022000, 0.5896033000)
(0.7508797000, 0.2967205000, 0.5900185000)
(0.7541974000, 0.2962363000, 0.5860065000)
(0.7554139000, 0.2828984000, 0.5910075000)
(0.7231411000, 0.2819710000, 0.6305105000)
(0.7238754000, 0.3005904000, 0.6209901000)
(0.7434444000, 0.2894435000, 0.6028938000)
(0.7496416000, 0.2854241000, 0.5971336000)
(0.7485930000, 0.2904120000, 0.5960286000)
(0.7517418000, 0.2931125000, 0.5907333000)
(0.7469706000, 0.2921070000, 0.5972248000)
(0.7471071000, 0.2885577000, 0.5987802000)
(0.7496380000, 0.2888062000, 0.5954928000)
(0.7485002000, 0.2861994000, 0.5981938000)
(0.7498091000, 0.2869692000, 0.5961748000)
(0.7558845000, 0.2845607000, 0.5896047000)
(0.7573915000, 0.2855000000, 0.5872116000)
(0.7586066000, 0.2853318000, 0.5857395000)
(0.7598808000, 0.2857084000, 0.5838847000)
(0.7593993000, 0.2847765000, 0.5849636000)
(0.7600826000, 0.2851900000, 0.5838995000)
(0.7592413000, 0.2869828000, 0.5840901000)
(0.7590885000, 0.2867239000, 0.5844160000)
(0.7609417000, 0.2812958000, 0.5846680000)
(0.7610809000, 0.2842701000, 0.5830479000)
(0.7592617000, 0.2832328000, 0.5859119000)
(0.7565683000, 0.2847579000, 0.5886384000)
(0.7525997000, 0.2807561000, 0.5956004000)
(0.7554143000, 0.2867360000, 0.5891622000)
(0.7516687000, 0.2886681000, 0.5930048000)
(0.7426797000, 0.2926163000, 0.6023179000)
(0.7484611000, 0.2843798000, 0.5990995000)
(0.7488317000, 0.2827576000, 0.5993992000)
(0.7525631000, 0.2782934000, 0.5968233000)
(0.7530577000, 0.2777707000, 0.5964232000)
(0.7526537000, 0.2775097000, 0.5970492000)
(0.7519126000, 0.2778805000, 0.5978342000)
(0.7516420000, 0.2796110000, 0.5973469000)
(0.7518883000, 0.2806005000, 0.5965840000)
(0.7510586000, 0.2834568000, 0.5962858000)
(0.7507719000, 0.2834800000, 0.5966375000)
(0.7489505000, 0.2870179000, 0.5972132000)
(0.7455302000, 0.2919607000, 0.5991024000)
(0.7476215000, 0.2893958000, 0.5977439000)
(0.7480018000, 0.2894094000, 0.5972623000)
(0.7478778000, 0.2899822000, 0.5971462000)
(0.7457976000, 0.2916138000, 0.5989349000)
(0.7446163000, 0.2929247000, 0.5997730000)
(0.7433066000, 0.2980861000, 0.5988572000)
(0.7436297000, 0.2980626000, 0.5984648000)
(0.7447919000, 0.3015415000, 0.5952534000)
(0.7449320000, 0.3020954000, 0.5948057000)
(0.7451798000, 0.3022217000, 0.5944380000)
(0.7442577000, 0.3030698000, 0.5951526000)
(0.7445655000, 0.3046292000, 0.5939757000)
(0.7446796000, 0.3040034000, 0.5941477000)
(0.7447630000, 0.3051658000, 0.5934491000)
(0.7450857000, 0.3050501000, 0.5931017000)
(0.7467746000, 0.3017727000, 0.5926478000)
(0.7472929000, 0.3039535000, 0.5908833000)
(0.7497659000, 0.3018922000, 0.5888167000)
(0.7496566000, 0.3016503000, 0.5890684000)
(0.7496062000, 0.3017364000, 0.5891021000)
(0.7501755000, 0.3012803000, 0.5885957000)
(0.7511159000, 0.2996175000, 0.5882492000)
(0.7563123000, 0.2972986000, 0.5827343000)
(0.7544345000, 0.2991645000, 0.5842170000)
(0.7546509000, 0.2991347000, 0.5839595000)
(0.7551540000, 0.2987649000, 0.5834835000)
(0.7547522000, 0.2999893000, 0.5833840000)
(0.7560713000, 0.2985519000, 0.5824217000)
(0.7549111000, 0.2958505000, 0.5852872000)
(0.7548893000, 0.2949129000, 0.5857922000)
(0.7553738000, 0.2933297000, 0.5859578000)
(0.7568471000, 0.2907390000, 0.5853627000)
(0.7559232000, 0.2913209000, 0.5862530000)
(0.7554981000, 0.2933495000, 0.5857990000)
(0.7554296000, 0.2939856000, 0.5855660000)
(0.7532527000, 0.2938258000, 0.5884430000)
(0.7541792000, 0.2926666000, 0.5878344000)
(0.7547981000, 0.2938837000, 0.5864275000)
(0.7535531000, 0.2864249000, 0.5916865000)
(0.7513562000, 0.2815003000, 0.5968268000)
(0.7513892000, 0.2830985000, 0.5960279000)
(0.7478787000, 0.2784354000, 0.6025932000)
(0.7460830000, 0.2766937000, 0.6056238000)
(0.7446239000, 0.2772568000, 0.6071718000)
(0.7426077000, 0.2776420000, 0.6094438000)
(0.7425383000, 0.2787573000, 0.6090156000)
(0.7431738000, 0.2781208000, 0.6085553000)
(0.7419835000, 0.2776435000, 0.6102099000)
(0.7382135000, 0.2802168000, 0.6135957000)
(0.7384925000, 0.2801130000, 0.6133178000)
(0.7423254000, 0.2787388000, 0.6093041000)
(0.7423318000, 0.2776395000, 0.6097963000)
(0.7425978000, 0.2767377000, 0.6098666000)
(0.7387122000, 0.2793740000, 0.6133916000)
(0.7391024000, 0.2763911000, 0.6142719000)
(0.7406442000, 0.2763164000, 0.6124365000)
(0.7455145000, 0.2713156000, 0.6087516000)
(0.7497473000, 0.2727666000, 0.6028762000)
(0.7479167000, 0.2703105000, 0.6062530000)
(0.7372566000, 0.2806066000, 0.6145719000)
(0.7377656000, 0.2783260000, 0.6150004000)
(0.7351585000, 0.2805497000, 0.6171076000)
(0.7424473000, 0.2769597000, 0.6099430000)
(0.7438183000, 0.2729498000, 0.6100976000)
(0.7448708000, 0.2738011000, 0.6084151000)
(0.7459317000, 0.2740042000, 0.6070310000)
(0.7465004000, 0.2742423000, 0.6062194000)
(0.7464019000, 0.2747235000, 0.6061306000)
(0.7454399000, 0.2750645000, 0.6071534000)
(0.7433894000, 0.2823574000, 0.6063210000)
(0.7403696000, 0.2829378000, 0.6097443000)
(0.7443522000, 0.2730524000, 0.6094061000)
(0.7441169000, 0.2759708000, 0.6083660000)
(0.7488761000, 0.2777612000, 0.6016791000)
(0.7513655000, 0.2766438000, 0.5990766000)
(0.7546100000, 0.2775977000, 0.5945477000)
(0.7554917000, 0.2783944000, 0.5930486000)
(0.7586818000, 0.2752883000, 0.5904223000)
(0.7602219000, 0.2742608000, 0.5889163000)
(0.7598924000, 0.2752049000, 0.5889096000)
(0.7588223000, 0.2757546000, 0.5900323000)
(0.7599857000, 0.2751423000, 0.5888078000)
(0.7602383000, 0.2769746000, 0.5876196000)
(0.7611225000, 0.2786702000, 0.5856805000)
(0.7584748000, 0.2743633000, 0.5911242000)
(0.7525569000, 0.2713659000, 0.6000052000)
(0.7493572000, 0.2697340000, 0.6047270000)
(0.7497224000, 0.2683870000, 0.6048636000)
(0.7473928000, 0.2699507000, 0.6070566000)
(0.7495022000, 0.2705549000, 0.6041650000)
(0.7521514000, 0.2715173000, 0.6004494000)
(0.7519205000, 0.2705126000, 0.6011808000)
(0.7530828000, 0.2696676000, 0.6001072000)
(0.7530759000, 0.2703535000, 0.5998138000)
(0.7533486000, 0.2710117000, 0.5991594000)
(0.7531928000, 0.2719948000, 0.5989303000)
(0.7525591000, 0.2716143000, 0.5998730000)
(0.7522354000, 0.2723853000, 0.5999555000)
(0.7526203000, 0.2705466000, 0.6002833000)
(0.7519391000, 0.2702124000, 0.6013030000)
(0.7514759000, 0.2715835000, 0.6012478000)
(0.7525756000, 0.2702083000, 0.6005112000)
(0.7510883000, 0.2732316000, 0.6010012000)
(0.7541765000, 0.2726273000, 0.5973896000)
(0.7507136000, 0.2723221000, 0.6018682000)
(0.7514591000, 0.2729417000, 0.6006696000)
(0.7520652000, 0.2728974000, 0.5999303000)
(0.7525743000, 0.2722110000, 0.5996007000)
(0.7532776000, 0.2721494000, 0.5987307000)
(0.7522299000, 0.2645831000, 0.6034240000)
(0.7546103000, 0.2543305000, 0.6048716000)
(0.7555335000, 0.2448497000, 0.6076109000)
(0.7541978000, 0.2514134000, 0.6065941000)
(0.7563449000, 0.2531995000, 0.6031739000)
(0.7548580000, 0.2532197000, 0.6050262000)
(0.7544429000, 0.2529192000, 0.6056613000)
(0.7544931000, 0.2524654000, 0.6057883000)
(0.7550364000, 0.2509360000, 0.6057442000)
(0.7552320000, 0.2516544000, 0.6052074000)
(0.7556223000, 0.2513504000, 0.6048481000)
(0.7546983000, 0.2500267000, 0.6065530000)
(0.7536691000, 0.2486849000, 0.6083842000)
(0.7527977000, 0.2492445000, 0.6092191000)
(0.7535365000, 0.2486628000, 0.6085491000)
(0.7531601000, 0.2476165000, 0.6094294000)
(0.7510443000, 0.2475927000, 0.6120509000)
(0.7515955000, 0.2545067000, 0.6085417000)
(0.7484872000, 0.2494283000, 0.6144480000)
(0.7475405000, 0.2526235000, 0.6142838000)
(0.7477929000, 0.2522824000, 0.6141084000)
(0.7453144000, 0.2524008000, 0.6170688000)
(0.7478035000, 0.2505447000, 0.6148064000)
(0.7477368000, 0.2496387000, 0.6152580000)
(0.7478791000, 0.2499669000, 0.6149607000)
(0.7477544000, 0.2495829000, 0.6152672000)
(0.7473381000, 0.2494307000, 0.6158367000)
(0.7466899000, 0.2503097000, 0.6162766000)
(0.7461907000, 0.2508985000, 0.6166226000)
(0.7468951000, 0.2504458000, 0.6159693000)
(0.7452435000, 0.2512370000, 0.6176490000)
(0.7443382000, 0.2514479000, 0.6186473000)
(0.7436035000, 0.2523663000, 0.6191458000)
(0.7436639000, 0.2530021000, 0.6188189000)
(0.7426919000, 0.2582161000, 0.6178212000)
(0.7445002000, 0.2577014000, 0.6158577000)
(0.7428447000, 0.2596619000, 0.6170494000)
(0.7445119000, 0.2600726000, 0.6148600000)
(0.7439753000, 0.2611515000, 0.6150374000)
(0.7440071000, 0.2616923000, 0.6147894000)
(0.7434787000, 0.2585208000, 0.6167492000)
(0.7450604000, 0.2564816000, 0.6156851000)
(0.7462757000, 0.2552433000, 0.6147308000)
(0.7461104000, 0.2564344000, 0.6144336000)
(0.7463988000, 0.2566329000, 0.6140064000)
(0.7465072000, 0.2559077000, 0.6141826000)
(0.7463243000, 0.2550197000, 0.6147820000)
(0.7464598000, 0.2545842000, 0.6147977000)
(0.7464350000, 0.2544576000, 0.6148841000)
(0.7463225000, 0.2548030000, 0.6148691000)
(0.7464591000, 0.2551373000, 0.6145594000)
(0.7458857000, 0.2554761000, 0.6151080000)
(0.7465663000, 0.2610797000, 0.6119244000)
(0.7478415000, 0.2629121000, 0.6095834000)
(0.7442398000, 0.2664712000, 0.6124270000)
(0.7406856000, 0.2773676000, 0.6119098000)
(0.7408439000, 0.2778524000, 0.6115085000)
(0.7413094000, 0.2773788000, 0.6111568000)
(0.7426776000, 0.2791102000, 0.6087040000)
(0.7433347000, 0.2804525000, 0.6072691000)
(0.7431576000, 0.2792483000, 0.6080402000)
(0.7428049000, 0.2764253000, 0.6097739000)
(0.7424980000, 0.2751761000, 0.6107125000)
(0.7422252000, 0.2747476000, 0.6112201000)
(0.7423874000, 0.2746130000, 0.6110960000)
(0.7428772000, 0.2752322000, 0.6102282000)
(0.7427356000, 0.2762001000, 0.6099389000)
(0.7430847000, 0.2818782000, 0.6069160000)
(0.7422044000, 0.2813092000, 0.6082564000)
(0.7413277000, 0.2810716000, 0.6094503000)
(0.7415609000, 0.2799224000, 0.6096930000)
(0.7417924000, 0.2797357000, 0.6094817000)
(0.7414145000, 0.2804483000, 0.6096107000)
(0.7412803000, 0.2842796000, 0.6080146000)
(0.7408317000, 0.2840249000, 0.6086757000)
(0.7408573000, 0.2837212000, 0.6087826000)
(0.7403323000, 0.2831259000, 0.6096935000)
(0.7404200000, 0.2835499000, 0.6093906000)
(0.7403646000, 0.2827841000, 0.6098213000)
(0.7403700000, 0.2819885000, 0.6101764000)
(0.7404233000, 0.2825308000, 0.6098615000)
(0.7404281000, 0.2824466000, 0.6098840000)
(0.7399526000, 0.2829729000, 0.6102166000)
(0.7401886000, 0.2840124000, 0.6094663000)
(0.7401111000, 0.2840410000, 0.6095436000)
(0.7408509000, 0.2851350000, 0.6081321000)
(0.7408669000, 0.2862550000, 0.6075835000)
(0.7410949000, 0.2860637000, 0.6074052000)
(0.7413087000, 0.2883638000, 0.6060464000)
(0.7416136000, 0.2891904000, 0.6052848000)
(0.7413122000, 0.2896419000, 0.6054246000)
(0.7414932000, 0.2909659000, 0.6045612000)
(0.7416118000, 0.2921573000, 0.6038646000)
(0.7416601000, 0.2923554000, 0.6036884000)
(0.7418017000, 0.2935911000, 0.6029328000)
(0.7418473000, 0.2920979000, 0.6035901000)
(0.7421851000, 0.2916384000, 0.6033953000)
(0.7431105000, 0.2917677000, 0.6021847000)
(0.7427455000, 0.2917300000, 0.6026579000)
(0.7424386000, 0.2907943000, 0.6034943000)
(0.7430451000, 0.2954868000, 0.6004719000)
(0.7426801000, 0.2951969000, 0.6010430000)
(0.7428725000, 0.2971385000, 0.5998564000)
(0.7430701000, 0.2966248000, 0.5998731000)
(0.7442131000, 0.2979337000, 0.5978085000)
(0.7441877000, 0.2981463000, 0.5977160000)
(0.7454315000, 0.2974063000, 0.5965516000)
(0.7450643000, 0.2974047000, 0.5970006000)
(0.7453683000, 0.2995435000, 0.5955506000)
(0.7457095000, 0.2995000000, 0.5951496000)
(0.7461025000, 0.2991968000, 0.5948107000)
(0.7461664000, 0.2996258000, 0.5945004000)
(0.7475017000, 0.2992693000, 0.5930038000)
(0.7473884000, 0.3001667000, 0.5927052000)
(0.7470906000, 0.3008575000, 0.5927197000)
(0.7480111000, 0.3004458000, 0.5917848000)
(0.7482147000, 0.3003011000, 0.5915964000)
(0.7481035000, 0.3003623000, 0.5916935000)
(0.7485324000, 0.2996580000, 0.5915196000)
(0.7484722000, 0.2997034000, 0.5915681000)
(0.7487300000, 0.3001274000, 0.5910265000)
(0.7489242000, 0.3004699000, 0.5906065000)
(0.7491237000, 0.3004808000, 0.5903562000)
(0.7490086000, 0.3002675000, 0.5906000000)
(0.7493472000, 0.2997102000, 0.5904526000)
(0.7494001000, 0.2993780000, 0.5905541000)
(0.7489328000, 0.2994357000, 0.5911224000)
(0.7492357000, 0.2988307000, 0.5910426000)
(0.7493579000, 0.2985331000, 0.5910453000)
(0.7493350000, 0.2978301000, 0.5914064000)
(0.7489949000, 0.2983466000, 0.5915893000)
(0.7505077000, 0.2973342000, 0.5901732000)
(0.7493215000, 0.2959135000, 0.5923963000)
(0.7586312000, 0.2938299000, 0.5814778000)
(0.7570140000, 0.2950464000, 0.5829687000)
(0.7566763000, 0.2927262000, 0.5845817000)
(0.7560912000, 0.2902743000, 0.5865653000)
(0.7562988000, 0.2908468000, 0.5860087000)
(0.7562389000, 0.2898914000, 0.5865685000)
(0.7576991000, 0.2902463000, 0.5844820000)
(0.7575705000, 0.2898543000, 0.5848606000)
(0.7575020000, 0.2896157000, 0.5850541000)
(0.7575848000, 0.2889837000, 0.5852715000)
(0.7576692000, 0.2888859000, 0.5852033000)
(0.7581354000, 0.2924063000, 0.5828447000)
(0.7551147000, 0.2930819000, 0.5864139000)
(0.7590802000, 0.3002805000, 0.5775938000)
(0.7579043000, 0.3220633000, 0.5673091000)
(0.7588450000, 0.3350211000, 0.5584888000)
(0.7590526000, 0.3322857000, 0.5598249000)
(0.7591379000, 0.3285466000, 0.5619113000)
(0.7588122000, 0.3315504000, 0.5605962000)
(0.7591869000, 0.3304433000, 0.5607323000)
(0.7587681000, 0.3286557000, 0.5623568000)
(0.7584725000, 0.3218646000, 0.5666552000)
(0.7587301000, 0.3210776000, 0.5667636000)
(0.7583328000, 0.3203038000, 0.5677288000)
(0.7579311000, 0.3160757000, 0.5706291000)
(0.7575217000, 0.3127919000, 0.5729751000)
(0.7571114000, 0.3135951000, 0.5730816000)
(0.7567250000, 0.3098281000, 0.5756482000)
(0.7565830000, 0.3085895000, 0.5764758000)
(0.7567046000, 0.3098977000, 0.5756199000)
(0.7570205000, 0.3090326000, 0.5756749000)
(0.7567278000, 0.3085356000, 0.5763148000)
(0.7565090000, 0.3074836000, 0.5771887000)
(0.7554367000, 0.3071710000, 0.5787464000)
(0.7547596000, 0.3069739000, 0.5797293000)
(0.7543359000, 0.3067678000, 0.5803978000)
(0.7532077000, 0.3088247000, 0.5807624000)
(0.7522658000, 0.3082756000, 0.5822720000)
(0.7515247000, 0.3069833000, 0.5839100000)
(0.7505677000, 0.3044156000, 0.5864747000)
(0.7499623000, 0.3045434000, 0.5871845000)
(0.7500220000, 0.3044668000, 0.5871634000)
(0.7505071000, 0.3044543000, 0.5865346000)
(0.7503879000, 0.3029727000, 0.5874493000)
(0.7502329000, 0.3027455000, 0.5877730000)
(0.7487777000, 0.3010202000, 0.5904952000)
(0.7486752000, 0.3014371000, 0.5904325000)
(0.7492114000, 0.3014932000, 0.5897183000)
(0.7502998000, 0.3063381000, 0.5858247000)
(0.7506177000, 0.3065467000, 0.5853084000)
(0.7506741000, 0.3076004000, 0.5846894000)
(0.7496614000, 0.3086033000, 0.5854620000)
(0.7493300000, 0.3062838000, 0.5870957000)
(0.7494190000, 0.3066623000, 0.5867818000)
(0.7481871000, 0.3063838000, 0.5884845000)
(0.7477260000, 0.3062055000, 0.5891756000)
(0.7467396000, 0.3036616000, 0.5917386000)
(0.7461616000, 0.3032724000, 0.5926578000)
(0.7457438000, 0.3040148000, 0.5928164000)
(0.7458506000, 0.3058562000, 0.5917379000)
(0.7463285000, 0.3058666000, 0.5911142000)
(0.7464578000, 0.3060720000, 0.5908573000)
(0.7460752000, 0.3041469000, 0.5923219000)
(0.7447230000, 0.3012713000, 0.5954928000)
(0.7441972000, 0.3025071000, 0.5955185000)
(0.7445740000, 0.3032262000, 0.5946883000)
(0.7446114000, 0.3037457000, 0.5943644000)
(0.7447395000, 0.3035423000, 0.5943195000)
(0.7440984000, 0.2973094000, 0.5982624000)
(0.7441719000, 0.2966933000, 0.5984616000)
(0.7445254000, 0.2961148000, 0.5983040000)
(0.7443873000, 0.2973659000, 0.5978721000)
(0.7436701000, 0.2967213000, 0.5990715000)
(0.7430009000, 0.2926420000, 0.6019049000)
(0.7436525000, 0.2942522000, 0.6003258000)
(0.7572509000, 0.2834798000, 0.5883832000)
(0.7574123000, 0.2857557000, 0.5870752000)
(0.7565313000, 0.2832292000, 0.5894284000)
(0.7569470000, 0.2778105000, 0.5914691000)
(0.7572530000, 0.2753656000, 0.5922304000)
(0.7573702000, 0.2739390000, 0.5927380000)
(0.7560354000, 0.2779463000, 0.5925615000)
(0.7563729000, 0.2773249000, 0.5924300000)
(0.7561530000, 0.2776175000, 0.5925746000)
(0.7563072000, 0.2760714000, 0.5931029000)
(0.7564472000, 0.2754804000, 0.5932069000)
(0.7565027000, 0.2751724000, 0.5932568000)
(0.7561651000, 0.2717869000, 0.5952556000)
(0.7561957000, 0.2708162000, 0.5956603000)
(0.7558683000, 0.2668757000, 0.5978520000)
(0.7558486000, 0.2619228000, 0.6000515000)
(0.7560617000, 0.2612124000, 0.6001042000)
(0.7562459000, 0.2598973000, 0.6004276000)
(0.7555658000, 0.2568395000, 0.6025993000)
(0.7556564000, 0.2564246000, 0.6026766000)
(0.7552904000, 0.2565783000, 0.6030658000)
(0.7552687000, 0.2543037000, 0.6040661000)
(0.7549980000, 0.2522892000, 0.6052272000)
(0.7547606000, 0.2522416000, 0.6055481000)
(0.7579722000, 0.2538457000, 0.6008483000)
(0.7591139000, 0.2539283000, 0.5993837000)
(0.7570886000, 0.2520864000, 0.6027086000)
(0.7571037000, 0.2503040000, 0.6034250000)
(0.7579020000, 0.2520858000, 0.6016705000)
(0.7568775000, 0.2531264000, 0.6025237000)
(0.7550627000, 0.2501701000, 0.6060361000)
(0.7550431000, 0.2493807000, 0.6063827000)
(0.7549250000, 0.2504865000, 0.6060762000)
(0.7552036000, 0.2506123000, 0.6056792000)
(0.7539566000, 0.2552840000, 0.6052678000)
(0.7518344000, 0.2598650000, 0.6059772000)
(0.7485932000, 0.2580722000, 0.6107384000)
(0.7495770000, 0.2575642000, 0.6097397000)
(0.7494658000, 0.2574121000, 0.6099256000)
(0.7491552000, 0.2578164000, 0.6101540000)
(0.7492370000, 0.2575346000, 0.6101617000)
(0.7488599000, 0.2574674000, 0.6106639000)
(0.7489751000, 0.2555452000, 0.6113102000)
(0.7487667000, 0.2547564000, 0.6119024000)
(0.7486393000, 0.2542206000, 0.6122760000)
(0.7485584000, 0.2538238000, 0.6125549000)
(0.7486996000, 0.2532860000, 0.6125957000)
(0.7485264000, 0.2523786000, 0.6131899000)
(0.7494743000, 0.2583388000, 0.6095421000)
(0.7488580000, 0.2604750000, 0.6093929000)
(0.7473227000, 0.2586050000, 0.6120652000)
(0.7499418000, 0.2662140000, 0.6055456000)
(0.7502170000, 0.2826673000, 0.5977125000)
(0.7497606000, 0.2870361000, 0.5961945000)
(0.7465928000, 0.2919064000, 0.5977960000)
(0.7464268000, 0.2927267000, 0.5976123000)
(0.7461525000, 0.2937734000, 0.5974389000)
(0.7461917000, 0.2948123000, 0.5968723000)
(0.7450665000, 0.2936699000, 0.5988532000)
(0.7439708000, 0.2961082000, 0.5990118000)
(0.7428768000, 0.2906228000, 0.6030408000)
(0.7424908000, 0.2915567000, 0.6030653000)
(0.7422739000, 0.2933552000, 0.6024545000)
(0.7410882000, 0.2962684000, 0.6024991000)
(0.7409691000, 0.2986525000, 0.6014526000)
(0.7409979000, 0.3002875000, 0.6006067000)
(0.7404023000, 0.2975906000, 0.6026694000)
(0.7400451000, 0.2984714000, 0.6026961000)
(0.7392470000, 0.2999830000, 0.6029065000)
(0.7391491000, 0.3003371000, 0.6028538000)
(0.7385229000, 0.3009214000, 0.6033317000)
(0.7386493000, 0.2990256000, 0.6041281000)
(0.7448836000, 0.2992789000, 0.5963007000)
(0.7473867000, 0.2964537000, 0.5945716000)
(0.7481611000, 0.2955996000, 0.5940279000)
(0.7483094000, 0.2957512000, 0.5937561000)
(0.7487479000, 0.2954404000, 0.5933616000)
(0.7489509000, 0.2954108000, 0.5931097000)
(0.7492347000, 0.2944631000, 0.5932280000)
(0.7491966000, 0.2941782000, 0.5934291000)
(0.7489432000, 0.2947939000, 0.5934352000)
(0.7475230000, 0.2935611000, 0.5958222000)
(0.7471644000, 0.2933624000, 0.5963780000)
(0.7458487000, 0.2881070000, 0.6005680000)
(0.7412695000, 0.2741352000, 0.6126555000)
(0.0000000000, 0.0000000000, 0.0000000000)
(0.0000000000, 0.0000000000, 0.0000000000)
(0.0000000000, 0.0000000000, 0.0000000000)
(0.0000000000, 0.0000000000, 0.0000000000)
(0.0000000000, 0.0000000000, 0.0000000000)
(0.0000000000, 0.0000000000, 0.0000000000)
(0.0000000000, 0.0000000000, 0.0000000000)
(0.0000000000, 0.0000000000, 0.0000000000)
(0.0000000000, 0.0000000000, 0.0000000000)
(0.0000000000, 0.0000000000, 0.0000000000)
(0.0000000000, 0.0000000000, 0.0000000000)
(0.0000000000, 0.0000000000, 0.0000000000)
(0.0000000000, 0.0000000000, 0.0000000000)
(0.0000000000, 0.0000000000, 0.0000000000)
(0.0000000000, 0.0000000000, 0.0000000000)
(0.0000000000, 0.0000000000, 0.0000000000)
(0.7423643000, 0.3175078000, 0.5899798000)
(0.7421055000, 0.3064215000, 0.5961230000)
(0.7410166000, 0.3087672000, 0.5962714000)
(0.7418498000, 0.3136131000, 0.5926898000)
(0.7418794000, 0.3178722000, 0.5903940000)
(0.7446467000, 0.3124224000, 0.5898101000)
(0.7432473000, 0.3183306000, 0.5884264000)
(0.7403407000, 0.3137676000, 0.5944942000)
(0.7440063000, 0.3111086000, 0.5913138000)
(0.7462116000, 0.3072970000, 0.5905207000)
(0.7434282000, 0.3163446000, 0.5892488000)
(0.7438478000, 0.3133646000, 0.5903192000)
(0.7457504000, 0.3130488000, 0.5880807000)
(0.7449476000, 0.3121203000, 0.5895930000)
(0.7450897000, 0.3144471000, 0.5881682000)
(0.7425113000, 0.3079954000, 0.5948003000)
(0.7439959000, 0.3034518000, 0.5952776000)
(0.7405118000, 0.2989834000, 0.6018668000)
(0.7382361000, 0.2944085000, 0.6068895000)
(0.7415109000, 0.3007066000, 0.5997663000)
(0.7428774000, 0.2976176000, 0.5996104000)
(0.7421761000, 0.3027680000, 0.5978984000)
(0.7391991000, 0.3007303000, 0.6025956000)
(0.7412750000, 0.2919987000, 0.6043395000)
(0.7404068000, 0.2947974000, 0.6040521000)
(0.7399573000, 0.2975379000, 0.6032598000)
(0.7393816000, 0.2984716000, 0.6035074000)
(0.7375396000, 0.3018174000, 0.6040897000)
(0.7401411000, 0.3116208000, 0.5958821000)
(0.7426469000, 0.3156571000, 0.5906137000)
(0.7336332000, 0.3003524000, 0.6095529000)
(0.0000000000, 0.0000000000, 0.0000000000)
(0.0000000000, 0.0000000000, 0.0000000000)
(0.0000000000, 0.0000000000, 0.0000000000)
(0.0000000000, 0.0000000000, 0.0000000000)
(0.0000000000, 0.0000000000, 0.0000000000)
(0.0000000000, 0.0000000000, 0.0000000000)
(0.0000000000, 0.0000000000, 0.0000000000)
(0.0000000000, 0.0000000000, 0.0000000000)
(0.0000000000, 0.0000000000, 0.0000000000)
(0.0000000000, 0.0000000000, 0.0000000000)
(0.0000000000, 0.0000000000, 0.0000000000)
(0.0000000000, 0.0000000000, 0.0000000000)
(0.0000000000, 0.0000000000, 0.0000000000)
(0.0000000000, 0.0000000000, 0.0000000000)
(0.0000000000, 0.0000000000, 0.0000000000)
(0.0000000000, 0.0000000000, 0.0000000000)
(0.0000000000, 0.0000000000, 0.0000000000)
(0.0000000000, 0.0000000000, 0.0000000000)
(0.7222919000, 0.3415551000, 0.6013458000)
(0.7246145000, 0.3256640000, 0.6073325000)
(0.7172508000, 0.3322901000, 0.6124675000)
(0.7148711000, 0.3325423000, 0.6151042000)
(0.7151112000, 0.3326239000, 0.6147888000)
(0.7114831000, 0.3389395000, 0.6155552000)
(0.7116168000, 0.3433953000, 0.6129260000)
(0.7181246000, 0.3445000000, 0.6046468000)
(0.7167938000, 0.3438858000, 0.6065661000)
(0.7199657000, 0.3424669000, 0.6036182000)
(0.7214597000, 0.3418119000, 0.6021888000)
(0.7215473000, 0.3433648000, 0.6012160000)
(0.7174295000, 0.3487440000, 0.6030340000)
(0.7184207000, 0.3495121000, 0.6014212000)
(0.7170823000, 0.3487233000, 0.6034685000)
(0.7188680000, 0.3469201000, 0.6023722000)
(0.7294946000, 0.3387979000, 0.5941707000)
(0.7302544000, 0.3340565000, 0.5959186000)
(0.7289359000, 0.3371164000, 0.5958088000)
(0.7292901000, 0.3344568000, 0.5968809000)
(0.7282255000, 0.3342775000, 0.5982686000)
(0.7276551000, 0.3347586000, 0.5986923000)
(0.7270186000, 0.3319539000, 0.6010208000)
(0.7265780000, 0.3353056000, 0.5997019000)
(0.7219052000, 0.3368663000, 0.6044403000)
(0.7294130000, 0.3302483000, 0.5990624000)
(0.7268164000, 0.3349115000, 0.5996367000)
(0.7274914000, 0.3335387000, 0.5995873000)
(0.7274600000, 0.3307386000, 0.6011660000)
(0.7289909000, 0.3323816000, 0.5983962000)
(0.7294167000, 0.3333502000, 0.5973310000)
(0.7281427000, 0.3307334000, 0.6003296000)
(0.7290574000, 0.3315386000, 0.5987934000)
(0.7289195000, 0.3314733000, 0.5989869000)
(0.7303816000, 0.3311729000, 0.5973775000)
(0.7301471000, 0.3296444000, 0.5985026000)
(0.7303162000, 0.3292650000, 0.5985071000)
(0.7307652000, 0.3299529000, 0.5975634000)
(0.7314820000, 0.3284930000, 0.5974908000)
(0.7318140000, 0.3287736000, 0.5969411000)
(0.7336872000, 0.3281473000, 0.5949939000)
(0.7332866000, 0.3338882000, 0.5922635000)
(0.7330192000, 0.3346052000, 0.5921929000)
(0.7348277000, 0.3359951000, 0.5891605000)
(0.7347703000, 0.3361188000, 0.5891748000)
(0.7361967000, 0.3376214000, 0.5865187000)
(0.7365781000, 0.3295233000, 0.5906320000)
(0.7361733000, 0.3305286000, 0.5905828000)
(0.7356795000, 0.3295766000, 0.5917377000)
(0.7357467000, 0.3319620000, 0.5903052000)
(0.7358373000, 0.3330691000, 0.5895568000)
(0.7360227000, 0.3324285000, 0.5896952000)
(0.7420933000, 0.3338263000, 0.5812441000)
(0.7425992000, 0.3322467000, 0.5814911000)
(0.7430938000, 0.3315592000, 0.5812711000)
(0.7447044000, 0.3352592000, 0.5770630000)
(0.7434727000, 0.3395855000, 0.5761067000)
(0.7455257000, 0.3386708000, 0.5739942000)
(0.7443413000, 0.3387617000, 0.5754895000)
(0.7439411000, 0.3396658000, 0.5754575000)
(0.7436002000, 0.3393878000, 0.5760773000)
(0.7436388000, 0.3390546000, 0.5762187000)
(0.7425264000, 0.3432561000, 0.5751630000)
(0.7435406000, 0.3436344000, 0.5736332000)
(0.7444752000, 0.3425696000, 0.5730626000)
(0.7452253000, 0.3422124000, 0.5722784000)
(0.7453340000, 0.3425166000, 0.5719668000)
(0.7429919000, 0.3456183000, 0.5731399000)
(0.7428922000, 0.3469778000, 0.5724485000)
(0.7426091000, 0.3482634000, 0.5720382000)
(0.7429290000, 0.3484851000, 0.5714825000)
(0.7442969000, 0.3461354000, 0.5711401000)
(0.7445726000, 0.3437194000, 0.5722343000)
(0.7458169000, 0.3429873000, 0.5710437000)
(0.7462697000, 0.3435926000, 0.5701054000)
(0.7462440000, 0.3457135000, 0.5688410000)
(0.7484158000, 0.3507720000, 0.5628666000)
(0.7472467000, 0.3537056000, 0.5625690000)
(0.7444849000, 0.3690901000, 0.5563341000)
(0.7428851000, 0.3863193000, 0.5466906000)
(0.7437626000, 0.3793051000, 0.5503850000)
(0.7467203000, 0.3768427000, 0.5480723000)
(0.7487103000, 0.3762072000, 0.5457954000)
(0.7485631000, 0.3779873000, 0.5447536000)
(0.7471212000, 0.3893792000, 0.5386943000)
(0.7440904000, 0.3919811000, 0.5409765000)
(0.7444342000, 0.3900224000, 0.5419301000)
(0.7480835000, 0.3806551000, 0.5435492000)
(0.7607249000, 0.2902559000, 0.5805463000)
(0.7666602000, 0.2536693000, 0.5898085000)
(0.7611825000, 0.2366311000, 0.6038006000)
(0.7568533000, 0.1900838000, 0.6253282000)
(0.7518053000, 0.1840475000, 0.6331699000)
(0.7544693000, 0.1842784000, 0.6299126000)
(0.7562427000, 0.1860815000, 0.6272676000)
(0.7559766000, 0.1841115000, 0.6281673000)
(0.7571809000, 0.1995472000, 0.6219644000)
(0.7578480000, 0.2204689000, 0.6140255000)
(0.7544838000, 0.2265953000, 0.6159449000)
(0.7558968000, 0.2249847000, 0.6147925000)
(0.7549018000, 0.2278832000, 0.6149642000)
(0.7557904000, 0.2329967000, 0.6119361000)
(0.7575094000, 0.2354196000, 0.6088837000)
(0.7593193000, 0.2366783000, 0.6061252000)
(0.7595857000, 0.2387894000, 0.6049790000)
(0.7484327000, 0.2386137000, 0.6187820000)
(0.7475169000, 0.2303928000, 0.6230018000)
(0.7489197000, 0.2342599000, 0.6198556000)
(0.7483745000, 0.2367357000, 0.6195709000)
(0.7484296000, 0.2362710000, 0.6196893000)
(0.7506731000, 0.2392323000, 0.6158233000)
(0.7505628000, 0.2401278000, 0.6156029000)
(0.7517158000, 0.2427350000, 0.6131713000)
(0.7527592000, 0.2473584000, 0.6100455000)
(0.7526842000, 0.2444477000, 0.6112961000)
(0.7497586000, 0.2438184000, 0.6151474000)
(0.7505055000, 0.2427641000, 0.6146374000)
(0.7516800000, 0.2431726000, 0.6130576000)
(0.7525768000, 0.2493183000, 0.6094754000)
(0.7539756000, 0.2519451000, 0.6066617000)
(0.7538815000, 0.2705022000, 0.5987374000)
(0.7521293000, 0.2801032000, 0.5965013000)
(0.7505063000, 0.2822263000, 0.5975465000)
(0.7514848000, 0.2836519000, 0.5956370000)
(0.7579345000, 0.2824538000, 0.5880007000)
(0.7547387000, 0.2811010000, 0.5927399000)
(0.7550541000, 0.2841770000, 0.5908606000)
(0.7517790000, 0.2868929000, 0.5937254000)
(0.7518507000, 0.2960460000, 0.5891072000)
(0.7543569000, 0.2967287000, 0.5855706000)
(0.7518065000, 0.2999531000, 0.5871930000)
(0.7530856000, 0.2952890000, 0.5879275000)
(0.7561199000, 0.2977815000, 0.5827388000)
(0.7534152000, 0.3108687000, 0.5794041000)
(0.7544007000, 0.3179785000, 0.5742411000)
(0.7552251000, 0.3191939000, 0.5724835000)
(0.7564849000, 0.3238979000, 0.5681483000)
(0.7606902000, 0.3232333000, 0.5628949000)
(0.7583191000, 0.3231926000, 0.5661151000)
(0.7623483000, 0.3231530000, 0.5606851000)
(0.7629299000, 0.3236624000, 0.5596176000)
(0.7621035000, 0.3210466000, 0.5622347000)
(0.7602775000, 0.3244009000, 0.5627719000)
(0.7600608000, 0.3274615000, 0.5613055000)
(0.7587589000, 0.3289473000, 0.5621986000)
(0.7575933000, 0.3314905000, 0.5622804000)
(0.7584982000, 0.3321494000, 0.5606650000)
(0.7584570000, 0.3325238000, 0.5604929000)
(0.7579273000, 0.3349411000, 0.5597731000)
(0.7579336000, 0.3348904000, 0.5597909000)
(0.7582117000, 0.3356428000, 0.5589669000)
(0.7583925000, 0.3353871000, 0.5588676000)
(0.7584157000, 0.3351268000, 0.5589853000)
(0.7585725000, 0.3354349000, 0.5585942000)
(0.7610260000, 0.3401684000, 0.5523612000)
(0.7573971000, 0.3435827000, 0.5552226000)
(0.7601622000, 0.3415495000, 0.5526941000)
(0.7590461000, 0.3424756000, 0.5536721000)
(0.7587862000, 0.3429068000, 0.5537655000)
(0.7586659000, 0.3440803000, 0.5531867000)
(0.7584694000, 0.3467374000, 0.5517921000)
(0.7584913000, 0.3503078000, 0.5495172000)
(0.7589225000, 0.3450775000, 0.5522063000)
(0.7601835000, 0.3443960000, 0.5509134000)
(0.7602490000, 0.3438216000, 0.5511777000)
(0.7604467000, 0.3441992000, 0.5506719000)
(0.7605556000, 0.3445892000, 0.5502689000)
(0.7603438000, 0.3457515000, 0.5498433000)
(0.7596987000, 0.3477449000, 0.5494773000)
(0.7596514000, 0.3488651000, 0.5488316000)
(0.7597246000, 0.3496863000, 0.5482025000)
(0.7595702000, 0.3516197000, 0.5471650000)
(0.7631562000, 0.3533350000, 0.5410423000)
(0.7721885000, 0.3196485000, 0.5491211000)
(0.7711142000, 0.3053636000, 0.5586706000)
(0.7730545000, 0.3034737000, 0.5570119000)
(0.7697016000, 0.3064648000, 0.5600210000)
(0.7680532000, 0.3052289000, 0.5629451000)
(0.7700813000, 0.3075657000, 0.5588833000)
(0.7706853000, 0.3039049000, 0.5600597000)
(0.7680737000, 0.3058032000, 0.5625975000)
(0.7688240000, 0.3125753000, 0.5578343000)
(0.7695133000, 0.3084577000, 0.5591782000)
(0.7758682000, 0.3064333000, 0.5514714000)
(0.7756621000, 0.3075651000, 0.5511155000)
(0.7751263000, 0.3073811000, 0.5519880000)
(0.7749753000, 0.3090145000, 0.5512872000)
(0.7760872000, 0.3119308000, 0.5480472000)
(0.7760925000, 0.3112500000, 0.5484416000)
(0.7763083000, 0.3104805000, 0.5485785000)
(0.7777361000, 0.3159490000, 0.5433909000)
(0.7786333000, 0.3182683000, 0.5407626000)
(0.7787365000, 0.3192763000, 0.5400121000)
(0.7781582000, 0.3204665000, 0.5401525000)
(0.7704988000, 0.3175856000, 0.5526931000)
(0.7703770000, 0.3173470000, 0.5529755000)
(0.7699983000, 0.3184184000, 0.5529045000)
(0.7700347000, 0.3204694000, 0.5516699000)
(0.7700646000, 0.3217505000, 0.5508649000)
(0.7706558000, 0.3262370000, 0.5474078000)
(0.7708231000, 0.3264646000, 0.5470145000)
(0.7708287000, 0.3295016000, 0.5451831000)
(0.7758582000, 0.3409031000, 0.5308605000)
(0.7762010000, 0.3423031000, 0.5294521000)
(0.7760269000, 0.3435293000, 0.5289250000)
(0.7756413000, 0.3466275000, 0.5274714000)
(0.7757868000, 0.3467971000, 0.5271476000)
(0.7755375000, 0.3487301000, 0.5262287000)
(0.7752302000, 0.3479445000, 0.5272050000)
(0.7749886000, 0.3484967000, 0.5271981000)
(0.7734177000, 0.3529634000, 0.5265135000)
(0.7819819000, 0.2977230000, 0.5475741000)
(0.7800788000, 0.2869540000, 0.5559871000)
(0.7781414000, 0.2942335000, 0.5548802000)
(0.7781644000, 0.3003491000, 0.5515800000)
(0.7795101000, 0.2953007000, 0.5524033000)
(0.7777737000, 0.2940451000, 0.5555046000)
(0.7773426000, 0.2951984000, 0.5555098000)
(0.7810408000, 0.2950959000, 0.5503348000)
(0.7814960000, 0.2962263000, 0.5490943000)
(0.7829816000, 0.2959746000, 0.5470994000)
(0.7824114000, 0.2954431000, 0.5482131000)
(0.7817472000, 0.2949114000, 0.5494357000)
(0.7820894000, 0.2941786000, 0.5493557000)
(0.7821072000, 0.2932502000, 0.5498027000)
(0.7822475000, 0.2923850000, 0.5500891000)
(0.7826348000, 0.2925975000, 0.5494237000)
(0.7827926000, 0.2925004000, 0.5492305000)
(0.7829933000, 0.2951793000, 0.5475249000)
(0.7829309000, 0.2955485000, 0.5474051000)
(0.7825642000, 0.2957045000, 0.5478469000)
(0.7827286000, 0.2961614000, 0.5473656000)
(0.7826124000, 0.2943776000, 0.5484799000)
(0.7836872000, 0.2918998000, 0.5482906000)
(0.7829781000, 0.2920684000, 0.5492023000)
(0.7813906000, 0.2938759000, 0.5505052000)
(0.7809704000, 0.2950730000, 0.5504622000)
(0.7805703000, 0.2951896000, 0.5509516000)
(0.7805753000, 0.2948777000, 0.5511265000)
(0.7798386000, 0.2927933000, 0.5532774000)
(0.7798125000, 0.2926583000, 0.5533720000)
(0.7801219000, 0.2918940000, 0.5533511000)
(0.7794457000, 0.2926001000, 0.5539358000)
(0.7789473000, 0.2934773000, 0.5541496000)
(0.7786838000, 0.2934190000, 0.5545540000)
(0.7780985000, 0.2926351000, 0.5557975000)
(0.7776702000, 0.2911855000, 0.5571438000)
(0.7768574000, 0.2913060000, 0.5582257000)
(0.7767267000, 0.2908119000, 0.5586805000)
(0.7766750000, 0.2905186000, 0.5588914000)
(0.7771640000, 0.2885860000, 0.5592184000)
(0.7764934000, 0.2887785000, 0.5600418000)
(0.7785726000, 0.2835762000, 0.5598248000)
(0.7816517000, 0.2835626000, 0.5555217000)
(0.7781743000, 0.2832450000, 0.5605388000)
(0.7857362000, 0.3009740000, 0.5403718000)
(0.7890288000, 0.3719822000, 0.4889252000)
(0.7832323000, 0.3897366000, 0.4843846000)
(0.7827134000, 0.3946689000, 0.4812266000)
(0.7832339000, 0.3911446000, 0.4832702000)
(0.7842786000, 0.3987985000, 0.4752354000)
(0.7857912000, 0.3873049000, 0.4821994000)
(0.7855113000, 0.3929358000, 0.4780695000)
(0.7825885000, 0.3921389000, 0.4834941000)
(0.7856309000, 0.3945190000, 0.4765607000)
(0.7805535000, 0.3944056000, 0.4849298000)
(0.7801456000, 0.3961670000, 0.4841660000)
(0.8026485000, 0.3861307000, 0.4545841000)
(0.8034762000, 0.3850042000, 0.4540734000)
(0.8033969000, 0.3849488000, 0.4542449000)
(0.8024201000, 0.3847554000, 0.4561309000)
(0.7815700000, 0.3783791000, 0.4959427000)
(0.7772948000, 0.3784968000, 0.5025179000)
(0.7811282000, 0.3753912000, 0.4988956000)
(0.7806842000, 0.3755230000, 0.4995100000)
(0.7800417000, 0.3664802000, 0.5071750000)
(0.7790148000, 0.3583772000, 0.5144676000)
(0.7792550000, 0.3606592000, 0.5125245000)
(0.7817050000, 0.3572024000, 0.5111979000)
(0.7827580000, 0.3554745000, 0.5108017000)
(0.7826872000, 0.3495082000, 0.5150101000)
(0.7846041000, 0.3547947000, 0.5084253000)
(0.7824289000, 0.3574629000, 0.5099158000)
(0.7832226000, 0.3541020000, 0.5110322000)
(0.7827844000, 0.3544405000, 0.5114849000)
(0.7826127000, 0.3543108000, 0.5118278000)
(0.7788817000, 0.3571222000, 0.5155379000)
(0.7826984000, 0.3533341000, 0.5123739000)
(0.7811385000, 0.3522106000, 0.5155269000)
(0.7806717000, 0.3563923000, 0.5133430000)
(0.7831340000, 0.3545895000, 0.5108194000)
(0.7828077000, 0.3561511000, 0.5102631000)
(0.7868866000, 0.3531918000, 0.5060114000)
(0.7896496000, 0.3522029000, 0.5023726000)
(0.7911152000, 0.3515760000, 0.5005047000)
(0.7916362000, 0.3508919000, 0.5001714000)
(0.7918817000, 0.3517349000, 0.4992042000)
(0.7916577000, 0.3524627000, 0.4990207000)
(0.7915242000, 0.3523076000, 0.4993546000)
(0.7912693000, 0.3520091000, 0.4999759000)
(0.7910045000, 0.3513956000, 0.5008251000)
(0.7904858000, 0.3509085000, 0.5019727000)
(0.7901143000, 0.3506414000, 0.5027409000)
(0.7903960000, 0.3504656000, 0.5024258000)
(0.7908878000, 0.3492915000, 0.5024601000)
(0.7910599000, 0.3493844000, 0.5021192000)
(0.7913666000, 0.3486546000, 0.5021595000)
(0.7914538000, 0.3488504000, 0.5018916000)
(0.7911434000, 0.3493587000, 0.5020063000)
(0.7907700000, 0.3492524000, 0.5026770000)
(0.7900937000, 0.3486331000, 0.5041794000)
(0.7902105000, 0.3489026000, 0.5038144000)
(0.7902523000, 0.3484598000, 0.5040309000)
(0.7920195000, 0.3493780000, 0.5006287000)
(0.7897394000, 0.3436002000, 0.5081770000)
(0.7780798000, 0.3073184000, 0.5478511000)
(0.7708951000, 0.2654393000, 0.5790107000)
(0.7688903000, 0.2404179000, 0.5924383000)
(0.7680168000, 0.2218011000, 0.6007679000)
(0.7683383000, 0.2100304000, 0.6045902000)
(0.7687761000, 0.2135069000, 0.6028066000)
(0.7703131000, 0.2102089000, 0.6019998000)
(0.7737164000, 0.2264058000, 0.5916914000)
(0.7741913000, 0.2286126000, 0.5902002000)
(0.7757968000, 0.2272635000, 0.5886136000)
(0.7745597000, 0.2303378000, 0.5890498000)
(0.7723524000, 0.2299016000, 0.5921104000)
(0.7732162000, 0.2360420000, 0.5885575000)
(0.7719396000, 0.2323009000, 0.5917084000)
(0.7744665000, 0.2359039000, 0.5869663000)
(0.7721380000, 0.2352656000, 0.5902749000)
(0.7755929000, 0.2375327000, 0.5848290000)
(0.7751580000, 0.2361769000, 0.5859590000)
(0.7741835000, 0.2355130000, 0.5875055000)
(0.7754241000, 0.2465482000, 0.5813038000)
(0.7763006000, 0.2495359000, 0.5788445000)
(0.7749612000, 0.2545871000, 0.5784428000)
(0.7741212000, 0.2556340000, 0.5791008000)
(0.7759752000, 0.2593837000, 0.5749586000)
(0.7766213000, 0.2620229000, 0.5728800000)
(0.7701778000, 0.2341330000, 0.5932950000)
(0.7575053000, 0.2368068000, 0.6083586000)
(0.7523361000, 0.2081703000, 0.6249989000)
(0.7522478000, 0.1991414000, 0.6280469000)
(0.7531807000, 0.2097257000, 0.6234800000)
(0.7514630000, 0.2089217000, 0.6258083000)
(0.7536373000, 0.2215281000, 0.6188281000)
(0.7563209000, 0.2265573000, 0.6136955000)
(0.7612951000, 0.2236329000, 0.6086017000)
(0.7598920000, 0.2305475000, 0.6077814000)
(0.7597850000, 0.2381754000, 0.6049560000)
(0.7616211000, 0.2415496000, 0.6013094000)
(0.7706264000, 0.2256419000, 0.5959906000)
(0.7707728000, 0.2291934000, 0.5944363000)
(0.7715461000, 0.2294590000, 0.5933331000)
(0.7717749000, 0.2378487000, 0.5897343000)
(0.7699902000, 0.2421849000, 0.5902817000)
(0.7705981000, 0.2435486000, 0.5889274000)
(0.7712369000, 0.2457672000, 0.5871702000)
(0.7678303000, 0.2472108000, 0.5910236000)
(0.7725830000, 0.2433611000, 0.5864134000)
(0.7708697000, 0.2422848000, 0.5890947000)
(0.7709123000, 0.2451657000, 0.5878459000)
(0.7714065000, 0.2531197000, 0.5838127000)
(0.7713408000, 0.2539058000, 0.5835595000)
(0.7709344000, 0.2535219000, 0.5842743000)
(0.7707112000, 0.2527393000, 0.5849082000)
(0.7696938000, 0.2629278000, 0.5817418000)
(0.7686418000, 0.2699509000, 0.5799180000)
(0.7682323000, 0.2750366000, 0.5780571000)
(0.7688268000, 0.2744702000, 0.5775279000)
(0.7690898000, 0.2763744000, 0.5762933000)
(0.7705269000, 0.2780705000, 0.5735461000)
(0.7689366000, 0.2824765000, 0.5735297000)
(0.7686049000, 0.2821094000, 0.5741358000)
(0.7680358000, 0.2840346000, 0.5739610000)
(0.7677754000, 0.2892867000, 0.5716823000)
(0.7674474000, 0.2911095000, 0.5711982000)
(0.7675747000, 0.2918384000, 0.5706479000)
(0.7679280000, 0.2950775000, 0.5685105000)
(0.7683371000, 0.2957143000, 0.5676157000)
(0.7680075000, 0.2927848000, 0.5695945000)
(0.7670484000, 0.2951234000, 0.5696757000)
(0.7667975000, 0.2952873000, 0.5699098000)
(0.7669536000, 0.2961819000, 0.5692495000)
(0.7674145000, 0.2957366000, 0.5688546000)
(0.7680246000, 0.2942421000, 0.5688186000)
(0.7690699000, 0.2943179000, 0.5673471000)
(0.7692963000, 0.2918907000, 0.5683102000)
(0.7687968000, 0.2916287000, 0.5691093000)
(0.7687097000, 0.2906556000, 0.5697266000)
(0.7687520000, 0.2901875000, 0.5699054000)
(0.7691009000, 0.2906515000, 0.5692006000)
(0.7691819000, 0.2900724000, 0.5693933000)
(0.7691435000, 0.2900909000, 0.5694374000)
(0.7688411000, 0.2895703000, 0.5700917000)
(0.7685210000, 0.2897268000, 0.5704550000)
(0.7680974000, 0.2893122000, 0.5712214000)
(0.7681914000, 0.2891872000, 0.5711631000)
(0.7682223000, 0.2889129000, 0.5712705000)
(0.7737333000, 0.2867246000, 0.5649067000)
(0.7732321000, 0.2877224000, 0.5650838000)
(0.7731009000, 0.2877916000, 0.5652211000)
(0.7739589000, 0.2861713000, 0.5648780000)
(0.7734087000, 0.2863261000, 0.5655339000)
(0.7781350000, 0.2823989000, 0.5610066000)
(0.7766944000, 0.2809232000, 0.5637529000)
(0.7758965000, 0.2809033000, 0.5648445000)
(0.7758577000, 0.2808970000, 0.5649236000)
(0.7761685000, 0.2793416000, 0.5652479000)
(0.7761017000, 0.2812854000, 0.5643820000)
(0.7751395000, 0.2826233000, 0.5650309000)
(0.7734309000, 0.2802960000, 0.5685365000)
(0.7730379000, 0.2810343000, 0.5686992000)
(0.7728595000, 0.2814886000, 0.5687162000)
(0.7730561000, 0.2822919000, 0.5680575000)
(0.7730942000, 0.2822759000, 0.5680011000)
(0.7734001000, 0.2820594000, 0.5676894000)
(0.7740529000, 0.2799445000, 0.5678633000)
(0.7741274000, 0.2804092000, 0.5675305000)
(0.7741580000, 0.2797205000, 0.5678127000)
(0.7746262000, 0.2780940000, 0.5679752000)
(0.7745988000, 0.2781534000, 0.5679889000)
(0.7746683000, 0.2772862000, 0.5683224000)
(0.7741228000, 0.2758557000, 0.5697534000)
(0.7738803000, 0.2757476000, 0.5701488000)
(0.7734630000, 0.2754363000, 0.5708644000)
(0.7735125000, 0.2752237000, 0.5708894000)
(0.7732012000, 0.2751050000, 0.5713696000)
(0.7733885000, 0.2744762000, 0.5714135000)
(0.7735194000, 0.2746455000, 0.5711460000)
(0.7740823000, 0.2741264000, 0.5706406000)
(0.7743503000, 0.2743728000, 0.5701553000)
(0.7750497000, 0.2735628000, 0.5696099000)
(0.7749976000, 0.2739412000, 0.5694869000)
(0.7749174000, 0.2731037000, 0.5700017000)
(0.7748464000, 0.2719349000, 0.5706565000)
(0.7748079000, 0.2722651000, 0.5705485000)
(0.7753227000, 0.2735255000, 0.5692584000)
(0.7754271000, 0.2752377000, 0.5682800000)
(0.7772121000, 0.2760060000, 0.5654510000)
(0.7777792000, 0.2730241000, 0.5661252000)
(0.7786052000, 0.2761725000, 0.5634597000)
(0.7782376000, 0.2748394000, 0.5646309000)
(0.7787560000, 0.2857559000, 0.5584365000)
(0.7765819000, 0.2887183000, 0.5599455000)
(0.7754462000, 0.2896626000, 0.5610451000)
(0.7763951000, 0.2931029000, 0.5579334000)
(0.7784691000, 0.2965331000, 0.5531920000)
(0.7786557000, 0.2972494000, 0.5525534000)
(0.7788945000, 0.3019848000, 0.5496354000)
(0.7787674000, 0.3066503000, 0.5472489000)
(0.7774032000, 0.3045617000, 0.5503460000)
(0.7742762000, 0.3101186000, 0.5516425000)
(0.7789087000, 0.2800520000, 0.5611174000)
(0.7761588000, 0.2642503000, 0.5724856000)
(0.7803930000, 0.2315735000, 0.5808049000)
(0.7702901000, 0.1859688000, 0.6099596000)
(0.7703099000, 0.1732890000, 0.6136662000)
(0.7682071000, 0.1588192000, 0.6201852000)
(0.7724416000, 0.1659497000, 0.6129939000)
(0.7747234000, 0.1651965000, 0.6103188000)
(0.7739046000, 0.1690776000, 0.6103047000)
(0.7711635000, 0.1677880000, 0.6141025000)
(0.7757336000, 0.1607058000, 0.6102321000)
(0.7721632000, 0.1657924000, 0.6133869000)
(0.7797016000, 0.1685700000, 0.6030054000)
(0.7766073000, 0.1704355000, 0.6064711000)
(0.7784809000, 0.1703193000, 0.6040963000)
(0.7798120000, 0.1743887000, 0.6012136000)
(0.7791421000, 0.1796532000, 0.6005346000)
(0.7799845000, 0.1838092000, 0.5981901000)
(0.7775100000, 0.1917066000, 0.5989179000)
(0.7772359000, 0.1915313000, 0.5993431000)
(0.7797531000, 0.1982905000, 0.5938312000)
(0.7781212000, 0.2093212000, 0.5921867000)
(0.7770692000, 0.2112440000, 0.5928973000)
(0.7811384000, 0.2118529000, 0.5872949000)
(0.7821153000, 0.2141777000, 0.5851514000)
(0.7821351000, 0.2131730000, 0.5854820000)
(0.7820015000, 0.2127329000, 0.5858289000)
(0.7797520000, 0.2146982000, 0.5881196000)
(0.7801785000, 0.2157114000, 0.5871834000)
(0.7824469000, 0.2186083000, 0.5830780000)
(0.7854493000, 0.2146704000, 0.5804918000)
(0.7863499000, 0.2176058000, 0.5781818000)
(0.7912635000, 0.2156303000, 0.5721887000)
(0.7907327000, 0.2308492000, 0.5669413000)
(0.7879246000, 0.2360279000, 0.5687345000)
(0.7872636000, 0.2397935000, 0.5680693000)
(0.7851387000, 0.2478825000, 0.5675371000)
(0.7862134000, 0.2477206000, 0.5661260000)
(0.7860462000, 0.2496350000, 0.5655131000)
(0.7874384000, 0.2519899000, 0.5625051000)
(0.7872106000, 0.2529581000, 0.5623892000)
(0.7868377000, 0.2589853000, 0.5601737000)
(0.7880972000, 0.2632331000, 0.5564198000)
(0.7897367000, 0.2598075000, 0.5556955000)
(0.7892925000, 0.2583996000, 0.5569749000)
(0.7912790000, 0.2597044000, 0.5535377000)
(0.7916300000, 0.2582859000, 0.5537112000)
(0.7920374000, 0.2607372000, 0.5519748000)
(0.7911106000, 0.2647914000, 0.5513647000)
(0.7899722000, 0.2686327000, 0.5511522000)
(0.7896051000, 0.2722198000, 0.5499056000)
(0.7903440000, 0.2737635000, 0.5480813000)
(0.7905833000, 0.2736502000, 0.5478034000)
(0.7914447000, 0.2738743000, 0.5464494000)
(0.7918088000, 0.2732778000, 0.5462056000)
(0.7926462000, 0.2791351000, 0.5420123000)
(0.7921498000, 0.2774010000, 0.5436385000)
(0.7920611000, 0.2831889000, 0.5407620000)
(0.7895647000, 0.2915131000, 0.5399841000)
(0.7906584000, 0.2952112000, 0.5363693000)
(0.7908279000, 0.2984844000, 0.5343087000)
(0.7788404000, 0.3041058000, 0.5485517000)
(0.7718017000, 0.2871118000, 0.5673326000)
(0.7679502000, 0.2446093000, 0.5919487000)
(0.7667826000, 0.2495488000, 0.5913935000)
(0.7669447000, 0.2542778000, 0.5891604000)
(0.7649411000, 0.2502020000, 0.5935091000)
(0.7671462000, 0.2369525000, 0.5961007000)
(0.7657655000, 0.2516563000, 0.5918233000)
(0.7773599000, 0.2597049000, 0.5729388000)
(0.7776098000, 0.2585089000, 0.5731177000)
(0.7779118000, 0.2572705000, 0.5732689000)
(0.7762051000, 0.2680089000, 0.5706677000)
(0.7778784000, 0.2672398000, 0.5687518000)
(0.7754507000, 0.2686381000, 0.5713860000)
(0.7774134000, 0.2645150000, 0.5706564000)
(0.7750249000, 0.2672195000, 0.5726296000)
(0.7761884000, 0.2674172000, 0.5709784000)
(0.7776091000, 0.2675268000, 0.5689727000)
(0.7783589000, 0.2663706000, 0.5684807000)
(0.7783079000, 0.2689150000, 0.5673702000)
(0.7788485000, 0.2709914000, 0.5656240000)
(0.7788275000, 0.2712843000, 0.5655174000)
(0.7790080000, 0.2736470000, 0.5641226000)
(0.7785572000, 0.2758093000, 0.5637030000)
(0.7787854000, 0.2757784000, 0.5634158000)
(0.7785772000, 0.2806479000, 0.5612934000)
(0.7787669000, 0.2852512000, 0.5587049000)
(0.7782394000, 0.2857012000, 0.5592013000)
(0.7778957000, 0.2857258000, 0.5596544000)
(0.7771831000, 0.2884907000, 0.5592259000)
(0.7773983000, 0.2891174000, 0.5586051000)
(0.7776961000, 0.2914575000, 0.5569689000)
(0.7789901000, 0.2949957000, 0.5532867000)
(0.7792932000, 0.2958830000, 0.5524065000)
(0.7793762000, 0.2961957000, 0.5520970000)
(0.7777165000, 0.3036255000, 0.5504193000)
(0.7791674000, 0.2909445000, 0.5551767000)
(0.7836801000, 0.2741551000, 0.5573677000)
(0.7796227000, 0.2222199000, 0.5854698000)
(0.7753146000, 0.1845267000, 0.6040161000)
(0.7719647000, 0.1793985000, 0.6098123000)
(0.7711846000, 0.1747238000, 0.6121610000)
(0.7737725000, 0.1718705000, 0.6096813000)
(0.7757516000, 0.1727645000, 0.6069205000)
(0.7797302000, 0.1784214000, 0.6001543000)
(0.7717994000, 0.1822805000, 0.6091560000)
(0.7745691000, 0.1814480000, 0.6058810000)
(0.7764094000, 0.1795860000, 0.6040767000)
(0.7756797000, 0.1795395000, 0.6050278000)
(0.7761294000, 0.1822377000, 0.6036485000)
(0.7764045000, 0.1899080000, 0.6009153000)
(0.7754588000, 0.1849424000, 0.6037019000)
(0.7769989000, 0.1882604000, 0.6006701000)
(0.7771726000, 0.1901567000, 0.5998612000)
(0.7766353000, 0.1918198000, 0.6000289000)
(0.7746420000, 0.1987539000, 0.6003398000)
(0.7772449000, 0.2128105000, 0.5921116000)
(0.7769315000, 0.2131717000, 0.5923737000)
(0.7738783000, 0.2218497000, 0.5931867000)
(0.7732949000, 0.2218786000, 0.5939392000)
(0.7751764000, 0.2233286000, 0.5909429000)
(0.7755082000, 0.2256950000, 0.5896080000)
(0.7776288000, 0.2259684000, 0.5867099000)
(0.7779192000, 0.2248423000, 0.5867333000)
(0.7780092000, 0.2239723000, 0.5869662000)
(0.7792706000, 0.2212740000, 0.5863047000)
(0.7816754000, 0.2175615000, 0.5845014000)
(0.7823344000, 0.2150622000, 0.5845363000)
(0.7838603000, 0.2186882000, 0.5811262000)
(0.7733498000, 0.2121458000, 0.5974213000)
(0.7718099000, 0.1817247000, 0.6093109000)
(0.7721706000, 0.1762215000, 0.6104664000)
(0.7739195000, 0.1765487000, 0.6081551000)
(0.7742011000, 0.1743830000, 0.6084192000)
(0.7715165000, 0.1867193000, 0.6081802000)
(0.7716219000, 0.1883184000, 0.6075632000)
(0.7686078000, 0.1871363000, 0.6117293000)
(0.7676708000, 0.1931347000, 0.6110449000)
(0.7688262000, 0.1921919000, 0.6098776000)
(0.7694306000, 0.1954353000, 0.6080794000)
(0.7713019000, 0.2030264000, 0.6031976000)
(0.7710785000, 0.2048986000, 0.6028603000)
(0.7707933000, 0.2051529000, 0.6031304000)
(0.7706501000, 0.2060742000, 0.6029933000)
(0.7705415000, 0.2059408000, 0.6031942000)
(0.7705637000, 0.2059228000, 0.6031561000)
(0.7708027000, 0.2055566000, 0.6029730000)
(0.7709833000, 0.2056619000, 0.6027120000)
(0.7708937000, 0.2055570000, 0.6028811000)
(0.7709529000, 0.2052850000, 0.6028811000)
(0.7709284000, 0.2059067000, 0.6027115000)
(0.7709099000, 0.2059778000, 0.6026935000)
(0.7706473000, 0.2053951000, 0.6032270000)
(0.7706504000, 0.2058873000, 0.6030647000)
(0.7708677000, 0.2060450000, 0.6027377000)
(0.7704706000, 0.2049978000, 0.6035916000)
(0.7703366000, 0.2046927000, 0.6038637000)
(0.7707134000, 0.2054029000, 0.6031443000)
(0.7707877000, 0.2043158000, 0.6034262000)
(0.7714872000, 0.2001287000, 0.6039365000)
(0.7693890000, 0.1980706000, 0.6072791000)
(0.7688993000, 0.1987108000, 0.6076852000)
(0.7694347000, 0.1955711000, 0.6080202000)
(0.7690385000, 0.1950113000, 0.6087046000)
(0.7684592000, 0.1919021000, 0.6104241000)
(0.7683753000, 0.1899237000, 0.6111434000)
(0.7676948000, 0.1889652000, 0.6123077000)
(0.7671562000, 0.1869812000, 0.6135754000)
(0.7670795000, 0.1870181000, 0.6136628000)
(0.7668812000, 0.1866457000, 0.6140336000)
(0.7869098000, 0.2106979000, 0.5799611000)
(0.7881060000, 0.2167780000, 0.5760791000)
(0.7951496000, 0.2182802000, 0.5657487000)
(0.7905881000, 0.2290194000, 0.5678858000)
(0.7893072000, 0.2264229000, 0.5707004000)
(0.7912129000, 0.2278018000, 0.5675026000)
(0.7900814000, 0.2228224000, 0.5710639000)
(0.7913629000, 0.2229640000, 0.5692220000)
(0.7930080000, 0.2222121000, 0.5672316000)
(0.7933787000, 0.2204548000, 0.5673989000)
(0.7934361000, 0.2202717000, 0.5673910000)
(0.7958699000, 0.2114418000, 0.5673207000)
(0.7947266000, 0.2542452000, 0.5511240000)
(0.7950180000, 0.2547595000, 0.5504714000)
(0.7940802000, 0.2561975000, 0.5511741000)
(0.7955765000, 0.2605324000, 0.5469722000)
(0.7957526000, 0.2578964000, 0.5479512000)
(0.7952179000, 0.2580855000, 0.5486481000)
(0.7908960000, 0.2601729000, 0.5538618000)
(0.7910349000, 0.2606485000, 0.5534419000)
(0.7921899000, 0.2594935000, 0.5523429000)
(0.7934620000, 0.2565510000, 0.5518826000)
(0.7934594000, 0.2545159000, 0.5528490000)
(0.7936416000, 0.2523053000, 0.5535839000)
(0.7929588000, 0.2516799000, 0.5548494000)
(0.7935843000, 0.2646573000, 0.5478588000)
(0.7932857000, 0.2763593000, 0.5425072000)
(0.7910479000, 0.2950641000, 0.5358683000)
(0.7880303000, 0.3026823000, 0.5360673000)
(0.7917552000, 0.2920109000, 0.5364991000)
(0.7863882000, 0.2947755000, 0.5428388000)
(0.7884059000, 0.2924954000, 0.5411395000)
(0.7879526000, 0.2924432000, 0.5418310000)
(0.7903872000, 0.2865165000, 0.5414511000)
(0.7907107000, 0.2855102000, 0.5415161000)
(0.7911434000, 0.2844212000, 0.5414609000)
(0.7914326000, 0.2804747000, 0.5430947000)
(0.7914326000, 0.2774350000, 0.5446596000)
(0.7911872000, 0.2745645000, 0.5464722000)
(0.7917970000, 0.2747577000, 0.5454879000)
(0.7917796000, 0.2741484000, 0.5458006000)
(0.7915277000, 0.2736376000, 0.5464439000)
(0.7871069000, 0.2698593000, 0.5546424000)
(0.7858251000, 0.2697941000, 0.5564771000)
(0.7849786000, 0.2703584000, 0.5574018000)
(0.7840553000, 0.2696206000, 0.5590519000)
(0.7841079000, 0.2685797000, 0.5594878000)
(0.7841055000, 0.2674153000, 0.5600518000)
(0.7837974000, 0.2660528000, 0.5611244000)
(0.7833254000, 0.2643870000, 0.5625744000)
(0.7828945000, 0.2601739000, 0.5651404000)
(0.7815883000, 0.2622278000, 0.5659809000)
(0.7811663000, 0.2616296000, 0.5668527000)
(0.7807227000, 0.2614522000, 0.5675245000)
(0.7807274000, 0.2599477000, 0.5682212000)
(0.7807937000, 0.2595350000, 0.5683212000)
(0.7818229000, 0.2589146000, 0.5671874000)
(0.7824422000, 0.2582735000, 0.5666200000)
(0.7826644000, 0.2590234000, 0.5659745000)
(0.7819623000, 0.2584305000, 0.5672099000)
(0.7804384000, 0.2597939000, 0.5686876000)
(0.7800375000, 0.2601648000, 0.5690705000)
(0.7793643000, 0.2594917000, 0.5702884000)
(0.7792554000, 0.2587168000, 0.5707952000)
(0.7792022000, 0.2585378000, 0.5709566000)
(0.7791209000, 0.2586044000, 0.5710300000)
(0.7793021000, 0.2575400000, 0.5712766000)
(0.7787977000, 0.2580582000, 0.5717283000)
(0.7787341000, 0.2579269000, 0.5718682000)
(0.7785152000, 0.2572321000, 0.5724813000)
(0.7784404000, 0.2569470000, 0.5727062000)
(0.7783524000, 0.2568167000, 0.5728913000)
(0.7782623000, 0.2573048000, 0.5727773000)
(0.7779911000, 0.2575335000, 0.5730456000)
(0.7777706000, 0.2572789000, 0.5734652000)
(0.7779682000, 0.2584802000, 0.5726516000)
(0.7781788000, 0.2585215000, 0.5723638000)
(0.7786205000, 0.2590082000, 0.5715199000)
(0.7794051000, 0.2597646000, 0.5701289000)
(0.7798693000, 0.2598529000, 0.5694415000)
(0.7797325000, 0.2601525000, 0.5695035000)
(0.7786865000, 0.2599112000, 0.5710428000)
(0.7784526000, 0.2597042000, 0.5714515000)
(0.7780960000, 0.2604818000, 0.5715626000)
(0.7783704000, 0.2602047000, 0.5713333000)
(0.7785721000, 0.2607768000, 0.5707944000)
(0.7784660000, 0.2604824000, 0.5710672000)
(0.7783359000, 0.2623260000, 0.5704055000)
(0.7785609000, 0.2639863000, 0.5693426000)
(0.7782984000, 0.2639066000, 0.5697235000)
(0.7786238000, 0.2655808000, 0.5685014000)
(0.7787203000, 0.2677830000, 0.5673466000)
(0.7788603000, 0.2682261000, 0.5669339000)
(0.7787646000, 0.2699004000, 0.5662625000)
(0.7787940000, 0.2700900000, 0.5661483000)
(0.7788580000, 0.2705875000, 0.5658125000)
(0.7789293000, 0.2704839000, 0.5657600000)
(0.7789810000, 0.2701880000, 0.5658226000)
(0.7786230000, 0.2702227000, 0.5663072000)
(0.7787477000, 0.2724758000, 0.5650678000)
(0.7785118000, 0.2726443000, 0.5652959000)
(0.7785322000, 0.2736622000, 0.5647908000)
(0.7785897000, 0.2746745000, 0.5642003000)
(0.7788768000, 0.2754477000, 0.5634494000)
(0.7791792000, 0.2749586000, 0.5632719000)
(0.7795563000, 0.2757643000, 0.5623525000)
(0.7796966000, 0.2752175000, 0.5624173000)
(0.7786439000, 0.2763135000, 0.5633443000)
(0.7785391000, 0.2759521000, 0.5636725000)
(0.7785083000, 0.2753066000, 0.5640119000)
(0.7785869000, 0.2750504000, 0.5640313000)
(0.7783029000, 0.2743815000, 0.5647431000)
(0.7780184000, 0.2744275000, 0.5651218000)
(0.7783671000, 0.2738796000, 0.5648914000)
(0.7779544000, 0.2708148000, 0.5669447000)
(0.7778499000, 0.2702837000, 0.5673432000)
(0.7777414000, 0.2706867000, 0.5673007000)
(0.7774971000, 0.2720809000, 0.5669613000)
(0.7771555000, 0.2717493000, 0.5676010000)
(0.7767851000, 0.2705345000, 0.5686728000)
(0.7751853000, 0.2572922000, 0.5769576000)
(0.7750457000, 0.2517633000, 0.5795673000)
(0.7750595000, 0.2537793000, 0.5786758000)
(0.7757021000, 0.2555109000, 0.5770333000)
(0.7757099000, 0.2578036000, 0.5760282000)
(0.7759403000, 0.2601973000, 0.5746280000)
(0.7764509000, 0.2632242000, 0.5725465000)
(0.7765499000, 0.2629663000, 0.5725357000)
(0.7755691000, 0.2563510000, 0.5768614000)
(0.7742237000, 0.2451680000, 0.5834900000)
(0.7731863000, 0.2423714000, 0.5860175000)
(0.7726694000, 0.2424803000, 0.5866534000)
(0.7715816000, 0.2404592000, 0.5889271000)
(0.7817020000, 0.2368933000, 0.5769045000)
(0.7832398000, 0.2482089000, 0.5699967000)
(0.7836723000, 0.2504916000, 0.5684189000)
(0.7845750000, 0.2482775000, 0.5681348000)
(0.7834310000, 0.2419524000, 0.5724370000)
(0.7834912000, 0.2402228000, 0.5730672000)
(0.7842492000, 0.2447819000, 0.5700892000)
(0.7849036000, 0.2420513000, 0.5703748000)
(0.7841032000, 0.2405249000, 0.5721075000)
(0.7848976000, 0.2391270000, 0.5716119000)
(0.7847257000, 0.2385906000, 0.5720803000)
(0.7813658000, 0.2870482000, 0.5541371000)
(0.7821094000, 0.3003719000, 0.5459560000)
(0.7808661000, 0.3050525000, 0.5451288000)
(0.7843331000, 0.2956180000, 0.5453708000)
(0.7797740000, 0.2956891000, 0.5518327000)
(0.7818229000, 0.2923351000, 0.5507078000)
(0.7822946000, 0.2863660000, 0.5531718000)
(0.7808527000, 0.2843020000, 0.5562688000)
(0.7778799000, 0.2803432000, 0.5624102000)
(0.7807994000, 0.2834930000, 0.5567584000)
(0.7816533000, 0.2846488000, 0.5549645000)
(0.7816252000, 0.2831104000, 0.5557879000)
(0.7809508000, 0.2746567000, 0.5609410000)
(0.7801433000, 0.2689967000, 0.5648146000)
(0.7796639000, 0.2699601000, 0.5650012000)
(0.7790892000, 0.2712331000, 0.5651780000)
(0.7772307000, 0.2661839000, 0.5701261000)
(0.7771079000, 0.2670608000, 0.5698780000)
(0.7762842000, 0.2660055000, 0.5715061000)
(0.7760208000, 0.2643654000, 0.5726160000)
(0.7761928000, 0.2647683000, 0.5721883000)
(0.7771564000, 0.2611390000, 0.5725605000)
(0.7771504000, 0.2592821000, 0.5733970000)
(0.7782755000, 0.2574992000, 0.5726806000)
(0.7787555000, 0.2585556000, 0.5715581000)
(0.7787952000, 0.2591930000, 0.5712138000)
(0.7789497000, 0.2591034000, 0.5710434000)
(0.7773927000, 0.2536139000, 0.5756162000)
(0.7756163000, 0.2513586000, 0.5789804000)
(0.7755097000, 0.2492662000, 0.5800261000)
(0.7787718000, 0.2507463000, 0.5749904000)
(0.7828641000, 0.2567834000, 0.5667234000)
(0.7829090000, 0.2577335000, 0.5662260000)
(0.7836855000, 0.2473765000, 0.5697597000)
(0.7839074000, 0.2489444000, 0.5687772000)
(0.7836589000, 0.2481994000, 0.5694429000)
(0.7831107000, 0.2500584000, 0.5693819000)
(0.7830392000, 0.2511064000, 0.5690268000)
(0.7824696000, 0.2496627000, 0.5704233000)
(0.7817315000, 0.2459654000, 0.5730442000)
(0.7816229000, 0.2449567000, 0.5736160000)
(0.7811842000, 0.2548266000, 0.5699038000)
(0.7858587000, 0.2668248000, 0.5578522000)
(0.7843096000, 0.2680151000, 0.5594870000)
(0.7879424000, 0.2532096000, 0.5612708000)
(0.7811353000, 0.2635528000, 0.5660024000)
(0.7834786000, 0.2613904000, 0.5637606000)
(0.7819387000, 0.2628829000, 0.5651963000)
(0.7790256000, 0.2672341000, 0.5671666000)
(0.7790351000, 0.2667078000, 0.5673999000)
(0.7795077000, 0.2664354000, 0.5668831000)
(0.7817174000, 0.2618027000, 0.5660147000)
(0.7817317000, 0.2591103000, 0.5672091000)
(0.7806841000, 0.2585722000, 0.5688944000)
(0.7807115000, 0.2581328000, 0.5690784000)
(0.7807171000, 0.2588810000, 0.5687152000)
(0.7808040000, 0.2581883000, 0.5689087000)
(0.7808887000, 0.2582831000, 0.5687494000)
(0.7810150000, 0.2581645000, 0.5686283000)
(0.7811759000, 0.2578549000, 0.5685642000)
(0.7806674000, 0.2554452000, 0.5703366000)
(0.7805123000, 0.2556962000, 0.5704477000)
(0.7803683000, 0.2555389000, 0.5706977000)
(0.7803732000, 0.2547059000, 0.5710757000)
(0.7804584000, 0.2565901000, 0.5701222000)
(0.7808670000, 0.2570192000, 0.5693533000)
(0.7803432000, 0.2561899000, 0.5704483000)
(0.7800617000, 0.2561406000, 0.5708479000)
(0.7798564000, 0.2551571000, 0.5715838000)
(0.7793411000, 0.2538644000, 0.5728627000)
(0.7793687000, 0.2539688000, 0.5727797000)
(0.7790844000, 0.2526779000, 0.5737249000)
(0.7792270000, 0.2536320000, 0.5731251000)
(0.7795606000, 0.2540762000, 0.5724696000)
(0.7793791000, 0.2537065000, 0.5728715000)
(0.7789682000, 0.2536705000, 0.5734570000)
(0.7787237000, 0.2537047000, 0.5737677000)
(0.7784325000, 0.2516061000, 0.5750927000)
(0.7780357000, 0.2510033000, 0.5758730000)
(0.7778276000, 0.2503085000, 0.5764644000)
(0.7776951000, 0.2495453000, 0.5769665000)
(0.7776428000, 0.2488912000, 0.5773366000)
(0.7776274000, 0.2483114000, 0.5775983000)
(0.7775613000, 0.2472641000, 0.5781345000)
(0.7774451000, 0.2463900000, 0.5786620000)
(0.7773837000, 0.2457018000, 0.5790454000)
(0.7775776000, 0.2462730000, 0.5785358000)
(0.7770052000, 0.2446644000, 0.5799802000)
(0.7770941000, 0.2455874000, 0.5794771000)
(0.7772160000, 0.2428738000, 0.5804451000)
(0.7766703000, 0.2409099000, 0.5820077000)
(0.7769974000, 0.2405290000, 0.5817317000)
(0.7766626000, 0.2396857000, 0.5825076000)
(0.7803671000, 0.2255114000, 0.5832132000)
(0.7789515000, 0.2262540000, 0.5848169000)
(0.7797867000, 0.2205256000, 0.5858976000)
(0.7784674000, 0.2216161000, 0.5872568000)
(0.7782298000, 0.2233833000, 0.5868979000)
(0.7778627000, 0.2219387000, 0.5879179000)
(0.7789234000, 0.2190057000, 0.5876294000)
(0.7794638000, 0.2177715000, 0.5873526000)
(0.7793239000, 0.2167815000, 0.5879034000)
(0.7786459000, 0.2171537000, 0.5886759000)
(0.7787188000, 0.2161940000, 0.5889221000)
(0.7785876000, 0.2159953000, 0.5891793000)
(0.7787537000, 0.2163455000, 0.5888391000)
(0.7786337000, 0.2160714000, 0.5890826000)
(0.7783620000, 0.2163172000, 0.5893501000)
(0.7783090000, 0.2157231000, 0.5896509000)
(0.7778411000, 0.2138178000, 0.5909455000)
(0.7777995000, 0.2126291000, 0.5914332000)
(0.7703255000, 0.2187059000, 0.5989509000)
(0.7708513000, 0.2245715000, 0.5961036000)
(0.7704557000, 0.2232752000, 0.5971092000)
(0.7706438000, 0.2236633000, 0.5967063000)
(0.7704127000, 0.2237459000, 0.5969782000)
(0.7701305000, 0.2223933000, 0.5978490000)
(0.7695840000, 0.2203021000, 0.5993366000)
(0.7694959000, 0.2207120000, 0.5992817000)
(0.7695668000, 0.2204012000, 0.5993020000)
(0.7696602000, 0.2202626000, 0.5992534000)
(0.7696095000, 0.2203570000, 0.5992675000)
(0.7695374000, 0.2208492000, 0.5991717000)
(0.7693589000, 0.2200112000, 0.5997255000)
(0.7692545000, 0.2202447000, 0.5997629000)
(0.7703282000, 0.2173447000, 0.5994484000)
(0.7800323000, 0.2184238000, 0.5863653000)
(0.7821376000, 0.2340261000, 0.5774829000)
(0.7822440000, 0.2374385000, 0.5759447000)
(0.7808405000, 0.2288464000, 0.5812959000)
(0.7817143000, 0.2289327000, 0.5800853000)
(0.7826502000, 0.2286759000, 0.5789226000)
(0.7825621000, 0.2281096000, 0.5792757000)
(0.7826868000, 0.2278405000, 0.5791942000)
(0.7831535000, 0.2269031000, 0.5789451000)
(0.7833657000, 0.2272768000, 0.5784996000)
(0.7829018000, 0.2272977000, 0.5791265000)
(0.7824225000, 0.2269870000, 0.5798985000)
(0.7825395000, 0.2267043000, 0.5798530000)
(0.7821662000, 0.2269533000, 0.5802565000)
(0.7818252000, 0.2273628000, 0.5805588000)
(0.7818913000, 0.2272345000, 0.5805065000)
(0.7805783000, 0.2313629000, 0.5806506000)
(0.7758776000, 0.2311371000, 0.5869912000)
(0.7700476000, 0.2333317000, 0.5937833000)
(0.7712874000, 0.2315216000, 0.5928745000)
(0.7715786000, 0.2339322000, 0.5915537000)
(0.7723805000, 0.2348035000, 0.5901616000)
(0.7726460000, 0.2332311000, 0.5904127000)
(0.7731468000, 0.2316453000, 0.5904012000)
(0.7727863000, 0.2324462000, 0.5905502000)
(0.7729294000, 0.2329817000, 0.5901588000)
(0.7733642000, 0.2347693000, 0.5888673000)
(0.7734068000, 0.2379676000, 0.5875421000)
(0.7736129000, 0.2396902000, 0.5865641000)
(0.7742597000, 0.2409626000, 0.5851842000)
(0.7739825000, 0.2440452000, 0.5842674000)
(0.7741544000, 0.2450358000, 0.5836194000)
(0.7744834000, 0.2475568000, 0.5821319000)
(0.7790515000, 0.2468825000, 0.5762777000)
(0.7811651000, 0.2497499000, 0.5721726000)
(0.7814394000, 0.2430577000, 0.5746867000)
(0.7812756000, 0.2437930000, 0.5746007000)
(0.7821190000, 0.2459774000, 0.5725128000)
(0.7817792000, 0.2467823000, 0.5726169000)
(0.7821769000, 0.2501504000, 0.5706264000)
(0.7823132000, 0.2505206000, 0.5702823000)
(0.7841462000, 0.2521446000, 0.5670294000)
(0.7814861000, 0.2556580000, 0.5691193000)
(0.7811471000, 0.2550128000, 0.5698904000)
(0.7810444000, 0.2548178000, 0.5701162000)
(0.7821366000, 0.2541835000, 0.5689001000)
(0.7826737000, 0.2543105000, 0.5681050000)
(0.7829975000, 0.2530003000, 0.5682384000)
(0.7843803000, 0.2528156000, 0.5664183000)
(0.7836257000, 0.2528462000, 0.5674402000)
(0.7832184000, 0.2535467000, 0.5676712000)
(0.7827643000, 0.2567618000, 0.5668612000)
(0.7824269000, 0.2571660000, 0.5671391000)
(0.7822026000, 0.2568116000, 0.5676294000)
(0.7822645000, 0.2605050000, 0.5658418000)
(0.7828647000, 0.2559230000, 0.5670990000)
(0.7826937000, 0.2583264000, 0.5662413000)
(0.7830163000, 0.2571788000, 0.5663253000)
(0.7828004000, 0.2571229000, 0.5666629000)
(0.7829150000, 0.2563331000, 0.5668610000)
(0.7846132000, 0.2571228000, 0.5641488000)
(0.7851023000, 0.2580843000, 0.5630133000)
(0.7848579000, 0.2599455000, 0.5624932000)
(0.7760325000, 0.2646157000, 0.5724778000)
(0.7779116000, 0.2498619000, 0.5765519000)
(0.7746011000, 0.2548166000, 0.5788329000)
(0.7749104000, 0.2550488000, 0.5783150000)
(0.7751506000, 0.2556314000, 0.5777249000)
(0.7759240000, 0.2511840000, 0.5786443000)
(0.7744262000, 0.2554600000, 0.5787706000)
(0.7752520000, 0.2557883000, 0.5775186000)
(0.7756216000, 0.2566015000, 0.5766780000)
(0.7764075000, 0.2576556000, 0.5751393000)
(0.7763538000, 0.2580435000, 0.5750302000)
(0.7765132000, 0.2582311000, 0.5747393000)
(0.7767134000, 0.2578231000, 0.5746525000)
(0.7767131000, 0.2583266000, 0.5744188000)
(0.7763848000, 0.2585176000, 0.5747883000)
(0.7765746000, 0.2584093000, 0.5745712000)
(0.7762407000, 0.2595632000, 0.5745024000)
(0.7765425000, 0.2600299000, 0.5739017000)
(0.7770122000, 0.2638819000, 0.5715016000)
(0.7763461000, 0.2645271000, 0.5720996000)
(0.7756420000, 0.2654630000, 0.5726110000)
(0.7746961000, 0.2655530000, 0.5738581000)
(0.7745865000, 0.2652249000, 0.5741469000)
(0.7744783000, 0.2652386000, 0.5742980000)
(0.7745519000, 0.2647845000, 0.5744100000)
(0.7745192000, 0.2643540000, 0.5746496000)
(0.7749330000, 0.2624229000, 0.5749861000)
(0.7747349000, 0.2615938000, 0.5756181000)
(0.7742162000, 0.2620387000, 0.5761251000)
(0.7737217000, 0.2621368000, 0.5767219000)
(0.7735456000, 0.2616130000, 0.5771980000)
(0.7733748000, 0.2611869000, 0.5776345000)
(0.7732455000, 0.2603354000, 0.5781842000)
(0.7722723000, 0.2620243000, 0.5787351000)
(0.7717555000, 0.2641384000, 0.5784544000)
(0.7720781000, 0.2639791000, 0.5780888000)
(0.7715036000, 0.2619561000, 0.5797852000)
(0.7715594000, 0.2610081000, 0.5801373000)
(0.7717324000, 0.2608993000, 0.5799512000)
(0.7709801000, 0.2597354000, 0.5814775000)
(0.7707334000, 0.2606457000, 0.5813944000)
(0.7708460000, 0.2614512000, 0.5808712000)
(0.7714795000, 0.2603195000, 0.5805455000)
(0.7694954000, 0.2620080000, 0.5824080000)
(0.7698827000, 0.2626879000, 0.5816039000)
(0.7723612000, 0.2642835000, 0.5775661000)
(0.7721460000, 0.2640437000, 0.5779663000)
(0.7721627000, 0.2567695000, 0.5812199000)
(0.7734462000, 0.2639650000, 0.5762705000)
(0.7685574000, 0.2666028000, 0.5815674000)
(0.7702263000, 0.2639800000, 0.5805520000)
(0.7719428000, 0.2596387000, 0.5802294000)
(0.7710890000, 0.2587309000, 0.5817842000)
(0.7708467000, 0.2596678000, 0.5816678000)
(0.7712207000, 0.2594847000, 0.5812587000)
(0.7699407000, 0.2583423000, 0.5834575000)
(0.7697435000, 0.2582641000, 0.5837702000)
(0.7711374000, 0.2600445000, 0.5811124000)
(0.7755205000, 0.2651196000, 0.5729439000)
(0.7750006000, 0.2683631000, 0.5721457000)
(0.7776107000, 0.2774529000, 0.5642033000)
(0.7760557000, 0.2805149000, 0.5648199000)
(0.7775092000, 0.2793790000, 0.5633934000)
(0.7775680000, 0.2782262000, 0.5638747000)
(0.7786394000, 0.2777967000, 0.5626014000)
(0.7768047000, 0.2780640000, 0.5650049000)
(0.7769324000, 0.2751206000, 0.5662722000)
(0.7771531000, 0.2735867000, 0.5667012000)
(0.7767853000, 0.2732183000, 0.5674058000)
(0.7771592000, 0.2734872000, 0.5667472000)
(0.7756786000, 0.2752539000, 0.5679321000)
(0.7775098000, 0.2819905000, 0.5620815000)
(0.7759476000, 0.2981176000, 0.5559015000)
(0.7803504000, 0.3003483000, 0.5484734000)
(0.7727221000, 0.2998507000, 0.5594464000)
(0.7709302000, 0.3127119000, 0.5548525000)
(0.7706826000, 0.3062569000, 0.5587807000)
(0.7705488000, 0.3057328000, 0.5592629000)
(0.7703197000, 0.3024266000, 0.5613584000)
(0.7691938000, 0.2986431000, 0.5649170000)
(0.7697648000, 0.2947172000, 0.5661941000)
(0.7695675000, 0.2952029000, 0.5662308000)
(0.7695025000, 0.2934983000, 0.5672020000)
(0.7696499000, 0.2926245000, 0.5674419000)
(0.7680436000, 0.2907225000, 0.5705909000)
(0.7669980000, 0.2902552000, 0.5722212000)
(0.7667578000, 0.2897466000, 0.5728066000)
(0.7668899000, 0.2888547000, 0.5730827000)
(0.7670018000, 0.2893358000, 0.5726858000)
(0.7669264000, 0.2902727000, 0.5723212000)
(0.7655318000, 0.2875602000, 0.5755544000)
(0.7651113000, 0.2861421000, 0.5768141000)
(0.7649738000, 0.2866685000, 0.5767347000)
(0.7644185000, 0.2859997000, 0.5777908000)
(0.7643531000, 0.2873650000, 0.5771938000)
(0.7642328000, 0.2862007000, 0.5779557000)
(0.7638248000, 0.2858531000, 0.5786580000)
(0.7636673000, 0.2837217000, 0.5799060000)
(0.7633973000, 0.2833660000, 0.5804386000)
(0.7631626000, 0.2839257000, 0.5804685000)
(0.7635168000, 0.2839438000, 0.5800050000)
(0.7638103000, 0.2852570000, 0.5789624000)
(0.7634817000, 0.2856909000, 0.5792010000)
(0.7627341000, 0.2847109000, 0.5806421000)
(0.7614445000, 0.2834761000, 0.5829474000)
(0.7599319000, 0.2805484000, 0.5863208000)
(0.7597476000, 0.2801416000, 0.5867519000)
(0.7599743000, 0.2800858000, 0.5865045000)
(0.7608964000, 0.2802557000, 0.5852089000)
(0.7622598000, 0.2827064000, 0.5822437000)
(0.7620556000, 0.2828029000, 0.5824649000)
(0.7612261000, 0.2811802000, 0.5843379000)
(0.7606036000, 0.2800064000, 0.5857248000)
(0.7607834000, 0.2800226000, 0.5854818000)
(0.7606860000, 0.2815547000, 0.5848590000)
(0.7619260000, 0.2823396000, 0.5828732000)
(0.7644374000, 0.2795053000, 0.5809307000)
(0.7737778000, 0.2539717000, 0.5803067000)
(0.7694032000, 0.2500989000, 0.5877419000)
(0.7708963000, 0.2539395000, 0.5841467000)
(0.7727037000, 0.2601966000, 0.5789609000)
(0.7720085000, 0.2567599000, 0.5814393000)
(0.7722712000, 0.2599664000, 0.5796651000)
(0.7718295000, 0.2607085000, 0.5799043000)
(0.7711222000, 0.2614548000, 0.5805026000)
(0.7705176000, 0.2621594000, 0.5809938000)
(0.7707021000, 0.2634450000, 0.5801646000)
(0.7707018000, 0.2637114000, 0.5800488000)
(0.7707589000, 0.2638852000, 0.5798934000)
(0.7708827000, 0.2651473000, 0.5791649000)
(0.7704754000, 0.2658217000, 0.5793918000)
(0.7706915000, 0.2660055000, 0.5790102000)
(0.7708668000, 0.2657864000, 0.5788959000)
(0.7711756000, 0.2662799000, 0.5782418000)
(0.7706609000, 0.2646290000, 0.5796979000)
(0.7707661000, 0.2639450000, 0.5798643000)
(0.7707204000, 0.2645470000, 0.5796510000)
(0.7711949000, 0.2654077000, 0.5786068000)
(0.7711824000, 0.2651773000, 0.5787494000)
(0.7710767000, 0.2678415000, 0.5776558000)
(0.7710304000, 0.2680685000, 0.5776004000)
(0.7709298000, 0.2680126000, 0.5777822000)
(0.7708586000, 0.2675649000, 0.5780859000)
(0.7707174000, 0.2652209000, 0.5793301000)
(0.7702372000, 0.2649295000, 0.5800990000)
(0.7702705000, 0.2644086000, 0.5803077000)
(0.7704479000, 0.2657612000, 0.5794480000)
(0.7703428000, 0.2659170000, 0.5795113000)
(0.7700707000, 0.2665353000, 0.5796012000)
(0.7699962000, 0.2665066000, 0.5797211000)
(0.7699743000, 0.2649512000, 0.5804606000)
(0.7790973000, 0.2712856000, 0.5651515000)
(0.7809510000, 0.2789496000, 0.5588134000)
(0.7806497000, 0.2822748000, 0.5575626000)
(0.7803838000, 0.2833183000, 0.5574039000)
(0.7802452000, 0.2849923000, 0.5567697000)
(0.7800131000, 0.2915739000, 0.5536740000)
(0.7797431000, 0.3072486000, 0.5455094000)
(0.7792477000, 0.3087976000, 0.5453565000)
(0.7790257000, 0.3165736000, 0.5411748000)
(0.7805963000, 0.3129682000, 0.5410189000)
(0.7770165000, 0.3130006000, 0.5461303000)
(0.7748026000, 0.3307914000, 0.5387501000)
(0.7761132000, 0.3132714000, 0.5472482000)
(0.7767807000, 0.3200774000, 0.5423383000)
(0.7743644000, 0.3203287000, 0.5456365000)
(0.7741386000, 0.3193813000, 0.5465217000)
(0.7749281000, 0.3165226000, 0.5470793000)
(0.7767112000, 0.3214536000, 0.5416319000)
(0.7721975000, 0.3193679000, 0.5492649000)
(0.7728485000, 0.3163201000, 0.5501196000)
(0.7759967000, 0.3129761000, 0.5475863000)
(0.7758747000, 0.3110214000, 0.5488852000)
(0.7740123000, 0.3075804000, 0.5534310000)
(0.7745226000, 0.3086028000, 0.5521425000)
(0.7749842000, 0.3073780000, 0.5521877000)
(0.7754619000, 0.3023480000, 0.5542881000)
(0.7729791000, 0.3028100000, 0.5574905000)
(0.7716466000, 0.3040866000, 0.5586377000)
(0.7717212000, 0.3043712000, 0.5583894000)
(0.7713435000, 0.3023136000, 0.5600284000)
(0.7697972000, 0.3085898000, 0.5587232000)
(0.7675068000, 0.3189628000, 0.5560269000)
(0.7692900000, 0.3107220000, 0.5582229000)
(0.7705194000, 0.3151385000, 0.5540451000)
(0.7696200000, 0.3103681000, 0.5579773000)
(0.7685310000, 0.3132704000, 0.5578579000)
(0.7679480000, 0.3071702000, 0.5620484000)
(0.7686381000, 0.3060600000, 0.5616953000)
(0.7687484000, 0.3074835000, 0.5607778000)
(0.7687395000, 0.3079002000, 0.5605422000)
(0.7687899000, 0.3058705000, 0.5615945000)
(0.7688198000, 0.3055976000, 0.5617121000)
(0.7688071000, 0.3056594000, 0.5616874000)
(0.7687969000, 0.3054800000, 0.5618019000)
(0.7686661000, 0.3064682000, 0.5614307000)
(0.7691957000, 0.3035236000, 0.5623145000)
(0.7671666000, 0.3041984000, 0.5647141000)
(0.7661108000, 0.2988730000, 0.5689719000)
(0.7660667000, 0.2981263000, 0.5694315000)
(0.7688261000, 0.2991190000, 0.5651690000)
(0.7660165000, 0.3036220000, 0.5665896000)
(0.7743376000, 0.3118479000, 0.5505793000)
(0.7749498000, 0.3195544000, 0.5452756000)
(0.7734790000, 0.3196070000, 0.5473300000)
(0.7766574000, 0.3241279000, 0.5401051000)
(0.7768379000, 0.3218974000, 0.5412010000)
(0.7727940000, 0.3229914000, 0.5463135000)
(0.7745469000, 0.3194349000, 0.5459094000)
(0.7776760000, 0.3182265000, 0.5421518000)
(0.7730724000, 0.3197189000, 0.5478419000)
(0.7721716000, 0.3259479000, 0.5454392000)
(0.7730345000, 0.3259982000, 0.5441673000)
(0.7730860000, 0.3208288000, 0.5471671000)
(0.7762906000, 0.3202381000, 0.5429592000)
(0.7787877000, 0.3239033000, 0.5371892000)
(0.7741706000, 0.3211579000, 0.5454293000)
(0.7744765000, 0.3128975000, 0.5497756000)
(0.7739587000, 0.3055922000, 0.5545914000)
(0.7729660000, 0.2985541000, 0.5597913000)
(0.7726619000, 0.2976106000, 0.5607168000)
(0.7729257000, 0.2970095000, 0.5606729000)
(0.7727230000, 0.2973884000, 0.5607505000)
(0.7731636000, 0.2977295000, 0.5599679000)
(0.7868757000, 0.3215138000, 0.5267228000)
(0.7890110000, 0.3244610000, 0.5216913000)
(0.7890038000, 0.3244498000, 0.5217312000)
(0.7889905000, 0.3244475000, 0.5217355000)
(0.7885231000, 0.3243881000, 0.5224760000)
(0.7860001000, 0.3200644000, 0.5289153000)
(0.7838851000, 0.3146414000, 0.5352640000)
(0.7816122000, 0.3101181000, 0.5412084000)
(0.7872986000, 0.3234601000, 0.5249051000)
(0.7872180000, 0.3228515000, 0.5253989000)
(0.7870803000, 0.3242790000, 0.5247332000)
(0.7803795000, 0.3136879000, 0.5409081000)
(0.7901825000, 0.3231452000, 0.5207481000)
(0.7794307000, 0.3143817000, 0.5418841000)
(0.7829167000, 0.3161098000, 0.5358303000)
(0.7785455000, 0.3323773000, 0.5323444000)
(0.7806683000, 0.3176003000, 0.5382015000)
(0.7782117000, 0.3203826000, 0.5401244000)
(0.7787855000, 0.3151833000, 0.5423416000)
(0.7791671000, 0.3129503000, 0.5431010000)
(0.7770565000, 0.3313524000, 0.5351468000)
(0.7762539000, 0.3300154000, 0.5371290000)
(0.7723236000, 0.3325005000, 0.5412312000)
(0.7684242000, 0.3360141000, 0.5446199000)
(0.7724699000, 0.3268034000, 0.5444997000)
(0.7731835000, 0.3292189000, 0.5420343000)
(0.7752997000, 0.3231989000, 0.5426179000)
(0.7745156000, 0.3208676000, 0.5451024000)
(0.7736756000, 0.3262460000, 0.5431079000)
(0.7719001000, 0.3193196000, 0.5497109000)
(0.7709896000, 0.3254302000, 0.5474104000)
(0.7707220000, 0.3277257000, 0.5464187000)
(0.7713255000, 0.3250448000, 0.5471638000)
(0.7700508000, 0.3260409000, 0.5483640000)
(0.7728404000, 0.3190772000, 0.5485291000)
(0.7721384000, 0.3170287000, 0.5507013000)
(0.7741103000, 0.3177568000, 0.5475214000)
(0.7784315000, 0.3179864000, 0.5412146000)
(0.7752761000, 0.3198059000, 0.5446573000)
(0.7747415000, 0.3191978000, 0.5457748000)
(0.7747540000, 0.3176549000, 0.5466624000)
(0.7748597000, 0.3175403000, 0.5465692000)
(0.7743793000, 0.3173859000, 0.5473451000)
(0.7754891000, 0.3160162000, 0.5465587000)
(0.7762007000, 0.3137948000, 0.5468454000)
(0.7775913000, 0.3208197000, 0.5407380000)
(0.7739133000, 0.3165554000, 0.5484722000)
(0.7746451000, 0.3165357000, 0.5474676000)
(0.7746543000, 0.3161021000, 0.5476946000)
(0.7761224000, 0.3130383000, 0.5473667000)
(0.7764535000, 0.3144383000, 0.5460994000)
(0.7768897000, 0.3123207000, 0.5466995000)
(0.7767519000, 0.3109656000, 0.5476739000)
(0.7757555000, 0.3115252000, 0.5487549000)
(0.7748823000, 0.3112048000, 0.5501859000)
(0.7751614000, 0.3114342000, 0.5496565000)
(0.7733666000, 0.3073275000, 0.5544617000)
(0.7733262000, 0.3103836000, 0.5528313000)
(0.7694600000, 0.3221044000, 0.5514975000)
(0.7747512000, 0.3242482000, 0.5427837000)
(0.7711975000, 0.3233578000, 0.5483310000)
(0.7718270000, 0.3200445000, 0.5494085000)
(0.7723056000, 0.3158908000, 0.5511356000)
(0.7716027000, 0.3135045000, 0.5534638000)
(0.7719796000, 0.3159907000, 0.5515331000)
(0.7708322000, 0.3142981000, 0.5540813000)
(0.7704838000, 0.3132687000, 0.5551608000)
(0.7702311000, 0.3127525000, 0.5557936000)
(0.7710733000, 0.3187148000, 0.5512287000)
(0.7671288000, 0.3258214000, 0.5525623000)
(0.7677990000, 0.3299057000, 0.5491962000)
(0.7687188000, 0.3333775000, 0.5458097000)
(0.7700071000, 0.3225887000, 0.5504755000)
(0.7678249000, 0.3320674000, 0.5478567000)
(0.7631457000, 0.3325362000, 0.5540903000)
(0.7680470000, 0.3209082000, 0.5541778000)
(0.7695146000, 0.3255820000, 0.5493979000)
(0.7663973000, 0.3282840000, 0.5521395000)
(0.7676369000, 0.3279216000, 0.5506189000)
(0.7687408000, 0.3247121000, 0.5509840000)
(0.7687199000, 0.3245882000, 0.5510862000)
(0.7680275000, 0.3259481000, 0.5512499000)
(0.7692403000, 0.3275538000, 0.5485877000)
(0.7693988000, 0.3274481000, 0.5484303000)
(0.7694241000, 0.3263184000, 0.5490894000)
(0.7699666000, 0.3257184000, 0.5486847000)
(0.7688054000, 0.3277353000, 0.5491101000)
(0.7689846000, 0.3278863000, 0.5487581000)
(0.7690531000, 0.3284524000, 0.5483129000)
(0.7694613000, 0.3286531000, 0.5476350000)
(0.7698205000, 0.3275864000, 0.5477737000)
(0.7698599000, 0.3270660000, 0.5480287000)
(0.7701941000, 0.3255498000, 0.5484634000)
(0.7702944000, 0.3255161000, 0.5483232000)
(0.7705193000, 0.3249232000, 0.5483617000)
(0.7712444000, 0.3238281000, 0.5479975000)
(0.7711775000, 0.3237095000, 0.5481609000)
(0.7705988000, 0.3239881000, 0.5488227000)
(0.7711451000, 0.3231147000, 0.5485562000)
(0.7708842000, 0.3233612000, 0.5487785000)
(0.7696455000, 0.3258476000, 0.5490373000)
(0.7703815000, 0.3290281000, 0.5461076000)
(0.7707435000, 0.3288684000, 0.5457018000)
(0.7700561000, 0.3294166000, 0.5463477000)
(0.7694504000, 0.3297080000, 0.5470014000)
(0.7700593000, 0.3304969000, 0.5456893000)
(0.7699017000, 0.3309564000, 0.5456313000)
(0.7699781000, 0.3307788000, 0.5456149000)
(0.7694848000, 0.3310478000, 0.5461505000)
(0.7687359000, 0.3310198000, 0.5472237000)
(0.7711684000, 0.3243208000, 0.5478253000)
(0.7717790000, 0.3253340000, 0.5463540000)
(0.7660587000, 0.3242781000, 0.5549653000)
(0.7593323000, 0.3166256000, 0.5684620000)
(0.0000000000, 0.0000000000, 0.0000000000)
(0.0000000000, 0.0000000000, 0.0000000000)
(0.0000000000, 0.0000000000, 0.0000000000)
(0.0000000000, 0.0000000000, 0.0000000000)
(0.0000000000, 0.0000000000, 0.0000000000)
(0.0000000000, 0.0000000000, 0.0000000000)
(0.0000000000, 0.0000000000, 0.0000000000)
(0.0000000000, 0.0000000000, 0.0000000000)
(0.0000000000, 0.0000000000, 0.0000000000)
(0.0000000000, 0.0000000000, 0.0000000000)
(0.0000000000, 0.0000000000, 0.0000000000)
(0.0000000000, 0.0000000000, 0.0000000000)
(0.0000000000, 0.0000000000, 0.0000000000)
(0.0000000000, 0.0000000000, 0.0000000000)
(0.0000000000, 0.0000000000, 0.0000000000)
(0.0000000000, 0.0000000000, 0.0000000000)
(0.0000000000, 0.0000000000, 0.0000000000)
(0.0000000000, 0.0000000000, 0.0000000000)
(0.7551113000, 0.2781349000, 0.5936568000)
(0.7563998000, 0.2729279000, 0.5944361000)
(0.7621945000, 0.2794882000, 0.5838988000)
(0.7671743000, 0.2824420000, 0.5758821000)
(0.7673280000, 0.2848768000, 0.5744970000)
(0.7690420000, 0.2870232000, 0.5711232000)
(0.7693034000, 0.2871226000, 0.5707011000)
(0.7686428000, 0.2841938000, 0.5730793000)
(0.7674344000, 0.2908635000, 0.5713314000)
(0.7656242000, 0.2894670000, 0.5744736000)
(0.7663257000, 0.2897761000, 0.5733740000)
(0.7693776000, 0.2898479000, 0.5692471000)
(0.7676742000, 0.2885613000, 0.5721840000)
(0.7686559000, 0.2901706000, 0.5700319000)
(0.7675272000, 0.2913577000, 0.5709607000)
(0.7667881000, 0.2919828000, 0.5716349000)
(0.7691574000, 0.2950020000, 0.5668865000)
(0.7708631000, 0.2963920000, 0.5638385000)
(0.7705629000, 0.2973437000, 0.5637365000)
(0.7722823000, 0.2976582000, 0.5612094000)
(0.7680849000, 0.2990206000, 0.5662184000)
(0.7656200000, 0.2943616000, 0.5719920000)
(0.7674204000, 0.2992517000, 0.5670174000)
(0.7628126000, 0.3020787000, 0.5717119000)
(0.7637976000, 0.3025093000, 0.5701491000)
(0.7626504000, 0.3080392000, 0.5687422000)
(0.7654820000, 0.3099625000, 0.5638725000)
(0.7662046000, 0.3108987000, 0.5623565000)
(0.7656797000, 0.3145041000, 0.5610728000)
(0.7655250000, 0.3184292000, 0.5590752000)
(0.7677637000, 0.3215538000, 0.5541971000)
(0.7671179000, 0.3232624000, 0.5540785000)
(0.7682135000, 0.3257108000, 0.5511267000)
(0.7679148000, 0.3277211000, 0.5503475000)
(0.7674246000, 0.3117801000, 0.5602179000)
(0.7782301000, 0.2839521000, 0.5601095000)
(0.7754230000, 0.2805693000, 0.5656788000)
(0.7755604000, 0.2802096000, 0.5656512000)
(0.7764422000, 0.2851936000, 0.5619522000)
(0.7792628000, 0.2837771000, 0.5587512000)
(0.7779067000, 0.2798343000, 0.5626214000)
(0.7776757000, 0.2881611000, 0.5587113000)
(0.7762554000, 0.2851181000, 0.5622386000)
(0.7754536000, 0.2822107000, 0.5647981000)
(0.7742689000, 0.2746733000, 0.5701192000)
(0.7744374000, 0.2742434000, 0.5701088000)
(0.7771794000, 0.2795392000, 0.5637678000)
(0.7787005000, 0.2813064000, 0.5607778000)
(0.7723455000, 0.2763601000, 0.5719295000)
(0.7715684000, 0.2805972000, 0.5708965000)
(0.7697061000, 0.2776575000, 0.5748299000)
(0.7684566000, 0.2819121000, 0.5744531000)
(0.7680981000, 0.2814270000, 0.5751507000)
(0.7684435000, 0.2801397000, 0.5753295000)
(0.7700320000, 0.2800858000, 0.5732334000)
(0.7703037000, 0.2799216000, 0.5729468000)
(0.7696850000, 0.2809063000, 0.5732794000)
(0.7697663000, 0.2804325000, 0.5734114000)
(0.7694886000, 0.2809291000, 0.5735486000)
(0.7694950000, 0.2811441000, 0.5734301000)
(0.7695299000, 0.2809623000, 0.5734559000)
(0.7695513000, 0.2811966000, 0.5733135000)
(0.7694930000, 0.2795463000, 0.5742206000)
(0.7693432000, 0.2796516000, 0.5743476000)
(0.7692546000, 0.2790394000, 0.5747848000)
(0.7664119000, 0.2805817000, 0.5778193000)
(0.7654710000, 0.2804635000, 0.5791100000)
(0.7652115000, 0.2770092000, 0.5811075000)
(0.7702454000, 0.2709464000, 0.5773075000)
(0.7672089000, 0.2725420000, 0.5805869000)
(0.7691671000, 0.2737952000, 0.5773979000)
(0.7724226000, 0.2686858000, 0.5754711000)
(0.7719883000, 0.2701983000, 0.5753360000)
(0.7723899000, 0.2711591000, 0.5743330000)
(0.7729413000, 0.2725397000, 0.5729490000)
(0.7725152000, 0.2718872000, 0.5738303000)
(0.7729979000, 0.2714269000, 0.5733914000)
(0.7724344000, 0.2718020000, 0.5739796000)
(0.7721103000, 0.2722312000, 0.5742072000)
(0.7722357000, 0.2724424000, 0.5739543000)
(0.7723801000, 0.2752396000, 0.5724258000)
(0.7720249000, 0.2770524000, 0.5720171000)
(0.7713516000, 0.2759274000, 0.5734560000)
(0.7730935000, 0.2738292000, 0.5721353000)
(0.7765836000, 0.2828819000, 0.5629120000)
(0.7766446000, 0.2805471000, 0.5640121000)
(0.7790957000, 0.2874473000, 0.5571012000)
(0.7794874000, 0.2895297000, 0.5554658000)
(0.7798197000, 0.2913089000, 0.5540698000)
(0.7807102000, 0.2902976000, 0.5533466000)
(0.7804721000, 0.2895681000, 0.5540711000)
(0.7801971000, 0.2874344000, 0.5555794000)
(0.7778515000, 0.2845790000, 0.5602939000)
(0.7782193000, 0.2880028000, 0.5580466000)
(0.7783685000, 0.2878046000, 0.5579437000)
(0.7783840000, 0.2896337000, 0.5569578000)
(0.7791908000, 0.2903851000, 0.5554410000)
(0.7768701000, 0.2966132000, 0.5554128000)
(0.7774639000, 0.3032429000, 0.5509691000)
(0.7780796000, 0.3062764000, 0.5484229000)
(0.7788260000, 0.3088169000, 0.5459491000)
(0.7790335000, 0.3088181000, 0.5456474000)
(0.7789328000, 0.3103541000, 0.5449125000)
(0.7784897000, 0.3111776000, 0.5450803000)
(0.7768255000, 0.3136309000, 0.5460461000)
(0.7766482000, 0.3130259000, 0.5466291000)
(0.7767541000, 0.3131228000, 0.5464463000)
(0.7767063000, 0.3128220000, 0.5466830000)
(0.7765573000, 0.3130811000, 0.5467337000)
(0.7760759000, 0.3145350000, 0.5465747000)
(0.7761689000, 0.3159724000, 0.5456240000)
(0.7761663000, 0.3158278000, 0.5457143000)
(0.7760118000, 0.3167796000, 0.5453926000)
(0.7766185000, 0.3166611000, 0.5445915000)
(0.7760685000, 0.3168636000, 0.5452523000)
(0.7761437000, 0.3176884000, 0.5446717000)
(0.7734680000, 0.3153454000, 0.5497950000)
(0.7737257000, 0.3170019000, 0.5484965000)
(0.7737635000, 0.3170948000, 0.5483888000)
(0.7668013000, 0.3096318000, 0.5622526000)
(0.7679740000, 0.3090417000, 0.5609710000)
(0.7681187000, 0.3092854000, 0.5606473000)
(0.7675806000, 0.3096459000, 0.5611678000)
(0.7673884000, 0.3087907000, 0.5619066000)
(0.7675646000, 0.3079187000, 0.5621539000)
(0.7665581000, 0.3109742000, 0.5618548000)
(0.7668997000, 0.3118143000, 0.5609187000)
(0.7669852000, 0.3112016000, 0.5611417000)
(0.7646868000, 0.3082792000, 0.5658642000)
(0.7639977000, 0.3064762000, 0.5677681000)
(0.7633108000, 0.3059499000, 0.5689869000)
(0.7632809000, 0.3045751000, 0.5697449000)
(0.7631773000, 0.3032944000, 0.5705780000)
(0.7619467000, 0.3009915000, 0.5734282000)
(0.7639970000, 0.3049042000, 0.5686083000)
(0.7648956000, 0.3078369000, 0.5658239000)
(0.7655246000, 0.3058016000, 0.5660797000)
(0.7651498000, 0.3052554000, 0.5668647000)
(0.7613662000, 0.3077401000, 0.5706280000)
(0.7609799000, 0.3074915000, 0.5712529000)
(0.7556397000, 0.3087644000, 0.5776384000)
(0.7551103000, 0.3103593000, 0.5774578000)
(0.7548042000, 0.3123323000, 0.5768088000)
(0.7559620000, 0.3117811000, 0.5755877000)
(0.7563044000, 0.3119063000, 0.5750676000)
(0.7571656000, 0.3108033000, 0.5745339000)
(0.7554943000, 0.3272053000, 0.5675762000)
(0.7562634000, 0.3258295000, 0.5673376000)
(0.7537445000, 0.3294790000, 0.5685997000)
(0.0000000000, 0.0000000000, 0.0000000000)
(0.0000000000, 0.0000000000, 0.0000000000)
(0.0000000000, 0.0000000000, 0.0000000000)
(0.0000000000, 0.0000000000, 0.0000000000)
(0.0000000000, 0.0000000000, 0.0000000000)
(0.0000000000, 0.0000000000, 0.0000000000)
(0.0000000000, 0.0000000000, 0.0000000000)
(0.0000000000, 0.0000000000, 0.0000000000)
(0.0000000000, 0.0000000000, 0.0000000000)
(0.0000000000, 0.0000000000, 0.0000000000)
(0.0000000000, 0.0000000000, 0.0000000000)
(0.0000000000, 0.0000000000, 0.0000000000)
(0.0000000000, 0.0000000000, 0.0000000000)
(0.0000000000, 0.0000000000, 0.0000000000)
(0.0000000000, 0.0000000000, 0.0000000000)
(0.0000000000, 0.0000000000, 0.0000000000)
(0.0000000000, 0.0000000000, 0.0000000000)
(0.0000000000, 0.0000000000, 0.0000000000)
(0.7616145000, 0.3148870000, 0.5663650000)
(0.7612061000, 0.3063449000, 0.5715784000)
(0.7563645000, 0.3062294000, 0.5780414000)
(0.7698942000, 0.2988831000, 0.5638472000)
(0.7732812000, 0.2966505000, 0.5603645000)
(0.7742586000, 0.2964197000, 0.5591476000)
(0.7750344000, 0.2952911000, 0.5586805000)
(0.7749899000, 0.2960929000, 0.5582979000)
(0.7754449000, 0.2940969000, 0.5587195000)
(0.7763175000, 0.3010262000, 0.5537949000)
(0.7723384000, 0.2975856000, 0.5611887000)
(0.7750261000, 0.3009399000, 0.5556535000)
(0.7738217000, 0.3032890000, 0.5560437000)
(0.7739868000, 0.3033751000, 0.5557758000)
(0.7753460000, 0.3025410000, 0.5543371000)
(0.7787420000, 0.3003550000, 0.5507429000)
(0.7796863000, 0.2974723000, 0.5509831000)
(0.7798482000, 0.3031332000, 0.5476554000)
(0.7798613000, 0.2978861000, 0.5505044000)
(0.7799095000, 0.2988109000, 0.5499500000)
(0.7786329000, 0.3022029000, 0.5498858000)
(0.7700810000, 0.2926440000, 0.5668574000)
(0.7670455000, 0.2934196000, 0.5705627000)
(0.7688057000, 0.2925527000, 0.5686166000)
(0.7711468000, 0.2930251000, 0.5652084000)
(0.7716884000, 0.2925374000, 0.5647045000)
(0.7718422000, 0.2932495000, 0.5641369000)
(0.7711802000, 0.2939914000, 0.5646506000)
(0.7717099000, 0.2948640000, 0.5634651000)
(0.7717985000, 0.2941471000, 0.5637339000)
(0.7721143000, 0.2948532000, 0.5629203000)
(0.7721534000, 0.2957678000, 0.5623896000)
(0.7717150000, 0.2984601000, 0.5615606000)
(0.7710831000, 0.3023493000, 0.5603684000)
(0.7711303000, 0.3095221000, 0.5563579000)
(0.7708269000, 0.3111960000, 0.5558393000)
(0.7698201000, 0.3099746000, 0.5579145000)
(0.7692672000, 0.3115810000, 0.5577801000)
(0.7681041000, 0.3126860000, 0.5587776000)
(0.7639674000, 0.3158301000, 0.5626739000)
(0.7639092000, 0.3162741000, 0.5625015000)
(0.7627025000, 0.3156048000, 0.5644951000)
(0.7634794000, 0.3145634000, 0.5640402000)
(0.7635229000, 0.3136558000, 0.5644770000)
(0.7609808000, 0.3190983000, 0.5648538000)
(0.7601891000, 0.3190901000, 0.5659339000)
(0.7606635000, 0.3195645000, 0.5650300000)
(0.7623517000, 0.3181698000, 0.5635359000)
(0.7633853000, 0.3188407000, 0.5617573000)
(0.7628658000, 0.3162854000, 0.5638951000)
(0.7633595000, 0.3172901000, 0.5626760000)
(0.7718963000, 0.3128876000, 0.5534043000)
(0.7726466000, 0.3122996000, 0.5526978000)
(0.7715240000, 0.3130030000, 0.5538700000)
(0.7714355000, 0.3132051000, 0.5538798000)
(0.7711858000, 0.3127660000, 0.5544735000)
(0.7714881000, 0.3120147000, 0.5544766000)
(0.7710782000, 0.3122767000, 0.5548838000)
(0.7697695000, 0.3137055000, 0.5559067000)
(0.7688045000, 0.3139555000, 0.5570984000)
(0.7726142000, 0.3184403000, 0.5492331000)
(0.7725698000, 0.3163629000, 0.5504759000)
(0.7706910000, 0.3166619000, 0.5529323000)
(0.7740082000, 0.3105107000, 0.5517852000)
(0.7735509000, 0.3141057000, 0.5504084000)
(0.7708297000, 0.3172436000, 0.5524057000)
(0.7710229000, 0.3127773000, 0.5546808000)
(0.7722236000, 0.3137323000, 0.5524760000)
(0.7707343000, 0.3219736000, 0.5497902000)
(0.7708171000, 0.3212143000, 0.5501218000)
(0.7705431000, 0.3189396000, 0.5518388000)
(0.7682316000, 0.3185302000, 0.5552829000)
(0.7670771000, 0.3180699000, 0.5571566000)
(0.7693941000, 0.3196477000, 0.5530199000)
(0.7698312000, 0.3203913000, 0.5520041000)
(0.7714023000, 0.3207716000, 0.5495749000)
