(-0.6684797000, -0.0085617390, 0.0099731470, 0.7436143000)
(-0.6685210000, -0.0085761620, 0.0100176000, 0.7435763000)
(-0.6684386000, -0.0085785230, 0.0098727600, 0.7436523000)
(-0.6684482000, -0.0084965460, 0.0099153100, 0.7436441000)
(-0.6683997000, -0.0085832850, 0.0099689670, 0.7436860000)
(-0.6684182000, -0.0084679260, 0.0099160040, 0.7436714000)
(-0.6685456000, -0.0086359420, 0.0098174210, 0.7435563000)
(-0.6685491000, -0.0085931200, 0.0099306250, 0.7435521000)
(-0.6684814000, -0.0085337660, 0.0100488600, 0.7436121000)
(-0.6686047000, -0.0085413240, 0.0100520700, 0.7435011000)
(-0.6687908000, -0.0084792180, 0.0099034650, 0.7433364000)
(-0.6689724000, -0.0085498920, 0.0099988250, 0.7431708000)
(-0.6689187000, -0.0084440130, 0.0099789080, 0.7432206000)
(-0.6688271000, -0.0085005590, 0.0099532460, 0.7433028000)
(-0.6690065000, -0.0083929000, 0.0100951800, 0.7431406000)
(-0.6691464000, -0.0085677260, 0.0099841840, 0.7430142000)
(-0.6692351000, -0.0084167270, 0.0098751520, 0.7429375000)
(-0.6690913000, -0.0085124890, 0.0100271700, 0.7430637000)
(-0.6691520000, -0.0085381370, 0.0099375780, 0.7430100000)
(-0.6690007000, -0.0084501080, 0.0100083300, 0.7431464000)
(-0.6690128000, -0.0084066880, 0.0098685250, 0.7431378000)
(-0.6690931000, -0.0082971830, 0.0099111970, 0.7430662000)
(-0.6691477000, -0.0084365490, 0.0099706330, 0.7430146000)
(-0.6691214000, -0.0083911420, 0.0099955120, 0.7430385000)
(-0.6690276000, -0.0085258280, 0.0099113150, 0.7431226000)
(-0.6688367000, -0.0083979990, 0.0099633500, 0.7432953000)
(-0.6688551000, -0.0084609930, 0.0100046700, 0.7432773000)
(-0.6688882000, -0.0083910270, 0.0099897560, 0.7432486000)
(-0.6687289000, -0.0082121940, 0.0100789200, 0.7433926000)
(-0.6686067000, -0.0085019910, 0.0100665100, 0.7434996000)
(-0.6684929000, -0.0083752000, 0.0100205700, 0.7436039000)
(-0.6685248000, -0.0083558410, 0.0103219900, 0.7435713000)
(-0.6683765000, -0.0083616890, 0.0099758380, 0.7437093000)
(-0.6682505000, -0.0083607100, 0.0100042600, 0.7438221000)
(-0.6680616000, -0.0084703440, 0.0100435900, 0.7439900000)
(-0.6679770000, -0.0084750260, 0.0100149000, 0.7440662000)
(-0.6680171000, -0.0083887520, 0.0100414700, 0.7440310000)
(-0.6680819000, -0.0084114790, 0.0101822900, 0.7439705000)
(-0.6679745000, -0.0085205470, 0.0101306200, 0.7440665000)
(-0.6679981000, -0.0084511750, 0.0101445300, 0.7440459000)
(-0.6680308000, -0.0084376690, 0.0103128700, 0.7440143000)
(-0.6681183000, -0.0084465950, 0.0101991200, 0.7439373000)
(-0.6681083000, -0.0085900010, 0.0100261800, 0.7439469000)
(-0.6679514000, -0.0086589830, 0.0102340800, 0.7440842000)
(-0.6680063000, -0.0085676850, 0.0101278400, 0.7440374000)
(-0.6679527000, -0.0086373240, 0.0103039500, 0.7440823000)
(-0.6679743000, -0.0086861010, 0.0102668600, 0.7440629000)
(-0.6678870000, -0.0086430290, 0.0103058500, 0.7441412000)
(-0.6678777000, -0.0086532780, 0.0102330600, 0.7441504000)
(-0.6678140000, -0.0085683400, 0.0102406600, 0.7442085000)
(-0.6677404000, -0.0086637530, 0.0102716500, 0.7442729000)
(-0.6676949000, -0.0085856110, 0.0103203900, 0.7443140000)
(-0.6677600000, -0.0086366080, 0.0103933200, 0.7442541000)
(-0.6677508000, -0.0086768320, 0.0102880700, 0.7442632000)
(-0.6677076000, -0.0086183670, 0.0103637300, 0.7443016000)
(-0.6677536000, -0.0086585200, 0.0102970000, 0.7442608000)
(-0.6676690000, -0.0085653780, 0.0103250300, 0.7443374000)
(-0.6677978000, -0.0086181550, 0.0103714100, 0.7442206000)
(-0.6678803000, -0.0086096140, 0.0103158400, 0.7441474000)
(-0.6677999000, -0.0086083540, 0.0102030000, 0.7442211000)
(-0.6679474000, -0.0086001840, 0.0102790100, 0.7440878000)
(-0.6681677000, -0.0086927510, 0.0103079800, 0.7438886000)
(-0.6683995000, -0.0087117990, 0.0103239600, 0.7436798000)
(-0.6683782000, -0.0086148730, 0.0102750100, 0.7437007000)
(-0.6685919000, -0.0086771510, 0.0102347500, 0.7435085000)
(-0.6685548000, -0.0085724230, 0.0102799300, 0.7435424000)
(-0.6685324000, -0.0086318760, 0.0103425000, 0.7435610000)
(-0.6685283000, -0.0085991370, 0.0103196700, 0.7435654000)
(-0.6683813000, -0.0087236010, 0.0104243700, 0.7436947000)
(-0.6683324000, -0.0085326380, 0.0102892000, 0.7437426000)
(-0.6682545000, -0.0084943030, 0.0103312400, 0.7438126000)
(-0.6681657000, -0.0085712900, 0.0104117000, 0.7438903000)
(-0.6681531000, -0.0084526050, 0.0102862800, 0.7439047000)
(-0.6681580000, -0.0084455210, 0.0104209800, 0.7438985000)
(-0.6680766000, -0.0084459850, 0.0104173400, 0.7439717000)
(-0.6679271000, -0.0084302020, 0.0103918100, 0.7441064000)
(-0.6680340000, -0.0086109840, 0.0104698800, 0.7440073000)
(-0.6678905000, -0.0083447310, 0.0103879300, 0.7441403000)
(-0.6678606000, -0.0083402980, 0.0104735700, 0.7441660000)
(-0.6678969000, -0.0083543310, 0.0104355700, 0.7441337000)
(-0.6677951000, -0.0084039940, 0.0104668400, 0.7442241000)
(-0.6677824000, -0.0084632260, 0.0104648100, 0.7442349000)
(-0.6678110000, -0.0083304220, 0.0103585300, 0.7442122000)
(-0.6679544000, -0.0083877130, 0.0104690800, 0.7440813000)
(-0.6680355000, -0.0084077150, 0.0104944600, 0.7440079000)
(-0.6680329000, -0.0084815340, 0.0104516900, 0.7440100000)
(-0.6680430000, -0.0083991200, 0.0103953300, 0.7440027000)
(-0.6681145000, -0.0083404360, 0.0105378800, 0.7439371000)
(-0.6681918000, -0.0083696260, 0.0104613900, 0.7438684000)
(-0.6681601000, -0.0082488400, 0.0104675200, 0.7438982000)
(-0.6681393000, -0.0083413930, 0.0105079300, 0.7439152000)
(-0.6680626000, -0.0083896280, 0.0106428400, 0.7439817000)
(-0.6681669000, -0.0084436400, 0.0106186100, 0.7438878000)
(-0.6681398000, -0.0083039990, 0.0105935600, 0.7439141000)
(-0.6680539000, -0.0083931600, 0.0104190900, 0.7439926000)
(-0.6680948000, -0.0083697900, 0.0105371500, 0.7439545000)
(-0.6679801000, -0.0083054010, 0.0106210400, 0.7440571000)
(-0.6680502000, -0.0086229450, 0.0105666200, 0.7439913000)
(-0.6679521000, -0.0084274050, 0.0104925500, 0.7440826000)
(-0.6680088000, -0.0085698030, 0.0105631400, 0.7440290000)
(-0.6680608000, -0.0084529760, 0.0104596200, 0.7439852000)
(-0.6680810000, -0.0085439770, 0.0105379500, 0.7439649000)
(-0.6681414000, -0.0084809690, 0.0104806800, 0.7439122000)
(-0.6680173000, -0.0085019430, 0.0105293900, 0.7440228000)
(-0.6679307000, -0.0084219590, 0.0104833200, 0.7441019000)
(-0.6679188000, -0.0083966050, 0.0104084700, 0.7441140000)
(-0.6678817000, -0.0084485270, 0.0105035200, 0.7441454000)
(-0.6679794000, -0.0083476860, 0.0104314100, 0.7440599000)
(-0.6679322000, -0.0084807060, 0.0105449500, 0.7440991000)
(-0.6679085000, -0.0084583680, 0.0105000400, 0.7441213000)
(-0.6679258000, -0.0084512040, 0.0106298900, 0.7441040000)
(-0.6680179000, -0.0083809570, 0.0106787900, 0.7440214000)
(-0.6681528000, -0.0084314310, 0.0105714200, 0.7439012000)
(-0.6682858000, -0.0084749690, 0.0105749900, 0.7437811000)
(-0.6682426000, -0.0084269340, 0.0105297300, 0.7438212000)
(-0.6681766000, -0.0085328470, 0.0105615800, 0.7438788000)
(-0.6680841000, -0.0085515230, 0.0107503800, 0.7439590000)
(-0.6681579000, -0.0085975900, 0.0106963900, 0.7438929000)
(-0.6683345000, -0.0085916690, 0.0105945900, 0.7437358000)
(-0.6682788000, -0.0085114470, 0.0107150700, 0.7437851000)
(-0.6683037000, -0.0085052230, 0.0107826300, 0.7437619000)
(-0.6681191000, -0.0085026260, 0.0106374100, 0.7439297000)
(-0.6682149000, -0.0085725750, 0.0105603600, 0.7438440000)
(-0.6682231000, -0.0084377330, 0.0108661800, 0.7438338000)
(-0.6681281000, -0.0085534180, 0.0106869000, 0.7439203000)
(-0.6681377000, -0.0085516520, 0.0106270100, 0.7439126000)
(-0.6681799000, -0.0086249490, 0.0108554700, 0.7438706000)
(-0.6680244000, -0.0085619400, 0.0108546700, 0.7440109000)
(-0.6680771000, -0.0085484080, 0.0106934800, 0.7439662000)
(-0.6682627000, -0.0083983850, 0.0107811100, 0.7437998000)
(-0.6682692000, -0.0085389460, 0.0107976100, 0.7437921000)
(-0.6680474000, -0.0085436530, 0.0106585900, 0.7439934000)
(-0.6680337000, -0.0084755590, 0.0107139500, 0.7440056000)
(-0.6680263000, -0.0083882060, 0.0106190900, 0.7440147000)
(-0.6680557000, -0.0082897250, 0.0105711400, 0.7439900000)
(-0.6679971000, -0.0083048020, 0.0107145500, 0.7440405000)
(-0.6679609000, -0.0085391850, 0.0107081900, 0.7440704000)
(-0.6679690000, -0.0084957820, 0.0108053700, 0.7440621000)
(-0.6679361000, -0.0085508100, 0.0107485000, 0.7440919000)
(-0.6679675000, -0.0084979710, 0.0107780000, 0.7440639000)
(-0.6678461000, -0.0085749420, 0.0107274900, 0.7441727000)
(-0.6677955000, -0.0085228670, 0.0106780300, 0.7442194000)
(-0.6677672000, -0.0085621440, 0.0107864700, 0.7442428000)
(-0.6677585000, -0.0085259000, 0.0107611200, 0.7442514000)
(-0.6677732000, -0.0084299720, 0.0107758600, 0.7442392000)
(-0.6677340000, -0.0084867680, 0.0106443900, 0.7442755000)
(-0.6677454000, -0.0085061060, 0.0107286200, 0.7442638000)
(-0.6676626000, -0.0083974850, 0.0107273300, 0.7443393000)
(-0.6677073000, -0.0086198920, 0.0107830900, 0.7442959000)
(-0.6678675000, -0.0085044380, 0.0107210500, 0.7441545000)
(-0.6678688000, -0.0086431270, 0.0108459100, 0.7441499000)
(-0.6677408000, -0.0084354540, 0.0107162500, 0.7442690000)
(-0.6678520000, -0.0085568450, 0.0106986200, 0.7441680000)
(-0.6678675000, -0.0086235890, 0.0106274700, 0.7441544000)
(-0.6678331000, -0.0086108180, 0.0108074300, 0.7441828000)
(-0.6678846000, -0.0085699870, 0.0107373900, 0.7441381000)
(-0.6679412000, -0.0084753350, 0.0108477300, 0.7440867000)
(-0.6678072000, -0.0086396470, 0.0107472800, 0.7442066000)
(-0.6678961000, -0.0086080090, 0.0108191100, 0.7441262000)
(-0.6679624000, -0.0084314000, 0.0108352700, 0.7440684000)
(-0.6679544000, -0.0085578220, 0.0108526400, 0.7440738000)
(-0.6678914000, -0.0084253650, 0.0108426100, 0.7441320000)
(-0.6678534000, -0.0084443060, 0.0107260500, 0.7441677000)
(-0.6680116000, -0.0083883070, 0.0108773000, 0.7440241000)
(-0.6679590000, -0.0083195770, 0.0108541900, 0.7440724000)
(-0.6679140000, -0.0083749460, 0.0108751400, 0.7441119000)
(-0.6679279000, -0.0084227660, 0.0108455100, 0.7440993000)
(-0.6679071000, -0.0082525700, 0.0108990000, 0.7441191000)
(-0.6678575000, -0.0082432530, 0.0109519100, 0.7441630000)
(-0.6679139000, -0.0083634720, 0.0108399500, 0.7441127000)
(-0.6679422000, -0.0083650140, 0.0109479300, 0.7440856000)
(-0.6678542000, -0.0083236890, 0.0110118400, 0.7441641000)
(-0.6679119000, -0.0082913030, 0.0109789300, 0.7441131000)
(-0.6678933000, -0.0083508420, 0.0109203000, 0.7441301000)
(-0.6677960000, -0.0083334870, 0.0108558600, 0.7442185000)
(-0.6679210000, -0.0083274410, 0.0109411900, 0.7441052000)
(-0.6680341000, -0.0083331120, 0.0108724900, 0.7440046000)
(-0.6680691000, -0.0083290570, 0.0109129100, 0.7439726000)
(-0.6680577000, -0.0081892500, 0.0110083400, 0.7439830000)
(-0.6679695000, -0.0083906720, 0.0109227800, 0.7440612000)
(-0.6680812000, -0.0083749300, 0.0109478200, 0.7439607000)
(-0.6680415000, -0.0082283970, 0.0109872000, 0.7439974000)
(-0.6681279000, -0.0083236090, 0.0110209800, 0.7439183000)
(-0.6680824000, -0.0082392060, 0.0111311700, 0.7439585000)
(-0.6681367000, -0.0082547220, 0.0110483100, 0.7439108000)
(-0.6682099000, -0.0082180220, 0.0109821000, 0.7438464000)
(-0.6681177000, -0.0083214920, 0.0110554800, 0.7439269000)
(-0.6679617000, -0.0083343880, 0.0110694400, 0.7440667000)
(-0.6679419000, -0.0083668170, 0.0111083000, 0.7440835000)
(-0.6679240000, -0.0080518820, 0.0110262900, 0.7441043000)
(-0.6680222000, -0.0082028580, 0.0110593000, 0.7440140000)
(-0.6679506000, -0.0081180370, 0.0110977300, 0.7440786000)
(-0.6678838000, -0.0082062410, 0.0112573900, 0.7441353000)
(-0.6679249000, -0.0081174840, 0.0111216300, 0.7441013000)
(-0.6679418000, -0.0081984800, 0.0111082600, 0.7440854000)
(-0.6679059000, -0.0082236190, 0.0112243600, 0.7441157000)
(-0.6679152000, -0.0080733260, 0.0111890800, 0.7441095000)
(-0.6678742000, -0.0081341120, 0.0113276500, 0.7441435000)
(-0.6678541000, -0.0081630650, 0.0112104100, 0.7441630000)
(-0.6678961000, -0.0082555760, 0.0112064900, 0.7441244000)
(-0.6679151000, -0.0081831890, 0.0112178800, 0.7441080000)
(-0.6678282000, -0.0080432520, 0.0113374600, 0.7441856000)
(-0.6679191000, -0.0079136470, 0.0112300700, 0.7441071000)
(-0.6678073000, -0.0081712110, 0.0113221200, 0.7442033000)
(-0.6678081000, -0.0081352470, 0.0113062500, 0.7442032000)
(-0.6678367000, -0.0080848220, 0.0112034400, 0.7441796000)
(-0.6678448000, -0.0080844830, 0.0112262200, 0.7441720000)
(-0.6678780000, -0.0079119320, 0.0112009700, 0.7441445000)
(-0.6680102000, -0.0080823540, 0.0111560500, 0.7440246000)
(-0.6678680000, -0.0080791010, 0.0111632600, 0.7441522000)
(-0.6678549000, -0.0080379780, 0.0110871900, 0.7441655000)
(-0.6678580000, -0.0079492230, 0.0111712200, 0.7441625000)
(-0.6678932000, -0.0079772750, 0.0110815000, 0.7441319000)
(-0.6678333000, -0.0078588900, 0.0112901600, 0.7441838000)
(-0.6678752000, -0.0079680140, 0.0111221800, 0.7441475000)
(-0.6679650000, -0.0078979170, 0.0111696900, 0.7440670000)
(-0.6679609000, -0.0080493630, 0.0111021900, 0.7440700000)
(-0.6678881000, -0.0080151090, 0.0111009500, 0.7441358000)
(-0.6679615000, -0.0077415740, 0.0110768300, 0.7440731000)
(-0.6680700000, -0.0080259410, 0.0111328600, 0.7439719000)
(-0.6680721000, -0.0079539370, 0.0109862500, 0.7439730000)
(-0.6680332000, -0.0080133930, 0.0110502300, 0.7440063000)
(-0.6680235000, -0.0081222440, 0.0109657200, 0.7440150000)
(-0.6680536000, -0.0080051290, 0.0110320300, 0.7439883000)
(-0.6681319000, -0.0080633720, 0.0109887000, 0.7439181000)
(-0.6681163000, -0.0080926860, 0.0111699100, 0.7439290000)
(-0.6681415000, -0.0081448590, 0.0111400700, 0.7439063000)
(-0.6681150000, -0.0082036820, 0.0109922000, 0.7439317000)
(-0.6681309000, -0.0082013550, 0.0110958100, 0.7439159000)
(-0.6680740000, -0.0080418390, 0.0110741000, 0.7439690000)
(-0.6680896000, -0.0081405190, 0.0110444700, 0.7439543000)
(-0.6680269000, -0.0081614620, 0.0110960800, 0.7440097000)
(-0.6680804000, -0.0081188510, 0.0110871100, 0.7439622000)
(-0.6680456000, -0.0080370000, 0.0109586200, 0.7439962000)
(-0.6680681000, -0.0081563490, 0.0109919100, 0.7439743000)
(-0.6680490000, -0.0081297600, 0.0110318400, 0.7439911000)
(-0.6680499000, -0.0081932050, 0.0109912000, 0.7439902000)
(-0.6680893000, -0.0081954040, 0.0110323100, 0.7439542000)
(-0.6681820000, -0.0080874280, 0.0109697500, 0.7438731000)
(-0.6680512000, -0.0081133130, 0.0110380900, 0.7439892000)
(-0.6681004000, -0.0081284630, 0.0109346800, 0.7439464000)
(-0.6681153000, -0.0081378590, 0.0109695000, 0.7439324000)
(-0.6680734000, -0.0081330720, 0.0108546100, 0.7439718000)
(-0.6680688000, -0.0081064330, 0.0108230600, 0.7439766000)
(-0.6681731000, -0.0079167920, 0.0109997200, 0.7438824000)
(-0.6680968000, -0.0079785220, 0.0109023900, 0.7439517000)
(-0.6680930000, -0.0080164910, 0.0108742900, 0.7439552000)
(-0.6679453000, -0.0080694790, 0.0109426700, 0.7440862000)
(-0.6680735000, -0.0080586120, 0.0108373500, 0.7439728000)
(-0.6680402000, -0.0079663540, 0.0109641700, 0.7440017000)
(-0.6680828000, -0.0080829440, 0.0109698300, 0.7439622000)
(-0.6680919000, -0.0080394390, 0.0108483700, 0.7439562000)
(-0.6679845000, -0.0079423360, 0.0108153800, 0.7440541000)
(-0.6680218000, -0.0081329120, 0.0108907300, 0.7440177000)
(-0.6681182000, -0.0081706060, 0.0109060100, 0.7439304000)
(-0.6679732000, -0.0081004250, 0.0110350600, 0.7440594000)
(-0.6680983000, -0.0080191540, 0.0108742600, 0.7439504000)
(-0.6680709000, -0.0079649520, 0.0110694400, 0.7439727000)
(-0.6680624000, -0.0079986070, 0.0110454500, 0.7439802000)
(-0.6680285000, -0.0079736890, 0.0110462000, 0.7440110000)
(-0.6681195000, -0.0079418230, 0.0109324300, 0.7439313000)
(-0.6680693000, -0.0079870730, 0.0108615700, 0.7439769000)
(-0.6681130000, -0.0080001750, 0.0109663200, 0.7439361000)
(-0.6681632000, -0.0080364100, 0.0108591400, 0.7438922000)
(-0.6681134000, -0.0078580840, 0.0109807400, 0.7439370000)
(-0.6680323000, -0.0080818390, 0.0109911800, 0.7440072000)
(-0.6681564000, -0.0080025630, 0.0109133900, 0.7438977000)
(-0.6680113000, -0.0079936930, 0.0110241400, 0.7440265000)
(-0.6679635000, -0.0080286070, 0.0107965600, 0.7440725000)
(-0.6680555000, -0.0078864970, 0.0109170500, 0.7439895000)
(-0.6681516000, -0.0079266850, 0.0108466500, 0.7439039000)
(-0.6680932000, -0.0080481280, 0.0109036500, 0.7439542000)
(-0.6681718000, -0.0079509490, 0.0108370300, 0.7438856000)
(-0.6681629000, -0.0080581470, 0.0107788700, 0.7438933000)
(-0.6681564000, -0.0080867710, 0.0108656000, 0.7438976000)
(-0.6681862000, -0.0080149620, 0.0108833200, 0.7438713000)
(-0.6681945000, -0.0081388410, 0.0108623100, 0.7438629000)
(-0.6681384000, -0.0080795400, 0.0108289600, 0.7439143000)
(-0.6682066000, -0.0080194140, 0.0108621900, 0.7438533000)
(-0.6681660000, -0.0080989070, 0.0107181600, 0.7438909000)
(-0.6681848000, -0.0080053290, 0.0108707500, 0.7438729000)
(-0.6682479000, -0.0081540360, 0.0108569800, 0.7438148000)
(-0.6680909000, -0.0080693560, 0.0108493700, 0.7439568000)
(-0.6680792000, -0.0080972920, 0.0107840600, 0.7439680000)
(-0.6681272000, -0.0080674640, 0.0107203500, 0.7439261000)
(-0.6682335000, -0.0080514960, 0.0108072300, 0.7438295000)
(-0.6681617000, -0.0080441880, 0.0108365400, 0.7438937000)
(-0.6680664000, -0.0080878900, 0.0107878900, 0.7439795000)
(-0.6681828000, -0.0082646980, 0.0106647900, 0.7438748000)
(-0.6681791000, -0.0083365660, 0.0108478600, 0.7438747000)
(-0.6681346000, -0.0080462850, 0.0108073400, 0.7439185000)
(-0.6681789000, -0.0082209350, 0.0109384000, 0.7438749000)
(-0.6679798000, -0.0081126230, 0.0108537800, 0.7440560000)
(-0.6680319000, -0.0081609180, 0.0109120700, 0.7440079000)
(-0.6680138000, -0.0081568470, 0.0108412000, 0.7440252000)
(-0.6680934000, -0.0082016960, 0.0108449200, 0.7439532000)
(-0.6680335000, -0.0081132680, 0.0108037500, 0.7440085000)
(-0.6681668000, -0.0082157220, 0.0107834300, 0.7438880000)
(-0.6681398000, -0.0082727300, 0.0108941800, 0.7439100000)
(-0.6681827000, -0.0081796270, 0.0107602400, 0.7438744000)
(-0.6680924000, -0.0081927340, 0.0108628300, 0.7439539000)
(-0.6679560000, -0.0082190900, 0.0109002600, 0.7440756000)
(-0.6680423000, -0.0081434370, 0.0107966100, 0.7440004000)
(-0.6680079000, -0.0081445440, 0.0109053000, 0.7440297000)
(-0.6680903000, -0.0082001040, 0.0108945200, 0.7439553000)
(-0.6681592000, -0.0081963250, 0.0107331500, 0.7438958000)
(-0.6681666000, -0.0081927460, 0.0109058600, 0.7438866000)
(-0.6681120000, -0.0082665650, 0.0108995600, 0.7439349000)
(-0.6680388000, -0.0082402860, 0.0107916400, 0.7440026000)
(-0.6681104000, -0.0082588220, 0.0107748800, 0.7439383000)
(-0.6680424000, -0.0082557190, 0.0108888500, 0.7439978000)
(-0.6680833000, -0.0082784910, 0.0109653600, 0.7439597000)
(-0.6680577000, -0.0082619270, 0.0109422200, 0.7439832000)
(-0.6682087000, -0.0082137560, 0.0109836900, 0.7438474000)
(-0.6681985000, -0.0082611820, 0.0109939200, 0.7438560000)
(-0.6680872000, -0.0082122340, 0.0108822400, 0.7439581000)
(-0.6679670000, -0.0081882120, 0.0109442600, 0.7440654000)
(-0.6680255000, -0.0080992370, 0.0109077500, 0.7440144000)
(-0.6679810000, -0.0082181020, 0.0109561100, 0.7440524000)
(-0.6680633000, -0.0081763110, 0.0109000600, 0.7439798000)
(-0.6678705000, -0.0081413120, 0.0108781800, 0.7441534000)
(-0.6679528000, -0.0080819960, 0.0109072700, 0.7440799000)
(-0.6680148000, -0.0083015000, 0.0108882200, 0.7440221000)
(-0.6679600000, -0.0082024810, 0.0108578400, 0.7440729000)
(-0.6678817000, -0.0081831400, 0.0109108400, 0.7441425000)
(-0.6679630000, -0.0080465310, 0.0107865200, 0.7440728000)
(-0.6678589000, -0.0080512860, 0.0109246800, 0.7441642000)
(-0.6681268000, -0.0081659200, 0.0108939800, 0.7439228000)
(-0.6680609000, -0.0082588470, 0.0109581100, 0.7439802000)
(-0.6681526000, -0.0082230830, 0.0110133500, 0.7438974000)
(-0.6679801000, -0.0081210400, 0.0110863800, 0.7440524000)
(-0.6680591000, -0.0081379530, 0.0109772900, 0.7439828000)
(-0.6681867000, -0.0080718970, 0.0109983500, 0.7438686000)
(-0.6680708000, -0.0080362870, 0.0108962700, 0.7439746000)
(-0.6680919000, -0.0082564200, 0.0109278300, 0.7439528000)
(-0.6681713000, -0.0081465970, 0.0109829100, 0.7438818000)
(-0.6681194000, -0.0081750590, 0.0108739800, 0.7439297000)
(-0.6681887000, -0.0082074170, 0.0110065700, 0.7438652000)
(-0.6680523000, -0.0080826950, 0.0110191000, 0.7439889000)
(-0.6681187000, -0.0082336160, 0.0109226200, 0.7439290000)
(-0.6681077000, -0.0082538290, 0.0109230800, 0.7439387000)
(-0.6679896000, -0.0081471900, 0.0109412000, 0.7440456000)
(-0.6682040000, -0.0081567230, 0.0109164800, 0.7438533000)
(-0.6681002000, -0.0080999000, 0.0108877400, 0.7439475000)
(-0.6680396000, -0.0081462760, 0.0108567600, 0.7440020000)
(-0.6681359000, -0.0080849660, 0.0110122300, 0.7439138000)
(-0.6681129000, -0.0080034970, 0.0109232300, 0.7439367000)
(-0.6680865000, -0.0081857770, 0.0108989700, 0.7439588000)
(-0.6681425000, -0.0080558770, 0.0109616200, 0.7439090000)
(-0.6682540000, -0.0082045590, 0.0109790500, 0.7438070000)
(-0.6681551000, -0.0081316730, 0.0108078400, 0.7438991000)
(-0.6683012000, -0.0082011880, 0.0108626300, 0.7437662000)
(-0.6683369000, -0.0081311870, 0.0108178100, 0.7437357000)
(-0.6683317000, -0.0080607630, 0.0107910700, 0.7437415000)
(-0.6682091000, -0.0081269640, 0.0108945900, 0.7438493000)
(-0.6681779000, -0.0082363230, 0.0109569900, 0.7438753000)
(-0.6682283000, -0.0081115210, 0.0108267800, 0.7438332000)
(-0.6682359000, -0.0080480350, 0.0109536300, 0.7438253000)
(-0.6682750000, -0.0080789670, 0.0107822500, 0.7437923000)
(-0.6682342000, -0.0079771180, 0.0108674000, 0.7438288000)
(-0.6682404000, -0.0082465910, 0.0108584300, 0.7438205000)
(-0.6681681000, -0.0080187940, 0.0110822500, 0.7438846000)
(-0.6682041000, -0.0080477350, 0.0109231900, 0.7438543000)
(-0.6682142000, -0.0081803820, 0.0109079100, 0.7438440000)
(-0.6682261000, -0.0080459160, 0.0109309700, 0.7438344000)
(-0.6682380000, -0.0080952210, 0.0110541700, 0.7438214000)
(-0.6682318000, -0.0079840870, 0.0109705000, 0.7438295000)
(-0.6682939000, -0.0081069800, 0.0109553000, 0.7437725000)
(-0.6684910000, -0.0081583030, 0.0109948600, 0.7435943000)
(-0.6685680000, -0.0080658840, 0.0109367000, 0.7435269000)
(-0.6685842000, -0.0081165520, 0.0109953300, 0.7435110000)
(-0.6685247000, -0.0080887900, 0.0109845100, 0.7435648000)
(-0.6687989000, -0.0081446290, 0.0108826900, 0.7433192000)
(-0.6686989000, -0.0080145960, 0.0110545500, 0.7434080000)
(-0.6686038000, -0.0081895640, 0.0110417500, 0.7434917000)
(-0.6686255000, -0.0080159870, 0.0109660900, 0.7434753000)
(-0.6686863000, -0.0081060740, 0.0109382700, 0.7434200000)
(-0.6687230000, -0.0079972850, 0.0109664000, 0.7433878000)
(-0.6686311000, -0.0081570210, 0.0109508000, 0.7434689000)
(-0.6686440000, -0.0081978680, 0.0110327800, 0.7434557000)
(-0.6685209000, -0.0081728030, 0.0110203800, 0.7435668000)
(-0.6684431000, -0.0081411340, 0.0109000300, 0.7436388000)
(-0.6685961000, -0.0080556920, 0.0108531400, 0.7435029000)
(-0.6685410000, -0.0081162480, 0.0108304700, 0.7435522000)
(-0.6685883000, -0.0079631120, 0.0108427700, 0.7435111000)
(-0.6685119000, -0.0080608200, 0.0108533500, 0.7435787000)
(-0.6684860000, -0.0080521980, 0.0108148400, 0.7436025000)
(-0.6684394000, -0.0081295600, 0.0107435000, 0.7436446000)
(-0.6684434000, -0.0080523510, 0.0107633900, 0.7436416000)
(-0.6683959000, -0.0080030230, 0.0107593900, 0.7436848000)
(-0.6685890000, -0.0081322880, 0.0106869100, 0.7435109000)
(-0.6684657000, -0.0080279660, 0.0107159800, 0.7436225000)
(-0.6685181000, -0.0079580200, 0.0106580900, 0.7435769000)
(-0.6686358000, -0.0080019390, 0.0107776200, 0.7434689000)
(-0.6686870000, -0.0080656690, 0.0107668000, 0.7434223000)
(-0.6685395000, -0.0080840490, 0.0107964000, 0.7435544000)
(-0.6683599000, -0.0080775410, 0.0106388700, 0.7437181000)
(-0.6684349000, -0.0081505420, 0.0108003700, 0.7436476000)
(-0.6683474000, -0.0081260120, 0.0107609800, 0.7437270000)
(-0.6682678000, -0.0080919140, 0.0105387500, 0.7438022000)
(-0.6682554000, -0.0081429310, 0.0106608400, 0.7438109000)
(-0.6682698000, -0.0080514110, 0.0107837600, 0.7437973000)
(-0.6682881000, -0.0082417660, 0.0106823200, 0.7437803000)
(-0.6682010000, -0.0080803300, 0.0107461100, 0.7438593000)
(-0.6684354000, -0.0082905470, 0.0106034300, 0.7436484000)
(-0.6685628000, -0.0083829560, 0.0105204800, 0.7435340000)
(-0.6686053000, -0.0081389570, 0.0106666100, 0.7434964000)
(-0.6686465000, -0.0081554140, 0.0105116500, 0.7434614000)
(-0.6687222000, -0.0081514300, 0.0106515500, 0.7433915000)
(-0.6686600000, -0.0082133770, 0.0104147300, 0.7434500000)
(-0.6687530000, -0.0082569740, 0.0106897300, 0.7433619000)
(-0.6688123000, -0.0083057570, 0.0107366400, 0.7433074000)
(-0.6686224000, -0.0082625650, 0.0105928300, 0.7434807000)
(-0.6684719000, -0.0082285010, 0.0106707500, 0.7436153000)
(-0.6684659000, -0.0083019950, 0.0106149900, 0.7436207000)
(-0.6684172000, -0.0081581110, 0.0106294200, 0.7436659000)
(-0.6683171000, -0.0083178460, 0.0106796500, 0.7437533000)
(-0.6683756000, -0.0082210520, 0.0105452300, 0.7437037000)
(-0.6685298000, -0.0081723430, 0.0105378800, 0.7435658000)
(-0.6685327000, -0.0082806940, 0.0105613500, 0.7435617000)
(-0.6685136000, -0.0082408530, 0.0106305700, 0.7435783000)
(-0.6685133000, -0.0083698380, 0.0104733100, 0.7435794000)
(-0.6684365000, -0.0083580900, 0.0104704700, 0.7436485000)
(-0.6685441000, -0.0083718370, 0.0105879800, 0.7435501000)
(-0.6684088000, -0.0084341830, 0.0106357500, 0.7436703000)
(-0.6684972000, -0.0083469750, 0.0105373100, 0.7435932000)
(-0.6684532000, -0.0083748270, 0.0105638200, 0.7436321000)
(-0.6682852000, -0.0083517810, 0.0106553500, 0.7437820000)
(-0.6683769000, -0.0084523230, 0.0106579700, 0.7436985000)
(-0.6682196000, -0.0083095620, 0.0106637900, 0.7438413000)
(-0.6683421000, -0.0085052150, 0.0105271200, 0.7437309000)
(-0.6682056000, -0.0084157130, 0.0105792500, 0.7438539000)
(-0.6682553000, -0.0084090170, 0.0104780400, 0.7438107000)
(-0.6682164000, -0.0084548920, 0.0106431500, 0.7438428000)
(-0.6682219000, -0.0084082290, 0.0107423100, 0.7438370000)
(-0.6683472000, -0.0085105230, 0.0107496900, 0.7437231000)
(-0.6683959000, -0.0084275110, 0.0106041500, 0.7436823000)
(-0.6683202000, -0.0084529310, 0.0105907000, 0.7437503000)
(-0.6682915000, -0.0084510880, 0.0106839900, 0.7437748000)
(-0.6682385000, -0.0084262120, 0.0106280400, 0.7438235000)
(-0.6683908000, -0.0085027020, 0.0105338100, 0.7436872000)
(-0.6683233000, -0.0084503370, 0.0105973800, 0.7437475000)
(-0.6681904000, -0.0085405970, 0.0106719200, 0.7438648000)
(-0.6682273000, -0.0083770410, 0.0106266800, 0.7438342000)
(-0.6682420000, -0.0084328490, 0.0105110600, 0.7438220000)
(-0.6682663000, -0.0083051890, 0.0106734200, 0.7437993000)
(-0.6683517000, -0.0084272060, 0.0106125000, 0.7437220000)
(-0.6683516000, -0.0084863310, 0.0105006800, 0.7437230000)
(-0.6682346000, -0.0084384200, 0.0105696700, 0.7438276000)
(-0.6682509000, -0.0083868290, 0.0105610100, 0.7438138000)
(-0.6683115000, -0.0084461480, 0.0105024600, 0.7437594000)
(-0.6682180000, -0.0084207180, 0.0104134900, 0.7438450000)
(-0.6683310000, -0.0083778670, 0.0105439300, 0.7437421000)
(-0.6682997000, -0.0084306710, 0.0105694400, 0.7437693000)
(-0.6682557000, -0.0086034450, 0.0104884600, 0.7438080000)
(-0.6681759000, -0.0084699970, 0.0106634000, 0.7438787000)
(-0.6682524000, -0.0084194390, 0.0105426900, 0.7438123000)
(-0.6683003000, -0.0083921720, 0.0105509300, 0.7437695000)
(-0.6682444000, -0.0084968790, 0.0105794400, 0.7438181000)
(-0.6682011000, -0.0085081310, 0.0106062300, 0.7438565000)
(-0.6681904000, -0.0083488960, 0.0105048200, 0.7438693000)
(-0.6682001000, -0.0084554890, 0.0106167000, 0.7438579000)
(-0.6682527000, -0.0084411980, 0.0105864900, 0.7438111000)
(-0.6682550000, -0.0084101220, 0.0105732500, 0.7438096000)
(-0.6683032000, -0.0083815870, 0.0104557100, 0.7437683000)
(-0.6682592000, -0.0085124050, 0.0105376900, 0.7438052000)
(-0.6681924000, -0.0085723460, 0.0105377200, 0.7438645000)
(-0.6681266000, -0.0084903630, 0.0105605400, 0.7439242000)
(-0.6681571000, -0.0086161130, 0.0106834900, 0.7438936000)
(-0.6682298000, -0.0084813560, 0.0104428700, 0.7438332000)
(-0.6683227000, -0.0085849950, 0.0106318300, 0.7437460000)
(-0.6682645000, -0.0083936660, 0.0105292800, 0.7438020000)
(-0.6682318000, -0.0085806750, 0.0105793800, 0.7438284000)
(-0.6682730000, -0.0086719270, 0.0106477500, 0.7437894000)
(-0.6682255000, -0.0084761520, 0.0105235300, 0.7438361000)
(-0.6681945000, -0.0085431300, 0.0105921900, 0.7438622000)
(-0.6682180000, -0.0084297300, 0.0105154300, 0.7438434000)
(-0.6682284000, -0.0086463870, 0.0107431100, 0.7438284000)
(-0.6682740000, -0.0084308510, 0.0105508600, 0.7437927000)
(-0.6682233000, -0.0085570060, 0.0107316000, 0.7438342000)
(-0.6682177000, -0.0084606130, 0.0106118200, 0.7438421000)
(-0.6682194000, -0.0085096650, 0.0106508900, 0.7438393000)
(-0.6682335000, -0.0083193460, 0.0103377900, 0.7438332000)
(-0.6681890000, -0.0084928990, 0.0106189000, 0.7438673000)
(-0.6680872000, -0.0082947210, 0.0105977900, 0.7439613000)
(-0.6681190000, -0.0084553280, 0.0106481700, 0.7439302000)
(-0.6680875000, -0.0083581630, 0.0106222800, 0.7439600000)
(-0.6681435000, -0.0084224290, 0.0107092400, 0.7439078000)
(-0.6681373000, -0.0084259220, 0.0106676200, 0.7439139000)
(-0.6682179000, -0.0083153950, 0.0106013500, 0.7438436000)
(-0.6682000000, -0.0084303280, 0.0104949700, 0.7438600000)
(-0.6683203000, -0.0084096540, 0.0106759100, 0.7437496000)
(-0.6683855000, -0.0082787550, 0.0105392800, 0.7436944000)
(-0.6683835000, -0.0084073610, 0.0107747500, 0.7436913000)
(-0.6681409000, -0.0083130940, 0.0107099800, 0.7439113000)
(-0.6681731000, -0.0082607730, 0.0106690500, 0.7438836000)
(-0.6679936000, -0.0084127770, 0.0106948500, 0.7440426000)
(-0.6682452000, -0.0082530920, 0.0107374000, 0.7438178000)
(-0.6682565000, -0.0083444580, 0.0107048500, 0.7438073000)
(-0.6681887000, -0.0083152060, 0.0104808900, 0.7438716000)
(-0.6681083000, -0.0082459210, 0.0107983500, 0.7439401000)
(-0.6680288000, -0.0083067740, 0.0106878000, 0.7440124000)
(-0.6680068000, -0.0083817350, 0.0105614800, 0.7440331000)
(-0.6682182000, -0.0083854790, 0.0106309200, 0.7438421000)
(-0.6681353000, -0.0083874850, 0.0105833200, 0.7439172000)
(-0.6680956000, -0.0083464330, 0.0106369600, 0.7439526000)
(-0.6682059000, -0.0081976010, 0.0105995700, 0.7438558000)
(-0.6682597000, -0.0083381960, 0.0105373300, 0.7438068000)
(-0.6683165000, -0.0082148350, 0.0105351100, 0.7437571000)
(-0.6682308000, -0.0083009600, 0.0105674900, 0.7438326000)
(-0.6681582000, -0.0082344500, 0.0105906200, 0.7438983000)
(-0.6682779000, -0.0082678400, 0.0105361200, 0.7437912000)
(-0.6683325000, -0.0082350870, 0.0103744900, 0.7437448000)
(-0.6683897000, -0.0084449290, 0.0107176800, 0.7436861000)
(-0.6683154000, -0.0082600550, 0.0105213200, 0.7437578000)
(-0.6682460000, -0.0083019580, 0.0106562100, 0.7438178000)
(-0.6683202000, -0.0084358480, 0.0104493000, 0.7437525000)
(-0.6682724000, -0.0084047710, 0.0106866600, 0.7437925000)
(-0.6683308000, -0.0083058980, 0.0104552000, 0.7437444000)
(-0.6682455000, -0.0083274190, 0.0105708100, 0.7438192000)
(-0.6682480000, -0.0082855460, 0.0104498400, 0.7438191000)
(-0.6680527000, -0.0081716150, 0.0104321000, 0.7439960000)
(-0.6681265000, -0.0082814820, 0.0104667600, 0.7439281000)
(-0.6682099000, -0.0082944630, 0.0104852900, 0.7438527000)
(-0.6681136000, -0.0083830680, 0.0104986400, 0.7439380000)
(-0.6679957000, -0.0082602900, 0.0104061200, 0.7440466000)
(-0.6680706000, -0.0082815190, 0.0105468700, 0.7439771000)
(-0.6681423000, -0.0083370140, 0.0105005100, 0.7439127000)
(-0.6682868000, -0.0083683030, 0.0105950600, 0.7437812000)
(-0.6683327000, -0.0083947570, 0.0106438300, 0.7437390000)
(-0.6682724000, -0.0081814820, 0.0106538200, 0.7437954000)
(-0.6681479000, -0.0083727740, 0.0107283800, 0.7439041000)
(-0.6680551000, -0.0083236050, 0.0107354700, 0.7439879000)
(-0.6681197000, -0.0082991960, 0.0106986200, 0.7439306000)
(-0.6680943000, -0.0083100130, 0.0106693600, 0.7439538000)
(-0.6681644000, -0.0082768480, 0.0107683400, 0.7438897000)
(-0.6680371000, -0.0082416930, 0.0107166300, 0.7440051000)
(-0.6680489000, -0.0082063940, 0.0106138600, 0.7439964000)
(-0.6679640000, -0.0082755930, 0.0106587800, 0.7440712000)
(-0.6682128000, -0.0083691620, 0.0105390500, 0.7438486000)
(-0.6682798000, -0.0083461230, 0.0106613600, 0.7437868000)
(-0.6682478000, -0.0084315920, 0.0107426500, 0.7438135000)
(-0.6680996000, -0.0081387010, 0.0107391200, 0.7439499000)
(-0.6680992000, -0.0083442410, 0.0105860000, 0.7439502000)
(-0.6682689000, -0.0083289420, 0.0106378500, 0.7437972000)
(-0.6682850000, -0.0083089650, 0.0107128900, 0.7437818000)
(-0.6684257000, -0.0082536590, 0.0106210500, 0.7436574000)
(-0.6681803000, -0.0082453460, 0.0106453500, 0.7438775000)
(-0.6681905000, -0.0080739260, 0.0106554400, 0.7438702000)
(-0.6683021000, -0.0081857480, 0.0107967000, 0.7437667000)
(-0.6682366000, -0.0081830270, 0.0106957900, 0.7438270000)
(-0.6682356000, -0.0081683380, 0.0107144000, 0.7438277000)
(-0.6683481000, -0.0082058400, 0.0107081100, 0.7437263000)
(-0.6683775000, -0.0081424600, 0.0107487300, 0.7437000000)
(-0.6683688000, -0.0082659240, 0.0108089500, 0.7437056000)
(-0.6683934000, -0.0082515800, 0.0106494400, 0.7436859000)
(-0.6681715000, -0.0082434450, 0.0105431400, 0.7438869000)
(-0.6680601000, -0.0082465480, 0.0104632600, 0.7439881000)
(-0.6682834000, -0.0082417240, 0.0105394400, 0.7437865000)
(-0.6682050000, -0.0083065650, 0.0105469000, 0.7438561000)
(-0.6682809000, -0.0081840330, 0.0105413500, 0.7437893000)
(-0.6681734000, -0.0082395290, 0.0105772100, 0.7438847000)
(-0.6680913000, -0.0082242200, 0.0106025600, 0.7439584000)
(-0.6681832000, -0.0082591360, 0.0106462100, 0.7438748000)
(-0.6682814000, -0.0081827380, 0.0105543500, 0.7437887000)
(-0.6682119000, -0.0082007500, 0.0106013800, 0.7438504000)
(-0.6682352000, -0.0083257630, 0.0105563800, 0.7438285000)
(-0.6681643000, -0.0082546390, 0.0104795200, 0.7438942000)
(-0.6681416000, -0.0080636100, 0.0105383700, 0.7439159000)
(-0.6682383000, -0.0082445280, 0.0103860100, 0.7438291000)
(-0.6682138000, -0.0082503680, 0.0105904500, 0.7438482000)
(-0.6681518000, -0.0081395140, 0.0104970100, 0.7439065000)
(-0.6682406000, -0.0081853160, 0.0105796000, 0.7438250000)
(-0.6681879000, -0.0082511670, 0.0105689200, 0.7438718000)
(-0.6683298000, -0.0081943250, 0.0104137800, 0.7437472000)
(-0.6682680000, -0.0081431840, 0.0105197500, 0.7438017000)
(-0.6682327000, -0.0082195060, 0.0106335700, 0.7438310000)
(-0.6682266000, -0.0081481900, 0.0105957100, 0.7438378000)
(-0.6681994000, -0.0082056550, 0.0106815000, 0.7438604000)
(-0.6681702000, -0.0081151560, 0.0105657900, 0.7438892000)
(-0.6681786000, -0.0082117160, 0.0105651500, 0.7438806000)
(-0.6681486000, -0.0083360040, 0.0105814300, 0.7439058000)
(-0.6681457000, -0.0082734850, 0.0105752800, 0.7439094000)
(-0.6680686000, -0.0081981460, 0.0107291200, 0.7439771000)
(-0.6681412000, -0.0081850480, 0.0105981200, 0.7439141000)
(-0.6682478000, -0.0084196030, 0.0107081700, 0.7438141000)
(-0.6682003000, -0.0082071370, 0.0107461800, 0.7438586000)
(-0.6681359000, -0.0081945560, 0.0107287700, 0.7439168000)
(-0.6681613000, -0.0081924660, 0.0105471000, 0.7438967000)
(-0.6680890000, -0.0082755500, 0.0105366800, 0.7439608000)
(-0.6682855000, -0.0081568950, 0.0106970400, 0.7437832000)
(-0.6681820000, -0.0081603320, 0.0106444400, 0.7438771000)
(-0.6683934000, -0.0082068450, 0.0107293100, 0.7436853000)
(-0.6683117000, -0.0082199130, 0.0107148100, 0.7437588000)
(-0.6681919000, -0.0081879040, 0.0106643100, 0.7438676000)
(-0.6682695000, -0.0082808310, 0.0108281500, 0.7437944000)
(-0.6682174000, -0.0081961250, 0.0106386300, 0.7438449000)
(-0.6682378000, -0.0081499270, 0.0106619400, 0.7438267000)
(-0.6682477000, -0.0081491540, 0.0106272600, 0.7438183000)
(-0.6682408000, -0.0081361760, 0.0108038500, 0.7438221000)
(-0.6682409000, -0.0081764820, 0.0107825200, 0.7438219000)
(-0.6682603000, -0.0082207510, 0.0107988400, 0.7438037000)
(-0.6682919000, -0.0082209420, 0.0107921100, 0.7437754000)
(-0.6682854000, -0.0080936370, 0.0107801100, 0.7437829000)
(-0.6682988000, -0.0082166950, 0.0107167800, 0.7437704000)
(-0.6683542000, -0.0082435760, 0.0105892700, 0.7437221000)
(-0.6684482000, -0.0081805480, 0.0106285500, 0.7436379000)
(-0.6683651000, -0.0082550550, 0.0106238100, 0.7437117000)
(-0.6683736000, -0.0083510660, 0.0106886900, 0.7437021000)
(-0.6685228000, -0.0083289720, 0.0106702700, 0.7435684000)
(-0.6684451000, -0.0083723510, 0.0107365500, 0.7436370000)
(-0.6685113000, -0.0082442350, 0.0105692200, 0.7435812000)
(-0.6685210000, -0.0083501670, 0.0107707700, 0.7435684000)
(-0.6683936000, -0.0083761350, 0.0107381900, 0.7436831000)
(-0.6684164000, -0.0084108980, 0.0105813800, 0.7436644000)
(-0.6683862000, -0.0084130500, 0.0107621700, 0.7436890000)
(-0.6684135000, -0.0083328580, 0.0106331000, 0.7436672000)
(-0.6682984000, -0.0083896600, 0.0107555700, 0.7437683000)
(-0.6684288000, -0.0082876160, 0.0105852400, 0.7436547000)
(-0.6683227000, -0.0082801250, 0.0105943100, 0.7437500000)
(-0.6684538000, -0.0083473930, 0.0106593600, 0.7436305000)
(-0.6684789000, -0.0083761570, 0.0105531100, 0.7436091000)
(-0.6684831000, -0.0082247050, 0.0105812200, 0.7436066000)
(-0.6683482000, -0.0082988440, 0.0106252700, 0.7437264000)
(-0.6683300000, -0.0082424280, 0.0105572500, 0.7437444000)
(-0.6684771000, -0.0083178230, 0.0107212700, 0.7436090000)
(-0.6683241000, -0.0083278500, 0.0106514800, 0.7437474000)
(-0.6684411000, -0.0081739170, 0.0105684600, 0.7436451000)
(-0.6683097000, -0.0081576900, 0.0106218400, 0.7437626000)
(-0.6683021000, -0.0081940680, 0.0106407600, 0.7437689000)
(-0.6683637000, -0.0082690720, 0.0105733700, 0.7437135000)
(-0.6683185000, -0.0083053750, 0.0106134200, 0.7437532000)
(-0.6684169000, -0.0082338900, 0.0104739200, 0.7436675000)
(-0.6683691000, -0.0082807780, 0.0106006600, 0.7437082000)
(-0.6683016000, -0.0083101320, 0.0104229500, 0.7437710000)
(-0.6682028000, -0.0083054350, 0.0104739900, 0.7438591000)
(-0.6682460000, -0.0080694680, 0.0104019700, 0.7438239000)
(-0.6682970000, -0.0081860350, 0.0104388800, 0.7437763000)
(-0.6683032000, -0.0082909850, 0.0105536900, 0.7437680000)
(-0.6682653000, -0.0081945400, 0.0104035700, 0.7438052000)
(-0.6682181000, -0.0081154090, 0.0103654900, 0.7438490000)
(-0.6680814000, -0.0081579580, 0.0104761600, 0.7439697000)
(-0.6682509000, -0.0081973990, 0.0104797300, 0.7438170000)
(-0.6680152000, -0.0082920080, 0.0104485200, 0.7440281000)
(-0.6682109000, -0.0081414700, 0.0104868800, 0.7438535000)
(-0.6682239000, -0.0081723870, 0.0104529300, 0.7438419000)
(-0.6681198000, -0.0082718580, 0.0103735600, 0.7439355000)
(-0.6682140000, -0.0083029060, 0.0105363500, 0.7438483000)
(-0.6682525000, -0.0083600750, 0.0104702400, 0.7438139000)
(-0.6683285000, -0.0083663990, 0.0104828000, 0.7437454000)
(-0.6683962000, -0.0084471360, 0.0105373300, 0.7436829000)
(-0.6682440000, -0.0083305000, 0.0105028900, 0.7438214000)
(-0.6683286000, -0.0083567060, 0.0105018100, 0.7437451000)
(-0.6683198000, -0.0084296640, 0.0105646700, 0.7437513000)
(-0.6682889000, -0.0083021050, 0.0105613500, 0.7437805000)
(-0.6682433000, -0.0082886820, 0.0105293500, 0.7438221000)
(-0.6683052000, -0.0082744060, 0.0105094100, 0.7437669000)
(-0.6683975000, -0.0083359940, 0.0105294100, 0.7436830000)
(-0.6682150000, -0.0084317310, 0.0106144800, 0.7438447000)
(-0.6682917000, -0.0084131600, 0.0106664000, 0.7437752000)
(-0.6682692000, -0.0082631260, 0.0105943700, 0.7437983000)
(-0.6682249000, -0.0083419210, 0.0106907500, 0.7438358000)
(-0.6682332000, -0.0082036080, 0.0104076000, 0.7438338000)
(-0.6683419000, -0.0084699870, 0.0105378500, 0.7437314000)
(-0.6681458000, -0.0082049380, 0.0104931100, 0.7439111000)
(-0.6681535000, -0.0082055450, 0.0106390300, 0.7439022000)
(-0.6682661000, -0.0081244520, 0.0105701400, 0.7438030000)
(-0.6683183000, -0.0082664500, 0.0104418500, 0.7437562000)
(-0.6682826000, -0.0081834900, 0.0106354100, 0.7437865000)
(-0.6682236000, -0.0081373150, 0.0106144900, 0.7438403000)
(-0.6680905000, -0.0081677390, 0.0107386000, 0.7439578000)
(-0.6682394000, -0.0081809670, 0.0107031300, 0.7438243000)
(-0.6681744000, -0.0081044810, 0.0107680700, 0.7438827000)
(-0.6683192000, -0.0082150390, 0.0107062400, 0.7437522000)
(-0.6681609000, -0.0080960800, 0.0108092600, 0.7438942000)
(-0.6681259000, -0.0081363070, 0.0108176800, 0.7439252000)
(-0.6682123000, -0.0081293660, 0.0107172900, 0.7438490000)
(-0.6681443000, -0.0082166790, 0.0106668000, 0.7439098000)
(-0.6683018000, -0.0080777370, 0.0107797800, 0.7437683000)
(-0.6681969000, -0.0080371960, 0.0106965400, 0.7438642000)
(-0.6682270000, -0.0080730230, 0.0108198700, 0.7438350000)
(-0.6681512000, -0.0080521170, 0.0107701800, 0.7439040000)
(-0.6681724000, -0.0081498700, 0.0106240900, 0.7438861000)
(-0.6682529000, -0.0080359990, 0.0107201300, 0.7438136000)
(-0.6682633000, -0.0080783970, 0.0105917900, 0.7438056000)
(-0.6682099000, -0.0081941930, 0.0106008800, 0.7438522000)
(-0.6682545000, -0.0080965510, 0.0107296100, 0.7438114000)
(-0.6682250000, -0.0081362590, 0.0106648300, 0.7438384000)
(-0.6681316000, -0.0082313600, 0.0106534800, 0.7439213000)
(-0.6682312000, -0.0081834160, 0.0105609100, 0.7438338000)
(-0.6683025000, -0.0082184490, 0.0104947500, 0.7437702000)
(-0.6683971000, -0.0081484270, 0.0105376900, 0.7436854000)
(-0.6683863000, -0.0082508960, 0.0104897400, 0.7436946000)
(-0.6683579000, -0.0081771610, 0.0104824100, 0.7437211000)
(-0.6680387000, -0.0081667770, 0.0105526500, 0.7440069000)
(-0.6681328000, -0.0082308230, 0.0104484400, 0.7439232000)
(-0.6680730000, -0.0082895390, 0.0104211500, 0.7439767000)
(-0.6681693000, -0.0082627310, 0.0104000700, 0.7438907000)
(-0.6682628000, -0.0081012160, 0.0104512200, 0.7438079000)
(-0.6683651000, -0.0081834090, 0.0105999000, 0.7437129000)
(-0.6682861000, -0.0082042770, 0.0104390900, 0.7437859000)
(-0.6683134000, -0.0080760820, 0.0104200200, 0.7437630000)
(-0.6683162000, -0.0083025460, 0.0105366900, 0.7437564000)
(-0.6682386000, -0.0081682590, 0.0104634100, 0.7438286000)
(-0.6682274000, -0.0083203800, 0.0104718700, 0.7438368000)
(-0.6682191000, -0.0082248210, 0.0106011600, 0.7438436000)
(-0.6682859000, -0.0082249800, 0.0106130900, 0.7437834000)
(-0.6683465000, -0.0083396700, 0.0104890700, 0.7437295000)
(-0.6682737000, -0.0082546450, 0.0104166600, 0.7437967000)
(-0.6683334000, -0.0083359340, 0.0106549600, 0.7437388000)
(-0.6682615000, -0.0083390280, 0.0105798700, 0.7438045000)
(-0.6682066000, -0.0081037050, 0.0106079000, 0.7438561000)
(-0.6683995000, -0.0082118890, 0.0104861500, 0.7436833000)
(-0.6681453000, -0.0083290690, 0.0105989800, 0.7439087000)
(-0.6682943000, -0.0082545540, 0.0106373800, 0.7437752000)
(-0.6682724000, -0.0082798590, 0.0105764700, 0.7437954000)
(-0.6683217000, -0.0083570640, 0.0106393300, 0.7437494000)
(-0.6684538000, -0.0082717030, 0.0105374500, 0.7436331000)
(-0.6683526000, -0.0083564460, 0.0105890200, 0.7437223000)
(-0.6682598000, -0.0083657040, 0.0105462100, 0.7438062000)
(-0.6683194000, -0.0082838560, 0.0105735800, 0.7437531000)
(-0.6683758000, -0.0082666210, 0.0104775800, 0.7437040000)
(-0.6682789000, -0.0082937780, 0.0106129400, 0.7437889000)
(-0.6682940000, -0.0081157150, 0.0104822500, 0.7437792000)
(-0.6681816000, -0.0081785000, 0.0105514600, 0.7438785000)
(-0.6682157000, -0.0081990670, 0.0107209500, 0.7438452000)
(-0.6681684000, -0.0083022500, 0.0106080900, 0.7438881000)
(-0.6682003000, -0.0082519860, 0.0105029700, 0.7438615000)
(-0.6682767000, -0.0080603380, 0.0107313900, 0.7437918000)
(-0.6682784000, -0.0083237470, 0.0105406800, 0.7437900000)
(-0.6681926000, -0.0083084190, 0.0106367200, 0.7438660000)
(-0.6680779000, -0.0082120100, 0.0107320500, 0.7439686000)
(-0.6681140000, -0.0082475040, 0.0108299700, 0.7439344000)
(-0.6681910000, -0.0082291030, 0.0106539300, 0.7438680000)
(-0.6682445000, -0.0082569040, 0.0106605200, 0.7438195000)
(-0.6682222000, -0.0083192720, 0.0108222500, 0.7438365000)
(-0.6682508000, -0.0083712480, 0.0107534800, 0.7438112000)
(-0.6683117000, -0.0083098100, 0.0107460600, 0.7437573000)
(-0.6682733000, -0.0084112970, 0.0107863400, 0.7437901000)
(-0.6684492000, -0.0083282590, 0.0107928000, 0.7436329000)
(-0.6683423000, -0.0082935320, 0.0108409400, 0.7437286000)
(-0.6682636000, -0.0083196040, 0.0108813600, 0.7437986000)
(-0.6684297000, -0.0083109310, 0.0108478500, 0.7436498000)
(-0.6683676000, -0.0083741800, 0.0108033000, 0.7437056000)
(-0.6683314000, -0.0082876650, 0.0107722300, 0.7437395000)
(-0.6682829000, -0.0083372020, 0.0108416800, 0.7437815000)
(-0.6683010000, -0.0085289790, 0.0108915700, 0.7437624000)
(-0.6683223000, -0.0083534440, 0.0107529900, 0.7437472000)
(-0.6682963000, -0.0083859350, 0.0107874700, 0.7437698000)
(-0.6682785000, -0.0082672910, 0.0108275200, 0.7437865000)
(-0.6682258000, -0.0082090620, 0.0108437100, 0.7438342000)
(-0.6682550000, -0.0082358250, 0.0107581900, 0.7438089000)
(-0.6682787000, -0.0082721490, 0.0107795200, 0.7437869000)
(-0.6683333000, -0.0082648270, 0.0106246200, 0.7437402000)
(-0.6684125000, -0.0082999770, 0.0107265500, 0.7436672000)
(-0.6682145000, -0.0081325160, 0.0109317100, 0.7438440000)
(-0.6683361000, -0.0082629790, 0.0108903300, 0.7437338000)
(-0.6682574000, -0.0082012620, 0.0108943400, 0.7438052000)
(-0.6683949000, -0.0081143300, 0.0107022000, 0.7436854000)
(-0.6682364000, -0.0081692790, 0.0107733800, 0.7438262000)
(-0.6682189000, -0.0082358870, 0.0107152900, 0.7438421000)
(-0.6681212000, -0.0081873710, 0.0107038300, 0.7439304000)
(-0.6682319000, -0.0081409430, 0.0107040000, 0.7438315000)
(-0.6682242000, -0.0080232210, 0.0107835000, 0.7438386000)
(-0.6681368000, -0.0083364270, 0.0107564400, 0.7439141000)
(-0.6681922000, -0.0083356020, 0.0107557400, 0.7438643000)
(-0.6682546000, -0.0082998110, 0.0106881200, 0.7438096000)
(-0.6681930000, -0.0082779680, 0.0106320100, 0.7438660000)
(-0.6682087000, -0.0083081750, 0.0106377100, 0.7438515000)
(-0.6681423000, -0.0082685990, 0.0106528400, 0.7439113000)
(-0.6681283000, -0.0082073910, 0.0106887500, 0.7439240000)
(-0.6682083000, -0.0084285820, 0.0106212100, 0.7438507000)
(-0.6681374000, -0.0083662850, 0.0106440800, 0.7439147000)
(-0.6681370000, -0.0082527080, 0.0106197100, 0.7439167000)
(-0.6681752000, -0.0083479420, 0.0107436700, 0.7438796000)
(-0.6680318000, -0.0083326910, 0.0106548800, 0.7440098000)
(-0.6682041000, -0.0084141720, 0.0107103500, 0.7438534000)
(-0.6680888000, -0.0083394230, 0.0106851300, 0.7439581000)
(-0.6680755000, -0.0083371800, 0.0106174200, 0.7439711000)
(-0.6680531000, -0.0082794680, 0.0106723900, 0.7439911000)
(-0.6681057000, -0.0083298420, 0.0105676300, 0.7439448000)
(-0.6680832000, -0.0083565240, 0.0106824800, 0.7439631000)
(-0.6680964000, -0.0083648450, 0.0106652800, 0.7439513000)
(-0.6680805000, -0.0083738040, 0.0107074000, 0.7439649000)
(-0.6680450000, -0.0083057220, 0.0106080400, 0.7439990000)
(-0.6680794000, -0.0082766940, 0.0107156400, 0.7439668000)
(-0.6680700000, -0.0083557320, 0.0107400100, 0.7439741000)
(-0.6679566000, -0.0082355410, 0.0106236600, 0.7440789000)
(-0.6680500000, -0.0084140020, 0.0107419000, 0.7439913000)
(-0.6680285000, -0.0083336120, 0.0106481200, 0.7440129000)
(-0.6680537000, -0.0084001980, 0.0108137100, 0.7439871000)
(-0.6680717000, -0.0083804600, 0.0107011100, 0.7439727000)
(-0.6680834000, -0.0083210710, 0.0107547100, 0.7439622000)
(-0.6680166000, -0.0083167840, 0.0107055600, 0.7440230000)
(-0.6681143000, -0.0082281470, 0.0107381500, 0.7439356000)
(-0.6680964000, -0.0083085790, 0.0106501000, 0.7439522000)
(-0.6680571000, -0.0082665770, 0.0108100600, 0.7439856000)
(-0.6681536000, -0.0082084290, 0.0107335700, 0.7439007000)
(-0.6680933000, -0.0082220070, 0.0105411300, 0.7439574000)
(-0.6681684000, -0.0082385900, 0.0106085500, 0.7438889000)
(-0.6681626000, -0.0083476440, 0.0106322300, 0.7438925000)
(-0.6680986000, -0.0083268240, 0.0107488900, 0.7439485000)
(-0.6682247000, -0.0083654360, 0.0106343100, 0.7438365000)
(-0.6680225000, -0.0083654520, 0.0107097200, 0.7440170000)
(-0.6681787000, -0.0083224020, 0.0106051000, 0.7438787000)
(-0.6682399000, -0.0083888710, 0.0105990600, 0.7438231000)
(-0.6681935000, -0.0082513140, 0.0107889500, 0.7438635000)
(-0.6681091000, -0.0083773500, 0.0106208800, 0.7439404000)
(-0.6680160000, -0.0083582860, 0.0105149600, 0.7440258000)
(-0.6681035000, -0.0082640790, 0.0105165600, 0.7439481000)
(-0.6681449000, -0.0083667860, 0.0105943900, 0.7439087000)
(-0.6681637000, -0.0081786360, 0.0106507300, 0.7438931000)
(-0.6681901000, -0.0082360700, 0.0106651000, 0.7438686000)
(-0.6681803000, -0.0083102790, 0.0106455200, 0.7438768000)
(-0.6682103000, -0.0082120390, 0.0105853600, 0.7438519000)
(-0.6681147000, -0.0081816320, 0.0107252100, 0.7439361000)
(-0.6681552000, -0.0082690370, 0.0107089100, 0.7438989000)
(-0.6682308000, -0.0082020940, 0.0107468700, 0.7438312000)
(-0.6682977000, -0.0083023340, 0.0105440900, 0.7437729000)
(-0.6683404000, -0.0081750510, 0.0107323200, 0.7437332000)
(-0.6682558000, -0.0081535700, 0.0105810800, 0.7438117000)
(-0.6683381000, -0.0082984550, 0.0106953400, 0.7437344000)
(-0.6684116000, -0.0082536060, 0.0105589800, 0.7436709000)
(-0.6683691000, -0.0082866320, 0.0107710900, 0.7437057000)
(-0.6683297000, -0.0082420500, 0.0105238800, 0.7437451000)
(-0.6684433000, -0.0083501660, 0.0105855600, 0.7436410000)
(-0.6683457000, -0.0082738830, 0.0104561100, 0.7437313000)
(-0.6684615000, -0.0083684930, 0.0106142000, 0.7436240000)
(-0.6683598000, -0.0082750200, 0.0104457300, 0.7437188000)
(-0.6682326000, -0.0081988820, 0.0105587700, 0.7438323000)
(-0.6683047000, -0.0081345620, 0.0106911100, 0.7437664000)
(-0.6683866000, -0.0081805390, 0.0105766700, 0.7436939000)
(-0.6683918000, -0.0082323880, 0.0107004200, 0.7436869000)
(-0.6683986000, -0.0082445280, 0.0105770400, 0.7436824000)
(-0.6683255000, -0.0082026460, 0.0104388400, 0.7437505000)
(-0.6683694000, -0.0082352660, 0.0104871400, 0.7437100000)
(-0.6682985000, -0.0083376470, 0.0103976600, 0.7437738000)
(-0.6685613000, -0.0083094510, 0.0104693300, 0.7435369000)
(-0.6684176000, -0.0084362440, 0.0105571900, 0.7436634000)
(-0.6683522000, -0.0082263630, 0.0104653000, 0.7437260000)
(-0.6683150000, -0.0082725000, 0.0105491900, 0.7437577000)
(-0.6682889000, -0.0083607950, 0.0105679000, 0.7437797000)
(-0.6683112000, -0.0082914340, 0.0105136700, 0.7437613000)
(-0.6682912000, -0.0083190560, 0.0104997200, 0.7437791000)
(-0.6682720000, -0.0082088030, 0.0105740800, 0.7437966000)
(-0.6681011000, -0.0082507720, 0.0105784600, 0.7439496000)
(-0.6680284000, -0.0083202510, 0.0105236700, 0.7440149000)
(-0.6680313000, -0.0081971630, 0.0105117300, 0.7440138000)
(-0.6679708000, -0.0083500740, 0.0105897300, 0.7440653000)
(-0.6680620000, -0.0083974640, 0.0105578900, 0.7439834000)
(-0.6681477000, -0.0083929460, 0.0105081100, 0.7439071000)
(-0.6682830000, -0.0083688190, 0.0106233100, 0.7437842000)
(-0.6680674000, -0.0083248560, 0.0105307400, 0.7439797000)
(-0.6682296000, -0.0083703210, 0.0104813100, 0.7438341000)
(-0.6683217000, -0.0085040650, 0.0104811000, 0.7437500000)
(-0.6682702000, -0.0084508630, 0.0104564000, 0.7437972000)
(-0.6683704000, -0.0083539680, 0.0102855900, 0.7437106000)
(-0.6683839000, -0.0083186100, 0.0102713400, 0.7436990000)
(-0.6683282000, -0.0085014890, 0.0105688100, 0.7437429000)
(-0.6681699000, -0.0083879120, 0.0105629300, 0.7438865000)
(-0.6682255000, -0.0084049850, 0.0106288900, 0.7438354000)
(-0.6682632000, -0.0084170790, 0.0103039600, 0.7438059000)
(-0.6682355000, -0.0084083530, 0.0103047900, 0.7438310000)
(-0.6681561000, -0.0084024070, 0.0104662300, 0.7439001000)
(-0.6683398000, -0.0084452910, 0.0103916000, 0.7437356000)
(-0.6683040000, -0.0083485950, 0.0104715300, 0.7437677000)
(-0.6683268000, -0.0084395910, 0.0103316900, 0.7437482000)
(-0.6683619000, -0.0084192030, 0.0105068700, 0.7437144000)
(-0.6682332000, -0.0085749700, 0.0106434600, 0.7438264000)
(-0.6682380000, -0.0084246770, 0.0104945600, 0.7438259000)
(-0.6682569000, -0.0084583380, 0.0104156200, 0.7438096000)
(-0.6681038000, -0.0085071150, 0.0103441600, 0.7439476000)
(-0.6681962000, -0.0084722610, 0.0104958300, 0.7438628000)
(-0.6682545000, -0.0084009200, 0.0103986000, 0.7438127000)
(-0.6682049000, -0.0084952240, 0.0104558900, 0.7438554000)
(-0.6681984000, -0.0084485530, 0.0105086000, 0.7438610000)
(-0.6682363000, -0.0086234850, 0.0104426100, 0.7438258000)
(-0.6681139000, -0.0084839290, 0.0105526900, 0.7439358000)
(-0.6682870000, -0.0084123080, 0.0105456800, 0.7437812000)
(-0.6682035000, -0.0086702190, 0.0105089600, 0.7438539000)
(-0.6682571000, -0.0084383040, 0.0104675900, 0.7438089000)
(-0.6683409000, -0.0085012250, 0.0104669500, 0.7437329000)
(-0.6681993000, -0.0084880450, 0.0106611800, 0.7438575000)
(-0.6682870000, -0.0084593610, 0.0105603900, 0.7437805000)
(-0.6682541000, -0.0084653580, 0.0105260600, 0.7438105000)
(-0.6681501000, -0.0084405110, 0.0104938500, 0.7439047000)
(-0.6681346000, -0.0083331660, 0.0105459100, 0.7439191000)
(-0.6682237000, -0.0084030520, 0.0104544100, 0.7438396000)
(-0.6682882000, -0.0084653520, 0.0105698600, 0.7437792000)
(-0.6683719000, -0.0083518030, 0.0104270200, 0.7437073000)
(-0.6682279000, -0.0082667340, 0.0105098400, 0.7438365000)
(-0.6682776000, -0.0084150270, 0.0104384000, 0.7437912000)
(-0.6682365000, -0.0082731490, 0.0103978400, 0.7438303000)
(-0.6679959000, -0.0083153410, 0.0104758600, 0.7440448000)
(-0.6682171000, -0.0084784350, 0.0104867900, 0.7438442000)
(-0.6683396000, -0.0083214040, 0.0105101700, 0.7437356000)
(-0.6681613000, -0.0083201090, 0.0105136300, 0.7438956000)
(-0.6682800000, -0.0084412330, 0.0105220300, 0.7437875000)
(-0.6683276000, -0.0083746920, 0.0104104800, 0.7437471000)
(-0.6682312000, -0.0082492610, 0.0104443600, 0.7438347000)
(-0.6682103000, -0.0085153240, 0.0105495100, 0.7438490000)
(-0.6681590000, -0.0084321550, 0.0104020800, 0.7438980000)
(-0.6682878000, -0.0083781300, 0.0104802200, 0.7437819000)
(-0.6682346000, -0.0082812770, 0.0103732000, 0.7438322000)
(-0.6681589000, -0.0082865290, 0.0105317700, 0.7438980000)
(-0.6682093000, -0.0085748560, 0.0104859000, 0.7438501000)
(-0.6681634000, -0.0082502410, 0.0104845800, 0.7438949000)
(-0.6682755000, -0.0083266960, 0.0104608000, 0.7437938000)
(-0.6682501000, -0.0082720680, 0.0105486500, 0.7438160000)
(-0.6682513000, -0.0082585150, 0.0105411600, 0.7438151000)
(-0.6681562000, -0.0082490890, 0.0104932500, 0.7439013000)
(-0.6682804000, -0.0081787230, 0.0104363200, 0.7437914000)
(-0.6682653000, -0.0081664370, 0.0103657500, 0.7438061000)
(-0.6682703000, -0.0081114050, 0.0104707200, 0.7438007000)
(-0.6681167000, -0.0082352770, 0.0105140300, 0.7439367000)
(-0.6682331000, -0.0082538760, 0.0105065400, 0.7438321000)
(-0.6681232000, -0.0082049190, 0.0105506700, 0.7439307000)
(-0.6682929000, -0.0082721580, 0.0105359400, 0.7437776000)
(-0.6682583000, -0.0083034800, 0.0104027600, 0.7438102000)
(-0.6682236000, -0.0082834480, 0.0106506000, 0.7438381000)
(-0.6681965000, -0.0082881120, 0.0105103200, 0.7438644000)
(-0.6683157000, -0.0081706400, 0.0105908100, 0.7437575000)
(-0.6682405000, -0.0081800260, 0.0105471100, 0.7438256000)
(-0.6681898000, -0.0082707630, 0.0106036700, 0.7438694000)
(-0.6680278000, -0.0080663290, 0.0106347900, 0.7440166000)
(-0.6680303000, -0.0080917020, 0.0107161500, 0.7440130000)
(-0.6681347000, -0.0081494150, 0.0107328600, 0.7439183000)
(-0.6680700000, -0.0080946390, 0.0106213600, 0.7439786000)
(-0.6680765000, -0.0082393610, 0.0106837900, 0.7439703000)
(-0.6680878000, -0.0081900170, 0.0107174700, 0.7439602000)
(-0.6681328000, -0.0081252860, 0.0106351000, 0.7439216000)
(-0.6682061000, -0.0081312140, 0.0105646900, 0.7438567000)
(-0.6682182000, -0.0081729340, 0.0105051000, 0.7438463000)
(-0.6680870000, -0.0081290340, 0.0106004700, 0.7439632000)
(-0.6678739000, -0.0079991900, 0.0105770300, 0.7441564000)
(-0.6678611000, -0.0081292650, 0.0105585700, 0.7441667000)
(-0.6679600000, -0.0080269940, 0.0106675300, 0.7440774000)
(-0.6680056000, -0.0081431190, 0.0107443500, 0.7440341000)
(-0.6679519000, -0.0079721440, 0.0107090800, 0.7440847000)
(-0.6679571000, -0.0079207300, 0.0106369500, 0.7440816000)
(-0.6678140000, -0.0080042770, 0.0106867600, 0.7442084000)
(-0.6681309000, -0.0080505570, 0.0107333900, 0.7439228000)
(-0.6681154000, -0.0079242070, 0.0106989600, 0.7439386000)
(-0.6681279000, -0.0080488900, 0.0106519500, 0.7439266000)
(-0.6680525000, -0.0079867260, 0.0106805300, 0.7439947000)
(-0.6680509000, -0.0080828420, 0.0107290500, 0.7439944000)
(-0.6681456000, -0.0080008840, 0.0108199600, 0.7439089000)
(-0.6680711000, -0.0081306490, 0.0107070000, 0.7439761000)
(-0.6682252000, -0.0081486720, 0.0108199400, 0.7438357000)
(-0.6682343000, -0.0082046790, 0.0107537000, 0.7438280000)
(-0.6681098000, -0.0081319900, 0.0107226500, 0.7439410000)
(-0.6681635000, -0.0080347400, 0.0106436700, 0.7438949000)
(-0.6682052000, -0.0081444450, 0.0107327900, 0.7438550000)
(-0.6682095000, -0.0081693080, 0.0104042900, 0.7438555000)
(-0.6682156000, -0.0082549270, 0.0105507500, 0.7438471000)
(-0.6680977000, -0.0080854410, 0.0106620100, 0.7439533000)
(-0.6681174000, -0.0081770360, 0.0108245200, 0.7439322000)
(-0.6679228000, -0.0079517760, 0.0107506400, 0.7441105000)
(-0.6680962000, -0.0079608210, 0.0106745200, 0.7439558000)
(-0.6680815000, -0.0080421370, 0.0106007700, 0.7439692000)
(-0.6680059000, -0.0080475490, 0.0106562500, 0.7440362000)
(-0.6679784000, -0.0079957270, 0.0107355000, 0.7440603000)
(-0.6679798000, -0.0079722860, 0.0107431500, 0.7440591000)
(-0.6679208000, -0.0080348850, 0.0106764300, 0.7441124000)
(-0.6679746000, -0.0080274000, 0.0106976800, 0.7440639000)
(-0.6679273000, -0.0080934110, 0.0106098400, 0.7441069000)
(-0.6680119000, -0.0081106300, 0.0107308600, 0.7440290000)
(-0.6681833000, -0.0080272290, 0.0107383400, 0.7438759000)
(-0.6681089000, -0.0079846080, 0.0107745400, 0.7439427000)
(-0.6681345000, -0.0079953680, 0.0107520000, 0.7439199000)
(-0.6680522000, -0.0081233650, 0.0107110600, 0.7439930000)
(-0.6681696000, -0.0079811900, 0.0108023400, 0.7438878000)
(-0.6682969000, -0.0079682460, 0.0107458400, 0.7437744000)
(-0.6682850000, -0.0079661620, 0.0107084100, 0.7437856000)
(-0.6682044000, -0.0079181250, 0.0107799300, 0.7438575000)
(-0.6680970000, -0.0078845740, 0.0107238300, 0.7439552000)
(-0.6680631000, -0.0079381110, 0.0108625300, 0.7439831000)
(-0.6680873000, -0.0079177700, 0.0107184400, 0.7439636000)
(-0.6681842000, -0.0079053330, 0.0107261600, 0.7438765000)
(-0.6681752000, -0.0080387940, 0.0108086900, 0.7438820000)
(-0.6682012000, -0.0081605100, 0.0108297900, 0.7438570000)
(-0.6681185000, -0.0079630490, 0.0108134900, 0.7439337000)
(-0.6681091000, -0.0080043440, 0.0107070800, 0.7439432000)
(-0.6681813000, -0.0081171590, 0.0108276300, 0.7438755000)
(-0.6682678000, -0.0079355440, 0.0108860000, 0.7437988000)
(-0.6681436000, -0.0079299080, 0.0108641100, 0.7439108000)
(-0.6681495000, -0.0079848120, 0.0108228700, 0.7439055000)
(-0.6681355000, -0.0081479290, 0.0107944600, 0.7439167000)
(-0.6681530000, -0.0079945580, 0.0106542500, 0.7439047000)
(-0.6681848000, -0.0080821910, 0.0107479800, 0.7438738000)
(-0.6682517000, -0.0081159890, 0.0107653600, 0.7438132000)
(-0.6682966000, -0.0081625960, 0.0107411000, 0.7437726000)
(-0.6681313000, -0.0079990720, 0.0107503600, 0.7439227000)
(-0.6681110000, -0.0080955930, 0.0107836900, 0.7439394000)
(-0.6681582000, -0.0081303720, 0.0107274100, 0.7438974000)
(-0.6681632000, -0.0081256330, 0.0108585400, 0.7438912000)
(-0.6681247000, -0.0080682510, 0.0107386000, 0.7439281000)
(-0.6681234000, -0.0080231910, 0.0108428300, 0.7439283000)
(-0.6682211000, -0.0080640470, 0.0106882800, 0.7438424000)
(-0.6681430000, -0.0081114730, 0.0106170400, 0.7439129000)
(-0.6682023000, -0.0079668030, 0.0107699100, 0.7438591000)
(-0.6682825000, -0.0081024420, 0.0107629700, 0.7437857000)
(-0.6681694000, -0.0082618580, 0.0107223900, 0.7438861000)
(-0.6681118000, -0.0081454330, 0.0106511800, 0.7439401000)
(-0.6680855000, -0.0080156690, 0.0106492900, 0.7439652000)
(-0.6681632000, -0.0082587110, 0.0106837900, 0.7438922000)
(-0.6683037000, -0.0081835310, 0.0108107100, 0.7437649000)
(-0.6680071000, -0.0082178780, 0.0107004300, 0.7440327000)
(-0.6681330000, -0.0081999040, 0.0107299400, 0.7439194000)
(-0.6680990000, -0.0082169440, 0.0106824500, 0.7439504000)
(-0.6681921000, -0.0081877400, 0.0107374800, 0.7438663000)
(-0.6681355000, -0.0081405040, 0.0108077400, 0.7439166000)
(-0.6680514000, -0.0082076040, 0.0105517600, 0.7439951000)
(-0.6681027000, -0.0080003650, 0.0104648200, 0.7439525000)
(-0.6678947000, -0.0082482260, 0.0105505000, 0.7441353000)
(-0.6681399000, -0.0082722740, 0.0106901800, 0.7439129000)
(-0.6681367000, -0.0082016050, 0.0105900700, 0.7439180000)
(-0.6680620000, -0.0081817180, 0.0106654700, 0.7439842000)
(-0.6679675000, -0.0082209690, 0.0105950900, 0.7440697000)
(-0.6679106000, -0.0082884790, 0.0105983300, 0.7441199000)
(-0.6680143000, -0.0082908450, 0.0105726900, 0.7440271000)
(-0.6680880000, -0.0081515470, 0.0107045400, 0.7439607000)
(-0.6679817000, -0.0082495650, 0.0106173800, 0.7440563000)
(-0.6679752000, -0.0083976660, 0.0105883600, 0.7440608000)
(-0.6679446000, -0.0081903370, 0.0105589000, 0.7440910000)
(-0.6681685000, -0.0082554670, 0.0104946100, 0.7438901000)
(-0.6680724000, -0.0082507950, 0.0104528200, 0.7439771000)
(-0.6682363000, -0.0082249620, 0.0103457000, 0.7438318000)
(-0.6680252000, -0.0082906080, 0.0107059100, 0.7440155000)
(-0.6679525000, -0.0082610340, 0.0105874500, 0.7440828000)
(-0.6680562000, -0.0081991700, 0.0106381800, 0.7439896000)
(-0.6681158000, -0.0081801400, 0.0108765600, 0.7439329000)
(-0.6680434000, -0.0081628240, 0.0105990400, 0.7440021000)
(-0.6679911000, -0.0081626950, 0.0106355800, 0.7440485000)
(-0.6680819000, -0.0081634930, 0.0105430700, 0.7439682000)
(-0.6680291000, -0.0081295580, 0.0106346500, 0.7440149000)
(-0.6682122000, -0.0081938150, 0.0104169500, 0.7438527000)
(-0.6680862000, -0.0082216920, 0.0105268200, 0.7439641000)
(-0.6679539000, -0.0082400790, 0.0105896000, 0.7440817000)
(-0.6678752000, -0.0081173940, 0.0104683500, 0.7441555000)
(-0.6680250000, -0.0082511730, 0.0104336100, 0.7440200000)
(-0.6679874000, -0.0081128630, 0.0104951100, 0.7440544000)
(-0.6681191000, -0.0080646490, 0.0104533200, 0.7439373000)
(-0.6679857000, -0.0080830070, 0.0104531300, 0.7440568000)
(-0.6680433000, -0.0080928720, 0.0105676300, 0.7440034000)
(-0.6679462000, -0.0081489200, 0.0104777900, 0.7440912000)
(-0.6680840000, -0.0081239920, 0.0104664200, 0.7439679000)
(-0.6681924000, -0.0080864770, 0.0105685400, 0.7438695000)
(-0.6680249000, -0.0081199310, 0.0104900400, 0.7440208000)
(-0.6682249000, -0.0082583970, 0.0105370800, 0.7438389000)
(-0.6681151000, -0.0080727800, 0.0105649800, 0.7439392000)
(-0.6681592000, -0.0080990870, 0.0105243000, 0.7438998000)
(-0.6681332000, -0.0081495350, 0.0104848800, 0.7439232000)
(-0.6681323000, -0.0082042040, 0.0104893500, 0.7439234000)
(-0.6679392000, -0.0081738220, 0.0106022700, 0.7440954000)
(-0.6680745000, -0.0081343190, 0.0105364300, 0.7439754000)
(-0.6681008000, -0.0081617890, 0.0105373500, 0.7439514000)
(-0.6680686000, -0.0081504210, 0.0104901200, 0.7439812000)
(-0.6679531000, -0.0080313820, 0.0105378800, 0.7440854000)
(-0.6679609000, -0.0081195450, 0.0105729500, 0.7440770000)
(-0.6680139000, -0.0081641680, 0.0106399200, 0.7440280000)
(-0.6680672000, -0.0080650270, 0.0105168700, 0.7439830000)
(-0.6680799000, -0.0081264520, 0.0106803500, 0.7439685000)
(-0.6680125000, -0.0080035060, 0.0105093200, 0.7440329000)
(-0.6679975000, -0.0081276460, 0.0104256900, 0.7440461000)
(-0.6680118000, -0.0082118540, 0.0104834200, 0.7440315000)
(-0.6680696000, -0.0080977450, 0.0105572000, 0.7439799000)
(-0.6681892000, -0.0082446860, 0.0105856600, 0.7438705000)
(-0.6682025000, -0.0082869940, 0.0106181500, 0.7438575000)
(-0.6680788000, -0.0081229210, 0.0105092500, 0.7439719000)
(-0.6679581000, -0.0081172810, 0.0106837800, 0.7440780000)
(-0.6681048000, -0.0081687160, 0.0106814400, 0.7439457000)
(-0.6681598000, -0.0082166310, 0.0105920800, 0.7438971000)
(-0.6683603000, -0.0081775840, 0.0106476200, 0.7437165000)
(-0.6682311000, -0.0082289790, 0.0107338800, 0.7438308000)
(-0.6682473000, -0.0081329510, 0.0108112300, 0.7438163000)
(-0.6682557000, -0.0081791860, 0.0107084500, 0.7438096000)
(-0.6683238000, -0.0081103440, 0.0105907700, 0.7437509000)
(-0.6683024000, -0.0081756810, 0.0106494800, 0.7437686000)
(-0.6682958000, -0.0082047430, 0.0105128000, 0.7437761000)
(-0.6682734000, -0.0083207040, 0.0105689400, 0.7437942000)
(-0.6681650000, -0.0082133510, 0.0106954100, 0.7438909000)
(-0.6682419000, -0.0082381470, 0.0106026400, 0.7438229000)
(-0.6682513000, -0.0081431270, 0.0106139800, 0.7438153000)
(-0.6682131000, -0.0082046880, 0.0107087700, 0.7438477000)
(-0.6682087000, -0.0081853110, 0.0106447500, 0.7438527000)
(-0.6682008000, -0.0082422090, 0.0106211500, 0.7438595000)
(-0.6682606000, -0.0082036140, 0.0107026300, 0.7438050000)
(-0.6682615000, -0.0081715150, 0.0105309400, 0.7438070000)
(-0.6682786000, -0.0081397390, 0.0105018300, 0.7437925000)
(-0.6683864000, -0.0081604280, 0.0105773200, 0.7436942000)
(-0.6683064000, -0.0083383010, 0.0107018700, 0.7437625000)
(-0.6682172000, -0.0083289200, 0.0107286600, 0.7438422000)
(-0.6683633000, -0.0082042790, 0.0106494400, 0.7437135000)
(-0.6684235000, -0.0080682270, 0.0107260600, 0.7436598000)
(-0.6683310000, -0.0081801440, 0.0105762000, 0.7437439000)
(-0.6682973000, -0.0082879670, 0.0107351800, 0.7437707000)
(-0.6681937000, -0.0081051540, 0.0107034700, 0.7438663000)
(-0.6682177000, -0.0081769010, 0.0106489500, 0.7438447000)
(-0.6682525000, -0.0081634490, 0.0108021700, 0.7438114000)
(-0.6682026000, -0.0082014930, 0.0105996600, 0.7438587000)
(-0.6683467000, -0.0080843930, 0.0105032500, 0.7437319000)
(-0.6682381000, -0.0081014660, 0.0106244700, 0.7438275000)
(-0.6683943000, -0.0081096870, 0.0106931600, 0.7436861000)
(-0.6684628000, -0.0081168680, 0.0105248500, 0.7436268000)
(-0.6684189000, -0.0082076710, 0.0105647400, 0.7436647000)
(-0.6683336000, -0.0081202350, 0.0106168400, 0.7437416000)
(-0.6684247000, -0.0081207630, 0.0106083100, 0.7436599000)
(-0.6682934000, -0.0080266740, 0.0106959700, 0.7437776000)
(-0.6683542000, -0.0081142900, 0.0105929800, 0.7437235000)
(-0.6683152000, -0.0081147580, 0.0106406600, 0.7437579000)
(-0.6682557000, -0.0082294020, 0.0106755700, 0.7438096000)
(-0.6681541000, -0.0081304630, 0.0105942100, 0.7439030000)
(-0.6683040000, -0.0081577260, 0.0106965000, 0.7437667000)
(-0.6681148000, -0.0080860340, 0.0105668500, 0.7439393000)
(-0.6681725000, -0.0079597280, 0.0105037100, 0.7438897000)
(-0.6682044000, -0.0080613510, 0.0104735500, 0.7438604000)
(-0.6683084000, -0.0082288060, 0.0105061800, 0.7437646000)
(-0.6682146000, -0.0081482690, 0.0103867800, 0.7438515000)
(-0.6682509000, -0.0081360590, 0.0104367800, 0.7438183000)
(-0.6682481000, -0.0080021350, 0.0103676500, 0.7438232000)
(-0.6680993000, -0.0081564760, 0.0104031000, 0.7439547000)
(-0.6680648000, -0.0082213830, 0.0103347800, 0.7439860000)
(-0.6680925000, -0.0082346790, 0.0101623600, 0.7439632000)
(-0.6680757000, -0.0081665870, 0.0102689100, 0.7439777000)
(-0.6682187000, -0.0082356530, 0.0103405600, 0.7438475000)
(-0.6681295000, -0.0081426800, 0.0105340600, 0.7439259000)
(-0.6681235000, -0.0081197970, 0.0104424900, 0.7439329000)
(-0.6681651000, -0.0083640090, 0.0102613200, 0.7438953000)
(-0.6680953000, -0.0082703600, 0.0103627500, 0.7439576000)
(-0.6682243000, -0.0082313530, 0.0103496900, 0.7438424000)
(-0.6683828000, -0.0082804590, 0.0104847000, 0.7436975000)
(-0.6681895000, -0.0082149680, 0.0103346200, 0.7438740000)
(-0.6681088000, -0.0081609140, 0.0103824100, 0.7439464000)
(-0.6681149000, -0.0081707330, 0.0103701800, 0.7439410000)
(-0.6680719000, -0.0082145890, 0.0105801500, 0.7439762000)
(-0.6682357000, -0.0082780920, 0.0103550000, 0.7438316000)
(-0.6682020000, -0.0081884090, 0.0102874900, 0.7438637000)
(-0.6682401000, -0.0082918750, 0.0104296400, 0.7438263000)
(-0.6681486000, -0.0082545300, 0.0103855300, 0.7439096000)
(-0.6680704000, -0.0083759140, 0.0102884800, 0.7439799000)
(-0.6681112000, -0.0082369120, 0.0102026100, 0.7439459000)
(-0.6681817000, -0.0083116320, 0.0103059800, 0.7438804000)
(-0.6680702000, -0.0082122490, 0.0103416900, 0.7439811000)
(-0.6680979000, -0.0082317740, 0.0103921700, 0.7439553000)
(-0.6680897000, -0.0082349480, 0.0103810900, 0.7439627000)
(-0.6681691000, -0.0083506890, 0.0103412500, 0.7438907000)
(-0.6681716000, -0.0081185610, 0.0104231100, 0.7438899000)
(-0.6680837000, -0.0082215400, 0.0103871000, 0.7439683000)
(-0.6681369000, -0.0082493100, 0.0105708200, 0.7439176000)
(-0.6681756000, -0.0083187110, 0.0104651900, 0.7438836000)
(-0.6681435000, -0.0082279210, 0.0103144000, 0.7439154000)
(-0.6681514000, -0.0083773110, 0.0103567800, 0.7439061000)
(-0.6681798000, -0.0082244850, 0.0104564400, 0.7438809000)
(-0.6681646000, -0.0081438140, 0.0104017000, 0.7438962000)
(-0.6681123000, -0.0082634760, 0.0103306300, 0.7439429000)
(-0.6682073000, -0.0083361510, 0.0104936800, 0.7438544000)
(-0.6682061000, -0.0080999560, 0.0104470800, 0.7438588000)
(-0.6681080000, -0.0081976560, 0.0104883600, 0.7439452000)
(-0.6680992000, -0.0081173270, 0.0104934100, 0.7439539000)
(-0.6681845000, -0.0083457240, 0.0103122600, 0.7438774000)
(-0.6682055000, -0.0082663720, 0.0103063200, 0.7438595000)
(-0.6682447000, -0.0082393090, 0.0103076800, 0.7438245000)
(-0.6682582000, -0.0081034100, 0.0104660300, 0.7438117000)
(-0.6681120000, -0.0082806950, 0.0105136400, 0.7439404000)
(-0.6682041000, -0.0082175580, 0.0105170700, 0.7438583000)
(-0.6681004000, -0.0082468610, 0.0104428900, 0.7439522000)
(-0.6681636000, -0.0083056100, 0.0104624800, 0.7438945000)
(-0.6681797000, -0.0083050170, 0.0104829500, 0.7438798000)
(-0.6681467000, -0.0082534780, 0.0105100800, 0.7439095000)
(-0.6681536000, -0.0083770890, 0.0104194600, 0.7439033000)
(-0.6681510000, -0.0082568170, 0.0104904700, 0.7439060000)
(-0.6681774000, -0.0083703010, 0.0103570600, 0.7438828000)
(-0.6682911000, -0.0083867910, 0.0104939600, 0.7437786000)
(-0.6682099000, -0.0083812620, 0.0103534300, 0.7438536000)
(-0.6681798000, -0.0083329870, 0.0103553900, 0.7438812000)
(-0.6682834000, -0.0083534400, 0.0103615700, 0.7437877000)
(-0.6682215000, -0.0083880980, 0.0103448000, 0.7438433000)
(-0.6683688000, -0.0083668980, 0.0104897600, 0.7437090000)
(-0.6682822000, -0.0082896750, 0.0103790900, 0.7437893000)
(-0.6682034000, -0.0082472540, 0.0105467300, 0.7438582000)
(-0.6680378000, -0.0083755050, 0.0104440000, 0.7440069000)
(-0.6681671000, -0.0084271230, 0.0104232100, 0.7438906000)
(-0.6681756000, -0.0083027840, 0.0104046200, 0.7438846000)
(-0.6681671000, -0.0084171540, 0.0106549600, 0.7438874000)
(-0.6681297000, -0.0084060120, 0.0106210800, 0.7439215000)
(-0.6681706000, -0.0083627470, 0.0106262400, 0.7438852000)
(-0.6679942000, -0.0082971970, 0.0105839700, 0.7440450000)
(-0.6680703000, -0.0082205580, 0.0105940900, 0.7439774000)
(-0.6680430000, -0.0082635860, 0.0105031700, 0.7440028000)
(-0.6679947000, -0.0083823770, 0.0105755700, 0.7440436000)
(-0.6679747000, -0.0082753580, 0.0107108900, 0.7440609000)
(-0.6681460000, -0.0083266120, 0.0105906100, 0.7439083000)
(-0.6681973000, -0.0085354320, 0.0105626000, 0.7438601000)
(-0.6681690000, -0.0082119430, 0.0106660500, 0.7438877000)
(-0.6681132000, -0.0083227830, 0.0105874500, 0.7439378000)
(-0.6682261000, -0.0083098700, 0.0107494900, 0.7438342000)
(-0.6680601000, -0.0082732490, 0.0105289300, 0.7439868000)
(-0.6681723000, -0.0083745730, 0.0105202400, 0.7438850000)
(-0.6681677000, -0.0084302700, 0.0106758400, 0.7438864000)
(-0.6681896000, -0.0083987550, 0.0107484000, 0.7438660000)
(-0.6681132000, -0.0084101940, 0.0107832400, 0.7439340000)
(-0.6682123000, -0.0083111620, 0.0107825700, 0.7438461000)
(-0.6681812000, -0.0084332690, 0.0107616800, 0.7438729000)
(-0.6681306000, -0.0083617300, 0.0107651500, 0.7439192000)
(-0.6681675000, -0.0083699870, 0.0106761300, 0.7438872000)
(-0.6680732000, -0.0083141270, 0.0106589800, 0.7439728000)
(-0.6681741000, -0.0083289670, 0.0106777600, 0.7438818000)
(-0.6681287000, -0.0082939980, 0.0107558400, 0.7439218000)
(-0.6679127000, -0.0082735470, 0.0106099800, 0.7441180000)
(-0.6679773000, -0.0084020580, 0.0107211500, 0.7440570000)
(-0.6680024000, -0.0084012650, 0.0104737600, 0.7440380000)
(-0.6679572000, -0.0082116430, 0.0107135500, 0.7440773000)
(-0.6681215000, -0.0082552440, 0.0106205800, 0.7439306000)
(-0.6681446000, -0.0081929210, 0.0106599300, 0.7439100000)
(-0.6681309000, -0.0083295240, 0.0107592300, 0.7439194000)
(-0.6681514000, -0.0082439120, 0.0106067100, 0.7439041000)
(-0.6680716000, -0.0083513050, 0.0106249100, 0.7439743000)
(-0.6681314000, -0.0083249130, 0.0104642800, 0.7439232000)
(-0.6681269000, -0.0082816940, 0.0106062900, 0.7439257000)
(-0.6680928000, -0.0083781590, 0.0106931700, 0.7439539000)
(-0.6681367000, -0.0084365870, 0.0106187900, 0.7439150000)
(-0.6681525000, -0.0082830530, 0.0106850500, 0.7439016000)
(-0.6681673000, -0.0082844090, 0.0105442100, 0.7438903000)
(-0.6681452000, -0.0082448370, 0.0106892300, 0.7439085000)
(-0.6682391000, -0.0082160680, 0.0105770300, 0.7438260000)
(-0.6682078000, -0.0082258650, 0.0106480600, 0.7438531000)
(-0.6680834000, -0.0082129720, 0.0107380500, 0.7439637000)
(-0.6680521000, -0.0082548970, 0.0107284900, 0.7439914000)
(-0.6680588000, -0.0083108030, 0.0105708000, 0.7439871000)
(-0.6680692000, -0.0082269050, 0.0105245000, 0.7439792000)
(-0.6680958000, -0.0083151120, 0.0106779500, 0.7439522000)
(-0.6681023000, -0.0082073580, 0.0105510600, 0.7439494000)
(-0.6680039000, -0.0082856260, 0.0105902100, 0.7440363000)
(-0.6680027000, -0.0082150030, 0.0104411100, 0.7440403000)
(-0.6681114000, -0.0081282380, 0.0105554600, 0.7439420000)
(-0.6681124000, -0.0082420600, 0.0105895200, 0.7439394000)
(-0.6680813000, -0.0081223730, 0.0106503300, 0.7439677000)
(-0.6681993000, -0.0081221260, 0.0106097700, 0.7438623000)
(-0.6682333000, -0.0081887840, 0.0105555000, 0.7438319000)
(-0.6680143000, -0.0081573390, 0.0105432500, 0.7440290000)
(-0.6680638000, -0.0083090130, 0.0106423500, 0.7439815000)
(-0.6680560000, -0.0080977180, 0.0104176600, 0.7439940000)
(-0.6681111000, -0.0082462770, 0.0104711000, 0.7439422000)
(-0.6681017000, -0.0079897020, 0.0104663800, 0.7439535000)
(-0.6681802000, -0.0082623080, 0.0103865400, 0.7438812000)
(-0.6680795000, -0.0082316180, 0.0103591800, 0.7439723000)
(-0.6679773000, -0.0082495240, 0.0104364700, 0.7440628000)
(-0.6682106000, -0.0081845310, 0.0104147700, 0.7438542000)
(-0.6681606000, -0.0083135820, 0.0103932700, 0.7438980000)
(-0.6680911000, -0.0083597000, 0.0105398800, 0.7439579000)
(-0.6681472000, -0.0084058020, 0.0103857800, 0.7439092000)
(-0.6680053000, -0.0081911620, 0.0103235100, 0.7440398000)
(-0.6681471000, -0.0083241090, 0.0102919300, 0.7439114000)
(-0.6683340000, -0.0083518930, 0.0104888200, 0.7437405000)
(-0.6683875000, -0.0083349900, 0.0102557200, 0.7436959000)
(-0.6683011000, -0.0082504980, 0.0103696800, 0.7437729000)
(-0.6682282000, -0.0083436510, 0.0103868400, 0.7438371000)
(-0.6682624000, -0.0083428640, 0.0104707500, 0.7438052000)
(-0.6681132000, -0.0082529950, 0.0105208900, 0.7439395000)
(-0.6682062000, -0.0082081070, 0.0104149200, 0.7438580000)
(-0.6682520000, -0.0082467970, 0.0104104700, 0.7438165000)
(-0.6681117000, -0.0082313490, 0.0103598400, 0.7439433000)
(-0.6680333000, -0.0082083630, 0.0104842900, 0.7440122000)
(-0.6681126000, -0.0083301590, 0.0103286000, 0.7439419000)
(-0.6682438000, -0.0082315840, 0.0105392300, 0.7438222000)
(-0.6682032000, -0.0082563030, 0.0103754800, 0.7438607000)
(-0.6681226000, -0.0082559740, 0.0105294500, 0.7439309000)
(-0.6681712000, -0.0082300850, 0.0105124500, 0.7438878000)
(-0.6681324000, -0.0082749110, 0.0104994000, 0.7439224000)
(-0.6682515000, -0.0083491930, 0.0106309200, 0.7438127000)
(-0.6682495000, -0.0081354130, 0.0104781800, 0.7438189000)
(-0.6682673000, -0.0082212620, 0.0105590200, 0.7438010000)
(-0.6682441000, -0.0082581460, 0.0106326500, 0.7438203000)
(-0.6682655000, -0.0079954350, 0.0105217400, 0.7438055000)
(-0.6681713000, -0.0080864560, 0.0105881700, 0.7438882000)
(-0.6681741000, -0.0080562700, 0.0105355000, 0.7438868000)
(-0.6682657000, -0.0082304960, 0.0103994600, 0.7438045000)
(-0.6682726000, -0.0081419890, 0.0104944000, 0.7437979000)
(-0.6680132000, -0.0081472480, 0.0103844800, 0.7440324000)
(-0.6682083000, -0.0081494130, 0.0104080900, 0.7438568000)
(-0.6682900000, -0.0081457710, 0.0103620500, 0.7437841000)
(-0.6682080000, -0.0080882920, 0.0103879800, 0.7438580000)
(-0.6681072000, -0.0081785730, 0.0104110900, 0.7439473000)
(-0.6681868000, -0.0080000670, 0.0104914300, 0.7438765000)
(-0.6682307000, -0.0081984780, 0.0105732800, 0.7438338000)
(-0.6681834000, -0.0081232950, 0.0103573200, 0.7438801000)
(-0.6680920000, -0.0081920170, 0.0104709100, 0.7439600000)
(-0.6682181000, -0.0079263490, 0.0104090600, 0.7438504000)
(-0.6680758000, -0.0081767640, 0.0103451100, 0.7439764000)
(-0.6681867000, -0.0081211540, 0.0104270700, 0.7438763000)
(-0.6682344000, -0.0081652720, 0.0104342200, 0.7438329000)
(-0.6682553000, -0.0080007140, 0.0105577900, 0.7438141000)
(-0.6681805000, -0.0080746750, 0.0104410100, 0.7438822000)
(-0.6681755000, -0.0079973380, 0.0103586400, 0.7438887000)
(-0.6681429000, -0.0080837510, 0.0104568100, 0.7439156000)
(-0.6682053000, -0.0081694980, 0.0105993600, 0.7438566000)
(-0.6681204000, -0.0081556320, 0.0103864000, 0.7439360000)
(-0.6682054000, -0.0080711520, 0.0104309000, 0.7438599000)
(-0.6682312000, -0.0081143580, 0.0104463500, 0.7438360000)
(-0.6682462000, -0.0081242410, 0.0105331900, 0.7438214000)
(-0.6682334000, -0.0083014440, 0.0104083900, 0.7438326000)
(-0.6682729000, -0.0082067280, 0.0104794800, 0.7437972000)
(-0.6681569000, -0.0082693670, 0.0104177100, 0.7439016000)
(-0.6681154000, -0.0082087980, 0.0104157400, 0.7439395000)
(-0.6682056000, -0.0081209880, 0.0104362300, 0.7438592000)
(-0.6682471000, -0.0082275580, 0.0104159900, 0.7438210000)
(-0.6682550000, -0.0081395120, 0.0103670400, 0.7438156000)
(-0.6682945000, -0.0080320470, 0.0105516600, 0.7437785000)
(-0.6681291000, -0.0081279960, 0.0104751200, 0.7439272000)
(-0.6681783000, -0.0080968720, 0.0103887400, 0.7438847000)
(-0.6681531000, -0.0080775260, 0.0103990600, 0.7439073000)
(-0.6681873000, -0.0082239350, 0.0103148400, 0.7438762000)
(-0.6680487000, -0.0080992710, 0.0102607500, 0.7440027000)
(-0.6680715000, -0.0081673170, 0.0104548900, 0.7439788000)
(-0.6681997000, -0.0081147900, 0.0103800200, 0.7438654000)
(-0.6682352000, -0.0081752600, 0.0103839600, 0.7438326000)
(-0.6683686000, -0.0082010110, 0.0104280200, 0.7437119000)
(-0.6683187000, -0.0081415120, 0.0104207300, 0.7437575000)
(-0.6682677000, -0.0081119540, 0.0102176400, 0.7438065000)
(-0.6680871000, -0.0080911860, 0.0104335000, 0.7439659000)
(-0.6681498000, -0.0081011580, 0.0103309200, 0.7439110000)
(-0.6682956000, -0.0081319660, 0.0103976100, 0.7437788000)
(-0.6681718000, -0.0081184840, 0.0102154500, 0.7438926000)
(-0.6680982000, -0.0081708960, 0.0103261200, 0.7439566000)
(-0.6680479000, -0.0081501040, 0.0104836300, 0.7439998000)
(-0.6680682000, -0.0082125990, 0.0104518300, 0.7439814000)
(-0.6681583000, -0.0082938030, 0.0101878400, 0.7439032000)
(-0.6680269000, -0.0082029770, 0.0104153700, 0.7440190000)
(-0.6680577000, -0.0081430720, 0.0104622800, 0.7439914000)
(-0.6681840000, -0.0081513730, 0.0102460400, 0.7438809000)
(-0.6682310000, -0.0081296690, 0.0103655100, 0.7438373000)
(-0.6682271000, -0.0082172260, 0.0103694800, 0.7438398000)
(-0.6681665000, -0.0082222930, 0.0103606800, 0.7438943000)
(-0.6680973000, -0.0081389060, 0.0102830900, 0.7439584000)
(-0.6680551000, -0.0081440740, 0.0103306100, 0.7439955000)
(-0.6681482000, -0.0083240000, 0.0102810400, 0.7439106000)
(-0.6681556000, -0.0081758510, 0.0102663200, 0.7439059000)
(-0.6680360000, -0.0081759330, 0.0104391300, 0.7440109000)
(-0.6679970000, -0.0082169050, 0.0103364700, 0.7440468000)
(-0.6681122000, -0.0082126900, 0.0103756200, 0.7439429000)
(-0.6681858000, -0.0082834390, 0.0103567000, 0.7438763000)
(-0.6681603000, -0.0081112340, 0.0104743100, 0.7438995000)
(-0.6681775000, -0.0080570550, 0.0102420500, 0.7438877000)
(-0.6681266000, -0.0082952280, 0.0103311900, 0.7439297000)
(-0.6680940000, -0.0080726040, 0.0102412700, 0.7439626000)
(-0.6681283000, -0.0082697910, 0.0103668100, 0.7439280000)
(-0.6681350000, -0.0082085530, 0.0102490600, 0.7439243000)
(-0.6681294000, -0.0082483550, 0.0103191300, 0.7439278000)
(-0.6680847000, -0.0082802050, 0.0104059900, 0.7439664000)
(-0.6681147000, -0.0082751830, 0.0104524900, 0.7439389000)
(-0.6680836000, -0.0082496950, 0.0104963400, 0.7439665000)
(-0.6681420000, -0.0083009990, 0.0105810700, 0.7439122000)
(-0.6680803000, -0.0083154100, 0.0106286900, 0.7439668000)
(-0.6681288000, -0.0082459470, 0.0105246200, 0.7439255000)
(-0.6679183000, -0.0081643270, 0.0105474000, 0.7441152000)
(-0.6680919000, -0.0082097270, 0.0104627800, 0.7439600000)
(-0.6680187000, -0.0081084120, 0.0105598600, 0.7440254000)
(-0.6680991000, -0.0083113330, 0.0104908500, 0.7439519000)
(-0.6679181000, -0.0081982980, 0.0103601500, 0.7441176000)
(-0.6678950000, -0.0082152350, 0.0104737400, 0.7441365000)
(-0.6680343000, -0.0081813880, 0.0105574500, 0.7440106000)
(-0.6681855000, -0.0083290900, 0.0104654500, 0.7438745000)
(-0.6680248000, -0.0083902360, 0.0106302700, 0.7440158000)
(-0.6680719000, -0.0083515510, 0.0106047400, 0.7439743000)
(-0.6678915000, -0.0082921060, 0.0104851700, 0.7441386000)
(-0.6680325000, -0.0082133330, 0.0105369000, 0.7440122000)
(-0.6679065000, -0.0081217420, 0.0105317900, 0.7441264000)
(-0.6681050000, -0.0081318950, 0.0103861900, 0.7439501000)
(-0.6682296000, -0.0082269870, 0.0106294500, 0.7438337000)
(-0.6680421000, -0.0081729520, 0.0106369300, 0.7440026000)
(-0.6681035000, -0.0082213150, 0.0105028900, 0.7439489000)
(-0.6681213000, -0.0082163390, 0.0106877600, 0.7439302000)
(-0.6681255000, -0.0081351570, 0.0105186500, 0.7439297000)
(-0.6681544000, -0.0081628610, 0.0105119300, 0.7439036000)
(-0.6681514000, -0.0081452900, 0.0105022200, 0.7439066000)
(-0.6682073000, -0.0081637720, 0.0105759700, 0.7438552000)
(-0.6682909000, -0.0082389850, 0.0105534600, 0.7437796000)
(-0.6683652000, -0.0081431040, 0.0106188100, 0.7437129000)
(-0.6681671000, -0.0082530640, 0.0105629400, 0.7438905000)
(-0.6681010000, -0.0081800410, 0.0104345700, 0.7439525000)
(-0.6682434000, -0.0081329110, 0.0105152600, 0.7438240000)
(-0.6682563000, -0.0082833690, 0.0105394200, 0.7438103000)
(-0.6682613000, -0.0083005040, 0.0105211500, 0.7438059000)
(-0.6681944000, -0.0082270220, 0.0104906600, 0.7438673000)
(-0.6682734000, -0.0082098310, 0.0105066400, 0.7437963000)
(-0.6681429000, -0.0081314570, 0.0104925200, 0.7439145000)
(-0.6682341000, -0.0081838160, 0.0105290800, 0.7438316000)
(-0.6682606000, -0.0081327210, 0.0105029300, 0.7438087000)
(-0.6682414000, -0.0082382050, 0.0104956300, 0.7438250000)
(-0.6681410000, -0.0081419360, 0.0104078800, 0.7439174000)
(-0.6681736000, -0.0084465450, 0.0105954800, 0.7438821000)
(-0.6682758000, -0.0083368990, 0.0104908300, 0.7437929000)
(-0.6682736000, -0.0083084510, 0.0103951700, 0.7437966000)
(-0.6681561000, -0.0084912570, 0.0103958100, 0.7439001000)
(-0.6681756000, -0.0084639820, 0.0104850800, 0.7438815000)
(-0.6680978000, -0.0084828570, 0.0103945800, 0.7439525000)
(-0.6680791000, -0.0082208480, 0.0103609300, 0.7439728000)
(-0.6681416000, -0.0084305120, 0.0104186500, 0.7439134000)
(-0.6682175000, -0.0082998800, 0.0104392500, 0.7438465000)
(-0.6682310000, -0.0083144630, 0.0103837000, 0.7438350000)
(-0.6682386000, -0.0083642030, 0.0103745300, 0.7438277000)
(-0.6681722000, -0.0083192900, 0.0102085600, 0.7438901000)
(-0.6681501000, -0.0084851920, 0.0104802800, 0.7439044000)
(-0.6682675000, -0.0083321930, 0.0103418200, 0.7438025000)
(-0.6682560000, -0.0084891760, 0.0102312000, 0.7438126000)
(-0.6683217000, -0.0084864960, 0.0102372500, 0.7437536000)
(-0.6682298000, -0.0083814740, 0.0102677800, 0.7438370000)
(-0.6683039000, -0.0083373220, 0.0101561000, 0.7437724000)
(-0.6682370000, -0.0084115920, 0.0102221700, 0.7438307000)
(-0.6682395000, -0.0084257020, 0.0103174200, 0.7438270000)
(-0.6680379000, -0.0084559870, 0.0104085500, 0.7440064000)
(-0.6681276000, -0.0084308900, 0.0102916200, 0.7439278000)
(-0.6680734000, -0.0084294180, 0.0102057900, 0.7439777000)
(-0.6681606000, -0.0085206000, 0.0102324300, 0.7438979000)
(-0.6682304000, -0.0084839790, 0.0103130700, 0.7438346000)
(-0.6683070000, -0.0083614220, 0.0102751600, 0.7437677000)
(-0.6682871000, -0.0084724890, 0.0103126100, 0.7437838000)
(-0.6681484000, -0.0084637930, 0.0102752300, 0.7439089000)
(-0.6682166000, -0.0084856260, 0.0102980900, 0.7438471000)
(-0.6682249000, -0.0083527290, 0.0102786100, 0.7438415000)
(-0.6682537000, -0.0084369960, 0.0102346100, 0.7438152000)
(-0.6681333000, -0.0084615240, 0.0102139600, 0.7439235000)
(-0.6681672000, -0.0085380020, 0.0102187600, 0.7438920000)
(-0.6682421000, -0.0085108480, 0.0102930500, 0.7438241000)
(-0.6681815000, -0.0085331720, 0.0103362600, 0.7438775000)
(-0.6682248000, -0.0085234330, 0.0101800100, 0.7438409000)
(-0.6682394000, -0.0085738640, 0.0102203300, 0.7438267000)
(-0.6683555000, -0.0085044180, 0.0101751200, 0.7437238000)
(-0.6682895000, -0.0085943760, 0.0102096100, 0.7437816000)
(-0.6682282000, -0.0084176270, 0.0101594300, 0.7438394000)
(-0.6682286000, -0.0085236420, 0.0102074500, 0.7438372000)
(-0.6681349000, -0.0085996130, 0.0102039500, 0.7439206000)
(-0.6682208000, -0.0084712040, 0.0101557900, 0.7438455000)
(-0.6682121000, -0.0084431710, 0.0100956600, 0.7438544000)
(-0.6681359000, -0.0086290950, 0.0101579800, 0.7439198000)
(-0.6680661000, -0.0086267600, 0.0101903800, 0.7439822000)
(-0.6680152000, -0.0084907750, 0.0103040200, 0.7440279000)
(-0.6680709000, -0.0085844450, 0.0101483800, 0.7439789000)
(-0.6681840000, -0.0084973430, 0.0102741500, 0.7438766000)
(-0.6681017000, -0.0086771830, 0.0102087000, 0.7439494000)
(-0.6680966000, -0.0084868310, 0.0102270000, 0.7439559000)
(-0.6680997000, -0.0087279680, 0.0102733200, 0.7439497000)
(-0.6681058000, -0.0085422420, 0.0102646900, 0.7439466000)
(-0.6681684000, -0.0085805490, 0.0103102700, 0.7438892000)
(-0.6682670000, -0.0086196330, 0.0102355800, 0.7438012000)
(-0.6682913000, -0.0087665270, 0.0102799400, 0.7437770000)
(-0.6683828000, -0.0088097190, 0.0102484100, 0.7436948000)
(-0.6682858000, -0.0085204360, 0.0101995700, 0.7437859000)
(-0.6682391000, -0.0087410570, 0.0102183400, 0.7438251000)
(-0.6682407000, -0.0085969950, 0.0104224300, 0.7438225000)
(-0.6682861000, -0.0085885490, 0.0102772300, 0.7437838000)
(-0.6682212000, -0.0085003060, 0.0101038000, 0.7438455000)
(-0.6681889000, -0.0085335910, 0.0101980600, 0.7438728000)
(-0.6682673000, -0.0086463820, 0.0103085600, 0.7437996000)
(-0.6683176000, -0.0086380850, 0.0103572200, 0.7437539000)
(-0.6681991000, -0.0083922980, 0.0103038300, 0.7438638000)
(-0.6683587000, -0.0087406290, 0.0102025600, 0.7437177000)
(-0.6682819000, -0.0086350490, 0.0101637300, 0.7437887000)
(-0.6683267000, -0.0086633940, 0.0102585800, 0.7437468000)
(-0.6682835000, -0.0086852540, 0.0102965900, 0.7437847000)
(-0.6682521000, -0.0087890630, 0.0101157700, 0.7438143000)
(-0.6684609000, -0.0088462390, 0.0102150900, 0.7436245000)
(-0.6683804000, -0.0086422690, 0.0102079100, 0.7436994000)
(-0.6683773000, -0.0087068730, 0.0103928600, 0.7436989000)
(-0.6683202000, -0.0086978510, 0.0102704500, 0.7437519000)
(-0.6683484000, -0.0087696690, 0.0101908700, 0.7437270000)
(-0.6683556000, -0.0088167660, 0.0100791100, 0.7437214000)
(-0.6683657000, -0.0086570630, 0.0101490200, 0.7437133000)
(-0.6683267000, -0.0087423520, 0.0104302100, 0.7437434000)
(-0.6683620000, -0.0088664200, 0.0103156300, 0.7437119000)
(-0.6683232000, -0.0087838020, 0.0103269400, 0.7437475000)
(-0.6683399000, -0.0087845870, 0.0100361700, 0.7437364000)
(-0.6683405000, -0.0088646280, 0.0102277100, 0.7437323000)
(-0.6684289000, -0.0086988730, 0.0103263100, 0.7436535000)
(-0.6684164000, -0.0088127660, 0.0101881100, 0.7436653000)
(-0.6683615000, -0.0087308480, 0.0103214000, 0.7437137000)
(-0.6683839000, -0.0087058120, 0.0103032800, 0.7436942000)
(-0.6683611000, -0.0085604260, 0.0101703600, 0.7437182000)
(-0.6683728000, -0.0086881750, 0.0103360400, 0.7437040000)
(-0.6683072000, -0.0086712560, 0.0102991100, 0.7437636000)
(-0.6684844000, -0.0087229360, 0.0102935100, 0.7436038000)
(-0.6682826000, -0.0086652810, 0.0102322000, 0.7437866000)
(-0.6683416000, -0.0086616390, 0.0102936300, 0.7437329000)
(-0.6683339000, -0.0085262400, 0.0102328100, 0.7437421000)
(-0.6683296000, -0.0086528870, 0.0102795500, 0.7437439000)
(-0.6684038000, -0.0085785690, 0.0103514700, 0.7436771000)
(-0.6684130000, -0.0085497260, 0.0102270500, 0.7436709000)
(-0.6681849000, -0.0086068990, 0.0101663300, 0.7438761000)
(-0.6681799000, -0.0086976120, 0.0104216100, 0.7438759000)
(-0.6681809000, -0.0086378380, 0.0104355200, 0.7438755000)
(-0.6683176000, -0.0084797500, 0.0103730700, 0.7437554000)
(-0.6682398000, -0.0086121970, 0.0103244900, 0.7438244000)
(-0.6681590000, -0.0085485710, 0.0103548800, 0.7438973000)
(-0.6680180000, -0.0086408230, 0.0103634500, 0.7440227000)
(-0.6683279000, -0.0086529990, 0.0102788400, 0.7437454000)
(-0.6682533000, -0.0086905700, 0.0103084800, 0.7438116000)
(-0.6682470000, -0.0085231260, 0.0102652400, 0.7438199000)
(-0.6682548000, -0.0085392780, 0.0104519400, 0.7438101000)
(-0.6682049000, -0.0085375800, 0.0104875900, 0.7438544000)
(-0.6683106000, -0.0084873450, 0.0104763000, 0.7437602000)
(-0.6683351000, -0.0085802530, 0.0104142100, 0.7437380000)
(-0.6683748000, -0.0085576960, 0.0104451100, 0.7437021000)
(-0.6682779000, -0.0085961170, 0.0105057600, 0.7437879000)
(-0.6682258000, -0.0084173580, 0.0104163000, 0.7438380000)
(-0.6682522000, -0.0085109080, 0.0104269000, 0.7438130000)
(-0.6682719000, -0.0084711320, 0.0105035400, 0.7437947000)
(-0.6682929000, -0.0085173410, 0.0105499500, 0.7437747000)
(-0.6683294000, -0.0085278090, 0.0104008700, 0.7437439000)
(-0.6683083000, -0.0084454510, 0.0104796400, 0.7437627000)
(-0.6682481000, -0.0085544320, 0.0105355200, 0.7438148000)
(-0.6683577000, -0.0084317640, 0.0104415500, 0.7437190000)
(-0.6682729000, -0.0084878380, 0.0106235100, 0.7437919000)
(-0.6681776000, -0.0083457830, 0.0105418600, 0.7438803000)
(-0.6683248000, -0.0084568440, 0.0104645600, 0.7437479000)
(-0.6683654000, -0.0084859780, 0.0105632800, 0.7437097000)
(-0.6682637000, -0.0086309980, 0.0104076500, 0.7438016000)
(-0.6682814000, -0.0083545480, 0.0103704600, 0.7437893000)
(-0.6682674000, -0.0083963030, 0.0106186500, 0.7437980000)
(-0.6683733000, -0.0085248670, 0.0105694300, 0.7437021000)
(-0.6682692000, -0.0084440570, 0.0106884900, 0.7437949000)
(-0.6683124000, -0.0084775930, 0.0106509300, 0.7437562000)
(-0.6683175000, -0.0085021210, 0.0107698800, 0.7437496000)
(-0.6683418000, -0.0085158520, 0.0105571800, 0.7437307000)
(-0.6684848000, -0.0085222180, 0.0105379500, 0.7436023000)
(-0.6684297000, -0.0084518590, 0.0105450400, 0.7436526000)
(-0.6684335000, -0.0084866740, 0.0105044200, 0.7436494000)
(-0.6684335000, -0.0086039140, 0.0105807300, 0.7436468000)
(-0.6683735000, -0.0085038450, 0.0103503500, 0.7437052000)
(-0.6684325000, -0.0086253830, 0.0105013200, 0.7436488000)
(-0.6683298000, -0.0086267190, 0.0104853400, 0.7437412000)
(-0.6683269000, -0.0086244880, 0.0104391100, 0.7437444000)
(-0.6684122000, -0.0085776340, 0.0104195500, 0.7436686000)
(-0.6683393000, -0.0084877820, 0.0105382000, 0.7437335000)
(-0.6683702000, -0.0086325040, 0.0106160500, 0.7437029000)
(-0.6683939000, -0.0085831430, 0.0105219900, 0.7436836000)
(-0.6683816000, -0.0085093870, 0.0104821800, 0.7436961000)
(-0.6684077000, -0.0085288590, 0.0105594200, 0.7436712000)
(-0.6683612000, -0.0086579020, 0.0104179100, 0.7437136000)
(-0.6684552000, -0.0084974100, 0.0105096000, 0.7436296000)
(-0.6684840000, -0.0084953340, 0.0104492100, 0.7436046000)
(-0.6684830000, -0.0085528080, 0.0105776100, 0.7436031000)
(-0.6684113000, -0.0085254790, 0.0105025900, 0.7436689000)
(-0.6684120000, -0.0085265590, 0.0104609600, 0.7436689000)
(-0.6683186000, -0.0084262950, 0.0103595700, 0.7437553000)
(-0.6683223000, -0.0084923500, 0.0104018600, 0.7437506000)
(-0.6683813000, -0.0084704380, 0.0103380800, 0.7436988000)
(-0.6683481000, -0.0085171950, 0.0103891900, 0.7437274000)
(-0.6683027000, -0.0085428130, 0.0103808200, 0.7437680000)
(-0.6683550000, -0.0084928060, 0.0104423700, 0.7437207000)
(-0.6683475000, -0.0084738950, 0.0104374700, 0.7437277000)
(-0.6683477000, -0.0083778980, 0.0103929300, 0.7437292000)
(-0.6682135000, -0.0084444610, 0.0101855500, 0.7438520000)
(-0.6682975000, -0.0084566750, 0.0104028400, 0.7437733000)
(-0.6683678000, -0.0084532060, 0.0104185200, 0.7437100000)
(-0.6683553000, -0.0084965320, 0.0103015200, 0.7437223000)
(-0.6683292000, -0.0085134210, 0.0104096300, 0.7437442000)
(-0.6683025000, -0.0084980830, 0.0103466100, 0.7437692000)
(-0.6683657000, -0.0082728790, 0.0103407700, 0.7437150000)
(-0.6682320000, -0.0083736680, 0.0102428800, 0.7438353000)
(-0.6683196000, -0.0084733230, 0.0104340300, 0.7437528000)
(-0.6682597000, -0.0083466230, 0.0103873900, 0.7438088000)
(-0.6683221000, -0.0084675450, 0.0102726600, 0.7437529000)
(-0.6682853000, -0.0084508110, 0.0103603600, 0.7437849000)
(-0.6683941000, -0.0085568570, 0.0102577000, 0.7436873000)
(-0.6682082000, -0.0084387980, 0.0102939400, 0.7438552000)
(-0.6683401000, -0.0085070890, 0.0103375000, 0.7437354000)
(-0.6682848000, -0.0085187140, 0.0102507300, 0.7437862000)
(-0.6683805000, -0.0084819650, 0.0103255700, 0.7436996000)
(-0.6683512000, -0.0084942490, 0.0102912800, 0.7437262000)
(-0.6682864000, -0.0085401450, 0.0101699200, 0.7437856000)
(-0.6683496000, -0.0084846630, 0.0103749400, 0.7437266000)
(-0.6683221000, -0.0085095210, 0.0103253600, 0.7437516000)
(-0.6683000000, -0.0086710210, 0.0104048500, 0.7437686000)
(-0.6681988000, -0.0084916160, 0.0104497700, 0.7438610000)
(-0.6683242000, -0.0085621340, 0.0103514900, 0.7437488000)
(-0.6682892000, -0.0084802090, 0.0102570000, 0.7437825000)
(-0.6682910000, -0.0085067650, 0.0103942700, 0.7437787000)
(-0.6683208000, -0.0087291600, 0.0104590600, 0.7437484000)
(-0.6683206000, -0.0085959150, 0.0102485600, 0.7437531000)
(-0.6682901000, -0.0086791110, 0.0104228800, 0.7437772000)
(-0.6684027000, -0.0085486070, 0.0103457700, 0.7436786000)
(-0.6684387000, -0.0085262250, 0.0101890300, 0.7436486000)
(-0.6682712000, -0.0085616660, 0.0100722500, 0.7438003000)
(-0.6683061000, -0.0085058790, 0.0102316100, 0.7437674000)
(-0.6681641000, -0.0085279620, 0.0103755800, 0.7438927000)
(-0.6682719000, -0.0085273480, 0.0101805600, 0.7437986000)
(-0.6682141000, -0.0086108960, 0.0102326400, 0.7438488000)
(-0.6682911000, -0.0085191890, 0.0102171200, 0.7437810000)
(-0.6683069000, -0.0085158670, 0.0101541300, 0.7437676000)
(-0.6682643000, -0.0085626980, 0.0103194200, 0.7438031000)
(-0.6682886000, -0.0084632560, 0.0102173100, 0.7437838000)
(-0.6682149000, -0.0085785520, 0.0101737700, 0.7438493000)
(-0.6683223000, -0.0084966500, 0.0100351100, 0.7437556000)
(-0.6681088000, -0.0086395080, 0.0101892100, 0.7439436000)
(-0.6682268000, -0.0084794270, 0.0101800900, 0.7438397000)
(-0.6682542000, -0.0085352320, 0.0103634900, 0.7438119000)
(-0.6684125000, -0.0084844490, 0.0103275800, 0.7436707000)
(-0.6682978000, -0.0085050560, 0.0103291600, 0.7437736000)
(-0.6682228000, -0.0084020010, 0.0103286800, 0.7438420000)
(-0.6681310000, -0.0083861250, 0.0102657700, 0.7439256000)
(-0.6682277000, -0.0084019680, 0.0103073500, 0.7438380000)
(-0.6681781000, -0.0084749440, 0.0103698500, 0.7438809000)
(-0.6680073000, -0.0085880350, 0.0103473700, 0.7440333000)
(-0.6679928000, -0.0085199710, 0.0103688200, 0.7440468000)
(-0.6681793000, -0.0085780710, 0.0102887000, 0.7438798000)
(-0.6681995000, -0.0084540370, 0.0103739600, 0.7438618000)
(-0.6681715000, -0.0085646670, 0.0103392400, 0.7438862000)
(-0.6681709000, -0.0084171510, 0.0103969000, 0.7438875000)
(-0.6681225000, -0.0085295400, 0.0106237900, 0.7439266000)
(-0.6681057000, -0.0084489020, 0.0104574000, 0.7439449000)
(-0.6681101000, -0.0084504910, 0.0104183700, 0.7439415000)
(-0.6681662000, -0.0083383820, 0.0104001900, 0.7438927000)
(-0.6679873000, -0.0082939170, 0.0104700400, 0.7440528000)
(-0.6680567000, -0.0084253950, 0.0103207400, 0.7439911000)
(-0.6681291000, -0.0084519460, 0.0103390300, 0.7439255000)
(-0.6682281000, -0.0083659480, 0.0105060700, 0.7438352000)
(-0.6680533000, -0.0084602780, 0.0104998100, 0.7439913000)
(-0.6681100000, -0.0084140200, 0.0103455400, 0.7439430000)
(-0.6680854000, -0.0084143570, 0.0103520300, 0.7439650000)
(-0.6680122000, -0.0084116450, 0.0104179700, 0.7440299000)
(-0.6680406000, -0.0084488280, 0.0104100300, 0.7440040000)
(-0.6681071000, -0.0084718510, 0.0104415700, 0.7439437000)
(-0.6681528000, -0.0085224410, 0.0105598000, 0.7439003000)
(-0.6680292000, -0.0085182850, 0.0104517300, 0.7440129000)
(-0.6680294000, -0.0083840480, 0.0104193900, 0.7440147000)
(-0.6680827000, -0.0085292360, 0.0104088500, 0.7439653000)
(-0.6682081000, -0.0083676550, 0.0104658000, 0.7438537000)
(-0.6682343000, -0.0084622930, 0.0103276400, 0.7438310000)
(-0.6681156000, -0.0084581720, 0.0105089900, 0.7439352000)
(-0.6680632000, -0.0084383950, 0.0103657300, 0.7439845000)
(-0.6680580000, -0.0085051140, 0.0103973500, 0.7439880000)
(-0.6680855000, -0.0085394900, 0.0104156900, 0.7439626000)
(-0.6681656000, -0.0086019340, 0.0103615500, 0.7438907000)
(-0.6681786000, -0.0085103880, 0.0103733000, 0.7438800000)
(-0.6679811000, -0.0085915360, 0.0103999000, 0.7440559000)
(-0.6680810000, -0.0084858020, 0.0103824800, 0.7439678000)
(-0.6680844000, -0.0084367670, 0.0103405700, 0.7439659000)
(-0.6682323000, -0.0083462610, 0.0104449100, 0.7438325000)
(-0.6681868000, -0.0085008090, 0.0105957800, 0.7438695000)
(-0.6682004000, -0.0084856210, 0.0104047900, 0.7438602000)
(-0.6682121000, -0.0084762060, 0.0103941200, 0.7438500000)
(-0.6682072000, -0.0084096400, 0.0103313700, 0.7438560000)
(-0.6681432000, -0.0084239180, 0.0105858000, 0.7439097000)
(-0.6682213000, -0.0084119620, 0.0104907900, 0.7438411000)
(-0.6681136000, -0.0085557240, 0.0103676200, 0.7439378000)
(-0.6681680000, -0.0085260100, 0.0104169400, 0.7438886000)
(-0.6682934000, -0.0085093530, 0.0104394600, 0.7437759000)
(-0.6681501000, -0.0085168610, 0.0104442500, 0.7439045000)
(-0.6679780000, -0.0084955920, 0.0103097000, 0.7440612000)
(-0.6681253000, -0.0085426370, 0.0102608700, 0.7439290000)
(-0.6681404000, -0.0084680660, 0.0105045300, 0.7439129000)
(-0.6681901000, -0.0084914430, 0.0103589600, 0.7438701000)
(-0.6682846000, -0.0084239500, 0.0104290400, 0.7437849000)
(-0.6681997000, -0.0083428630, 0.0103373000, 0.7438634000)
(-0.6681002000, -0.0083425180, 0.0103893900, 0.7439520000)
(-0.6682150000, -0.0085271180, 0.0103765600, 0.7438471000)
(-0.6681575000, -0.0084805930, 0.0103947500, 0.7438990000)
(-0.6683034000, -0.0084660050, 0.0104847600, 0.7437668000)
(-0.6682054000, -0.0085686310, 0.0103374200, 0.7438557000)
(-0.6682603000, -0.0084506130, 0.0103304100, 0.7438077000)
(-0.6681439000, -0.0084404690, 0.0103994700, 0.7439116000)
(-0.6682230000, -0.0082721980, 0.0104409500, 0.7438418000)
(-0.6682326000, -0.0083890480, 0.0105651900, 0.7438301000)
(-0.6682136000, -0.0084953690, 0.0104601800, 0.7438474000)
(-0.6681973000, -0.0083458080, 0.0104317300, 0.7438642000)
(-0.6680464000, -0.0083268110, 0.0105727500, 0.7439979000)
(-0.6681679000, -0.0083684210, 0.0105735400, 0.7438884000)
(-0.6682393000, -0.0084419750, 0.0106234900, 0.7438226000)
(-0.6681706000, -0.0084186890, 0.0105484100, 0.7438857000)
(-0.6682817000, -0.0082179120, 0.0106558400, 0.7437866000)
(-0.6682169000, -0.0082386180, 0.0106532600, 0.7438446000)
(-0.6681576000, -0.0082437900, 0.0107206500, 0.7438968000)
(-0.6682446000, -0.0083197270, 0.0105571500, 0.7438202000)
(-0.6681928000, -0.0083454910, 0.0104501000, 0.7438680000)
(-0.6682528000, -0.0082837310, 0.0104105600, 0.7438154000)
(-0.6680216000, -0.0084283360, 0.0105936900, 0.7440188000)
(-0.6680676000, -0.0083021800, 0.0105213700, 0.7439799000)
(-0.6680403000, -0.0082589450, 0.0105323100, 0.7440048000)
(-0.6682072000, -0.0083843130, 0.0105870400, 0.7438527000)
(-0.6682969000, -0.0082734530, 0.0104093900, 0.7437759000)
(-0.6682044000, -0.0083700940, 0.0104514500, 0.7438572000)
(-0.6681807000, -0.0083846220, 0.0107739700, 0.7438738000)
(-0.6683457000, -0.0082273370, 0.0106280900, 0.7437294000)
(-0.6684008000, -0.0083025410, 0.0104625800, 0.7436814000)
(-0.6684117000, -0.0082801650, 0.0106315900, 0.7436695000)
(-0.6684083000, -0.0084016500, 0.0106569200, 0.7436708000)
(-0.6682298000, -0.0083283060, 0.0106493400, 0.7438321000)
(-0.6681470000, -0.0083546350, 0.0105180200, 0.7439080000)
(-0.6683187000, -0.0083578290, 0.0105922100, 0.7437528000)
(-0.6682625000, -0.0083280880, 0.0106929200, 0.7438021000)
(-0.6682419000, -0.0083833880, 0.0105932900, 0.7438215000)
(-0.6682091000, -0.0083955360, 0.0106868000, 0.7438494000)
(-0.6682066000, -0.0084160840, 0.0108157800, 0.7438496000)
(-0.6681914000, -0.0083277770, 0.0105853500, 0.7438676000)
(-0.6682724000, -0.0083468620, 0.0106462600, 0.7437936000)
(-0.6682878000, -0.0085135970, 0.0106291000, 0.7437782000)
(-0.6681608000, -0.0083398470, 0.0104845700, 0.7438964000)
(-0.6682240000, -0.0083121750, 0.0105961600, 0.7438383000)
(-0.6682519000, -0.0084370960, 0.0105452400, 0.7438126000)
(-0.6683365000, -0.0084794180, 0.0105159000, 0.7437364000)
(-0.6683270000, -0.0084779480, 0.0105827300, 0.7437440000)
(-0.6684007000, -0.0083623020, 0.0107042000, 0.7436774000)
(-0.6683664000, -0.0084314180, 0.0106121600, 0.7437088000)
(-0.6683863000, -0.0084768750, 0.0105650500, 0.7436910000)
(-0.6683382000, -0.0084111380, 0.0105828000, 0.7437347000)
(-0.6682459000, -0.0083764160, 0.0106535300, 0.7438170000)
(-0.6680241000, -0.0082614320, 0.0104517400, 0.7440204000)
(-0.6681324000, -0.0082909700, 0.0106181600, 0.7439205000)
(-0.6681576000, -0.0082687370, 0.0106583400, 0.7438976000)
(-0.6681082000, -0.0082800280, 0.0105188700, 0.7439438000)
(-0.6680929000, -0.0082384450, 0.0106383300, 0.7439562000)
(-0.6680683000, -0.0082187520, 0.0105953100, 0.7439790000)
(-0.6680788000, -0.0083538310, 0.0105806500, 0.7439684000)
(-0.6680853000, -0.0083854650, 0.0104808200, 0.7439637000)
(-0.6682108000, -0.0083004800, 0.0106090500, 0.7438501000)
(-0.6680864000, -0.0082764730, 0.0104649600, 0.7439641000)
(-0.6680906000, -0.0083166630, 0.0105748600, 0.7439584000)
(-0.6680938000, -0.0081606380, 0.0105599200, 0.7439573000)
(-0.6681068000, -0.0082664280, 0.0102853900, 0.7439485000)
(-0.6682007000, -0.0082927520, 0.0104049300, 0.7438621000)
(-0.6682478000, -0.0082896780, 0.0103930800, 0.7438201000)
(-0.6682049000, -0.0083033300, 0.0103978100, 0.7438583000)
(-0.6680903000, -0.0083833780, 0.0104508800, 0.7439596000)
(-0.6681955000, -0.0082275600, 0.0105401900, 0.7438655000)
(-0.6681012000, -0.0084200230, 0.0104021700, 0.7439501000)
(-0.6682472000, -0.0083829760, 0.0104684400, 0.7438183000)
(-0.6681359000, -0.0084847310, 0.0104745400, 0.7439172000)
(-0.6680139000, -0.0083979800, 0.0104335000, 0.7440283000)
(-0.6681130000, -0.0083255400, 0.0103858000, 0.7439408000)
(-0.6681219000, -0.0083751750, 0.0103525300, 0.7439327000)
(-0.6682176000, -0.0082012290, 0.0105139400, 0.7438464000)
(-0.6681982000, -0.0081748060, 0.0104690100, 0.7438648000)
(-0.6680270000, -0.0083292180, 0.0104459900, 0.7440172000)
(-0.6680795000, -0.0082682280, 0.0102924700, 0.7439728000)
(-0.6681171000, -0.0082657050, 0.0103936300, 0.7439376000)
(-0.6681805000, -0.0081980540, 0.0104010100, 0.7438813000)
(-0.6681411000, -0.0082071880, 0.0103524500, 0.7439173000)
(-0.6681371000, -0.0082460740, 0.0103568700, 0.7439204000)
(-0.6680933000, -0.0081357760, 0.0103995800, 0.7439604000)
(-0.6681271000, -0.0082009220, 0.0104268700, 0.7439289000)
(-0.6682426000, -0.0081770550, 0.0103858400, 0.7438261000)
(-0.6682400000, -0.0081483610, 0.0104231900, 0.7438282000)
(-0.6682123000, -0.0082016210, 0.0103481300, 0.7438535000)
(-0.6682275000, -0.0081474870, 0.0105041900, 0.7438383000)
(-0.6683033000, -0.0081791150, 0.0103084700, 0.7437725000)
(-0.6680890000, -0.0081675320, 0.0104285500, 0.7439635000)
(-0.6680864000, -0.0083889490, 0.0104223200, 0.7439634000)
(-0.6681348000, -0.0082225080, 0.0103076600, 0.7439234000)
(-0.6681494000, -0.0083426520, 0.0103621600, 0.7439083000)
(-0.6679634000, -0.0083888610, 0.0102906600, 0.7440757000)
(-0.6681984000, -0.0081122550, 0.0103329800, 0.7438671000)
(-0.6681958000, -0.0082472200, 0.0102733800, 0.7438688000)
(-0.6682178000, -0.0082879740, 0.0103533900, 0.7438474000)
(-0.6681441000, -0.0082257290, 0.0105242700, 0.7439120000)
(-0.6681206000, -0.0081838720, 0.0103641900, 0.7439359000)
(-0.6682909000, -0.0080716650, 0.0102581200, 0.7437856000)
(-0.6682172000, -0.0082680530, 0.0103119300, 0.7438489000)
(-0.6682504000, -0.0082428600, 0.0104256800, 0.7438177000)
(-0.6680939000, -0.0081728770, 0.0102144500, 0.7439620000)
(-0.6680844000, -0.0081667610, 0.0103099900, 0.7439693000)
(-0.6682223000, -0.0082205830, 0.0103016100, 0.7438449000)
(-0.6681396000, -0.0081786030, 0.0103665400, 0.7439188000)
(-0.6681480000, -0.0083211650, 0.0102850800, 0.7439107000)
(-0.6681352000, -0.0082614680, 0.0102288400, 0.7439238000)
(-0.6682190000, -0.0083396430, 0.0103655200, 0.7438456000)
(-0.6682355000, -0.0082216970, 0.0102124300, 0.7438343000)
(-0.6682954000, -0.0082454360, 0.0102250300, 0.7437801000)
(-0.6682192000, -0.0081988300, 0.0102800400, 0.7438483000)
(-0.6683362000, -0.0082090820, 0.0103439300, 0.7437422000)
(-0.6682928000, -0.0081559480, 0.0102294500, 0.7437834000)
(-0.6684211000, -0.0081479060, 0.0103606400, 0.7436662000)
(-0.6683564000, -0.0081328670, 0.0102946700, 0.7437255000)
(-0.6681651000, -0.0082866350, 0.0102128200, 0.7438967000)
(-0.6682370000, -0.0082235570, 0.0101889100, 0.7438332000)
(-0.6681679000, -0.0080668680, 0.0102495300, 0.7438961000)
(-0.6682106000, -0.0081408820, 0.0101932800, 0.7438579000)
(-0.6681949000, -0.0082270830, 0.0102660600, 0.7438700000)
(-0.6681716000, -0.0082245300, 0.0102604400, 0.7438911000)
(-0.6682280000, -0.0081982490, 0.0102792400, 0.7438404000)
(-0.6682141000, -0.0082198140, 0.0102858400, 0.7438525000)
(-0.6681536000, -0.0081314700, 0.0103204400, 0.7439074000)
(-0.6681530000, -0.0081667820, 0.0103629900, 0.7439069000)
(-0.6681349000, -0.0082653020, 0.0103151000, 0.7439227000)
(-0.6679397000, -0.0082675710, 0.0101768500, 0.7440999000)
(-0.6681935000, -0.0081488180, 0.0103308800, 0.7438712000)
(-0.6682982000, -0.0081932700, 0.0104045800, 0.7437757000)
(-0.6679594000, -0.0080293530, 0.0103292400, 0.7440828000)
(-0.6680656000, -0.0080948640, 0.0104873700, 0.7439845000)
(-0.6680680000, -0.0081391420, 0.0103854700, 0.7439833000)
(-0.6680942000, -0.0080411770, 0.0103340100, 0.7439615000)
(-0.6681775000, -0.0080378050, 0.0103091800, 0.7438871000)
(-0.6681687000, -0.0080488090, 0.0101970400, 0.7438964000)
(-0.6680167000, -0.0080162210, 0.0103155300, 0.7440316000)
(-0.6680802000, -0.0081216790, 0.0104338200, 0.7439718000)
(-0.6681309000, -0.0080968690, 0.0103257800, 0.7439281000)
(-0.6680986000, -0.0081775910, 0.0103075300, 0.7439564000)
(-0.6683314000, -0.0081982100, 0.0103989800, 0.7437458000)
(-0.6683058000, -0.0081319490, 0.0103373900, 0.7437705000)
(-0.6681049000, -0.0080483140, 0.0103057400, 0.7439522000)
(-0.6682005000, -0.0079610660, 0.0103872400, 0.7438661000)
(-0.6682731000, -0.0080716410, 0.0102691700, 0.7438014000)
(-0.6682215000, -0.0079913250, 0.0102876100, 0.7438484000)
(-0.6682097000, -0.0080077840, 0.0103499200, 0.7438579000)
(-0.6681426000, -0.0082478180, 0.0103739900, 0.7439153000)
(-0.6681737000, -0.0081210180, 0.0102361000, 0.7438906000)
(-0.6682690000, -0.0081097130, 0.0102487100, 0.7438050000)
(-0.6681242000, -0.0081573270, 0.0103704200, 0.7439328000)
(-0.6681851000, -0.0081236960, 0.0102872200, 0.7438796000)
(-0.6681814000, -0.0081968130, 0.0102617500, 0.7438825000)
(-0.6681921000, -0.0081441240, 0.0101858300, 0.7438744000)
(-0.6682069000, -0.0082707470, 0.0101345500, 0.7438606000)
(-0.6683077000, -0.0082134510, 0.0102303500, 0.7437693000)
(-0.6682076000, -0.0081464450, 0.0103541800, 0.7438582000)
(-0.6681406000, -0.0081031430, 0.0102497200, 0.7439203000)
(-0.6681635000, -0.0081797270, 0.0103800500, 0.7438972000)
(-0.6681706000, -0.0081815480, 0.0103236900, 0.7438915000)
(-0.6681526000, -0.0080911640, 0.0103337800, 0.7439085000)
(-0.6681080000, -0.0083426730, 0.0101410500, 0.7439485000)
(-0.6680349000, -0.0081063400, 0.0102385000, 0.7440153000)
(-0.6679388000, -0.0081684860, 0.0103295600, 0.7440997000)
(-0.6681275000, -0.0081852370, 0.0102892000, 0.7439306000)
(-0.6680891000, -0.0081688070, 0.0102775600, 0.7439655000)
(-0.6681440000, -0.0082115910, 0.0101898500, 0.7439169000)
(-0.6681017000, -0.0082427600, 0.0102032300, 0.7439544000)
(-0.6680080000, -0.0082417860, 0.0101008100, 0.7440400000)
(-0.6679769000, -0.0081611330, 0.0103065500, 0.7440659000)
(-0.6679862000, -0.0082189790, 0.0101438700, 0.7440591000)
(-0.6680730000, -0.0082270180, 0.0100376300, 0.7439826000)
(-0.6678911000, -0.0080366220, 0.0101731300, 0.7441461000)
(-0.6679977000, -0.0081790530, 0.0102628600, 0.7440476000)
(-0.6681209000, -0.0082810640, 0.0102304300, 0.7439364000)
(-0.6679407000, -0.0081514210, 0.0102652700, 0.7440991000)
(-0.6681193000, -0.0081195190, 0.0100884100, 0.7439415000)
(-0.6680638000, -0.0081408240, 0.0102118100, 0.7439894000)
(-0.6681088000, -0.0082620780, 0.0102191000, 0.7439475000)
(-0.6679257000, -0.0082541230, 0.0102142000, 0.7441122000)
(-0.6681626000, -0.0083132370, 0.0100731900, 0.7439007000)
(-0.6681796000, -0.0083634710, 0.0102290000, 0.7438827000)
(-0.6682220000, -0.0081499080, 0.0101935300, 0.7438474000)
(-0.6681179000, -0.0082850130, 0.0101382500, 0.7439402000)
(-0.6681722000, -0.0083554960, 0.0101824200, 0.7438901000)
(-0.6682103000, -0.0081121340, 0.0100850700, 0.7438599000)
(-0.6682821000, -0.0081315590, 0.0101885800, 0.7437938000)
(-0.6683754000, -0.0082289140, 0.0103314800, 0.7437068000)
(-0.6683927000, -0.0081785990, 0.0100057700, 0.7436963000)
(-0.6682227000, -0.0082859470, 0.0101743500, 0.7438457000)
(-0.6682145000, -0.0083040460, 0.0102406700, 0.7438519000)
(-0.6682831000, -0.0083036360, 0.0101899600, 0.7437910000)
(-0.6682766000, -0.0082253260, 0.0103126300, 0.7437959000)
(-0.6682224000, -0.0081287160, 0.0101887300, 0.7438475000)
(-0.6682472000, -0.0082500750, 0.0102600300, 0.7438228000)
(-0.6681764000, -0.0083452280, 0.0102192600, 0.7438860000)
(-0.6682568000, -0.0082766000, 0.0102747200, 0.7438137000)
(-0.6682945000, -0.0081724120, 0.0101900300, 0.7437821000)
(-0.6682934000, -0.0083113440, 0.0100333700, 0.7437838000)
(-0.6683232000, -0.0082398860, 0.0100564100, 0.7437574000)
(-0.6683260000, -0.0082553760, 0.0101793500, 0.7437530000)
(-0.6681766000, -0.0081801940, 0.0101691400, 0.7438883000)
(-0.6681896000, -0.0083459890, 0.0101373200, 0.7438751000)
(-0.6683526000, -0.0083344540, 0.0102351300, 0.7437275000)
(-0.6681963000, -0.0083408280, 0.0099766170, 0.7438714000)
(-0.6682572000, -0.0082653440, 0.0101801300, 0.7438148000)
(-0.6680809000, -0.0082498410, 0.0101883600, 0.7439733000)
(-0.6682431000, -0.0083244620, 0.0102299500, 0.7438261000)
(-0.6682795000, -0.0082939750, 0.0101526500, 0.7437947000)
(-0.6683474000, -0.0082485960, 0.0100500000, 0.7437356000)
(-0.6682274000, -0.0082338080, 0.0101958800, 0.7438417000)
(-0.6681688000, -0.0081890850, 0.0103047800, 0.7438933000)
(-0.6681377000, -0.0081669190, 0.0102778300, 0.7439218000)
(-0.6682636000, -0.0082757250, 0.0102314600, 0.7438083000)
(-0.6681967000, -0.0082352350, 0.0102352900, 0.7438687000)
(-0.6681911000, -0.0081367580, 0.0102010000, 0.7438753000)
(-0.6681286000, -0.0083980070, 0.0101926000, 0.7439287000)
(-0.6679811000, -0.0082134770, 0.0102581600, 0.7440622000)
(-0.6680276000, -0.0082692080, 0.0102481900, 0.7440200000)
(-0.6681160000, -0.0084195730, 0.0102064600, 0.7439395000)
(-0.6679791000, -0.0082977230, 0.0100355400, 0.7440661000)
(-0.6680725000, -0.0082125440, 0.0102068500, 0.7439809000)
(-0.6681671000, -0.0082655450, 0.0102387300, 0.7438950000)
(-0.6681790000, -0.0082964900, 0.0102769500, 0.7438834000)
(-0.6681088000, -0.0082966080, 0.0102786100, 0.7439464000)
(-0.6681401000, -0.0081030670, 0.0101304500, 0.7439225000)
(-0.6682116000, -0.0082548620, 0.0101977700, 0.7438557000)
(-0.6681882000, -0.0082508500, 0.0102790900, 0.7438756000)
(-0.6682572000, -0.0082451470, 0.0102742900, 0.7438137000)
(-0.6681747000, -0.0081263640, 0.0101545400, 0.7438907000)
(-0.6680900000, -0.0083220700, 0.0103765900, 0.7439615000)
(-0.6680817000, -0.0081608810, 0.0101831700, 0.7439735000)
(-0.6680620000, -0.0081303780, 0.0103275200, 0.7439895000)
(-0.6680065000, -0.0081817650, 0.0102952000, 0.7440392000)
(-0.6681698000, -0.0081340880, 0.0103213600, 0.7438927000)
(-0.6681517000, -0.0082438930, 0.0102093700, 0.7439094000)
(-0.6680776000, -0.0082890450, 0.0104014400, 0.7439728000)
(-0.6680449000, -0.0081794020, 0.0104351800, 0.7440029000)
(-0.6680593000, -0.0082986040, 0.0104540200, 0.7439883000)
(-0.6681895000, -0.0081958490, 0.0104219100, 0.7438731000)
(-0.6680796000, -0.0081309960, 0.0103468900, 0.7439736000)
(-0.6681479000, -0.0082640060, 0.0104640100, 0.7439091000)
(-0.6680343000, -0.0082049380, 0.0103477800, 0.7440134000)
(-0.6681348000, -0.0081533670, 0.0103030300, 0.7439243000)
(-0.6681413000, -0.0080699360, 0.0103251700, 0.7439190000)
(-0.6681264000, -0.0081021650, 0.0104513200, 0.7439303000)
(-0.6681831000, -0.0082359260, 0.0103729200, 0.7438790000)
(-0.6679974000, -0.0081500260, 0.0104204500, 0.7440460000)
(-0.6681409000, -0.0081186090, 0.0104889800, 0.7439166000)
(-0.6682858000, -0.0082721510, 0.0102544700, 0.7437881000)
(-0.6681227000, -0.0081118100, 0.0104176500, 0.7439340000)
(-0.6681421000, -0.0082571880, 0.0103664300, 0.7439156000)
(-0.6681014000, -0.0083265080, 0.0103164400, 0.7439522000)
(-0.6681333000, -0.0082412520, 0.0102276900, 0.7439257000)
(-0.6680446000, -0.0084858890, 0.0103790700, 0.7440005000)
(-0.6680034000, -0.0081734000, 0.0103586300, 0.7440412000)
(-0.6681012000, -0.0083833610, 0.0104484900, 0.7439498000)
(-0.6679903000, -0.0082871650, 0.0103530600, 0.7440519000)
(-0.6679853000, -0.0083078540, 0.0103567900, 0.7440560000)
(-0.6679670000, -0.0082735710, 0.0103543100, 0.7440729000)
(-0.6680351000, -0.0084198130, 0.0103964800, 0.7440095000)
(-0.6681643000, -0.0083319120, 0.0102674700, 0.7438964000)
(-0.6682069000, -0.0084615080, 0.0102085700, 0.7438574000)
(-0.6680968000, -0.0082208220, 0.0101499100, 0.7439597000)
(-0.6681762000, -0.0083550820, 0.0102448500, 0.7438856000)
(-0.6681201000, -0.0082242080, 0.0102900300, 0.7439368000)
(-0.6681513000, -0.0083639810, 0.0101810400, 0.7439088000)
(-0.6679965000, -0.0084160240, 0.0101428400, 0.7440478000)
(-0.6681501000, -0.0082607440, 0.0102270100, 0.7439104000)
(-0.6682329000, -0.0082718310, 0.0103396200, 0.7438343000)
(-0.6681656000, -0.0083288020, 0.0102235100, 0.7438957000)
(-0.6682264000, -0.0084400110, 0.0102197900, 0.7438399000)
(-0.6681390000, -0.0082312250, 0.0102707000, 0.7439201000)
(-0.6681417000, -0.0082731470, 0.0103021300, 0.7439168000)
(-0.6681555000, -0.0082942640, 0.0102900000, 0.7439044000)
(-0.6680809000, -0.0082886640, 0.0102706400, 0.7439717000)
(-0.6681008000, -0.0083437070, 0.0102810200, 0.7439530000)
(-0.6680936000, -0.0082556800, 0.0102795500, 0.7439605000)
(-0.6680018000, -0.0082968950, 0.0103096700, 0.7440420000)
(-0.6680200000, -0.0081391160, 0.0101791800, 0.7440292000)
(-0.6680189000, -0.0083379020, 0.0103508000, 0.7440256000)
(-0.6680657000, -0.0083584790, 0.0103074200, 0.7439839000)
(-0.6680973000, -0.0082211150, 0.0102750500, 0.7439576000)
(-0.6680760000, -0.0083742290, 0.0102353700, 0.7439755000)
(-0.6679803000, -0.0084777990, 0.0101577100, 0.7440614000)
(-0.6680260000, -0.0082054950, 0.0101773500, 0.7440231000)
(-0.6680361000, -0.0083260810, 0.0101852000, 0.7440127000)
(-0.6679401000, -0.0083915740, 0.0103402400, 0.7440959000)
(-0.6680247000, -0.0083308470, 0.0103448100, 0.7440206000)
(-0.6681589000, -0.0083409920, 0.0102686500, 0.7439010000)
(-0.6680441000, -0.0083030070, 0.0102401200, 0.7440049000)
(-0.6681542000, -0.0083713450, 0.0103377900, 0.7439040000)
(-0.6679700000, -0.0083230870, 0.0101426100, 0.7440726000)
(-0.6678398000, -0.0080760350, 0.0104179100, 0.7441884000)
(-0.6679145000, -0.0081675760, 0.0103753200, 0.7441210000)
(-0.6680040000, -0.0083996980, 0.0104254400, 0.7440373000)
(-0.6680128000, -0.0082668270, 0.0103741400, 0.7440316000)
(-0.6679969000, -0.0083534090, 0.0103864600, 0.7440446000)
(-0.6678680000, -0.0082526740, 0.0104115100, 0.7441611000)
(-0.6678976000, -0.0082132680, 0.0102285400, 0.7441376000)
(-0.6680399000, -0.0083397000, 0.0104414200, 0.7440055000)
(-0.6680525000, -0.0083156260, 0.0104302500, 0.7439947000)
(-0.6680712000, -0.0082567130, 0.0103488500, 0.7439796000)
(-0.6681193000, -0.0083246660, 0.0103634500, 0.7439355000)
(-0.6681461000, -0.0084150640, 0.0103023700, 0.7439112000)
(-0.6681845000, -0.0083438070, 0.0103489600, 0.7438769000)
(-0.6681623000, -0.0083535600, 0.0104875800, 0.7438948000)
(-0.6681458000, -0.0083902270, 0.0102318300, 0.7439127000)
(-0.6681509000, -0.0084081700, 0.0104311400, 0.7439052000)
(-0.6681677000, -0.0083739620, 0.0103210100, 0.7438920000)
(-0.6680531000, -0.0084107680, 0.0103264600, 0.7439945000)
(-0.6681790000, -0.0084120680, 0.0101984100, 0.7438831000)
(-0.6679369000, -0.0084502790, 0.0102546100, 0.7440993000)
(-0.6679379000, -0.0084246520, 0.0103277400, 0.7440977000)
(-0.6680943000, -0.0083946610, 0.0103149700, 0.7439578000)
(-0.6682584000, -0.0084592300, 0.0102874900, 0.7438101000)
(-0.6682019000, -0.0084570320, 0.0102369500, 0.7438615000)
(-0.6681500000, -0.0083949440, 0.0103469000, 0.7439073000)
(-0.6683193000, -0.0084122620, 0.0102494800, 0.7437564000)
(-0.6682014000, -0.0084520900, 0.0103182600, 0.7438608000)
(-0.6682627000, -0.0082322860, 0.0103822600, 0.7438075000)
(-0.6683362000, -0.0082488220, 0.0102999600, 0.7437423000)
(-0.6683468000, -0.0083845910, 0.0104718700, 0.7437288000)
(-0.6683159000, -0.0082396780, 0.0102962100, 0.7437607000)
(-0.6683103000, -0.0082897100, 0.0103900900, 0.7437639000)
(-0.6683090000, -0.0083357680, 0.0103850500, 0.7437646000)
(-0.6684170000, -0.0084559320, 0.0103277500, 0.7436669000)
(-0.6684651000, -0.0083036010, 0.0102448500, 0.7436265000)
(-0.6684214000, -0.0083110110, 0.0104178600, 0.7436633000)
(-0.6683722000, -0.0081114050, 0.0103731300, 0.7437105000)
(-0.6683058000, -0.0081466600, 0.0104787800, 0.7437683000)
(-0.6682914000, -0.0082766460, 0.0103787100, 0.7437811000)
(-0.6682664000, -0.0083677240, 0.0103414300, 0.7438031000)
(-0.6683696000, -0.0082978700, 0.0104008300, 0.7437104000)
(-0.6683006000, -0.0083317550, 0.0105137400, 0.7437704000)
(-0.6682570000, -0.0082598810, 0.0104910600, 0.7438107000)
(-0.6683324000, -0.0082597040, 0.0104977000, 0.7437429000)
(-0.6684250000, -0.0082668660, 0.0103866600, 0.7436611000)
(-0.6684138000, -0.0083311060, 0.0104920500, 0.7436689000)
(-0.6684332000, -0.0083656320, 0.0103643200, 0.7436529000)
(-0.6683369000, -0.0081999560, 0.0104140400, 0.7437407000)
(-0.6682940000, -0.0082681350, 0.0104922700, 0.7437773000)
(-0.6682250000, -0.0082938500, 0.0101937300, 0.7438432000)
(-0.6683569000, -0.0082676280, 0.0103988100, 0.7437221000)
(-0.6682785000, -0.0082999370, 0.0104773800, 0.7437912000)
(-0.6682321000, -0.0081575800, 0.0103778800, 0.7438357000)
(-0.6682857000, -0.0082340550, 0.0105072400, 0.7437849000)
(-0.6681963000, -0.0080963270, 0.0105091100, 0.7438667000)
(-0.6682509000, -0.0081895110, 0.0104895800, 0.7438170000)
(-0.6682859000, -0.0083150950, 0.0106035100, 0.7437825000)
(-0.6682816000, -0.0082344920, 0.0105511000, 0.7437881000)
(-0.6682545000, -0.0083272170, 0.0104668400, 0.7438125000)
(-0.6682158000, -0.0083624840, 0.0105676100, 0.7438455000)
(-0.6681511000, -0.0083380240, 0.0106296500, 0.7439030000)
(-0.6681584000, -0.0081654470, 0.0105058900, 0.7439001000)
(-0.6681731000, -0.0082784330, 0.0106398700, 0.7438837000)
(-0.6681788000, -0.0083063650, 0.0105472300, 0.7438796000)
(-0.6681562000, -0.0082191720, 0.0106008800, 0.7439001000)
(-0.6681967000, -0.0083992550, 0.0107163500, 0.7438601000)
(-0.6682854000, -0.0083751600, 0.0106889200, 0.7437810000)
(-0.6682338000, -0.0083548880, 0.0107536000, 0.7438267000)
(-0.6681269000, -0.0082827770, 0.0105750800, 0.7439261000)
(-0.6682327000, -0.0083179920, 0.0105124600, 0.7438315000)
(-0.6682867000, -0.0083675440, 0.0107203600, 0.7437796000)
(-0.6683573000, -0.0083820600, 0.0105329300, 0.7437186000)
(-0.6683476000, -0.0083944170, 0.0103998000, 0.7437291000)
(-0.6683255000, -0.0083084090, 0.0106981500, 0.7437456000)
(-0.6683829000, -0.0082837770, 0.0106113900, 0.7436956000)
(-0.6682737000, -0.0083690820, 0.0105823800, 0.7437931000)
(-0.6681606000, -0.0083775580, 0.0106587600, 0.7438936000)
(-0.6680518000, -0.0083446450, 0.0105853200, 0.7439927000)
(-0.6680441000, -0.0082889900, 0.0105476100, 0.7440007000)
(-0.6681072000, -0.0084500830, 0.0106554100, 0.7439408000)
(-0.6680470000, -0.0083590390, 0.0107196100, 0.7439949000)
(-0.6681170000, -0.0084257410, 0.0106809200, 0.7439318000)
(-0.6682075000, -0.0084336320, 0.0106130900, 0.7438515000)
(-0.6682321000, -0.0084738970, 0.0106397600, 0.7438286000)
(-0.6682855000, -0.0083468400, 0.0107088800, 0.7437810000)
(-0.6683316000, -0.0084483480, 0.0106955300, 0.7437387000)
(-0.6682589000, -0.0083994170, 0.0107539800, 0.7438037000)
(-0.6682479000, -0.0084041110, 0.0106645900, 0.7438148000)
(-0.6682207000, -0.0084638720, 0.0106435900, 0.7438388000)
(-0.6683063000, -0.0083423780, 0.0106450900, 0.7437633000)
(-0.6681294000, -0.0083313620, 0.0108052600, 0.7439201000)
(-0.6681588000, -0.0083908960, 0.0107601400, 0.7438936000)
(-0.6681292000, -0.0083410540, 0.0107408000, 0.7439210000)
(-0.6681603000, -0.0083648660, 0.0108186200, 0.7438917000)
(-0.6680989000, -0.0083984270, 0.0106305600, 0.7439492000)
(-0.6681057000, -0.0084657160, 0.0108186600, 0.7439395000)
(-0.6681541000, -0.0083971410, 0.0106936900, 0.7438987000)
(-0.6680534000, -0.0084311680, 0.0107153200, 0.7439884000)
(-0.6681857000, -0.0085035920, 0.0106968100, 0.7438691000)
(-0.6682104000, -0.0085454460, 0.0108097300, 0.7438447000)
(-0.6681331000, -0.0083783290, 0.0107575500, 0.7439168000)
(-0.6681107000, -0.0083552300, 0.0108202100, 0.7439364000)
(-0.6682889000, -0.0084851870, 0.0108121300, 0.7437749000)
(-0.6682615000, -0.0083228760, 0.0108060100, 0.7438014000)
(-0.6682480000, -0.0085995390, 0.0106588200, 0.7438126000)
(-0.6682975000, -0.0085351190, 0.0107560100, 0.7437674000)
(-0.6682845000, -0.0084387090, 0.0107023700, 0.7437810000)
(-0.6681615000, -0.0084579240, 0.0107448800, 0.7438906000)
(-0.6681901000, -0.0085122490, 0.0107551100, 0.7438642000)
(-0.6681717000, -0.0084691670, 0.0106553900, 0.7438827000)
(-0.6682952000, -0.0084833150, 0.0107431400, 0.7437702000)
(-0.6683748000, -0.0084941660, 0.0107622500, 0.7436984000)
(-0.6681289000, -0.0085380800, 0.0107943100, 0.7439182000)
(-0.6680090000, -0.0085064610, 0.0107014300, 0.7440276000)
(-0.6680598000, -0.0086684130, 0.0107200100, 0.7439799000)
(-0.6682259000, -0.0085994660, 0.0108039900, 0.7438303000)
(-0.6682233000, -0.0086999540, 0.0108024800, 0.7438315000)
(-0.6681755000, -0.0085298200, 0.0108226000, 0.7438762000)
(-0.6680177000, -0.0085077400, 0.0107792100, 0.7440187000)
(-0.6681775000, -0.0085541430, 0.0107629400, 0.7438749000)
(-0.6682746000, -0.0085977100, 0.0107334100, 0.7437875000)
(-0.6681624000, -0.0087111870, 0.0107336300, 0.7438871000)
(-0.6682416000, -0.0086877430, 0.0108576800, 0.7438144000)
(-0.6682223000, -0.0086273330, 0.0107984900, 0.7438332000)
(-0.6682549000, -0.0085698800, 0.0108373700, 0.7438040000)
(-0.6681603000, -0.0086917220, 0.0108148800, 0.7438880000)
(-0.6681736000, -0.0085752380, 0.0106732000, 0.7438795000)
(-0.6681869000, -0.0085860410, 0.0106928100, 0.7438671000)
(-0.6681175000, -0.0085801410, 0.0106361200, 0.7439303000)
(-0.6680616000, -0.0085126650, 0.0106186800, 0.7439816000)
(-0.6681368000, -0.0087248360, 0.0107503700, 0.7439096000)
(-0.6682311000, -0.0086046730, 0.0106251500, 0.7438281000)
(-0.6682345000, -0.0085550690, 0.0107488700, 0.7438239000)
(-0.6681839000, -0.0086415750, 0.0107678100, 0.7438681000)
(-0.6681871000, -0.0086844410, 0.0107395600, 0.7438651000)
(-0.6681439000, -0.0086738540, 0.0107422000, 0.7439040000)
(-0.6681582000, -0.0085900570, 0.0106877100, 0.7438929000)
(-0.6681324000, -0.0085949330, 0.0107412100, 0.7439153000)
(-0.6680897000, -0.0085185810, 0.0106144600, 0.7439563000)
(-0.6679378000, -0.0085537240, 0.0107383200, 0.7440906000)
(-0.6681572000, -0.0084722660, 0.0107988800, 0.7438935000)
(-0.6681997000, -0.0085732710, 0.0107585700, 0.7438549000)
(-0.6681814000, -0.0086079410, 0.0107539900, 0.7438709000)
(-0.6681854000, -0.0086473230, 0.0108590700, 0.7438653000)
(-0.6681080000, -0.0085569920, 0.0106656100, 0.7439387000)
(-0.6681878000, -0.0084934340, 0.0108280900, 0.7438654000)
(-0.6680784000, -0.0086197840, 0.0107748200, 0.7439629000)
(-0.6680264000, -0.0084652810, 0.0108077800, 0.7440110000)
(-0.6679966000, -0.0085521860, 0.0108406500, 0.7440362000)
(-0.6682318000, -0.0084791020, 0.0108713100, 0.7438254000)
(-0.6682219000, -0.0085436150, 0.0108333200, 0.7438341000)
(-0.6681393000, -0.0085482170, 0.0107719200, 0.7439092000)
(-0.6681083000, -0.0084283210, 0.0106723500, 0.7439398000)
(-0.6681080000, -0.0085249190, 0.0107492500, 0.7439378000)
(-0.6680378000, -0.0085333570, 0.0106566000, 0.7440021000)
(-0.6679985000, -0.0084673860, 0.0106579100, 0.7440382000)
(-0.6680840000, -0.0084549820, 0.0106596400, 0.7439615000)
(-0.6681664000, -0.0085098640, 0.0106134000, 0.7438875000)
(-0.6681440000, -0.0084632500, 0.0107229800, 0.7439066000)
(-0.6681519000, -0.0085791070, 0.0107618600, 0.7438976000)
(-0.6681121000, -0.0084925120, 0.0108016500, 0.7439338000)
(-0.6681401000, -0.0085272080, 0.0108382900, 0.7439077000)
(-0.6681763000, -0.0086836250, 0.0107585400, 0.7438745000)
(-0.6682224000, -0.0085617320, 0.0107164700, 0.7438352000)
(-0.6681586000, -0.0085739410, 0.0105951100, 0.7438940000)
(-0.6682121000, -0.0087265960, 0.0106868700, 0.7438430000)
(-0.6683005000, -0.0086929310, 0.0107779800, 0.7437626000)
(-0.6683489000, -0.0086686060, 0.0107409900, 0.7437199000)
(-0.6682587000, -0.0087102880, 0.0106223600, 0.7438022000)
(-0.6683817000, -0.0086716260, 0.0106637100, 0.7436915000)
(-0.6683429000, -0.0086522360, 0.0105202000, 0.7437286000)
(-0.6681556000, -0.0086849880, 0.0106164200, 0.7438952000)
(-0.6682699000, -0.0087337000, 0.0106833100, 0.7437910000)
(-0.6682583000, -0.0088326400, 0.0105641600, 0.7438019000)
(-0.6683290000, -0.0087142140, 0.0105948500, 0.7437394000)
(-0.6682675000, -0.0086555490, 0.0107235100, 0.7437934000)
(-0.6682215000, -0.0087236950, 0.0104956500, 0.7438372000)
(-0.6683632000, -0.0085677300, 0.0104506100, 0.7437123000)
(-0.6683281000, -0.0085873620, 0.0105576900, 0.7437421000)
(-0.6684646000, -0.0087206140, 0.0105521500, 0.7436180000)
(-0.6684074000, -0.0084918960, 0.0107351300, 0.7436695000)
(-0.6683648000, -0.0086068640, 0.0107435100, 0.7437063000)
(-0.6683081000, -0.0086191150, 0.0106760300, 0.7437581000)
(-0.6683071000, -0.0085293030, 0.0105699100, 0.7437615000)
(-0.6683324000, -0.0085466710, 0.0105370600, 0.7437391000)
(-0.6683480000, -0.0085958840, 0.0106414200, 0.7437230000)
(-0.6683306000, -0.0085662950, 0.0108143000, 0.7437364000)
(-0.6682738000, -0.0085279530, 0.0106404300, 0.7437905000)
(-0.6682233000, -0.0085494250, 0.0105767200, 0.7438365000)
(-0.6683531000, -0.0086405810, 0.0106165600, 0.7437182000)
(-0.6683784000, -0.0084826310, 0.0107364800, 0.7436956000)
(-0.6683413000, -0.0084659930, 0.0105740300, 0.7437314000)
(-0.6681581000, -0.0085737510, 0.0106729600, 0.7438934000)
(-0.6681492000, -0.0086593450, 0.0108372100, 0.7438980000)
(-0.6682048000, -0.0086012630, 0.0106316000, 0.7438517000)
(-0.6682805000, -0.0086377560, 0.0107993500, 0.7437809000)
(-0.6682849000, -0.0084633040, 0.0108028500, 0.7437789000)
(-0.6683325000, -0.0086060010, 0.0107279600, 0.7437356000)
(-0.6682077000, -0.0085816040, 0.0106903600, 0.7438485000)
(-0.6682797000, -0.0085588790, 0.0107608600, 0.7437831000)
(-0.6682004000, -0.0086594790, 0.0105960400, 0.7438556000)
(-0.6682525000, -0.0085163290, 0.0106359400, 0.7438098000)
(-0.6682305000, -0.0086579370, 0.0107140300, 0.7438268000)
(-0.6682189000, -0.0086225080, 0.0107459600, 0.7438372000)
(-0.6682639000, -0.0085604200, 0.0106505600, 0.7437989000)
(-0.6681615000, -0.0087273900, 0.0105385200, 0.7438904000)
(-0.6681284000, -0.0086480520, 0.0104778100, 0.7439220000)
(-0.6680925000, -0.0086274320, 0.0105998000, 0.7439528000)
(-0.6681149000, -0.0086610590, 0.0106196200, 0.7439320000)
(-0.6682102000, -0.0087103770, 0.0105482200, 0.7438467000)
(-0.6681553000, -0.0087514850, 0.0104769300, 0.7438966000)
(-0.6680772000, -0.0085680940, 0.0104945700, 0.7439686000)
(-0.6680153000, -0.0086634860, 0.0103670200, 0.7440250000)
(-0.6680734000, -0.0087021460, 0.0104313400, 0.7439714000)
(-0.6680681000, -0.0086818560, 0.0104010700, 0.7439768000)
(-0.6682255000, -0.0087701270, 0.0103681700, 0.7438349000)
(-0.6682284000, -0.0085780910, 0.0104044700, 0.7438340000)
(-0.6682480000, -0.0088589340, 0.0103176500, 0.7438143000)
(-0.6682146000, -0.0088471160, 0.0103008100, 0.7438447000)
(-0.6681615000, -0.0087815530, 0.0103205100, 0.7438929000)
(-0.6681651000, -0.0088212050, 0.0103711900, 0.7438884000)
(-0.6682996000, -0.0087277710, 0.0103321800, 0.7437693000)
(-0.6682300000, -0.0087680650, 0.0104326000, 0.7438299000)
(-0.6682417000, -0.0087951780, 0.0103759700, 0.7438200000)
(-0.6682021000, -0.0087396090, 0.0103066500, 0.7438571000)
(-0.6681921000, -0.0087042870, 0.0103553300, 0.7438658000)
(-0.6682827000, -0.0087566340, 0.0103351700, 0.7437841000)
(-0.6682192000, -0.0086966540, 0.0103306400, 0.7438419000)
(-0.6682231000, -0.0086426480, 0.0104412700, 0.7438375000)
(-0.6681321000, -0.0087228020, 0.0104425400, 0.7439183000)
(-0.6681619000, -0.0085639810, 0.0103958000, 0.7438940000)
(-0.6681663000, -0.0086579230, 0.0103396300, 0.7438898000)
(-0.6681399000, -0.0087592630, 0.0103930700, 0.7439115000)
(-0.6682004000, -0.0086352950, 0.0103793600, 0.7438588000)
(-0.6681617000, -0.0086372570, 0.0102649600, 0.7438952000)
(-0.6682143000, -0.0087188550, 0.0103070700, 0.7438464000)
(-0.6683121000, -0.0086226250, 0.0103305700, 0.7437593000)
(-0.6682650000, -0.0086555900, 0.0104122500, 0.7438001000)
(-0.6683123000, -0.0086941090, 0.0104724000, 0.7437564000)
(-0.6682268000, -0.0086026060, 0.0104174600, 0.7438350000)
(-0.6681776000, -0.0085748560, 0.0105215200, 0.7438781000)
(-0.6682269000, -0.0085295810, 0.0104025800, 0.7438359000)
(-0.6681998000, -0.0085643690, 0.0105065800, 0.7438584000)
(-0.6681446000, -0.0087031500, 0.0105452900, 0.7439058000)
(-0.6680575000, -0.0085369460, 0.0104309900, 0.7439876000)
(-0.6680602000, -0.0086000600, 0.0105175400, 0.7439833000)
(-0.6681256000, -0.0086047270, 0.0104675500, 0.7439251000)
(-0.6680927000, -0.0085839960, 0.0104462700, 0.7439552000)
(-0.6680185000, -0.0085339360, 0.0104119300, 0.7440228000)
(-0.6680285000, -0.0085987940, 0.0104765900, 0.7440123000)
(-0.6680855000, -0.0085111700, 0.0103569300, 0.7439638000)
(-0.6681368000, -0.0085919660, 0.0103541100, 0.7439168000)
(-0.6680208000, -0.0085332850, 0.0103743600, 0.7440214000)
(-0.6680122000, -0.0085525190, 0.0105168900, 0.7440269000)
(-0.6680379000, -0.0084850620, 0.0104699700, 0.7440053000)
(-0.6681228000, -0.0086542220, 0.0103724300, 0.7439284000)
(-0.6680356000, -0.0085697910, 0.0103148100, 0.7440085000)
(-0.6680811000, -0.0084956810, 0.0104088800, 0.7439672000)
(-0.6680362000, -0.0084961930, 0.0103481300, 0.7440084000)
(-0.6679232000, -0.0084098260, 0.0103777900, 0.7441104000)
(-0.6680799000, -0.0084345600, 0.0103764500, 0.7439695000)
(-0.6681814000, -0.0084181610, 0.0103969600, 0.7438782000)
(-0.6680266000, -0.0085580840, 0.0104482000, 0.7440149000)
(-0.6680799000, -0.0083538910, 0.0103481500, 0.7439707000)
(-0.6680582000, -0.0085309010, 0.0103163700, 0.7439886000)
(-0.6681643000, -0.0084798540, 0.0103236700, 0.7438939000)
(-0.6681942000, -0.0083143090, 0.0103952500, 0.7438678000)
(-0.6680764000, -0.0085115120, 0.0102996600, 0.7439728000)
(-0.6681511000, -0.0085245540, 0.0104662600, 0.7439032000)
(-0.6681347000, -0.0084070610, 0.0105015200, 0.7439187000)
(-0.6680211000, -0.0084005360, 0.0103511000, 0.7440230000)
(-0.6680292000, -0.0084518110, 0.0106041700, 0.7440115000)
(-0.6679849000, -0.0083537520, 0.0104654600, 0.7440544000)
(-0.6681286000, -0.0084059410, 0.0103338100, 0.7439266000)
(-0.6681256000, -0.0083005180, 0.0104348600, 0.7439290000)
(-0.6682426000, -0.0083816410, 0.0103347700, 0.7438245000)
(-0.6681607000, -0.0082561020, 0.0104702100, 0.7438976000)
(-0.6681766000, -0.0083945200, 0.0104140500, 0.7438825000)
(-0.6682518000, -0.0083620480, 0.0104569600, 0.7438148000)
(-0.6681496000, -0.0083829290, 0.0104143400, 0.7439069000)
(-0.6681178000, -0.0082939470, 0.0102933900, 0.7439381000)
(-0.6680762000, -0.0082926640, 0.0104162500, 0.7439738000)
(-0.6681557000, -0.0082692070, 0.0103998500, 0.7439029000)
(-0.6681222000, -0.0083242570, 0.0104078100, 0.7439322000)
(-0.6681194000, -0.0083239080, 0.0104573800, 0.7439340000)
(-0.6679904000, -0.0082407010, 0.0103424600, 0.7440524000)
(-0.6681689000, -0.0082620280, 0.0103973600, 0.7438911000)
(-0.6681868000, -0.0082897800, 0.0104143900, 0.7438745000)
(-0.6681942000, -0.0083471120, 0.0103461400, 0.7438682000)
(-0.6683079000, -0.0084206470, 0.0104001900, 0.7437644000)
(-0.6681988000, -0.0083842990, 0.0104896300, 0.7438616000)
(-0.6682644000, -0.0084591630, 0.0103951700, 0.7438032000)
(-0.6682360000, -0.0084503560, 0.0104458300, 0.7438281000)
(-0.6683053000, -0.0084150880, 0.0104587800, 0.7437660000)
(-0.6681777000, -0.0084089650, 0.0102653600, 0.7438834000)
(-0.6681431000, -0.0083386070, 0.0104954300, 0.7439121000)
(-0.6681172000, -0.0085134110, 0.0104437000, 0.7439341000)
(-0.6680176000, -0.0084721380, 0.0105122800, 0.7440231000)
(-0.6680421000, -0.0084980670, 0.0105094800, 0.7440007000)
(-0.6680126000, -0.0084174450, 0.0105606100, 0.7440276000)
(-0.6681187000, -0.0083762590, 0.0105068200, 0.7439334000)
(-0.6682308000, -0.0084852160, 0.0104939300, 0.7438317000)
(-0.6682379000, -0.0084426010, 0.0105737200, 0.7438247000)
(-0.6681823000, -0.0084070310, 0.0105954700, 0.7438747000)
(-0.6680984000, -0.0083800710, 0.0104512300, 0.7439523000)
(-0.6681563000, -0.0084565900, 0.0105849100, 0.7438976000)
(-0.6681968000, -0.0084331420, 0.0104867600, 0.7438629000)
(-0.6683105000, -0.0084936100, 0.0104746700, 0.7437602000)
(-0.6683249000, -0.0084406710, 0.0104477000, 0.7437482000)
(-0.6682397000, -0.0085044770, 0.0104565100, 0.7438240000)
(-0.6682640000, -0.0084229880, 0.0104129500, 0.7438037000)
(-0.6682274000, -0.0083653310, 0.0104066300, 0.7438373000)
(-0.6681426000, -0.0082262760, 0.0103692600, 0.7439155000)
(-0.6682044000, -0.0081833000, 0.0104985100, 0.7438587000)
(-0.6681470000, -0.0083008560, 0.0106376600, 0.7439070000)
(-0.6680851000, -0.0082757720, 0.0104708300, 0.7439652000)
(-0.6679794000, -0.0084742550, 0.0104792200, 0.7440578000)
(-0.6681157000, -0.0083611420, 0.0105168200, 0.7439361000)
(-0.6682118000, -0.0082132270, 0.0104305100, 0.7438527000)
(-0.6681876000, -0.0083180140, 0.0105003200, 0.7438723000)
(-0.6682959000, -0.0083816510, 0.0105488600, 0.7437736000)
(-0.6680595000, -0.0082648760, 0.0106272600, 0.7439861000)
(-0.6680745000, -0.0083176110, 0.0104364900, 0.7439747000)
(-0.6680911000, -0.0083128300, 0.0105237500, 0.7439586000)
(-0.6681491000, -0.0082198900, 0.0104553400, 0.7439085000)
(-0.6681887000, -0.0083668780, 0.0105110700, 0.7438706000)
(-0.6681892000, -0.0081855640, 0.0104293500, 0.7438733000)
(-0.6681232000, -0.0082055160, 0.0104383900, 0.7439322000)
(-0.6682067000, -0.0083632280, 0.0105186100, 0.7438543000)
(-0.6681749000, -0.0083776470, 0.0104608500, 0.7438836000)
(-0.6683805000, -0.0084437900, 0.0104917800, 0.7436976000)
(-0.6682002000, -0.0083786560, 0.0105120600, 0.7438601000)
(-0.6681598000, -0.0085165450, 0.0105741300, 0.7438940000)
(-0.6683089000, -0.0083376020, 0.0104022800, 0.7437645000)
(-0.6683229000, -0.0083630080, 0.0104606700, 0.7437508000)
(-0.6682847000, -0.0082760620, 0.0105168500, 0.7437853000)
(-0.6683344000, -0.0083733270, 0.0104744200, 0.7437401000)
(-0.6682523000, -0.0084094820, 0.0104446500, 0.7438139000)
(-0.6682864000, -0.0082817540, 0.0105099200, 0.7437838000)
(-0.6682716000, -0.0083325340, 0.0104730500, 0.7437970000)
(-0.6682265000, -0.0084005340, 0.0104999500, 0.7438364000)
(-0.6681373000, -0.0083970160, 0.0104379200, 0.7439175000)
(-0.6682063000, -0.0083704390, 0.0104972400, 0.7438549000)
(-0.6681409000, -0.0083551610, 0.0105076100, 0.7439137000)
(-0.6682539000, -0.0084742990, 0.0104256600, 0.7438120000)
(-0.6682323000, -0.0084297910, 0.0103413200, 0.7438331000)
(-0.6681195000, -0.0083487740, 0.0104104800, 0.7439344000)
(-0.6682426000, -0.0083272920, 0.0103991600, 0.7438242000)
(-0.6682094000, -0.0084688680, 0.0104482400, 0.7438517000)
(-0.6682657000, -0.0083077070, 0.0104149700, 0.7438034000)
(-0.6683236000, -0.0083054520, 0.0104286100, 0.7437512000)
(-0.6682582000, -0.0083539390, 0.0103570700, 0.7438105000)
(-0.6681832000, -0.0085155120, 0.0104088800, 0.7438753000)
(-0.6682543000, -0.0084066160, 0.0105037000, 0.7438113000)
(-0.6682640000, -0.0084513580, 0.0105222000, 0.7438018000)
(-0.6681970000, -0.0083429420, 0.0105264600, 0.7438632000)
(-0.6681650000, -0.0085425100, 0.0105254500, 0.7438897000)
(-0.6683667000, -0.0083180680, 0.0103618000, 0.7437133000)
(-0.6681564000, -0.0083356440, 0.0104105200, 0.7439013000)
(-0.6681318000, -0.0084230470, 0.0104908800, 0.7439213000)
(-0.6681008000, -0.0083212950, 0.0104171700, 0.7439514000)
(-0.6680776000, -0.0083571580, 0.0105532200, 0.7439699000)
(-0.6680924000, -0.0083993520, 0.0106652800, 0.7439545000)
(-0.6682395000, -0.0085220520, 0.0104535900, 0.7438239000)
(-0.6681734000, -0.0083475210, 0.0104985800, 0.7438847000)
(-0.6681637000, -0.0084312310, 0.0104155200, 0.7438936000)
(-0.6682495000, -0.0082761240, 0.0103705600, 0.7438189000)
(-0.6681008000, -0.0083708620, 0.0104991000, 0.7439497000)
(-0.6681013000, -0.0083062280, 0.0104684700, 0.7439504000)
(-0.6679649000, -0.0083673110, 0.0103994200, 0.7440731000)
(-0.6681800000, -0.0084527980, 0.0105357900, 0.7438770000)
(-0.6680979000, -0.0083075600, 0.0102654300, 0.7439561000)
(-0.6682588000, -0.0082863380, 0.0103540000, 0.7438107000)
(-0.6681403000, -0.0083934170, 0.0105110300, 0.7439138000)
(-0.6680331000, -0.0082660070, 0.0104019600, 0.7440130000)
(-0.6680622000, -0.0082913110, 0.0104139300, 0.7439864000)
(-0.6681415000, -0.0083887200, 0.0104701400, 0.7439133000)
(-0.6681198000, -0.0084321120, 0.0105251200, 0.7439314000)
(-0.6681139000, -0.0083649510, 0.0104607500, 0.7439384000)
(-0.6680717000, -0.0083521460, 0.0104417400, 0.7439768000)
(-0.6681150000, -0.0083644950, 0.0103570900, 0.7439390000)
(-0.6680442000, -0.0084421020, 0.0102927600, 0.7440025000)
(-0.6682503000, -0.0084436380, 0.0103840700, 0.7438162000)
(-0.6680908000, -0.0083688580, 0.0102927900, 0.7439615000)
(-0.6681750000, -0.0083742500, 0.0103068900, 0.7438856000)
(-0.6680354000, -0.0082328520, 0.0103269200, 0.7440124000)
(-0.6681464000, -0.0083250800, 0.0103294000, 0.7439116000)
(-0.6680637000, -0.0084078380, 0.0102190000, 0.7439865000)
(-0.6679441000, -0.0083216960, 0.0102766200, 0.7440940000)
(-0.6680946000, -0.0082902340, 0.0103063800, 0.7439588000)
(-0.6680846000, -0.0082591500, 0.0103115300, 0.7439681000)
(-0.6680935000, -0.0083390740, 0.0103591400, 0.7439585000)
(-0.6681059000, -0.0084425040, 0.0103948300, 0.7439457000)
(-0.6680751000, -0.0083173710, 0.0103360300, 0.7439756000)
(-0.6680683000, -0.0083945970, 0.0103301000, 0.7439809000)
(-0.6679729000, -0.0083129010, 0.0102609400, 0.7440685000)
(-0.6679813000, -0.0082813210, 0.0103443900, 0.7440601000)
(-0.6681101000, -0.0084359910, 0.0104011000, 0.7439419000)
(-0.6679112000, -0.0083291760, 0.0102998100, 0.7441232000)
(-0.6680846000, -0.0084515040, 0.0105379000, 0.7439628000)
(-0.6679422000, -0.0083265300, 0.0103946300, 0.7440940000)
(-0.6680619000, -0.0083535430, 0.0103812600, 0.7439864000)
(-0.6680363000, -0.0085903370, 0.0102152200, 0.7440090000)
(-0.6680220000, -0.0084098230, 0.0102900000, 0.7440228000)
(-0.6680124000, -0.0084686940, 0.0103160800, 0.7440305000)
(-0.6679822000, -0.0084947770, 0.0102312200, 0.7440585000)
(-0.6679692000, -0.0083238960, 0.0102501700, 0.7440717000)
(-0.6680057000, -0.0085086080, 0.0103399400, 0.7440357000)
(-0.6679417000, -0.0085091530, 0.0103093300, 0.7440936000)
(-0.6678934000, -0.0084377720, 0.0102518900, 0.7441385000)
(-0.6678300000, -0.0083490210, 0.0103965600, 0.7441944000)
(-0.6679308000, -0.0082803020, 0.0102808700, 0.7441064000)
(-0.6679794000, -0.0083588940, 0.0103279500, 0.7440612000)
(-0.6679465000, -0.0083273620, 0.0102981900, 0.7440914000)
(-0.6679441000, -0.0083106230, 0.0103657500, 0.7440928000)
(-0.6679308000, -0.0084259580, 0.0103567500, 0.7441036000)
(-0.6679804000, -0.0083470170, 0.0101056300, 0.7440634000)
(-0.6678474000, -0.0081867020, 0.0102302400, 0.7441829000)
(-0.6678324000, -0.0084263440, 0.0103305200, 0.7441924000)
(-0.6678219000, -0.0084774480, 0.0102541500, 0.7442022000)
(-0.6678753000, -0.0084559730, 0.0102969400, 0.7441540000)
(-0.6679500000, -0.0084524410, 0.0103031100, 0.7440869000)
(-0.6680242000, -0.0082636240, 0.0102890700, 0.7440225000)
(-0.6679795000, -0.0084026600, 0.0102039100, 0.7440623000)
(-0.6679648000, -0.0083581390, 0.0102532400, 0.7440754000)
(-0.6678875000, -0.0083417150, 0.0104378300, 0.7441424000)
(-0.6678688000, -0.0083277090, 0.0102869000, 0.7441614000)
(-0.6679348000, -0.0082847500, 0.0102287300, 0.7441034000)
(-0.6680371000, -0.0084711670, 0.0102127300, 0.7440097000)
(-0.6679382000, -0.0083556440, 0.0102242500, 0.7440997000)
(-0.6680554000, -0.0083085250, 0.0102055100, 0.7439952000)
(-0.6680965000, -0.0082471960, 0.0101770200, 0.7439593000)
(-0.6680412000, -0.0083576860, 0.0102020400, 0.7440075000)
(-0.6681137000, -0.0084106380, 0.0103117400, 0.7439402000)
(-0.6680693000, -0.0083607170, 0.0102322000, 0.7439818000)
(-0.6680573000, -0.0082505770, 0.0103604300, 0.7439920000)
(-0.6680365000, -0.0084503470, 0.0103356000, 0.7440088000)
(-0.6681172000, -0.0084376570, 0.0103401800, 0.7439364000)
(-0.6680191000, -0.0082770770, 0.0102220600, 0.7440280000)
(-0.6679232000, -0.0083208660, 0.0103434400, 0.7441118000)
(-0.6679206000, -0.0082921420, 0.0103059600, 0.7441150000)
(-0.6681557000, -0.0083177500, 0.0102258100, 0.7439047000)
(-0.6680803000, -0.0084163620, 0.0103710900, 0.7439694000)
(-0.6680868000, -0.0083199190, 0.0102458600, 0.7439663000)
(-0.6680722000, -0.0083973170, 0.0103033200, 0.7439777000)
(-0.6681296000, -0.0083393390, 0.0102266700, 0.7439280000)
(-0.6680425000, -0.0082755270, 0.0102314100, 0.7440068000)
(-0.6681012000, -0.0083450810, 0.0103407000, 0.7439518000)
(-0.6681278000, -0.0083967340, 0.0104371200, 0.7439260000)
(-0.6680613000, -0.0084466690, 0.0101359300, 0.7439893000)
(-0.6680837000, -0.0083197850, 0.0103572700, 0.7439675000)
(-0.6680034000, -0.0081843600, 0.0104168600, 0.7440403000)
(-0.6679044000, -0.0082947400, 0.0101218300, 0.7441320000)
(-0.6681099000, -0.0083662080, 0.0102964000, 0.7439443000)
(-0.6679649000, -0.0083291900, 0.0104113200, 0.7440734000)
(-0.6678819000, -0.0082965070, 0.0101150800, 0.7441523000)
(-0.6680007000, -0.0083270550, 0.0102154000, 0.7440439000)
(-0.6679145000, -0.0082439620, 0.0103002500, 0.7441211000)
(-0.6679164000, -0.0082144710, 0.0103665000, 0.7441188000)
(-0.6680370000, -0.0082347110, 0.0103699400, 0.7440103000)
(-0.6679421000, -0.0082905640, 0.0104713800, 0.7440934000)
(-0.6679530000, -0.0083073420, 0.0102819000, 0.7440861000)
(-0.6681278000, -0.0083508970, 0.0102555400, 0.7439291000)
(-0.6682527000, -0.0083644820, 0.0102502400, 0.7438168000)
(-0.6682301000, -0.0081680890, 0.0103182300, 0.7438383000)
(-0.6682383000, -0.0084309130, 0.0104288700, 0.7438264000)
(-0.6681886000, -0.0083694750, 0.0102823300, 0.7438738000)
(-0.6682457000, -0.0083620650, 0.0102463100, 0.7438231000)
(-0.6680868000, -0.0083653600, 0.0100832900, 0.7439680000)
(-0.6681247000, -0.0081855180, 0.0101532900, 0.7439350000)
(-0.6681379000, -0.0080173280, 0.0101899500, 0.7439245000)
(-0.6681087000, -0.0082263630, 0.0101371400, 0.7439492000)
(-0.6680146000, -0.0082265960, 0.0101867500, 0.7440330000)
(-0.6681647000, -0.0081849920, 0.0102812100, 0.7438974000)
(-0.6680319000, -0.0082324550, 0.0102010700, 0.7440172000)
(-0.6682310000, -0.0082553980, 0.0101653200, 0.7438387000)
(-0.6680022000, -0.0082062090, 0.0101802300, 0.7440444000)
(-0.6680856000, -0.0080619030, 0.0102066800, 0.7439708000)
(-0.6681206000, -0.0082544190, 0.0102498400, 0.7439367000)
(-0.6680467000, -0.0081229780, 0.0102527400, 0.7440044000)
(-0.6680617000, -0.0081842410, 0.0102357700, 0.7439905000)
(-0.6681054000, -0.0082255850, 0.0101870300, 0.7439514000)
(-0.6681371000, -0.0082180250, 0.0103251400, 0.7439212000)
(-0.6681968000, -0.0081045930, 0.0102187300, 0.7438703000)
(-0.6681175000, -0.0080359090, 0.0100970200, 0.7439440000)
(-0.6681640000, -0.0081942560, 0.0101678500, 0.7438994000)
(-0.6679949000, -0.0080650440, 0.0102116600, 0.7440521000)
(-0.6681418000, -0.0082355160, 0.0101400900, 0.7439193000)
(-0.6681737000, -0.0080974230, 0.0102279400, 0.7438910000)
(-0.6681737000, -0.0080733440, 0.0101001500, 0.7438930000)
(-0.6680657000, -0.0082403650, 0.0101823400, 0.7439870000)
(-0.6679084000, -0.0083433850, 0.0101729300, 0.7441273000)
(-0.6678832000, -0.0081236500, 0.0102267400, 0.7441516000)
(-0.6679838000, -0.0081273230, 0.0100910600, 0.7440631000)
(-0.6680627000, -0.0082186130, 0.0100646000, 0.7439915000)
(-0.6681445000, -0.0081664030, 0.0099882510, 0.7439197000)
(-0.6680595000, -0.0080017390, 0.0101457400, 0.7439957000)
(-0.6679711000, -0.0081119010, 0.0101175700, 0.7440742000)
(-0.6679371000, -0.0081254830, 0.0100903200, 0.7441050000)
(-0.6680356000, -0.0080772650, 0.0101181000, 0.7440167000)
(-0.6681837000, -0.0081732200, 0.0100950100, 0.7438830000)
(-0.6682307000, -0.0081433890, 0.0100707100, 0.7438415000)
(-0.6680851000, -0.0081112050, 0.0100084800, 0.7439734000)
(-0.6680627000, -0.0081694220, 0.0100379500, 0.7439924000)
(-0.6681731000, -0.0082182680, 0.0099962510, 0.7438933000)
(-0.6682084000, -0.0082318170, 0.0100367600, 0.7438610000)
(-0.6681185000, -0.0081700590, 0.0100447000, 0.7439423000)
(-0.6681079000, -0.0081555530, 0.0099677210, 0.7439530000)
(-0.6681426000, -0.0081525000, 0.0100329900, 0.7439210000)
(-0.6680425000, -0.0082052280, 0.0100403400, 0.7440102000)
(-0.6680058000, -0.0081934100, 0.0099861820, 0.7440440000)
(-0.6679778000, -0.0082627400, 0.0099769060, 0.7440685000)
(-0.6680004000, -0.0081778190, 0.0098853270, 0.7440503000)
(-0.6680151000, -0.0080985800, 0.0099123520, 0.7440377000)
(-0.6679972000, -0.0080287040, 0.0101029200, 0.7440519000)
(-0.6680806000, -0.0080794380, 0.0099437350, 0.7439787000)
(-0.6679821000, -0.0081698480, 0.0101365100, 0.7440634000)
(-0.6679278000, -0.0080000350, 0.0100548600, 0.7441152000)
(-0.6679621000, -0.0081755010, 0.0100476200, 0.7440826000)
(-0.6678352000, -0.0081299970, 0.0100768500, 0.7441966000)
(-0.6679300000, -0.0081527100, 0.0100695500, 0.7441114000)
(-0.6681266000, -0.0081290300, 0.0102939700, 0.7439320000)
(-0.6680793000, -0.0080175290, 0.0100897300, 0.7439784000)
(-0.6681439000, -0.0081606500, 0.0101065100, 0.7439187000)
(-0.6680822000, -0.0081661510, 0.0100294400, 0.7439751000)
(-0.6682466000, -0.0081196080, 0.0100186500, 0.7438281000)
(-0.6680895000, -0.0081041500, 0.0100418500, 0.7439690000)
(-0.6680959000, -0.0081213110, 0.0100887800, 0.7439625000)
(-0.6680781000, -0.0079909640, 0.0101554500, 0.7439789000)
(-0.6680525000, -0.0080633890, 0.0101027600, 0.7440019000)
(-0.6681480000, -0.0081270040, 0.0100744800, 0.7439157000)
(-0.6679454000, -0.0079939320, 0.0100342300, 0.7440998000)
(-0.6679344000, -0.0080622020, 0.0100702300, 0.7441084000)
(-0.6679522000, -0.0080736780, 0.0100119000, 0.7440931000)
(-0.6679461000, -0.0079896920, 0.0100394800, 0.7440990000)
(-0.6679783000, -0.0079993820, 0.0102523900, 0.7440672000)
(-0.6679991000, -0.0080137100, 0.0102680300, 0.7440481000)
(-0.6678831000, -0.0080724640, 0.0100844100, 0.7441542000)
(-0.6679008000, -0.0081319660, 0.0102325300, 0.7441356000)
(-0.6679276000, -0.0080385330, 0.0101058800, 0.7441142000)
(-0.6680345000, -0.0081903910, 0.0101824500, 0.7440156000)
(-0.6680958000, -0.0081467360, 0.0103122300, 0.7439592000)
(-0.6680614000, -0.0081223610, 0.0101617000, 0.7439924000)
(-0.6680074000, -0.0080807910, 0.0102437400, 0.7440403000)
(-0.6680392000, -0.0081187260, 0.0102058300, 0.7440118000)
(-0.6680021000, -0.0080031760, 0.0102308600, 0.7440460000)
(-0.6679544000, -0.0079565420, 0.0103841800, 0.7440873000)
(-0.6680765000, -0.0078623700, 0.0103403500, 0.7439792000)
(-0.6681595000, -0.0079889120, 0.0103593400, 0.7439031000)
(-0.6679638000, -0.0080858250, 0.0104254200, 0.7440768000)
(-0.6680119000, -0.0080065350, 0.0103247700, 0.7440359000)
(-0.6680548000, -0.0078798660, 0.0105271200, 0.7439959000)
(-0.6679033000, -0.0080350820, 0.0104187700, 0.7441318000)
(-0.6680108000, -0.0079741070, 0.0104613300, 0.7440354000)
(-0.6678807000, -0.0079110300, 0.0103661100, 0.7441541000)
(-0.6679277000, -0.0080072370, 0.0103683500, 0.7441109000)
(-0.6680664000, -0.0079043660, 0.0104669000, 0.7439861000)
(-0.6679464000, -0.0079155730, 0.0102627600, 0.7440965000)
(-0.6680451000, -0.0079480320, 0.0102412000, 0.7440079000)
(-0.6678952000, -0.0081529440, 0.0104673900, 0.7441370000)
(-0.6679012000, -0.0080400260, 0.0104906500, 0.7441326000)
(-0.6680284000, -0.0078887650, 0.0104332000, 0.7440209000)
(-0.6680985000, -0.0080155160, 0.0105079400, 0.7439555000)
(-0.6680628000, -0.0079548600, 0.0104271000, 0.7439893000)
(-0.6680549000, -0.0080727170, 0.0103839200, 0.7439958000)
(-0.6680650000, -0.0079675150, 0.0104773500, 0.7439865000)
(-0.6680104000, -0.0079511340, 0.0103587800, 0.7440374000)
(-0.6679955000, -0.0081200900, 0.0103572700, 0.7440490000)
(-0.6679310000, -0.0079255280, 0.0104686100, 0.7441075000)
(-0.6679383000, -0.0079560290, 0.0104032300, 0.7441014000)
(-0.6679727000, -0.0078779190, 0.0104461200, 0.7440708000)
(-0.6679720000, -0.0079719310, 0.0104533300, 0.7440703000)
(-0.6677945000, -0.0080744890, 0.0103933300, 0.7442294000)
(-0.6678160000, -0.0079159110, 0.0104095500, 0.7442116000)
(-0.6679396000, -0.0078754850, 0.0105333900, 0.7440993000)
(-0.6678343000, -0.0079089950, 0.0105106700, 0.7441938000)
(-0.6680010000, -0.0078963950, 0.0103497500, 0.7440465000)
(-0.6678825000, -0.0079822750, 0.0105568000, 0.7441491000)
(-0.6681011000, -0.0080839510, 0.0105363000, 0.7439520000)
(-0.6681613000, -0.0078872360, 0.0104792700, 0.7439009000)
(-0.6680877000, -0.0079750930, 0.0104566000, 0.7439663000)
(-0.6682064000, -0.0080652620, 0.0104959500, 0.7438582000)
(-0.6681391000, -0.0079638330, 0.0105733700, 0.7439187000)
(-0.6680072000, -0.0079450630, 0.0104942100, 0.7440384000)
(-0.6680369000, -0.0079037630, 0.0104337900, 0.7440130000)
(-0.6679844000, -0.0078657260, 0.0103697700, 0.7440615000)
(-0.6681563000, -0.0078375970, 0.0103440800, 0.7439078000)
(-0.6680041000, -0.0078502470, 0.0104883500, 0.7440423000)
(-0.6679794000, -0.0079645450, 0.0104805400, 0.7440634000)
(-0.6681138000, -0.0079258620, 0.0105170900, 0.7439426000)
(-0.6678332000, -0.0079571070, 0.0106075400, 0.7441928000)
(-0.6678275000, -0.0078595920, 0.0106000000, 0.7441990000)
(-0.6680664000, -0.0080271810, 0.0104395900, 0.7439851000)
(-0.6680477000, -0.0080332290, 0.0105086400, 0.7440009000)
(-0.6680545000, -0.0080172370, 0.0104152400, 0.7439963000)
(-0.6679487000, -0.0079351370, 0.0104859800, 0.7440912000)
(-0.6681572000, -0.0080715840, 0.0102752500, 0.7439054000)
(-0.6681362000, -0.0080030660, 0.0105563900, 0.7439211000)
(-0.6682293000, -0.0080068060, 0.0104991700, 0.7438383000)
(-0.6681220000, -0.0080691820, 0.0103442000, 0.7439361000)
(-0.6680948000, -0.0078461130, 0.0103894800, 0.7439623000)
(-0.6681574000, -0.0079691780, 0.0104759300, 0.7439035000)
(-0.6681440000, -0.0080135050, 0.0103663400, 0.7439166000)
(-0.6681205000, -0.0080191320, 0.0103583100, 0.7439378000)
(-0.6681399000, -0.0080889180, 0.0102680500, 0.7439209000)
(-0.6680703000, -0.0080544730, 0.0102739500, 0.7439837000)
(-0.6680080000, -0.0080398030, 0.0103510200, 0.7440387000)
(-0.6680622000, -0.0081582390, 0.0103345600, 0.7439890000)
(-0.6680238000, -0.0081058750, 0.0101471300, 0.7440265000)
(-0.6680927000, -0.0081675830, 0.0103850100, 0.7439608000)
(-0.6680474000, -0.0080241380, 0.0101660600, 0.7440060000)
(-0.6680864000, -0.0080605750, 0.0102940200, 0.7439689000)
(-0.6680719000, -0.0081918090, 0.0103457800, 0.7439798000)
(-0.6680379000, -0.0079477980, 0.0104341800, 0.7440116000)
(-0.6682175000, -0.0081044470, 0.0103552900, 0.7438498000)
(-0.6680313000, -0.0080034240, 0.0104074500, 0.7440174000)
(-0.6681653000, -0.0079701650, 0.0104322600, 0.7438971000)
(-0.6680297000, -0.0080190060, 0.0104042200, 0.7440187000)
(-0.6680647000, -0.0081845030, 0.0104379400, 0.7439851000)
(-0.6681134000, -0.0080686810, 0.0104645500, 0.7439422000)
(-0.6681112000, -0.0080183350, 0.0103904100, 0.7439458000)
(-0.6681593000, -0.0078524380, 0.0104515400, 0.7439034000)
(-0.6682008000, -0.0080989970, 0.0103093400, 0.7438655000)
(-0.6680923000, -0.0080159090, 0.0104460700, 0.7439619000)
(-0.6680850000, -0.0079855720, 0.0104574500, 0.7439687000)
(-0.6680694000, -0.0081015560, 0.0104310500, 0.7439817000)
(-0.6680437000, -0.0081110990, 0.0104112600, 0.7440051000)
(-0.6681837000, -0.0080296380, 0.0104887100, 0.7438791000)
(-0.6681628000, -0.0079420900, 0.0104356700, 0.7438996000)
(-0.6681219000, -0.0079225580, 0.0103187300, 0.7439381000)
(-0.6680776000, -0.0079684740, 0.0102487400, 0.7439784000)
(-0.6680487000, -0.0080742930, 0.0104758000, 0.7440001000)
(-0.6680850000, -0.0081489380, 0.0104107100, 0.7439675000)
(-0.6680458000, -0.0081049400, 0.0104583800, 0.7440025000)
(-0.6681449000, -0.0080751890, 0.0104892600, 0.7439134000)
(-0.6680106000, -0.0081231450, 0.0102660500, 0.7440366000)
(-0.6680832000, -0.0081907110, 0.0102692500, 0.7439707000)
(-0.6680883000, -0.0081579760, 0.0104799900, 0.7439635000)
(-0.6680223000, -0.0081454260, 0.0103394800, 0.7440249000)
(-0.6680697000, -0.0081746690, 0.0102837000, 0.7439827000)
(-0.6680697000, -0.0080991810, 0.0103614500, 0.7439825000)
(-0.6680803000, -0.0082081550, 0.0103670200, 0.7439716000)
(-0.6681368000, -0.0081705600, 0.0104083700, 0.7439207000)
(-0.6681023000, -0.0081705630, 0.0103856200, 0.7439522000)
(-0.6680720000, -0.0081323870, 0.0103002800, 0.7439809000)
(-0.6680152000, -0.0081029140, 0.0103462300, 0.7440316000)
(-0.6679776000, -0.0082219300, 0.0103749900, 0.7440637000)
(-0.6680877000, -0.0082239410, 0.0101956400, 0.7439674000)
(-0.6681616000, -0.0081240270, 0.0104242200, 0.7438987000)
(-0.6680714000, -0.0082950520, 0.0102601500, 0.7439802000)
(-0.6680799000, -0.0082397460, 0.0102637500, 0.7439732000)
(-0.6680084000, -0.0081659420, 0.0103698000, 0.7440367000)
(-0.6679949000, -0.0081065690, 0.0101934400, 0.7440519000)
(-0.6680393000, -0.0081860800, 0.0104600800, 0.7440074000)
(-0.6680630000, -0.0081981960, 0.0102995400, 0.7439883000)
(-0.6681650000, -0.0081027820, 0.0103059800, 0.7438976000)
(-0.6680235000, -0.0081757690, 0.0104021900, 0.7440227000)
(-0.6679606000, -0.0081633410, 0.0104362400, 0.7440787000)
(-0.6680025000, -0.0082909260, 0.0103581000, 0.7440408000)
(-0.6679762000, -0.0083049820, 0.0103884700, 0.7440638000)
(-0.6679768000, -0.0081102900, 0.0103923100, 0.7440654000)
(-0.6678981000, -0.0081884210, 0.0103954300, 0.7441351000)
(-0.6680677000, -0.0081581740, 0.0103854500, 0.7439834000)
(-0.6679904000, -0.0083793660, 0.0103775800, 0.7440503000)
(-0.6680480000, -0.0082214610, 0.0104500000, 0.7439994000)
(-0.6681191000, -0.0081093330, 0.0102854100, 0.7439392000)
(-0.6680616000, -0.0083173130, 0.0103244800, 0.7439879000)
(-0.6680169000, -0.0082814540, 0.0102784400, 0.7440291000)
(-0.6680638000, -0.0082544810, 0.0104277200, 0.7439852000)
(-0.6680130000, -0.0083021930, 0.0103988400, 0.7440307000)
(-0.6679358000, -0.0084068100, 0.0104207700, 0.7440985000)
(-0.6679602000, -0.0082727760, 0.0102245100, 0.7440808000)
(-0.6679427000, -0.0082929180, 0.0102415400, 0.7440961000)
(-0.6679604000, -0.0081979330, 0.0102188500, 0.7440816000)
(-0.6679122000, -0.0082409670, 0.0102718800, 0.7441235000)
(-0.6679199000, -0.0081715700, 0.0101089900, 0.7441197000)
(-0.6679627000, -0.0082039810, 0.0101062100, 0.7440810000)
(-0.6679069000, -0.0081171630, 0.0101197900, 0.7441318000)
(-0.6679704000, -0.0081452990, 0.0101793800, 0.7440737000)
(-0.6679615000, -0.0083218320, 0.0101919000, 0.7440795000)
(-0.6680832000, -0.0081957880, 0.0102003700, 0.7439716000)
(-0.6679929000, -0.0081668280, 0.0102872600, 0.7440517000)
(-0.6680087000, -0.0082378100, 0.0102715900, 0.7440369000)
(-0.6679236000, -0.0082215900, 0.0102843700, 0.7441134000)
(-0.6679502000, -0.0081824780, 0.0103449300, 0.7440891000)
(-0.6680357000, -0.0082528870, 0.0101984900, 0.7440136000)
(-0.6680110000, -0.0081963360, 0.0103629700, 0.7440342000)
(-0.6678914000, -0.0083509950, 0.0102990200, 0.7441406000)
(-0.6678730000, -0.0081801740, 0.0103175700, 0.7441589000)
(-0.6678739000, -0.0080897790, 0.0103728000, 0.7441583000)
(-0.6679136000, -0.0082128600, 0.0101956600, 0.7441236000)
(-0.6679306000, -0.0082396670, 0.0103072300, 0.7441067000)
(-0.6679113000, -0.0082065990, 0.0102848100, 0.7441246000)
(-0.6678069000, -0.0082028020, 0.0102926500, 0.7442182000)
(-0.6679730000, -0.0081811720, 0.0103387600, 0.7440688000)
(-0.6679431000, -0.0082679930, 0.0104152500, 0.7440936000)
(-0.6680626000, -0.0082196870, 0.0101940000, 0.7439899000)
(-0.6679476000, -0.0081985780, 0.0101801200, 0.7440936000)
(-0.6679747000, -0.0082850070, 0.0103359000, 0.7440661000)
(-0.6679871000, -0.0082994870, 0.0101844000, 0.7440569000)
(-0.6678988000, -0.0083070220, 0.0105644800, 0.7441308000)
(-0.6680292000, -0.0083507160, 0.0101856700, 0.7440184000)
(-0.6680570000, -0.0082932150, 0.0101720700, 0.7439944000)
(-0.6679916000, -0.0084063380, 0.0102801400, 0.7440503000)
(-0.6679597000, -0.0082945070, 0.0103055100, 0.7440798000)
(-0.6679122000, -0.0082391870, 0.0101790200, 0.7441248000)
(-0.6680561000, -0.0083423230, 0.0102913700, 0.7439930000)
(-0.6680930000, -0.0082313810, 0.0103033100, 0.7439609000)
(-0.6680718000, -0.0083437010, 0.0102319300, 0.7439798000)
(-0.6679688000, -0.0082535650, 0.0103011100, 0.7440723000)
(-0.6679879000, -0.0082852040, 0.0101221700, 0.7440572000)
(-0.6680699000, -0.0085225650, 0.0103404200, 0.7439779000)
(-0.6680256000, -0.0083414860, 0.0102353500, 0.7440212000)
(-0.6680310000, -0.0083462810, 0.0101610400, 0.7440172000)
(-0.6679843000, -0.0083360200, 0.0101875700, 0.7440590000)
(-0.6680049000, -0.0082752970, 0.0101322600, 0.7440419000)
(-0.6679590000, -0.0083780430, 0.0102833900, 0.7440799000)
(-0.6680158000, -0.0082032160, 0.0102395600, 0.7440315000)
(-0.6681293000, -0.0083103980, 0.0102525100, 0.7439281000)
(-0.6680157000, -0.0081826150, 0.0102932100, 0.7440311000)
(-0.6681139000, -0.0083839620, 0.0103915900, 0.7439392000)
(-0.6680387000, -0.0082083070, 0.0102774000, 0.7440103000)
(-0.6679514000, -0.0082441360, 0.0104974400, 0.7440852000)
(-0.6680369000, -0.0082797730, 0.0102876500, 0.7440109000)
(-0.6680106000, -0.0082800330, 0.0102887100, 0.7440346000)
(-0.6680633000, -0.0083108610, 0.0102268900, 0.7439877000)
(-0.6681523000, -0.0082356860, 0.0102252200, 0.7439087000)
(-0.6681400000, -0.0082312220, 0.0102721200, 0.7439191000)
(-0.6681033000, -0.0082862460, 0.0103930700, 0.7439498000)
(-0.6680692000, -0.0082617680, 0.0102365500, 0.7439829000)
(-0.6680491000, -0.0082716230, 0.0103348400, 0.7439995000)
(-0.6680770000, -0.0082045130, 0.0104146000, 0.7439740000)
(-0.6682209000, -0.0083632100, 0.0104009300, 0.7438433000)
(-0.6680278000, -0.0082450140, 0.0103348000, 0.7440189000)
(-0.6681139000, -0.0082839080, 0.0103983200, 0.7439402000)
(-0.6681526000, -0.0081684280, 0.0104152000, 0.7439066000)
(-0.6680240000, -0.0082073850, 0.0102323900, 0.7440242000)
(-0.6681434000, -0.0082210620, 0.0103236200, 0.7439155000)
(-0.6680708000, -0.0082394050, 0.0103670400, 0.7439799000)
(-0.6681230000, -0.0082250140, 0.0102235000, 0.7439352000)
(-0.6681116000, -0.0081922590, 0.0101880600, 0.7439463000)
(-0.6680490000, -0.0082476510, 0.0103239300, 0.7440000000)
(-0.6681343000, -0.0082600910, 0.0103090000, 0.7439234000)
(-0.6679415000, -0.0083393850, 0.0102330800, 0.7440966000)
(-0.6680613000, -0.0081510850, 0.0103431300, 0.7439898000)
(-0.6679147000, -0.0081522990, 0.0103369600, 0.7441214000)
(-0.6679717000, -0.0082882490, 0.0104050400, 0.7440679000)
(-0.6679898000, -0.0082237210, 0.0103909300, 0.7440525000)
(-0.6680461000, -0.0081899610, 0.0103330900, 0.7440031000)
(-0.6681068000, -0.0083053040, 0.0103382100, 0.7439473000)
(-0.6680374000, -0.0082237750, 0.0104202000, 0.7440093000)
(-0.6680850000, -0.0081595800, 0.0102966000, 0.7439690000)
(-0.6680364000, -0.0082285030, 0.0104134500, 0.7440102000)
(-0.6680388000, -0.0083152740, 0.0103524000, 0.7440080000)
(-0.6680731000, -0.0082090050, 0.0103359900, 0.7439786000)
(-0.6680598000, -0.0082166960, 0.0102338000, 0.7439919000)
(-0.6679980000, -0.0083079110, 0.0104828900, 0.7440429000)
(-0.6678841000, -0.0082154700, 0.0103164600, 0.7441485000)
(-0.6679130000, -0.0081803740, 0.0104980600, 0.7441204000)
(-0.6680402000, -0.0082475080, 0.0102480800, 0.7440090000)
(-0.6681463000, -0.0082264870, 0.0103214400, 0.7439129000)
(-0.6679748000, -0.0081872150, 0.0103820100, 0.7440664000)
(-0.6679492000, -0.0081359850, 0.0104115800, 0.7440896000)
(-0.6680704000, -0.0082935390, 0.0103765200, 0.7439795000)
(-0.6680955000, -0.0081819410, 0.0103892800, 0.7439581000)
(-0.6681360000, -0.0082366840, 0.0102970900, 0.7439224000)
(-0.6681200000, -0.0082586270, 0.0104956600, 0.7439337000)
(-0.6680591000, -0.0083663120, 0.0105653200, 0.7439862000)
(-0.6680154000, -0.0082898760, 0.0104122500, 0.7440285000)
(-0.6678768000, -0.0083695990, 0.0102916300, 0.7441537000)
(-0.6679817000, -0.0082669300, 0.0104010400, 0.7440591000)
(-0.6679559000, -0.0083929230, 0.0103261800, 0.7440819000)
(-0.6678833000, -0.0082789450, 0.0103371500, 0.7441481000)
(-0.6680753000, -0.0082485230, 0.0103973600, 0.7439753000)
(-0.6680804000, -0.0082203850, 0.0103309400, 0.7439719000)
(-0.6680238000, -0.0083265020, 0.0102631600, 0.7440226000)
(-0.6679824000, -0.0083091030, 0.0103483800, 0.7440588000)
(-0.6679091000, -0.0083372000, 0.0102766900, 0.7441252000)
(-0.6680207000, -0.0083826120, 0.0101553800, 0.7440261000)
(-0.6680444000, -0.0083504130, 0.0103185900, 0.7440030000)
(-0.6679913000, -0.0083626870, 0.0100665000, 0.7440540000)
(-0.6680012000, -0.0083521080, 0.0102910000, 0.7440422000)
(-0.6679314000, -0.0083932380, 0.0103158800, 0.7441041000)
(-0.6679835000, -0.0084368600, 0.0103448100, 0.7440563000)
(-0.6680266000, -0.0083648910, 0.0103467400, 0.7440184000)
(-0.6680113000, -0.0084091360, 0.0103359400, 0.7440318000)
(-0.6680252000, -0.0084842250, 0.0103374400, 0.7440186000)
(-0.6681296000, -0.0084069360, 0.0104418800, 0.7439243000)
(-0.6680650000, -0.0083452790, 0.0102950900, 0.7439850000)
(-0.6681031000, -0.0084443510, 0.0103015900, 0.7439495000)
(-0.6680104000, -0.0084255560, 0.0102962100, 0.7440330000)
(-0.6679880000, -0.0083636830, 0.0104409000, 0.7440518000)
(-0.6679341000, -0.0084821090, 0.0104308800, 0.7440990000)
(-0.6680042000, -0.0083942930, 0.0105359700, 0.7440356000)
(-0.6680514000, -0.0082208100, 0.0104228200, 0.7439967000)
(-0.6678759000, -0.0083126570, 0.0103526300, 0.7441542000)
(-0.6677603000, -0.0083880420, 0.0104198500, 0.7442563000)
(-0.6677556000, -0.0082831060, 0.0102271700, 0.7442643000)
(-0.6678601000, -0.0082215590, 0.0104008000, 0.7441688000)
(-0.6678328000, -0.0083765020, 0.0103328700, 0.7441925000)
(-0.6677519000, -0.0083242250, 0.0104737500, 0.7442636000)
(-0.6678678000, -0.0083441240, 0.0103240400, 0.7441616000)
(-0.6680564000, -0.0084166420, 0.0105528200, 0.7439883000)
(-0.6681083000, -0.0083123990, 0.0105732100, 0.7439425000)
(-0.6679852000, -0.0083323160, 0.0103858000, 0.7440554000)
(-0.6680681000, -0.0083182730, 0.0103824700, 0.7439812000)
(-0.6680323000, -0.0084623420, 0.0103846300, 0.7440116000)
(-0.6681944000, -0.0084687590, 0.0104403000, 0.7438653000)
(-0.6681292000, -0.0084043170, 0.0105035400, 0.7439237000)
(-0.6680453000, -0.0085573810, 0.0103638000, 0.7439992000)
(-0.6680245000, -0.0084856000, 0.0103344800, 0.7440192000)
(-0.6680542000, -0.0084292020, 0.0104139300, 0.7439920000)
(-0.6680639000, -0.0082531340, 0.0104093800, 0.7439854000)
(-0.6681299000, -0.0083397680, 0.0103280500, 0.7439263000)
(-0.6681070000, -0.0083592180, 0.0104110000, 0.7439454000)
(-0.6681003000, -0.0083305820, 0.0104375000, 0.7439514000)
(-0.6681124000, -0.0082901730, 0.0104090900, 0.7439414000)
(-0.6680964000, -0.0083141750, 0.0103674300, 0.7439561000)
(-0.6680824000, -0.0083129830, 0.0104326100, 0.7439678000)
(-0.6681300000, -0.0084209490, 0.0104200900, 0.7439240000)
(-0.6681027000, -0.0083794970, 0.0104804400, 0.7439480000)
(-0.6680527000, -0.0082487720, 0.0105239300, 0.7439938000)
(-0.6680470000, -0.0084096410, 0.0105266700, 0.7439971000)
(-0.6680680000, -0.0083907890, 0.0103967900, 0.7439803000)
(-0.6680399000, -0.0083692360, 0.0104235200, 0.7440054000)
(-0.6680678000, -0.0083118480, 0.0103212500, 0.7439824000)
(-0.6680797000, -0.0081979730, 0.0105275000, 0.7439701000)
(-0.6679659000, -0.0082213550, 0.0104513900, 0.7440731000)
(-0.6679569000, -0.0083171320, 0.0105507100, 0.7440787000)
(-0.6679621000, -0.0083250370, 0.0104316900, 0.7440756000)
(-0.6680939000, -0.0083394500, 0.0103846400, 0.7439578000)
(-0.6680714000, -0.0083278190, 0.0104912000, 0.7439766000)
(-0.6681181000, -0.0083116520, 0.0104933300, 0.7439349000)
(-0.6680323000, -0.0082131410, 0.0105038000, 0.7440128000)
(-0.6679503000, -0.0083581540, 0.0104932800, 0.7440850000)
(-0.6680112000, -0.0082886150, 0.0104273500, 0.7440321000)
(-0.6679502000, -0.0084717650, 0.0105420100, 0.7440832000)
(-0.6679830000, -0.0083622610, 0.0104424900, 0.7440563000)
(-0.6680012000, -0.0084135520, 0.0104758700, 0.7440389000)
(-0.6679111000, -0.0082479310, 0.0105300900, 0.7441209000)
(-0.6680455000, -0.0083516760, 0.0105945700, 0.7439982000)
(-0.6679595000, -0.0082282740, 0.0105101600, 0.7440779000)
(-0.6680464000, -0.0082319670, 0.0104342100, 0.7440010000)
(-0.6681017000, -0.0083515290, 0.0104231700, 0.7439501000)
(-0.6679763000, -0.0081918540, 0.0104900000, 0.7440636000)
(-0.6680608000, -0.0081195760, 0.0103754300, 0.7439901000)
(-0.6679014000, -0.0082841770, 0.0105415300, 0.7441290000)
(-0.6679578000, -0.0081228490, 0.0104513300, 0.7440815000)
(-0.6678939000, -0.0081612100, 0.0104572900, 0.7441383000)
(-0.6679468000, -0.0081271590, 0.0105191300, 0.7440904000)
(-0.6678543000, -0.0080377500, 0.0105730200, 0.7441735000)
(-0.6679673000, -0.0082972190, 0.0103771900, 0.7440720000)
(-0.6678923000, -0.0082847350, 0.0104479600, 0.7441385000)
(-0.6678299000, -0.0081171980, 0.0104691500, 0.7441961000)
(-0.6679381000, -0.0082937860, 0.0103769400, 0.7440983000)
(-0.6678603000, -0.0081455750, 0.0105144600, 0.7441679000)
(-0.6678991000, -0.0081636040, 0.0104853600, 0.7441332000)
(-0.6678713000, -0.0082116830, 0.0104131400, 0.7441586000)
(-0.6678390000, -0.0081623010, 0.0103934600, 0.7441885000)
(-0.6678426000, -0.0082227450, 0.0105688900, 0.7441822000)
(-0.6679606000, -0.0081365600, 0.0104302100, 0.7440791000)
(-0.6679226000, -0.0080923980, 0.0103917400, 0.7441142000)
(-0.6679347000, -0.0082279130, 0.0104855000, 0.7441006000)
(-0.6680858000, -0.0081713190, 0.0103945500, 0.7439669000)
(-0.6680377000, -0.0081627840, 0.0105441600, 0.7440080000)
(-0.6679875000, -0.0082701850, 0.0105418300, 0.7440518000)
(-0.6679367000, -0.0082229940, 0.0105200400, 0.7440983000)
(-0.6679509000, -0.0083100140, 0.0104935100, 0.7440850000)
(-0.6680946000, -0.0080989750, 0.0105444400, 0.7439576000)
(-0.6679812000, -0.0082014800, 0.0106044100, 0.7440574000)
(-0.6681235000, -0.0081266270, 0.0105429100, 0.7439313000)
(-0.6680506000, -0.0083759410, 0.0104062400, 0.7439960000)
(-0.6681347000, -0.0082789860, 0.0104697400, 0.7439206000)
(-0.6679848000, -0.0083099530, 0.0107236900, 0.7440512000)
(-0.6680695000, -0.0082917530, 0.0105809200, 0.7439775000)
(-0.6680829000, -0.0081834730, 0.0104318900, 0.7439688000)
(-0.6681333000, -0.0082141370, 0.0105215500, 0.7439218000)
(-0.6680350000, -0.0079943970, 0.0105729000, 0.7440119000)
(-0.6681598000, -0.0081558860, 0.0105423200, 0.7438984000)
(-0.6681235000, -0.0081699800, 0.0106673700, 0.7439291000)
(-0.6680334000, -0.0081437030, 0.0105590100, 0.7440119000)
(-0.6680744000, -0.0081553270, 0.0104546700, 0.7439764000)
(-0.6680634000, -0.0082440890, 0.0104525400, 0.7439854000)
(-0.6680961000, -0.0082058840, 0.0105334500, 0.7439552000)
(-0.6681449000, -0.0081418990, 0.0105489800, 0.7439119000)
(-0.6681886000, -0.0081955520, 0.0106129900, 0.7438712000)
(-0.6681767000, -0.0080703290, 0.0106050200, 0.7438833000)
(-0.6681680000, -0.0081433450, 0.0106061700, 0.7438903000)
(-0.6680289000, -0.0080799910, 0.0105508200, 0.7440166000)
(-0.6680591000, -0.0081606420, 0.0105237300, 0.7439892000)
(-0.6680178000, -0.0081977250, 0.0105988300, 0.7440247000)
(-0.6680151000, -0.0081254800, 0.0104856400, 0.7440295000)
(-0.6680862000, -0.0081394820, 0.0106575100, 0.7439630000)
(-0.6680422000, -0.0081880980, 0.0106389200, 0.7440023000)
(-0.6679762000, -0.0082359650, 0.0106350600, 0.7440611000)
(-0.6680213000, -0.0082773860, 0.0106699500, 0.7440197000)
(-0.6679621000, -0.0082394990, 0.0106647300, 0.7440733000)
(-0.6680080000, -0.0082775480, 0.0105499800, 0.7440333000)
(-0.6680185000, -0.0082997470, 0.0106557600, 0.7440221000)
(-0.6680937000, -0.0082136630, 0.0105234200, 0.7439574000)
(-0.6680751000, -0.0083700340, 0.0106783400, 0.7439702000)
(-0.6680418000, -0.0082183660, 0.0105301200, 0.7440038000)
(-0.6680805000, -0.0082870120, 0.0104985200, 0.7439688000)
(-0.6681296000, -0.0083098230, 0.0105502500, 0.7439238000)
(-0.6680383000, -0.0082913780, 0.0104304000, 0.7440076000)
(-0.6681588000, -0.0083014840, 0.0105413400, 0.7438978000)
(-0.6680709000, -0.0082696910, 0.0106926500, 0.7439749000)
(-0.6680115000, -0.0081913580, 0.0106695000, 0.7440293000)
(-0.6678958000, -0.0083528420, 0.0106593100, 0.7441316000)
(-0.6680608000, -0.0082567730, 0.0107247200, 0.7439836000)
(-0.6679364000, -0.0082989370, 0.0107087700, 0.7440950000)
(-0.6679536000, -0.0081063300, 0.0104751200, 0.7440851000)
(-0.6681719000, -0.0082608310, 0.0105895800, 0.7438858000)
(-0.6680455000, -0.0082897150, 0.0105651800, 0.7439992000)
(-0.6682023000, -0.0083346770, 0.0104408700, 0.7438596000)
(-0.6682371000, -0.0084022990, 0.0104365000, 0.7438277000)
(-0.6680907000, -0.0083649120, 0.0104639600, 0.7439592000)
(-0.6681906000, -0.0083717320, 0.0106128200, 0.7438673000)
(-0.6681332000, -0.0083869740, 0.0106249500, 0.7439186000)
(-0.6681207000, -0.0084146990, 0.0104376200, 0.7439321000)
(-0.6680414000, -0.0083770100, 0.0104816400, 0.7440032000)
(-0.6680631000, -0.0085097480, 0.0105342100, 0.7439814000)
(-0.6681950000, -0.0084595470, 0.0105710300, 0.7438630000)
(-0.6681485000, -0.0083886490, 0.0105226000, 0.7439062000)
(-0.6681265000, -0.0083725690, 0.0105428400, 0.7439259000)
(-0.6681134000, -0.0084669510, 0.0104848200, 0.7439374000)
(-0.6681054000, -0.0084280880, 0.0104401600, 0.7439457000)
(-0.6681211000, -0.0083417470, 0.0105970500, 0.7439304000)
(-0.6680723000, -0.0084199640, 0.0104376800, 0.7439755000)
(-0.6679925000, -0.0084647530, 0.0105528800, 0.7440451000)
(-0.6680313000, -0.0085215190, 0.0105960600, 0.7440090000)
(-0.6679441000, -0.0084990440, 0.0105031700, 0.7440889000)
(-0.6681194000, -0.0084425880, 0.0104777800, 0.7439324000)
(-0.6680604000, -0.0085029450, 0.0106017000, 0.7439830000)
(-0.6680608000, -0.0084455200, 0.0105293800, 0.7439843000)
(-0.6680193000, -0.0085451640, 0.0105030700, 0.7440208000)
(-0.6681090000, -0.0084341280, 0.0105520100, 0.7439408000)
(-0.6681283000, -0.0084318810, 0.0105206400, 0.7439240000)
(-0.6681033000, -0.0084505790, 0.0105497000, 0.7439458000)
(-0.6680974000, -0.0085457850, 0.0105054700, 0.7439506000)
(-0.6680673000, -0.0084212360, 0.0106668000, 0.7439768000)
(-0.6681716000, -0.0085677070, 0.0106571400, 0.7438815000)
(-0.6681085000, -0.0084206300, 0.0105352700, 0.7439417000)
(-0.6681564000, -0.0085390650, 0.0105688900, 0.7438968000)
(-0.6681135000, -0.0085544790, 0.0104318800, 0.7439371000)
(-0.6682043000, -0.0083881520, 0.0104941600, 0.7438565000)
(-0.6681100000, -0.0084956000, 0.0105382500, 0.7439395000)
(-0.6680872000, -0.0083910230, 0.0104890300, 0.7439618000)
(-0.6681144000, -0.0083465950, 0.0105188700, 0.7439375000)
(-0.6680937000, -0.0083549410, 0.0105641000, 0.7439553000)
(-0.6679601000, -0.0083938840, 0.0105307900, 0.7440752000)
(-0.6680892000, -0.0083973440, 0.0103578700, 0.7439618000)
(-0.6681091000, -0.0082413890, 0.0106321800, 0.7439418000)
(-0.6680590000, -0.0084289240, 0.0104764800, 0.7439868000)
(-0.6682171000, -0.0083726640, 0.0104287500, 0.7438462000)
(-0.6680292000, -0.0084180390, 0.0105060500, 0.7440133000)
(-0.6679846000, -0.0083462930, 0.0106379500, 0.7440523000)
(-0.6680388000, -0.0083952630, 0.0105560000, 0.7440042000)
(-0.6680582000, -0.0084790590, 0.0106302700, 0.7439848000)
(-0.6680837000, -0.0085304980, 0.0106004700, 0.7439618000)
(-0.6681536000, -0.0085962000, 0.0104699700, 0.7439001000)
(-0.6681584000, -0.0085207890, 0.0105074300, 0.7438961000)
(-0.6681381000, -0.0085774620, 0.0105205100, 0.7439134000)
(-0.6680846000, -0.0085623570, 0.0105413800, 0.7439615000)
(-0.6681388000, -0.0086591790, 0.0106324800, 0.7439103000)
(-0.6680262000, -0.0085182370, 0.0104686800, 0.7440154000)
(-0.6680555000, -0.0086261720, 0.0106298300, 0.7439855000)
(-0.6681111000, -0.0084745890, 0.0107384000, 0.7439358000)
(-0.6680097000, -0.0085732290, 0.0105732900, 0.7440281000)
(-0.6680622000, -0.0086317810, 0.0105089900, 0.7439812000)
(-0.6681482000, -0.0083708600, 0.0105282100, 0.7439067000)
(-0.6682051000, -0.0084625260, 0.0105635400, 0.7438540000)
(-0.6681629000, -0.0084452110, 0.0106822300, 0.7438904000)
(-0.6681214000, -0.0084059710, 0.0106560600, 0.7439286000)
(-0.6682097000, -0.0084598710, 0.0106010700, 0.7438494000)
(-0.6681645000, -0.0085558480, 0.0104584900, 0.7438909000)
(-0.6681922000, -0.0083584770, 0.0104209500, 0.7438688000)
(-0.6679991000, -0.0085601260, 0.0107164100, 0.7440357000)
(-0.6681338000, -0.0084685320, 0.0105471600, 0.7439182000)
(-0.6681811000, -0.0086665320, 0.0105417300, 0.7438735000)
(-0.6681799000, -0.0086052230, 0.0106078400, 0.7438744000)
(-0.6681772000, -0.0084920020, 0.0105696300, 0.7438787000)
(-0.6682390000, -0.0084652180, 0.0107266400, 0.7438212000)
(-0.6681050000, -0.0086029270, 0.0104497000, 0.7439439000)
(-0.6681403000, -0.0084640100, 0.0106536500, 0.7439109000)
(-0.6682076000, -0.0086736640, 0.0106215300, 0.7438485000)
(-0.6680416000, -0.0086149440, 0.0104494700, 0.7440007000)
(-0.6681091000, -0.0085533240, 0.0104661100, 0.7439406000)
(-0.6680883000, -0.0085612690, 0.0105377100, 0.7439582000)
(-0.6681319000, -0.0084716410, 0.0106185300, 0.7439189000)
(-0.6681123000, -0.0085355770, 0.0106106200, 0.7439359000)
(-0.6681323000, -0.0085454760, 0.0106618300, 0.7439170000)
(-0.6680984000, -0.0084818000, 0.0104708300, 0.7439510000)
(-0.6681689000, -0.0085502230, 0.0105025500, 0.7438864000)
(-0.6682284000, -0.0084675570, 0.0106444400, 0.7438319000)
(-0.6680848000, -0.0085203950, 0.0106539900, 0.7439601000)
(-0.6681184000, -0.0084776320, 0.0105920200, 0.7439314000)
(-0.6679342000, -0.0084321570, 0.0105880500, 0.7440973000)
(-0.6680197000, -0.0084621420, 0.0105490000, 0.7440207000)
(-0.6680263000, -0.0084883760, 0.0105212700, 0.7440149000)
(-0.6681224000, -0.0084362910, 0.0105356500, 0.7439290000)
(-0.6681234000, -0.0085082930, 0.0105341600, 0.7439273000)
(-0.6680928000, -0.0084616940, 0.0105949400, 0.7439544000)
(-0.6680800000, -0.0082822330, 0.0104807200, 0.7439696000)
(-0.6680926000, -0.0084789980, 0.0105470500, 0.7439551000)
(-0.6680368000, -0.0084385690, 0.0106227300, 0.7440045000)
(-0.6680483000, -0.0083834990, 0.0105684100, 0.7439956000)
(-0.6681126000, -0.0084253720, 0.0106761000, 0.7439358000)
(-0.6678991000, -0.0083460880, 0.0105639500, 0.7441301000)
(-0.6679504000, -0.0083536440, 0.0106185900, 0.7440832000)
(-0.6678674000, -0.0084121810, 0.0105858300, 0.7441576000)
(-0.6679794000, -0.0083186900, 0.0104474700, 0.7440600000)
(-0.6678962000, -0.0084199140, 0.0104678200, 0.7441332000)
(-0.6679645000, -0.0083397450, 0.0105263500, 0.7440720000)
(-0.6679751000, -0.0084672360, 0.0107032200, 0.7440584000)
(-0.6679582000, -0.0084319520, 0.0106179600, 0.7440753000)
(-0.6679626000, -0.0083983640, 0.0104222800, 0.7440745000)
(-0.6679736000, -0.0083168850, 0.0105988100, 0.7440631000)
(-0.6679900000, -0.0083008460, 0.0106575900, 0.7440476000)
(-0.6680532000, -0.0083574180, 0.0103832400, 0.7439942000)
(-0.6679429000, -0.0082925060, 0.0106183400, 0.7440906000)
(-0.6679784000, -0.0084209630, 0.0105407300, 0.7440584000)
(-0.6681129000, -0.0084553420, 0.0105458000, 0.7439371000)
(-0.6680732000, -0.0083888600, 0.0105380300, 0.7439736000)
(-0.6679524000, -0.0082143770, 0.0106432600, 0.7440826000)
(-0.6679028000, -0.0083983830, 0.0105907500, 0.7441258000)
(-0.6679668000, -0.0082748330, 0.0105211300, 0.7440707000)
(-0.6680672000, -0.0081971320, 0.0104691800, 0.7439822000)
(-0.6679987000, -0.0082535370, 0.0104381700, 0.7440435000)
(-0.6680654000, -0.0083010780, 0.0104142400, 0.7439834000)
(-0.6680990000, -0.0084242630, 0.0105893300, 0.7439494000)
(-0.6681229000, -0.0083356160, 0.0105714400, 0.7439291000)
(-0.6680107000, -0.0083352360, 0.0105915900, 0.7440296000)
(-0.6679986000, -0.0084486000, 0.0105358300, 0.7440400000)
(-0.6680180000, -0.0084362010, 0.0105544300, 0.7440225000)
(-0.6681232000, -0.0083798390, 0.0105418600, 0.7439288000)
(-0.6680470000, -0.0084636290, 0.0107113900, 0.7439938000)
(-0.6681467000, -0.0083725340, 0.0106658000, 0.7439061000)
(-0.6680691000, -0.0082819250, 0.0106047500, 0.7439776000)
(-0.6681812000, -0.0082877100, 0.0104446200, 0.7438792000)
(-0.6681325000, -0.0083037170, 0.0105870000, 0.7439206000)
(-0.6681817000, -0.0083249030, 0.0106960400, 0.7438747000)
(-0.6682153000, -0.0081986920, 0.0106124900, 0.7438471000)
(-0.6680782000, -0.0084081520, 0.0106195400, 0.7439678000)
(-0.6680555000, -0.0083566240, 0.0106538400, 0.7439883000)
(-0.6681562000, -0.0082403370, 0.0106863800, 0.7438986000)
(-0.6680441000, -0.0083419550, 0.0106701100, 0.7439984000)
(-0.6680924000, -0.0082326920, 0.0107174100, 0.7439556000)
(-0.6681435000, -0.0082272650, 0.0106388500, 0.7439110000)
(-0.6680420000, -0.0080569370, 0.0107712400, 0.7440020000)
(-0.6679878000, -0.0081009500, 0.0107693900, 0.7440503000)
(-0.6679673000, -0.0082684330, 0.0106304900, 0.7440688000)
(-0.6680362000, -0.0082557090, 0.0106097400, 0.7440073000)
(-0.6680263000, -0.0081868820, 0.0106282900, 0.7440168000)
(-0.6681612000, -0.0080900640, 0.0105114300, 0.7438983000)
(-0.6680467000, -0.0082785310, 0.0106634300, 0.7439969000)
(-0.6679644000, -0.0080871400, 0.0107390700, 0.7440718000)
(-0.6680526000, -0.0082199670, 0.0105797200, 0.7439935000)
(-0.6680365000, -0.0082924540, 0.0106784700, 0.7440057000)
(-0.6680942000, -0.0081585840, 0.0106375900, 0.7439559000)
(-0.6680723000, -0.0082993330, 0.0106137800, 0.7439744000)
(-0.6680562000, -0.0083648290, 0.0106801900, 0.7439872000)
(-0.6680723000, -0.0082460370, 0.0107126500, 0.7439736000)
(-0.6680811000, -0.0082834920, 0.0107789900, 0.7439643000)
(-0.6681936000, -0.0082865200, 0.0107443700, 0.7438637000)
(-0.6680778000, -0.0083644680, 0.0107583700, 0.7439666000)
(-0.6682329000, -0.0081896960, 0.0107693600, 0.7438291000)
(-0.6680732000, -0.0083413860, 0.0109041200, 0.7439690000)
(-0.6681833000, -0.0082399640, 0.0108030900, 0.7438726000)
(-0.6681409000, -0.0082802920, 0.0106193700, 0.7439129000)
(-0.6681179000, -0.0081706070, 0.0108013900, 0.7439321000)
(-0.6681194000, -0.0081549230, 0.0107505700, 0.7439317000)
(-0.6681336000, -0.0081100310, 0.0106970200, 0.7439203000)
(-0.6680329000, -0.0081121390, 0.0106858100, 0.7440107000)
(-0.6679938000, -0.0081853160, 0.0105760400, 0.7440467000)
(-0.6680591000, -0.0082157420, 0.0106877800, 0.7439861000)
(-0.6681343000, -0.0081575190, 0.0106613100, 0.7439196000)
(-0.6680102000, -0.0081177620, 0.0107144200, 0.7440308000)
(-0.6679674000, -0.0079916160, 0.0105280400, 0.7440732000)
(-0.6680979000, -0.0081228870, 0.0106307700, 0.7439532000)
(-0.6682039000, -0.0081369450, 0.0105026600, 0.7438595000)
(-0.6681101000, -0.0081773520, 0.0105112800, 0.7439432000)
(-0.6680564000, -0.0081993330, 0.0106118600, 0.7439898000)
(-0.6682125000, -0.0082674570, 0.0106743900, 0.7438480000)
(-0.6680799000, -0.0082191670, 0.0105190700, 0.7439699000)
(-0.6680436000, -0.0082212750, 0.0106008700, 0.7440013000)
(-0.6681975000, -0.0081893300, 0.0104874700, 0.7438650000)
(-0.6681386000, -0.0082331350, 0.0105549600, 0.7439164000)
(-0.6682030000, -0.0082275510, 0.0104200500, 0.7438605000)
(-0.6681613000, -0.0081821020, 0.0104556800, 0.7438980000)
(-0.6680716000, -0.0081928810, 0.0106052400, 0.7439764000)
(-0.6681564000, -0.0082254360, 0.0105970600, 0.7438999000)
(-0.6682664000, -0.0082231500, 0.0104838300, 0.7438028000)
(-0.6682764000, -0.0082413280, 0.0105394900, 0.7437928000)
(-0.6681721000, -0.0081161250, 0.0105738400, 0.7438874000)
(-0.6680722000, -0.0082619440, 0.0105187100, 0.7439763000)
(-0.6680531000, -0.0082896210, 0.0105202300, 0.7439930000)
(-0.6681210000, -0.0082575690, 0.0105702300, 0.7439318000)
(-0.6680575000, -0.0082329460, 0.0105376300, 0.7439895000)
(-0.6681273000, -0.0079835030, 0.0106177600, 0.7439284000)
(-0.6679605000, -0.0080158170, 0.0106179300, 0.7440779000)
(-0.6680714000, -0.0080272760, 0.0105549900, 0.7439790000)
(-0.6681521000, -0.0082191820, 0.0104877600, 0.7439054000)
(-0.6681752000, -0.0082021380, 0.0103988600, 0.7438861000)
(-0.6681030000, -0.0081420500, 0.0103676600, 0.7439520000)
(-0.6680812000, -0.0081373870, 0.0104590600, 0.7439703000)
(-0.6679999000, -0.0081138690, 0.0105109100, 0.7440429000)
(-0.6680461000, -0.0082039410, 0.0105449100, 0.7440000000)
(-0.6682189000, -0.0082194540, 0.0104156600, 0.7438465000)
(-0.6683139000, -0.0083511960, 0.0105807700, 0.7437573000)
(-0.6683232000, -0.0081638270, 0.0105239400, 0.7437519000)
(-0.6681255000, -0.0082469530, 0.0105385100, 0.7439283000)
(-0.6681331000, -0.0081767460, 0.0105326200, 0.7439222000)
(-0.6682557000, -0.0081185810, 0.0105563800, 0.7438125000)
(-0.6682954000, -0.0083418360, 0.0104819100, 0.7437754000)
(-0.6680577000, -0.0082933120, 0.0104768400, 0.7439895000)
(-0.6680320000, -0.0081181380, 0.0104841000, 0.7440144000)
(-0.6679757000, -0.0081308650, 0.0103874400, 0.7440662000)
(-0.6681179000, -0.0082777720, 0.0104116600, 0.7439366000)
(-0.6680639000, -0.0082114680, 0.0105460600, 0.7439839000)
(-0.6681424000, -0.0083221680, 0.0104768200, 0.7439132000)
(-0.6680748000, -0.0080874510, 0.0105593900, 0.7439753000)
(-0.6680576000, -0.0081962000, 0.0105288300, 0.7439899000)
(-0.6682901000, -0.0082120170, 0.0105498200, 0.7437807000)
(-0.6680564000, -0.0081536280, 0.0105052700, 0.7439919000)
(-0.6681187000, -0.0082010160, 0.0104477600, 0.7439362000)
(-0.6680722000, -0.0081583220, 0.0106120600, 0.7439761000)
(-0.6682015000, -0.0082308470, 0.0105090500, 0.7438606000)
(-0.6682032000, -0.0083006020, 0.0105792000, 0.7438573000)
(-0.6681854000, -0.0082719090, 0.0104198200, 0.7438759000)
(-0.6682020000, -0.0081481270, 0.0104165600, 0.7438623000)
(-0.6680691000, -0.0082008750, 0.0106954400, 0.7439772000)
(-0.6681936000, -0.0082918170, 0.0105717000, 0.7438662000)
(-0.6682873000, -0.0082184980, 0.0105689600, 0.7437828000)
(-0.6683587000, -0.0082845750, 0.0105624900, 0.7437180000)
(-0.6682077000, -0.0081945550, 0.0103505900, 0.7438577000)
(-0.6682090000, -0.0082920040, 0.0105997300, 0.7438518000)
(-0.6681119000, -0.0082102850, 0.0105366300, 0.7439410000)
(-0.6682616000, -0.0082771220, 0.0105395500, 0.7438056000)
(-0.6682658000, -0.0082733960, 0.0104363700, 0.7438034000)
(-0.6682472000, -0.0082159160, 0.0106107700, 0.7438183000)
(-0.6680974000, -0.0082210550, 0.0104969300, 0.7439544000)
(-0.6679559000, -0.0082649720, 0.0104968100, 0.7440810000)
(-0.6681283000, -0.0082509470, 0.0103950500, 0.7439277000)
(-0.6681421000, -0.0083012730, 0.0104930200, 0.7439134000)
(-0.6681520000, -0.0081617660, 0.0102582600, 0.7439094000)
(-0.6680521000, -0.0081032300, 0.0103837200, 0.7439979000)
(-0.6681096000, -0.0082044850, 0.0104023300, 0.7439449000)
(-0.6681102000, -0.0081589420, 0.0104261800, 0.7439445000)
(-0.6682342000, -0.0082543060, 0.0103865100, 0.7438326000)
(-0.6682487000, -0.0081435950, 0.0103573700, 0.7438213000)
(-0.6681361000, -0.0083616470, 0.0105105200, 0.7439179000)
(-0.6682174000, -0.0080982660, 0.0103595000, 0.7438499000)
(-0.6681363000, -0.0080907030, 0.0103932000, 0.7439224000)
(-0.6682397000, -0.0081460680, 0.0103913600, 0.7438289000)
(-0.6681314000, -0.0081609050, 0.0104225800, 0.7439256000)
(-0.6681898000, -0.0080581340, 0.0105318100, 0.7438727000)
(-0.6680850000, -0.0081144110, 0.0104051100, 0.7439680000)
(-0.6681278000, -0.0080794570, 0.0104691200, 0.7439290000)
(-0.6678836000, -0.0081793720, 0.0104634200, 0.7441472000)
(-0.6680611000, -0.0082469550, 0.0103608300, 0.7439887000)
(-0.6679226000, -0.0082350640, 0.0103150700, 0.7441137000)
(-0.6679595000, -0.0080587780, 0.0104781600, 0.7440802000)
(-0.6679468000, -0.0082429590, 0.0104089300, 0.7440906000)
(-0.6680509000, -0.0080951890, 0.0103981900, 0.7439989000)
(-0.6679680000, -0.0081943510, 0.0104916200, 0.7440709000)
(-0.6679640000, -0.0082169520, 0.0105316300, 0.7440737000)
(-0.6680431000, -0.0082003540, 0.0105444100, 0.7440027000)
(-0.6679955000, -0.0082308360, 0.0105306000, 0.7440453000)
(-0.6681861000, -0.0082255530, 0.0104408900, 0.7438755000)
(-0.6680698000, -0.0080630790, 0.0105086800, 0.7439807000)
(-0.6680915000, -0.0080001950, 0.0104450600, 0.7439629000)
(-0.6679994000, -0.0080368980, 0.0105169700, 0.7440441000)
(-0.6681287000, -0.0081849100, 0.0104636500, 0.7439271000)
(-0.6681021000, -0.0082794160, 0.0105463900, 0.7439488000)
(-0.6681580000, -0.0081133190, 0.0103895000, 0.7439027000)
(-0.6680796000, -0.0080883640, 0.0104436100, 0.7439725000)
(-0.6680289000, -0.0083248920, 0.0105797200, 0.7440136000)
(-0.6679215000, -0.0081894840, 0.0105802400, 0.7441115000)
(-0.6681751000, -0.0081567240, 0.0105434200, 0.7438847000)
(-0.6680503000, -0.0082293950, 0.0104330900, 0.7439975000)
(-0.6680590000, -0.0080640460, 0.0104442600, 0.7439914000)
(-0.6680708000, -0.0082851620, 0.0105804300, 0.7439764000)
(-0.6682275000, -0.0081340200, 0.0104686600, 0.7438390000)
(-0.6679499000, -0.0081327700, 0.0105271100, 0.7440873000)
(-0.6680061000, -0.0082007890, 0.0106627600, 0.7440342000)
(-0.6679499000, -0.0082844470, 0.0105619800, 0.7440852000)
(-0.6679040000, -0.0081409720, 0.0105037600, 0.7441288000)
(-0.6680828000, -0.0081892450, 0.0105308700, 0.7439674000)
(-0.6681457000, -0.0082640900, 0.0106234300, 0.7439088000)
(-0.6680550000, -0.0082490390, 0.0105667300, 0.7439911000)
(-0.6681852000, -0.0081408300, 0.0106871500, 0.7438737000)
(-0.6680749000, -0.0082144470, 0.0106024900, 0.7439732000)
(-0.6678968000, -0.0081661420, 0.0106004200, 0.7441336000)
(-0.6680494000, -0.0081835240, 0.0105331300, 0.7439974000)
(-0.6679916000, -0.0083315740, 0.0104833600, 0.7440484000)
(-0.6680111000, -0.0081965440, 0.0106360600, 0.7440302000)
(-0.6680830000, -0.0082632440, 0.0106565800, 0.7439646000)
(-0.6678427000, -0.0081533000, 0.0106052200, 0.7441822000)
(-0.6679913000, -0.0082019230, 0.0106062200, 0.7440482000)
(-0.6680152000, -0.0081072250, 0.0106389600, 0.7440275000)
(-0.6680447000, -0.0083178710, 0.0106834500, 0.7439980000)
(-0.6678992000, -0.0081968620, 0.0106382400, 0.7441306000)
(-0.6678551000, -0.0081813300, 0.0106848100, 0.7441697000)
(-0.6680362000, -0.0081092420, 0.0107210800, 0.7440073000)
(-0.6679048000, -0.0082004980, 0.0106720500, 0.7441251000)
(-0.6681349000, -0.0081107040, 0.0107221600, 0.7439187000)
(-0.6680669000, -0.0082185070, 0.0106861800, 0.7439790000)
(-0.6680329000, -0.0082008510, 0.0107968500, 0.7440082000)
(-0.6681516000, -0.0080972580, 0.0106266200, 0.7439053000)
(-0.6681202000, -0.0081321080, 0.0106758000, 0.7439324000)
(-0.6680637000, -0.0081944340, 0.0106900700, 0.7439822000)
(-0.6681784000, -0.0081222710, 0.0105482800, 0.7438819000)
(-0.6681100000, -0.0079771050, 0.0105924200, 0.7439443000)
(-0.6680962000, -0.0082201370, 0.0105824000, 0.7439542000)
(-0.6681431000, -0.0081702980, 0.0107361000, 0.7439105000)
(-0.6680916000, -0.0081006250, 0.0106130900, 0.7439592000)
(-0.6681305000, -0.0081137110, 0.0106105400, 0.7439243000)
(-0.6680739000, -0.0081879640, 0.0106186600, 0.7439741000)
(-0.6681231000, -0.0082736820, 0.0106136700, 0.7439291000)
(-0.6681923000, -0.0080686580, 0.0106162400, 0.7438692000)
(-0.6681213000, -0.0081839220, 0.0105116400, 0.7439331000)
(-0.6680877000, -0.0080717160, 0.0106187200, 0.7439630000)
(-0.6679982000, -0.0081398430, 0.0105254700, 0.7440439000)
(-0.6680798000, -0.0081626070, 0.0104588000, 0.7439714000)
(-0.6679367000, -0.0082389230, 0.0105581200, 0.7440976000)
(-0.6680744000, -0.0081796750, 0.0105470000, 0.7439747000)
(-0.6681071000, -0.0081785430, 0.0106192800, 0.7439445000)
(-0.6679167000, -0.0082489480, 0.0104922400, 0.7441164000)
(-0.6680349000, -0.0081597630, 0.0105385300, 0.7440106000)
(-0.6680911000, -0.0081487880, 0.0106122300, 0.7439592000)
(-0.6681125000, -0.0080991880, 0.0105346600, 0.7439416000)
(-0.6679861000, -0.0081985300, 0.0105650000, 0.7440537000)
(-0.6679973000, -0.0080891950, 0.0105856300, 0.7440445000)
(-0.6680639000, -0.0080819100, 0.0104235300, 0.7439870000)
(-0.6681405000, -0.0080844010, 0.0105715000, 0.7439162000)
(-0.6681367000, -0.0079858430, 0.0104306100, 0.7439225000)
(-0.6680736000, -0.0081353190, 0.0105010100, 0.7439766000)
(-0.6679604000, -0.0080264310, 0.0104741400, 0.7440799000)
(-0.6679841000, -0.0080424820, 0.0105094500, 0.7440579000)
(-0.6679103000, -0.0080188940, 0.0105999300, 0.7441231000)
(-0.6679530000, -0.0080553300, 0.0105327500, 0.7440854000)
(-0.6680344000, -0.0080254740, 0.0104646000, 0.7440135000)
(-0.6680291000, -0.0078923240, 0.0105813100, 0.7440181000)
(-0.6680782000, -0.0079800230, 0.0105084500, 0.7439741000)
(-0.6679233000, -0.0078893020, 0.0107027500, 0.7441114000)
(-0.6680455000, -0.0080854990, 0.0106519500, 0.7440003000)
(-0.6681433000, -0.0081046460, 0.0105971300, 0.7439131000)
(-0.6681792000, -0.0080417650, 0.0105445000, 0.7438822000)
(-0.6680937000, -0.0080564770, 0.0106375500, 0.7439575000)
(-0.6680214000, -0.0080362950, 0.0105410200, 0.7440241000)
(-0.6680275000, -0.0082714620, 0.0106979500, 0.7440137000)
(-0.6680511000, -0.0081530120, 0.0106513800, 0.7439945000)
(-0.6681036000, -0.0081396130, 0.0106942900, 0.7439469000)
(-0.6680837000, -0.0079783650, 0.0104735800, 0.7439697000)
(-0.6678833000, -0.0082105470, 0.0108033700, 0.7441423000)
(-0.6680779000, -0.0081910890, 0.0105980800, 0.7439708000)
(-0.6680521000, -0.0081596240, 0.0106107600, 0.7439941000)
(-0.6679154000, -0.0081261040, 0.0103741300, 0.7441205000)
(-0.6679167000, -0.0082382790, 0.0105764100, 0.7441153000)
(-0.6680660000, -0.0081996440, 0.0104676000, 0.7439832000)
(-0.6679715000, -0.0081067620, 0.0104233200, 0.7440698000)
(-0.6678297000, -0.0082272230, 0.0104740600, 0.7441950000)
(-0.6679211000, -0.0082682970, 0.0105309800, 0.7441117000)
(-0.6679468000, -0.0082039920, 0.0106816100, 0.7440872000)
(-0.6678889000, -0.0082073030, 0.0105467900, 0.7441410000)
(-0.6679335000, -0.0081576090, 0.0104690100, 0.7441026000)
(-0.6680562000, -0.0082685560, 0.0106251100, 0.7439889000)
(-0.6679877000, -0.0082484770, 0.0104747000, 0.7440528000)
(-0.6679503000, -0.0081671630, 0.0105617500, 0.7440861000)
(-0.6680324000, -0.0082282270, 0.0107699300, 0.7440088000)
(-0.6679177000, -0.0082954320, 0.0106446300, 0.7441128000)
(-0.6681035000, -0.0082957200, 0.0105847200, 0.7439469000)
(-0.6679474000, -0.0081267280, 0.0104485900, 0.7440909000)
(-0.6679859000, -0.0082498830, 0.0105390600, 0.7440536000)
(-0.6681429000, -0.0082055100, 0.0105162600, 0.7439134000)
(-0.6679824000, -0.0083153600, 0.0104681700, 0.7440570000)
(-0.6680067000, -0.0081477710, 0.0104983300, 0.7440367000)
(-0.6678981000, -0.0082472500, 0.0104153300, 0.7441342000)
(-0.6680123000, -0.0082508110, 0.0105761000, 0.7440294000)
(-0.6679515000, -0.0083657640, 0.0105695600, 0.7440827000)
(-0.6680075000, -0.0082217130, 0.0106215700, 0.7440333000)
(-0.6680536000, -0.0083124100, 0.0104460200, 0.7439935000)
(-0.6680856000, -0.0083745580, 0.0104354500, 0.7439641000)
(-0.6681205000, -0.0083364300, 0.0105377400, 0.7439318000)
(-0.6681283000, -0.0083415970, 0.0106444000, 0.7439232000)
(-0.6680528000, -0.0083159120, 0.0106865200, 0.7439907000)
(-0.6679317000, -0.0082090440, 0.0105070100, 0.7441032000)
(-0.6679552000, -0.0082806070, 0.0104904200, 0.7440815000)
(-0.6679878000, -0.0083621950, 0.0105716800, 0.7440502000)
(-0.6680301000, -0.0083217030, 0.0105939000, 0.7440123000)
(-0.6680332000, -0.0082265030, 0.0105889600, 0.7440107000)
(-0.6680763000, -0.0082237860, 0.0106345800, 0.7439713000)
(-0.6681410000, -0.0083840730, 0.0105649700, 0.7439125000)
(-0.6680946000, -0.0082025050, 0.0106687700, 0.7439547000)
(-0.6681898000, -0.0083265380, 0.0105780800, 0.7438691000)
(-0.6681687000, -0.0083283830, 0.0106077800, 0.7438876000)
(-0.6681196000, -0.0081895350, 0.0107155100, 0.7439317000)
(-0.6680506000, -0.0083224770, 0.0107052100, 0.7439923000)
(-0.6681019000, -0.0083011980, 0.0107085000, 0.7439465000)
(-0.6680951000, -0.0082435200, 0.0106085100, 0.7439547000)
(-0.6679893000, -0.0082897500, 0.0106559800, 0.7440484000)
(-0.6681013000, -0.0083630520, 0.0106574100, 0.7439470000)
(-0.6680096000, -0.0081746480, 0.0107211900, 0.7440305000)
(-0.6680012000, -0.0082622430, 0.0107821200, 0.7440362000)
(-0.6680142000, -0.0082751340, 0.0106232200, 0.7440267000)
(-0.6679708000, -0.0080959560, 0.0106576700, 0.7440671000)
(-0.6681091000, -0.0081583680, 0.0107025600, 0.7439417000)
(-0.6681335000, -0.0082641330, 0.0107052600, 0.7439185000)
(-0.6681510000, -0.0082307920, 0.0106597800, 0.7439038000)
(-0.6679910000, -0.0082676630, 0.0106504700, 0.7440472000)
(-0.6681035000, -0.0082685270, 0.0107165300, 0.7439452000)
(-0.6680625000, -0.0083262410, 0.0105742400, 0.7439834000)
(-0.6680918000, -0.0082775470, 0.0104945900, 0.7439588000)
(-0.6681044000, -0.0082399950, 0.0104769400, 0.7439482000)
(-0.6680192000, -0.0082632700, 0.0106548400, 0.7440219000)
(-0.6679278000, -0.0082599680, 0.0105654400, 0.7441052000)
(-0.6678432000, -0.0082165300, 0.0106466700, 0.7441806000)
(-0.6678752000, -0.0083141900, 0.0105468300, 0.7441522000)
(-0.6678835000, -0.0083085310, 0.0106136900, 0.7441438000)
(-0.6678234000, -0.0082395100, 0.0106925600, 0.7441973000)
(-0.6678672000, -0.0081705350, 0.0107355600, 0.7441582000)
(-0.6680562000, -0.0081403940, 0.0106005100, 0.7439908000)
(-0.6679591000, -0.0081482730, 0.0106706300, 0.7440769000)
(-0.6680670000, -0.0082749650, 0.0106101100, 0.7439795000)
(-0.6678765000, -0.0082481480, 0.0105130000, 0.7441522000)
(-0.6678206000, -0.0082371680, 0.0105319300, 0.7442022000)
(-0.6678615000, -0.0082471180, 0.0106499300, 0.7441638000)
(-0.6680056000, -0.0082268770, 0.0105250600, 0.7440363000)
(-0.6680725000, -0.0082075670, 0.0106404200, 0.7439748000)
(-0.6678878000, -0.0082330330, 0.0106469100, 0.7441403000)
(-0.6678888000, -0.0082719650, 0.0105998600, 0.7441397000)
(-0.6679130000, -0.0082623130, 0.0107573800, 0.7441158000)
(-0.6679264000, -0.0083737660, 0.0107047800, 0.7441033000)
(-0.6680004000, -0.0083102820, 0.0106105400, 0.7440389000)
(-0.6679934000, -0.0084419340, 0.0107097800, 0.7440423000)
(-0.6680536000, -0.0082893210, 0.0106473200, 0.7439908000)
(-0.6679841000, -0.0084516450, 0.0106217600, 0.7440518000)
(-0.6680212000, -0.0083983650, 0.0107168100, 0.7440177000)
(-0.6679366000, -0.0084074720, 0.0107446700, 0.7440931000)
(-0.6680037000, -0.0083520170, 0.0106120000, 0.7440354000)
(-0.6678315000, -0.0082637700, 0.0107159000, 0.7441896000)
(-0.6677802000, -0.0083745310, 0.0106723700, 0.7442350000)
(-0.6677316000, -0.0083003550, 0.0108541800, 0.7442767000)
(-0.6679190000, -0.0083621920, 0.0109450200, 0.7441065000)
(-0.6679053000, -0.0083901080, 0.0109021500, 0.7441191000)
(-0.6679823000, -0.0082704030, 0.0107724800, 0.7440533000)
(-0.6678695000, -0.0081851630, 0.0108140900, 0.7441548000)
(-0.6679615000, -0.0084609630, 0.0109293600, 0.7440674000)
(-0.6678620000, -0.0083805940, 0.0109434500, 0.7441575000)
(-0.6679552000, -0.0083220110, 0.0108831000, 0.7440755000)
(-0.6679486000, -0.0082874060, 0.0110153500, 0.7440798000)
(-0.6679735000, -0.0082857980, 0.0110325700, 0.7440572000)
(-0.6678672000, -0.0083671330, 0.0110989900, 0.7441507000)
(-0.6679578000, -0.0083101230, 0.0110133400, 0.7440712000)
(-0.6680666000, -0.0083910430, 0.0110880600, 0.7439715000)
(-0.6678463000, -0.0083881530, 0.0109256700, 0.7441718000)
(-0.6678717000, -0.0083453690, 0.0109113900, 0.7441497000)
(-0.6678469000, -0.0081956470, 0.0109286400, 0.7441734000)
(-0.6678060000, -0.0083392940, 0.0110954700, 0.7442060000)
(-0.6679239000, -0.0083494670, 0.0109189900, 0.7441027000)
(-0.6678057000, -0.0082987720, 0.0109334000, 0.7442091000)
(-0.6678584000, -0.0083615380, 0.0109378400, 0.7441611000)
(-0.6679453000, -0.0082992680, 0.0108773400, 0.7440846000)
(-0.6678947000, -0.0083180660, 0.0108452900, 0.7441303000)
(-0.6679387000, -0.0082894780, 0.0109224900, 0.7440900000)
(-0.6680282000, -0.0084413030, 0.0108995700, 0.7440083000)
(-0.6678929000, -0.0083910750, 0.0108218200, 0.7441314000)
(-0.6679510000, -0.0084517190, 0.0109134300, 0.7440772000)
(-0.6679533000, -0.0084201580, 0.0108340200, 0.7440768000)
(-0.6678804000, -0.0082918190, 0.0107948200, 0.7441441000)
(-0.6677882000, -0.0082855220, 0.0107837000, 0.7442271000)
(-0.6677825000, -0.0081092210, 0.0107177700, 0.7442352000)
(-0.6678553000, -0.0082933150, 0.0109136600, 0.7441650000)
(-0.6678939000, -0.0083421250, 0.0107726900, 0.7441318000)
(-0.6678886000, -0.0083149440, 0.0108161600, 0.7441362000)
(-0.6678342000, -0.0083643400, 0.0106040100, 0.7441875000)
(-0.6677995000, -0.0083342110, 0.0107415300, 0.7442171000)
(-0.6679262000, -0.0083667500, 0.0106673800, 0.7441040000)
(-0.6679537000, -0.0084617120, 0.0106587900, 0.7440784000)
(-0.6679566000, -0.0084130810, 0.0107031400, 0.7440757000)
(-0.6679840000, -0.0083025050, 0.0105740500, 0.7440542000)
(-0.6679258000, -0.0085392990, 0.0107761200, 0.7441009000)
(-0.6678649000, -0.0083760350, 0.0106000100, 0.7441599000)
(-0.6678843000, -0.0083334510, 0.0106475700, 0.7441423000)
(-0.6679180000, -0.0082833050, 0.0107671200, 0.7441109000)
(-0.6680192000, -0.0083272820, 0.0106858700, 0.7440207000)
(-0.6677764000, -0.0082821970, 0.0106416300, 0.7442398000)
(-0.6678795000, -0.0083094850, 0.0105533500, 0.7441483000)
(-0.6678976000, -0.0083568890, 0.0106660600, 0.7441299000)
(-0.6679675000, -0.0082145970, 0.0106656200, 0.7440687000)
(-0.6680437000, -0.0082906070, 0.0106556400, 0.7439995000)
(-0.6680092000, -0.0084179090, 0.0106388500, 0.7440293000)
(-0.6678939000, -0.0082912580, 0.0107342700, 0.7441329000)
(-0.6680132000, -0.0083195710, 0.0106300700, 0.7440270000)
(-0.6679225000, -0.0082357850, 0.0106317500, 0.7441093000)
(-0.6678493000, -0.0081633010, 0.0107024100, 0.7441748000)
(-0.6678517000, -0.0083673880, 0.0106736400, 0.7441707000)
(-0.6677642000, -0.0083118100, 0.0105906000, 0.7442511000)
(-0.6679417000, -0.0082641000, 0.0106511900, 0.7440915000)
(-0.6678568000, -0.0082874930, 0.0105716100, 0.7441686000)
(-0.6679007000, -0.0082991370, 0.0105111600, 0.7441298000)
(-0.6677766000, -0.0082881690, 0.0104477400, 0.7442423000)
(-0.6677639000, -0.0083563330, 0.0106216100, 0.7442504000)
(-0.6680648000, -0.0081911170, 0.0104369200, 0.7439849000)
(-0.6679965000, -0.0084155840, 0.0105435300, 0.7440422000)
(-0.6679670000, -0.0083717070, 0.0105927300, 0.7440685000)
(-0.6677694000, -0.0081762370, 0.0104568300, 0.7442499000)
(-0.6677634000, -0.0082420690, 0.0105554100, 0.7442531000)
(-0.6678816000, -0.0083409090, 0.0105484900, 0.7441460000)
(-0.6679589000, -0.0081895310, 0.0104841700, 0.7440792000)
(-0.6679956000, -0.0082552660, 0.0105887300, 0.7440441000)
(-0.6679652000, -0.0082484600, 0.0105318900, 0.7440723000)
(-0.6679389000, -0.0082035270, 0.0104012900, 0.7440982000)
(-0.6679592000, -0.0083467770, 0.0103676200, 0.7440789000)
(-0.6679999000, -0.0083259970, 0.0104856100, 0.7440409000)
(-0.6680082000, -0.0082393740, 0.0103534800, 0.7440363000)
(-0.6680177000, -0.0082484020, 0.0104305900, 0.7440265000)
(-0.6679431000, -0.0083968030, 0.0104315800, 0.7440919000)
(-0.6679890000, -0.0082870300, 0.0104223400, 0.7440521000)
(-0.6679339000, -0.0082784020, 0.0104616100, 0.7441010000)
(-0.6680126000, -0.0084087490, 0.0105836700, 0.7440272000)
(-0.6680280000, -0.0083797330, 0.0104307500, 0.7440159000)
(-0.6680382000, -0.0083930010, 0.0103383500, 0.7440078000)
(-0.6680197000, -0.0083325280, 0.0103613700, 0.7440248000)
(-0.6680564000, -0.0083499080, 0.0103187600, 0.7439923000)
(-0.6681893000, -0.0081924520, 0.0102948500, 0.7438750000)
(-0.6680601000, -0.0083021390, 0.0104393000, 0.7439878000)
(-0.6681117000, -0.0083150950, 0.0103879300, 0.7439420000)
(-0.6681703000, -0.0083575990, 0.0103379000, 0.7438896000)
(-0.6681151000, -0.0083458940, 0.0103283700, 0.7439395000)
(-0.6680462000, -0.0083978150, 0.0104760400, 0.7439987000)
(-0.6681563000, -0.0082026550, 0.0104170600, 0.7439028000)
(-0.6681028000, -0.0082892740, 0.0103384800, 0.7439510000)
(-0.6680800000, -0.0082565910, 0.0102935000, 0.7439725000)
(-0.6680437000, -0.0081376700, 0.0103995500, 0.7440049000)
(-0.6679693000, -0.0081084400, 0.0104912300, 0.7440708000)
(-0.6679369000, -0.0081315740, 0.0105564700, 0.7440987000)
(-0.6678877000, -0.0080850590, 0.0102992700, 0.7441469000)
(-0.6678280000, -0.0081957700, 0.0104767300, 0.7441968000)
(-0.6678561000, -0.0082476720, 0.0104972600, 0.7441707000)
(-0.6680089000, -0.0081054290, 0.0106233300, 0.7440334000)
(-0.6679974000, -0.0081367980, 0.0103813300, 0.7440467000)
(-0.6679775000, -0.0081043460, 0.0106058100, 0.7440618000)
(-0.6679897000, -0.0080194150, 0.0105789100, 0.7440521000)
(-0.6679690000, -0.0080580570, 0.0104983700, 0.7440714000)
(-0.6681759000, -0.0082473560, 0.0104968400, 0.7438836000)
(-0.6681237000, -0.0080020900, 0.0103947400, 0.7439346000)
(-0.6682780000, -0.0081294540, 0.0105021100, 0.7437931000)
(-0.6682254000, -0.0082070780, 0.0104116400, 0.7438408000)
(-0.6680844000, -0.0080606300, 0.0104402700, 0.7439686000)
(-0.6679584000, -0.0079575060, 0.0104619600, 0.7440825000)
(-0.6680797000, -0.0080795870, 0.0105412800, 0.7439712000)
(-0.6679555000, -0.0080407730, 0.0105425900, 0.7440832000)
(-0.6680475000, -0.0080247020, 0.0103170200, 0.7440039000)
(-0.6678756000, -0.0079106310, 0.0104525800, 0.7441574000)
(-0.6679135000, -0.0078454760, 0.0104889900, 0.7441236000)
(-0.6679009000, -0.0079444750, 0.0104715400, 0.7441342000)
(-0.6679993000, -0.0079761770, 0.0104822400, 0.7440454000)
(-0.6680034000, -0.0080535230, 0.0104797300, 0.7440409000)
(-0.6679294000, -0.0080133020, 0.0106468500, 0.7441055000)
(-0.6679618000, -0.0079708080, 0.0105464600, 0.7440782000)
(-0.6679447000, -0.0079941130, 0.0103572400, 0.7440959000)
(-0.6681314000, -0.0079914660, 0.0103483400, 0.7439284000)
(-0.6679583000, -0.0077687850, 0.0104432000, 0.7440849000)
(-0.6679307000, -0.0079455060, 0.0104969200, 0.7441070000)
(-0.6680186000, -0.0077759800, 0.0104962000, 0.7440299000)
(-0.6680542000, -0.0077880760, 0.0104377500, 0.7439987000)
(-0.6680167000, -0.0080072550, 0.0103795200, 0.7440309000)
(-0.6680555000, -0.0077930960, 0.0103424100, 0.7439988000)
(-0.6680946000, -0.0078005150, 0.0103466000, 0.7439635000)
(-0.6680176000, -0.0077544090, 0.0104738900, 0.7440314000)
(-0.6680509000, -0.0079067090, 0.0105742700, 0.7439984000)
(-0.6681279000, -0.0079184450, 0.0104053100, 0.7439316000)
(-0.6681052000, -0.0078527690, 0.0103483600, 0.7439535000)
(-0.6680171000, -0.0077985260, 0.0104603800, 0.7440315000)
(-0.6679702000, -0.0079471190, 0.0104569600, 0.7440721000)
(-0.6680721000, -0.0078691780, 0.0103847600, 0.7439825000)
(-0.6678678000, -0.0080079250, 0.0104580900, 0.7441634000)
(-0.6679459000, -0.0078736160, 0.0104058100, 0.7440955000)
(-0.6680346000, -0.0079645150, 0.0104385400, 0.7440144000)
(-0.6679525000, -0.0078823500, 0.0105597200, 0.7440873000)
(-0.6679933000, -0.0079101820, 0.0103313000, 0.7440535000)
(-0.6679688000, -0.0078241980, 0.0104658900, 0.7440746000)
(-0.6680611000, -0.0079032400, 0.0104430800, 0.7439912000)
(-0.6681065000, -0.0079623740, 0.0104800500, 0.7439492000)
(-0.6680290000, -0.0079470270, 0.0105033100, 0.7440187000)
(-0.6679369000, -0.0079922320, 0.0105094100, 0.7441009000)
(-0.6681660000, -0.0080036930, 0.0104661000, 0.7438955000)
(-0.6681102000, -0.0079304020, 0.0104813000, 0.7439463000)
(-0.6680778000, -0.0080441690, 0.0104655200, 0.7439744000)
(-0.6680911000, -0.0078496770, 0.0106848300, 0.7439614000)
(-0.6681263000, -0.0078592380, 0.0104477200, 0.7439331000)
(-0.6682143000, -0.0079548320, 0.0105292000, 0.7438518000)
(-0.6681499000, -0.0080243460, 0.0105008700, 0.7439094000)
(-0.6680338000, -0.0079326260, 0.0105530100, 0.7440138000)
(-0.6680267000, -0.0077853860, 0.0106181800, 0.7440208000)
(-0.6680412000, -0.0079639090, 0.0105129200, 0.7440075000)
(-0.6680920000, -0.0078994040, 0.0107141700, 0.7439596000)
(-0.6681849000, -0.0080428580, 0.0106706400, 0.7438753000)
(-0.6680195000, -0.0080316480, 0.0107723800, 0.7440225000)
(-0.6681419000, -0.0080316180, 0.0105022400, 0.7439164000)
(-0.6680281000, -0.0081285080, 0.0105645700, 0.7440167000)
(-0.6679690000, -0.0080832180, 0.0106396400, 0.7440692000)
(-0.6680787000, -0.0081161670, 0.0106738000, 0.7439699000)
(-0.6680732000, -0.0079841300, 0.0106314200, 0.7439768000)
(-0.6679652000, -0.0079760900, 0.0107546800, 0.7440721000)
(-0.6681150000, -0.0081176770, 0.0106007900, 0.7439383000)
(-0.6680107000, -0.0081178440, 0.0106339500, 0.7440315000)
(-0.6680949000, -0.0081093130, 0.0105547700, 0.7439570000)
(-0.6681463000, -0.0081082820, 0.0106409800, 0.7439097000)
(-0.6680489000, -0.0081157840, 0.0105854300, 0.7439979000)
(-0.6680501000, -0.0081556290, 0.0107365200, 0.7439942000)
(-0.6680371000, -0.0081005490, 0.0106316100, 0.7440079000)
(-0.6680233000, -0.0079912520, 0.0107111500, 0.7440203000)
(-0.6680463000, -0.0079738840, 0.0107040800, 0.7440001000)
(-0.6679617000, -0.0081128700, 0.0108192700, 0.7440729000)
(-0.6678577000, -0.0079978900, 0.0106466200, 0.7441699000)
(-0.6678615000, -0.0080203980, 0.0108283000, 0.7441636000)
(-0.6679173000, -0.0080369470, 0.0105407900, 0.7441175000)
(-0.6679419000, -0.0080562110, 0.0105270200, 0.7440953000)
(-0.6677451000, -0.0079945050, 0.0106524900, 0.7442709000)
(-0.6677745000, -0.0080842930, 0.0105288000, 0.7442454000)
(-0.6678535000, -0.0081409460, 0.0105305400, 0.7441738000)
(-0.6679565000, -0.0080676330, 0.0106369100, 0.7440806000)
(-0.6679071000, -0.0080028880, 0.0106289300, 0.7441257000)
(-0.6678934000, -0.0080881480, 0.0106003500, 0.7441375000)
(-0.6678424000, -0.0080527480, 0.0107574000, 0.7441814000)
(-0.6678526000, -0.0081401360, 0.0104681600, 0.7441754000)
(-0.6679056000, -0.0080237630, 0.0105243900, 0.7441283000)
(-0.6679116000, -0.0081529680, 0.0106678600, 0.7441195000)
(-0.6679462000, -0.0079407310, 0.0106641000, 0.7440909000)
(-0.6678243000, -0.0079164370, 0.0104781500, 0.7442032000)
(-0.6677323000, -0.0078510470, 0.0105374700, 0.7442855000)
(-0.6678296000, -0.0079157500, 0.0105520700, 0.7441974000)
(-0.6679038000, -0.0079737590, 0.0107312800, 0.7441275000)
(-0.6678744000, -0.0080082320, 0.0105762500, 0.7441558000)
(-0.6677995000, -0.0079691190, 0.0105975700, 0.7442231000)
(-0.6679674000, -0.0080883210, 0.0106743200, 0.7440701000)
(-0.6681073000, -0.0081456560, 0.0106885500, 0.7439436000)
(-0.6680653000, -0.0081352270, 0.0104978200, 0.7439841000)
(-0.6679088000, -0.0080625010, 0.0106772500, 0.7441229000)
(-0.6679274000, -0.0080818540, 0.0106735100, 0.7441060000)
(-0.6678895000, -0.0080313200, 0.0105904800, 0.7441418000)
(-0.6679066000, -0.0079389250, 0.0107155200, 0.7441257000)
(-0.6680288000, -0.0080026390, 0.0106134100, 0.7440167000)
(-0.6678256000, -0.0080616360, 0.0105562500, 0.7441993000)
(-0.6679156000, -0.0081050950, 0.0105881500, 0.7441175000)
(-0.6679820000, -0.0081219140, 0.0105577400, 0.7440583000)
(-0.6679757000, -0.0080019990, 0.0104642400, 0.7440665000)
(-0.6680297000, -0.0080703790, 0.0106102900, 0.7440153000)
(-0.6679935000, -0.0080446260, 0.0106836200, 0.7440470000)
(-0.6679468000, -0.0079984790, 0.0105697100, 0.7440910000)
(-0.6679652000, -0.0081302040, 0.0105762800, 0.7440729000)
(-0.6678751000, -0.0080508100, 0.0106071400, 0.7441543000)
(-0.6679181000, -0.0080666200, 0.0105834000, 0.7441158000)
(-0.6679248000, -0.0081131500, 0.0106099700, 0.7441090000)
(-0.6678756000, -0.0080113660, 0.0105227300, 0.7441553000)
(-0.6678934000, -0.0081302680, 0.0105471800, 0.7441378000)
(-0.6679698000, -0.0082144320, 0.0105791000, 0.7440679000)
(-0.6679501000, -0.0081914340, 0.0106227000, 0.7440852000)
(-0.6679816000, -0.0081073070, 0.0107057900, 0.7440567000)
(-0.6680335000, -0.0081205600, 0.0106538300, 0.7440106000)
(-0.6680077000, -0.0082131030, 0.0105326700, 0.7440345000)
(-0.6679533000, -0.0082500170, 0.0106182600, 0.7440817000)
(-0.6679270000, -0.0081726550, 0.0105084700, 0.7441077000)
(-0.6679421000, -0.0083122980, 0.0104872800, 0.7440930000)
(-0.6680534000, -0.0083059770, 0.0106065100, 0.7439913000)
(-0.6678663000, -0.0082873200, 0.0103614500, 0.7441630000)
(-0.6678953000, -0.0083016070, 0.0103959100, 0.7441363000)
(-0.6679042000, -0.0083003210, 0.0104405300, 0.7441278000)
(-0.6679792000, -0.0082516010, 0.0102785100, 0.7440633000)
(-0.6680275000, -0.0082467960, 0.0103009300, 0.7440196000)
(-0.6680364000, -0.0081991800, 0.0104197000, 0.7440104000)
(-0.6678472000, -0.0081741940, 0.0104216000, 0.7441806000)
(-0.6678673000, -0.0081427610, 0.0103855500, 0.7441634000)
(-0.6680067000, -0.0082413270, 0.0101649800, 0.7440403000)
(-0.6680526000, -0.0081671350, 0.0105227300, 0.7439949000)
(-0.6680222000, -0.0082169670, 0.0104916100, 0.7440220000)
(-0.6680710000, -0.0083113530, 0.0105469800, 0.7439764000)
(-0.6679385000, -0.0083263170, 0.0105300300, 0.7440954000)
(-0.6680486000, -0.0082258330, 0.0104144400, 0.7439993000)
(-0.6681287000, -0.0083908490, 0.0104249100, 0.7439255000)
(-0.6679304000, -0.0081653920, 0.0103789900, 0.7441066000)
(-0.6679814000, -0.0082488970, 0.0104167900, 0.7440594000)
(-0.6680547000, -0.0083845730, 0.0105043300, 0.7439908000)
(-0.6680120000, -0.0081695200, 0.0105154900, 0.7440313000)
(-0.6680943000, -0.0082239750, 0.0104839600, 0.7439573000)
(-0.6680251000, -0.0083058680, 0.0105078700, 0.7440182000)
(-0.6679604000, -0.0083979050, 0.0104256000, 0.7440764000)
(-0.6679223000, -0.0081959390, 0.0104716500, 0.7441123000)
(-0.6680200000, -0.0082146480, 0.0104911700, 0.7440240000)
(-0.6679948000, -0.0082239230, 0.0105217300, 0.7440461000)
(-0.6679392000, -0.0082781200, 0.0106236700, 0.7440940000)
(-0.6677374000, -0.0082673850, 0.0106035000, 0.7442756000)
(-0.6677807000, -0.0082383980, 0.0105758900, 0.7442374000)
(-0.6677626000, -0.0082072700, 0.0105144400, 0.7442548000)
(-0.6679747000, -0.0082726610, 0.0105849800, 0.7440628000)
(-0.6679409000, -0.0081882910, 0.0106361200, 0.7440933000)
(-0.6679501000, -0.0082867640, 0.0106801100, 0.7440833000)
(-0.6678138000, -0.0082450930, 0.0106011300, 0.7442073000)
(-0.6679192000, -0.0082037710, 0.0105799100, 0.7441134000)
(-0.6679985000, -0.0083495400, 0.0105589700, 0.7440409000)
(-0.6679016000, -0.0082645510, 0.0105099200, 0.7441295000)
(-0.6679896000, -0.0082897530, 0.0105738100, 0.7440493000)
(-0.6679184000, -0.0083045610, 0.0104786900, 0.7441145000)
(-0.6678502000, -0.0082720580, 0.0105179500, 0.7441754000)
(-0.6680036000, -0.0082618100, 0.0106704100, 0.7440357000)
(-0.6679699000, -0.0084019680, 0.0105619100, 0.7440659000)
(-0.6678919000, -0.0083800930, 0.0105874000, 0.7441358000)
(-0.6678369000, -0.0083793210, 0.0106570500, 0.7441842000)
(-0.6678162000, -0.0081496980, 0.0105347000, 0.7442070000)
(-0.6677948000, -0.0084306640, 0.0106418400, 0.7442216000)
(-0.6679797000, -0.0082252680, 0.0106605800, 0.7440577000)
(-0.6680766000, -0.0082612030, 0.0106453600, 0.7439706000)
(-0.6679577000, -0.0083691310, 0.0105650400, 0.7440773000)
(-0.6678777000, -0.0082784930, 0.0105131700, 0.7441507000)
(-0.6680438000, -0.0083703080, 0.0105126900, 0.7440006000)
(-0.6680438000, -0.0083437380, 0.0106140700, 0.7439995000)
(-0.6680734000, -0.0084140430, 0.0107050800, 0.7439708000)
(-0.6681246000, -0.0082833430, 0.0106129000, 0.7439277000)
(-0.6680638000, -0.0083814480, 0.0106176700, 0.7439811000)
(-0.6678942000, -0.0084149770, 0.0104342400, 0.7441356000)
(-0.6679840000, -0.0083826640, 0.0105712100, 0.7440533000)
(-0.6681200000, -0.0083841390, 0.0104643900, 0.7439327000)
(-0.6680319000, -0.0082782080, 0.0106602000, 0.7440103000)
(-0.6680616000, -0.0082478930, 0.0105730600, 0.7439852000)
(-0.6679394000, -0.0083562280, 0.0105825000, 0.7440936000)
(-0.6680480000, -0.0084176310, 0.0104718200, 0.7439969000)
(-0.6678572000, -0.0084238610, 0.0106281600, 0.7441658000)
(-0.6679900000, -0.0082557320, 0.0106153600, 0.7440488000)
(-0.6680079000, -0.0082574570, 0.0106579500, 0.7440321000)
(-0.6678809000, -0.0084318160, 0.0105817500, 0.7441452000)
(-0.6679834000, -0.0082755900, 0.0105445600, 0.7440556000)
(-0.6679553000, -0.0083829850, 0.0105770400, 0.7440791000)
(-0.6680224000, -0.0083800270, 0.0108064400, 0.7440156000)
(-0.6679445000, -0.0083050570, 0.0104736500, 0.7440910000)
(-0.6680475000, -0.0082466750, 0.0106088000, 0.7439973000)
(-0.6679427000, -0.0083486880, 0.0106284900, 0.7440900000)
(-0.6679818000, -0.0083551040, 0.0105416000, 0.7440561000)
(-0.6680440000, -0.0083129060, 0.0106617600, 0.7439989000)
(-0.6679580000, -0.0083318420, 0.0106459100, 0.7440763000)
(-0.6680223000, -0.0082232560, 0.0105611600, 0.7440209000)
(-0.6680778000, -0.0082040970, 0.0107105200, 0.7439691000)
(-0.6681234000, -0.0082218150, 0.0107488100, 0.7439274000)
(-0.6679321000, -0.0082912490, 0.0107488800, 0.7440984000)
(-0.6678814000, -0.0082279410, 0.0107246800, 0.7441450000)
(-0.6679479000, -0.0082295320, 0.0106623000, 0.7440861000)
(-0.6680498000, -0.0081324100, 0.0107981600, 0.7439938000)
(-0.6681201000, -0.0082449580, 0.0107379400, 0.7439303000)
(-0.6680398000, -0.0081687140, 0.0107182700, 0.7440036000)
(-0.6679559000, -0.0082672360, 0.0107086000, 0.7440780000)
(-0.6679204000, -0.0083284210, 0.0106890400, 0.7441093000)
(-0.6680346000, -0.0081852410, 0.0107621500, 0.7440073000)
(-0.6680120000, -0.0082708660, 0.0107515300, 0.7440269000)
(-0.6680201000, -0.0083068450, 0.0106788500, 0.7440203000)
(-0.6681051000, -0.0082947980, 0.0106217900, 0.7439449000)
(-0.6679158000, -0.0083357750, 0.0105541900, 0.7441154000)
(-0.6680462000, -0.0082691670, 0.0106468500, 0.7439977000)
(-0.6680768000, -0.0082230600, 0.0105738000, 0.7439718000)
(-0.6680056000, -0.0082690990, 0.0105993000, 0.7440348000)
(-0.6680576000, -0.0083702020, 0.0105617500, 0.7439876000)
(-0.6680755000, -0.0083578100, 0.0104945200, 0.7439725000)
(-0.6681175000, -0.0082404850, 0.0106297500, 0.7439343000)
(-0.6679798000, -0.0083156870, 0.0106362000, 0.7440569000)
(-0.6680496000, -0.0083422180, 0.0106080000, 0.7439943000)
(-0.6679499000, -0.0082562030, 0.0106513700, 0.7440843000)
(-0.6679551000, -0.0082527640, 0.0106485400, 0.7440796000)
(-0.6679554000, -0.0082807100, 0.0105753200, 0.7440801000)
(-0.6678736000, -0.0084083950, 0.0105430100, 0.7441527000)
(-0.6679550000, -0.0083537170, 0.0105606900, 0.7440798000)
(-0.6680008000, -0.0083374670, 0.0105984800, 0.7440384000)
(-0.6680126000, -0.0083667150, 0.0105772300, 0.7440277000)
(-0.6679538000, -0.0083437000, 0.0106585600, 0.7440796000)
(-0.6679264000, -0.0083598690, 0.0105284500, 0.7441059000)
(-0.6680341000, -0.0084635190, 0.0105822300, 0.7440073000)
(-0.6678787000, -0.0084519870, 0.0106843300, 0.7441455000)
(-0.6680315000, -0.0084379540, 0.0106941300, 0.7440084000)
(-0.6680349000, -0.0083733430, 0.0106925100, 0.7440060000)
(-0.6681199000, -0.0084695250, 0.0106979800, 0.7439286000)
(-0.6681141000, -0.0083810120, 0.0107000700, 0.7439347000)
(-0.6680099000, -0.0083658790, 0.0106173700, 0.7440296000)
(-0.6680285000, -0.0083040440, 0.0107961300, 0.7440111000)
(-0.6681736000, -0.0083195200, 0.0106444000, 0.7438827000)
(-0.6681778000, -0.0084138940, 0.0106404900, 0.7438779000)
(-0.6681366000, -0.0083125870, 0.0107102100, 0.7439151000)
(-0.6680099000, -0.0084795180, 0.0106122300, 0.7440284000)
(-0.6680253000, -0.0082886120, 0.0106953400, 0.7440156000)
(-0.6680067000, -0.0084931550, 0.0106724500, 0.7440303000)
(-0.6680440000, -0.0083927690, 0.0106387700, 0.7439984000)
(-0.6681550000, -0.0084405520, 0.0107154800, 0.7438971000)
(-0.6679009000, -0.0084460090, 0.0106827200, 0.7441257000)
(-0.6679227000, -0.0083901090, 0.0106774100, 0.7441068000)
(-0.6679782000, -0.0083503860, 0.0106040100, 0.7440585000)
(-0.6679922000, -0.0083130700, 0.0107462800, 0.7440443000)
(-0.6680665000, -0.0082731790, 0.0107045500, 0.7439786000)
(-0.6679853000, -0.0083796370, 0.0106794000, 0.7440507000)
(-0.6681452000, -0.0081798560, 0.0106188400, 0.7439103000)
(-0.6680712000, -0.0082823000, 0.0105900100, 0.7439760000)
(-0.6680266000, -0.0082298590, 0.0106886800, 0.7440151000)
(-0.6682922000, -0.0083119230, 0.0105727700, 0.7437774000)
(-0.6681107000, -0.0082031590, 0.0105713400, 0.7439416000)
(-0.6681332000, -0.0081545780, 0.0107535000, 0.7439194000)
(-0.6680819000, -0.0082675150, 0.0106149300, 0.7439662000)
(-0.6681715000, -0.0081985220, 0.0105826000, 0.7438869000)
(-0.6681398000, -0.0083469250, 0.0106811400, 0.7439123000)
(-0.6680845000, -0.0083098150, 0.0106523900, 0.7439628000)
(-0.6681255000, -0.0083500260, 0.0106702500, 0.7439252000)
(-0.6681406000, -0.0083581280, 0.0105925300, 0.7439126000)
(-0.6681017000, -0.0082610010, 0.0106732500, 0.7439476000)
(-0.6681432000, -0.0082518870, 0.0106584100, 0.7439106000)
(-0.6682240000, -0.0081599350, 0.0107235600, 0.7438380000)
(-0.6681845000, -0.0083038970, 0.0106606800, 0.7438729000)
(-0.6680812000, -0.0082537220, 0.0104597400, 0.7439691000)
(-0.6678929000, -0.0082462050, 0.0105728200, 0.7441367000)
(-0.6678023000, -0.0081663850, 0.0104627400, 0.7442203000)
(-0.6680576000, -0.0081965270, 0.0104774400, 0.7439907000)
(-0.6680849000, -0.0082665370, 0.0106402000, 0.7439631000)
(-0.6679848000, -0.0083381970, 0.0106224800, 0.7440524000)
(-0.6680599000, -0.0083262720, 0.0106495500, 0.7439847000)
(-0.6681785000, -0.0082514220, 0.0107329900, 0.7438778000)
(-0.6681074000, -0.0083833750, 0.0106357200, 0.7439416000)
(-0.6680108000, -0.0083628560, 0.0105804300, 0.7440293000)
(-0.6680135000, -0.0082687370, 0.0105208900, 0.7440289000)
(-0.6680868000, -0.0084019550, 0.0105066200, 0.7439618000)
(-0.6682592000, -0.0084378430, 0.0105213300, 0.7438063000)
(-0.6682004000, -0.0084218220, 0.0105987300, 0.7438582000)
(-0.6680406000, -0.0083369450, 0.0104865400, 0.7440042000)
(-0.6680799000, -0.0084843370, 0.0106390900, 0.7439651000)
(-0.6681066000, -0.0083614490, 0.0106417400, 0.7439425000)
(-0.6681836000, -0.0083716090, 0.0106007700, 0.7438738000)
(-0.6681574000, -0.0083763230, 0.0106673500, 0.7438963000)
(-0.6680112000, -0.0083862920, 0.0105703500, 0.7440289000)
(-0.6680439000, -0.0083981150, 0.0105737600, 0.7439994000)
(-0.6679592000, -0.0083833000, 0.0105838400, 0.7440754000)
(-0.6681315000, -0.0083638110, 0.0106599400, 0.7439198000)
(-0.6680605000, -0.0082630400, 0.0107141800, 0.7439839000)
(-0.6681139000, -0.0084734800, 0.0106140900, 0.7439350000)
(-0.6681191000, -0.0083845130, 0.0106405400, 0.7439310000)
(-0.6680292000, -0.0084346930, 0.0106542400, 0.7440110000)
(-0.6681736000, -0.0083605810, 0.0106591500, 0.7438821000)
(-0.6681621000, -0.0084503110, 0.0106952000, 0.7438909000)
(-0.6681568000, -0.0084407690, 0.0105824600, 0.7438974000)
(-0.6679729000, -0.0084768850, 0.0104432400, 0.7440642000)
(-0.6680988000, -0.0085132760, 0.0105581100, 0.7439491000)
(-0.6681736000, -0.0085302100, 0.0105381700, 0.7438819000)
(-0.6682533000, -0.0083428200, 0.0106132100, 0.7438114000)
(-0.6683421000, -0.0085932780, 0.0105552200, 0.7437296000)
(-0.6683107000, -0.0085993570, 0.0104338900, 0.7437594000)
(-0.6682160000, -0.0085210370, 0.0105847800, 0.7438433000)
(-0.6681811000, -0.0084569260, 0.0105517200, 0.7438758000)
(-0.6682064000, -0.0085061540, 0.0105094200, 0.7438532000)
(-0.6681834000, -0.0086561870, 0.0105457800, 0.7438715000)
(-0.6682346000, -0.0085669830, 0.0105177400, 0.7438269000)
(-0.6681941000, -0.0085194050, 0.0104440600, 0.7438650000)
(-0.6680773000, -0.0086117230, 0.0104769500, 0.7439682000)
(-0.6681215000, -0.0085524670, 0.0104814900, 0.7439293000)
(-0.6682584000, -0.0084655650, 0.0105438900, 0.7438064000)
(-0.6681613000, -0.0085667330, 0.0104298300, 0.7438940000)
(-0.6681907000, -0.0086443010, 0.0103925200, 0.7438673000)
(-0.6680708000, -0.0086286060, 0.0105579600, 0.7439728000)
(-0.6680857000, -0.0086070360, 0.0105382700, 0.7439599000)
(-0.6682687000, -0.0087039570, 0.0105163700, 0.7437947000)
(-0.6683376000, -0.0086061420, 0.0103739000, 0.7437360000)
(-0.6683223000, -0.0085259850, 0.0104151300, 0.7437501000)
(-0.6683710000, -0.0086371440, 0.0106058100, 0.7437024000)
(-0.6683853000, -0.0085959560, 0.0105444500, 0.7436908000)
(-0.6682777000, -0.0086057550, 0.0104481200, 0.7437887000)
(-0.6683357000, -0.0086097540, 0.0105512600, 0.7437351000)
(-0.6683191000, -0.0085418630, 0.0104792600, 0.7437519000)
(-0.6683351000, -0.0086624270, 0.0105114600, 0.7437357000)
(-0.6684473000, -0.0086328590, 0.0105572600, 0.7436345000)
(-0.6683555000, -0.0085611050, 0.0104622200, 0.7437192000)
(-0.6682058000, -0.0083824240, 0.0105644000, 0.7438543000)
(-0.6682773000, -0.0083364400, 0.0104694200, 0.7437919000)
(-0.6682850000, -0.0085135190, 0.0106332500, 0.7437807000)
(-0.6682121000, -0.0085751500, 0.0104894900, 0.7438475000)
(-0.6682935000, -0.0084756860, 0.0105047000, 0.7437753000)
(-0.6681595000, -0.0083917910, 0.0104718700, 0.7438970000)
(-0.6682157000, -0.0084631840, 0.0104943600, 0.7438455000)
(-0.6682046000, -0.0083758110, 0.0106210600, 0.7438546000)
(-0.6681798000, -0.0084302300, 0.0104201000, 0.7438791000)
(-0.6683154000, -0.0085335530, 0.0105513300, 0.7437543000)
(-0.6683066000, -0.0085095680, 0.0105210200, 0.7437629000)
(-0.6682498000, -0.0086372270, 0.0105232500, 0.7438124000)
(-0.6682344000, -0.0084119390, 0.0104971100, 0.7438292000)
(-0.6682285000, -0.0084715570, 0.0105961100, 0.7438324000)
(-0.6682028000, -0.0084278900, 0.0107145500, 0.7438543000)
(-0.6682563000, -0.0085303570, 0.0107164800, 0.7438051000)
(-0.6683010000, -0.0085077650, 0.0108051100, 0.7437639000)
(-0.6682753000, -0.0086635010, 0.0106758100, 0.7437871000)
(-0.6682799000, -0.0086512340, 0.0108109600, 0.7437811000)
(-0.6681657000, -0.0085378320, 0.0106191900, 0.7438877000)
(-0.6683196000, -0.0085873990, 0.0107964700, 0.7437463000)
(-0.6680882000, -0.0085080230, 0.0107793100, 0.7439554000)
(-0.6681102000, -0.0085735350, 0.0107491000, 0.7439353000)
(-0.6681369000, -0.0086477350, 0.0107084200, 0.7439110000)
(-0.6680797000, -0.0085352530, 0.0107577700, 0.7439631000)
(-0.6680597000, -0.0085625240, 0.0108468700, 0.7439793000)
(-0.6680894000, -0.0085988710, 0.0107342400, 0.7439539000)
(-0.6680171000, -0.0085569890, 0.0105915600, 0.7440213000)
(-0.6680557000, -0.0086376410, 0.0108704500, 0.7439818000)
(-0.6680694000, -0.0085473630, 0.0108473800, 0.7439708000)
(-0.6679996000, -0.0084382750, 0.0107681600, 0.7440359000)
(-0.6681466000, -0.0085315690, 0.0108814300, 0.7439012000)
(-0.6680933000, -0.0085220780, 0.0109053600, 0.7439488000)
(-0.6681514000, -0.0086021290, 0.0109461500, 0.7438952000)
(-0.6680995000, -0.0085692350, 0.0107193800, 0.7439454000)
(-0.6681734000, -0.0084356100, 0.0105878400, 0.7438825000)
(-0.6681637000, -0.0085647800, 0.0106457500, 0.7438889000)
(-0.6681966000, -0.0086437120, 0.0108646000, 0.7438552000)
(-0.6682166000, -0.0086068310, 0.0106059800, 0.7438414000)
(-0.6682107000, -0.0085290040, 0.0108097300, 0.7438446000)
(-0.6682675000, -0.0085459980, 0.0106513200, 0.7437957000)
(-0.6682292000, -0.0086092400, 0.0106171400, 0.7438298000)
(-0.6681434000, -0.0086073080, 0.0107047100, 0.7439057000)
(-0.6681299000, -0.0086385110, 0.0107021800, 0.7439175000)
(-0.6680802000, -0.0085535890, 0.0106039500, 0.7439646000)
(-0.6681123000, -0.0086366560, 0.0106865400, 0.7439336000)
(-0.6682309000, -0.0085876400, 0.0105855400, 0.7438291000)
(-0.6681511000, -0.0085090780, 0.0107128100, 0.7438999000)
(-0.6680291000, -0.0084756520, 0.0106183600, 0.7440112000)
(-0.6681360000, -0.0085882350, 0.0106187400, 0.7439138000)
(-0.6680362000, -0.0085786120, 0.0106208900, 0.7440036000)
(-0.6681613000, -0.0085016080, 0.0107044100, 0.7438909000)
(-0.6681776000, -0.0085715290, 0.0106846200, 0.7438757000)
(-0.6681206000, -0.0085175800, 0.0106816700, 0.7439276000)
(-0.6680169000, -0.0085010470, 0.0106900700, 0.7440208000)
(-0.6679469000, -0.0085741220, 0.0106691800, 0.7440831000)
(-0.6681365000, -0.0084917160, 0.0106912400, 0.7439134000)
(-0.6680841000, -0.0086151560, 0.0108246200, 0.7439572000)
(-0.6682129000, -0.0084548420, 0.0107317500, 0.7438447000)
(-0.6681882000, -0.0085522070, 0.0107377800, 0.7438657000)
(-0.6681712000, -0.0085618210, 0.0107567300, 0.7438806000)
(-0.6681705000, -0.0085772380, 0.0107732600, 0.7438808000)
(-0.6682355000, -0.0085114150, 0.0107425500, 0.7438236000)
(-0.6681282000, -0.0086289570, 0.0107322600, 0.7439188000)
(-0.6681251000, -0.0084053730, 0.0106703300, 0.7439250000)
(-0.6680787000, -0.0083118730, 0.0107309200, 0.7439669000)
(-0.6680989000, -0.0084989870, 0.0107466900, 0.7439464000)
(-0.6681892000, -0.0085180800, 0.0107850700, 0.7438644000)
(-0.6681222000, -0.0084475200, 0.0106947400, 0.7439268000)
(-0.6681464000, -0.0084648370, 0.0107035700, 0.7439047000)
(-0.6681070000, -0.0084907700, 0.0105486400, 0.7439420000)
(-0.6682117000, -0.0085291670, 0.0106641200, 0.7438459000)
(-0.6681746000, -0.0085884090, 0.0107170300, 0.7438777000)
(-0.6680850000, -0.0084797390, 0.0106390500, 0.7439606000)
(-0.6681964000, -0.0086013580, 0.0106444500, 0.7438591000)
(-0.6682034000, -0.0085305280, 0.0107392600, 0.7438523000)
(-0.6681399000, -0.0086050710, 0.0107568500, 0.7439082000)
(-0.6680681000, -0.0085437540, 0.0107028800, 0.7439741000)
(-0.6679288000, -0.0082698740, 0.0106606000, 0.7441029000)
(-0.6679441000, -0.0084881840, 0.0108941200, 0.7440833000)
(-0.6681621000, -0.0085423190, 0.0106732900, 0.7438901000)
(-0.6681525000, -0.0084581330, 0.0106376200, 0.7439003000)
(-0.6681834000, -0.0085206040, 0.0106458600, 0.7438717000)
(-0.6682980000, -0.0085783650, 0.0107396900, 0.7437667000)
(-0.6680945000, -0.0084686810, 0.0106547200, 0.7439520000)
(-0.6681306000, -0.0086533950, 0.0105113000, 0.7439195000)
(-0.6682025000, -0.0086326650, 0.0105948600, 0.7438540000)
(-0.6680763000, -0.0085402840, 0.0105469900, 0.7439690000)
(-0.6681200000, -0.0084880190, 0.0106643500, 0.7439287000)
(-0.6682204000, -0.0084690850, 0.0106230300, 0.7438394000)
(-0.6682152000, -0.0086551530, 0.0107937800, 0.7438394000)
(-0.6681460000, -0.0085506900, 0.0107186700, 0.7439038000)
(-0.6681024000, -0.0085751210, 0.0106224800, 0.7439442000)
(-0.6681523000, -0.0086136670, 0.0105845500, 0.7438993000)
(-0.6681843000, -0.0085386150, 0.0104681600, 0.7438732000)
(-0.6681240000, -0.0085917150, 0.0105320800, 0.7439259000)
(-0.6681328000, -0.0085766650, 0.0104813100, 0.7439188000)
(-0.6681188000, -0.0085763070, 0.0106486800, 0.7439290000)
(-0.6682029000, -0.0084793740, 0.0106208300, 0.7438550000)
(-0.6679710000, -0.0086100680, 0.0106689300, 0.7440611000)
(-0.6681234000, -0.0085554850, 0.0105349000, 0.7439267000)
(-0.6680801000, -0.0085417640, 0.0106166900, 0.7439646000)
(-0.6680602000, -0.0085166890, 0.0105811100, 0.7439833000)
(-0.6681858000, -0.0085335660, 0.0104101200, 0.7438727000)
(-0.6680263000, -0.0086135130, 0.0105521100, 0.7440131000)
(-0.6680496000, -0.0085933580, 0.0104724000, 0.7439935000)
(-0.6682197000, -0.0085748150, 0.0103073200, 0.7438432000)
(-0.6680988000, -0.0086437090, 0.0103660200, 0.7439502000)
(-0.6681200000, -0.0085433440, 0.0103712200, 0.7439322000)
(-0.6681545000, -0.0086877220, 0.0103704800, 0.7438996000)
(-0.6680942000, -0.0085415530, 0.0104766200, 0.7439539000)
(-0.6679780000, -0.0083905070, 0.0104640300, 0.7440601000)
(-0.6679795000, -0.0086010690, 0.0104187200, 0.7440571000)
(-0.6678144000, -0.0086818710, 0.0103578000, 0.7442052000)
(-0.6678883000, -0.0085362910, 0.0104643400, 0.7441390000)
(-0.6679913000, -0.0084870830, 0.0104950600, 0.7440466000)
(-0.6678990000, -0.0085907080, 0.0103825600, 0.7441300000)
(-0.6679518000, -0.0085006010, 0.0103505800, 0.7440841000)
(-0.6679407000, -0.0086142260, 0.0105742200, 0.7440895000)
(-0.6679916000, -0.0085572830, 0.0104211600, 0.7440467000)
(-0.6679582000, -0.0085818270, 0.0104259900, 0.7440763000)
(-0.6680596000, -0.0084609180, 0.0103816600, 0.7439873000)
(-0.6680815000, -0.0084080670, 0.0104891400, 0.7439666000)
(-0.6679583000, -0.0084242910, 0.0104217000, 0.7440781000)
(-0.6681022000, -0.0084866800, 0.0104593800, 0.7439476000)
(-0.6680374000, -0.0084214320, 0.0104488000, 0.7440068000)
(-0.6679676000, -0.0086000570, 0.0106045100, 0.7440652000)
(-0.6679710000, -0.0084157880, 0.0104868600, 0.7440659000)
(-0.6679937000, -0.0084425610, 0.0104353600, 0.7440459000)
(-0.6680505000, -0.0084932220, 0.0104268000, 0.7439944000)
(-0.6680623000, -0.0083466850, 0.0103538000, 0.7439865000)
(-0.6679924000, -0.0083834580, 0.0106183800, 0.7440451000)
(-0.6680362000, -0.0084089520, 0.0105805200, 0.7440060000)
(-0.6679776000, -0.0083509260, 0.0105909300, 0.7440593000)
(-0.6680480000, -0.0084519130, 0.0106176400, 0.7439945000)
(-0.6680745000, -0.0083926900, 0.0105889200, 0.7439717000)
(-0.6680825000, -0.0083514820, 0.0104401900, 0.7439671000)
(-0.6680651000, -0.0083316590, 0.0107100700, 0.7439792000)
(-0.6681092000, -0.0083492180, 0.0105374300, 0.7439418000)
(-0.6679872000, -0.0083847090, 0.0107185900, 0.7440484000)
(-0.6679954000, -0.0084919640, 0.0104935200, 0.7440430000)
(-0.6680027000, -0.0084111120, 0.0107250900, 0.7440341000)
(-0.6680334000, -0.0084429490, 0.0106089500, 0.7440078000)
(-0.6680139000, -0.0083147420, 0.0105588800, 0.7440274000)
(-0.6681490000, -0.0083715830, 0.0107221500, 0.7439032000)
(-0.6681257000, -0.0084782620, 0.0107624200, 0.7439223000)
(-0.6681128000, -0.0083509120, 0.0106426500, 0.7439371000)
(-0.6679782000, -0.0083881280, 0.0106110400, 0.7440580000)
(-0.6679471000, -0.0084140950, 0.0107034200, 0.7440842000)
(-0.6680318000, -0.0082981870, 0.0106130100, 0.7440109000)
(-0.6680705000, -0.0084064160, 0.0105008300, 0.7439764000)
(-0.6680183000, -0.0085463210, 0.0106442700, 0.7440197000)
(-0.6678970000, -0.0084054620, 0.0107066700, 0.7441292000)
(-0.6679956000, -0.0084873720, 0.0106047100, 0.7440412000)
(-0.6678669000, -0.0085144240, 0.0107737000, 0.7441541000)
(-0.6678483000, -0.0083596740, 0.0106204800, 0.7441747000)
(-0.6680200000, -0.0084143270, 0.0105901700, 0.7440204000)
(-0.6678994000, -0.0084211990, 0.0107533300, 0.7441263000)
(-0.6678506000, -0.0084582700, 0.0107166600, 0.7441701000)
(-0.6680670000, -0.0084827950, 0.0105962600, 0.7439774000)
(-0.6679819000, -0.0084227600, 0.0106528300, 0.7440537000)
(-0.6680101000, -0.0084732000, 0.0106016100, 0.7440284000)
(-0.6679963000, -0.0085111030, 0.0105494000, 0.7440412000)
(-0.6680182000, -0.0084088490, 0.0106050800, 0.7440218000)
(-0.6679271000, -0.0083932610, 0.0105955000, 0.7441040000)
(-0.6679538000, -0.0083692470, 0.0104937600, 0.7440817000)
(-0.6680124000, -0.0083866660, 0.0105821800, 0.7440277000)
(-0.6679010000, -0.0084349930, 0.0106831600, 0.7441257000)
(-0.6678880000, -0.0084740810, 0.0107145000, 0.7441365000)
(-0.6678833000, -0.0084669050, 0.0107740700, 0.7441399000)
(-0.6678883000, -0.0083453510, 0.0106169900, 0.7441390000)
(-0.6680245000, -0.0084265780, 0.0105538500, 0.7440168000)
(-0.6681321000, -0.0083961260, 0.0106313300, 0.7439194000)
(-0.6678587000, -0.0083572230, 0.0106900900, 0.7441644000)
(-0.6678644000, -0.0084450170, 0.0106638900, 0.7441586000)
(-0.6679230000, -0.0082554960, 0.0105825700, 0.7441093000)
(-0.6678556000, -0.0082528200, 0.0107359800, 0.7441677000)
(-0.6679373000, -0.0084146060, 0.0105142800, 0.7440957000)
(-0.6678863000, -0.0084142270, 0.0106385100, 0.7441397000)
(-0.6677698000, -0.0083883180, 0.0106201300, 0.7442448000)
(-0.6679256000, -0.0083355930, 0.0106711800, 0.7441049000)
(-0.6679546000, -0.0084097380, 0.0106233100, 0.7440787000)
(-0.6680257000, -0.0082151740, 0.0107354700, 0.7440155000)
(-0.6679565000, -0.0082843790, 0.0106969500, 0.7440773000)
(-0.6680247000, -0.0083736570, 0.0106648200, 0.7440156000)
(-0.6679172000, -0.0083482700, 0.0106925400, 0.7441120000)
(-0.6680681000, -0.0083714770, 0.0106634300, 0.7439766000)
(-0.6679747000, -0.0083247390, 0.0106921100, 0.7440607000)
(-0.6679730000, -0.0082654000, 0.0106479900, 0.7440635000)
(-0.6679951000, -0.0082756050, 0.0103251800, 0.7440481000)
(-0.6678892000, -0.0083651100, 0.0106394400, 0.7441377000)
(-0.6679140000, -0.0082622000, 0.0107743000, 0.7441146000)
(-0.6679116000, -0.0083243350, 0.0105836600, 0.7441188000)
(-0.6678989000, -0.0082677390, 0.0105365500, 0.7441315000)
(-0.6679520000, -0.0082965670, 0.0105629800, 0.7440832000)
(-0.6680244000, -0.0082899690, 0.0105191400, 0.7440189000)
(-0.6678739000, -0.0081912640, 0.0104712000, 0.7441557000)
(-0.6679683000, -0.0081480170, 0.0105672000, 0.7440701000)
(-0.6679628000, -0.0082117460, 0.0105340700, 0.7440748000)
(-0.6680160000, -0.0082652210, 0.0104918100, 0.7440271000)
(-0.6679912000, -0.0083897560, 0.0104763300, 0.7440482000)
(-0.6679829000, -0.0083827270, 0.0103778200, 0.7440571000)
(-0.6680634000, -0.0082720310, 0.0104459200, 0.7439851000)
(-0.6680312000, -0.0082359860, 0.0105035800, 0.7440136000)
(-0.6679336000, -0.0083314540, 0.0104148500, 0.7441014000)
(-0.6679627000, -0.0082331000, 0.0104595600, 0.7440757000)
(-0.6679707000, -0.0082806050, 0.0105957600, 0.7440661000)
(-0.6680439000, -0.0082964670, 0.0105563900, 0.7440009000)
(-0.6680158000, -0.0082276370, 0.0106180900, 0.7440259000)
(-0.6680573000, -0.0082641030, 0.0105394200, 0.7439893000)
(-0.6681122000, -0.0081825020, 0.0105605500, 0.7439407000)
(-0.6680700000, -0.0082010360, 0.0106799400, 0.7439767000)
(-0.6682483000, -0.0082776360, 0.0104029200, 0.7438196000)
(-0.6681491000, -0.0082590360, 0.0105327200, 0.7439071000)
(-0.6681458000, -0.0081395230, 0.0105169000, 0.7439116000)
(-0.6681656000, -0.0082508790, 0.0105823000, 0.7438917000)
(-0.6681350000, -0.0083217730, 0.0105336100, 0.7439190000)
(-0.6681340000, -0.0083048730, 0.0105138500, 0.7439203000)
(-0.6681700000, -0.0082272240, 0.0105369900, 0.7438886000)
(-0.6682182000, -0.0082940720, 0.0104979000, 0.7438450000)
(-0.6682099000, -0.0083690270, 0.0106087500, 0.7438501000)
(-0.6682923000, -0.0082609620, 0.0103329400, 0.7437811000)
(-0.6682908000, -0.0083221070, 0.0104429000, 0.7437803000)
(-0.6681983000, -0.0084455860, 0.0104333100, 0.7438622000)
(-0.6680859000, -0.0081745550, 0.0105092900, 0.7439651000)
(-0.6682524000, -0.0082392930, 0.0104274600, 0.7438159000)
(-0.6681921000, -0.0081297840, 0.0104897100, 0.7438704000)
(-0.6681957000, -0.0083018590, 0.0103731900, 0.7438670000)
(-0.6681607000, -0.0082642270, 0.0104271800, 0.7438980000)
(-0.6682111000, -0.0082310240, 0.0102949600, 0.7438551000)
(-0.6681908000, -0.0082574880, 0.0102990200, 0.7438729000)
(-0.6679901000, -0.0082157010, 0.0104026300, 0.7440521000)
(-0.6681278000, -0.0082621240, 0.0104426000, 0.7439274000)
(-0.6682121000, -0.0081854740, 0.0104685100, 0.7438522000)
(-0.6681296000, -0.0083294270, 0.0104166900, 0.7439255000)
(-0.6680413000, -0.0083823810, 0.0104560700, 0.7440035000)
(-0.6681063000, -0.0082809710, 0.0106095400, 0.7439441000)
(-0.6681356000, -0.0084041720, 0.0104638800, 0.7439185000)
(-0.6681030000, -0.0082550620, 0.0104622200, 0.7439494000)
(-0.6680712000, -0.0082750410, 0.0104114000, 0.7439786000)
(-0.6681351000, -0.0084511210, 0.0104751900, 0.7439183000)
(-0.6680897000, -0.0083023590, 0.0104782200, 0.7439606000)
(-0.6680827000, -0.0084239110, 0.0105669700, 0.7439644000)
(-0.6680819000, -0.0083554990, 0.0106057200, 0.7439652000)
(-0.6681913000, -0.0082211720, 0.0104558300, 0.7438707000)
(-0.6681539000, -0.0081815170, 0.0105687800, 0.7439030000)
(-0.6680762000, -0.0084164170, 0.0105720000, 0.7439702000)
(-0.6680298000, -0.0082914180, 0.0105040000, 0.7440142000)
(-0.6680592000, -0.0082111820, 0.0104786400, 0.7439891000)
(-0.6681299000, -0.0084148660, 0.0106725800, 0.7439206000)
(-0.6681670000, -0.0082744460, 0.0105823500, 0.7438900000)
(-0.6679612000, -0.0083955800, 0.0106878400, 0.7440720000)
(-0.6679180000, -0.0082488310, 0.0106421800, 0.7441131000)
(-0.6679474000, -0.0083712750, 0.0106945400, 0.7440845000)
(-0.6679282000, -0.0082557220, 0.0108509800, 0.7441008000)
(-0.6679230000, -0.0082436950, 0.0106629600, 0.7441084000)
(-0.6679855000, -0.0081594060, 0.0107659100, 0.7440517000)
(-0.6677915000, -0.0083344660, 0.0108231500, 0.7442231000)
(-0.6679987000, -0.0082089030, 0.0106818500, 0.7440405000)
(-0.6680240000, -0.0081971960, 0.0107693300, 0.7440167000)
(-0.6680464000, -0.0082475120, 0.0106570100, 0.7439976000)
(-0.6680084000, -0.0083121010, 0.0107236400, 0.7440300000)
(-0.6679807000, -0.0083223760, 0.0108442000, 0.7440531000)
(-0.6679237000, -0.0083351890, 0.0108038000, 0.7441047000)
(-0.6679584000, -0.0082385580, 0.0107456300, 0.7440755000)
(-0.6678300000, -0.0082413120, 0.0105735600, 0.7441931000)
(-0.6679175000, -0.0082551750, 0.0107301000, 0.7441123000)
(-0.6679080000, -0.0083874330, 0.0107102300, 0.7441196000)
(-0.6680181000, -0.0082285250, 0.0106640900, 0.7440231000)
(-0.6679376000, -0.0081839740, 0.0107338200, 0.7440949000)
(-0.6678628000, -0.0082116640, 0.0106951700, 0.7441623000)
(-0.6679468000, -0.0082840170, 0.0106700000, 0.7440865000)
(-0.6681070000, -0.0083065600, 0.0107865600, 0.7439407000)
(-0.6681272000, -0.0083270740, 0.0106554600, 0.7439242000)
(-0.6680430000, -0.0082910920, 0.0106851100, 0.7439997000)
(-0.6680368000, -0.0082948300, 0.0105627100, 0.7440071000)
(-0.6678499000, -0.0082480800, 0.0106406600, 0.7441742000)
(-0.6678253000, -0.0082110520, 0.0105779600, 0.7441975000)
(-0.6679486000, -0.0081492900, 0.0106038400, 0.7440872000)
(-0.6678751000, -0.0082946140, 0.0106752800, 0.7441506000)
(-0.6678831000, -0.0083115580, 0.0105896400, 0.7441445000)
(-0.6680099000, -0.0082223800, 0.0107426500, 0.7440295000)
(-0.6679429000, -0.0081479770, 0.0105957900, 0.7440925000)
(-0.6679580000, -0.0083280100, 0.0105086800, 0.7440782000)
(-0.6681385000, -0.0084244110, 0.0105790300, 0.7439141000)
(-0.6680982000, -0.0083387080, 0.0105387600, 0.7439518000)
(-0.6679596000, -0.0082561380, 0.0104539100, 0.7440784000)
(-0.6678461000, -0.0083347560, 0.0106249800, 0.7441770000)
(-0.6678991000, -0.0082713000, 0.0105780000, 0.7441307000)
(-0.6679543000, -0.0083858980, 0.0106159800, 0.7440793000)
(-0.6678439000, -0.0081976320, 0.0105329300, 0.7441817000)
(-0.6678811000, -0.0083544590, 0.0106908600, 0.7441443000)
(-0.6678138000, -0.0083179630, 0.0106774500, 0.7442054000)
(-0.6678325000, -0.0083324840, 0.0106792400, 0.7441884000)
(-0.6677632000, -0.0082032140, 0.0107066400, 0.7442515000)
(-0.6678447000, -0.0081382760, 0.0108423100, 0.7441773000)
(-0.6678455000, -0.0083255770, 0.0106983000, 0.7441766000)
(-0.6678162000, -0.0082657710, 0.0105462800, 0.7442057000)
(-0.6677885000, -0.0083165710, 0.0107264300, 0.7442273000)
(-0.6678457000, -0.0082514100, 0.0106024700, 0.7441785000)
(-0.6678302000, -0.0081749140, 0.0107825700, 0.7441907000)
(-0.6678502000, -0.0082406520, 0.0107028200, 0.7441731000)
(-0.6678706000, -0.0083311480, 0.0107900400, 0.7441525000)
(-0.6677854000, -0.0081574100, 0.0107563100, 0.7442315000)
(-0.6678771000, -0.0082192240, 0.0108064500, 0.7441478000)
(-0.6678019000, -0.0082940870, 0.0106687900, 0.7442165000)
(-0.6679769000, -0.0082337760, 0.0106588100, 0.7440601000)
(-0.6678141000, -0.0083763620, 0.0107314500, 0.7442036000)
(-0.6678777000, -0.0082821580, 0.0107713500, 0.7441471000)
(-0.6679249000, -0.0082040270, 0.0107444700, 0.7441059000)
(-0.6678987000, -0.0083015890, 0.0108508900, 0.7441268000)
(-0.6680456000, -0.0081900830, 0.0107948900, 0.7439970000)
(-0.6679060000, -0.0082833240, 0.0108066100, 0.7441211000)
(-0.6679708000, -0.0083204510, 0.0107848900, 0.7440628000)
(-0.6680566000, -0.0083375330, 0.0107119600, 0.7439867000)
(-0.6679170000, -0.0084024310, 0.0106845600, 0.7441116000)
(-0.6679201000, -0.0083691350, 0.0107527700, 0.7441083000)
(-0.6680191000, -0.0082719610, 0.0107671800, 0.7440203000)
(-0.6680579000, -0.0085179290, 0.0108033900, 0.7439822000)
(-0.6679639000, -0.0084061840, 0.0106918200, 0.7440694000)
(-0.6680276000, -0.0082972700, 0.0107755400, 0.7440122000)
(-0.6679746000, -0.0083351810, 0.0108418500, 0.7440584000)
(-0.6680051000, -0.0083666380, 0.0107954800, 0.7440314000)
(-0.6679745000, -0.0084553550, 0.0108167400, 0.7440575000)
(-0.6680971000, -0.0083955060, 0.0108431500, 0.7439477000)
(-0.6680091000, -0.0082444910, 0.0108089700, 0.7440289000)
(-0.6679348000, -0.0083899210, 0.0109520000, 0.7440920000)
(-0.6680439000, -0.0083573620, 0.0109731700, 0.7439941000)
(-0.6678931000, -0.0082257830, 0.0108247400, 0.7441331000)
(-0.6679011000, -0.0081761430, 0.0109750800, 0.7441242000)
(-0.6678993000, -0.0082899030, 0.0106989600, 0.7441286000)
(-0.6679494000, -0.0083965390, 0.0108283800, 0.7440805000)
(-0.6677856000, -0.0083103070, 0.0109146700, 0.7442273000)
(-0.6678211000, -0.0083385750, 0.0107813700, 0.7441971000)
(-0.6678665000, -0.0084527100, 0.0106602300, 0.7441568000)
(-0.6679869000, -0.0084165620, 0.0109309300, 0.7440451000)
(-0.6679105000, -0.0082885520, 0.0109271800, 0.7441153000)
(-0.6679448000, -0.0082942720, 0.0110006000, 0.7440833000)
(-0.6680700000, -0.0082381000, 0.0108803800, 0.7439734000)
(-0.6679075000, -0.0085311470, 0.0109191500, 0.7441153000)
(-0.6679367000, -0.0085053390, 0.0108676600, 0.7440902000)
(-0.6679336000, -0.0084628470, 0.0108895300, 0.7440931000)
(-0.6680109000, -0.0082599600, 0.0107725300, 0.7440277000)
(-0.6679052000, -0.0084255030, 0.0108127100, 0.7441202000)
(-0.6680381000, -0.0082458980, 0.0108380900, 0.7440025000)
(-0.6681213000, -0.0085037520, 0.0108825500, 0.7439243000)
(-0.6681635000, -0.0083865120, 0.0107846000, 0.7438891000)
(-0.6680872000, -0.0082802710, 0.0107395300, 0.7439595000)
(-0.6681664000, -0.0082200420, 0.0107667600, 0.7438886000)
(-0.6680127000, -0.0082999970, 0.0107858100, 0.7440254000)
(-0.6680426000, -0.0082010230, 0.0108048300, 0.7439994000)
(-0.6681356000, -0.0083610220, 0.0107416800, 0.7439150000)
(-0.6681204000, -0.0084061070, 0.0107070400, 0.7439287000)
(-0.6681203000, -0.0083164710, 0.0108381800, 0.7439278000)
(-0.6681682000, -0.0083915530, 0.0107701700, 0.7438850000)
(-0.6681225000, -0.0082737060, 0.0107785800, 0.7439272000)
(-0.6682064000, -0.0083268820, 0.0109048800, 0.7438494000)
(-0.6681250000, -0.0082420320, 0.0108357900, 0.7439245000)
(-0.6679916000, -0.0081419810, 0.0107940700, 0.7440460000)
(-0.6680358000, -0.0081727090, 0.0110242600, 0.7440026000)
(-0.6679804000, -0.0081429960, 0.0109140400, 0.7440544000)
(-0.6680051000, -0.0082089680, 0.0108827300, 0.7440318000)
(-0.6679849000, -0.0080745460, 0.0108840000, 0.7440515000)
(-0.6678165000, -0.0082093890, 0.0108136600, 0.7442021000)
(-0.6679648000, -0.0082010110, 0.0109899000, 0.7440666000)
(-0.6678247000, -0.0081351210, 0.0108784700, 0.7441946000)
(-0.6678618000, -0.0082105260, 0.0109225700, 0.7441599000)
(-0.6679075000, -0.0083222550, 0.0108990200, 0.7441180000)
(-0.6677830000, -0.0081996680, 0.0107599900, 0.7442331000)
(-0.6679037000, -0.0080795360, 0.0109651600, 0.7441232000)
(-0.6680618000, -0.0081185130, 0.0109159100, 0.7439815000)
(-0.6680472000, -0.0082035230, 0.0109442500, 0.7439932000)
(-0.6679712000, -0.0081213610, 0.0108056400, 0.7440644000)
(-0.6680078000, -0.0082175180, 0.0109606200, 0.7440282000)
(-0.6679349000, -0.0082870010, 0.0109154500, 0.7440936000)
(-0.6680631000, -0.0082829830, 0.0108317100, 0.7439797000)
(-0.6680645000, -0.0081300360, 0.0107607400, 0.7439811000)
(-0.6678361000, -0.0080707370, 0.0107975600, 0.7441863000)
(-0.6678873000, -0.0081746320, 0.0107875300, 0.7441393000)
(-0.6678921000, -0.0082433670, 0.0106906700, 0.7441357000)
(-0.6679201000, -0.0082070890, 0.0106136000, 0.7441121000)
(-0.6679556000, -0.0081204130, 0.0107795800, 0.7440787000)
(-0.6678949000, -0.0082545080, 0.0108669200, 0.7441306000)
(-0.6678680000, -0.0082128650, 0.0109166000, 0.7441545000)
(-0.6680081000, -0.0081324250, 0.0107896700, 0.7440314000)
(-0.6678959000, -0.0082534530, 0.0108518900, 0.7441298000)
(-0.6679642000, -0.0083031840, 0.0107279300, 0.7440698000)
(-0.6680582000, -0.0081514860, 0.0107446200, 0.7439868000)
(-0.6680417000, -0.0083971130, 0.0108391900, 0.7439976000)
(-0.6679440000, -0.0081295040, 0.0107371700, 0.7440897000)
(-0.6679752000, -0.0083206850, 0.0107954300, 0.7440587000)
(-0.6680216000, -0.0082803010, 0.0107466900, 0.7440183000)
(-0.6680668000, -0.0083097900, 0.0106850200, 0.7439782000)
(-0.6680750000, -0.0082727590, 0.0108211800, 0.7439693000)
(-0.6680581000, -0.0082839890, 0.0108317400, 0.7439842000)
(-0.6678534000, -0.0082029820, 0.0107553500, 0.7441700000)
(-0.6679978000, -0.0081711330, 0.0107227700, 0.7440411000)
(-0.6680151000, -0.0083315020, 0.0106527300, 0.7440248000)
(-0.6680056000, -0.0081789730, 0.0107817300, 0.7440332000)
(-0.6681235000, -0.0083073440, 0.0107321600, 0.7439267000)
(-0.6679825000, -0.0082893040, 0.0106217300, 0.7440550000)
(-0.6680302000, -0.0083951100, 0.0107419700, 0.7440093000)
(-0.6681569000, -0.0084315910, 0.0105653100, 0.7438976000)
(-0.6681420000, -0.0084198910, 0.0107278000, 0.7439088000)
(-0.6681832000, -0.0083639360, 0.0107877500, 0.7438716000)
(-0.6680893000, -0.0081730320, 0.0107370900, 0.7439587000)
(-0.6680503000, -0.0084027960, 0.0107499600, 0.7439911000)
(-0.6680303000, -0.0082856880, 0.0106661300, 0.7440115000)
(-0.6679854000, -0.0083531770, 0.0107027600, 0.7440505000)
(-0.6679236000, -0.0081810540, 0.0107134000, 0.7441078000)
(-0.6680013000, -0.0081601660, 0.0107094100, 0.7440383000)
(-0.6679579000, -0.0082161490, 0.0108065700, 0.7440753000)
(-0.6679250000, -0.0082355360, 0.0107347200, 0.7441056000)
(-0.6680300000, -0.0082349540, 0.0108252500, 0.7440102000)
(-0.6680658000, -0.0082990970, 0.0107653100, 0.7439781000)
(-0.6678693000, -0.0082312020, 0.0106497000, 0.7441569000)
(-0.6679477000, -0.0080982890, 0.0107870300, 0.7440860000)
(-0.6679971000, -0.0080117610, 0.0106291000, 0.7440448000)
(-0.6680635000, -0.0081697780, 0.0108449800, 0.7439805000)
(-0.6679634000, -0.0082945160, 0.0107185800, 0.7440707000)
(-0.6679762000, -0.0081689020, 0.0105691000, 0.7440628000)
(-0.6678936000, -0.0084300860, 0.0108190300, 0.7441304000)
(-0.6679252000, -0.0083105120, 0.0106646600, 0.7441056000)
(-0.6680069000, -0.0082542460, 0.0107238700, 0.7440321000)
(-0.6678041000, -0.0082550390, 0.0106714100, 0.7442148000)
(-0.6678817000, -0.0082940360, 0.0106764700, 0.7441447000)
(-0.6679029000, -0.0082437540, 0.0106950300, 0.7441260000)
(-0.6679757000, -0.0084866220, 0.0106529200, 0.7440585000)
(-0.6679338000, -0.0083923620, 0.0105692900, 0.7440983000)
(-0.6678758000, -0.0082638600, 0.0106460900, 0.7441508000)
(-0.6678451000, -0.0082328050, 0.0106589200, 0.7441784000)
(-0.6679284000, -0.0082678760, 0.0107258400, 0.7441024000)
(-0.6678060000, -0.0083197570, 0.0106450800, 0.7442129000)
(-0.6678524000, -0.0083608540, 0.0107187300, 0.7441696000)
(-0.6677437000, -0.0082858710, 0.0105769900, 0.7442700000)
(-0.6678081000, -0.0081846750, 0.0105779900, 0.7442134000)
(-0.6677110000, -0.0082715890, 0.0105063400, 0.7443005000)
(-0.6679699000, -0.0082402420, 0.0106456900, 0.7440665000)
(-0.6679150000, -0.0082170060, 0.0105785400, 0.7441171000)
(-0.6679285000, -0.0082611270, 0.0105681800, 0.7441046000)
(-0.6678973000, -0.0082978210, 0.0104482900, 0.7441338000)
(-0.6679027000, -0.0082370080, 0.0106055000, 0.7441275000)
(-0.6679311000, -0.0082940860, 0.0106849200, 0.7441002000)
(-0.6678617000, -0.0082905040, 0.0105922300, 0.7441639000)
(-0.6679068000, -0.0082798990, 0.0106682400, 0.7441224000)
(-0.6678939000, -0.0082414490, 0.0106316700, 0.7441350000)
(-0.6678044000, -0.0081254130, 0.0107253200, 0.7442153000)
(-0.6677828000, -0.0082015850, 0.0107911800, 0.7442327000)
(-0.6679528000, -0.0082167540, 0.0106274300, 0.7440824000)
(-0.6679045000, -0.0081544130, 0.0106340100, 0.7441264000)
(-0.6678450000, -0.0082296460, 0.0107833400, 0.7441768000)
(-0.6678523000, -0.0082012910, 0.0104682800, 0.7441751000)
(-0.6678593000, -0.0081736020, 0.0105823600, 0.7441674000)
(-0.6678777000, -0.0082240640, 0.0105250000, 0.7441512000)
(-0.6678023000, -0.0081892770, 0.0105141100, 0.7442194000)
(-0.6679631000, -0.0081228390, 0.0105333700, 0.7440755000)
(-0.6679209000, -0.0081844370, 0.0105601000, 0.7441123000)
(-0.6679299000, -0.0081849890, 0.0105453200, 0.7441045000)
(-0.6678734000, -0.0081567080, 0.0105489800, 0.7441554000)
(-0.6679757000, -0.0081445770, 0.0105499000, 0.7440638000)
(-0.6679724000, -0.0081071590, 0.0107230200, 0.7440647000)
(-0.6680100000, -0.0081371250, 0.0105531900, 0.7440330000)
(-0.6680038000, -0.0082677780, 0.0106452300, 0.7440358000)
(-0.6680610000, -0.0080833690, 0.0105499000, 0.7439878000)
(-0.6680295000, -0.0081152260, 0.0105623800, 0.7440156000)
(-0.6679300000, -0.0081259430, 0.0105229900, 0.7441054000)
(-0.6679617000, -0.0081693330, 0.0105277400, 0.7440764000)
(-0.6679925000, -0.0081925040, 0.0105281800, 0.7440485000)
(-0.6679350000, -0.0081163480, 0.0106238200, 0.7440996000)
(-0.6679245000, -0.0080895290, 0.0105368400, 0.7441105000)
(-0.6679779000, -0.0082125590, 0.0104945100, 0.7440618000)
(-0.6679963000, -0.0082175470, 0.0106008500, 0.7440438000)
(-0.6679983000, -0.0081661690, 0.0105035100, 0.7440439000)
(-0.6679400000, -0.0082236130, 0.0104117800, 0.7440969000)
(-0.6680472000, -0.0080649260, 0.0105311700, 0.7440007000)
(-0.6680434000, -0.0081876680, 0.0104615000, 0.7440038000)
(-0.6680910000, -0.0081716050, 0.0104659800, 0.7439611000)
(-0.6680381000, -0.0081854870, 0.0105759700, 0.7440069000)
(-0.6679646000, -0.0081203760, 0.0106338300, 0.7440728000)
(-0.6680999000, -0.0082042830, 0.0105266600, 0.7439519000)
(-0.6681362000, -0.0080289550, 0.0105443000, 0.7439210000)
(-0.6680673000, -0.0081763950, 0.0106006700, 0.7439805000)
(-0.6680390000, -0.0081668600, 0.0104615000, 0.7440079000)
(-0.6681144000, -0.0081730780, 0.0104981200, 0.7439396000)
(-0.6680299000, -0.0082964380, 0.0105067400, 0.7440140000)
(-0.6681924000, -0.0080873690, 0.0104736700, 0.7438709000)
(-0.6680384000, -0.0082520890, 0.0106439200, 0.7440049000)
(-0.6681248000, -0.0082150410, 0.0105568300, 0.7439290000)
(-0.6681033000, -0.0082898890, 0.0104663200, 0.7439487000)
(-0.6680928000, -0.0081898220, 0.0106386700, 0.7439569000)
(-0.6680536000, -0.0081561150, 0.0105179400, 0.7439942000)
(-0.6678999000, -0.0081871180, 0.0105790000, 0.7441309000)
(-0.6679983000, -0.0081273950, 0.0105817200, 0.7440432000)
(-0.6679026000, -0.0082700000, 0.0105361400, 0.7441282000)
(-0.6679617000, -0.0081974410, 0.0104571700, 0.7440770000)
(-0.6681898000, -0.0081444710, 0.0105693900, 0.7438712000)
(-0.6679651000, -0.0082612330, 0.0105024200, 0.7440726000)
(-0.6681122000, -0.0081775920, 0.0104578800, 0.7439421000)
(-0.6680040000, -0.0082783630, 0.0105386600, 0.7440371000)
(-0.6680255000, -0.0083872920, 0.0105748000, 0.7440160000)
(-0.6680736000, -0.0081725270, 0.0103846900, 0.7439779000)
(-0.6680223000, -0.0082855700, 0.0105242400, 0.7440207000)
(-0.6680304000, -0.0081322650, 0.0102997300, 0.7440183000)
(-0.6679593000, -0.0082656440, 0.0103713100, 0.7440796000)
(-0.6678457000, -0.0082349970, 0.0104982200, 0.7441803000)
(-0.6679358000, -0.0080571660, 0.0105673500, 0.7441003000)
(-0.6679302000, -0.0081953360, 0.0104160400, 0.7441059000)
(-0.6679660000, -0.0082101430, 0.0106904000, 0.7440698000)
(-0.6679441000, -0.0082292450, 0.0104978300, 0.7440920000)
(-0.6679260000, -0.0081217620, 0.0105787000, 0.7441082000)
(-0.6678814000, -0.0081239430, 0.0105943600, 0.7441480000)
(-0.6680114000, -0.0081825630, 0.0104995500, 0.7440321000)
(-0.6678581000, -0.0080924440, 0.0105351200, 0.7441701000)
(-0.6678482000, -0.0081900920, 0.0105096300, 0.7441784000)
(-0.6679445000, -0.0081601500, 0.0105496200, 0.7440916000)
(-0.6680557000, -0.0081633500, 0.0104114800, 0.7439938000)
(-0.6679710000, -0.0080428550, 0.0105010000, 0.7440698000)
(-0.6680075000, -0.0081494950, 0.0105365400, 0.7440354000)
(-0.6679603000, -0.0080866620, 0.0105900500, 0.7440777000)
(-0.6680137000, -0.0082087170, 0.0106025000, 0.7440282000)
(-0.6677855000, -0.0082223770, 0.0106432800, 0.7442324000)
(-0.6679922000, -0.0080160420, 0.0104123900, 0.7440524000)
(-0.6679090000, -0.0080611810, 0.0105655900, 0.7441244000)
(-0.6679870000, -0.0080256290, 0.0105271800, 0.7440552000)
(-0.6680211000, -0.0082171590, 0.0104998800, 0.7440228000)
(-0.6680440000, -0.0080977330, 0.0104533400, 0.7440043000)
(-0.6679970000, -0.0082129580, 0.0105138900, 0.7440444000)
(-0.6678870000, -0.0080487650, 0.0105760600, 0.7441441000)
(-0.6679287000, -0.0082048640, 0.0104695200, 0.7441064000)
(-0.6679416000, -0.0081462000, 0.0105874500, 0.7440938000)
(-0.6679708000, -0.0080932620, 0.0105296300, 0.7440689000)
(-0.6681113000, -0.0081544270, 0.0105368800, 0.7439421000)
(-0.6681676000, -0.0081260170, 0.0104202200, 0.7438935000)
(-0.6680571000, -0.0081753060, 0.0105321200, 0.7439907000)
(-0.6680665000, -0.0080875200, 0.0104313900, 0.7439845000)
(-0.6680989000, -0.0082575260, 0.0105063100, 0.7439525000)
(-0.6681049000, -0.0081171540, 0.0105310100, 0.7439483000)
(-0.6680834000, -0.0081613320, 0.0104303100, 0.7439686000)
(-0.6681687000, -0.0080542260, 0.0106702100, 0.7438897000)
(-0.6681346000, -0.0081143280, 0.0104405300, 0.7439229000)
(-0.6682740000, -0.0081005730, 0.0104856100, 0.7437972000)
(-0.6681573000, -0.0081244660, 0.0104892900, 0.7439018000)
(-0.6682497000, -0.0082041190, 0.0104840600, 0.7438180000)
(-0.6681331000, -0.0081200790, 0.0104626900, 0.7439239000)
(-0.6681035000, -0.0081238000, 0.0104525800, 0.7439507000)
(-0.6680326000, -0.0082181640, 0.0105206500, 0.7440122000)
(-0.6680092000, -0.0080460620, 0.0105044100, 0.7440354000)
(-0.6680787000, -0.0079611470, 0.0105322200, 0.7439736000)
(-0.6680908000, -0.0080779220, 0.0105035800, 0.7439618000)
(-0.6680939000, -0.0079907660, 0.0105687100, 0.7439590000)
(-0.6680840000, -0.0081152690, 0.0106426800, 0.7439656000)
(-0.6681411000, -0.0080863480, 0.0104078900, 0.7439179000)
(-0.6681961000, -0.0082422440, 0.0105986600, 0.7438640000)
(-0.6681312000, -0.0080935400, 0.0106201000, 0.7439237000)
(-0.6682171000, -0.0082074360, 0.0106204300, 0.7438453000)
(-0.6682574000, -0.0081748410, 0.0105290300, 0.7438107000)
(-0.6680928000, -0.0080169270, 0.0106009000, 0.7439592000)
(-0.6680355000, -0.0080504440, 0.0106031300, 0.7440103000)
(-0.6681539000, -0.0081487120, 0.0106756400, 0.7439019000)
(-0.6680989000, -0.0081374350, 0.0106273700, 0.7439522000)
(-0.6679620000, -0.0080560150, 0.0105611200, 0.7440768000)
(-0.6679099000, -0.0080646870, 0.0105553700, 0.7441237000)
(-0.6680563000, -0.0080992760, 0.0106460300, 0.7439905000)
(-0.6679603000, -0.0081944690, 0.0105979800, 0.7440763000)
(-0.6678737000, -0.0080277270, 0.0105986800, 0.7441558000)
(-0.6679765000, -0.0081506210, 0.0106655900, 0.7440613000)
(-0.6680483000, -0.0080801750, 0.0106212100, 0.7439983000)
(-0.6679731000, -0.0080859470, 0.0104041800, 0.7440688000)
(-0.6680064000, -0.0080141830, 0.0103893900, 0.7440398000)
(-0.6680216000, -0.0080336190, 0.0105413000, 0.7440238000)
(-0.6679452000, -0.0080623350, 0.0105712700, 0.7440917000)
(-0.6679593000, -0.0079993500, 0.0105686900, 0.7440798000)
(-0.6679794000, -0.0079209950, 0.0105816400, 0.7440624000)
(-0.6679648000, -0.0081925160, 0.0106629500, 0.7440714000)
(-0.6679597000, -0.0081838040, 0.0106056400, 0.7440769000)
(-0.6680686000, -0.0081208850, 0.0105276800, 0.7439809000)
(-0.6680942000, -0.0079525360, 0.0105673400, 0.7439592000)
(-0.6680558000, -0.0082786280, 0.0105511800, 0.7439904000)
(-0.6679472000, -0.0080110350, 0.0104954500, 0.7440915000)
(-0.6682212000, -0.0081211750, 0.0106438800, 0.7438422000)
(-0.6680873000, -0.0080884290, 0.0105644600, 0.7439640000)
(-0.6679319000, -0.0082051830, 0.0105453600, 0.7441025000)
(-0.6680323000, -0.0080850070, 0.0105748400, 0.7440132000)
(-0.6680253000, -0.0080384720, 0.0106267600, 0.7440193000)
(-0.6680298000, -0.0080310980, 0.0105841200, 0.7440159000)
(-0.6680294000, -0.0080127620, 0.0105972300, 0.7440163000)
(-0.6678478000, -0.0080684550, 0.0107353700, 0.7441767000)
(-0.6679024000, -0.0080760690, 0.0104605000, 0.7441316000)
(-0.6679018000, -0.0080520880, 0.0105373500, 0.7441313000)
(-0.6679677000, -0.0080776340, 0.0105352200, 0.7440718000)
(-0.6680937000, -0.0080909550, 0.0106195100, 0.7439573000)
(-0.6679190000, -0.0080432100, 0.0105224200, 0.7441161000)
(-0.6679567000, -0.0079644150, 0.0106245100, 0.7440817000)
(-0.6679273000, -0.0079628980, 0.0106336400, 0.7441080000)
(-0.6679984000, -0.0080600590, 0.0107187900, 0.7440419000)
(-0.6679186000, -0.0080599480, 0.0106058500, 0.7441152000)
(-0.6678842000, -0.0080580840, 0.0106084100, 0.7441460000)
(-0.6678786000, -0.0079628420, 0.0105529300, 0.7441528000)
(-0.6680245000, -0.0081205250, 0.0105284000, 0.7440205000)
(-0.6678047000, -0.0080946620, 0.0106301200, 0.7442167000)
(-0.6678627000, -0.0079520150, 0.0105025300, 0.7441679000)
(-0.6678261000, -0.0080135480, 0.0105888400, 0.7441989000)
(-0.6676812000, -0.0081077700, 0.0105166700, 0.7443289000)
(-0.6677983000, -0.0080706150, 0.0106056200, 0.7442230000)
(-0.6678671000, -0.0080693220, 0.0104381300, 0.7441636000)
(-0.6679913000, -0.0080612060, 0.0105309000, 0.7440509000)
(-0.6678156000, -0.0079837310, 0.0105678400, 0.7442089000)
(-0.6678454000, -0.0080363360, 0.0103806800, 0.7441843000)
(-0.6678674000, -0.0080410190, 0.0106419900, 0.7441608000)
(-0.6679135000, -0.0080212100, 0.0105788000, 0.7441205000)
(-0.6680589000, -0.0080106420, 0.0105537300, 0.7439904000)
(-0.6680266000, -0.0079456800, 0.0105170500, 0.7440207000)
(-0.6679363000, -0.0081211800, 0.0105914700, 0.7440988000)
(-0.6679748000, -0.0079891470, 0.0105909300, 0.7440656000)
(-0.6679912000, -0.0079574770, 0.0105713100, 0.7440516000)
(-0.6679993000, -0.0079830320, 0.0105921500, 0.7440436000)
(-0.6679648000, -0.0079221800, 0.0104735300, 0.7440771000)
(-0.6679077000, -0.0080605020, 0.0106990300, 0.7441236000)
(-0.6678675000, -0.0080358890, 0.0106552000, 0.7441605000)
(-0.6678717000, -0.0078563110, 0.0105748800, 0.7441598000)
(-0.6678947000, -0.0080340370, 0.0106641800, 0.7441360000)
(-0.6679621000, -0.0081353930, 0.0105409700, 0.7440761000)
(-0.6679920000, -0.0080477880, 0.0106676400, 0.7440485000)
(-0.6679009000, -0.0081607900, 0.0105365700, 0.7441308000)
(-0.6680028000, -0.0081306580, 0.0105599000, 0.7440395000)
(-0.6678927000, -0.0081396080, 0.0106219000, 0.7441373000)
(-0.6680098000, -0.0081035380, 0.0105471100, 0.7440336000)
(-0.6679833000, -0.0081151380, 0.0105196200, 0.7440577000)
(-0.6679347000, -0.0080171550, 0.0105238200, 0.7441024000)
(-0.6679375000, -0.0081006070, 0.0105333100, 0.7440987000)
(-0.6679123000, -0.0081060200, 0.0104935600, 0.7441219000)
(-0.6679103000, -0.0082199630, 0.0104922000, 0.7441225000)
(-0.6678367000, -0.0080258690, 0.0105824500, 0.7441894000)
(-0.6679226000, -0.0080483570, 0.0106029900, 0.7441117000)
(-0.6678811000, -0.0081938190, 0.0105400400, 0.7441483000)
(-0.6679803000, -0.0079613600, 0.0104692000, 0.7440627000)
(-0.6679778000, -0.0080708430, 0.0105305800, 0.7440629000)
(-0.6679620000, -0.0080536680, 0.0105400900, 0.7440772000)
(-0.6678877000, -0.0080395330, 0.0104941600, 0.7441447000)
(-0.6679515000, -0.0080735890, 0.0103818100, 0.7440887000)
(-0.6679180000, -0.0081854420, 0.0105107200, 0.7441157000)
(-0.6680546000, -0.0081599490, 0.0105137500, 0.7439932000)
(-0.6680034000, -0.0081629190, 0.0104867900, 0.7440396000)
(-0.6679178000, -0.0082212460, 0.0103725300, 0.7441173000)
(-0.6679654000, -0.0081094720, 0.0104946400, 0.7440742000)
(-0.6678950000, -0.0081410670, 0.0104555500, 0.7441376000)
(-0.6679332000, -0.0081465110, 0.0105246200, 0.7441023000)
(-0.6678603000, -0.0082221220, 0.0104380900, 0.7441680000)
(-0.6679946000, -0.0081864800, 0.0103970100, 0.7440485000)
(-0.6680184000, -0.0083465430, 0.0103573100, 0.7440258000)
(-0.6680070000, -0.0081913440, 0.0104397400, 0.7440367000)
(-0.6679815000, -0.0082427140, 0.0103909900, 0.7440597000)
(-0.6679968000, -0.0081841280, 0.0103706100, 0.7440469000)
(-0.6680962000, -0.0081797240, 0.0104207100, 0.7439570000)
(-0.6679875000, -0.0081926750, 0.0104386500, 0.7440542000)
(-0.6679038000, -0.0082124430, 0.0103693100, 0.7441301000)
(-0.6679577000, -0.0082083850, 0.0102933100, 0.7440827000)
(-0.6678479000, -0.0081337190, 0.0103942200, 0.7441807000)
(-0.6678963000, -0.0080590740, 0.0102881200, 0.7441396000)
(-0.6679357000, -0.0081686770, 0.0103746400, 0.7441018000)
(-0.6679879000, -0.0081701590, 0.0103567900, 0.7440552000)
(-0.6680187000, -0.0081991830, 0.0103663300, 0.7440271000)
(-0.6679682000, -0.0082528050, 0.0103799700, 0.7440717000)
(-0.6680893000, -0.0080938840, 0.0103449600, 0.7439652000)
(-0.6680237000, -0.0081454250, 0.0102616700, 0.7440246000)
(-0.6681146000, -0.0081872560, 0.0102779800, 0.7439424000)
(-0.6680676000, -0.0080945440, 0.0102928200, 0.7439854000)
(-0.6678977000, -0.0081400930, 0.0103018500, 0.7441373000)
(-0.6680538000, -0.0080969620, 0.0104436000, 0.7439956000)
(-0.6680686000, -0.0080378690, 0.0103606200, 0.7439842000)
(-0.6680394000, -0.0081077610, 0.0103268200, 0.7440100000)
(-0.6680024000, -0.0081606870, 0.0102357800, 0.7440440000)
(-0.6679925000, -0.0080310240, 0.0103969200, 0.7440521000)
(-0.6680040000, -0.0080200790, 0.0102093900, 0.7440445000)
(-0.6679786000, -0.0080561870, 0.0102737800, 0.7440660000)
(-0.6679831000, -0.0080950030, 0.0102961800, 0.7440612000)
(-0.6679976000, -0.0081819430, 0.0102204200, 0.7440483000)
(-0.6680816000, -0.0080031030, 0.0103363000, 0.7439733000)
(-0.6679929000, -0.0081356740, 0.0102928200, 0.7440521000)
(-0.6681159000, -0.0079148710, 0.0104053800, 0.7439424000)
(-0.6681970000, -0.0081921150, 0.0103360500, 0.7438676000)
(-0.6680325000, -0.0079991350, 0.0102784800, 0.7440182000)
(-0.6681086000, -0.0081154000, 0.0102796600, 0.7439485000)
(-0.6680769000, -0.0080700940, 0.0102918400, 0.7439773000)
(-0.6681417000, -0.0082432590, 0.0103291900, 0.7439167000)
(-0.6680765000, -0.0081484970, 0.0103028100, 0.7439766000)
(-0.6681280000, -0.0082728500, 0.0102769000, 0.7439294000)
(-0.6681513000, -0.0081959170, 0.0103741600, 0.7439079000)
(-0.6680343000, -0.0082107430, 0.0103164500, 0.7440137000)
(-0.6681083000, -0.0083052740, 0.0103362000, 0.7439459000)
(-0.6681474000, -0.0081998950, 0.0102787100, 0.7439128000)
(-0.6681101000, -0.0082567280, 0.0103596200, 0.7439445000)
(-0.6680060000, -0.0082816860, 0.0103646800, 0.7440377000)
(-0.6682034000, -0.0082253380, 0.0104164200, 0.7438603000)
(-0.6681212000, -0.0082256620, 0.0104215900, 0.7439340000)
(-0.6681404000, -0.0082277660, 0.0103107500, 0.7439183000)
(-0.6681040000, -0.0082764750, 0.0103855400, 0.7439495000)
(-0.6681180000, -0.0081569310, 0.0103977000, 0.7439380000)
(-0.6680487000, -0.0081730290, 0.0103521200, 0.7440007000)
(-0.6681408000, -0.0080147530, 0.0102884600, 0.7439206000)
(-0.6679888000, -0.0080781470, 0.0102550800, 0.7440568000)
(-0.6679902000, -0.0082286920, 0.0101629700, 0.7440552000)
(-0.6680263000, -0.0081445830, 0.0102570700, 0.7440224000)
(-0.6679964000, -0.0081899890, 0.0103524800, 0.7440475000)
(-0.6679846000, -0.0082462720, 0.0103166700, 0.7440579000)
(-0.6680191000, -0.0080974530, 0.0103727200, 0.7440279000)
(-0.6679479000, -0.0081913110, 0.0103128900, 0.7440915000)
(-0.6679338000, -0.0082231930, 0.0102753100, 0.7441043000)
(-0.6680984000, -0.0081847500, 0.0101767200, 0.7439584000)
(-0.6681366000, -0.0082381370, 0.0103887500, 0.7439205000)
(-0.6680946000, -0.0081298130, 0.0102182300, 0.7439617000)
(-0.6679980000, -0.0081725200, 0.0102246300, 0.7440481000)
(-0.6680692000, -0.0082147090, 0.0102448600, 0.7439833000)
(-0.6681368000, -0.0083212110, 0.0102654500, 0.7439212000)
(-0.6680843000, -0.0081572890, 0.0101411400, 0.7439718000)
(-0.6680779000, -0.0081551930, 0.0102305600, 0.7439763000)
(-0.6680626000, -0.0081223580, 0.0103038400, 0.7439895000)
(-0.6680641000, -0.0084163950, 0.0102982000, 0.7439849000)
(-0.6681553000, -0.0081106250, 0.0103507400, 0.7439057000)
(-0.6680232000, -0.0081108650, 0.0103733200, 0.7440240000)
(-0.6681250000, -0.0083388560, 0.0103838800, 0.7439299000)
(-0.6681814000, -0.0081616890, 0.0102306600, 0.7438833000)
(-0.6681749000, -0.0080784390, 0.0103623400, 0.7438883000)
(-0.6680146000, -0.0081029730, 0.0102198300, 0.7440339000)
(-0.6681082000, -0.0081111070, 0.0102548100, 0.7439492000)
(-0.6681371000, -0.0083340850, 0.0103174900, 0.7439200000)
(-0.6680356000, -0.0080363030, 0.0103718600, 0.7440137000)
(-0.6681384000, -0.0080939410, 0.0103281700, 0.7439213000)
(-0.6680812000, -0.0080933600, 0.0103067300, 0.7439731000)
(-0.6680890000, -0.0080807120, 0.0102326400, 0.7439671000)
(-0.6681785000, -0.0081687140, 0.0102631400, 0.7438855000)
(-0.6680578000, -0.0081916690, 0.0103333800, 0.7439926000)
(-0.6680835000, -0.0082231860, 0.0104099400, 0.7439680000)
(-0.6681181000, -0.0082083910, 0.0102802400, 0.7439390000)
(-0.6681598000, -0.0082615050, 0.0103608700, 0.7438998000)
(-0.6680902000, -0.0081044940, 0.0103234500, 0.7439646000)
(-0.6681569000, -0.0083233900, 0.0102826800, 0.7439029000)
(-0.6680316000, -0.0083026210, 0.0103879600, 0.7440141000)
(-0.6680416000, -0.0082130000, 0.0102883000, 0.7440075000)
(-0.6680233000, -0.0082466410, 0.0103074800, 0.7440233000)
(-0.6679395000, -0.0081747470, 0.0103604600, 0.7440985000)
(-0.6680689000, -0.0080436220, 0.0103334400, 0.7439842000)
(-0.6679642000, -0.0080891740, 0.0102605200, 0.7440788000)
(-0.6679456000, -0.0082159680, 0.0102107700, 0.7440948000)
(-0.6680938000, -0.0082352910, 0.0103395200, 0.7439596000)
(-0.6679972000, -0.0082778390, 0.0104097500, 0.7440450000)
(-0.6678937000, -0.0082075130, 0.0104710800, 0.7441378000)
(-0.6680400000, -0.0081393990, 0.0104697000, 0.7440072000)
(-0.6679933000, -0.0080418210, 0.0104215200, 0.7440509000)
(-0.6680206000, -0.0080871930, 0.0103297200, 0.7440272000)
(-0.6679146000, -0.0079650810, 0.0105302400, 0.7441208000)
(-0.6680639000, -0.0081107740, 0.0103399700, 0.7439879000)
(-0.6680110000, -0.0081266530, 0.0103598700, 0.7440349000)
(-0.6680127000, -0.0082232760, 0.0104431400, 0.7440312000)
(-0.6681008000, -0.0080035790, 0.0105481400, 0.7439529000)
(-0.6681516000, -0.0080717210, 0.0105395700, 0.7439069000)
(-0.6679839000, -0.0081801760, 0.0105780800, 0.7440556000)
(-0.6680983000, -0.0080288830, 0.0105091600, 0.7439556000)
(-0.6680814000, -0.0080226670, 0.0106689900, 0.7439684000)
(-0.6680339000, -0.0080329040, 0.0103973400, 0.7440149000)
(-0.6679853000, -0.0080368660, 0.0105291400, 0.7440566000)
(-0.6680034000, -0.0082345470, 0.0105750200, 0.7440376000)
(-0.6680425000, -0.0081621540, 0.0105515300, 0.7440036000)
(-0.6679829000, -0.0082039910, 0.0106277700, 0.7440556000)
(-0.6680651000, -0.0080909180, 0.0106656900, 0.7439825000)
(-0.6680044000, -0.0080382130, 0.0104613200, 0.7440404000)
(-0.6681317000, -0.0080866310, 0.0104715800, 0.7439255000)
(-0.6680863000, -0.0080232010, 0.0106513400, 0.7439643000)
(-0.6680635000, -0.0080952430, 0.0106058200, 0.7439846000)
(-0.6680654000, -0.0081304210, 0.0104834200, 0.7439843000)
(-0.6681116000, -0.0079909540, 0.0105351700, 0.7439436000)
(-0.6681585000, -0.0078690370, 0.0106673800, 0.7439009000)
(-0.6681240000, -0.0080563780, 0.0104566500, 0.7439329000)
(-0.6680521000, -0.0081076010, 0.0106133500, 0.7439947000)
(-0.6680889000, -0.0080678280, 0.0105199500, 0.7439634000)
(-0.6679637000, -0.0081194910, 0.0105259300, 0.7440752000)
(-0.6680974000, -0.0080414940, 0.0104904600, 0.7439564000)
(-0.6679483000, -0.0080675120, 0.0105951200, 0.7440885000)
(-0.6678970000, -0.0080923070, 0.0104063500, 0.7441370000)
(-0.6680374000, -0.0079849150, 0.0106284100, 0.7440091000)
(-0.6678850000, -0.0079990660, 0.0104893400, 0.7441475000)
(-0.6679083000, -0.0080963850, 0.0106241900, 0.7441238000)
(-0.6679544000, -0.0082472380, 0.0105568900, 0.7440816000)
(-0.6680838000, -0.0082015820, 0.0105885600, 0.7439655000)
(-0.6679882000, -0.0082468260, 0.0106725000, 0.7440496000)
(-0.6681078000, -0.0080648030, 0.0105252900, 0.7439464000)
(-0.6680214000, -0.0080863230, 0.0106037200, 0.7440225000)
(-0.6680303000, -0.0082366860, 0.0106692200, 0.7440120000)
(-0.6679494000, -0.0080133490, 0.0106748300, 0.7440870000)
(-0.6679963000, -0.0081409250, 0.0105964300, 0.7440447000)
(-0.6679811000, -0.0080717780, 0.0105990000, 0.7440590000)
(-0.6679392000, -0.0081628070, 0.0106523400, 0.7440949000)
(-0.6681309000, -0.0080423270, 0.0105206500, 0.7439259000)
(-0.6680678000, -0.0080828760, 0.0104359700, 0.7439834000)
(-0.6680973000, -0.0082153850, 0.0105419700, 0.7439539000)
(-0.6680606000, -0.0082113640, 0.0106657300, 0.7439851000)
(-0.6680849000, -0.0083957260, 0.0105366500, 0.7439631000)
(-0.6679872000, -0.0081600600, 0.0104278100, 0.7440550000)
(-0.6680187000, -0.0081531500, 0.0103918200, 0.7440273000)
(-0.6679910000, -0.0082078070, 0.0106488500, 0.7440479000)
(-0.6679208000, -0.0081701830, 0.0105103900, 0.7441133000)
(-0.6679767000, -0.0082322950, 0.0106189500, 0.7440610000)
(-0.6679364000, -0.0080426110, 0.0105684700, 0.7440999000)
(-0.6680388000, -0.0080971750, 0.0105939700, 0.7440070000)
(-0.6679726000, -0.0081904560, 0.0104613800, 0.7440673000)
(-0.6680925000, -0.0082005950, 0.0106026100, 0.7439575000)
(-0.6680415000, -0.0081557280, 0.0105578200, 0.7440044000)
(-0.6679617000, -0.0080360360, 0.0105956800, 0.7440768000)
(-0.6679795000, -0.0080877950, 0.0105453500, 0.7440610000)
(-0.6680491000, -0.0081514510, 0.0105208700, 0.7439982000)
(-0.6680688000, -0.0080174530, 0.0106330700, 0.7439804000)
(-0.6679907000, -0.0081166630, 0.0105854600, 0.7440501000)
(-0.6678752000, -0.0080296150, 0.0106436000, 0.7441539000)
(-0.6678388000, -0.0081142920, 0.0105477000, 0.7441870000)
(-0.6680151000, -0.0079806050, 0.0105766400, 0.7440298000)
(-0.6680282000, -0.0080401420, 0.0105437600, 0.7440178000)
(-0.6678539000, -0.0082192640, 0.0106820700, 0.7441704000)
(-0.6680218000, -0.0079941250, 0.0104194700, 0.7440258000)
(-0.6678607000, -0.0079993160, 0.0106219700, 0.7441676000)
(-0.6679382000, -0.0079686030, 0.0105971500, 0.7440987000)
(-0.6678420000, -0.0080003460, 0.0106182900, 0.7441844000)
(-0.6678814000, -0.0078526250, 0.0105545200, 0.7441515000)
(-0.6679090000, -0.0079620110, 0.0105420900, 0.7441258000)
(-0.6680304000, -0.0080522120, 0.0104319400, 0.7440174000)
(-0.6680113000, -0.0079067980, 0.0106137800, 0.7440335000)
(-0.6679184000, -0.0079271120, 0.0105361700, 0.7441178000)
(-0.6679844000, -0.0080156240, 0.0102995300, 0.7440608000)
(-0.6678784000, -0.0079493150, 0.0105297900, 0.7441534000)
(-0.6680217000, -0.0079511140, 0.0104753400, 0.7440256000)
(-0.6679270000, -0.0078794980, 0.0106035100, 0.7441096000)
(-0.6679749000, -0.0080072640, 0.0105748100, 0.7440656000)
(-0.6679707000, -0.0078501120, 0.0104664500, 0.7440726000)
(-0.6679578000, -0.0078889830, 0.0104647600, 0.7440838000)
(-0.6678572000, -0.0079370650, 0.0104536700, 0.7441738000)
(-0.6678086000, -0.0077805170, 0.0104321600, 0.7442193000)
(-0.6679719000, -0.0079368880, 0.0103238900, 0.7440726000)
(-0.6679687000, -0.0080407820, 0.0104597000, 0.7440724000)
(-0.6678976000, -0.0080047130, 0.0106012100, 0.7441346000)
(-0.6678846000, -0.0079746860, 0.0105195900, 0.7441478000)
(-0.6679499000, -0.0079974490, 0.0104767000, 0.7440895000)
(-0.6678818000, -0.0080963260, 0.0103769900, 0.7441510000)
(-0.6679352000, -0.0079838880, 0.0106581300, 0.7441003000)
(-0.6678687000, -0.0080300870, 0.0105376400, 0.7441613000)
(-0.6679310000, -0.0080443720, 0.0106670500, 0.7441033000)
(-0.6678869000, -0.0080152040, 0.0106431600, 0.7441435000)
(-0.6680397000, -0.0079772710, 0.0106352500, 0.7440069000)
(-0.6679085000, -0.0079698390, 0.0105863700, 0.7441254000)
(-0.6679387000, -0.0080166060, 0.0107079500, 0.7440961000)
(-0.6679585000, -0.0079934150, 0.0105171600, 0.7440813000)
(-0.6680439000, -0.0079632280, 0.0105645000, 0.7440044000)
(-0.6680794000, -0.0079596900, 0.0104489200, 0.7439740000)
(-0.6679872000, -0.0079092620, 0.0106775200, 0.7440542000)
(-0.6679716000, -0.0079284040, 0.0106082400, 0.7440689000)
(-0.6679218000, -0.0078617920, 0.0106177800, 0.7441142000)
(-0.6678545000, -0.0079029620, 0.0107035600, 0.7441729000)
(-0.6680183000, -0.0078570000, 0.0106449000, 0.7440273000)
(-0.6679745000, -0.0078113080, 0.0105658400, 0.7440681000)
(-0.6679533000, -0.0079797030, 0.0106520300, 0.7440842000)
(-0.6679626000, -0.0079592540, 0.0104144500, 0.7440794000)
(-0.6681086000, -0.0079951170, 0.0105179700, 0.7439465000)
(-0.6679412000, -0.0078896010, 0.0105801700, 0.7440971000)
(-0.6680819000, -0.0079561210, 0.0104324400, 0.7439721000)
(-0.6681347000, -0.0079686710, 0.0106144400, 0.7439219000)
(-0.6681000000, -0.0080019110, 0.0105335400, 0.7439539000)
(-0.6681274000, -0.0080884170, 0.0105982600, 0.7439275000)
(-0.6679978000, -0.0079867360, 0.0105689700, 0.7440454000)
(-0.6681359000, -0.0078435360, 0.0105754300, 0.7439228000)
(-0.6682125000, -0.0081048580, 0.0105070600, 0.7438521000)
(-0.6681193000, -0.0080306530, 0.0106784000, 0.7439343000)
(-0.6681081000, -0.0081522710, 0.0105325700, 0.7439450000)
(-0.6680495000, -0.0082043140, 0.0104832700, 0.7439978000)
(-0.6680982000, -0.0079978040, 0.0105896500, 0.7439548000)
(-0.6679771000, -0.0080089340, 0.0105896200, 0.7440634000)
(-0.6679785000, -0.0081022670, 0.0105344200, 0.7440619000)
(-0.6679838000, -0.0081589810, 0.0106246600, 0.7440552000)
(-0.6681031000, -0.0080869440, 0.0106650300, 0.7439483000)
(-0.6679906000, -0.0079976260, 0.0105865300, 0.7440515000)
(-0.6680361000, -0.0080005010, 0.0104284900, 0.7440128000)
(-0.6680359000, -0.0080533330, 0.0105705500, 0.7440104000)
(-0.6679873000, -0.0080984180, 0.0105260700, 0.7440541000)
(-0.6679474000, -0.0080252900, 0.0105454900, 0.7440906000)
(-0.6679021000, -0.0079319980, 0.0105209800, 0.7441325000)
(-0.6680337000, -0.0079868710, 0.0104465000, 0.7440149000)
(-0.6679813000, -0.0080148480, 0.0102631900, 0.7440642000)
(-0.6679076000, -0.0081081950, 0.0102358600, 0.7441297000)
(-0.6679956000, -0.0082126400, 0.0103720000, 0.7440476000)
(-0.6680176000, -0.0080912500, 0.0102478500, 0.7440310000)
(-0.6679509000, -0.0078478540, 0.0103504200, 0.7440919000)
(-0.6679541000, -0.0079949060, 0.0103836200, 0.7440871000)
(-0.6680610000, -0.0079849950, 0.0102957900, 0.7439924000)
(-0.6681155000, -0.0080454340, 0.0104178200, 0.7439411000)
(-0.6679609000, -0.0081197130, 0.0103909500, 0.7440795000)
(-0.6679875000, -0.0081399740, 0.0103117000, 0.7440566000)
(-0.6679908000, -0.0079801410, 0.0102348200, 0.7440564000)
(-0.6681746000, -0.0080975520, 0.0103344900, 0.7438887000)
(-0.6680878000, -0.0080388370, 0.0103751700, 0.7439667000)
(-0.6681402000, -0.0080710710, 0.0103246700, 0.7439200000)
(-0.6680863000, -0.0081256680, 0.0101740600, 0.7439699000)
(-0.6680288000, -0.0080651500, 0.0103102800, 0.7440202000)
(-0.6679850000, -0.0081638200, 0.0102106300, 0.7440600000)
(-0.6680433000, -0.0080646160, 0.0102522600, 0.7440081000)
(-0.6681769000, -0.0081484980, 0.0101633500, 0.7438884000)
(-0.6681725000, -0.0082240100, 0.0104050600, 0.7438882000)
(-0.6680298000, -0.0081762470, 0.0103306100, 0.7440179000)
(-0.6681663000, -0.0081523430, 0.0103423900, 0.7438954000)
(-0.6681240000, -0.0082417260, 0.0102260900, 0.7439340000)
(-0.6682211000, -0.0081255840, 0.0103139700, 0.7438470000)
(-0.6680788000, -0.0081555120, 0.0103994600, 0.7439732000)
(-0.6680495000, -0.0081667680, 0.0102324100, 0.7440017000)
(-0.6680828000, -0.0080754570, 0.0102902100, 0.7439721000)
(-0.6679333000, -0.0080199200, 0.0102317600, 0.7441076000)
(-0.6681232000, -0.0081409470, 0.0101371700, 0.7439371000)
(-0.6680541000, -0.0082411100, 0.0103845600, 0.7439946000)
(-0.6681551000, -0.0081466680, 0.0102489700, 0.7439068000)
(-0.6681180000, -0.0082460270, 0.0102649900, 0.7439388000)
(-0.6682265000, -0.0082012220, 0.0102616500, 0.7438419000)
(-0.6680602000, -0.0083209070, 0.0102465400, 0.7439902000)
(-0.6680763000, -0.0082381030, 0.0102663000, 0.7439763000)
(-0.6679588000, -0.0081952930, 0.0101033000, 0.7440845000)
(-0.6679981000, -0.0082329710, 0.0102489600, 0.7440469000)
(-0.6681232000, -0.0083819260, 0.0102539800, 0.7439329000)
(-0.6680338000, -0.0082335860, 0.0102015900, 0.7440155000)
(-0.6679549000, -0.0082075210, 0.0104537000, 0.7440832000)
(-0.6679437000, -0.0081841080, 0.0103759900, 0.7440945000)
(-0.6680196000, -0.0082798820, 0.0103340500, 0.7440259000)
(-0.6680553000, -0.0082431320, 0.0103252300, 0.7439944000)
(-0.6679256000, -0.0081948560, 0.0103276700, 0.7441113000)
(-0.6679256000, -0.0083882760, 0.0103569000, 0.7441087000)
(-0.6678849000, -0.0083152070, 0.0103444200, 0.7441462000)
(-0.6680213000, -0.0083659770, 0.0103940000, 0.7440227000)
(-0.6679839000, -0.0082302380, 0.0102582400, 0.7440595000)
(-0.6679964000, -0.0083057090, 0.0101646600, 0.7440488000)
(-0.6681257000, -0.0084608320, 0.0103510300, 0.7439283000)
(-0.6679851000, -0.0084389890, 0.0102759500, 0.7440558000)
(-0.6679030000, -0.0083546210, 0.0103690000, 0.7441292000)
(-0.6679910000, -0.0083531500, 0.0103137100, 0.7440510000)
(-0.6679813000, -0.0084079480, 0.0102340300, 0.7440602000)
(-0.6680030000, -0.0082934340, 0.0103442900, 0.7440405000)
(-0.6679260000, -0.0082797410, 0.0103425200, 0.7441098000)
(-0.6679016000, -0.0082320480, 0.0103181100, 0.7441326000)
(-0.6680503000, -0.0084208960, 0.0103781600, 0.7439961000)
(-0.6680310000, -0.0082766200, 0.0104624200, 0.7440138000)
(-0.6680855000, -0.0083240990, 0.0104405600, 0.7439647000)
(-0.6679593000, -0.0082820570, 0.0105242800, 0.7440773000)
(-0.6679977000, -0.0083970350, 0.0103816900, 0.7440436000)
(-0.6679780000, -0.0082343720, 0.0105222200, 0.7440611000)
(-0.6680678000, -0.0083314700, 0.0105673600, 0.7439787000)
(-0.6679415000, -0.0081865090, 0.0105031900, 0.7440947000)
(-0.6678649000, -0.0083879190, 0.0104811000, 0.7441614000)
(-0.6678928000, -0.0083101110, 0.0105453300, 0.7441365000)
(-0.6680101000, -0.0083360220, 0.0105721200, 0.7440304000)
(-0.6680089000, -0.0083224460, 0.0104691600, 0.7440332000)
(-0.6679670000, -0.0082612550, 0.0105589100, 0.7440702000)
(-0.6680282000, -0.0083254130, 0.0104397600, 0.7440162000)
(-0.6679540000, -0.0083676280, 0.0104710100, 0.7440819000)
(-0.6680259000, -0.0082980100, 0.0105460100, 0.7440171000)
(-0.6679550000, -0.0083105240, 0.0103873200, 0.7440828000)
(-0.6680488000, -0.0083034790, 0.0105236300, 0.7439967000)
(-0.6680350000, -0.0083501260, 0.0105727400, 0.7440079000)
(-0.6680557000, -0.0082458300, 0.0104742700, 0.7439919000)
(-0.6681489000, -0.0083177250, 0.0106571700, 0.7439048000)
(-0.6681611000, -0.0083464050, 0.0105084900, 0.7438956000)
(-0.6680639000, -0.0084007830, 0.0104759100, 0.7439828000)
(-0.6679788000, -0.0084328930, 0.0104705100, 0.7440589000)
(-0.6680065000, -0.0083155410, 0.0103403300, 0.7440371000)
(-0.6680866000, -0.0083189420, 0.0104170300, 0.7439641000)
(-0.6679766000, -0.0083628670, 0.0103678600, 0.7440631000)
(-0.6680114000, -0.0081716570, 0.0104048900, 0.7440334000)
(-0.6680059000, -0.0082367060, 0.0103855900, 0.7440379000)
(-0.6678774000, -0.0083291220, 0.0104442500, 0.7441514000)
(-0.6680373000, -0.0083706980, 0.0104673900, 0.7440071000)
(-0.6679443000, -0.0083318700, 0.0104151700, 0.7440917000)
(-0.6680236000, -0.0083338430, 0.0104329900, 0.7440202000)
(-0.6680249000, -0.0083279570, 0.0104083400, 0.7440195000)
(-0.6679740000, -0.0081533840, 0.0104178300, 0.7440670000)
(-0.6679550000, -0.0082813340, 0.0105320100, 0.7440810000)
(-0.6680362000, -0.0082156730, 0.0105098600, 0.7440092000)
(-0.6680523000, -0.0082527640, 0.0107613600, 0.7439907000)
(-0.6680061000, -0.0083287400, 0.0105788900, 0.7440340000)
(-0.6680160000, -0.0082000740, 0.0105896500, 0.7440264000)
(-0.6681527000, -0.0081307320, 0.0107598300, 0.7439020000)
(-0.6680565000, -0.0082351570, 0.0106218500, 0.7439892000)
(-0.6681352000, -0.0083058150, 0.0106373200, 0.7439176000)
(-0.6681015000, -0.0083851160, 0.0104984900, 0.7439489000)
(-0.6680812000, -0.0082772070, 0.0105627900, 0.7439673000)
(-0.6681354000, -0.0083185870, 0.0105665000, 0.7439182000)
(-0.6680526000, -0.0081391840, 0.0106181400, 0.7439938000)
(-0.6681525000, -0.0082111070, 0.0105627200, 0.7439041000)
(-0.6680417000, -0.0082889910, 0.0105908400, 0.7440023000)
(-0.6680393000, -0.0082443680, 0.0105465800, 0.7440056000)
(-0.6679782000, -0.0081742710, 0.0106659800, 0.7440595000)
(-0.6679542000, -0.0082400800, 0.0106573900, 0.7440805000)
(-0.6679211000, -0.0082097080, 0.0105680900, 0.7441118000)
(-0.6680443000, -0.0082282140, 0.0106097500, 0.7440004000)
(-0.6680375000, -0.0081958260, 0.0106840900, 0.7440058000)
(-0.6680331000, -0.0081988820, 0.0107501200, 0.7440088000)
(-0.6680229000, -0.0081159310, 0.0107895800, 0.7440182000)
(-0.6679696000, -0.0081894590, 0.0105744500, 0.7440684000)
(-0.6681573000, -0.0082419240, 0.0107743500, 0.7438963000)
(-0.6681355000, -0.0082724190, 0.0106757300, 0.7439171000)
(-0.6680574000, -0.0081753780, 0.0107945100, 0.7439866000)
(-0.6679372000, -0.0081739300, 0.0107309200, 0.7440954000)
(-0.6680597000, -0.0082069640, 0.0107061200, 0.7439854000)
(-0.6680460000, -0.0080531270, 0.0106619900, 0.7440001000)
(-0.6680047000, -0.0081319710, 0.0107445200, 0.7440351000)
(-0.6680577000, -0.0081367410, 0.0108164700, 0.7439864000)
(-0.6680925000, -0.0080826380, 0.0107266200, 0.7439570000)
(-0.6681966000, -0.0079407360, 0.0107539900, 0.7438647000)
(-0.6680850000, -0.0081329980, 0.0108024400, 0.7439622000)
(-0.6679712000, -0.0081365900, 0.0107007400, 0.7440657000)
(-0.6680474000, -0.0081811980, 0.0108722200, 0.7439943000)
(-0.6680951000, -0.0080692400, 0.0108451400, 0.7439532000)
(-0.6680747000, -0.0081025930, 0.0107464700, 0.7439725000)
(-0.6680172000, -0.0081668010, 0.0108850200, 0.7440214000)
(-0.6680632000, -0.0081819310, 0.0107246200, 0.7439823000)
(-0.6681341000, -0.0081654540, 0.0108450400, 0.7439170000)
(-0.6682261000, -0.0082281500, 0.0108191200, 0.7438341000)
(-0.6681170000, -0.0081703450, 0.0107297000, 0.7439341000)
(-0.6680992000, -0.0081071650, 0.0108506600, 0.7439490000)
(-0.6682139000, -0.0080819290, 0.0107778700, 0.7438473000)
(-0.6683175000, -0.0081381290, 0.0108030700, 0.7437532000)
(-0.6682263000, -0.0080954670, 0.0106164300, 0.7438383000)
(-0.6681558000, -0.0081209840, 0.0106846500, 0.7439004000)
(-0.6681728000, -0.0082483010, 0.0107527800, 0.7438827000)
(-0.6681035000, -0.0082815690, 0.0107369700, 0.7439448000)
(-0.6680074000, -0.0080961180, 0.0105146600, 0.7440363000)
(-0.6681169000, -0.0080861370, 0.0106527200, 0.7439362000)
(-0.6681564000, -0.0080780000, 0.0106913800, 0.7439002000)
(-0.6681450000, -0.0080750000, 0.0105488200, 0.7439125000)
(-0.6680932000, -0.0080283200, 0.0106127900, 0.7439586000)
(-0.6680175000, -0.0081030380, 0.0106287000, 0.7440255000)
(-0.6679437000, -0.0080454350, 0.0105735500, 0.7440932000)
(-0.6681181000, -0.0082371880, 0.0107217200, 0.7439324000)
(-0.6682700000, -0.0081415320, 0.0106109900, 0.7437986000)
(-0.6682044000, -0.0081390470, 0.0105794100, 0.7438580000)
(-0.6682294000, -0.0081960190, 0.0107555800, 0.7438324000)
(-0.6681911000, -0.0081680950, 0.0104932400, 0.7438709000)
(-0.6682562000, -0.0081927700, 0.0105130000, 0.7438119000)
(-0.6681857000, -0.0081837310, 0.0105663800, 0.7438745000)
(-0.6681908000, -0.0081922550, 0.0105658600, 0.7438698000)
(-0.6681429000, -0.0082060220, 0.0105574700, 0.7439128000)
(-0.6681284000, -0.0081556950, 0.0105372600, 0.7439267000)
(-0.6681371000, -0.0082210670, 0.0106060000, 0.7439172000)
(-0.6682317000, -0.0082761490, 0.0105720000, 0.7438322000)
(-0.6681581000, -0.0082629020, 0.0106473600, 0.7438973000)
(-0.6683314000, -0.0082365680, 0.0105161800, 0.7437437000)
(-0.6681789000, -0.0081522950, 0.0104505300, 0.7438826000)
(-0.6683245000, -0.0083167560, 0.0105607500, 0.7437484000)
(-0.6681846000, -0.0082888860, 0.0105928300, 0.7438740000)
(-0.6682606000, -0.0082344970, 0.0105947400, 0.7438062000)
(-0.6680646000, -0.0083243470, 0.0105700900, 0.7439817000)
(-0.6681091000, -0.0083747570, 0.0105787200, 0.7439410000)
(-0.6681873000, -0.0083505170, 0.0106186800, 0.7438706000)
(-0.6681497000, -0.0082938070, 0.0105771500, 0.7439055000)
(-0.6681429000, -0.0083241340, 0.0105612200, 0.7439116000)
(-0.6680902000, -0.0082330830, 0.0104411500, 0.7439615000)
(-0.6679863000, -0.0082369510, 0.0105562400, 0.7440531000)
(-0.6681517000, -0.0082012310, 0.0105142900, 0.7439057000)
(-0.6682165000, -0.0083309000, 0.0104749500, 0.7438465000)
(-0.6682115000, -0.0082591500, 0.0104515900, 0.7438521000)
(-0.6681747000, -0.0081926870, 0.0105551600, 0.7438844000)
(-0.6681960000, -0.0082564950, 0.0107470800, 0.7438619000)
(-0.6682665000, -0.0083407700, 0.0106329700, 0.7437991000)
(-0.6682907000, -0.0082783150, 0.0106802600, 0.7437775000)
(-0.6683286000, -0.0082445370, 0.0104955400, 0.7437465000)
(-0.6682892000, -0.0083546670, 0.0105362000, 0.7437801000)
(-0.6681727000, -0.0084219530, 0.0105367400, 0.7438839000)
(-0.6683295000, -0.0084634220, 0.0105039800, 0.7437431000)
(-0.6681960000, -0.0083812810, 0.0104462700, 0.7438647000)
(-0.6682129000, -0.0083467490, 0.0105849400, 0.7438480000)
(-0.6681862000, -0.0083626440, 0.0104457800, 0.7438737000)
(-0.6683820000, -0.0083427390, 0.0105325800, 0.7436968000)
(-0.6681725000, -0.0082321380, 0.0103430700, 0.7438889000)
(-0.6682260000, -0.0081772100, 0.0105812300, 0.7438381000)
(-0.6681698000, -0.0083022260, 0.0103874300, 0.7438900000)
(-0.6682231000, -0.0082462520, 0.0104688100, 0.7438415000)
(-0.6683013000, -0.0083624520, 0.0104439600, 0.7437704000)
(-0.6682351000, -0.0080939720, 0.0103352200, 0.7438344000)
(-0.6682644000, -0.0081277780, 0.0103311100, 0.7438077000)
(-0.6682450000, -0.0081431460, 0.0103724700, 0.7438245000)
(-0.6682912000, -0.0081835100, 0.0104385700, 0.7437816000)
(-0.6681356000, -0.0081912380, 0.0104947600, 0.7439204000)
(-0.6682409000, -0.0082152050, 0.0103676500, 0.7438274000)
(-0.6681574000, -0.0080936360, 0.0104953300, 0.7439019000)
(-0.6681401000, -0.0081809950, 0.0107512400, 0.7439129000)
(-0.6681160000, -0.0083313070, 0.0106302000, 0.7439346000)
(-0.6681388000, -0.0082648310, 0.0105001200, 0.7439167000)
(-0.6681265000, -0.0082916610, 0.0104581200, 0.7439281000)
(-0.6680398000, -0.0082462030, 0.0104670900, 0.7440063000)
(-0.6681302000, -0.0081900060, 0.0105219500, 0.7439249000)
(-0.6681169000, -0.0084036120, 0.0103903600, 0.7439364000)
(-0.6681561000, -0.0082627530, 0.0104164600, 0.7439023000)
(-0.6682073000, -0.0082509260, 0.0103733300, 0.7438571000)
(-0.6680698000, -0.0082697240, 0.0104607200, 0.7439792000)
(-0.6679955000, -0.0082659890, 0.0103867400, 0.7440469000)
(-0.6681010000, -0.0083872240, 0.0103986200, 0.7439507000)
(-0.6681110000, -0.0082508370, 0.0104427100, 0.7439427000)
(-0.6681185000, -0.0083121650, 0.0104272500, 0.7439355000)
(-0.6680563000, -0.0084320040, 0.0104757300, 0.7439892000)
(-0.6681372000, -0.0083715790, 0.0105931000, 0.7439156000)
(-0.6681497000, -0.0083850350, 0.0104226700, 0.7439066000)
(-0.6681845000, -0.0083783560, 0.0105723000, 0.7438734000)
(-0.6682475000, -0.0083325460, 0.0105563000, 0.7438175000)
(-0.6681494000, -0.0083524450, 0.0105165800, 0.7439060000)
(-0.6682616000, -0.0083614630, 0.0104990900, 0.7438052000)
(-0.6682930000, -0.0082040990, 0.0105905300, 0.7437775000)
(-0.6681785000, -0.0083005130, 0.0104030900, 0.7438821000)
(-0.6681921000, -0.0083519180, 0.0104450900, 0.7438686000)
(-0.6679891000, -0.0083312530, 0.0104611900, 0.7440509000)
(-0.6678809000, -0.0083178810, 0.0103959200, 0.7441491000)
(-0.6680210000, -0.0083433520, 0.0103838800, 0.7440232000)
(-0.6679296000, -0.0083280620, 0.0103875400, 0.7441053000)
(-0.6681356000, -0.0083520410, 0.0104387200, 0.7439194000)
(-0.6679853000, -0.0081424350, 0.0103449300, 0.7440580000)
(-0.6678913000, -0.0083782350, 0.0103998000, 0.7441390000)
(-0.6679597000, -0.0083244720, 0.0104557000, 0.7440774000)
(-0.6679612000, -0.0084769610, 0.0103874100, 0.7440754000)
(-0.6681652000, -0.0084648960, 0.0103946500, 0.7438923000)
(-0.6681198000, -0.0084870510, 0.0105291300, 0.7439308000)
(-0.6679550000, -0.0085522700, 0.0104241300, 0.7440795000)
(-0.6679705000, -0.0085312950, 0.0104164700, 0.7440660000)
(-0.6679680000, -0.0085026500, 0.0104583400, 0.7440680000)
(-0.6681440000, -0.0084205190, 0.0104082200, 0.7439115000)
(-0.6680162000, -0.0085683950, 0.0102629000, 0.7440267000)
(-0.6679913000, -0.0084783430, 0.0103233900, 0.7440493000)
(-0.6681032000, -0.0084713460, 0.0103760100, 0.7439482000)
(-0.6680466000, -0.0086413990, 0.0103191600, 0.7439978000)
(-0.6679720000, -0.0084899580, 0.0103242900, 0.7440664000)
(-0.6681023000, -0.0084153800, 0.0103170900, 0.7439503000)
(-0.6680685000, -0.0084598770, 0.0103837300, 0.7439793000)
(-0.6681231000, -0.0085342490, 0.0101298200, 0.7439328000)
(-0.6681345000, -0.0085013700, 0.0102297000, 0.7439217000)
(-0.6681649000, -0.0086720480, 0.0102959500, 0.7438915000)
(-0.6680335000, -0.0085915600, 0.0101947700, 0.7440118000)
(-0.6680701000, -0.0085965110, 0.0103207900, 0.7439771000)
(-0.6680171000, -0.0086079180, 0.0103249300, 0.7440246000)
(-0.6680617000, -0.0084291110, 0.0103253100, 0.7439866000)
(-0.6681765000, -0.0084785080, 0.0103799100, 0.7438822000)
(-0.6680628000, -0.0086115390, 0.0102023000, 0.7439851000)
(-0.6681421000, -0.0086507340, 0.0102273300, 0.7439132000)
(-0.6681768000, -0.0085454370, 0.0102998600, 0.7438821000)
(-0.6681691000, -0.0085042260, 0.0102342500, 0.7438905000)
(-0.6681255000, -0.0084110790, 0.0102889000, 0.7439299000)
(-0.6681805000, -0.0086278800, 0.0101927300, 0.7438794000)
(-0.6680940000, -0.0083565180, 0.0101591400, 0.7439606000)
(-0.6681781000, -0.0084117700, 0.0102614000, 0.7438831000)
(-0.6681597000, -0.0083689070, 0.0102591300, 0.7439001000)
(-0.6680929000, -0.0084395340, 0.0103275600, 0.7439584000)
(-0.6681595000, -0.0083750570, 0.0103846200, 0.7438985000)
(-0.6681239000, -0.0085064070, 0.0103714100, 0.7439291000)
(-0.6681119000, -0.0085113960, 0.0103298900, 0.7439404000)
(-0.6680602000, -0.0085235810, 0.0103419200, 0.7439866000)
(-0.6681855000, -0.0085643460, 0.0104002200, 0.7438727000)
(-0.6681691000, -0.0084746330, 0.0103844500, 0.7438887000)
(-0.6681021000, -0.0086445370, 0.0104439300, 0.7439461000)
(-0.6680899000, -0.0085933210, 0.0103024400, 0.7439597000)
(-0.6680895000, -0.0086963710, 0.0102870300, 0.7439590000)
(-0.6680926000, -0.0085978770, 0.0103275300, 0.7439568000)
(-0.6681614000, -0.0085662220, 0.0103563500, 0.7438950000)
(-0.6682535000, -0.0085249450, 0.0103445700, 0.7438129000)
(-0.6680734000, -0.0083939390, 0.0104146100, 0.7439752000)
(-0.6679984000, -0.0084131550, 0.0103187700, 0.7440436000)
(-0.6681179000, -0.0085259680, 0.0102571600, 0.7439359000)
(-0.6681824000, -0.0084805720, 0.0104968300, 0.7438751000)
(-0.6682226000, -0.0085491860, 0.0103679200, 0.7438400000)
(-0.6681232000, -0.0084693390, 0.0103463600, 0.7439305000)
(-0.6681615000, -0.0085404640, 0.0105345000, 0.7438927000)
(-0.6680772000, -0.0084073720, 0.0105006600, 0.7439704000)
(-0.6681585000, -0.0085217600, 0.0103567700, 0.7438980000)
(-0.6681709000, -0.0084714960, 0.0104465200, 0.7438863000)
(-0.6681623000, -0.0084734800, 0.0104883300, 0.7438934000)
(-0.6680942000, -0.0084231410, 0.0103698000, 0.7439569000)
(-0.6681446000, -0.0084637430, 0.0102674800, 0.7439125000)
(-0.6681438000, -0.0083724080, 0.0105081500, 0.7439108000)
(-0.6682495000, -0.0084440950, 0.0104511800, 0.7438159000)
(-0.6680880000, -0.0083941850, 0.0103758300, 0.7439626000)
(-0.6680091000, -0.0083485800, 0.0104796900, 0.7440325000)
(-0.6681881000, -0.0084471710, 0.0103986100, 0.7438718000)
(-0.6682851000, -0.0083900420, 0.0104498700, 0.7437846000)
(-0.6680550000, -0.0084366030, 0.0103700400, 0.7439919000)
(-0.6681470000, -0.0082646600, 0.0103396700, 0.7439116000)
(-0.6681131000, -0.0083469490, 0.0104018100, 0.7439402000)
(-0.6681533000, -0.0083780900, 0.0103981200, 0.7439038000)
(-0.6681899000, -0.0084315360, 0.0103860600, 0.7438705000)
(-0.6682221000, -0.0083558610, 0.0105091000, 0.7438408000)
(-0.6681260000, -0.0084367480, 0.0104332800, 0.7439272000)
(-0.6681721000, -0.0083981470, 0.0103220500, 0.7438878000)
(-0.6682018000, -0.0082745550, 0.0103695500, 0.7438619000)
(-0.6684070000, -0.0084199640, 0.0103404100, 0.7436762000)
(-0.6682962000, -0.0081943300, 0.0102649800, 0.7437794000)
(-0.6682584000, -0.0083547220, 0.0103659600, 0.7438101000)
(-0.6680626000, -0.0082879360, 0.0103325300, 0.7439873000)
(-0.6681691000, -0.0082711310, 0.0102146800, 0.7438933000)
(-0.6684401000, -0.0082441190, 0.0101962700, 0.7436504000)
(-0.6683140000, -0.0083702070, 0.0103614900, 0.7437600000)
(-0.6681524000, -0.0081904890, 0.0102546500, 0.7439088000)
(-0.6683084000, -0.0082836100, 0.0104118000, 0.7437654000)
(-0.6682572000, -0.0083426030, 0.0104219000, 0.7438105000)
(-0.6683593000, -0.0083098200, 0.0103542900, 0.7437202000)
(-0.6683818000, -0.0084155520, 0.0104576000, 0.7436972000)
(-0.6683609000, -0.0085239260, 0.0103585900, 0.7437162000)
(-0.6681786000, -0.0083819940, 0.0102203900, 0.7438836000)
(-0.6681834000, -0.0082877910, 0.0102713600, 0.7438796000)
(-0.6681241000, -0.0083116220, 0.0102977800, 0.7439322000)
(-0.6681679000, -0.0083248260, 0.0104085500, 0.7438912000)
(-0.6681804000, -0.0082257030, 0.0102268400, 0.7438836000)
(-0.6680757000, -0.0083507910, 0.0103825400, 0.7439740000)
(-0.6680843000, -0.0083009970, 0.0102420100, 0.7439688000)
(-0.6680103000, -0.0082927230, 0.0102791200, 0.7440349000)
(-0.6680211000, -0.0082486980, 0.0102325600, 0.7440263000)
(-0.6681508000, -0.0082190810, 0.0104032500, 0.7439078000)
(-0.6680867000, -0.0082584950, 0.0103293200, 0.7439659000)
(-0.6679756000, -0.0081648910, 0.0101589400, 0.7440690000)
(-0.6679412000, -0.0082650310, 0.0102577600, 0.7440975000)
(-0.6680269000, -0.0082966640, 0.0102901200, 0.7440197000)
(-0.6679888000, -0.0082931340, 0.0103722700, 0.7440528000)
(-0.6681268000, -0.0083429650, 0.0101230700, 0.7439318000)
(-0.6681085000, -0.0082835440, 0.0101412100, 0.7439487000)
(-0.6679701000, -0.0082604210, 0.0101795300, 0.7440727000)
(-0.6678974000, -0.0082870810, 0.0102092900, 0.7441372000)
(-0.6680589000, -0.0082070620, 0.0101180700, 0.7439944000)
(-0.6679895000, -0.0082326620, 0.0102218000, 0.7440550000)
(-0.6680210000, -0.0082546370, 0.0103367600, 0.7440249000)
(-0.6678933000, -0.0082580090, 0.0102760700, 0.7441403000)
(-0.6680200000, -0.0083142830, 0.0101504100, 0.7440277000)
(-0.6680269000, -0.0081909670, 0.0102494500, 0.7440214000)
(-0.6680319000, -0.0082383410, 0.0102264300, 0.7440168000)
(-0.6679726000, -0.0082649790, 0.0102284800, 0.7440698000)
(-0.6680489000, -0.0082589940, 0.0101958700, 0.7440017000)
(-0.6680688000, -0.0081675160, 0.0102123400, 0.7439846000)
(-0.6680398000, -0.0082519900, 0.0101585700, 0.7440105000)
(-0.6678656000, -0.0082865420, 0.0101810900, 0.7441662000)
(-0.6678285000, -0.0082324640, 0.0103805400, 0.7441972000)
(-0.6679948000, -0.0080825100, 0.0102851000, 0.7440510000)
(-0.6680439000, -0.0082647770, 0.0103215500, 0.7440044000)
(-0.6679277000, -0.0081601570, 0.0103417900, 0.7441095000)
(-0.6678488000, -0.0081265380, 0.0104113800, 0.7441799000)
(-0.6676394000, -0.0080677980, 0.0104213900, 0.7443681000)
(-0.6677827000, -0.0082280880, 0.0102737700, 0.7442399000)
(-0.6677804000, -0.0081860470, 0.0104545000, 0.7442399000)
(-0.6679161000, -0.0081569410, 0.0102691300, 0.7441211000)
(-0.6678278000, -0.0082208560, 0.0102445100, 0.7442000000)
(-0.6678097000, -0.0081334610, 0.0103010000, 0.7442164000)
(-0.6679932000, -0.0082170470, 0.0102332600, 0.7440517000)
(-0.6679704000, -0.0082603100, 0.0103324000, 0.7440703000)
(-0.6680207000, -0.0082182230, 0.0100402100, 0.7440296000)
(-0.6680134000, -0.0082663680, 0.0102460600, 0.7440328000)
(-0.6679447000, -0.0081119720, 0.0101114700, 0.7440981000)
(-0.6678795000, -0.0082089740, 0.0101968200, 0.7441543000)
(-0.6678885000, -0.0081303400, 0.0102005400, 0.7441471000)
(-0.6679553000, -0.0082328520, 0.0101833500, 0.7440861000)
(-0.6677605000, -0.0083319960, 0.0102221700, 0.7442594000)
(-0.6678228000, -0.0083230590, 0.0101957900, 0.7442039000)
(-0.6678439000, -0.0082795560, 0.0101848600, 0.7441856000)
(-0.6678868000, -0.0082454080, 0.0103196200, 0.7441457000)
(-0.6678404000, -0.0082699500, 0.0103295600, 0.7441870000)
(-0.6678988000, -0.0083673780, 0.0101039600, 0.7441365000)
(-0.6679483000, -0.0084296350, 0.0100577800, 0.7440920000)
(-0.6679628000, -0.0083222880, 0.0101823200, 0.7440785000)
(-0.6678984000, -0.0084052600, 0.0100809800, 0.7441368000)
(-0.6679222000, -0.0082998100, 0.0101950600, 0.7441150000)
(-0.6679565000, -0.0082416250, 0.0101739800, 0.7440852000)
(-0.6679794000, -0.0083062490, 0.0102642700, 0.7440627000)
(-0.6679895000, -0.0082727810, 0.0102357300, 0.7440544000)
(-0.6679198000, -0.0082516780, 0.0100784100, 0.7441193000)
(-0.6679574000, -0.0082595780, 0.0102527600, 0.7440831000)
(-0.6679600000, -0.0082495850, 0.0101456300, 0.7440823000)
(-0.6678610000, -0.0083144660, 0.0102605200, 0.7441689000)
(-0.6678552000, -0.0082064000, 0.0101169800, 0.7441772000)
(-0.6679122000, -0.0081957480, 0.0101689300, 0.7441255000)
(-0.6679370000, -0.0083307000, 0.0101750600, 0.7441016000)
(-0.6680638000, -0.0083551390, 0.0101023600, 0.7439885000)
(-0.6679181000, -0.0083009830, 0.0101382500, 0.7441195000)
(-0.6680208000, -0.0081861210, 0.0101058100, 0.7440290000)
(-0.6678696000, -0.0082545110, 0.0102914100, 0.7441614000)
(-0.6678343000, -0.0082105660, 0.0100886600, 0.7441964000)
(-0.6679218000, -0.0081101420, 0.0101550700, 0.7441180000)
(-0.6679611000, -0.0082141590, 0.0101686000, 0.7440814000)
(-0.6678879000, -0.0083269490, 0.0102167300, 0.7441452000)
(-0.6678445000, -0.0081358620, 0.0102597700, 0.7441856000)
(-0.6679965000, -0.0082383180, 0.0101720400, 0.7440493000)
(-0.6679562000, -0.0081031230, 0.0102247600, 0.7440863000)
(-0.6679707000, -0.0083122600, 0.0100480500, 0.7440734000)
(-0.6681007000, -0.0082863100, 0.0101696200, 0.7439553000)
(-0.6679798000, -0.0081956880, 0.0102253200, 0.7440640000)
(-0.6679205000, -0.0082659330, 0.0101173800, 0.7441180000)
(-0.6679106000, -0.0082790680, 0.0101804700, 0.7441259000)
(-0.6679833000, -0.0082975760, 0.0101919500, 0.7440602000)
(-0.6679839000, -0.0082295150, 0.0101206600, 0.7440615000)
(-0.6680814000, -0.0081764310, 0.0102876600, 0.7439722000)
(-0.6680512000, -0.0081314810, 0.0101824500, 0.7440013000)
(-0.6678791000, -0.0081904840, 0.0101257200, 0.7441559000)
(-0.6679578000, -0.0083659480, 0.0103583800, 0.7440800000)
(-0.6679872000, -0.0082155470, 0.0102622100, 0.7440567000)
(-0.6680275000, -0.0081671810, 0.0102191800, 0.7440217000)
(-0.6680065000, -0.0083586330, 0.0101528800, 0.7440393000)
(-0.6679156000, -0.0082288410, 0.0101429900, 0.7441224000)
(-0.6679850000, -0.0082321570, 0.0101402900, 0.7440601000)
(-0.6679477000, -0.0082638070, 0.0101453300, 0.7440932000)
(-0.6680403000, -0.0082478550, 0.0102574900, 0.7440087000)
(-0.6679558000, -0.0082920840, 0.0103110900, 0.7440833000)
(-0.6679394000, -0.0084119050, 0.0102866500, 0.7440971000)
(-0.6678452000, -0.0082192910, 0.0102136900, 0.7441847000)
(-0.6679811000, -0.0081519180, 0.0103027500, 0.7440624000)
(-0.6679682000, -0.0081118760, 0.0102236700, 0.7440754000)
(-0.6679731000, -0.0082393810, 0.0103466200, 0.7440679000)
(-0.6680458000, -0.0081728720, 0.0102694400, 0.7440044000)
(-0.6679248000, -0.0082746160, 0.0102325600, 0.7441124000)
(-0.6679912000, -0.0081072480, 0.0102965000, 0.7440538000)
(-0.6680715000, -0.0082537460, 0.0102294900, 0.7439811000)
(-0.6681394000, -0.0081280680, 0.0101232500, 0.7439228000)
(-0.6680387000, -0.0082551460, 0.0103385500, 0.7440089000)
(-0.6680841000, -0.0081792620, 0.0102075300, 0.7439709000)
(-0.6680704000, -0.0081625240, 0.0101278800, 0.7439843000)
(-0.6679667000, -0.0082447660, 0.0102633600, 0.7440748000)
(-0.6680929000, -0.0082898040, 0.0102773700, 0.7439608000)
(-0.6680198000, -0.0081220730, 0.0103677700, 0.7440270000)
(-0.6679587000, -0.0082597630, 0.0102212600, 0.7440823000)
(-0.6678600000, -0.0082015800, 0.0103005600, 0.7441704000)
(-0.6679230000, -0.0080971810, 0.0101857600, 0.7441167000)
(-0.6678482000, -0.0081268890, 0.0103398600, 0.7441813000)
(-0.6678903000, -0.0081467230, 0.0102027500, 0.7441452000)
(-0.6680500000, -0.0082224900, 0.0102414700, 0.7440005000)
(-0.6679630000, -0.0081448230, 0.0102103600, 0.7440799000)
(-0.6679382000, -0.0081873880, 0.0101870500, 0.7441020000)
(-0.6681063000, -0.0080905360, 0.0103575200, 0.7439498000)
(-0.6680912000, -0.0082594290, 0.0104378700, 0.7439604000)
(-0.6681294000, -0.0080821850, 0.0102230500, 0.7439310000)
(-0.6680520000, -0.0082082550, 0.0103365000, 0.7439976000)
(-0.6682718000, -0.0081057400, 0.0103011300, 0.7438018000)
(-0.6681676000, -0.0081209730, 0.0102556200, 0.7438958000)
(-0.6682336000, -0.0081082280, 0.0103763000, 0.7438350000)
(-0.6680957000, -0.0082591860, 0.0102428800, 0.7439590000)
(-0.6681638000, -0.0082287760, 0.0104460400, 0.7438954000)
(-0.6680834000, -0.0082227000, 0.0103396200, 0.7439691000)
(-0.6680373000, -0.0082148680, 0.0103505900, 0.7440105000)
(-0.6681284000, -0.0081208460, 0.0103866700, 0.7439292000)
(-0.6681448000, -0.0081741700, 0.0102913500, 0.7439152000)
(-0.6681036000, -0.0081255030, 0.0102942300, 0.7439528000)
(-0.6681699000, -0.0080511510, 0.0103255600, 0.7438935000)
(-0.6682391000, -0.0080566000, 0.0104190400, 0.7438300000)
(-0.6681159000, -0.0081634670, 0.0103868600, 0.7439399000)
(-0.6682351000, -0.0081160300, 0.0103677500, 0.7438337000)
(-0.6682516000, -0.0082012040, 0.0102988400, 0.7438189000)
(-0.6682460000, -0.0081907680, 0.0102769300, 0.7438244000)
(-0.6683593000, -0.0082665500, 0.0102860500, 0.7437215000)
(-0.6684732000, -0.0082565070, 0.0102095900, 0.7436203000)
(-0.6684306000, -0.0082509900, 0.0102298500, 0.7436584000)
(-0.6685362000, -0.0080946450, 0.0102638900, 0.7435647000)
(-0.6683672000, -0.0081665390, 0.0103076300, 0.7437153000)
(-0.6685808000, -0.0082010700, 0.0102234200, 0.7435241000)
(-0.6684502000, -0.0082371860, 0.0103196900, 0.7436398000)
(-0.6684313000, -0.0081325620, 0.0100966300, 0.7436609000)
(-0.6684201000, -0.0081099220, 0.0103773500, 0.7436674000)
(-0.6684223000, -0.0082152090, 0.0101794400, 0.7436669000)
(-0.6682816000, -0.0082555020, 0.0101717200, 0.7437930000)
(-0.6684048000, -0.0081774960, 0.0102336800, 0.7436823000)
(-0.6682177000, -0.0081987250, 0.0102311300, 0.7438503000)
(-0.6682719000, -0.0082225260, 0.0102434200, 0.7438012000)
(-0.6683151000, -0.0083450730, 0.0102455400, 0.7437610000)
(-0.6684699000, -0.0081815480, 0.0102197500, 0.7436240000)
(-0.6683244000, -0.0084206750, 0.0102590000, 0.7437516000)
(-0.6682859000, -0.0082045240, 0.0102073300, 0.7437893000)
(-0.6681418000, -0.0080752550, 0.0102441000, 0.7439197000)
(-0.6683106000, -0.0083465150, 0.0100887000, 0.7437671000)
(-0.6683668000, -0.0081873580, 0.0101583000, 0.7437174000)
(-0.6683608000, -0.0083703200, 0.0102105100, 0.7437201000)
(-0.6682576000, -0.0081707180, 0.0101633000, 0.7438157000)
(-0.6683101000, -0.0082379890, 0.0101670800, 0.7437677000)
(-0.6682199000, -0.0083323850, 0.0101969900, 0.7438473000)
(-0.6681573000, -0.0082143460, 0.0102998300, 0.7439034000)
(-0.6682163000, -0.0083029650, 0.0102147900, 0.7438506000)
(-0.6681836000, -0.0082630380, 0.0101415600, 0.7438815000)
(-0.6681709000, -0.0083402950, 0.0102400900, 0.7438906000)
(-0.6681336000, -0.0083042370, 0.0102047100, 0.7439250000)
(-0.6680335000, -0.0082843960, 0.0102713700, 0.7440142000)
(-0.6679581000, -0.0082216700, 0.0101516900, 0.7440842000)
(-0.6680014000, -0.0081833160, 0.0101851000, 0.7440453000)
(-0.6678972000, -0.0083113280, 0.0102267200, 0.7441369000)
(-0.6678146000, -0.0082458300, 0.0101590100, 0.7442127000)
(-0.6678968000, -0.0084458150, 0.0100950900, 0.7441375000)
(-0.6678151000, -0.0082686680, 0.0102477400, 0.7442107000)
(-0.6678181000, -0.0081996260, 0.0102758700, 0.7442085000)
(-0.6679530000, -0.0082480780, 0.0104157900, 0.7440849000)
(-0.6679391000, -0.0083303400, 0.0103919700, 0.7440968000)
(-0.6678314000, -0.0081479240, 0.0103122800, 0.7441966000)
(-0.6677277000, -0.0081891330, 0.0103492800, 0.7442887000)
(-0.6678043000, -0.0082103900, 0.0103466100, 0.7442197000)
(-0.6679175000, -0.0081260250, 0.0102126000, 0.7441208000)
(-0.6678674000, -0.0082280590, 0.0101559200, 0.7441656000)
(-0.6678654000, -0.0081630140, 0.0103435200, 0.7441655000)
(-0.6676973000, -0.0082480780, 0.0101998800, 0.7443174000)
(-0.6678014000, -0.0081587470, 0.0103438500, 0.7442229000)
(-0.6679051000, -0.0080975280, 0.0103934100, 0.7441299000)
(-0.6679799000, -0.0082030590, 0.0102611000, 0.7440634000)
(-0.6679359000, -0.0083919310, 0.0103331100, 0.7440998000)
(-0.6679276000, -0.0082619470, 0.0102821400, 0.7441094000)
(-0.6678805000, -0.0082679900, 0.0103463300, 0.7441507000)
(-0.6679769000, -0.0082669400, 0.0103840000, 0.7440637000)
(-0.6680416000, -0.0083667790, 0.0104119200, 0.7440041000)
(-0.6679841000, -0.0081486470, 0.0103857200, 0.7440585000)
(-0.6676300000, -0.0081644530, 0.0103394200, 0.7443767000)
(-0.6675938000, -0.0081763670, 0.0103230900, 0.7444093000)
(-0.6677291000, -0.0082125940, 0.0103483000, 0.7442871000)
(-0.6676707000, -0.0081346310, 0.0102854500, 0.7443412000)
(-0.6676097000, -0.0082724890, 0.0104934700, 0.7443916000)
(-0.6676612000, -0.0082791540, 0.0103739600, 0.7443469000)
(-0.6676601000, -0.0082357940, 0.0103262200, 0.7443492000)
(-0.6677648000, -0.0081775690, 0.0103845600, 0.7442550000)
(-0.6677907000, -0.0083397170, 0.0103783100, 0.7442300000)
(-0.6678620000, -0.0082062450, 0.0104047600, 0.7441672000)
(-0.6677588000, -0.0081580320, 0.0103120800, 0.7442616000)
(-0.6677163000, -0.0081688730, 0.0103902000, 0.7442986000)
(-0.6678741000, -0.0082279320, 0.0103919000, 0.7441562000)
(-0.6678981000, -0.0082056490, 0.0103514500, 0.7441356000)
(-0.6678588000, -0.0082129980, 0.0105355600, 0.7441681000)
(-0.6677989000, -0.0080618140, 0.0104848900, 0.7442243000)
(-0.6678104000, -0.0082123760, 0.0104298100, 0.7442130000)
(-0.6678427000, -0.0082474240, 0.0104492700, 0.7441835000)
(-0.6679385000, -0.0082818560, 0.0102939200, 0.7440992000)
(-0.6678331000, -0.0082265410, 0.0104137300, 0.7441928000)
(-0.6678075000, -0.0082766670, 0.0104300500, 0.7442150000)
(-0.6679494000, -0.0083478190, 0.0103789500, 0.7440875000)
(-0.6679858000, -0.0083275340, 0.0104077300, 0.7440547000)
(-0.6679078000, -0.0083664400, 0.0103251800, 0.7441255000)
(-0.6679820000, -0.0082927980, 0.0103146700, 0.7440597000)
(-0.6678810000, -0.0082577510, 0.0106328100, 0.7441463000)
(-0.6680039000, -0.0081991770, 0.0105641100, 0.7440377000)
(-0.6679198000, -0.0083187060, 0.0104599500, 0.7441133000)
(-0.6680375000, -0.0082461020, 0.0103573100, 0.7440099000)
(-0.6679716000, -0.0082003340, 0.0106773600, 0.7440650000)
(-0.6680399000, -0.0081358900, 0.0105126900, 0.7440067000)
(-0.6679533000, -0.0083284000, 0.0103935500, 0.7440840000)
(-0.6679416000, -0.0081432840, 0.0105446200, 0.7440945000)
(-0.6680309000, -0.0083088810, 0.0105221500, 0.7440128000)
(-0.6680440000, -0.0083830800, 0.0104112300, 0.7440017000)
(-0.6679927000, -0.0084252040, 0.0104362000, 0.7440470000)
(-0.6679620000, -0.0081882020, 0.0105009600, 0.7440763000)
(-0.6679693000, -0.0082611160, 0.0104407900, 0.7440698000)
(-0.6679707000, -0.0084171130, 0.0104878400, 0.7440661000)
(-0.6681201000, -0.0083281150, 0.0105214800, 0.7439325000)
(-0.6680838000, -0.0082062310, 0.0104193800, 0.7439678000)
(-0.6680385000, -0.0081539500, 0.0106247800, 0.7440062000)
(-0.6679805000, -0.0083118050, 0.0103797700, 0.7440600000)
(-0.6679590000, -0.0081256520, 0.0105376700, 0.7440792000)
(-0.6680149000, -0.0081504560, 0.0104616500, 0.7440297000)
(-0.6680434000, -0.0081667120, 0.0105702400, 0.7440025000)
(-0.6681266000, -0.0082200640, 0.0103428500, 0.7439303000)
(-0.6680943000, -0.0081513790, 0.0104325700, 0.7439588000)
(-0.6681777000, -0.0082380390, 0.0105376500, 0.7438815000)
(-0.6680123000, -0.0082706330, 0.0103669500, 0.7440321000)
(-0.6680694000, -0.0081283630, 0.0104290000, 0.7439815000)
(-0.6681103000, -0.0081530000, 0.0105343900, 0.7439430000)
(-0.6680618000, -0.0082223320, 0.0104905700, 0.7439865000)
(-0.6682296000, -0.0081930590, 0.0105011000, 0.7438359000)
(-0.6681291000, -0.0081943040, 0.0103468100, 0.7439283000)
(-0.6680951000, -0.0082888000, 0.0103693000, 0.7439576000)
(-0.6680735000, -0.0082432640, 0.0103331400, 0.7439779000)
(-0.6681947000, -0.0081853420, 0.0103690100, 0.7438692000)
(-0.6682516000, -0.0083110780, 0.0104701500, 0.7438152000)
(-0.6681992000, -0.0082419500, 0.0103377600, 0.7438650000)
(-0.6681567000, -0.0080867000, 0.0103659500, 0.7439045000)
(-0.6681290000, -0.0081534830, 0.0104100000, 0.7439280000)
(-0.6681585000, -0.0081162060, 0.0103478900, 0.7439028000)
(-0.6681890000, -0.0083519230, 0.0103781500, 0.7438723000)
(-0.6681435000, -0.0082133650, 0.0104698500, 0.7439134000)
(-0.6681423000, -0.0081800300, 0.0103083200, 0.7439172000)
(-0.6682062000, -0.0081797880, 0.0104129700, 0.7438583000)
(-0.6681283000, -0.0081641240, 0.0103115600, 0.7439299000)
(-0.6681190000, -0.0080579800, 0.0104717900, 0.7439371000)
(-0.6681459000, -0.0081457060, 0.0105151900, 0.7439114000)
(-0.6681409000, -0.0081201770, 0.0103908100, 0.7439179000)
(-0.6680862000, -0.0082172120, 0.0104524100, 0.7439651000)
(-0.6680932000, -0.0081353440, 0.0104220200, 0.7439601000)
(-0.6682383000, -0.0081282230, 0.0104884800, 0.7438290000)
(-0.6681767000, -0.0080491670, 0.0104514400, 0.7438857000)
(-0.6681490000, -0.0080458930, 0.0103607700, 0.7439119000)
(-0.6682047000, -0.0082326500, 0.0104584500, 0.7438584000)
(-0.6679651000, -0.0080986740, 0.0103858500, 0.7440761000)
(-0.6680346000, -0.0081366560, 0.0103807200, 0.7440133000)
(-0.6680838000, -0.0081560610, 0.0106046500, 0.7439657000)
(-0.6681430000, -0.0082359660, 0.0103905800, 0.7439147000)
(-0.6680720000, -0.0084092750, 0.0104239400, 0.7439761000)
(-0.6680879000, -0.0081915380, 0.0103717700, 0.7439650000)
(-0.6680168000, -0.0082853140, 0.0103669700, 0.7440279000)
(-0.6680161000, -0.0082023230, 0.0102213600, 0.7440315000)
(-0.6682484000, -0.0081991300, 0.0103699500, 0.7438208000)
(-0.6682574000, -0.0083929780, 0.0103094200, 0.7438114000)
(-0.6681502000, -0.0083455640, 0.0103622400, 0.7439074000)
(-0.6681808000, -0.0081625300, 0.0102014800, 0.7438842000)
(-0.6681557000, -0.0082482600, 0.0102672100, 0.7439050000)
(-0.6682214000, -0.0083271970, 0.0102955900, 0.7438446000)
(-0.6681870000, -0.0082182420, 0.0102623500, 0.7438772000)
(-0.6681914000, -0.0081469050, 0.0102698200, 0.7438739000)
(-0.6681750000, -0.0083609920, 0.0103107600, 0.7438857000)
(-0.6681385000, -0.0083544710, 0.0102501300, 0.7439194000)
(-0.6680896000, -0.0082053330, 0.0103802200, 0.7439632000)
(-0.6680457000, -0.0082463630, 0.0102042100, 0.7440046000)
(-0.6682323000, -0.0082992890, 0.0103185000, 0.7438349000)
(-0.6680747000, -0.0083143230, 0.0102863200, 0.7439767000)
(-0.6681443000, -0.0081847790, 0.0102964100, 0.7439154000)
(-0.6682752000, -0.0083082920, 0.0102406900, 0.7437974000)
(-0.6682321000, -0.0083031550, 0.0101363100, 0.7438375000)
(-0.6682571000, -0.0082211460, 0.0103458200, 0.7438130000)
(-0.6681467000, -0.0083576960, 0.0102397700, 0.7439122000)
(-0.6682260000, -0.0083181990, 0.0102869200, 0.7438408000)
(-0.6681155000, -0.0083684920, 0.0102562900, 0.7439399000)
(-0.6680986000, -0.0083072070, 0.0103107400, 0.7439550000)
(-0.6681255000, -0.0084479000, 0.0103928900, 0.7439281000)
(-0.6681808000, -0.0082232960, 0.0103532800, 0.7438815000)
(-0.6680945000, -0.0082845900, 0.0103995800, 0.7439576000)
(-0.6679599000, -0.0082616710, 0.0104865400, 0.7440776000)
(-0.6679727000, -0.0083252070, 0.0104481300, 0.7440659000)
(-0.6680397000, -0.0082879480, 0.0102996800, 0.7440082000)
(-0.6679952000, -0.0083155050, 0.0104604800, 0.7440456000)
(-0.6681532000, -0.0083467740, 0.0103596300, 0.7439048000)
(-0.6682126000, -0.0083510740, 0.0103483300, 0.7438516000)
(-0.6680559000, -0.0083281210, 0.0103485000, 0.7439926000)
(-0.6680195000, -0.0084355180, 0.0105779500, 0.7440208000)
(-0.6680868000, -0.0083365960, 0.0104078500, 0.7439639000)
(-0.6679748000, -0.0084313900, 0.0105012000, 0.7440621000)
(-0.6680107000, -0.0083078110, 0.0103532600, 0.7440334000)
(-0.6680214000, -0.0085028850, 0.0104236800, 0.7440205000)
(-0.6679581000, -0.0084736170, 0.0104578600, 0.7440772000)
(-0.6680779000, -0.0084060510, 0.0104933600, 0.7439699000)
(-0.6680594000, -0.0085914800, 0.0104123400, 0.7439855000)
(-0.6679912000, -0.0085180240, 0.0104866900, 0.7440466000)
(-0.6680493000, -0.0084734350, 0.0103505000, 0.7439969000)
(-0.6680215000, -0.0084082520, 0.0105043800, 0.7440204000)
(-0.6680557000, -0.0084937540, 0.0104252900, 0.7439898000)
(-0.6680577000, -0.0083286840, 0.0103352200, 0.7439911000)
(-0.6681417000, -0.0085593980, 0.0104013600, 0.7439122000)
(-0.6680960000, -0.0083447110, 0.0103777300, 0.7439559000)
(-0.6681166000, -0.0083849820, 0.0104165600, 0.7439365000)
(-0.6682290000, -0.0083569550, 0.0104838100, 0.7438349000)
(-0.6681688000, -0.0083683170, 0.0103497400, 0.7438907000)
(-0.6681620000, -0.0084003460, 0.0105157900, 0.7438941000)
(-0.6682010000, -0.0084151830, 0.0104895600, 0.7438593000)
(-0.6680624000, -0.0083831550, 0.0105362500, 0.7439834000)
(-0.6682730000, -0.0082574010, 0.0103754200, 0.7437980000)
(-0.6682224000, -0.0083647440, 0.0104851800, 0.7438408000)
(-0.6682273000, -0.0084102000, 0.0104194900, 0.7438366000)
(-0.6682765000, -0.0084588170, 0.0104073700, 0.7437921000)
(-0.6681569000, -0.0084159910, 0.0103066900, 0.7439014000)
(-0.6680571000, -0.0084471810, 0.0103989700, 0.7439893000)
(-0.6681862000, -0.0083090810, 0.0104862400, 0.7438738000)
(-0.6681618000, -0.0083763980, 0.0104821000, 0.7438950000)
(-0.6681243000, -0.0083695780, 0.0105082300, 0.7439284000)
(-0.6681144000, -0.0083752400, 0.0104707200, 0.7439378000)
(-0.6681651000, -0.0083088500, 0.0104420000, 0.7438934000)
(-0.6681403000, -0.0083418530, 0.0104473300, 0.7439152000)
(-0.6681184000, -0.0083420210, 0.0105513300, 0.7439334000)
(-0.6681183000, -0.0084280930, 0.0104891800, 0.7439334000)
(-0.6682947000, -0.0084346980, 0.0106582100, 0.7437725000)
(-0.6681560000, -0.0083602090, 0.0105943200, 0.7438989000)
(-0.6681461000, -0.0083704280, 0.0106461200, 0.7439069000)
(-0.6681432000, -0.0084513470, 0.0105519400, 0.7439099000)
(-0.6681755000, -0.0083993770, 0.0105483100, 0.7438815000)
(-0.6680847000, -0.0084394070, 0.0105441400, 0.7439626000)
(-0.6680315000, -0.0083133330, 0.0105923800, 0.7440113000)
(-0.6681234000, -0.0083329710, 0.0104899700, 0.7439299000)
(-0.6681488000, -0.0083344120, 0.0104548200, 0.7439076000)
(-0.6682068000, -0.0082052720, 0.0103734600, 0.7438580000)
(-0.6680238000, -0.0084628670, 0.0105584600, 0.7440169000)
(-0.6681231000, -0.0084465510, 0.0103915300, 0.7439303000)
(-0.6681603000, -0.0082080460, 0.0104711300, 0.7438985000)
(-0.6679893000, -0.0083570360, 0.0105209200, 0.7440497000)
(-0.6680202000, -0.0085235900, 0.0105553600, 0.7440194000)
(-0.6679251000, -0.0083802820, 0.0104805500, 0.7441075000)
(-0.6679450000, -0.0084799310, 0.0104412600, 0.7440891000)
(-0.6679585000, -0.0084552280, 0.0105069900, 0.7440763000)
(-0.6680819000, -0.0083573400, 0.0103976100, 0.7439682000)
(-0.6681158000, -0.0083813650, 0.0104469500, 0.7439368000)
(-0.6680648000, -0.0082360930, 0.0104850200, 0.7439836000)
(-0.6680664000, -0.0082414900, 0.0103686900, 0.7439839000)
(-0.6682190000, -0.0082467990, 0.0104954700, 0.7438449000)
(-0.6682312000, -0.0083783370, 0.0103801900, 0.7438341000)
(-0.6682112000, -0.0085027730, 0.0104298900, 0.7438500000)
(-0.6682050000, -0.0083631300, 0.0103280500, 0.7438586000)
(-0.6680910000, -0.0084013090, 0.0102169100, 0.7439620000)
(-0.6680717000, -0.0082533290, 0.0105296300, 0.7439766000)
(-0.6680664000, -0.0083277810, 0.0103429800, 0.7439832000)
(-0.6681649000, -0.0083460540, 0.0103310800, 0.7438947000)
(-0.6680577000, -0.0081906740, 0.0103022900, 0.7439931000)
(-0.6679819000, -0.0083870190, 0.0103932200, 0.7440577000)
(-0.6681308000, -0.0082928710, 0.0104218400, 0.7439246000)
(-0.6679465000, -0.0083596530, 0.0103156000, 0.7440909000)
(-0.6679984000, -0.0081904160, 0.0102722000, 0.7440467000)
(-0.6680780000, -0.0084210940, 0.0102910500, 0.7439725000)
(-0.6682267000, -0.0084341470, 0.0103835200, 0.7438375000)
(-0.6682960000, -0.0083288550, 0.0102076500, 0.7437789000)
(-0.6683201000, -0.0083061900, 0.0102392500, 0.7437570000)
(-0.6682313000, -0.0082894610, 0.0104539800, 0.7438340000)
(-0.6682405000, -0.0081800010, 0.0103799900, 0.7438279000)
(-0.6680338000, -0.0082779440, 0.0102476300, 0.7440144000)
(-0.6681228000, -0.0082978240, 0.0104165000, 0.7439318000)
(-0.6682684000, -0.0081819010, 0.0103264700, 0.7438037000)
(-0.6681666000, -0.0083390290, 0.0103490300, 0.7438930000)
(-0.6681333000, -0.0081424370, 0.0103244100, 0.7439255000)
(-0.6681727000, -0.0082507130, 0.0102701200, 0.7438896000)
(-0.6681740000, -0.0082691770, 0.0102838700, 0.7438880000)
(-0.6681624000, -0.0082172020, 0.0102917900, 0.7438989000)
(-0.6682060000, -0.0082913410, 0.0103113900, 0.7438586000)
(-0.6681629000, -0.0082902280, 0.0102601200, 0.7438980000)
(-0.6681156000, -0.0082117400, 0.0103426300, 0.7439404000)
(-0.6680647000, -0.0083749760, 0.0103248700, 0.7439844000)
(-0.6682482000, -0.0082983460, 0.0103428700, 0.7438202000)
(-0.6683760000, -0.0082233790, 0.0103046700, 0.7437068000)
(-0.6683159000, -0.0082142180, 0.0103694000, 0.7437600000)
(-0.6681376000, -0.0081084690, 0.0102156900, 0.7439235000)
(-0.6682310000, -0.0080997830, 0.0103597300, 0.7438377000)
(-0.6682338000, -0.0082142210, 0.0103067100, 0.7438346000)
(-0.6682522000, -0.0082349260, 0.0101913700, 0.7438194000)
(-0.6682157000, -0.0082755060, 0.0102944900, 0.7438504000)
(-0.6680524000, -0.0082205930, 0.0103568700, 0.7439967000)
(-0.6680196000, -0.0081634390, 0.0102035300, 0.7440290000)
(-0.6680718000, -0.0080603850, 0.0101968800, 0.7439833000)
(-0.6681526000, -0.0082105450, 0.0102644100, 0.7439082000)
(-0.6680260000, -0.0081211240, 0.0102072900, 0.7440236000)
(-0.6680589000, -0.0081429910, 0.0103333100, 0.7439921000)
(-0.6679074000, -0.0081813850, 0.0103448500, 0.7441276000)
(-0.6680263000, -0.0081036800, 0.0102764000, 0.7440225000)
(-0.6679056000, -0.0079583250, 0.0102472700, 0.7441329000)
(-0.6679294000, -0.0081125860, 0.0102342000, 0.7441101000)
(-0.6680468000, -0.0082413680, 0.0102263700, 0.7440034000)
(-0.6679861000, -0.0080286080, 0.0102626200, 0.7440597000)
(-0.6678904000, -0.0080884050, 0.0102334500, 0.7441453000)
(-0.6680573000, -0.0081432670, 0.0101531400, 0.7439961000)
(-0.6679041000, -0.0080723220, 0.0101553700, 0.7441344000)
(-0.6681113000, -0.0080693150, 0.0100994600, 0.7439491000)
(-0.6680944000, -0.0080568070, 0.0104120100, 0.7439601000)
(-0.6680149000, -0.0081308590, 0.0102997600, 0.7440323000)
(-0.6681110000, -0.0081623160, 0.0102910700, 0.7439457000)
(-0.6681821000, -0.0082217270, 0.0103580900, 0.7438802000)
(-0.6681506000, -0.0081373350, 0.0102180100, 0.7439114000)
(-0.6681620000, -0.0080307560, 0.0102741100, 0.7439016000)
(-0.6681739000, -0.0081132160, 0.0102380200, 0.7438905000)
(-0.6682569000, -0.0080612440, 0.0103062300, 0.7438155000)
(-0.6682741000, -0.0082314900, 0.0101355500, 0.7438006000)
(-0.6682422000, -0.0081955250, 0.0102481200, 0.7438281000)
(-0.6682231000, -0.0081263910, 0.0102226500, 0.7438464000)
(-0.6682892000, -0.0081565740, 0.0102305700, 0.7437866000)
(-0.6681421000, -0.0080951480, 0.0103375700, 0.7439178000)
(-0.6682795000, -0.0080444480, 0.0101870000, 0.7437971000)
(-0.6682893000, -0.0080173550, 0.0101851700, 0.7437886000)
(-0.6683148000, -0.0083046070, 0.0101862300, 0.7437625000)
(-0.6683322000, -0.0081914120, 0.0101258400, 0.7437490000)
(-0.6681804000, -0.0081336700, 0.0101950700, 0.7438850000)
(-0.6682278000, -0.0081696310, 0.0102903900, 0.7438408000)
(-0.6681927000, -0.0082287310, 0.0102695700, 0.7438719000)
(-0.6683345000, -0.0082678020, 0.0103691200, 0.7437426000)
(-0.6682219000, -0.0081827340, 0.0103005700, 0.7438457000)
(-0.6681327000, -0.0082271290, 0.0103765100, 0.7439244000)
(-0.6682045000, -0.0082877780, 0.0103349900, 0.7438598000)
(-0.6681085000, -0.0080746340, 0.0102818900, 0.7439491000)
(-0.6682734000, -0.0080961500, 0.0104088900, 0.7437989000)
(-0.6682537000, -0.0081717480, 0.0102243600, 0.7438183000)
(-0.6680256000, -0.0082016040, 0.0103523300, 0.7440211000)
(-0.6679879000, -0.0081548790, 0.0102611900, 0.7440568000)
(-0.6680931000, -0.0083294120, 0.0102890700, 0.7439599000)
(-0.6681753000, -0.0082713610, 0.0103349200, 0.7438861000)
(-0.6681077000, -0.0080648850, 0.0103381400, 0.7439491000)
(-0.6682196000, -0.0082191330, 0.0102586000, 0.7438480000)
(-0.6681350000, -0.0081561210, 0.0103050700, 0.7439240000)
(-0.6679481000, -0.0081220830, 0.0104033100, 0.7440909000)
(-0.6682160000, -0.0082770960, 0.0103506900, 0.7438493000)
(-0.6682202000, -0.0082545740, 0.0103174900, 0.7438462000)
(-0.6681152000, -0.0082650100, 0.0103014000, 0.7439406000)
(-0.6682100000, -0.0083001380, 0.0102786300, 0.7438555000)
(-0.6680939000, -0.0082549170, 0.0103445300, 0.7439592000)
(-0.6682434000, -0.0083062670, 0.0101959300, 0.7438265000)
(-0.6682149000, -0.0083692740, 0.0101223500, 0.7438524000)
(-0.6682273000, -0.0082666620, 0.0101920100, 0.7438415000)
(-0.6682934000, -0.0082617180, 0.0103000400, 0.7437807000)
(-0.6681893000, -0.0083252550, 0.0101983500, 0.7438748000)
(-0.6681511000, -0.0082149240, 0.0102285400, 0.7439100000)
(-0.6682673000, -0.0081941890, 0.0102272100, 0.7438058000)
(-0.6682004000, -0.0082310100, 0.0103907000, 0.7438633000)
(-0.6680797000, -0.0081106380, 0.0102950300, 0.7439743000)
(-0.6682202000, -0.0081899180, 0.0102412200, 0.7438480000)
(-0.6683415000, -0.0081820760, 0.0104008900, 0.7437370000)
(-0.6682383000, -0.0081495570, 0.0102960200, 0.7438315000)
(-0.6682450000, -0.0081057050, 0.0101654400, 0.7438278000)
(-0.6682332000, -0.0082467000, 0.0102705100, 0.7438353000)
(-0.6682740000, -0.0080714810, 0.0101054500, 0.7438028000)
(-0.6684217000, -0.0082940110, 0.0100998100, 0.7436677000)
(-0.6683567000, -0.0081210970, 0.0101610600, 0.7437272000)
(-0.6683841000, -0.0081110430, 0.0100384600, 0.7437044000)
(-0.6683287000, -0.0081106460, 0.0101499200, 0.7437526000)
(-0.6682791000, -0.0081365890, 0.0100770500, 0.7437980000)
(-0.6683045000, -0.0080671620, 0.0102781900, 0.7437731000)
(-0.6682779000, -0.0081239840, 0.0102043900, 0.7437974000)
(-0.6682069000, -0.0081450990, 0.0102604600, 0.7438601000)
(-0.6681894000, -0.0081870570, 0.0101428500, 0.7438771000)
(-0.6681170000, -0.0081405760, 0.0102033900, 0.7439417000)
(-0.6681523000, -0.0079509190, 0.0101055000, 0.7439134000)
(-0.6681519000, -0.0081440610, 0.0100941300, 0.7439119000)
(-0.6682115000, -0.0081039040, 0.0099611530, 0.7438606000)
(-0.6682631000, -0.0083278070, 0.0100414000, 0.7438107000)
(-0.6682395000, -0.0081378400, 0.0101487600, 0.7438324000)
(-0.6682221000, -0.0082258790, 0.0101480800, 0.7438472000)
(-0.6681522000, -0.0082801530, 0.0101025100, 0.7439101000)
(-0.6681299000, -0.0081445530, 0.0101544500, 0.7439308000)
(-0.6681755000, -0.0082428030, 0.0101663200, 0.7438887000)
(-0.6683199000, -0.0083744430, 0.0100840400, 0.7437585000)
(-0.6681681000, -0.0083533970, 0.0100803600, 0.7438952000)
(-0.6682630000, -0.0081819420, 0.0100929200, 0.7438117000)
(-0.6682311000, -0.0082359080, 0.0101093100, 0.7438396000)
(-0.6682004000, -0.0081773720, 0.0102185500, 0.7438663000)
(-0.6682775000, -0.0082059460, 0.0101105900, 0.7437981000)
(-0.6682723000, -0.0081721550, 0.0100077100, 0.7438046000)
(-0.6683491000, -0.0082366810, 0.0101962400, 0.7437323000)
(-0.6682973000, -0.0082105510, 0.0102991900, 0.7437778000)
(-0.6681946000, -0.0083237880, 0.0102002500, 0.7438701000)
(-0.6682171000, -0.0082228330, 0.0103155600, 0.7438493000)
(-0.6682118000, -0.0082658190, 0.0102788400, 0.7438542000)
(-0.6683414000, -0.0082935770, 0.0102273400, 0.7437381000)
(-0.6682862000, -0.0083433700, 0.0101939200, 0.7437877000)
(-0.6682854000, -0.0083599440, 0.0102481400, 0.7437874000)
(-0.6683269000, -0.0082074810, 0.0102062200, 0.7437524000)
(-0.6682020000, -0.0083073330, 0.0102503800, 0.7438629000)
(-0.6683053000, -0.0082182080, 0.0102119600, 0.7437716000)
(-0.6682111000, -0.0082664210, 0.0100720300, 0.7438576000)
(-0.6682410000, -0.0082145090, 0.0101176700, 0.7438307000)
(-0.6681634000, -0.0083713300, 0.0101627100, 0.7438981000)
(-0.6682200000, -0.0083857610, 0.0102233000, 0.7438462000)
(-0.6681817000, -0.0082993210, 0.0102493700, 0.7438812000)
(-0.6680711000, -0.0084046400, 0.0101244800, 0.7439812000)
(-0.6680408000, -0.0083537750, 0.0100957900, 0.7440093000)
(-0.6679139000, -0.0084471650, 0.0099955260, 0.7441236000)
(-0.6679893000, -0.0084112830, 0.0103076000, 0.7440521000)
(-0.6679912000, -0.0083145730, 0.0101829700, 0.7440531000)
(-0.6681104000, -0.0082432880, 0.0102182600, 0.7439463000)
(-0.6679927000, -0.0083679190, 0.0101359200, 0.7440518000)
(-0.6680931000, -0.0083536840, 0.0101167000, 0.7439620000)
(-0.6682444000, -0.0082019760, 0.0101632500, 0.7438273000)
(-0.6682886000, -0.0081461800, 0.0103037200, 0.7437862000)
(-0.6682251000, -0.0082029260, 0.0102085600, 0.7438440000)
(-0.6682153000, -0.0082718900, 0.0102916100, 0.7438508000)
(-0.6682920000, -0.0082593440, 0.0102603600, 0.7437825000)
(-0.6681725000, -0.0082501000, 0.0101347900, 0.7438917000)
(-0.6682402000, -0.0083292750, 0.0101002800, 0.7438304000)
(-0.6681909000, -0.0081078440, 0.0101730200, 0.7438762000)
(-0.6682785000, -0.0081789470, 0.0101603300, 0.7437969000)
(-0.6683264000, -0.0082864190, 0.0102218700, 0.7437518000)
(-0.6682940000, -0.0082835300, 0.0103203900, 0.7437796000)
(-0.6682517000, -0.0081736180, 0.0102105000, 0.7438203000)
(-0.6683429000, -0.0081909310, 0.0103584700, 0.7437362000)
(-0.6682281000, -0.0083476730, 0.0103949900, 0.7438370000)
(-0.6683093000, -0.0081701190, 0.0102358000, 0.7437682000)
(-0.6682708000, -0.0082996290, 0.0102752100, 0.7438009000)
(-0.6681502000, -0.0081944060, 0.0103340300, 0.7439095000)
(-0.6682671000, -0.0082219680, 0.0102759100, 0.7438050000)
(-0.6682713000, -0.0083677690, 0.0103283200, 0.7437989000)
(-0.6683240000, -0.0081650480, 0.0103062700, 0.7437541000)
(-0.6683216000, -0.0082922850, 0.0102395900, 0.7437558000)
(-0.6682541000, -0.0082643200, 0.0102546700, 0.7438165000)
(-0.6682695000, -0.0083141040, 0.0102865100, 0.7438017000)
(-0.6684189000, -0.0083604960, 0.0104172100, 0.7436651000)
(-0.6682987000, -0.0082871910, 0.0103550800, 0.7437748000)
(-0.6682919000, -0.0083306980, 0.0102441000, 0.7437819000)
(-0.6682685000, -0.0083241460, 0.0103467100, 0.7438017000)
(-0.6682969000, -0.0084217150, 0.0103724500, 0.7437747000)
(-0.6682702000, -0.0083000590, 0.0104479700, 0.7437989000)
(-0.6681991000, -0.0082990190, 0.0104505000, 0.7438628000)
(-0.6682450000, -0.0083278020, 0.0104675900, 0.7438210000)
(-0.6681314000, -0.0083798540, 0.0104501200, 0.7439227000)
(-0.6682437000, -0.0083138460, 0.0104176100, 0.7438231000)
(-0.6683339000, -0.0082446120, 0.0104484700, 0.7437424000)
(-0.6682105000, -0.0083462960, 0.0104509400, 0.7438521000)
(-0.6682463000, -0.0083167280, 0.0104942400, 0.7438196000)
(-0.6682969000, -0.0083906420, 0.0104366100, 0.7437741000)
(-0.6681452000, -0.0082805360, 0.0103657000, 0.7439126000)
(-0.6683118000, -0.0082532320, 0.0104615300, 0.7437620000)
(-0.6684023000, -0.0083491290, 0.0106149600, 0.7436774000)
(-0.6684298000, -0.0084776420, 0.0103816100, 0.7436545000)
(-0.6682070000, -0.0082934180, 0.0104444300, 0.7438558000)
(-0.6681904000, -0.0083222230, 0.0104021000, 0.7438712000)
(-0.6683478000, -0.0083854800, 0.0104249200, 0.7437286000)
(-0.6683935000, -0.0083382410, 0.0104384300, 0.7436879000)
(-0.6684046000, -0.0084378370, 0.0104617000, 0.7436765000)
(-0.6683004000, -0.0083650670, 0.0105240500, 0.7437700000)
(-0.6681626000, -0.0082977810, 0.0105111300, 0.7438948000)
(-0.6681429000, -0.0083508400, 0.0104571600, 0.7439127000)
(-0.6682727000, -0.0083241320, 0.0105230600, 0.7437954000)
(-0.6684301000, -0.0082891030, 0.0104335800, 0.7436556000)
(-0.6682343000, -0.0084085380, 0.0105652300, 0.7438284000)
(-0.6682947000, -0.0085083530, 0.0103614400, 0.7437758000)
(-0.6682662000, -0.0084580500, 0.0104368000, 0.7438009000)
(-0.6683095000, -0.0085208790, 0.0104574100, 0.7437611000)
(-0.6684349000, -0.0083093390, 0.0104564400, 0.7436507000)
(-0.6683580000, -0.0082138260, 0.0103321900, 0.7437227000)
(-0.6682783000, -0.0084085150, 0.0105755900, 0.7437887000)
(-0.6681994000, -0.0083616800, 0.0103352400, 0.7438635000)
(-0.6682867000, -0.0084215160, 0.0105497500, 0.7437814000)
(-0.6682968000, -0.0084321390, 0.0103902300, 0.7437744000)
(-0.6682027000, -0.0083020650, 0.0104109700, 0.7438602000)
(-0.6681203000, -0.0082321700, 0.0103724800, 0.7439354000)
(-0.6681067000, -0.0083023850, 0.0104752400, 0.7439455000)
(-0.6682879000, -0.0084484550, 0.0105281500, 0.7437803000)
(-0.6681914000, -0.0084129840, 0.0104846100, 0.7438679000)
(-0.6683321000, -0.0083271960, 0.0104509800, 0.7437430000)
(-0.6681588000, -0.0082943640, 0.0102323400, 0.7439021000)
(-0.6682016000, -0.0083350550, 0.0104562400, 0.7438601000)
(-0.6680923000, -0.0082602140, 0.0103604400, 0.7439604000)
(-0.6683299000, -0.0085512690, 0.0104089900, 0.7437431000)
(-0.6683858000, -0.0082976800, 0.0104123800, 0.7436957000)
(-0.6682430000, -0.0084582550, 0.0103791600, 0.7438226000)
(-0.6680321000, -0.0083900160, 0.0103059200, 0.7440138000)
(-0.6681113000, -0.0083691740, 0.0103903200, 0.7439418000)
(-0.6681826000, -0.0083611950, 0.0104333600, 0.7438772000)
(-0.6682338000, -0.0083569500, 0.0104463000, 0.7438311000)
(-0.6680862000, -0.0083721300, 0.0103987300, 0.7439641000)
(-0.6680458000, -0.0083555440, 0.0103445400, 0.7440013000)
(-0.6682434000, -0.0083951630, 0.0102752300, 0.7438244000)
(-0.6682476000, -0.0084369430, 0.0104919400, 0.7438171000)
(-0.6682580000, -0.0083908190, 0.0103208100, 0.7438107000)
(-0.6681030000, -0.0083196740, 0.0103675800, 0.7439501000)
(-0.6681678000, -0.0082721800, 0.0104911500, 0.7438907000)
(-0.6681654000, -0.0084394090, 0.0103764200, 0.7438925000)
(-0.6682261000, -0.0084676500, 0.0104233500, 0.7438371000)
(-0.6680560000, -0.0085661400, 0.0102151800, 0.7439916000)
(-0.6682080000, -0.0084214420, 0.0101863000, 0.7438571000)
(-0.6680992000, -0.0084069360, 0.0103150900, 0.7439533000)
(-0.6682107000, -0.0084169800, 0.0102998100, 0.7438532000)
(-0.6682732000, -0.0084185760, 0.0102363300, 0.7437980000)
(-0.6681740000, -0.0084541080, 0.0103385600, 0.7438852000)
(-0.6682092000, -0.0084082640, 0.0102619000, 0.7438552000)
(-0.6680489000, -0.0084962780, 0.0103769900, 0.7439965000)
(-0.6680910000, -0.0084730730, 0.0102119400, 0.7439613000)
(-0.6682392000, -0.0085049650, 0.0103116300, 0.7438264000)
(-0.6682072000, -0.0085018100, 0.0103242600, 0.7438550000)
(-0.6682513000, -0.0084709030, 0.0102850100, 0.7438163000)
(-0.6681182000, -0.0086090940, 0.0102846300, 0.7439343000)
(-0.6680537000, -0.0083916260, 0.0102960100, 0.7439945000)
(-0.6680924000, -0.0084761420, 0.0104066500, 0.7439573000)
(-0.6681021000, -0.0085151180, 0.0101899900, 0.7439511000)
(-0.6680791000, -0.0085538670, 0.0101719000, 0.7439716000)
(-0.6681415000, -0.0084350260, 0.0101500500, 0.7439172000)
(-0.6680624000, -0.0084090810, 0.0102113800, 0.7439876000)
(-0.6681625000, -0.0084144980, 0.0102213700, 0.7438976000)
(-0.6683385000, -0.0083897140, 0.0101717500, 0.7437404000)
(-0.6680067000, -0.0085764650, 0.0099657570, 0.7440392000)
(-0.6679734000, -0.0084759720, 0.0101875700, 0.7440672000)
(-0.6681398000, -0.0085889720, 0.0100742500, 0.7439181000)
(-0.6682875000, -0.0085720310, 0.0100441500, 0.7437859000)
(-0.6681929000, -0.0084677170, 0.0101512900, 0.7438707000)
(-0.6680378000, -0.0085748670, 0.0101569600, 0.7440087000)
(-0.6680004000, -0.0084024150, 0.0101299900, 0.7440446000)
(-0.6680364000, -0.0085684980, 0.0100729400, 0.7440111000)
(-0.6681255000, -0.0085465820, 0.0100831600, 0.7439312000)
(-0.6682031000, -0.0086166680, 0.0101422300, 0.7438599000)
(-0.6681495000, -0.0086022910, 0.0100910200, 0.7439089000)
(-0.6680039000, -0.0086524130, 0.0101396300, 0.7440385000)
(-0.6680283000, -0.0086101740, 0.0099919810, 0.7440190000)
(-0.6680701000, -0.0086224370, 0.0100771700, 0.7439801000)
(-0.6680290000, -0.0085645440, 0.0100647300, 0.7440180000)
(-0.6681224000, -0.0085052840, 0.0100367800, 0.7439350000)
(-0.6680487000, -0.0085435590, 0.0100626500, 0.7440004000)
(-0.6681238000, -0.0086351910, 0.0101528700, 0.7439308000)
(-0.6680998000, -0.0086110210, 0.0099568980, 0.7439553000)
(-0.6681019000, -0.0087306750, 0.0099183200, 0.7439525000)
(-0.6681233000, -0.0087108170, 0.0100194100, 0.7439321000)
(-0.6681604000, -0.0085642100, 0.0100095200, 0.7439007000)
(-0.6682643000, -0.0087216920, 0.0098794420, 0.7438073000)
(-0.6682249000, -0.0084909080, 0.0100117000, 0.7438436000)
(-0.6682526000, -0.0086378030, 0.0100468500, 0.7438165000)
(-0.6682479000, -0.0086707150, 0.0101387900, 0.7438191000)
(-0.6681837000, -0.0086511540, 0.0100672100, 0.7438780000)
(-0.6683022000, -0.0084826700, 0.0101800400, 0.7437720000)
(-0.6684466000, -0.0086283350, 0.0101420500, 0.7436410000)
(-0.6683714000, -0.0084639500, 0.0102295300, 0.7437093000)
(-0.6683770000, -0.0085507060, 0.0101794400, 0.7437039000)
(-0.6682097000, -0.0085033520, 0.0100443600, 0.7438566000)
(-0.6682283000, -0.0085303920, 0.0101962100, 0.7438375000)
(-0.6684110000, -0.0086412770, 0.0100630400, 0.7436739000)
(-0.6682933000, -0.0086192100, 0.0100868400, 0.7437796000)
(-0.6682810000, -0.0085709910, 0.0099949420, 0.7437925000)
(-0.6683450000, -0.0085389660, 0.0101412700, 0.7437333000)
(-0.6683691000, -0.0086750120, 0.0101567900, 0.7437100000)
(-0.6682411000, -0.0084909610, 0.0100134400, 0.7438290000)
(-0.6682138000, -0.0085578510, 0.0100706100, 0.7438519000)
(-0.6683751000, -0.0084886770, 0.0100543500, 0.7437080000)
(-0.6683055000, -0.0086393330, 0.0099302320, 0.7437705000)
(-0.6682126000, -0.0085662790, 0.0099729420, 0.7438543000)
(-0.6684183000, -0.0086721180, 0.0101402300, 0.7436659000)
(-0.6683549000, -0.0087240650, 0.0100396800, 0.7437236000)
(-0.6684615000, -0.0088100980, 0.0100326900, 0.7436269000)
(-0.6684502000, -0.0086070820, 0.0100691400, 0.7436389000)
(-0.6682702000, -0.0085923350, 0.0101287300, 0.7438000000)
(-0.6684070000, -0.0086527830, 0.0101033700, 0.7436768000)
(-0.6683164000, -0.0086502720, 0.0099733420, 0.7437600000)
(-0.6682606000, -0.0086287190, 0.0100141000, 0.7438098000)
(-0.6683062000, -0.0086848980, 0.0099843250, 0.7437686000)
(-0.6683906000, -0.0085778470, 0.0100449100, 0.7436932000)
(-0.6683149000, -0.0087441640, 0.0100624300, 0.7437590000)
(-0.6683668000, -0.0086250440, 0.0101821400, 0.7437122000)
(-0.6684083000, -0.0086689530, 0.0100917000, 0.7436756000)
(-0.6682150000, -0.0085978050, 0.0100170800, 0.7438511000)
(-0.6682825000, -0.0085903760, 0.0099106390, 0.7437920000)
(-0.6682444000, -0.0086307140, 0.0101422700, 0.7438226000)
(-0.6683344000, -0.0085701970, 0.0099695490, 0.7437449000)
(-0.6682554000, -0.0087663050, 0.0099242200, 0.7438141000)
(-0.6683788000, -0.0087023420, 0.0100504500, 0.7437023000)
(-0.6682522000, -0.0085187750, 0.0100576200, 0.7438181000)
(-0.6682613000, -0.0085550390, 0.0101217600, 0.7438085000)
(-0.6684913000, -0.0086065310, 0.0099780780, 0.7436032000)
(-0.6683075000, -0.0085381190, 0.0099983760, 0.7437689000)
(-0.6683561000, -0.0085255900, 0.0099393720, 0.7437263000)
(-0.6682795000, -0.0086095460, 0.0099728620, 0.7437937000)
(-0.6683164000, -0.0084409430, 0.0100301600, 0.7437617000)
(-0.6682469000, -0.0084242420, 0.0099812110, 0.7438249000)
(-0.6683000000, -0.0084344350, 0.0100368000, 0.7437764000)
(-0.6683779000, -0.0084578990, 0.0099089330, 0.7437078000)
(-0.6683828000, -0.0085553980, 0.0099807880, 0.7437013000)
(-0.6683415000, -0.0085459170, 0.0098916130, 0.7437397000)
(-0.6684310000, -0.0085899790, 0.0099369130, 0.7436582000)
(-0.6683638000, -0.0085194730, 0.0099991920, 0.7437186000)
(-0.6681988000, -0.0085133880, 0.0099881680, 0.7438670000)
(-0.6681755000, -0.0084601330, 0.0101126200, 0.7438869000)
(-0.6682497000, -0.0084346860, 0.0099987630, 0.7438221000)
(-0.6683209000, -0.0084685800, 0.0100106500, 0.7437575000)
(-0.6684721000, -0.0085083030, 0.0098815860, 0.7436230000)
(-0.6684169000, -0.0085472400, 0.0100539500, 0.7436699000)
(-0.6682270000, -0.0085835270, 0.0101342600, 0.7438390000)
(-0.6682848000, -0.0084756890, 0.0099141040, 0.7437912000)
(-0.6683113000, -0.0085247480, 0.0099583160, 0.7437662000)
(-0.6684757000, -0.0086644850, 0.0100653900, 0.7436154000)
(-0.6683589000, -0.0085924820, 0.0098770380, 0.7437238000)
(-0.6683047000, -0.0085010280, 0.0099952300, 0.7437719000)
(-0.6682830000, -0.0085484700, 0.0100708400, 0.7437899000)
(-0.6681966000, -0.0085745160, 0.0099069680, 0.7438694000)
(-0.6683354000, -0.0084633990, 0.0099099460, 0.7437460000)
(-0.6684400000, -0.0085017380, 0.0100397400, 0.7436497000)
(-0.6683086000, -0.0085106800, 0.0101957900, 0.7437656000)
(-0.6683813000, -0.0086177050, 0.0100979000, 0.7437004000)
(-0.6684579000, -0.0083936740, 0.0100057900, 0.7436354000)
(-0.6684086000, -0.0084363000, 0.0100867900, 0.7436781000)
(-0.6683273000, -0.0084891930, 0.0100058100, 0.7437516000)
(-0.6683108000, -0.0083655730, 0.0101637900, 0.7437658000)
(-0.6682423000, -0.0084758930, 0.0100792800, 0.7438272000)
(-0.6682900000, -0.0084231920, 0.0101744600, 0.7437835000)
(-0.6681863000, -0.0085171860, 0.0101500100, 0.7438760000)
(-0.6682234000, -0.0085221950, 0.0101892200, 0.7438421000)
(-0.6683599000, -0.0085690380, 0.0102334600, 0.7437183000)
(-0.6681824000, -0.0086200530, 0.0101902400, 0.7438779000)
(-0.6682292000, -0.0086485290, 0.0102491700, 0.7438346000)
(-0.6682712000, -0.0083535180, 0.0101886900, 0.7438011000)
(-0.6682292000, -0.0085386520, 0.0101292400, 0.7438375000)
(-0.6682906000, -0.0084832070, 0.0101225000, 0.7437832000)
(-0.6682405000, -0.0085362040, 0.0100757100, 0.7438281000)
(-0.6682220000, -0.0085168520, 0.0101250500, 0.7438443000)
(-0.6683274000, -0.0085251490, 0.0101142500, 0.7437497000)
(-0.6684613000, -0.0084364270, 0.0100824000, 0.7436308000)
(-0.6682667000, -0.0084961800, 0.0100049600, 0.7438060000)
(-0.6683093000, -0.0084222690, 0.0100840300, 0.7437675000)
(-0.6682025000, -0.0083750980, 0.0101880000, 0.7438626000)
(-0.6682276000, -0.0085423810, 0.0101800300, 0.7438382000)
(-0.6682309000, -0.0085543110, 0.0100697100, 0.7438366000)
(-0.6682663000, -0.0084208580, 0.0100271800, 0.7438070000)
(-0.6681902000, -0.0085103500, 0.0101310400, 0.7438729000)
(-0.6682147000, -0.0084074220, 0.0100199400, 0.7438535000)
(-0.6683367000, -0.0085221630, 0.0101329200, 0.7437412000)
(-0.6682550000, -0.0084958500, 0.0099332600, 0.7438175000)
(-0.6682954000, -0.0085226430, 0.0099652200, 0.7437805000)
(-0.6682139000, -0.0084173610, 0.0099479960, 0.7438551000)
(-0.6681809000, -0.0085473020, 0.0099900400, 0.7438827000)
(-0.6683221000, -0.0085132540, 0.0100537900, 0.7437554000)
(-0.6683353000, -0.0085214690, 0.0099588460, 0.7437447000)
(-0.6683328000, -0.0085837220, 0.0100655300, 0.7437449000)
(-0.6682084000, -0.0085665570, 0.0099611880, 0.7438582000)
(-0.6682711000, -0.0085351560, 0.0100311700, 0.7438013000)
(-0.6684074000, -0.0086699800, 0.0099933780, 0.7436777000)
(-0.6683459000, -0.0085715020, 0.0099015490, 0.7437354000)
(-0.6683060000, -0.0086113080, 0.0099302830, 0.7437704000)
(-0.6682548000, -0.0086158510, 0.0099540730, 0.7438160000)
(-0.6682278000, -0.0085575650, 0.0098220160, 0.7438427000)
(-0.6682205000, -0.0084208850, 0.0100207900, 0.7438482000)
(-0.6682942000, -0.0086600330, 0.0099293010, 0.7437805000)
(-0.6682953000, -0.0086987130, 0.0099706650, 0.7437785000)
(-0.6681181000, -0.0084566170, 0.0099601670, 0.7439405000)
(-0.6683772000, -0.0086597500, 0.0099303510, 0.7437059000)
(-0.6682417000, -0.0086179810, 0.0099661060, 0.7438275000)
(-0.6682143000, -0.0085515090, 0.0099827060, 0.7438528000)
(-0.6682948000, -0.0085706710, 0.0099808370, 0.7437803000)
(-0.6683322000, -0.0085093230, 0.0100036200, 0.7437471000)
(-0.6681752000, -0.0086926920, 0.0099218250, 0.7438870000)
(-0.6681599000, -0.0085920700, 0.0099852600, 0.7439011000)
(-0.6682247000, -0.0085660120, 0.0100216500, 0.7438428000)
(-0.6681675000, -0.0085823130, 0.0099436570, 0.7438949000)
(-0.6681696000, -0.0086535030, 0.0099407200, 0.7438923000)
(-0.6682358000, -0.0085388880, 0.0100748800, 0.7438323000)
(-0.6681386000, -0.0084335280, 0.0098673980, 0.7439237000)
(-0.6681719000, -0.0084675390, 0.0099954790, 0.7438915000)
(-0.6682197000, -0.0086471240, 0.0099581050, 0.7438471000)
(-0.6681319000, -0.0086341010, 0.0100473200, 0.7439249000)
(-0.6680883000, -0.0085966490, 0.0099656080, 0.7439656000)
(-0.6681949000, -0.0085580780, 0.0098674640, 0.7438716000)
(-0.6682842000, -0.0084553870, 0.0099413450, 0.7437915000)
(-0.6681352000, -0.0085928130, 0.0100945300, 0.7439218000)
(-0.6680759000, -0.0085452400, 0.0099867390, 0.7439770000)
(-0.6680269000, -0.0084474870, 0.0099400510, 0.7440228000)
(-0.6682127000, -0.0085378770, 0.0100161500, 0.7438539000)
(-0.6681423000, -0.0086416120, 0.0100832200, 0.7439150000)
(-0.6681513000, -0.0084923000, 0.0101345400, 0.7439079000)
(-0.6682780000, -0.0084418380, 0.0101440900, 0.7437946000)
(-0.6681316000, -0.0085290760, 0.0101701500, 0.7439247000)
(-0.6682580000, -0.0085030770, 0.0101143800, 0.7438123000)
(-0.6683279000, -0.0085265220, 0.0102176100, 0.7437478000)
(-0.6683016000, -0.0086153080, 0.0100596800, 0.7437726000)
(-0.6682098000, -0.0086131690, 0.0102022000, 0.7438531000)
(-0.6681657000, -0.0085753740, 0.0100982800, 0.7438946000)
(-0.6682171000, -0.0085810880, 0.0101090300, 0.7438482000)
(-0.6682379000, -0.0084361870, 0.0101003300, 0.7438313000)
(-0.6682289000, -0.0086095220, 0.0100729400, 0.7438377000)
(-0.6682464000, -0.0085358960, 0.0102029200, 0.7438211000)
(-0.6681122000, -0.0085706890, 0.0101055500, 0.7439426000)
(-0.6681449000, -0.0085970080, 0.0101033600, 0.7439129000)
(-0.6682568000, -0.0085359600, 0.0101764500, 0.7438121000)
(-0.6682394000, -0.0086755640, 0.0101592200, 0.7438263000)
(-0.6682616000, -0.0085742600, 0.0101525200, 0.7438077000)
(-0.6680613000, -0.0086900800, 0.0101608900, 0.7439862000)
(-0.6682073000, -0.0085254920, 0.0100581400, 0.7438583000)
(-0.6682745000, -0.0086993900, 0.0102425900, 0.7437934000)
(-0.6683407000, -0.0086140240, 0.0101693900, 0.7437359000)
(-0.6681872000, -0.0084770380, 0.0101561800, 0.7438756000)
(-0.6681353000, -0.0084428710, 0.0100579100, 0.7439239000)
(-0.6680696000, -0.0084174410, 0.0100798800, 0.7439829000)
(-0.6681815000, -0.0085263720, 0.0100597900, 0.7438814000)
(-0.6682795000, -0.0085469900, 0.0101752100, 0.7437916000)
(-0.6682519000, -0.0085429890, 0.0100365800, 0.7438183000)
(-0.6682961000, -0.0084110080, 0.0100661300, 0.7437798000)
(-0.6682582000, -0.0085580160, 0.0100861300, 0.7438118000)
(-0.6682118000, -0.0083319950, 0.0100922400, 0.7438561000)
(-0.6682474000, -0.0086375150, 0.0100618800, 0.7438210000)
(-0.6683303000, -0.0086779150, 0.0101115900, 0.7437453000)
(-0.6683670000, -0.0085928690, 0.0100092200, 0.7437147000)
(-0.6682965000, -0.0085315750, 0.0101421700, 0.7437770000)
(-0.6681457000, -0.0085200410, 0.0099692270, 0.7439148000)
(-0.6681858000, -0.0084741530, 0.0100249200, 0.7438786000)
(-0.6682487000, -0.0085752850, 0.0100643800, 0.7438205000)
(-0.6681938000, -0.0085787830, 0.0099953110, 0.7438707000)
(-0.6682240000, -0.0086196040, 0.0100817900, 0.7438420000)
(-0.6682369000, -0.0085132120, 0.0099707450, 0.7438331000)
(-0.6682535000, -0.0086259250, 0.0099755930, 0.7438168000)
(-0.6683097000, -0.0085009100, 0.0101306800, 0.7437656000)
(-0.6681095000, -0.0084604920, 0.0100096200, 0.7439476000)
(-0.6681361000, -0.0085219750, 0.0099855030, 0.7439233000)
(-0.6681931000, -0.0084734400, 0.0101518900, 0.7438704000)
(-0.6683418000, -0.0083896860, 0.0099989820, 0.7437398000)
(-0.6682719000, -0.0083916440, 0.0099939150, 0.7438027000)
(-0.6682016000, -0.0084528820, 0.0099784270, 0.7438654000)
(-0.6681561000, -0.0085398960, 0.0098858760, 0.7439064000)
(-0.6682329000, -0.0085133560, 0.0100485500, 0.7438356000)
(-0.6682731000, -0.0086159230, 0.0101626400, 0.7437968000)
(-0.6681786000, -0.0085310210, 0.0100575300, 0.7438840000)
(-0.6681546000, -0.0085373270, 0.0100356500, 0.7439058000)
(-0.6679399000, -0.0084078340, 0.0101137200, 0.7440990000)
(-0.6679814000, -0.0084155110, 0.0101787000, 0.7440608000)
(-0.6680938000, -0.0085017140, 0.0101047200, 0.7439599000)
(-0.6681316000, -0.0083608830, 0.0101121300, 0.7439274000)
(-0.6680189000, -0.0082778350, 0.0101573400, 0.7440290000)
(-0.6679733000, -0.0083808890, 0.0100144200, 0.7440707000)
(-0.6680635000, -0.0085107310, 0.0100453600, 0.7439878000)
(-0.6680028000, -0.0084824870, 0.0100535400, 0.7440426000)
(-0.6680411000, -0.0083295560, 0.0101342100, 0.7440087000)
(-0.6680269000, -0.0084539880, 0.0101162100, 0.7440204000)
(-0.6679985000, -0.0084488010, 0.0099932630, 0.7440476000)
(-0.6679925000, -0.0084452490, 0.0100040300, 0.7440529000)
(-0.6679360000, -0.0083981990, 0.0102798600, 0.7441004000)
(-0.6680779000, -0.0084848150, 0.0100393000, 0.7439752000)
(-0.6680244000, -0.0083894620, 0.0102603200, 0.7440213000)
(-0.6679977000, -0.0083566820, 0.0100948600, 0.7440480000)
(-0.6679372000, -0.0084723360, 0.0102547700, 0.7440988000)
(-0.6681154000, -0.0083354510, 0.0100523200, 0.7439431000)
(-0.6682215000, -0.0084568360, 0.0102516600, 0.7438437000)
(-0.6681709000, -0.0083628140, 0.0101264100, 0.7438919000)
(-0.6681315000, -0.0082982250, 0.0100232800, 0.7439294000)
(-0.6681312000, -0.0084541070, 0.0101432700, 0.7439263000)
(-0.6681604000, -0.0082768700, 0.0102309700, 0.7439010000)
(-0.6680531000, -0.0083435720, 0.0101553000, 0.7439976000)
(-0.6680605000, -0.0082796820, 0.0101452900, 0.7439918000)
(-0.6682300000, -0.0082172270, 0.0101622800, 0.7438400000)
(-0.6681132000, -0.0083096970, 0.0101940700, 0.7439434000)
(-0.6681180000, -0.0083705410, 0.0102025700, 0.7439383000)
(-0.6680912000, -0.0082635390, 0.0102408300, 0.7439630000)
(-0.6681725000, -0.0082480470, 0.0100621800, 0.7438926000)
(-0.6681623000, -0.0082616710, 0.0100676800, 0.7439016000)
(-0.6680763000, -0.0082490110, 0.0102004600, 0.7439771000)
(-0.6682366000, -0.0083262850, 0.0101743600, 0.7438327000)
(-0.6681993000, -0.0082507010, 0.0101854000, 0.7438669000)
(-0.6680929000, -0.0083432650, 0.0101779400, 0.7439615000)
(-0.6683491000, -0.0083764390, 0.0103168500, 0.7437291000)
(-0.6682757000, -0.0082650160, 0.0101821600, 0.7437981000)
(-0.6682245000, -0.0084314240, 0.0104281400, 0.7438388000)
(-0.6681836000, -0.0082490550, 0.0100777000, 0.7438825000)
(-0.6682082000, -0.0083334590, 0.0100322200, 0.7438600000)
(-0.6682349000, -0.0082664040, 0.0102372300, 0.7438340000)
(-0.6681485000, -0.0081994900, 0.0101556800, 0.7439135000)
(-0.6682264000, -0.0083273510, 0.0102509700, 0.7438408000)
(-0.6682075000, -0.0082573590, 0.0100087800, 0.7438619000)
(-0.6681631000, -0.0082527000, 0.0103385200, 0.7438972000)
(-0.6680556000, -0.0081550400, 0.0101894200, 0.7439969000)
(-0.6681489000, -0.0082349580, 0.0103131100, 0.7439106000)
(-0.6682159000, -0.0082464040, 0.0102821500, 0.7438507000)
(-0.6682126000, -0.0082362060, 0.0101719400, 0.7438552000)
(-0.6681557000, -0.0082442100, 0.0102250300, 0.7439055000)
(-0.6680771000, -0.0084977210, 0.0101156100, 0.7439748000)
(-0.6683502000, -0.0081794470, 0.0102567400, 0.7437311000)
(-0.6683005000, -0.0082618950, 0.0101691000, 0.7437760000)
(-0.6683210000, -0.0083115080, 0.0102210500, 0.7437564000)
(-0.6681288000, -0.0082311120, 0.0101491300, 0.7439309000)
(-0.6681377000, -0.0082520170, 0.0101490300, 0.7439227000)
(-0.6682200000, -0.0082507500, 0.0100605000, 0.7438499000)
(-0.6682112000, -0.0083441460, 0.0100779300, 0.7438567000)
(-0.6681659000, -0.0083179780, 0.0102225200, 0.7438956000)
(-0.6681443000, -0.0082099440, 0.0101673900, 0.7439170000)
(-0.6681230000, -0.0082128640, 0.0102574900, 0.7439348000)
(-0.6681395000, -0.0082507170, 0.0102498600, 0.7439197000)
(-0.6680614000, -0.0082405840, 0.0103412600, 0.7439888000)
(-0.6681403000, -0.0083158310, 0.0104406800, 0.7439156000)
(-0.6681033000, -0.0082956680, 0.0103810800, 0.7439499000)
(-0.6681041000, -0.0083138140, 0.0103245300, 0.7439498000)
(-0.6680244000, -0.0081690190, 0.0103348200, 0.7440228000)
(-0.6680678000, -0.0081793620, 0.0105250200, 0.7439811000)
(-0.6680922000, -0.0082749010, 0.0104056600, 0.7439597000)
(-0.6682643000, -0.0081386320, 0.0103776100, 0.7438071000)
(-0.6681481000, -0.0082108720, 0.0105348400, 0.7439085000)
(-0.6681020000, -0.0083308500, 0.0104028800, 0.7439504000)
(-0.6681350000, -0.0082812550, 0.0103662600, 0.7439218000)
(-0.6681718000, -0.0082251220, 0.0103542600, 0.7438895000)
(-0.6681716000, -0.0083118600, 0.0104396800, 0.7438876000)
(-0.6682202000, -0.0082525710, 0.0105146500, 0.7438435000)
(-0.6682031000, -0.0082988750, 0.0104939100, 0.7438587000)
(-0.6681533000, -0.0083358110, 0.0105195500, 0.7439025000)
(-0.6681569000, -0.0081175320, 0.0104042000, 0.7439034000)
(-0.6681940000, -0.0083457070, 0.0104187100, 0.7438673000)
(-0.6680787000, -0.0082930930, 0.0103515300, 0.7439724000)
(-0.6681335000, -0.0082607660, 0.0104170200, 0.7439227000)
(-0.6682314000, -0.0083354660, 0.0103771200, 0.7438344000)
(-0.6682968000, -0.0083849450, 0.0104695800, 0.7437739000)
(-0.6682764000, -0.0083632750, 0.0105065100, 0.7437919000)
(-0.6681098000, -0.0083598020, 0.0105415900, 0.7439411000)
(-0.6681182000, -0.0083140550, 0.0104567400, 0.7439353000)
(-0.6681432000, -0.0083456250, 0.0105079100, 0.7439117000)
(-0.6681954000, -0.0084186220, 0.0103831300, 0.7438657000)
(-0.6680602000, -0.0082542670, 0.0106008700, 0.7439860000)
(-0.6681280000, -0.0083587450, 0.0105793400, 0.7439243000)
(-0.6682181000, -0.0083768130, 0.0106358500, 0.7438422000)
(-0.6681361000, -0.0083384270, 0.0106543300, 0.7439162000)
(-0.6681150000, -0.0084120590, 0.0105476800, 0.7439357000)
(-0.6682181000, -0.0084383450, 0.0104842100, 0.7438437000)
(-0.6682675000, -0.0083216880, 0.0105282600, 0.7438000000)
(-0.6682886000, -0.0083769320, 0.0107380100, 0.7437775000)
(-0.6681948000, -0.0083335760, 0.0105865900, 0.7438644000)
(-0.6682377000, -0.0082912800, 0.0106867800, 0.7438250000)
(-0.6681865000, -0.0083716290, 0.0106530000, 0.7438704000)
(-0.6680865000, -0.0083697190, 0.0106627100, 0.7439603000)
(-0.6682199000, -0.0084529440, 0.0105531900, 0.7438409000)
(-0.6682557000, -0.0083319350, 0.0106586500, 0.7438087000)
(-0.6681632000, -0.0083578990, 0.0106647400, 0.7438914000)
(-0.6681861000, -0.0083390920, 0.0108549900, 0.7438683000)
(-0.6682802000, -0.0083276280, 0.0106286700, 0.7437871000)
(-0.6681168000, -0.0083587870, 0.0106959900, 0.7439326000)
(-0.6680849000, -0.0083182640, 0.0106662900, 0.7439622000)
(-0.6681934000, -0.0082434930, 0.0104904400, 0.7438680000)
(-0.6683532000, -0.0083621130, 0.0106577500, 0.7437207000)
(-0.6683012000, -0.0083705960, 0.0106993400, 0.7437667000)
(-0.6683668000, -0.0083791560, 0.0105947600, 0.7437091000)
(-0.6682976000, -0.0083618030, 0.0106969500, 0.7437702000)
(-0.6683177000, -0.0082250070, 0.0106369100, 0.7437544000)
(-0.6682622000, -0.0083002870, 0.0105636300, 0.7438045000)
(-0.6682293000, -0.0082977790, 0.0104851200, 0.7438352000)
(-0.6681587000, -0.0083002440, 0.0106021700, 0.7438970000)
(-0.6681932000, -0.0082698960, 0.0105471500, 0.7438671000)
(-0.6682039000, -0.0081512260, 0.0104860300, 0.7438596000)
(-0.6682900000, -0.0083619820, 0.0105200700, 0.7437795000)
(-0.6682900000, -0.0082667120, 0.0105717400, 0.7437798000)
(-0.6683460000, -0.0082009330, 0.0105622300, 0.7437304000)
(-0.6682636000, -0.0083286050, 0.0105949100, 0.7438025000)
(-0.6683344000, -0.0082387210, 0.0105656700, 0.7437403000)
(-0.6683371000, -0.0083959440, 0.0105131800, 0.7437369000)
(-0.6682909000, -0.0083083340, 0.0106475600, 0.7437774000)
(-0.6682648000, -0.0083355460, 0.0104469700, 0.7438035000)
(-0.6682853000, -0.0082949020, 0.0105263300, 0.7437843000)
(-0.6684578000, -0.0081838550, 0.0104910600, 0.7436310000)
(-0.6683766000, -0.0083448560, 0.0104734400, 0.7437025000)
(-0.6684218000, -0.0082380100, 0.0105999600, 0.7436612000)
(-0.6683059000, -0.0083200030, 0.0105380600, 0.7437654000)
(-0.6683902000, -0.0083378980, 0.0104337500, 0.7436910000)
(-0.6684341000, -0.0082234360, 0.0107053900, 0.7436488000)
(-0.6683003000, -0.0083390160, 0.0105664600, 0.7437698000)
(-0.6682447000, -0.0082961850, 0.0105242900, 0.7438208000)
(-0.6683173000, -0.0082168540, 0.0106739000, 0.7437544000)
(-0.6681928000, -0.0082840950, 0.0105475700, 0.7438673000)
(-0.6681902000, -0.0083707080, 0.0105908100, 0.7438681000)
(-0.6682771000, -0.0082988830, 0.0106490100, 0.7437899000)
(-0.6682811000, -0.0082356810, 0.0105657100, 0.7437882000)
(-0.6681359000, -0.0082000640, 0.0107047500, 0.7439171000)
(-0.6681023000, -0.0081280370, 0.0106287900, 0.7439491000)
(-0.6681623000, -0.0082562840, 0.0106348900, 0.7438937000)
(-0.6682166000, -0.0082780060, 0.0106558900, 0.7438444000)
(-0.6683700000, -0.0082861190, 0.0107463500, 0.7437052000)
(-0.6681586000, -0.0082323390, 0.0107662000, 0.7438955000)
(-0.6683183000, -0.0081976840, 0.0106855800, 0.7437536000)
(-0.6682177000, -0.0084152060, 0.0105610700, 0.7438433000)
(-0.6682379000, -0.0083183310, 0.0106028100, 0.7438256000)
(-0.6682659000, -0.0082768170, 0.0105517100, 0.7438016000)
(-0.6681682000, -0.0083332450, 0.0106216000, 0.7438878000)
(-0.6682118000, -0.0082162470, 0.0105600700, 0.7438508000)
(-0.6681991000, -0.0083049230, 0.0106454000, 0.7438600000)
(-0.6682571000, -0.0082671170, 0.0104877800, 0.7438105000)
(-0.6683252000, -0.0082606840, 0.0106219900, 0.7437475000)
(-0.6681976000, -0.0083325200, 0.0106312500, 0.7438612000)
(-0.6682525000, -0.0081767910, 0.0105848100, 0.7438143000)
(-0.6682360000, -0.0082741140, 0.0105699000, 0.7438282000)
(-0.6682336000, -0.0082012280, 0.0105178600, 0.7438319000)
(-0.6682337000, -0.0082166730, 0.0105226000, 0.7438316000)
(-0.6682234000, -0.0082255210, 0.0103576400, 0.7438431000)
(-0.6681801000, -0.0080366640, 0.0104893000, 0.7438822000)
(-0.6681291000, -0.0082516710, 0.0105625600, 0.7439246000)
(-0.6681737000, -0.0081419880, 0.0104914700, 0.7438868000)
(-0.6682428000, -0.0081439050, 0.0104090400, 0.7438259000)
(-0.6682613000, -0.0081839920, 0.0104016500, 0.7438089000)
(-0.6683137000, -0.0081779090, 0.0103472300, 0.7437626000)
(-0.6682183000, -0.0081178850, 0.0105413400, 0.7438462000)
(-0.6682224000, -0.0082200710, 0.0103871100, 0.7438437000)
(-0.6682371000, -0.0081916400, 0.0104918100, 0.7438294000)
(-0.6681674000, -0.0081417860, 0.0103046900, 0.7438951000)
(-0.6682328000, -0.0082317160, 0.0102935400, 0.7438354000)
(-0.6682535000, -0.0082670730, 0.0102846700, 0.7438166000)
(-0.6683456000, -0.0083776850, 0.0103923800, 0.7437311000)
(-0.6683051000, -0.0082642080, 0.0102747400, 0.7437704000)
(-0.6682848000, -0.0082790930, 0.0101794700, 0.7437898000)
(-0.6682466000, -0.0082320460, 0.0103674200, 0.7438222000)
(-0.6681891000, -0.0082707460, 0.0103096500, 0.7438741000)
(-0.6682240000, -0.0082552180, 0.0102989300, 0.7438431000)
(-0.6682159000, -0.0081882510, 0.0102975100, 0.7438511000)
(-0.6682687000, -0.0080595040, 0.0102037000, 0.7438064000)
(-0.6682988000, -0.0081723210, 0.0103074100, 0.7437767000)
(-0.6681632000, -0.0082973550, 0.0103077700, 0.7438971000)
(-0.6681827000, -0.0081597710, 0.0103164300, 0.7438809000)
(-0.6682357000, -0.0082602490, 0.0102159300, 0.7438336000)
(-0.6682411000, -0.0081040050, 0.0103407100, 0.7438287000)
(-0.6682516000, -0.0081961580, 0.0102880300, 0.7438191000)
(-0.6681965000, -0.0080774870, 0.0102967500, 0.7438698000)
(-0.6683099000, -0.0082099090, 0.0103799100, 0.7437653000)
(-0.6683124000, -0.0081780270, 0.0101720000, 0.7437662000)
(-0.6682273000, -0.0082584000, 0.0102041400, 0.7438414000)
(-0.6683313000, -0.0082993690, 0.0101893900, 0.7437477000)
(-0.6682898000, -0.0082697710, 0.0101185300, 0.7437863000)
(-0.6684112000, -0.0082788570, 0.0102085200, 0.7436759000)
(-0.6683283000, -0.0082946230, 0.0102165400, 0.7437500000)
(-0.6683721000, -0.0082860760, 0.0101659000, 0.7437115000)
(-0.6684746000, -0.0083153830, 0.0102333000, 0.7436181000)
(-0.6684206000, -0.0083783190, 0.0100740400, 0.7436681000)
(-0.6683277000, -0.0082493570, 0.0101031100, 0.7437527000)
(-0.6683059000, -0.0081993910, 0.0101450000, 0.7437723000)
(-0.6683482000, -0.0083061200, 0.0101456700, 0.7437330000)
(-0.6682431000, -0.0082283540, 0.0101655000, 0.7438281000)
(-0.6684538000, -0.0083030280, 0.0101105700, 0.7436386000)
(-0.6683262000, -0.0082808630, 0.0100294400, 0.7437546000)
(-0.6683296000, -0.0083562550, 0.0101741200, 0.7437488000)
(-0.6683628000, -0.0082809100, 0.0100808500, 0.7437211000)
(-0.6683409000, -0.0083215180, 0.0102040900, 0.7437387000)
(-0.6683352000, -0.0083577870, 0.0101084900, 0.7437447000)
(-0.6684310000, -0.0083404840, 0.0101287800, 0.7436584000)
(-0.6683130000, -0.0082971340, 0.0102266300, 0.7437637000)
(-0.6684163000, -0.0083148040, 0.0101526200, 0.7436717000)
(-0.6683761000, -0.0083214890, 0.0100392300, 0.7437091000)
(-0.6683674000, -0.0083373770, 0.0100517000, 0.7437167000)
(-0.6683934000, -0.0082680330, 0.0101203500, 0.7436932000)
(-0.6683983000, -0.0082814940, 0.0102032300, 0.7436875000)
(-0.6682858000, -0.0082469940, 0.0101648300, 0.7437895000)
(-0.6682837000, -0.0083503400, 0.0101254000, 0.7437907000)
(-0.6684071000, -0.0084013390, 0.0102204400, 0.7436779000)
(-0.6683626000, -0.0085180440, 0.0100068900, 0.7437196000)
(-0.6684314000, -0.0082809870, 0.0099523370, 0.7436612000)
(-0.6681514000, -0.0083492140, 0.0099873250, 0.7439114000)
(-0.6682764000, -0.0084158730, 0.0100731600, 0.7437973000)
(-0.6680478000, -0.0084906470, 0.0100566800, 0.7440020000)
(-0.6682034000, -0.0084536000, 0.0102389800, 0.7438602000)
(-0.6681678000, -0.0085196230, 0.0100465000, 0.7438940000)
(-0.6682624000, -0.0084571740, 0.0101352900, 0.7438085000)
(-0.6682932000, -0.0083630430, 0.0099750310, 0.7437841000)
(-0.6681941000, -0.0085365830, 0.0101178500, 0.7438693000)
(-0.6681858000, -0.0085532020, 0.0100247700, 0.7438778000)
(-0.6681756000, -0.0083544360, 0.0101423700, 0.7438876000)
(-0.6680993000, -0.0084229810, 0.0100289100, 0.7439569000)
(-0.6683391000, -0.0084035650, 0.0101185100, 0.7437405000)
(-0.6681663000, -0.0085055070, 0.0100238000, 0.7438958000)
(-0.6682039000, -0.0084173480, 0.0100296200, 0.7438630000)
(-0.6682394000, -0.0083676390, 0.0100954400, 0.7438309000)
(-0.6681910000, -0.0084228210, 0.0101407400, 0.7438731000)
(-0.6682293000, -0.0085108460, 0.0101790100, 0.7438371000)
(-0.6681574000, -0.0083447000, 0.0099363760, 0.7439068000)
(-0.6682266000, -0.0084061590, 0.0100672300, 0.7438422000)
(-0.6681225000, -0.0083064750, 0.0100801200, 0.7439367000)
(-0.6681548000, -0.0083679220, 0.0099737060, 0.7439084000)
(-0.6681461000, -0.0083504650, 0.0100035200, 0.7439160000)
(-0.6681653000, -0.0082497600, 0.0100811200, 0.7438989000)
(-0.6681368000, -0.0083223530, 0.0099535690, 0.7439254000)
(-0.6681880000, -0.0082522040, 0.0099947760, 0.7438796000)
(-0.6681396000, -0.0082669980, 0.0100712100, 0.7439219000)
(-0.6680861000, -0.0082967110, 0.0099514140, 0.7439712000)
(-0.6681657000, -0.0082144780, 0.0098914650, 0.7439014000)
(-0.6679597000, -0.0082725970, 0.0098814130, 0.7440858000)
(-0.6680561000, -0.0081719210, 0.0099030970, 0.7440001000)
(-0.6679560000, -0.0081586130, 0.0098831440, 0.7440905000)
(-0.6680636000, -0.0081404830, 0.0098479670, 0.7439945000)
(-0.6680495000, -0.0083557890, 0.0099327450, 0.7440036000)
(-0.6680301000, -0.0081783350, 0.0098568910, 0.7440241000)
(-0.6680477000, -0.0081854610, 0.0098618220, 0.7440081000)
(-0.6680922000, -0.0081607910, 0.0099382070, 0.7439674000)
(-0.6681286000, -0.0082369450, 0.0099915500, 0.7439332000)
(-0.6682085000, -0.0081202690, 0.0098511360, 0.7438645000)
(-0.6680756000, -0.0082512630, 0.0099211090, 0.7439815000)
(-0.6682270000, -0.0082633220, 0.0099178920, 0.7438454000)
(-0.6681063000, -0.0081869800, 0.0101062400, 0.7439522000)
(-0.6680987000, -0.0082168570, 0.0098673250, 0.7439619000)
(-0.6680316000, -0.0082315220, 0.0098061160, 0.7440227000)
(-0.6680648000, -0.0081079730, 0.0099392410, 0.7439926000)
(-0.6680789000, -0.0082724000, 0.0097829350, 0.7439802000)
(-0.6679668000, -0.0082429080, 0.0100228200, 0.7440779000)
(-0.6681055000, -0.0082148990, 0.0098764800, 0.7439557000)
(-0.6681905000, -0.0083372740, 0.0098251980, 0.7438786000)
(-0.6680595000, -0.0081909220, 0.0098121550, 0.7439982000)
(-0.6682164000, -0.0082534640, 0.0097516890, 0.7438572000)
(-0.6681412000, -0.0082424610, 0.0098602650, 0.7439235000)
(-0.6682301000, -0.0082879630, 0.0099406910, 0.7438422000)
(-0.6681818000, -0.0081356700, 0.0100534800, 0.7438856000)
(-0.6681209000, -0.0081759700, 0.0099344660, 0.7439416000)
(-0.6682571000, -0.0081906750, 0.0099845410, 0.7438183000)
(-0.6681708000, -0.0083751000, 0.0100667300, 0.7438927000)
(-0.6680452000, -0.0081898860, 0.0101248400, 0.7440068000)
(-0.6681111000, -0.0082264190, 0.0099030900, 0.7439501000)
(-0.6681143000, -0.0082503840, 0.0100768600, 0.7439447000)
(-0.6681049000, -0.0081633300, 0.0101461700, 0.7439532000)
(-0.6680991000, -0.0081332390, 0.0100001400, 0.7439607000)
(-0.6681476000, -0.0082313210, 0.0101470900, 0.7439140000)
(-0.6681295000, -0.0081784910, 0.0101327000, 0.7439311000)
(-0.6681486000, -0.0083634170, 0.0102297400, 0.7439106000)
(-0.6681026000, -0.0082301570, 0.0100261500, 0.7439561000)
(-0.6682378000, -0.0081477250, 0.0101479300, 0.7438340000)
(-0.6681432000, -0.0081840860, 0.0100676300, 0.7439196000)
(-0.6680653000, -0.0081588880, 0.0101047200, 0.7439893000)
(-0.6680670000, -0.0080563440, 0.0101250700, 0.7439886000)
(-0.6681808000, -0.0082811610, 0.0099298890, 0.7438866000)
(-0.6680830000, -0.0082236030, 0.0099805850, 0.7439744000)
(-0.6680925000, -0.0082384880, 0.0100066100, 0.7439654000)
(-0.6681254000, -0.0082667540, 0.0100256100, 0.7439353000)
(-0.6680956000, -0.0082069500, 0.0100046600, 0.7439629000)
(-0.6680973000, -0.0082296000, 0.0099487950, 0.7439619000)
(-0.6680824000, -0.0081361820, 0.0099879460, 0.7439758000)
(-0.6681045000, -0.0080965940, 0.0100291400, 0.7439558000)
(-0.6682133000, -0.0080831070, 0.0100458000, 0.7438580000)
(-0.6681423000, -0.0081220730, 0.0100425400, 0.7439215000)
(-0.6681248000, -0.0081045510, 0.0101308900, 0.7439361000)
(-0.6680908000, -0.0080873010, 0.0100227700, 0.7439684000)
(-0.6681036000, -0.0080966800, 0.0099231150, 0.7439581000)
(-0.6681444000, -0.0080778190, 0.0100521800, 0.7439198000)
(-0.6681380000, -0.0081199470, 0.0100351400, 0.7439255000)
(-0.6681119000, -0.0081287660, 0.0099752550, 0.7439496000)
(-0.6680328000, -0.0081221460, 0.0099189800, 0.7440214000)
(-0.6679223000, -0.0080109810, 0.0099775280, 0.7441211000)
(-0.6679181000, -0.0080704350, 0.0101025800, 0.7441224000)
(-0.6679269000, -0.0081490990, 0.0100444700, 0.7441145000)
(-0.6679580000, -0.0079666160, 0.0099967370, 0.7440892000)
(-0.6679791000, -0.0080923930, 0.0101381000, 0.7440670000)
(-0.6679660000, -0.0081557860, 0.0099577690, 0.7440805000)
(-0.6679930000, -0.0081027940, 0.0100448100, 0.7440556000)
(-0.6680250000, -0.0080505810, 0.0101313900, 0.7440263000)
(-0.6680994000, -0.0079838880, 0.0099548280, 0.7439626000)
(-0.6680366000, -0.0079909790, 0.0100309600, 0.7440179000)
(-0.6680896000, -0.0080114690, 0.0100789200, 0.7439695000)
(-0.6681342000, -0.0080979770, 0.0101040600, 0.7439282000)
(-0.6680905000, -0.0080031770, 0.0099891070, 0.7439700000)
(-0.6679541000, -0.0081055070, 0.0099990850, 0.7440911000)
(-0.6680325000, -0.0079197110, 0.0099387760, 0.7440236000)
(-0.6679709000, -0.0080801760, 0.0101829700, 0.7440739000)
(-0.6680890000, -0.0079656770, 0.0101257000, 0.7439699000)
(-0.6679945000, -0.0081718280, 0.0100410000, 0.7440536000)
(-0.6680097000, -0.0079106750, 0.0099864220, 0.7440436000)
(-0.6680229000, -0.0080494550, 0.0099801840, 0.7440303000)
(-0.6679633000, -0.0079957920, 0.0100371300, 0.7440836000)
(-0.6679831000, -0.0079279170, 0.0098798890, 0.7440686000)
(-0.6680257000, -0.0080242820, 0.0101347500, 0.7440259000)
(-0.6681013000, -0.0080106380, 0.0100112200, 0.7439599000)
(-0.6680348000, -0.0078986720, 0.0101191900, 0.7440193000)
(-0.6681187000, -0.0080189220, 0.0101745200, 0.7439420000)
(-0.6680439000, -0.0079813800, 0.0100591500, 0.7440111000)
(-0.6679983000, -0.0080890430, 0.0100843500, 0.7440506000)
(-0.6680507000, -0.0079484060, 0.0100399100, 0.7440056000)
(-0.6680642000, -0.0081036500, 0.0101141400, 0.7439908000)
(-0.6680431000, -0.0079774700, 0.0101711900, 0.7440103000)
(-0.6681468000, -0.0079679900, 0.0100909300, 0.7439184000)
(-0.6680810000, -0.0079248900, 0.0102387600, 0.7439759000)
(-0.6681426000, -0.0080387270, 0.0101647400, 0.7439204000)
(-0.6681024000, -0.0079770480, 0.0101681600, 0.7439571000)
(-0.6680260000, -0.0080074350, 0.0101321700, 0.7440259000)
(-0.6681402000, -0.0080561700, 0.0101711500, 0.7439224000)
(-0.6680695000, -0.0079177350, 0.0100878500, 0.7439885000)
(-0.6680133000, -0.0079144700, 0.0101774700, 0.7440376000)
(-0.6678663000, -0.0079989150, 0.0101465100, 0.7441691000)
(-0.6680446000, -0.0080170710, 0.0101246200, 0.7440091000)
(-0.6680681000, -0.0079575800, 0.0102152000, 0.7439876000)
(-0.6680464000, -0.0080309700, 0.0102226000, 0.7440061000)
(-0.6679944000, -0.0080480080, 0.0101821400, 0.7440531000)
(-0.6680344000, -0.0079229440, 0.0101461100, 0.7440190000)
(-0.6680749000, -0.0079692370, 0.0101421900, 0.7439823000)
(-0.6681783000, -0.0079642130, 0.0100754500, 0.7438903000)
(-0.6680116000, -0.0081852440, 0.0102452300, 0.7440353000)
(-0.6680601000, -0.0079421790, 0.0101565000, 0.7439957000)
(-0.6682723000, -0.0081258490, 0.0102678000, 0.7438016000)
(-0.6681437000, -0.0079934240, 0.0101791800, 0.7439197000)
(-0.6681096000, -0.0079671510, 0.0102992100, 0.7439490000)
(-0.6680868000, -0.0079860870, 0.0102661700, 0.7439697000)
(-0.6680935000, -0.0080436100, 0.0102281000, 0.7439635000)
(-0.6681018000, -0.0080106860, 0.0102835000, 0.7439557000)
(-0.6680992000, -0.0079058290, 0.0102480200, 0.7439597000)
(-0.6681072000, -0.0079679170, 0.0101112500, 0.7439536000)
(-0.6680343000, -0.0080539650, 0.0102170100, 0.7440168000)
(-0.6679537000, -0.0081424640, 0.0102477800, 0.7440878000)
(-0.6680630000, -0.0079926580, 0.0102763400, 0.7439908000)
(-0.6679665000, -0.0078920290, 0.0102208600, 0.7440793000)
(-0.6680538000, -0.0079698870, 0.0102264800, 0.7440000000)
(-0.6680930000, -0.0079203960, 0.0102052200, 0.7439657000)
(-0.6681032000, -0.0080963520, 0.0101153900, 0.7439558000)
(-0.6680602000, -0.0080847290, 0.0102465500, 0.7439929000)
(-0.6681103000, -0.0079189890, 0.0101916000, 0.7439503000)
(-0.6681457000, -0.0079645880, 0.0101431900, 0.7439187000)
(-0.6682448000, -0.0080963080, 0.0102229400, 0.7438272000)
(-0.6680577000, -0.0080749880, 0.0101620100, 0.7439963000)
(-0.6682197000, -0.0080468900, 0.0103238500, 0.7438489000)
(-0.6681238000, -0.0079708870, 0.0101339200, 0.7439384000)
(-0.6682633000, -0.0078811650, 0.0103087700, 0.7438116000)
(-0.6682384000, -0.0079222750, 0.0100600800, 0.7438371000)
(-0.6682110000, -0.0081078390, 0.0101378200, 0.7438586000)
(-0.6680996000, -0.0079459750, 0.0102363400, 0.7439590000)
(-0.6680863000, -0.0079282380, 0.0101078900, 0.7439730000)
(-0.6681156000, -0.0080111790, 0.0101473500, 0.7439452000)
(-0.6681768000, -0.0079098390, 0.0102332500, 0.7438901000)
(-0.6682345000, -0.0081366860, 0.0102466000, 0.7438357000)
(-0.6681083000, -0.0079151340, 0.0102138500, 0.7439519000)
(-0.6681741000, -0.0081105180, 0.0102078500, 0.7438907000)
(-0.6681443000, -0.0081280570, 0.0102077100, 0.7439173000)
(-0.6681420000, -0.0081229320, 0.0103215700, 0.7439178000)
(-0.6681996000, -0.0081833350, 0.0103939300, 0.7438645000)
(-0.6682787000, -0.0079985520, 0.0101652300, 0.7437986000)
(-0.6682582000, -0.0080764700, 0.0103424900, 0.7438137000)
(-0.6683060000, -0.0081325970, 0.0102979600, 0.7437708000)
(-0.6682797000, -0.0080932010, 0.0102398800, 0.7437956000)
(-0.6682910000, -0.0081267660, 0.0102139100, 0.7437854000)
(-0.6682795000, -0.0080102400, 0.0103029600, 0.7437959000)
(-0.6683079000, -0.0080087910, 0.0102910300, 0.7437705000)
(-0.6682071000, -0.0080299540, 0.0103550600, 0.7438599000)
(-0.6683208000, -0.0081858660, 0.0103267400, 0.7437565000)
(-0.6682705000, -0.0081019330, 0.0103367700, 0.7438024000)
(-0.6682686000, -0.0082202380, 0.0103453600, 0.7438028000)
(-0.6682880000, -0.0081484690, 0.0105563600, 0.7437832000)
(-0.6681870000, -0.0080257750, 0.0103522800, 0.7438781000)
(-0.6682588000, -0.0080576230, 0.0103325900, 0.7438135000)
(-0.6682981000, -0.0081425190, 0.0103760600, 0.7437766000)
(-0.6682435000, -0.0081553220, 0.0104043100, 0.7438253000)
(-0.6682291000, -0.0081060480, 0.0103914300, 0.7438389000)
(-0.6682871000, -0.0081545990, 0.0104821800, 0.7437849000)
(-0.6682199000, -0.0080088200, 0.0103838200, 0.7438483000)
(-0.6682763000, -0.0081484630, 0.0104355900, 0.7437954000)
(-0.6681884000, -0.0080581100, 0.0104379000, 0.7438753000)
(-0.6683313000, -0.0081027240, 0.0103607200, 0.7437475000)
(-0.6682755000, -0.0081931740, 0.0103910800, 0.7437962000)
(-0.6682312000, -0.0081334730, 0.0103952700, 0.7438365000)
(-0.6682262000, -0.0080798930, 0.0104156000, 0.7438414000)
(-0.6682521000, -0.0081002360, 0.0103795500, 0.7438183000)
(-0.6683300000, -0.0080497630, 0.0102048100, 0.7437513000)
(-0.6683476000, -0.0080197130, 0.0103392500, 0.7437341000)
(-0.6682600000, -0.0081141510, 0.0104690400, 0.7438099000)
(-0.6681988000, -0.0079698450, 0.0102741300, 0.7438692000)
(-0.6682450000, -0.0080335040, 0.0105630700, 0.7438230000)
(-0.6681582000, -0.0080947150, 0.0104825300, 0.7439014000)
(-0.6680461000, -0.0078544500, 0.0104632100, 0.7440049000)
(-0.6680508000, -0.0080741070, 0.0102817500, 0.7440009000)
(-0.6680515000, -0.0079146200, 0.0105066500, 0.7439988000)
(-0.6681196000, -0.0080334110, 0.0104596200, 0.7439371000)
(-0.6681637000, -0.0080223770, 0.0105514000, 0.7438963000)
(-0.6681606000, -0.0081276230, 0.0104371500, 0.7438995000)
(-0.6682317000, -0.0080381980, 0.0104893700, 0.7438359000)
(-0.6681701000, -0.0079448400, 0.0102370900, 0.7438958000)
(-0.6681420000, -0.0080937680, 0.0105170700, 0.7439155000)
(-0.6682774000, -0.0080562970, 0.0103732300, 0.7437962000)
(-0.6682507000, -0.0081685950, 0.0102736400, 0.7438204000)
(-0.6683165000, -0.0081611140, 0.0103460300, 0.7437603000)
(-0.6682308000, -0.0081457330, 0.0103391900, 0.7438375000)
(-0.6681153000, -0.0079609320, 0.0103151200, 0.7439437000)
(-0.6681697000, -0.0081735580, 0.0103659900, 0.7438918000)
(-0.6681639000, -0.0082183600, 0.0103000300, 0.7438975000)
(-0.6682555000, -0.0081725030, 0.0102352100, 0.7438166000)
(-0.6681235000, -0.0082849500, 0.0101522000, 0.7439350000)
(-0.6682349000, -0.0082341480, 0.0101099800, 0.7438361000)
(-0.6680817000, -0.0081766710, 0.0103793800, 0.7439706000)
(-0.6682410000, -0.0082543030, 0.0101632000, 0.7438297000)
(-0.6681411000, -0.0081954230, 0.0102563400, 0.7439188000)
(-0.6680785000, -0.0081759800, 0.0102041200, 0.7439760000)
(-0.6681980000, -0.0082567230, 0.0101804500, 0.7438680000)
(-0.6681923000, -0.0083067550, 0.0103050500, 0.7438709000)
(-0.6681240000, -0.0082968560, 0.0101626000, 0.7439343000)
(-0.6681840000, -0.0082025060, 0.0102541900, 0.7438802000)
(-0.6682522000, -0.0081916790, 0.0102517100, 0.7438191000)
(-0.6682090000, -0.0081502260, 0.0102405700, 0.7438585000)
(-0.6681271000, -0.0081920710, 0.0101878200, 0.7439324000)
(-0.6682608000, -0.0083182190, 0.0103336100, 0.7438088000)
(-0.6682395000, -0.0081692900, 0.0101833300, 0.7438316000)
(-0.6681925000, -0.0082383950, 0.0103099000, 0.7438714000)
(-0.6680995000, -0.0081672250, 0.0102503400, 0.7439566000)
(-0.6682107000, -0.0080358920, 0.0102245100, 0.7438584000)
(-0.6682668000, -0.0082112530, 0.0101425400, 0.7438073000)
(-0.6682369000, -0.0082241250, 0.0102070200, 0.7438331000)
(-0.6682490000, -0.0082792610, 0.0102260100, 0.7438214000)
(-0.6681371000, -0.0082010520, 0.0100770700, 0.7439248000)
(-0.6681059000, -0.0082420840, 0.0100510700, 0.7439526000)
(-0.6681623000, -0.0081984150, 0.0102013900, 0.7439005000)
(-0.6682323000, -0.0081862320, 0.0100573600, 0.7438397000)
(-0.6681640000, -0.0080528430, 0.0100769100, 0.7439022000)
(-0.6681190000, -0.0080463780, 0.0101843400, 0.7439412000)
(-0.6680924000, -0.0081592480, 0.0100263400, 0.7439660000)
(-0.6681929000, -0.0082243900, 0.0100573900, 0.7438747000)
(-0.6681745000, -0.0081815750, 0.0101374200, 0.7438906000)
(-0.6681699000, -0.0080929480, 0.0101366600, 0.7438957000)
(-0.6681989000, -0.0082386060, 0.0101997900, 0.7438671000)
(-0.6681223000, -0.0080406810, 0.0101362000, 0.7439390000)
(-0.6681510000, -0.0081951930, 0.0100360100, 0.7439129000)
(-0.6681604000, -0.0081995750, 0.0102646800, 0.7439013000)
(-0.6679822000, -0.0081850770, 0.0101268800, 0.7440634000)
(-0.6680672000, -0.0081629010, 0.0103105800, 0.7439848000)
(-0.6679201000, -0.0079834390, 0.0101852400, 0.7441205000)
(-0.6679757000, -0.0082074960, 0.0101550900, 0.7440685000)
(-0.6680167000, -0.0081609090, 0.0102646300, 0.7440308000)
(-0.6680660000, -0.0082065640, 0.0102006400, 0.7439869000)
(-0.6680278000, -0.0081269510, 0.0103107000, 0.7440206000)
(-0.6679454000, -0.0081735230, 0.0102602200, 0.7440947000)
(-0.6679996000, -0.0082334550, 0.0101297400, 0.7440472000)
(-0.6681070000, -0.0082812760, 0.0103073200, 0.7439477000)
(-0.6680798000, -0.0081532190, 0.0101741000, 0.7439755000)
(-0.6679459000, -0.0081099410, 0.0102472700, 0.7440952000)
(-0.6681430000, -0.0081109480, 0.0100486600, 0.7439208000)
(-0.6680679000, -0.0081785370, 0.0101671400, 0.7439860000)
(-0.6681024000, -0.0080460260, 0.0102544500, 0.7439552000)
(-0.6681390000, -0.0082561490, 0.0100842000, 0.7439224000)
(-0.6680862000, -0.0081715430, 0.0100943200, 0.7439706000)
(-0.6680644000, -0.0082987110, 0.0101742800, 0.7439877000)
(-0.6680315000, -0.0082600530, 0.0101303900, 0.7440183000)
(-0.6680860000, -0.0082132020, 0.0101279000, 0.7439699000)
(-0.6681760000, -0.0081876480, 0.0101418100, 0.7438891000)
(-0.6681277000, -0.0082172600, 0.0101834900, 0.7439315000)
(-0.6679558000, -0.0081420040, 0.0101135000, 0.7440878000)
(-0.6679835000, -0.0081362350, 0.0100543600, 0.7440637000)
(-0.6680234000, -0.0083386330, 0.0099777000, 0.7440267000)
(-0.6680349000, -0.0082036190, 0.0101576300, 0.7440155000)
(-0.6680989000, -0.0083800820, 0.0100821000, 0.7439570000)
(-0.6679326000, -0.0081751690, 0.0100459200, 0.7441091000)
(-0.6680459000, -0.0082254420, 0.0100892300, 0.7440062000)
(-0.6680834000, -0.0080603170, 0.0100051000, 0.7439755000)
(-0.6681683000, -0.0081956800, 0.0099999830, 0.7438978000)
(-0.6681725000, -0.0082635200, 0.0099428000, 0.7438942000)
(-0.6681334000, -0.0081882870, 0.0099739560, 0.7439296000)
(-0.6681743000, -0.0083320900, 0.0099512680, 0.7438917000)
(-0.6681857000, -0.0082384420, 0.0100667100, 0.7438808000)
(-0.6681697000, -0.0082685980, 0.0099960210, 0.7438958000)
(-0.6681897000, -0.0082212920, 0.0100636000, 0.7438775000)
(-0.6682051000, -0.0083083850, 0.0101276300, 0.7438618000)
(-0.6681539000, -0.0083724000, 0.0100974100, 0.7439075000)
(-0.6682717000, -0.0083560860, 0.0100265800, 0.7438028000)
(-0.6682333000, -0.0082392510, 0.0101003500, 0.7438376000)
(-0.6682469000, -0.0082583460, 0.0100552300, 0.7438258000)
(-0.6682423000, -0.0082006870, 0.0099907810, 0.7438315000)
(-0.6680967000, -0.0083578640, 0.0101066600, 0.7439590000)
(-0.6682097000, -0.0082798690, 0.0100058700, 0.7438596000)
(-0.6681258000, -0.0082526580, 0.0100544600, 0.7439346000)
(-0.6682375000, -0.0082196430, 0.0102450500, 0.7438321000)
(-0.6681808000, -0.0081895580, 0.0100157600, 0.7438865000)
(-0.6680834000, -0.0082124200, 0.0100913500, 0.7439727000)
(-0.6681025000, -0.0082603930, 0.0100063600, 0.7439561000)
(-0.6682582000, -0.0082364050, 0.0099847790, 0.7438168000)
(-0.6682258000, -0.0083913170, 0.0098928410, 0.7438455000)
(-0.6680861000, -0.0082255150, 0.0099401320, 0.7439722000)
(-0.6682245000, -0.0083516340, 0.0098609630, 0.7438475000)
(-0.6680724000, -0.0081720260, 0.0100036700, 0.7439842000)
(-0.6681722000, -0.0082034510, 0.0100005200, 0.7438943000)
(-0.6680893000, -0.0082080120, 0.0100189600, 0.7439684000)
(-0.6681772000, -0.0082188560, 0.0100363700, 0.7438891000)
(-0.6679849000, -0.0081524350, 0.0099701450, 0.7440634000)
(-0.6680669000, -0.0083148520, 0.0101951900, 0.7439849000)
(-0.6680148000, -0.0080959590, 0.0099716410, 0.7440372000)
(-0.6680147000, -0.0081233030, 0.0100764800, 0.7440355000)
(-0.6679568000, -0.0081253150, 0.0100979800, 0.7440872000)
(-0.6680304000, -0.0082110790, 0.0099979130, 0.7440215000)
(-0.6680603000, -0.0081582980, 0.0101974700, 0.7439926000)
(-0.6681000000, -0.0081726290, 0.0099840600, 0.7439597000)
(-0.6681243000, -0.0081510120, 0.0101797000, 0.7439355000)
(-0.6681607000, -0.0082305190, 0.0101249700, 0.7439026000)
(-0.6682363000, -0.0080910350, 0.0100650900, 0.7438371000)
(-0.6681995000, -0.0082162230, 0.0101673000, 0.7438673000)
(-0.6681985000, -0.0081654710, 0.0101466200, 0.7438691000)
(-0.6682377000, -0.0082062050, 0.0099931620, 0.7438354000)
(-0.6681371000, -0.0081225920, 0.0100647500, 0.7439258000)
(-0.6681631000, -0.0082984370, 0.0101477500, 0.7438993000)
(-0.6680855000, -0.0081185740, 0.0100343000, 0.7439726000)
(-0.6682009000, -0.0082643070, 0.0100229800, 0.7438675000)
(-0.6681684000, -0.0084228630, 0.0100219900, 0.7438949000)
(-0.6682206000, -0.0082781770, 0.0100914800, 0.7438488000)
(-0.6682355000, -0.0082812030, 0.0100167200, 0.7438363000)
(-0.6681880000, -0.0082094380, 0.0101932200, 0.7438774000)
(-0.6682474000, -0.0082911450, 0.0100879900, 0.7438245000)
(-0.6681828000, -0.0081527570, 0.0100980600, 0.7438840000)
(-0.6682386000, -0.0083323840, 0.0100418000, 0.7438326000)
(-0.6681458000, -0.0081837310, 0.0100152400, 0.7439179000)
(-0.6681382000, -0.0082713210, 0.0100531600, 0.7439233000)
(-0.6682216000, -0.0082422150, 0.0100833200, 0.7438484000)
(-0.6683270000, -0.0083190870, 0.0100471900, 0.7437532000)
(-0.6682444000, -0.0082359160, 0.0100355600, 0.7438285000)
(-0.6681472000, -0.0081754900, 0.0101319200, 0.7439153000)
(-0.6681682000, -0.0080898210, 0.0102214400, 0.7438961000)
(-0.6683817000, -0.0081860670, 0.0101223600, 0.7437046000)
(-0.6682205000, -0.0081064460, 0.0102287900, 0.7438489000)
(-0.6683655000, -0.0082835200, 0.0101725000, 0.7437174000)
(-0.6683102000, -0.0081982540, 0.0099746900, 0.7437707000)
(-0.6683763000, -0.0082528620, 0.0102066400, 0.7437075000)
(-0.6681736000, -0.0082536310, 0.0100807300, 0.7438913000)
(-0.6682597000, -0.0081618630, 0.0100561400, 0.7438154000)
(-0.6681992000, -0.0081766440, 0.0102593900, 0.7438668000)
(-0.6681512000, -0.0080667920, 0.0101976600, 0.7439119000)
(-0.6681201000, -0.0081667840, 0.0102011900, 0.7439387000)
(-0.6682360000, -0.0080432750, 0.0101196800, 0.7438371000)
(-0.6681426000, -0.0080404330, 0.0100553800, 0.7439219000)
(-0.6681286000, -0.0080562200, 0.0102550800, 0.7439317000)
(-0.6682891000, -0.0081365680, 0.0102714000, 0.7437862000)
(-0.6681130000, -0.0080910670, 0.0102632300, 0.7439451000)
(-0.6682634000, -0.0080894730, 0.0102916300, 0.7438096000)
(-0.6682957000, -0.0081561560, 0.0102569300, 0.7437803000)
(-0.6682447000, -0.0082108830, 0.0102723400, 0.7438254000)
(-0.6683262000, -0.0081165060, 0.0102472900, 0.7437536000)
(-0.6682608000, -0.0080695270, 0.0102865700, 0.7438123000)
(-0.6682790000, -0.0080471770, 0.0100575400, 0.7437993000)
(-0.6681626000, -0.0081383430, 0.0101442900, 0.7439017000)
(-0.6680963000, -0.0081345950, 0.0100358900, 0.7439627000)
(-0.6682464000, -0.0081709540, 0.0102138600, 0.7438251000)
(-0.6681487000, -0.0081990580, 0.0101159800, 0.7439138000)
(-0.6682993000, -0.0082008340, 0.0101187800, 0.7437785000)
(-0.6682960000, -0.0081096670, 0.0103396700, 0.7437795000)
(-0.6682397000, -0.0081983630, 0.0102515200, 0.7438303000)
(-0.6682249000, -0.0082469290, 0.0102686100, 0.7438428000)
(-0.6682357000, -0.0083424280, 0.0102953900, 0.7438316000)
(-0.6681340000, -0.0082259920, 0.0103043400, 0.7439241000)
(-0.6683220000, -0.0082941490, 0.0102498800, 0.7437553000)
(-0.6682617000, -0.0084122220, 0.0104238000, 0.7438058000)
(-0.6682671000, -0.0084367790, 0.0103242200, 0.7438020000)
(-0.6683286000, -0.0084105950, 0.0103107900, 0.7437472000)
(-0.6682851000, -0.0083246580, 0.0103081400, 0.7437873000)
(-0.6681561000, -0.0084746290, 0.0102693900, 0.7439019000)
(-0.6682168000, -0.0085428300, 0.0103045100, 0.7438463000)
(-0.6681318000, -0.0083702190, 0.0102877700, 0.7439248000)
(-0.6681223000, -0.0084088670, 0.0103717400, 0.7439317000)
(-0.6682912000, -0.0084097730, 0.0101659400, 0.7437829000)
(-0.6682366000, -0.0085500580, 0.0103475300, 0.7438278000)
(-0.6682847000, -0.0084304090, 0.0101802500, 0.7437882000)
(-0.6683521000, -0.0085536080, 0.0104139500, 0.7437230000)
(-0.6684889000, -0.0083891340, 0.0103173800, 0.7436033000)
(-0.6684923000, -0.0085934780, 0.0103106400, 0.7435979000)
(-0.6683584000, -0.0083976700, 0.0102333900, 0.7437216000)
(-0.6683061000, -0.0083877420, 0.0103740800, 0.7437668000)
(-0.6684781000, -0.0084871170, 0.0102944900, 0.7436122000)
(-0.6683432000, -0.0084170780, 0.0103404800, 0.7437336000)
(-0.6683043000, -0.0084285880, 0.0103967700, 0.7437676000)
(-0.6682998000, -0.0082974500, 0.0103032700, 0.7437745000)
(-0.6682580000, -0.0084072320, 0.0103879200, 0.7438096000)
(-0.6681579000, -0.0083748990, 0.0102991800, 0.7439011000)
(-0.6680686000, -0.0084651190, 0.0102641600, 0.7439807000)
(-0.6682062000, -0.0084072980, 0.0102351500, 0.7438582000)
(-0.6681566000, -0.0083885070, 0.0103004800, 0.7439021000)
(-0.6681367000, -0.0083198840, 0.0103823000, 0.7439196000)
(-0.6680979000, -0.0084081540, 0.0103164900, 0.7439544000)
(-0.6680697000, -0.0084423550, 0.0102781100, 0.7439799000)
(-0.6683360000, -0.0084830940, 0.0103726800, 0.7437389000)
(-0.6682587000, -0.0083579380, 0.0103598900, 0.7438099000)
(-0.6683366000, -0.0084304530, 0.0103213700, 0.7437396000)
(-0.6682972000, -0.0084169950, 0.0103146800, 0.7437752000)
(-0.6684037000, -0.0084353850, 0.0103532100, 0.7436788000)
(-0.6683717000, -0.0084707230, 0.0102996600, 0.7437079000)
(-0.6681970000, -0.0084753940, 0.0104377900, 0.7438630000)
(-0.6681996000, -0.0084918360, 0.0103258800, 0.7438620000)
(-0.6682482000, -0.0083604370, 0.0102627100, 0.7438207000)
(-0.6683499000, -0.0084479250, 0.0103222500, 0.7437275000)
(-0.6683055000, -0.0085249410, 0.0101585200, 0.7437687000)
(-0.6683535000, -0.0083929540, 0.0102339200, 0.7437261000)
(-0.6682974000, -0.0084531450, 0.0101728000, 0.7437766000)
(-0.6682379000, -0.0084537320, 0.0102044100, 0.7438297000)
(-0.6682517000, -0.0084269530, 0.0102412500, 0.7438170000)
(-0.6682946000, -0.0086474970, 0.0101144000, 0.7437777000)
(-0.6683389000, -0.0086570550, 0.0102722000, 0.7437356000)
(-0.6684058000, -0.0085459850, 0.0102335900, 0.7436774000)
(-0.6682783000, -0.0085412990, 0.0100633600, 0.7437943000)
(-0.6682571000, -0.0086582550, 0.0101836100, 0.7438103000)
(-0.6682636000, -0.0086754370, 0.0101999700, 0.7438041000)
(-0.6684300000, -0.0086313050, 0.0101900900, 0.7436552000)
(-0.6683562000, -0.0086718710, 0.0102261400, 0.7437205000)
(-0.6682707000, -0.0086242410, 0.0101705700, 0.7437987000)
(-0.6681997000, -0.0086775010, 0.0100018300, 0.7438642000)
(-0.6683515000, -0.0087441780, 0.0102054400, 0.7437242000)
(-0.6684156000, -0.0087024360, 0.0100968700, 0.7436686000)
(-0.6683401000, -0.0086601890, 0.0100863900, 0.7437370000)
(-0.6683850000, -0.0087502490, 0.0100677500, 0.7436959000)
(-0.6682900000, -0.0086854390, 0.0101200200, 0.7437814000)
(-0.6682961000, -0.0085512840, 0.0099958140, 0.7437791000)
(-0.6682937000, -0.0085860040, 0.0100625000, 0.7437800000)
(-0.6684015000, -0.0086576480, 0.0101374900, 0.7436812000)
(-0.6683116000, -0.0086844300, 0.0099959810, 0.7437636000)
(-0.6682391000, -0.0086456790, 0.0101594200, 0.7438270000)
(-0.6682770000, -0.0085691870, 0.0100676300, 0.7437951000)
(-0.6682535000, -0.0086439260, 0.0101101400, 0.7438148000)
(-0.6683494000, -0.0086879790, 0.0100735200, 0.7437286000)
(-0.6681692000, -0.0086175160, 0.0099893310, 0.7438924000)
(-0.6682246000, -0.0085742150, 0.0101753500, 0.7438406000)
(-0.6682415000, -0.0085346920, 0.0100759700, 0.7438272000)
(-0.6681846000, -0.0086875420, 0.0101604800, 0.7438755000)
(-0.6682513000, -0.0086508930, 0.0102038100, 0.7438153000)
(-0.6682706000, -0.0086437860, 0.0102293700, 0.7437977000)
(-0.6682659000, -0.0086258690, 0.0101851000, 0.7438028000)
(-0.6682091000, -0.0086140350, 0.0102165300, 0.7438535000)
(-0.6682768000, -0.0087141290, 0.0101080900, 0.7437930000)
(-0.6682758000, -0.0085088770, 0.0101128500, 0.7437962000)
(-0.6682315000, -0.0086454220, 0.0102161100, 0.7438331000)
(-0.6682544000, -0.0086413060, 0.0101678500, 0.7438132000)
(-0.6682107000, -0.0085896590, 0.0100932000, 0.7438540000)
(-0.6683648000, -0.0086793680, 0.0100932300, 0.7437146000)
(-0.6682582000, -0.0086962390, 0.0101094600, 0.7438099000)
(-0.6682989000, -0.0085599110, 0.0102566100, 0.7437729000)
(-0.6681232000, -0.0086079270, 0.0101389500, 0.7439319000)
(-0.6681947000, -0.0086778860, 0.0101324200, 0.7438669000)
(-0.6682599000, -0.0085680250, 0.0102057800, 0.7438086000)
(-0.6681743000, -0.0086733300, 0.0101827800, 0.7438845000)
(-0.6683440000, -0.0086649870, 0.0100683600, 0.7437337000)
(-0.6682920000, -0.0087361600, 0.0101448700, 0.7437786000)
(-0.6683335000, -0.0086760190, 0.0101364500, 0.7437421000)
(-0.6682228000, -0.0085652550, 0.0102505700, 0.7438412000)
(-0.6680968000, -0.0086030340, 0.0100887400, 0.7439563000)
(-0.6682193000, -0.0085340000, 0.0100999500, 0.7438468000)
(-0.6682757000, -0.0085719930, 0.0101659100, 0.7437949000)
(-0.6682372000, -0.0085464990, 0.0100548100, 0.7438312000)
(-0.6682386000, -0.0086651470, 0.0101235900, 0.7438278000)
(-0.6682582000, -0.0086281240, 0.0101877500, 0.7438096000)
(-0.6680807000, -0.0087372330, 0.0103176200, 0.7439660000)
(-0.6681802000, -0.0086257250, 0.0101011500, 0.7438809000)
(-0.6682374000, -0.0086734860, 0.0102117900, 0.7438274000)
(-0.6683182000, -0.0085485650, 0.0102491700, 0.7437558000)
(-0.6683454000, -0.0087155450, 0.0102603100, 0.7437293000)
(-0.6682504000, -0.0086762420, 0.0102919000, 0.7438146000)
(-0.6682587000, -0.0087552500, 0.0102022400, 0.7438075000)
(-0.6682962000, -0.0086998950, 0.0102014500, 0.7437745000)
(-0.6683400000, -0.0087375600, 0.0101283100, 0.7437357000)
(-0.6683490000, -0.0086331220, 0.0101235000, 0.7437289000)
(-0.6682067000, -0.0085296780, 0.0101412900, 0.7438577000)
(-0.6683264000, -0.0086593470, 0.0102327800, 0.7437474000)
(-0.6681235000, -0.0085470430, 0.0101620300, 0.7439319000)
(-0.6680753000, -0.0086922390, 0.0102540100, 0.7439723000)
(-0.6681574000, -0.0085965820, 0.0100715100, 0.7439021000)
(-0.6681698000, -0.0084874930, 0.0100823100, 0.7438921000)
(-0.6681033000, -0.0084487810, 0.0101042300, 0.7439520000)
(-0.6680301000, -0.0086118440, 0.0100826800, 0.7440161000)
(-0.6680260000, -0.0085186750, 0.0101878400, 0.7440194000)
(-0.6681153000, -0.0085867460, 0.0101807100, 0.7439386000)
(-0.6681045000, -0.0085216480, 0.0101035200, 0.7439501000)
(-0.6682668000, -0.0083986980, 0.0100513200, 0.7438064000)
(-0.6682672000, -0.0084891350, 0.0100478100, 0.7438051000)
(-0.6681138000, -0.0084754410, 0.0100503400, 0.7439430000)
(-0.6683965000, -0.0085984050, 0.0100905000, 0.7436870000)
(-0.6683791000, -0.0085364240, 0.0100582500, 0.7437038000)
(-0.6682396000, -0.0086032390, 0.0102105800, 0.7438263000)
(-0.6682774000, -0.0085263990, 0.0100315500, 0.7437957000)
(-0.6682914000, -0.0084714640, 0.0100305800, 0.7437838000)
(-0.6683279000, -0.0086518410, 0.0101365400, 0.7437475000)
(-0.6682456000, -0.0084854460, 0.0100141900, 0.7438250000)
(-0.6681119000, -0.0085403430, 0.0100948600, 0.7439433000)
(-0.6682456000, -0.0085955920, 0.0100725000, 0.7438229000)
(-0.6683015000, -0.0085598330, 0.0100605700, 0.7437732000)
(-0.6682881000, -0.0084972510, 0.0099586330, 0.7437874000)
(-0.6681703000, -0.0084580640, 0.0100215800, 0.7438928000)
(-0.6681848000, -0.0084789660, 0.0099668710, 0.7438804000)
(-0.6680592000, -0.0084021520, 0.0100335100, 0.7439930000)
(-0.6681796000, -0.0084819100, 0.0101695400, 0.7438821000)
(-0.6682611000, -0.0085319030, 0.0102086400, 0.7438079000)
(-0.6682452000, -0.0085437310, 0.0100294700, 0.7438244000)
(-0.6681779000, -0.0085527820, 0.0101161700, 0.7438836000)
(-0.6681190000, -0.0083477830, 0.0101317400, 0.7439387000)
(-0.6680962000, -0.0083656680, 0.0100824500, 0.7439596000)
(-0.6681525000, -0.0083592860, 0.0100178700, 0.7439100000)
(-0.6682335000, -0.0084030650, 0.0101831700, 0.7438345000)
(-0.6680604000, -0.0084792570, 0.0100220100, 0.7439914000)
(-0.6682150000, -0.0084307720, 0.0101157100, 0.7438517000)
(-0.6681257000, -0.0085002540, 0.0101864300, 0.7439302000)
(-0.6682355000, -0.0084503930, 0.0101049500, 0.7438332000)
(-0.6681699000, -0.0084903740, 0.0102199600, 0.7438900000)
(-0.6681194000, -0.0085244000, 0.0101289900, 0.7439364000)
(-0.6680964000, -0.0085003600, 0.0100552500, 0.7439582000)
(-0.6680784000, -0.0084276600, 0.0100205000, 0.7439758000)
(-0.6681739000, -0.0084045240, 0.0099813290, 0.7438907000)
(-0.6681008000, -0.0084839640, 0.0100717300, 0.7439542000)
(-0.6681677000, -0.0083680600, 0.0100498000, 0.7438958000)
(-0.6681253000, -0.0084207760, 0.0100391400, 0.7439334000)
(-0.6681273000, -0.0085658580, 0.0100176300, 0.7439302000)
(-0.6681884000, -0.0084704520, 0.0100946300, 0.7438754000)
(-0.6681621000, -0.0083877220, 0.0101032800, 0.7438998000)
(-0.6682608000, -0.0083791320, 0.0100779300, 0.7438116000)
(-0.6683608000, -0.0085141270, 0.0102163700, 0.7437184000)
(-0.6682398000, -0.0084828070, 0.0100656400, 0.7438295000)
(-0.6682743000, -0.0083918200, 0.0102424500, 0.7437972000)
(-0.6684309000, -0.0083221770, 0.0101738600, 0.7436581000)
(-0.6682693000, -0.0083822980, 0.0102080400, 0.7438021000)
(-0.6682925000, -0.0083874710, 0.0102213600, 0.7437811000)
(-0.6683362000, -0.0084401510, 0.0101004300, 0.7437429000)
(-0.6683482000, -0.0083361130, 0.0100733100, 0.7437337000)
(-0.6683051000, -0.0084010040, 0.0101210300, 0.7437710000)
(-0.6683223000, -0.0084717000, 0.0103170500, 0.7437521000)
(-0.6683427000, -0.0083859260, 0.0103159500, 0.7437347000)
(-0.6682832000, -0.0085037600, 0.0101354500, 0.7437893000)
(-0.6682370000, -0.0084037640, 0.0100890700, 0.7438326000)
(-0.6682544000, -0.0084770010, 0.0102675600, 0.7438137000)
(-0.6682679000, -0.0084264960, 0.0102220500, 0.7438028000)
(-0.6682444000, -0.0083266980, 0.0102634600, 0.7438245000)
(-0.6682156000, -0.0083517740, 0.0103006800, 0.7438495000)
(-0.6682027000, -0.0083433240, 0.0100768200, 0.7438643000)
(-0.6681882000, -0.0083331970, 0.0100842800, 0.7438774000)
(-0.6682306000, -0.0084474540, 0.0102224700, 0.7438360000)
(-0.6681976000, -0.0083918200, 0.0100891500, 0.7438682000)
(-0.6682391000, -0.0085499780, 0.0100369900, 0.7438297000)
(-0.6681563000, -0.0083210230, 0.0099962200, 0.7439073000)
(-0.6682138000, -0.0084033480, 0.0100497900, 0.7438540000)
(-0.6682094000, -0.0083971170, 0.0100984100, 0.7438573000)
(-0.6683338000, -0.0084714700, 0.0100598700, 0.7437452000)
(-0.6684212000, -0.0084491820, 0.0101769700, 0.7436654000)
(-0.6683437000, -0.0084203190, 0.0100596900, 0.7437369000)
(-0.6683004000, -0.0084070340, 0.0100368900, 0.7437763000)
(-0.6682048000, -0.0082730480, 0.0100179000, 0.7438639000)
(-0.6682169000, -0.0085193220, 0.0100402600, 0.7438500000)
(-0.6682893000, -0.0083796550, 0.0099474990, 0.7437878000)
(-0.6683880000, -0.0084550190, 0.0101376300, 0.7436957000)
(-0.6682471000, -0.0084870400, 0.0099025160, 0.7438251000)
(-0.6682124000, -0.0083564330, 0.0099189430, 0.7438576000)
(-0.6682237000, -0.0084261210, 0.0099017280, 0.7438468000)
(-0.6682174000, -0.0084519370, 0.0100197300, 0.7438507000)
(-0.6681632000, -0.0084368550, 0.0101530000, 0.7438976000)
(-0.6680928000, -0.0084106790, 0.0100589200, 0.7439624000)
(-0.6680434000, -0.0085780160, 0.0101061100, 0.7440043000)
(-0.6679984000, -0.0085175960, 0.0100038200, 0.7440467000)
(-0.6681076000, -0.0085045840, 0.0099274990, 0.7439499000)
(-0.6680388000, -0.0085949560, 0.0099043870, 0.7440109000)
(-0.6680711000, -0.0086686050, 0.0098987300, 0.7439811000)
(-0.6682066000, -0.0085664230, 0.0100587200, 0.7438585000)
(-0.6680735000, -0.0086025610, 0.0100110700, 0.7439783000)
(-0.6681626000, -0.0087059960, 0.0099183910, 0.7438983000)
(-0.6681947000, -0.0087775090, 0.0099312250, 0.7438685000)
(-0.6682897000, -0.0085905230, 0.0098639340, 0.7437862000)
(-0.6682946000, -0.0086807360, 0.0099596420, 0.7437794000)
(-0.6682509000, -0.0086057130, 0.0098278800, 0.7438213000)
(-0.6681562000, -0.0085748340, 0.0097515370, 0.7439077000)
(-0.6681712000, -0.0085705360, 0.0099121660, 0.7438922000)
(-0.6681881000, -0.0085551760, 0.0097669960, 0.7438791000)
(-0.6681898000, -0.0085656740, 0.0098299040, 0.7438766000)
(-0.6680573000, -0.0084295640, 0.0097596960, 0.7439981000)
(-0.6680552000, -0.0085322150, 0.0098089050, 0.7439982000)
(-0.6681836000, -0.0085289450, 0.0097532040, 0.7438836000)
(-0.6682279000, -0.0084846470, 0.0097614510, 0.7438443000)
(-0.6680964000, -0.0086108160, 0.0098059130, 0.7439603000)
(-0.6681827000, -0.0086601800, 0.0096386950, 0.7438844000)
(-0.6681502000, -0.0086527850, 0.0097368010, 0.7439124000)
(-0.6682928000, -0.0085982430, 0.0097436300, 0.7437848000)
(-0.6682375000, -0.0084486420, 0.0097270920, 0.7438365000)
(-0.6682831000, -0.0086256910, 0.0096493670, 0.7437945000)
(-0.6681513000, -0.0084828670, 0.0095275360, 0.7439161000)
(-0.6682037000, -0.0084961610, 0.0097138760, 0.7438665000)
(-0.6683098000, -0.0086205930, 0.0097813330, 0.7437689000)
(-0.6682042000, -0.0085378740, 0.0097153330, 0.7438655000)
(-0.6682490000, -0.0085277810, 0.0096408990, 0.7438264000)
(-0.6682195000, -0.0084841200, 0.0097136290, 0.7438524000)
(-0.6682800000, -0.0085436210, 0.0098057430, 0.7437962000)
(-0.6682156000, -0.0085363690, 0.0096347860, 0.7438564000)
(-0.6682631000, -0.0085289120, 0.0097890270, 0.7438117000)
(-0.6683052000, -0.0086708970, 0.0096941230, 0.7437735000)
(-0.6682537000, -0.0085483710, 0.0095450000, 0.7438231000)
(-0.6682326000, -0.0084482750, 0.0096916870, 0.7438413000)
(-0.6680886000, -0.0085098560, 0.0097953910, 0.7439686000)
(-0.6682784000, -0.0085580970, 0.0097454800, 0.7437983000)
(-0.6683083000, -0.0085039720, 0.0097826110, 0.7437715000)
(-0.6681351000, -0.0086183100, 0.0097186640, 0.7439266000)
(-0.6682042000, -0.0084637660, 0.0096620980, 0.7438671000)
(-0.6682094000, -0.0085498500, 0.0096093210, 0.7438622000)
(-0.6682969000, -0.0086355690, 0.0098412320, 0.7437795000)
(-0.6683763000, -0.0085047440, 0.0097921160, 0.7437103000)
(-0.6683471000, -0.0084840380, 0.0097180560, 0.7437378000)
(-0.6683752000, -0.0085227040, 0.0095922730, 0.7437137000)
(-0.6682494000, -0.0083831860, 0.0097294110, 0.7438266000)
(-0.6682911000, -0.0085026260, 0.0096246510, 0.7437890000)
(-0.6682140000, -0.0085611250, 0.0098054910, 0.7438553000)
(-0.6682630000, -0.0084486270, 0.0097038180, 0.7438139000)
(-0.6682469000, -0.0084997070, 0.0096996650, 0.7438278000)
(-0.6681511000, -0.0084212840, 0.0095430740, 0.7439167000)
(-0.6680549000, -0.0085545710, 0.0097208540, 0.7439993000)
(-0.6680530000, -0.0084904560, 0.0096181620, 0.7440031000)
(-0.6682441000, -0.0083222870, 0.0096599960, 0.7438328000)
(-0.6682191000, -0.0083600750, 0.0095506700, 0.7438563000)
(-0.6682564000, -0.0084103840, 0.0096504860, 0.7438209000)
(-0.6682232000, -0.0084851710, 0.0095850020, 0.7438507000)
(-0.6681454000, -0.0084783120, 0.0096639480, 0.7439197000)
(-0.6682304000, -0.0084547040, 0.0095920230, 0.7438445000)
(-0.6681661000, -0.0085591610, 0.0095756960, 0.7439013000)
(-0.6681625000, -0.0084996390, 0.0094375820, 0.7439070000)
(-0.6681801000, -0.0085585700, 0.0094895760, 0.7438898000)
(-0.6681818000, -0.0084145950, 0.0093266100, 0.7438920000)
(-0.6682031000, -0.0085950600, 0.0095112380, 0.7438686000)
(-0.6682260000, -0.0085102490, 0.0094373750, 0.7438498000)
(-0.6681226000, -0.0085213330, 0.0095396120, 0.7439412000)
(-0.6680237000, -0.0084736870, 0.0095891660, 0.7440300000)
(-0.6681239000, -0.0083827500, 0.0095031250, 0.7439421000)
(-0.6681626000, -0.0083965900, 0.0095106780, 0.7439072000)
(-0.6681020000, -0.0085121880, 0.0095367990, 0.7439599000)
(-0.6679655000, -0.0085143430, 0.0094647710, 0.7440834000)
(-0.6679586000, -0.0084153490, 0.0095199560, 0.7440899000)
(-0.6680552000, -0.0084617000, 0.0097434130, 0.7439998000)
(-0.6679737000, -0.0084672160, 0.0094808740, 0.7440763000)
(-0.6680402000, -0.0085610280, 0.0095658330, 0.7440144000)
(-0.6680451000, -0.0084282130, 0.0095995250, 0.7440112000)
(-0.6680192000, -0.0083634350, 0.0095272280, 0.7440360000)
(-0.6680440000, -0.0085460120, 0.0095114860, 0.7440119000)
(-0.6680613000, -0.0086239250, 0.0094881070, 0.7439958000)
(-0.6680617000, -0.0085328830, 0.0096539020, 0.7439944000)
(-0.6681827000, -0.0085583200, 0.0096333110, 0.7438857000)
(-0.6680804000, -0.0084564760, 0.0094615430, 0.7439808000)
(-0.6681165000, -0.0085719410, 0.0093564580, 0.7439485000)
(-0.6681279000, -0.0085277510, 0.0094492870, 0.7439376000)
(-0.6681212000, -0.0086268480, 0.0093559530, 0.7439438000)
(-0.6682255000, -0.0084634390, 0.0094809930, 0.7438503000)
(-0.6680576000, -0.0084750080, 0.0095023120, 0.7440007000)
(-0.6679881000, -0.0084698650, 0.0095217260, 0.7440629000)
(-0.6681435000, -0.0084467040, 0.0094979630, 0.7439238000)
(-0.6681183000, -0.0086069540, 0.0094865910, 0.7439448000)
(-0.6680559000, -0.0085451570, 0.0093934910, 0.7440028000)
(-0.6681405000, -0.0085768910, 0.0095164520, 0.7439248000)
(-0.6680558000, -0.0084007120, 0.0095949930, 0.7440019000)
(-0.6681390000, -0.0084811330, 0.0095309150, 0.7439271000)
(-0.6680650000, -0.0084615280, 0.0094669210, 0.7439947000)
(-0.6680909000, -0.0084961710, 0.0095074130, 0.7439704000)
(-0.6681242000, -0.0085189820, 0.0094819130, 0.7439406000)
(-0.6680685000, -0.0084253390, 0.0096378720, 0.7439897000)
(-0.6681510000, -0.0084365110, 0.0095457220, 0.7439167000)
(-0.6682283000, -0.0084234180, 0.0095542360, 0.7438473000)
(-0.6681024000, -0.0084599440, 0.0097097600, 0.7439579000)
(-0.6682155000, -0.0083998730, 0.0096262740, 0.7438582000)
(-0.6681455000, -0.0084792520, 0.0097886170, 0.7439179000)
(-0.6682049000, -0.0085124450, 0.0095730440, 0.7438670000)
(-0.6682124000, -0.0084673970, 0.0096325190, 0.7438601000)
(-0.6681630000, -0.0084806580, 0.0096224410, 0.7439044000)
(-0.6680974000, -0.0085125200, 0.0096179850, 0.7439631000)
(-0.6679568000, -0.0085355230, 0.0096324090, 0.7440888000)
(-0.6681324000, -0.0084955590, 0.0095820050, 0.7439323000)
(-0.6680358000, -0.0084661110, 0.0094686730, 0.7440208000)
(-0.6680287000, -0.0085423930, 0.0095415660, 0.7440254000)
(-0.6680729000, -0.0084952000, 0.0096632840, 0.7439846000)
(-0.6680030000, -0.0085420860, 0.0095445990, 0.7440484000)
(-0.6680907000, -0.0083679830, 0.0096604140, 0.7439701000)
(-0.6680641000, -0.0084991320, 0.0096373440, 0.7439928000)
(-0.6679310000, -0.0084998700, 0.0097500560, 0.7441109000)
(-0.6680139000, -0.0083843920, 0.0096500050, 0.7440390000)
(-0.6680967000, -0.0084078190, 0.0097925440, 0.7439625000)
(-0.6681596000, -0.0085433200, 0.0098110120, 0.7439042000)
(-0.6681807000, -0.0083806820, 0.0096577190, 0.7438892000)
(-0.6680388000, -0.0084750350, 0.0097201730, 0.7440147000)
(-0.6679928000, -0.0084739270, 0.0097537680, 0.7440556000)
(-0.6679092000, -0.0085152970, 0.0097664700, 0.7441300000)
(-0.6680031000, -0.0086288810, 0.0097652520, 0.7440444000)
(-0.6679650000, -0.0085483830, 0.0097513180, 0.7440798000)
(-0.6680906000, -0.0085460850, 0.0097816390, 0.7439666000)
(-0.6681367000, -0.0084983810, 0.0098380820, 0.7439250000)
(-0.6680848000, -0.0085714740, 0.0097965230, 0.7439713000)
(-0.6681276000, -0.0085218600, 0.0097522690, 0.7439340000)
(-0.6679899000, -0.0086720720, 0.0098389910, 0.7440547000)
(-0.6681471000, -0.0086008990, 0.0098098950, 0.7439148000)
(-0.6680778000, -0.0085611120, 0.0099579270, 0.7439755000)
(-0.6680546000, -0.0085195810, 0.0098535500, 0.7439983000)
(-0.6680782000, -0.0087534200, 0.0099449340, 0.7439731000)
(-0.6679476000, -0.0086110990, 0.0099880470, 0.7440915000)
(-0.6680160000, -0.0086666770, 0.0099446180, 0.7440301000)
(-0.6679170000, -0.0085999460, 0.0100124800, 0.7441188000)
(-0.6679826000, -0.0086160300, 0.0100766900, 0.7440588000)
(-0.6681067000, -0.0086698050, 0.0101536500, 0.7439457000)
(-0.6679680000, -0.0086830700, 0.0099671540, 0.7440726000)
(-0.6680260000, -0.0086126350, 0.0100154300, 0.7440208000)
(-0.6680610000, -0.0085770420, 0.0100428600, 0.7439893000)
(-0.6680605000, -0.0087302620, 0.0098733900, 0.7439902000)
(-0.6681266000, -0.0086428880, 0.0099338220, 0.7439311000)
(-0.6680839000, -0.0085963340, 0.0100898900, 0.7439679000)
(-0.6680365000, -0.0086827320, 0.0100083900, 0.7440106000)
(-0.6681997000, -0.0086269350, 0.0100017100, 0.7438647000)
(-0.6682198000, -0.0086324050, 0.0101133100, 0.7438451000)
(-0.6681507000, -0.0086934590, 0.0101075600, 0.7439065000)
(-0.6682715000, -0.0086649250, 0.0100900300, 0.7437986000)
(-0.6682993000, -0.0085364830, 0.0100519200, 0.7437757000)
(-0.6681873000, -0.0086174020, 0.0100434200, 0.7438754000)
(-0.6682538000, -0.0085646380, 0.0101299300, 0.7438152000)
(-0.6683022000, -0.0086938660, 0.0100853400, 0.7437707000)
(-0.6681334000, -0.0087249710, 0.0101354200, 0.7439213000)
(-0.6681823000, -0.0085725640, 0.0100559200, 0.7438803000)
(-0.6683099000, -0.0086874800, 0.0101678600, 0.7437628000)
(-0.6682934000, -0.0086308480, 0.0099936350, 0.7437807000)
(-0.6682621000, -0.0087999550, 0.0100146200, 0.7438065000)
(-0.6681669000, -0.0087289880, 0.0100442200, 0.7438924000)
(-0.6683119000, -0.0086791910, 0.0100827200, 0.7437623000)
(-0.6681698000, -0.0086103840, 0.0100553100, 0.7438911000)
(-0.6681833000, -0.0087700770, 0.0100178600, 0.7438776000)
(-0.6681724000, -0.0086723940, 0.0099897340, 0.7438889000)
(-0.6681480000, -0.0087364750, 0.0099649210, 0.7439104000)
(-0.6680816000, -0.0087103240, 0.0100183500, 0.7439696000)
(-0.6681189000, -0.0086712220, 0.0098998730, 0.7439381000)
(-0.6682253000, -0.0087436800, 0.0100394000, 0.7438399000)
(-0.6682067000, -0.0088164460, 0.0099567720, 0.7438568000)
(-0.6682025000, -0.0087452610, 0.0099147670, 0.7438620000)
(-0.6681805000, -0.0088087940, 0.0100054600, 0.7438798000)
(-0.6681023000, -0.0087658250, 0.0098767820, 0.7439523000)
(-0.6682053000, -0.0087321350, 0.0099484510, 0.7438591000)
(-0.6683047000, -0.0087573050, 0.0099956260, 0.7437689000)
(-0.6682679000, -0.0087730060, 0.0098165380, 0.7438042000)
(-0.6682137000, -0.0087544450, 0.0100254100, 0.7438504000)
(-0.6681166000, -0.0087210610, 0.0099999070, 0.7439383000)
(-0.6681216000, -0.0087666250, 0.0099740900, 0.7439336000)
(-0.6681790000, -0.0087236990, 0.0100979700, 0.7438809000)
(-0.6681260000, -0.0087385120, 0.0099210510, 0.7439306000)
(-0.6680897000, -0.0087085790, 0.0100323100, 0.7439622000)
(-0.6681989000, -0.0086924080, 0.0099244090, 0.7438657000)
(-0.6681435000, -0.0087523290, 0.0099954030, 0.7439139000)
(-0.6682213000, -0.0086237930, 0.0100290900, 0.7438450000)
(-0.6682643000, -0.0087164540, 0.0099367940, 0.7438065000)
(-0.6682677000, -0.0088322640, 0.0098586920, 0.7438031000)
(-0.6681352000, -0.0086360420, 0.0099380420, 0.7439234000)
(-0.6681473000, -0.0087533750, 0.0099974520, 0.7439103000)
(-0.6682848000, -0.0087377690, 0.0099658180, 0.7437875000)
(-0.6681511000, -0.0085640900, 0.0099383340, 0.7439099000)
(-0.6682904000, -0.0087676490, 0.0098401710, 0.7437838000)
(-0.6682585000, -0.0088037180, 0.0098462570, 0.7438118000)
(-0.6682464000, -0.0086406270, 0.0098380600, 0.7438248000)
(-0.6683282000, -0.0087487900, 0.0099665340, 0.7437484000)
(-0.6683894000, -0.0088193260, 0.0098810990, 0.7436936000)
(-0.6682949000, -0.0087000630, 0.0099334380, 0.7437792000)
(-0.6683131000, -0.0086673700, 0.0098787610, 0.7437640000)
(-0.6682984000, -0.0088327470, 0.0099410770, 0.7437744000)
(-0.6683190000, -0.0086888190, 0.0099825770, 0.7437571000)
(-0.6682858000, -0.0086968450, 0.0098079840, 0.7437891000)
(-0.6682967000, -0.0086657000, 0.0099025530, 0.7437785000)
(-0.6682728000, -0.0085610470, 0.0099338940, 0.7438008000)
(-0.6682904000, -0.0085906300, 0.0099078550, 0.7437848000)
(-0.6683397000, -0.0086297690, 0.0099540060, 0.7437395000)
(-0.6681334000, -0.0085501340, 0.0100128700, 0.7439250000)
(-0.6682397000, -0.0086813440, 0.0100388800, 0.7438276000)
(-0.6682357000, -0.0085405630, 0.0100424100, 0.7438328000)
(-0.6683138000, -0.0086150740, 0.0099213590, 0.7437635000)
(-0.6684334000, -0.0086166190, 0.0100317000, 0.7436544000)
(-0.6683675000, -0.0085822870, 0.0100188500, 0.7437142000)
(-0.6683667000, -0.0085037040, 0.0099503590, 0.7437168000)
(-0.6682834000, -0.0085255810, 0.0098444140, 0.7437928000)
(-0.6683793000, -0.0086422800, 0.0099153750, 0.7437044000)
(-0.6682827000, -0.0084518480, 0.0100952500, 0.7437909000)
(-0.6683430000, -0.0084588020, 0.0097868030, 0.7437407000)
(-0.6682039000, -0.0085521480, 0.0098860190, 0.7438633000)
(-0.6681600000, -0.0084694760, 0.0099679470, 0.7439027000)
(-0.6682957000, -0.0085424870, 0.0098409010, 0.7437816000)
(-0.6682464000, -0.0084663610, 0.0098959590, 0.7438260000)
(-0.6683115000, -0.0085530410, 0.0099063330, 0.7437664000)
(-0.6682859000, -0.0085214680, 0.0100775000, 0.7437875000)
(-0.6680797000, -0.0085784180, 0.0099229740, 0.7439741000)
(-0.6680707000, -0.0087137220, 0.0098515930, 0.7439815000)
(-0.6682931000, -0.0086198910, 0.0099379990, 0.7437817000)
(-0.6681575000, -0.0086088130, 0.0099563530, 0.7439034000)
(-0.6682589000, -0.0085654990, 0.0098975310, 0.7438137000)
(-0.6682673000, -0.0085847840, 0.0099561450, 0.7438051000)
(-0.6682304000, -0.0086331230, 0.0098204360, 0.7438394000)
(-0.6682494000, -0.0085687820, 0.0098901810, 0.7438223000)
(-0.6682136000, -0.0086393070, 0.0099034340, 0.7438534000)
(-0.6683595000, -0.0085685620, 0.0098795740, 0.7437235000)
(-0.6682070000, -0.0086454190, 0.0098929150, 0.7438594000)
(-0.6681966000, -0.0085675770, 0.0099035520, 0.7438696000)
(-0.6680281000, -0.0087080700, 0.0099984990, 0.7440179000)
(-0.6681271000, -0.0086457770, 0.0098330120, 0.7439319000)
(-0.6681973000, -0.0086889300, 0.0098215840, 0.7438686000)
(-0.6682366000, -0.0084995290, 0.0099239230, 0.7438341000)
(-0.6679821000, -0.0085516910, 0.0101238200, 0.7440594000)
(-0.6679955000, -0.0086561300, 0.0099403870, 0.7440486000)
(-0.6680725000, -0.0085226780, 0.0099708550, 0.7439806000)
(-0.6681486000, -0.0085065900, 0.0100235400, 0.7439117000)
(-0.6681413000, -0.0086042550, 0.0099278960, 0.7439184000)
(-0.6680627000, -0.0086359530, 0.0099515310, 0.7439883000)
(-0.6681150000, -0.0085039500, 0.0098755290, 0.7439439000)
(-0.6681188000, -0.0085986780, 0.0099511300, 0.7439383000)
(-0.6681237000, -0.0085849250, 0.0100295700, 0.7439331000)
(-0.6681921000, -0.0086155860, 0.0099593170, 0.7438723000)
(-0.6682036000, -0.0086143210, 0.0100695600, 0.7438604000)
(-0.6682570000, -0.0085110990, 0.0100221500, 0.7438143000)
(-0.6683905000, -0.0087082930, 0.0098780780, 0.7436940000)
(-0.6682078000, -0.0085267610, 0.0101015500, 0.7438573000)
(-0.6682701000, -0.0085551650, 0.0099552700, 0.7438029000)
(-0.6682377000, -0.0085760060, 0.0100236400, 0.7438309000)
(-0.6681819000, -0.0084579110, 0.0099394650, 0.7438836000)
(-0.6682456000, -0.0085163300, 0.0099737630, 0.7438252000)
(-0.6682771000, -0.0085143840, 0.0100300100, 0.7437961000)
(-0.6683430000, -0.0085782580, 0.0097786730, 0.7437395000)
(-0.6680705000, -0.0085456040, 0.0099476850, 0.7439824000)
(-0.6680840000, -0.0085654230, 0.0099343090, 0.7439702000)
(-0.6681927000, -0.0084699080, 0.0099955900, 0.7438730000)
(-0.6681738000, -0.0086520390, 0.0099044200, 0.7438890000)
(-0.6681381000, -0.0084897640, 0.0098842300, 0.7439232000)
(-0.6681759000, -0.0085502280, 0.0098094380, 0.7438896000)
(-0.6682354000, -0.0085353020, 0.0098622800, 0.7438356000)
(-0.6682192000, -0.0085753130, 0.0098853120, 0.7438493000)
(-0.6683331000, -0.0085316770, 0.0098973300, 0.7437474000)
(-0.6683467000, -0.0086193590, 0.0101365800, 0.7437310000)
(-0.6682814000, -0.0086345400, 0.0100023100, 0.7437912000)
(-0.6682516000, -0.0087737340, 0.0099323840, 0.7438173000)
(-0.6682464000, -0.0086566040, 0.0098992160, 0.7438238000)
(-0.6682901000, -0.0085184150, 0.0099930190, 0.7437849000)
(-0.6681078000, -0.0085663300, 0.0098796980, 0.7439497000)
(-0.6682618000, -0.0086689130, 0.0100389600, 0.7438079000)
(-0.6682371000, -0.0085606490, 0.0099146170, 0.7438331000)
(-0.6682062000, -0.0086271160, 0.0099134250, 0.7438602000)
(-0.6681281000, -0.0084346230, 0.0098880060, 0.7439327000)
(-0.6681619000, -0.0085456880, 0.0099241620, 0.7439007000)
(-0.6681703000, -0.0085301780, 0.0098785200, 0.7438939000)
(-0.6680194000, -0.0085435850, 0.0099456890, 0.7440283000)
(-0.6681780000, -0.0084675570, 0.0099697130, 0.7438865000)
(-0.6681237000, -0.0085851970, 0.0099184740, 0.7439346000)
(-0.6680621000, -0.0085193480, 0.0100053300, 0.7439895000)
(-0.6680357000, -0.0085580540, 0.0099920240, 0.7440130000)
(-0.6679690000, -0.0085303850, 0.0100604700, 0.7440722000)
(-0.6681324000, -0.0085567230, 0.0101307500, 0.7439243000)
(-0.6681216000, -0.0084590970, 0.0099036250, 0.7439381000)
(-0.6681108000, -0.0085273380, 0.0099943330, 0.7439458000)
(-0.6681167000, -0.0086360160, 0.0099832640, 0.7439394000)
(-0.6681821000, -0.0085327740, 0.0100549800, 0.7438809000)
(-0.6681023000, -0.0085986800, 0.0099523260, 0.7439532000)
(-0.6680719000, -0.0084215710, 0.0100217200, 0.7439815000)
(-0.6681600000, -0.0084324910, 0.0099995910, 0.7439027000)
(-0.6682039000, -0.0084702070, 0.0100404700, 0.7438622000)
(-0.6682332000, -0.0084610330, 0.0101114500, 0.7438352000)
(-0.6680611000, -0.0084819040, 0.0099643650, 0.7439914000)
(-0.6681677000, -0.0085685390, 0.0101565300, 0.7438920000)
(-0.6681080000, -0.0086151630, 0.0099949320, 0.7439473000)
(-0.6681178000, -0.0085234340, 0.0100386200, 0.7439390000)
(-0.6680898000, -0.0084063440, 0.0098968060, 0.7439674000)
(-0.6681391000, -0.0084744010, 0.0099265050, 0.7439219000)
(-0.6681120000, -0.0085528460, 0.0099938680, 0.7439444000)
(-0.6680859000, -0.0086529160, 0.0100843900, 0.7439656000)
(-0.6680285000, -0.0085618720, 0.0100642700, 0.7440184000)
(-0.6680958000, -0.0084825120, 0.0101638600, 0.7439575000)
(-0.6681152000, -0.0084937420, 0.0099814110, 0.7439424000)
(-0.6682177000, -0.0085959110, 0.0100651300, 0.7438481000)
(-0.6681325000, -0.0083517820, 0.0101323200, 0.7439265000)
(-0.6681516000, -0.0085076630, 0.0099963240, 0.7439094000)
(-0.6682051000, -0.0083850040, 0.0100942800, 0.7438614000)
(-0.6681304000, -0.0084475470, 0.0101367100, 0.7439272000)
(-0.6682163000, -0.0083682210, 0.0099137700, 0.7438540000)
(-0.6682378000, -0.0085544930, 0.0099095800, 0.7438326000)
(-0.6681181000, -0.0084352600, 0.0100595900, 0.7439394000)
(-0.6681201000, -0.0084668710, 0.0100574900, 0.7439373000)
(-0.6681836000, -0.0085076350, 0.0100188900, 0.7438803000)
(-0.6681824000, -0.0084311020, 0.0099399760, 0.7438834000)
(-0.6681825000, -0.0085823390, 0.0099892370, 0.7438808000)
(-0.6681298000, -0.0085162360, 0.0098968420, 0.7439302000)
(-0.6681761000, -0.0085410440, 0.0100284400, 0.7438865000)
(-0.6682166000, -0.0085114430, 0.0098890910, 0.7438524000)
(-0.6682178000, -0.0085852470, 0.0099923040, 0.7438491000)
(-0.6681572000, -0.0085269320, 0.0098926070, 0.7439055000)
(-0.6681883000, -0.0086265220, 0.0100050700, 0.7438749000)
(-0.6682204000, -0.0086881070, 0.0097924900, 0.7438482000)
(-0.6681671000, -0.0086258890, 0.0099208880, 0.7438952000)
(-0.6683178000, -0.0086059170, 0.0099283350, 0.7437598000)
(-0.6683477000, -0.0086207400, 0.0099078840, 0.7437330000)
(-0.6683748000, -0.0086050040, 0.0099551170, 0.7437083000)
(-0.6684054000, -0.0085405680, 0.0098819540, 0.7436825000)
(-0.6683423000, -0.0086459020, 0.0100430800, 0.7437358000)
(-0.6682988000, -0.0085443710, 0.0099556220, 0.7437773000)
(-0.6683329000, -0.0085568340, 0.0099911790, 0.7437460000)
(-0.6682780000, -0.0085319570, 0.0100070700, 0.7437954000)
(-0.6682282000, -0.0085848230, 0.0100594500, 0.7438389000)
(-0.6682721000, -0.0085748200, 0.0097888890, 0.7438031000)
(-0.6683565000, -0.0085943760, 0.0098930310, 0.7437257000)
(-0.6682720000, -0.0085230620, 0.0099523910, 0.7438016000)
(-0.6683149000, -0.0085143490, 0.0099032040, 0.7437638000)
(-0.6683643000, -0.0085274080, 0.0101041100, 0.7437166000)
(-0.6682891000, -0.0084404510, 0.0099646800, 0.7437871000)
(-0.6682712000, -0.0084586220, 0.0099031250, 0.7438038000)
(-0.6682315000, -0.0084973200, 0.0100378800, 0.7438372000)
(-0.6683921000, -0.0084678350, 0.0100135300, 0.7436935000)
(-0.6682295000, -0.0084788560, 0.0100942600, 0.7438384000)
(-0.6682094000, -0.0085266820, 0.0099574190, 0.7438578000)
(-0.6682807000, -0.0084478590, 0.0100239200, 0.7437937000)
(-0.6683051000, -0.0084079430, 0.0101467900, 0.7437705000)
(-0.6683304000, -0.0084208590, 0.0100155800, 0.7437494000)
(-0.6684115000, -0.0084739310, 0.0100262500, 0.7436758000)
(-0.6682981000, -0.0084395440, 0.0100042500, 0.7437784000)
(-0.6683706000, -0.0084767050, 0.0097693270, 0.7437160000)
(-0.6685253000, -0.0084505430, 0.0100654700, 0.7435732000)
(-0.6684395000, -0.0084998240, 0.0100232000, 0.7436504000)
(-0.6683140000, -0.0085323040, 0.0100239500, 0.7437629000)
(-0.6683831000, -0.0084788360, 0.0100384000, 0.7437011000)
(-0.6682897000, -0.0084436590, 0.0099870660, 0.7437862000)
(-0.6682277000, -0.0083060060, 0.0098557850, 0.7438452000)
(-0.6682169000, -0.0084924070, 0.0100023800, 0.7438508000)
(-0.6682689000, -0.0084717970, 0.0100689100, 0.7438034000)
(-0.6682745000, -0.0083173700, 0.0099729450, 0.7438015000)
(-0.6683253000, -0.0085223740, 0.0100043600, 0.7437531000)
(-0.6683392000, -0.0084930580, 0.0099758790, 0.7437413000)
(-0.6683863000, -0.0083979810, 0.0099779590, 0.7437000000)
(-0.6684433000, -0.0085935480, 0.0099965260, 0.7436463000)
(-0.6684457000, -0.0085551250, 0.0100733300, 0.7436436000)
(-0.6683871000, -0.0085930220, 0.0100221000, 0.7436965000)
(-0.6682759000, -0.0084075360, 0.0100447000, 0.7437983000)
(-0.6683047000, -0.0085217340, 0.0100892600, 0.7437704000)
(-0.6683114000, -0.0084483210, 0.0099439700, 0.7437672000)
(-0.6682714000, -0.0084377520, 0.0099815090, 0.7438028000)
(-0.6681559000, -0.0085110320, 0.0099956840, 0.7439055000)
(-0.6681900000, -0.0083298490, 0.0100279000, 0.7438765000)
(-0.6682562000, -0.0083862990, 0.0098710480, 0.7438185000)
(-0.6681255000, -0.0083613560, 0.0099620740, 0.7439350000)
(-0.6681315000, -0.0083156900, 0.0099861460, 0.7439297000)
(-0.6681367000, -0.0083672210, 0.0100189000, 0.7439240000)
(-0.6682054000, -0.0082328200, 0.0100348000, 0.7438636000)
(-0.6682240000, -0.0083755780, 0.0100339800, 0.7438453000)
(-0.6681451000, -0.0082514980, 0.0099934020, 0.7439181000)
(-0.6681053000, -0.0083178690, 0.0099881630, 0.7439532000)
(-0.6682312000, -0.0083486750, 0.0100523100, 0.7438388000)
(-0.6683338000, -0.0083486180, 0.0098136090, 0.7437500000)
(-0.6681805000, -0.0082626950, 0.0099532430, 0.7438868000)
(-0.6682032000, -0.0082915200, 0.0099490960, 0.7438661000)
(-0.6682580000, -0.0082765490, 0.0100364900, 0.7438159000)
(-0.6681368000, -0.0083292660, 0.0099052840, 0.7439259000)
(-0.6681855000, -0.0083886010, 0.0100394900, 0.7438797000)
(-0.6681520000, -0.0082901450, 0.0099542830, 0.7439120000)
(-0.6682215000, -0.0082545270, 0.0099885900, 0.7438496000)
(-0.6682662000, -0.0082781580, 0.0099606140, 0.7438096000)
(-0.6681298000, -0.0082770620, 0.0099657880, 0.7439319000)
(-0.6681225000, -0.0082704860, 0.0100025700, 0.7439381000)
(-0.6680937000, -0.0082973420, 0.0100630600, 0.7439629000)
(-0.6681432000, -0.0083783070, 0.0100481100, 0.7439177000)
(-0.6681212000, -0.0082780500, 0.0098870000, 0.7439408000)
(-0.6680925000, -0.0083134580, 0.0101571300, 0.7439625000)
(-0.6682125000, -0.0082874850, 0.0097978110, 0.7438598000)
(-0.6680833000, -0.0084033580, 0.0098663380, 0.7439737000)
(-0.6681972000, -0.0082982250, 0.0099197060, 0.7438719000)
(-0.6680489000, -0.0084264980, 0.0099678280, 0.7440029000)
(-0.6679896000, -0.0084220890, 0.0099603320, 0.7440563000)
(-0.6680959000, -0.0084995240, 0.0101035500, 0.7439581000)
(-0.6680529000, -0.0084611010, 0.0100124300, 0.7439984000)
(-0.6681263000, -0.0084562240, 0.0100260800, 0.7439324000)
(-0.6681566000, -0.0085157580, 0.0099329170, 0.7439056000)
(-0.6682394000, -0.0084624330, 0.0099299210, 0.7438319000)
(-0.6681289000, -0.0085471470, 0.0099207600, 0.7439303000)
(-0.6682012000, -0.0084965180, 0.0097259820, 0.7438686000)
(-0.6682096000, -0.0085571890, 0.0098554780, 0.7438587000)
(-0.6682139000, -0.0084433350, 0.0098218820, 0.7438565000)
(-0.6681910000, -0.0085240380, 0.0099120780, 0.7438749000)
(-0.6682254000, -0.0084365870, 0.0100690700, 0.7438429000)
(-0.6682155000, -0.0085118190, 0.0099633740, 0.7438524000)
(-0.6682181000, -0.0085808220, 0.0099129350, 0.7438500000)
(-0.6682800000, -0.0084623060, 0.0098958460, 0.7437959000)
(-0.6682532000, -0.0085032560, 0.0098169950, 0.7438205000)
(-0.6683922000, -0.0085837050, 0.0098561400, 0.7436942000)
(-0.6682875000, -0.0085389380, 0.0098414580, 0.7437890000)
(-0.6683463000, -0.0086373470, 0.0098441900, 0.7437350000)
(-0.6682937000, -0.0086124690, 0.0097820550, 0.7437834000)
(-0.6683596000, -0.0085654080, 0.0097123630, 0.7437256000)
(-0.6683511000, -0.0084768980, 0.0098763020, 0.7437320000)
(-0.6682299000, -0.0085766210, 0.0097524890, 0.7438416000)
(-0.6683011000, -0.0087233570, 0.0098061330, 0.7437751000)
(-0.6684107000, -0.0085084110, 0.0097737250, 0.7436796000)
(-0.6683307000, -0.0085183740, 0.0098423370, 0.7437505000)
(-0.6683987000, -0.0085314910, 0.0095968150, 0.7436923000)
(-0.6682346000, -0.0085949420, 0.0098785740, 0.7438354000)
(-0.6683568000, -0.0085471620, 0.0097925920, 0.7437273000)
(-0.6682723000, -0.0085467100, 0.0099338140, 0.7438014000)
(-0.6683507000, -0.0085646610, 0.0099347340, 0.7437307000)
(-0.6684861000, -0.0085224740, 0.0099230730, 0.7436096000)
(-0.6683845000, -0.0086415430, 0.0098935300, 0.7437000000)
(-0.6682816000, -0.0083524310, 0.0097455540, 0.7437977000)
(-0.6682062000, -0.0084628920, 0.0098827330, 0.7438623000)
(-0.6682858000, -0.0084960980, 0.0099253700, 0.7437900000)
(-0.6683030000, -0.0085287350, 0.0098289970, 0.7437754000)
(-0.6682656000, -0.0085135740, 0.0098372760, 0.7438090000)
(-0.6683006000, -0.0086046800, 0.0098514630, 0.7437764000)
(-0.6682747000, -0.0085853430, 0.0098263080, 0.7438002000)
(-0.6682469000, -0.0085574210, 0.0097676250, 0.7438263000)
(-0.6683437000, -0.0084539910, 0.0098045880, 0.7437400000)
(-0.6682526000, -0.0085940190, 0.0097666450, 0.7438207000)
(-0.6683727000, -0.0085124450, 0.0097676710, 0.7437137000)
(-0.6683201000, -0.0084119760, 0.0097544280, 0.7437623000)
(-0.6683399000, -0.0085932710, 0.0097799920, 0.7437420000)
(-0.6682922000, -0.0084485740, 0.0098417150, 0.7437859000)
(-0.6682990000, -0.0084742670, 0.0097089500, 0.7437811000)
(-0.6682896000, -0.0083671590, 0.0096836630, 0.7437911000)
(-0.6682922000, -0.0084673380, 0.0097290990, 0.7437871000)
(-0.6681347000, -0.0084691460, 0.0097481900, 0.7439283000)
(-0.6682566000, -0.0084194530, 0.0097208510, 0.7438197000)
(-0.6681429000, -0.0084295810, 0.0097308150, 0.7439216000)
(-0.6681107000, -0.0084715630, 0.0097406260, 0.7439499000)
(-0.6680729000, -0.0083435770, 0.0097341710, 0.7439854000)
(-0.6682205000, -0.0083296180, 0.0097025520, 0.7438534000)
(-0.6682746000, -0.0083782550, 0.0097098130, 0.7438042000)
(-0.6681937000, -0.0085713420, 0.0096591500, 0.7438753000)
(-0.6681933000, -0.0086064880, 0.0097582260, 0.7438740000)
(-0.6682079000, -0.0084620820, 0.0097364440, 0.7438628000)
(-0.6682188000, -0.0085651700, 0.0097800040, 0.7438513000)
(-0.6681175000, -0.0085631530, 0.0098847640, 0.7439409000)
(-0.6682856000, -0.0083987800, 0.0097751140, 0.7437932000)
(-0.6681563000, -0.0085428930, 0.0097792500, 0.7439077000)
(-0.6682005000, -0.0085475700, 0.0097950660, 0.7438677000)
(-0.6682513000, -0.0084528020, 0.0098036810, 0.7438230000)
(-0.6682813000, -0.0085743710, 0.0097598690, 0.7437953000)
(-0.6683001000, -0.0085267660, 0.0099343170, 0.7437766000)
(-0.6682218000, -0.0085385710, 0.0097948650, 0.7438486000)
(-0.6683019000, -0.0084903740, 0.0097342160, 0.7437780000)
(-0.6683256000, -0.0084591240, 0.0098757920, 0.7437552000)
(-0.6681226000, -0.0083228100, 0.0099180280, 0.7439386000)
(-0.6682797000, -0.0084306970, 0.0097701650, 0.7437982000)
(-0.6683139000, -0.0086387540, 0.0097692910, 0.7437652000)
(-0.6683400000, -0.0084325390, 0.0097532440, 0.7437442000)
(-0.6683831000, -0.0085626420, 0.0097067690, 0.7437046000)
(-0.6684190000, -0.0085317730, 0.0098465530, 0.7436709000)
(-0.6683438000, -0.0085057730, 0.0098191560, 0.7437391000)
(-0.6683166000, -0.0085138380, 0.0097622520, 0.7437642000)
(-0.6683025000, -0.0086630190, 0.0097193350, 0.7437757000)
(-0.6683292000, -0.0085923490, 0.0097272010, 0.7437524000)
(-0.6684264000, -0.0086259520, 0.0097431860, 0.7436644000)
(-0.6683175000, -0.0085042310, 0.0095589840, 0.7437661000)
(-0.6683611000, -0.0086376460, 0.0097346430, 0.7437232000)
(-0.6684428000, -0.0086398780, 0.0098094900, 0.7436486000)
(-0.6683646000, -0.0085855910, 0.0098071530, 0.7437196000)
(-0.6683751000, -0.0085483710, 0.0098251480, 0.7437105000)
(-0.6684784000, -0.0086116050, 0.0097418980, 0.7436180000)
(-0.6684347000, -0.0084099170, 0.0097740850, 0.7436591000)
(-0.6683745000, -0.0084935950, 0.0098180480, 0.7437116000)
(-0.6683028000, -0.0084853790, 0.0097991410, 0.7437764000)
(-0.6682884000, -0.0085174440, 0.0099324860, 0.7437872000)
(-0.6682549000, -0.0083269400, 0.0097114410, 0.7438225000)
(-0.6682653000, -0.0084558040, 0.0097301180, 0.7438114000)
(-0.6681947000, -0.0083503610, 0.0097851590, 0.7438752000)
(-0.6683713000, -0.0085426560, 0.0097823750, 0.7437145000)
(-0.6684114000, -0.0084769370, 0.0096930620, 0.7436803000)
(-0.6684023000, -0.0083485580, 0.0097848590, 0.7436888000)
(-0.6683479000, -0.0085485550, 0.0097602610, 0.7437357000)
(-0.6682802000, -0.0084143920, 0.0097129350, 0.7437987000)
(-0.6684281000, -0.0083298040, 0.0098383740, 0.7436651000)
(-0.6684927000, -0.0083239990, 0.0097950360, 0.7436076000)
(-0.6684686000, -0.0084659570, 0.0097123540, 0.7436288000)
(-0.6686184000, -0.0084933130, 0.0097257770, 0.7434937000)
(-0.6684279000, -0.0084834880, 0.0098581700, 0.7436632000)
(-0.6683676000, -0.0086010580, 0.0096512690, 0.7437189000)
(-0.6684334000, -0.0084230400, 0.0097635220, 0.7436603000)
(-0.6683674000, -0.0085455780, 0.0097651520, 0.7437182000)
(-0.6683666000, -0.0084484180, 0.0098384240, 0.7437190000)
(-0.6684433000, -0.0082586460, 0.0097898510, 0.7436529000)
(-0.6684373000, -0.0084539120, 0.0098884510, 0.7436547000)
(-0.6683738000, -0.0083376170, 0.0097622190, 0.7437147000)
(-0.6684644000, -0.0084404230, 0.0098167710, 0.7436315000)
(-0.6684852000, -0.0084691330, 0.0099508860, 0.7436107000)
(-0.6684562000, -0.0083762160, 0.0098339210, 0.7436393000)
(-0.6683850000, -0.0082913240, 0.0098905690, 0.7437035000)
(-0.6684049000, -0.0084308370, 0.0096970830, 0.7436866000)
(-0.6683374000, -0.0083101690, 0.0097741680, 0.7437477000)
(-0.6684662000, -0.0082566370, 0.0097845400, 0.7436324000)
(-0.6685181000, -0.0083537620, 0.0097094470, 0.7435856000)
(-0.6684606000, -0.0082869350, 0.0098168470, 0.7436367000)
(-0.6684891000, -0.0083609610, 0.0097500980, 0.7436110000)
(-0.6683133000, -0.0083817230, 0.0097884410, 0.7437683000)
(-0.6683812000, -0.0083582050, 0.0097102790, 0.7437086000)
(-0.6683418000, -0.0083591850, 0.0097671450, 0.7437433000)
(-0.6682990000, -0.0083191700, 0.0098235920, 0.7437814000)
(-0.6683168000, -0.0082784550, 0.0097694130, 0.7437666000)
(-0.6682988000, -0.0083021620, 0.0097531070, 0.7437827000)
(-0.6683221000, -0.0083874860, 0.0097178820, 0.7437612000)
(-0.6682869000, -0.0083049930, 0.0096857020, 0.7437943000)
(-0.6684740000, -0.0081772000, 0.0099506810, 0.7436240000)
(-0.6684475000, -0.0082540760, 0.0097825040, 0.7436492000)
(-0.6683261000, -0.0080864140, 0.0097881070, 0.7437600000)
(-0.6685058000, -0.0082173710, 0.0099110390, 0.7435955000)
(-0.6683162000, -0.0081381290, 0.0096445900, 0.7437702000)
(-0.6681718000, -0.0082195200, 0.0097789470, 0.7438973000)
(-0.6682773000, -0.0081573060, 0.0097636650, 0.7438034000)
(-0.6682952000, -0.0081527410, 0.0097355110, 0.7437878000)
(-0.6682189000, -0.0082665810, 0.0096150850, 0.7438567000)
(-0.6682379000, -0.0083507250, 0.0096763370, 0.7438379000)
(-0.6681936000, -0.0082782560, 0.0097719100, 0.7438772000)
(-0.6681723000, -0.0082063450, 0.0096755470, 0.7438984000)
(-0.6682901000, -0.0083075760, 0.0096632530, 0.7437916000)
(-0.6682280000, -0.0082651070, 0.0096214910, 0.7438485000)
(-0.6682709000, -0.0083162440, 0.0098251130, 0.7438067000)
(-0.6681553000, -0.0082051840, 0.0097708550, 0.7439125000)
(-0.6681600000, -0.0081283650, 0.0097877230, 0.7439089000)
(-0.6682033000, -0.0082597480, 0.0097849430, 0.7438686000)
(-0.6682306000, -0.0082337530, 0.0099259380, 0.7438424000)
(-0.6681797000, -0.0083869980, 0.0098093890, 0.7438880000)
(-0.6680208000, -0.0082145310, 0.0097593850, 0.7440333000)
(-0.6679999000, -0.0082281430, 0.0099077760, 0.7440500000)
(-0.6681350000, -0.0083562160, 0.0097968180, 0.7439287000)
(-0.6682513000, -0.0083350150, 0.0097931850, 0.7438244000)
(-0.6681842000, -0.0082897960, 0.0099086430, 0.7438837000)
(-0.6680639000, -0.0082565010, 0.0096617070, 0.7439954000)
(-0.6681718000, -0.0081848030, 0.0096986460, 0.7438989000)
(-0.6682149000, -0.0083051640, 0.0098331950, 0.7438570000)
(-0.6682237000, -0.0082281840, 0.0097806570, 0.7438506000)
(-0.6681511000, -0.0081318890, 0.0098036880, 0.7439166000)
(-0.6680992000, -0.0081112950, 0.0098762500, 0.7439625000)
(-0.6680722000, -0.0083169590, 0.0097454340, 0.7439862000)
(-0.6681575000, -0.0082218670, 0.0097019640, 0.7439113000)
(-0.6681846000, -0.0082160710, 0.0097646440, 0.7438861000)
(-0.6681588000, -0.0081895750, 0.0097941710, 0.7439092000)
(-0.6681321000, -0.0082047880, 0.0098702640, 0.7439320000)
(-0.6680614000, -0.0082008000, 0.0098317060, 0.7439960000)
(-0.6680194000, -0.0081685730, 0.0100972300, 0.7440305000)
(-0.6680830000, -0.0082539530, 0.0098153740, 0.7439764000)
(-0.6680824000, -0.0080385360, 0.0097877220, 0.7439795000)
(-0.6680375000, -0.0080169000, 0.0098634180, 0.7440190000)
(-0.6679732000, -0.0081108210, 0.0099509950, 0.7440746000)
(-0.6680683000, -0.0080596410, 0.0099154190, 0.7439902000)
(-0.6681585000, -0.0080533930, 0.0098954660, 0.7439096000)
(-0.6679485000, -0.0080846210, 0.0098005450, 0.7440991000)
(-0.6679149000, -0.0080759800, 0.0099220570, 0.7441278000)
(-0.6680853000, -0.0079811090, 0.0098843940, 0.7439764000)
(-0.6681640000, -0.0080825980, 0.0098118740, 0.7439055000)
(-0.6681547000, -0.0080674200, 0.0097348640, 0.7439150000)
(-0.6681367000, -0.0080028390, 0.0097662460, 0.7439314000)
(-0.6681399000, -0.0078705170, 0.0098739180, 0.7439286000)
(-0.6682068000, -0.0080281010, 0.0099630630, 0.7438656000)
(-0.6680685000, -0.0080201200, 0.0097844410, 0.7439923000)
(-0.6680734000, -0.0080603120, 0.0097132140, 0.7439884000)
(-0.6681484000, -0.0079756310, 0.0098147570, 0.7439206000)
(-0.6680947000, -0.0080567160, 0.0097013240, 0.7439694000)
(-0.6681342000, -0.0080294330, 0.0098640130, 0.7439322000)
(-0.6680471000, -0.0080453980, 0.0097599240, 0.7440115000)
(-0.6681508000, -0.0079492260, 0.0097565570, 0.7439195000)
(-0.6680964000, -0.0080687020, 0.0095981340, 0.7439690000)
(-0.6681001000, -0.0081261160, 0.0097117350, 0.7439637000)
(-0.6680976000, -0.0079754230, 0.0096526570, 0.7439684000)
(-0.6681480000, -0.0080645950, 0.0097180550, 0.7439212000)
(-0.6682563000, -0.0081070180, 0.0097486130, 0.7438231000)
(-0.6681582000, -0.0080660850, 0.0098437950, 0.7439104000)
(-0.6680794000, -0.0082065250, 0.0097175340, 0.7439814000)
(-0.6680636000, -0.0080561700, 0.0096913140, 0.7439975000)
(-0.6679711000, -0.0080366100, 0.0097733030, 0.7440796000)
(-0.6681332000, -0.0081294650, 0.0097100730, 0.7439339000)
(-0.6682591000, -0.0081824160, 0.0098321010, 0.7438186000)
(-0.6684215000, -0.0082009380, 0.0097605080, 0.7436734000)
(-0.6683266000, -0.0081308510, 0.0097867410, 0.7437592000)
(-0.6683188000, -0.0082561550, 0.0097605670, 0.7437652000)
(-0.6683797000, -0.0082079980, 0.0097774840, 0.7437108000)
(-0.6685048000, -0.0082699130, 0.0096574550, 0.7435992000)
(-0.6684180000, -0.0082538020, 0.0097665250, 0.7436759000)
(-0.6683484000, -0.0081736330, 0.0096413520, 0.7437410000)
(-0.6681638000, -0.0081929390, 0.0097969300, 0.7439045000)
(-0.6680977000, -0.0082038180, 0.0099015480, 0.7439625000)
(-0.6681417000, -0.0081789880, 0.0098764790, 0.7439235000)
(-0.6682268000, -0.0081734770, 0.0098502420, 0.7438475000)
(-0.6681823000, -0.0082819460, 0.0098570600, 0.7438862000)
(-0.6682510000, -0.0081532480, 0.0097560850, 0.7438273000)
(-0.6681505000, -0.0082573550, 0.0096307690, 0.7439181000)
(-0.6681002000, -0.0080954200, 0.0097799600, 0.7439631000)
(-0.6681599000, -0.0081588790, 0.0096939400, 0.7439099000)
(-0.6681625000, -0.0080208090, 0.0096059490, 0.7439101000)
(-0.6682394000, -0.0081792100, 0.0097347040, 0.7438377000)
(-0.6682492000, -0.0081355150, 0.0096598230, 0.7438303000)
(-0.6683423000, -0.0083260890, 0.0097412810, 0.7437435000)
(-0.6683024000, -0.0081680650, 0.0097692810, 0.7437807000)
(-0.6683328000, -0.0082054880, 0.0096302190, 0.7437549000)
(-0.6683468000, -0.0082441490, 0.0096287890, 0.7437419000)
(-0.6682279000, -0.0081873310, 0.0096168820, 0.7438495000)
(-0.6682925000, -0.0082589790, 0.0097039300, 0.7437895000)
(-0.6682596000, -0.0081989380, 0.0097938750, 0.7438185000)
(-0.6681458000, -0.0081599540, 0.0096614710, 0.7439229000)
(-0.6681877000, -0.0080544570, 0.0097223590, 0.7438856000)
(-0.6681743000, -0.0079791840, 0.0097932420, 0.7438975000)
(-0.6681880000, -0.0080915260, 0.0096731010, 0.7438856000)
(-0.6682021000, -0.0081265450, 0.0097133530, 0.7438720000)
(-0.6682784000, -0.0081906500, 0.0095872130, 0.7438044000)
(-0.6682971000, -0.0081111620, 0.0098837540, 0.7437847000)
(-0.6682044000, -0.0080930120, 0.0097972550, 0.7438692000)
(-0.6683476000, -0.0080854410, 0.0096363530, 0.7437428000)
(-0.6683517000, -0.0081525180, 0.0095828830, 0.7437391000)
(-0.6682321000, -0.0082868580, 0.0098192290, 0.7438419000)
(-0.6683546000, -0.0082361190, 0.0097310220, 0.7437336000)
(-0.6682550000, -0.0082032650, 0.0097104010, 0.7438236000)
(-0.6682361000, -0.0081646610, 0.0098143560, 0.7438397000)
(-0.6683234000, -0.0081518590, 0.0097711610, 0.7437621000)
(-0.6684515000, -0.0080117010, 0.0099255840, 0.7436464000)
(-0.6683980000, -0.0079941100, 0.0097021590, 0.7436976000)
(-0.6682006000, -0.0081497040, 0.0099995650, 0.7438694000)
(-0.6681898000, -0.0082340950, 0.0098243000, 0.7438805000)
(-0.6680953000, -0.0080243640, 0.0099505890, 0.7439659000)
(-0.6681581000, -0.0080849840, 0.0098633390, 0.7439100000)
(-0.6680629000, -0.0083081950, 0.0099184430, 0.7439923000)
(-0.6681296000, -0.0082106800, 0.0097727870, 0.7439354000)
(-0.6681173000, -0.0081274120, 0.0097898300, 0.7439471000)
(-0.6680914000, -0.0082457800, 0.0099796070, 0.7439667000)
(-0.6681738000, -0.0082670820, 0.0099308210, 0.7438930000)
(-0.6680346000, -0.0081079170, 0.0098627910, 0.7440207000)
(-0.6679791000, -0.0081770920, 0.0100164000, 0.7440677000)
(-0.6681043000, -0.0081226760, 0.0099237690, 0.7439572000)
(-0.6681130000, -0.0081098980, 0.0097198000, 0.7439522000)
(-0.6680959000, -0.0081093810, 0.0098919190, 0.7439652000)
(-0.6681537000, -0.0083216220, 0.0099787080, 0.7439098000)
(-0.6682081000, -0.0082255830, 0.0099373740, 0.7438626000)
(-0.6681024000, -0.0082554300, 0.0099074540, 0.7439576000)
(-0.6681628000, -0.0081950170, 0.0098768040, 0.7439045000)
(-0.6680455000, -0.0081633250, 0.0098509360, 0.7440105000)
(-0.6679937000, -0.0081285540, 0.0099357300, 0.7440562000)
(-0.6681510000, -0.0081457380, 0.0099097880, 0.7439151000)
(-0.6681635000, -0.0080155910, 0.0098330440, 0.7439063000)
(-0.6681776000, -0.0081136760, 0.0098811770, 0.7438920000)
(-0.6680858000, -0.0081329970, 0.0099392990, 0.7439735000)
(-0.6680858000, -0.0082266270, 0.0098373940, 0.7439737000)
(-0.6681448000, -0.0081208360, 0.0096898120, 0.7439239000)
(-0.6682351000, -0.0081288100, 0.0098926780, 0.7438400000)
(-0.6681455000, -0.0081169430, 0.0098666800, 0.7439209000)
(-0.6680365000, -0.0080495950, 0.0099469390, 0.7440185000)
(-0.6679801000, -0.0081058740, 0.0097899660, 0.7440706000)
(-0.6681269000, -0.0082215100, 0.0098660050, 0.7439365000)
(-0.6680859000, -0.0081123380, 0.0099012030, 0.7439741000)
(-0.6680984000, -0.0081509860, 0.0097530620, 0.7439644000)
(-0.6680528000, -0.0082081600, 0.0096885800, 0.7440055000)
(-0.6680840000, -0.0080896710, 0.0097233130, 0.7439784000)
(-0.6681832000, -0.0081795450, 0.0098034330, 0.7438872000)
(-0.6681696000, -0.0080936590, 0.0098341960, 0.7438999000)
(-0.6681392000, -0.0081183590, 0.0097643300, 0.7439280000)
(-0.6681710000, -0.0082268100, 0.0096719020, 0.7438994000)
(-0.6680093000, -0.0082068830, 0.0097964150, 0.7440432000)
(-0.6680388000, -0.0079946290, 0.0097479980, 0.7440197000)
(-0.6679998000, -0.0080683130, 0.0098061980, 0.7440531000)
(-0.6680372000, -0.0080065650, 0.0097447500, 0.7440209000)
(-0.6679918000, -0.0081639320, 0.0097421350, 0.7440602000)
(-0.6679156000, -0.0081236660, 0.0096623810, 0.7441300000)
(-0.6681025000, -0.0080868820, 0.0099094970, 0.7439593000)
(-0.6680532000, -0.0080855390, 0.0096785850, 0.7440067000)
(-0.6680460000, -0.0081267440, 0.0096681050, 0.7440128000)
(-0.6680209000, -0.0079281590, 0.0097105260, 0.7440369000)
(-0.6679032000, -0.0080511620, 0.0098603160, 0.7441393000)
(-0.6680689000, -0.0082259220, 0.0099287760, 0.7439877000)
(-0.6681234000, -0.0081856350, 0.0097980120, 0.7439410000)
(-0.6680788000, -0.0080153250, 0.0098450400, 0.7439823000)
(-0.6680900000, -0.0081321260, 0.0098391210, 0.7439710000)
(-0.6680490000, -0.0080625900, 0.0096975620, 0.7440104000)
(-0.6681260000, -0.0079591210, 0.0098062060, 0.7439410000)
(-0.6680003000, -0.0080743560, 0.0099069820, 0.7440513000)
(-0.6680533000, -0.0080550740, 0.0100057400, 0.7440025000)
(-0.6679824000, -0.0080127200, 0.0099176200, 0.7440679000)
(-0.6680181000, -0.0080088580, 0.0098172970, 0.7440372000)
(-0.6680458000, -0.0081011530, 0.0097596330, 0.7440121000)
(-0.6681091000, -0.0081252400, 0.0097465170, 0.7439552000)
(-0.6680108000, -0.0081210270, 0.0096902800, 0.7440441000)
(-0.6679490000, -0.0080415630, 0.0096511780, 0.7441010000)
(-0.6680374000, -0.0080951190, 0.0097543600, 0.7440198000)
(-0.6679851000, -0.0079974640, 0.0097894760, 0.7440673000)
(-0.6680588000, -0.0081828260, 0.0097482010, 0.7439997000)
(-0.6680010000, -0.0080470410, 0.0096602690, 0.7440541000)
(-0.6679749000, -0.0079831480, 0.0097022030, 0.7440777000)
(-0.6680107000, -0.0080212660, 0.0096855860, 0.7440454000)
(-0.6681249000, -0.0081012680, 0.0096963940, 0.7439419000)
(-0.6680956000, -0.0079462370, 0.0097228120, 0.7439694000)
(-0.6681686000, -0.0080534920, 0.0097505900, 0.7439024000)
(-0.6681882000, -0.0080103690, 0.0097061750, 0.7438858000)
(-0.6681073000, -0.0080914680, 0.0096970790, 0.7439578000)
(-0.6680760000, -0.0079815040, 0.0096269750, 0.7439879000)
(-0.6680806000, -0.0080576010, 0.0097724350, 0.7439812000)
(-0.6679845000, -0.0079207090, 0.0097053810, 0.7440698000)
(-0.6681312000, -0.0078776370, 0.0096339580, 0.7439394000)
(-0.6680697000, -0.0079563480, 0.0097496260, 0.7439923000)
(-0.6680411000, -0.0079717030, 0.0096748400, 0.7440187000)
(-0.6681892000, -0.0079638260, 0.0097622340, 0.7438847000)
(-0.6680353000, -0.0079736270, 0.0096911940, 0.7440238000)
(-0.6681011000, -0.0079757390, 0.0096833640, 0.7439648000)
(-0.6681131000, -0.0080793090, 0.0097866770, 0.7439516000)
(-0.6681436000, -0.0080797790, 0.0095342050, 0.7439274000)
(-0.6680869000, -0.0080860780, 0.0095225200, 0.7439783000)
(-0.6681584000, -0.0080298860, 0.0097241610, 0.7439123000)
(-0.6681646000, -0.0080101170, 0.0095487500, 0.7439091000)
(-0.6681693000, -0.0080883450, 0.0096932040, 0.7439022000)
(-0.6681421000, -0.0080587990, 0.0097392280, 0.7439263000)
(-0.6679966000, -0.0080658630, 0.0097609080, 0.7440566000)
(-0.6680836000, -0.0080732840, 0.0096664870, 0.7439797000)
(-0.6681424000, -0.0080432740, 0.0097323830, 0.7439263000)
(-0.6680906000, -0.0080815040, 0.0097490030, 0.7439722000)
(-0.6680702000, -0.0079879920, 0.0095679000, 0.7439939000)
(-0.6680611000, -0.0080135160, 0.0097790300, 0.7439991000)
(-0.6681951000, -0.0080761290, 0.0096541390, 0.7438796000)
(-0.6680151000, -0.0081169130, 0.0097123880, 0.7440400000)
(-0.6681366000, -0.0082160670, 0.0098146590, 0.7439286000)
(-0.6681491000, -0.0081089510, 0.0096990440, 0.7439200000)
(-0.6681238000, -0.0079814530, 0.0097068600, 0.7439440000)
(-0.6682332000, -0.0079537980, 0.0095805040, 0.7438477000)
(-0.6682243000, -0.0079972790, 0.0094952940, 0.7438564000)
(-0.6681499000, -0.0079969650, 0.0095858830, 0.7439220000)
(-0.6682760000, -0.0081238370, 0.0096319590, 0.7438068000)
(-0.6680502000, -0.0080053040, 0.0095901390, 0.7440114000)
(-0.6683606000, -0.0081154070, 0.0096784270, 0.7437302000)
(-0.6682569000, -0.0080417130, 0.0096578780, 0.7438244000)
(-0.6681454000, -0.0081721530, 0.0098194190, 0.7439211000)
(-0.6682689000, -0.0081162340, 0.0096224540, 0.7438133000)
(-0.6682189000, -0.0080790340, 0.0096249890, 0.7438587000)
(-0.6681493000, -0.0080158610, 0.0097109790, 0.7439207000)
(-0.6681773000, -0.0080143870, 0.0096501830, 0.7438963000)
(-0.6681592000, -0.0079669510, 0.0097734540, 0.7439114000)
(-0.6681144000, -0.0080812260, 0.0096829600, 0.7439518000)
(-0.6682273000, -0.0081414090, 0.0096689180, 0.7438498000)
(-0.6681758000, -0.0079790170, 0.0098289480, 0.7438957000)
(-0.6680846000, -0.0081489290, 0.0097959040, 0.7439762000)
(-0.6681171000, -0.0081426640, 0.0096928530, 0.7439485000)
(-0.6681992000, -0.0080248220, 0.0098656190, 0.7438737000)
(-0.6682762000, -0.0080681400, 0.0097159840, 0.7438061000)
(-0.6681381000, -0.0080804870, 0.0095982500, 0.7439315000)
(-0.6682504000, -0.0081223390, 0.0096630580, 0.7438294000)
(-0.6682079000, -0.0081609310, 0.0096898600, 0.7438667000)
(-0.6682444000, -0.0080575560, 0.0096405130, 0.7438358000)
(-0.6682592000, -0.0081954520, 0.0099068110, 0.7438174000)
(-0.6683407000, -0.0080895530, 0.0096735890, 0.7437484000)
(-0.6682518000, -0.0081643120, 0.0098348420, 0.7438254000)
(-0.6682962000, -0.0080469440, 0.0096021880, 0.7437897000)
(-0.6683358000, -0.0081475170, 0.0098119460, 0.7437504000)
(-0.6681896000, -0.0080796740, 0.0096755530, 0.7438843000)
(-0.6682254000, -0.0082636550, 0.0096212350, 0.7438508000)
(-0.6682366000, -0.0081236020, 0.0097325850, 0.7438409000)
(-0.6682372000, -0.0082722730, 0.0096557830, 0.7438396000)
(-0.6682414000, -0.0082811480, 0.0096519090, 0.7438358000)
(-0.6682353000, -0.0080824040, 0.0096778930, 0.7438432000)
(-0.6682072000, -0.0081386850, 0.0097754700, 0.7438666000)
(-0.6684271000, -0.0082645030, 0.0097159430, 0.7436683000)
(-0.6682554000, -0.0082494310, 0.0096646690, 0.7438235000)
(-0.6682438000, -0.0083918300, 0.0097010290, 0.7438318000)
(-0.6682486000, -0.0083244140, 0.0095953110, 0.7438297000)
(-0.6682323000, -0.0082667490, 0.0096800080, 0.7438439000)
(-0.6683294000, -0.0082734980, 0.0096823320, 0.7437565000)
(-0.6684099000, -0.0081007750, 0.0097938940, 0.7436846000)
(-0.6683348000, -0.0081849920, 0.0097599810, 0.7437515000)
(-0.6683394000, -0.0082035820, 0.0098184370, 0.7437465000)
(-0.6684268000, -0.0083390140, 0.0096521650, 0.7436686000)
(-0.6682736000, -0.0081467050, 0.0096826100, 0.7438080000)
(-0.6684248000, -0.0083303250, 0.0097908910, 0.7436687000)
(-0.6683833000, -0.0082372290, 0.0097910040, 0.7437070000)
(-0.6683542000, -0.0081791570, 0.0096617120, 0.7437356000)
(-0.6683459000, -0.0082390210, 0.0097766880, 0.7437409000)
(-0.6683741000, -0.0083465050, 0.0096305880, 0.7437162000)
(-0.6683618000, -0.0081706140, 0.0097241810, 0.7437280000)
(-0.6683815000, -0.0083404180, 0.0095146960, 0.7437110000)
(-0.6683562000, -0.0082539320, 0.0097518260, 0.7437316000)
(-0.6684557000, -0.0083471470, 0.0096015500, 0.7436432000)
(-0.6682552000, -0.0082286970, 0.0097220100, 0.7438231000)
(-0.6683196000, -0.0081679050, 0.0095861980, 0.7437677000)
(-0.6683128000, -0.0081838680, 0.0097041380, 0.7437721000)
(-0.6683749000, -0.0081036380, 0.0098745250, 0.7437149000)
(-0.6682459000, -0.0081788780, 0.0096278970, 0.7438332000)
(-0.6682780000, -0.0082729850, 0.0098088910, 0.7438010000)
(-0.6683985000, -0.0081869680, 0.0096863290, 0.7436953000)
(-0.6683972000, -0.0081276590, 0.0097081080, 0.7436968000)
(-0.6683359000, -0.0082152240, 0.0098173290, 0.7437495000)
(-0.6682967000, -0.0083060820, 0.0097632530, 0.7437845000)
(-0.6684994000, -0.0081088670, 0.0096938140, 0.7436053000)
(-0.6683580000, -0.0080572360, 0.0096966490, 0.7437330000)
(-0.6682584000, -0.0081800130, 0.0098018260, 0.7438197000)
(-0.6684027000, -0.0082096590, 0.0098671560, 0.7436889000)
(-0.6684259000, -0.0082132160, 0.0097159630, 0.7436700000)
(-0.6683623000, -0.0081767420, 0.0096811620, 0.7437280000)
(-0.6684188000, -0.0081748180, 0.0095971060, 0.7436784000)
(-0.6683353000, -0.0081511670, 0.0097247250, 0.7437519000)
(-0.6683614000, -0.0081172690, 0.0096931090, 0.7437293000)
(-0.6683681000, -0.0080789530, 0.0096519470, 0.7437242000)
(-0.6683132000, -0.0081329540, 0.0096727870, 0.7437727000)
(-0.6682983000, -0.0080932090, 0.0097828000, 0.7437851000)
(-0.6682104000, -0.0081589290, 0.0098018600, 0.7438631000)
(-0.6683097000, -0.0080940020, 0.0096923590, 0.7437760000)
(-0.6681852000, -0.0080436880, 0.0098655060, 0.7438861000)
(-0.6682428000, -0.0080059110, 0.0097741660, 0.7438360000)
(-0.6682567000, -0.0081156570, 0.0098175090, 0.7438217000)
(-0.6681385000, -0.0080867700, 0.0098374130, 0.7439280000)
(-0.6681513000, -0.0080047590, 0.0097440130, 0.7439187000)
(-0.6683066000, -0.0081151480, 0.0095945490, 0.7437798000)
(-0.6681461000, -0.0081758280, 0.0096672620, 0.7439224000)
(-0.6681362000, -0.0082563250, 0.0097294330, 0.7439296000)
(-0.6682942000, -0.0082951500, 0.0097875440, 0.7437865000)
(-0.6683183000, -0.0079881080, 0.0096872420, 0.7437695000)
(-0.6683018000, -0.0082544270, 0.0097384250, 0.7437807000)
(-0.6683901000, -0.0081681380, 0.0097234300, 0.7437026000)
(-0.6681839000, -0.0080963920, 0.0097954690, 0.7438877000)
(-0.6682633000, -0.0081777080, 0.0099219810, 0.7438137000)
(-0.6682623000, -0.0081762040, 0.0097057610, 0.7438175000)
(-0.6682529000, -0.0082599070, 0.0097788980, 0.7438241000)
(-0.6682988000, -0.0081870770, 0.0098209800, 0.7437831000)
(-0.6682226000, -0.0084177560, 0.0097227710, 0.7438502000)
(-0.6681430000, -0.0082720470, 0.0098708420, 0.7439215000)
(-0.6680768000, -0.0083035320, 0.0097692550, 0.7439818000)
(-0.6681803000, -0.0082307600, 0.0098788560, 0.7438883000)
(-0.6682400000, -0.0082136570, 0.0097723210, 0.7438363000)
(-0.6680446000, -0.0083591460, 0.0098078180, 0.7440097000)
(-0.6680874000, -0.0082964660, 0.0098444700, 0.7439715000)
(-0.6680696000, -0.0082521120, 0.0097194180, 0.7439895000)
(-0.6681296000, -0.0083469640, 0.0097246170, 0.7439345000)
(-0.6680251000, -0.0083747580, 0.0097948910, 0.7440272000)
(-0.6680580000, -0.0082678690, 0.0098357940, 0.7439983000)
(-0.6681242000, -0.0081033690, 0.0099475090, 0.7439392000)
(-0.6682160000, -0.0082441730, 0.0097896980, 0.7438572000)
(-0.6681864000, -0.0082642040, 0.0097361950, 0.7438843000)
(-0.6683396000, -0.0082492070, 0.0098063540, 0.7437460000)
(-0.6682232000, -0.0082041790, 0.0098093410, 0.7438509000)
(-0.6682507000, -0.0081677690, 0.0098604510, 0.7438259000)
(-0.6681879000, -0.0082264030, 0.0098157230, 0.7438824000)
(-0.6682898000, -0.0082080100, 0.0098174610, 0.7437910000)
(-0.6682275000, -0.0082869430, 0.0099459930, 0.7438444000)
(-0.6681547000, -0.0082274830, 0.0098445710, 0.7439117000)
(-0.6681216000, -0.0082072070, 0.0099023920, 0.7439410000)
(-0.6681239000, -0.0081950590, 0.0097655620, 0.7439408000)
(-0.6681669000, -0.0082015720, 0.0098248070, 0.7439014000)
(-0.6681658000, -0.0082379410, 0.0097902120, 0.7439024000)
(-0.6681231000, -0.0080678200, 0.0097825630, 0.7439427000)
(-0.6680702000, -0.0082365340, 0.0097923790, 0.7439882000)
(-0.6681343000, -0.0082153380, 0.0098876130, 0.7439296000)
(-0.6682752000, -0.0083070850, 0.0098352890, 0.7438028000)
(-0.6681172000, -0.0080963620, 0.0098644510, 0.7439466000)
(-0.6681606000, -0.0082334680, 0.0097576460, 0.7439075000)
(-0.6681947000, -0.0082745510, 0.0098930020, 0.7438747000)
(-0.6681690000, -0.0082106130, 0.0097907680, 0.7438998000)
(-0.6682049000, -0.0081819920, 0.0098182260, 0.7438676000)
(-0.6682511000, -0.0081017080, 0.0097948380, 0.7438272000)
(-0.6682333000, -0.0081401240, 0.0098845440, 0.7438416000)
(-0.6682452000, -0.0081518530, 0.0097799850, 0.7438322000)
(-0.6682968000, -0.0080497980, 0.0098659790, 0.7437858000)
(-0.6682183000, -0.0081513800, 0.0098978430, 0.7438548000)
(-0.6682661000, -0.0082873140, 0.0098016760, 0.7438117000)
(-0.6683060000, -0.0082013190, 0.0097705900, 0.7437772000)
(-0.6681634000, -0.0081426720, 0.0097626880, 0.7439060000)
(-0.6683798000, -0.0081047150, 0.0096437080, 0.7437135000)
(-0.6684974000, -0.0081621310, 0.0097181680, 0.7436062000)
(-0.6683316000, -0.0082499000, 0.0096700820, 0.7437549000)
(-0.6683505000, -0.0082371200, 0.0097557870, 0.7437369000)
(-0.6683066000, -0.0081349900, 0.0095984490, 0.7437795000)
(-0.6683894000, -0.0082594690, 0.0096320870, 0.7437034000)
(-0.6683660000, -0.0082031640, 0.0096635570, 0.7437246000)
(-0.6683545000, -0.0082141950, 0.0097561810, 0.7437336000)
(-0.6683759000, -0.0081178140, 0.0097795530, 0.7437152000)
(-0.6685259000, -0.0081698870, 0.0097498220, 0.7435801000)
(-0.6683409000, -0.0082161090, 0.0096738000, 0.7437469000)
(-0.6683872000, -0.0082129590, 0.0096517910, 0.7437056000)
(-0.6683643000, -0.0083299950, 0.0096687160, 0.7437247000)
(-0.6683475000, -0.0082471220, 0.0095595460, 0.7437420000)
(-0.6683071000, -0.0081950840, 0.0097411900, 0.7437767000)
(-0.6684716000, -0.0083141620, 0.0096449300, 0.7436287000)
(-0.6684440000, -0.0081920220, 0.0096018300, 0.7436554000)
(-0.6682175000, -0.0082482280, 0.0096428620, 0.7438579000)
(-0.6683432000, -0.0081257500, 0.0096945820, 0.7437454000)
(-0.6682948000, -0.0083091890, 0.0096138740, 0.7437880000)
(-0.6683862000, -0.0083376230, 0.0097179690, 0.7437042000)
(-0.6684261000, -0.0082786290, 0.0096553160, 0.7436699000)
(-0.6685299000, -0.0083703700, 0.0096832710, 0.7435752000)
(-0.6684782000, -0.0083241900, 0.0096784990, 0.7436222000)
(-0.6683872000, -0.0083947240, 0.0095933940, 0.7437043000)
(-0.6683851000, -0.0083318520, 0.0096761990, 0.7437058000)
(-0.6684011000, -0.0083091790, 0.0094846180, 0.7436941000)
(-0.6684684000, -0.0084017350, 0.0096697440, 0.7436303000)
(-0.6684256000, -0.0083492990, 0.0096982500, 0.7436689000)
(-0.6683468000, -0.0083886630, 0.0095186420, 0.7437417000)
(-0.6682989000, -0.0083619060, 0.0096922810, 0.7437828000)
(-0.6684752000, -0.0083432530, 0.0096290670, 0.7436253000)
(-0.6685498000, -0.0083298480, 0.0096536850, 0.7435582000)
(-0.6685956000, -0.0085258340, 0.0095383220, 0.7435162000)
(-0.6684402000, -0.0084732160, 0.0095898330, 0.7436558000)
(-0.6684922000, -0.0084424830, 0.0097296770, 0.7436076000)
(-0.6684763000, -0.0083048660, 0.0095895310, 0.7436252000)
(-0.6685548000, -0.0084354420, 0.0095686680, 0.7435535000)
(-0.6684488000, -0.0084475850, 0.0094758570, 0.7436498000)
(-0.6683052000, -0.0082279450, 0.0095034670, 0.7437811000)
(-0.6684325000, -0.0083330440, 0.0095343500, 0.7436650000)
(-0.6684209000, -0.0083888350, 0.0094680390, 0.7436756000)
(-0.6685767000, -0.0085363390, 0.0095303480, 0.7435332000)
(-0.6684210000, -0.0084269550, 0.0094696820, 0.7436752000)
(-0.6684363000, -0.0084555710, 0.0093759380, 0.7436623000)
(-0.6683716000, -0.0084174030, 0.0094602810, 0.7437198000)
(-0.6684523000, -0.0083197340, 0.0093485400, 0.7436498000)
(-0.6683742000, -0.0084494170, 0.0093777840, 0.7437181000)
(-0.6683354000, -0.0083034590, 0.0094095440, 0.7437542000)
(-0.6683421000, -0.0083889450, 0.0093982180, 0.7437474000)
(-0.6682847000, -0.0083707410, 0.0093657370, 0.7437996000)
(-0.6682272000, -0.0083804210, 0.0093360460, 0.7438515000)
(-0.6683182000, -0.0084663320, 0.0092424940, 0.7437699000)
(-0.6681840000, -0.0083479920, 0.0093199510, 0.7438909000)
(-0.6682409000, -0.0083068540, 0.0095062640, 0.7438379000)
(-0.6682844000, -0.0085617690, 0.0093970710, 0.7437972000)
(-0.6683046000, -0.0084788830, 0.0093449930, 0.7437809000)
(-0.6682971000, -0.0084937420, 0.0093421590, 0.7437873000)
(-0.6682897000, -0.0085763070, 0.0094667960, 0.7437915000)
(-0.6683143000, -0.0086310440, 0.0093915360, 0.7437697000)
(-0.6682195000, -0.0086324780, 0.0092870780, 0.7438562000)
(-0.6683604000, -0.0088227420, 0.0093932780, 0.7437260000)
(-0.6684790000, -0.0087108530, 0.0093046320, 0.7436218000)
(-0.6683411000, -0.0087201360, 0.0095069130, 0.7437431000)
(-0.6682564000, -0.0086357310, 0.0095040380, 0.7438202000)
(-0.6682442000, -0.0085421020, 0.0094557870, 0.7438329000)
(-0.6683608000, -0.0086784190, 0.0094513090, 0.7437266000)
(-0.6683679000, -0.0086046220, 0.0095204330, 0.7437202000)
(-0.6682613000, -0.0087792100, 0.0095043790, 0.7438142000)
(-0.6681959000, -0.0085156970, 0.0095562710, 0.7438753000)
(-0.6682312000, -0.0086971400, 0.0094663850, 0.7438425000)
(-0.6682981000, -0.0087225890, 0.0094919240, 0.7437819000)
(-0.6683277000, -0.0086667610, 0.0094639690, 0.7437562000)
(-0.6683970000, -0.0087679750, 0.0096474180, 0.7436905000)
(-0.6684238000, -0.0088192750, 0.0095039690, 0.7436677000)
(-0.6682195000, -0.0088004250, 0.0095415710, 0.7438509000)
(-0.6683218000, -0.0087633890, 0.0096038270, 0.7437587000)
(-0.6684279000, -0.0087865270, 0.0094095410, 0.7436656000)
(-0.6685130000, -0.0086784950, 0.0095935020, 0.7435880000)
(-0.6683583000, -0.0087102210, 0.0095414810, 0.7437273000)
(-0.6683658000, -0.0086927960, 0.0095395370, 0.7437208000)
(-0.6682894000, -0.0088142270, 0.0095731820, 0.7437876000)
(-0.6683905000, -0.0087342190, 0.0095548200, 0.7436979000)
(-0.6684309000, -0.0089116900, 0.0096539250, 0.7436582000)
(-0.6685209000, -0.0086645790, 0.0096444780, 0.7435804000)
(-0.6683706000, -0.0087769570, 0.0097312150, 0.7437131000)
(-0.6683965000, -0.0087178720, 0.0096271600, 0.7436918000)
(-0.6684272000, -0.0088228830, 0.0096040540, 0.7436632000)
(-0.6683974000, -0.0087148240, 0.0095051770, 0.7436926000)
(-0.6684307000, -0.0087085000, 0.0095262180, 0.7436624000)
(-0.6683539000, -0.0086428160, 0.0097046470, 0.7437300000)
(-0.6681782000, -0.0087521430, 0.0095868340, 0.7438880000)
(-0.6682056000, -0.0085845480, 0.0096845880, 0.7438641000)
(-0.6683288000, -0.0087930390, 0.0096735940, 0.7437511000)
(-0.6683983000, -0.0087861970, 0.0095795310, 0.7436901000)
(-0.6683787000, -0.0086338130, 0.0096343810, 0.7437087000)
(-0.6682743000, -0.0085812720, 0.0096765490, 0.7438025000)
(-0.6683208000, -0.0087846900, 0.0096024270, 0.7437594000)
(-0.6683736000, -0.0087974960, 0.0096795840, 0.7437107000)
(-0.6683805000, -0.0086757600, 0.0095887770, 0.7437072000)
(-0.6684573000, -0.0087619050, 0.0094504530, 0.7436389000)
(-0.6683545000, -0.0087521250, 0.0095357830, 0.7437303000)
(-0.6683495000, -0.0086224450, 0.0095228620, 0.7437364000)
(-0.6684000000, -0.0087600870, 0.0096448950, 0.7436879000)
(-0.6682773000, -0.0087506940, 0.0096890280, 0.7437977000)
(-0.6682838000, -0.0088262470, 0.0096740340, 0.7437912000)
(-0.6683260000, -0.0087746100, 0.0095713350, 0.7437553000)
(-0.6683887000, -0.0087302770, 0.0095645570, 0.7436995000)
(-0.6683722000, -0.0087078200, 0.0096277760, 0.7437139000)
(-0.6683788000, -0.0087117490, 0.0096616720, 0.7437072000)
(-0.6683230000, -0.0087536910, 0.0097182440, 0.7437562000)
(-0.6682646000, -0.0088014750, 0.0095329290, 0.7438105000)
(-0.6683812000, -0.0087857140, 0.0095533680, 0.7437058000)
(-0.6682183000, -0.0087219200, 0.0094759200, 0.7438538000)
(-0.6682613000, -0.0087103940, 0.0095317820, 0.7438146000)
(-0.6683150000, -0.0087324650, 0.0094532690, 0.7437671000)
(-0.6682449000, -0.0087497890, 0.0094196840, 0.7438303000)
(-0.6682323000, -0.0086978660, 0.0095901900, 0.7438401000)
(-0.6682621000, -0.0087283970, 0.0096655860, 0.7438119000)
(-0.6681249000, -0.0086585040, 0.0095462140, 0.7439376000)
(-0.6680720000, -0.0086976360, 0.0095447750, 0.7439846000)
(-0.6681683000, -0.0087497320, 0.0096204560, 0.7438965000)
(-0.6681665000, -0.0088230890, 0.0095024570, 0.7438987000)
(-0.6682169000, -0.0088064170, 0.0096927460, 0.7438513000)
(-0.6681472000, -0.0087611880, 0.0096033610, 0.7439155000)
(-0.6681401000, -0.0086715700, 0.0096284990, 0.7439227000)
(-0.6680214000, -0.0088140890, 0.0096149760, 0.7440278000)
(-0.6680392000, -0.0087589510, 0.0096784110, 0.7440116000)
(-0.6680503000, -0.0088212950, 0.0097526220, 0.7439999000)
(-0.6679776000, -0.0086214510, 0.0095665870, 0.7440700000)
(-0.6680112000, -0.0086882670, 0.0095403110, 0.7440394000)
(-0.6679296000, -0.0086339250, 0.0096238500, 0.7441122000)
(-0.6680157000, -0.0086946020, 0.0097140840, 0.7440330000)
(-0.6681514000, -0.0087392080, 0.0095310220, 0.7439131000)
(-0.6682233000, -0.0087812940, 0.0097985080, 0.7438444000)
(-0.6682107000, -0.0087383710, 0.0096610120, 0.7438580000)
(-0.6679904000, -0.0087767770, 0.0095726880, 0.7440566000)
(-0.6681483000, -0.0087267370, 0.0097238890, 0.7439134000)
(-0.6682975000, -0.0086828420, 0.0097552980, 0.7437795000)
(-0.6682319000, -0.0088618910, 0.0098001200, 0.7438357000)
(-0.6683235000, -0.0086042330, 0.0098627540, 0.7437556000)
(-0.6682335000, -0.0087009920, 0.0097250710, 0.7438372000)
(-0.6682227000, -0.0088178770, 0.0098077710, 0.7438444000)
(-0.6681833000, -0.0086892280, 0.0097450620, 0.7438822000)
(-0.6682786000, -0.0087116300, 0.0097190060, 0.7437966000)
(-0.6682545000, -0.0086618650, 0.0095870430, 0.7438205000)
(-0.6683233000, -0.0088011510, 0.0096977920, 0.7437556000)
(-0.6683226000, -0.0087452410, 0.0097657330, 0.7437561000)
(-0.6682214000, -0.0088530300, 0.0097864880, 0.7438455000)
(-0.6682606000, -0.0087136840, 0.0097469580, 0.7438124000)
(-0.6682909000, -0.0087256710, 0.0097009780, 0.7437857000)
(-0.6682974000, -0.0087319260, 0.0096292920, 0.7437806000)
(-0.6683112000, -0.0087706410, 0.0096868240, 0.7437671000)
(-0.6683771000, -0.0088260210, 0.0097873770, 0.7437059000)
(-0.6684191000, -0.0087946570, 0.0097723760, 0.7436687000)
(-0.6683519000, -0.0087020460, 0.0098542780, 0.7437291000)
(-0.6683142000, -0.0086229590, 0.0098518840, 0.7437639000)
(-0.6682768000, -0.0086971290, 0.0099217000, 0.7437957000)
(-0.6683354000, -0.0087212200, 0.0096595510, 0.7437462000)
(-0.6684405000, -0.0086704410, 0.0097302010, 0.7436514000)
(-0.6685212000, -0.0087411330, 0.0097413440, 0.7435779000)
(-0.6685539000, -0.0087892060, 0.0097618580, 0.7435477000)
(-0.6685703000, -0.0085972430, 0.0097853140, 0.7435349000)
(-0.6684833000, -0.0088084710, 0.0098167830, 0.7436102000)
(-0.6684737000, -0.0087759340, 0.0097666640, 0.7436199000)
(-0.6685398000, -0.0086495330, 0.0097836710, 0.7435617000)
(-0.6685045000, -0.0087053380, 0.0098390860, 0.7435921000)
(-0.6685814000, -0.0086837130, 0.0098378390, 0.7435231000)
(-0.6684613000, -0.0087574120, 0.0097067310, 0.7436321000)
(-0.6683254000, -0.0087079500, 0.0097682960, 0.7437539000)
(-0.6682057000, -0.0086208580, 0.0097256500, 0.7438631000)
(-0.6682150000, -0.0087137120, 0.0096644500, 0.7438545000)
(-0.6683786000, -0.0087240870, 0.0095537980, 0.7437088000)
(-0.6683031000, -0.0086919920, 0.0095041610, 0.7437775000)
(-0.6683568000, -0.0086997520, 0.0095097280, 0.7437292000)
(-0.6683067000, -0.0087883570, 0.0096545520, 0.7437714000)
(-0.6682640000, -0.0087207800, 0.0096338840, 0.7438107000)
(-0.6681950000, -0.0086425570, 0.0096629050, 0.7438732000)
(-0.6683432000, -0.0086890600, 0.0094085160, 0.7437428000)
(-0.6682973000, -0.0088136990, 0.0095868010, 0.7437803000)
(-0.6683801000, -0.0086232280, 0.0095625300, 0.7437084000)
(-0.6683481000, -0.0087546480, 0.0095301520, 0.7437361000)
(-0.6682814000, -0.0087477210, 0.0095354840, 0.7437961000)
(-0.6683558000, -0.0086558570, 0.0095092330, 0.7437306000)
(-0.6683407000, -0.0088079780, 0.0095260980, 0.7437422000)
(-0.6682076000, -0.0086849210, 0.0096305060, 0.7438619000)
(-0.6683661000, -0.0087970270, 0.0095776110, 0.7437188000)
(-0.6683823000, -0.0086772650, 0.0097339260, 0.7437037000)
(-0.6683532000, -0.0086933830, 0.0096562470, 0.7437306000)
(-0.6683254000, -0.0087508030, 0.0095567750, 0.7437563000)
(-0.6682427000, -0.0088757820, 0.0096268980, 0.7438281000)
(-0.6682145000, -0.0087194160, 0.0094616960, 0.7438575000)
(-0.6681613000, -0.0087165940, 0.0095739140, 0.7439038000)
(-0.6682628000, -0.0088206730, 0.0094768330, 0.7438127000)
(-0.6682509000, -0.0086853060, 0.0095168360, 0.7438244000)
(-0.6682650000, -0.0088260680, 0.0095562350, 0.7438096000)
(-0.6682910000, -0.0086642630, 0.0093174600, 0.7437912000)
(-0.6684061000, -0.0085800730, 0.0094683010, 0.7436868000)
(-0.6682727000, -0.0087365370, 0.0094738590, 0.7438048000)
(-0.6682136000, -0.0086863720, 0.0094209740, 0.7438591000)
(-0.6683518000, -0.0087968130, 0.0093819870, 0.7437342000)
(-0.6683887000, -0.0087093310, 0.0095649510, 0.7436997000)
(-0.6682597000, -0.0086581560, 0.0095972540, 0.7438158000)
(-0.6682717000, -0.0086866750, 0.0095024550, 0.7438059000)
(-0.6683220000, -0.0087718380, 0.0095435690, 0.7437592000)
(-0.6682485000, -0.0088309290, 0.0095987360, 0.7438238000)
(-0.6681978000, -0.0086819160, 0.0096031110, 0.7438711000)
(-0.6683413000, -0.0086211900, 0.0095501170, 0.7437435000)
(-0.6682104000, -0.0086972570, 0.0094782040, 0.7438612000)
(-0.6681157000, -0.0086202630, 0.0095550610, 0.7439461000)
(-0.6680679000, -0.0085904640, 0.0094110200, 0.7439913000)
(-0.6680388000, -0.0087407020, 0.0095409660, 0.7440139000)
(-0.6681303000, -0.0087140840, 0.0095497570, 0.7439320000)
(-0.6680858000, -0.0085940990, 0.0096202260, 0.7439725000)
(-0.6680827000, -0.0087137050, 0.0096656420, 0.7439733000)
(-0.6681128000, -0.0085621670, 0.0096557620, 0.7439480000)
(-0.6682690000, -0.0086398600, 0.0097042480, 0.7438062000)
(-0.6681837000, -0.0087030250, 0.0095986410, 0.7438836000)
(-0.6683431000, -0.0086330360, 0.0096647900, 0.7437403000)
(-0.6683891000, -0.0086710230, 0.0095950640, 0.7436993000)
(-0.6682539000, -0.0086331450, 0.0094946930, 0.7438226000)
(-0.6682548000, -0.0086877010, 0.0094196740, 0.7438221000)
(-0.6683210000, -0.0086716590, 0.0094727270, 0.7437622000)
(-0.6683120000, -0.0087039070, 0.0095007390, 0.7437695000)
(-0.6683066000, -0.0086177640, 0.0096359560, 0.7437736000)
(-0.6681558000, -0.0086830430, 0.0096014310, 0.7439088000)
(-0.6682507000, -0.0085810410, 0.0096083190, 0.7438246000)
(-0.6681699000, -0.0086634210, 0.0095223210, 0.7438974000)
(-0.6682354000, -0.0086057740, 0.0094580710, 0.7438400000)
(-0.6681840000, -0.0087450900, 0.0095570370, 0.7438834000)
(-0.6682407000, -0.0086466650, 0.0095710190, 0.7438332000)
(-0.6681775000, -0.0086888100, 0.0095199540, 0.7438903000)
(-0.6683139000, -0.0086775820, 0.0094556490, 0.7437688000)
(-0.6683177000, -0.0087260900, 0.0094538400, 0.7437647000)
(-0.6683053000, -0.0087315600, 0.0095715050, 0.7437743000)
(-0.6683317000, -0.0086414560, 0.0095680130, 0.7437517000)
(-0.6682646000, -0.0085866940, 0.0094725730, 0.7438138000)
(-0.6682311000, -0.0086448180, 0.0095037900, 0.7438428000)
(-0.6682937000, -0.0085255740, 0.0094540410, 0.7437887000)
(-0.6683311000, -0.0085529360, 0.0095495110, 0.7437535000)
(-0.6682887000, -0.0085932090, 0.0095321560, 0.7437913000)
(-0.6682638000, -0.0085649610, 0.0094650850, 0.7438149000)
(-0.6682411000, -0.0085635910, 0.0096206910, 0.7438332000)
(-0.6683659000, -0.0086134580, 0.0094424910, 0.7437229000)
(-0.6684050000, -0.0085904970, 0.0094486800, 0.7436879000)
(-0.6682933000, -0.0086871210, 0.0095075040, 0.7437865000)
(-0.6683701000, -0.0086147650, 0.0096706280, 0.7437161000)
(-0.6683399000, -0.0086660020, 0.0097159010, 0.7437420000)
(-0.6682876000, -0.0086639700, 0.0094434240, 0.7437927000)
(-0.6682335000, -0.0086501050, 0.0095148230, 0.7438405000)
(-0.6681251000, -0.0084818030, 0.0096043210, 0.7439387000)
(-0.6681398000, -0.0086120670, 0.0096241550, 0.7439237000)
(-0.6680986000, -0.0085152970, 0.0096252810, 0.7439618000)
(-0.6681688000, -0.0085005980, 0.0096558300, 0.7438986000)
(-0.6681117000, -0.0085681900, 0.0096917540, 0.7439486000)
(-0.6680783000, -0.0085832300, 0.0096375580, 0.7439790000)
(-0.6681416000, -0.0086098770, 0.0096120820, 0.7439222000)
(-0.6682469000, -0.0085803200, 0.0096186190, 0.7438279000)
(-0.6682388000, -0.0087659110, 0.0096143620, 0.7438331000)
(-0.6682447000, -0.0087207040, 0.0097552910, 0.7438265000)
(-0.6681588000, -0.0086047960, 0.0097358390, 0.7439052000)
(-0.6683291000, -0.0086903970, 0.0098489780, 0.7437497000)
(-0.6683002000, -0.0085682060, 0.0099265140, 0.7437761000)
(-0.6683964000, -0.0085953120, 0.0096582620, 0.7436929000)
(-0.6682906000, -0.0087911640, 0.0097763370, 0.7437842000)
(-0.6682718000, -0.0087109410, 0.0096484770, 0.7438037000)
(-0.6681284000, -0.0086615960, 0.0098043910, 0.7439311000)
(-0.6682486000, -0.0086870860, 0.0097143370, 0.7438239000)
(-0.6681745000, -0.0086321420, 0.0097835630, 0.7438902000)
(-0.6681889000, -0.0086170210, 0.0098602350, 0.7438764000)
(-0.6680881000, -0.0086715790, 0.0096934050, 0.7439685000)
(-0.6681285000, -0.0085702420, 0.0096024680, 0.7439346000)
(-0.6682047000, -0.0086268310, 0.0095767940, 0.7438658000)
(-0.6682084000, -0.0085466100, 0.0097972930, 0.7438606000)
(-0.6682667000, -0.0086004230, 0.0097389600, 0.7438083000)
(-0.6681302000, -0.0087105670, 0.0097340790, 0.7439297000)
(-0.6682307000, -0.0085645230, 0.0098380640, 0.7438398000)
(-0.6681890000, -0.0087341390, 0.0097446460, 0.7438765000)
(-0.6682862000, -0.0086946610, 0.0096608540, 0.7437907000)
(-0.6683089000, -0.0086518280, 0.0097775020, 0.7437693000)
(-0.6682423000, -0.0087477040, 0.0097859010, 0.7438279000)
(-0.6683714000, -0.0087167500, 0.0098307710, 0.7437117000)
(-0.6684234000, -0.0087124530, 0.0096633970, 0.7436672000)
(-0.6684281000, -0.0085740360, 0.0096512620, 0.7436647000)
(-0.6683968000, -0.0087130940, 0.0096909500, 0.7436908000)
(-0.6684303000, -0.0086525080, 0.0096907450, 0.7436613000)
(-0.6684436000, -0.0087515820, 0.0098037770, 0.7436468000)
(-0.6684355000, -0.0086303350, 0.0097374150, 0.7436563000)
(-0.6684684000, -0.0087975400, 0.0097667000, 0.7436244000)
(-0.6684644000, -0.0087700610, 0.0098822770, 0.7436268000)
(-0.6684588000, -0.0086596880, 0.0098117390, 0.7436342000)
(-0.6684392000, -0.0086618860, 0.0097067490, 0.7436530000)
(-0.6684430000, -0.0086791040, 0.0096948020, 0.7436496000)
(-0.6684079000, -0.0086714720, 0.0097133680, 0.7436810000)
(-0.6684653000, -0.0084703330, 0.0097915300, 0.7436306000)
(-0.6683368000, -0.0086831500, 0.0097314510, 0.7437444000)
(-0.6682913000, -0.0085212820, 0.0096314040, 0.7437886000)
(-0.6683178000, -0.0086218530, 0.0096075310, 0.7437639000)
(-0.6683035000, -0.0085587860, 0.0096047770, 0.7437775000)
(-0.6683026000, -0.0086745450, 0.0096868700, 0.7437758000)
(-0.6682304000, -0.0086553220, 0.0094952490, 0.7438435000)
(-0.6682491000, -0.0088031430, 0.0096835950, 0.7438225000)
(-0.6683612000, -0.0086610780, 0.0097476650, 0.7437226000)
(-0.6683035000, -0.0086688780, 0.0096136960, 0.7437761000)
(-0.6683133000, -0.0086283120, 0.0096098000, 0.7437679000)
(-0.6682900000, -0.0087060760, 0.0096002880, 0.7437880000)
(-0.6681468000, -0.0086726110, 0.0096074040, 0.7439169000)
(-0.6682528000, -0.0087717440, 0.0095858840, 0.7438208000)
(-0.6682325000, -0.0086108240, 0.0096186860, 0.7438405000)
(-0.6681712000, -0.0085552340, 0.0096394020, 0.7438959000)
(-0.6681955000, -0.0086391330, 0.0095496430, 0.7438743000)
(-0.6681463000, -0.0085887280, 0.0097041270, 0.7439171000)
(-0.6680639000, -0.0086250770, 0.0097212090, 0.7439904000)
(-0.6681563000, -0.0087161150, 0.0095666670, 0.7439083000)
(-0.6681891000, -0.0087867930, 0.0093954520, 0.7438803000)
(-0.6681833000, -0.0085826770, 0.0093693200, 0.7438882000)
(-0.6681082000, -0.0085719260, 0.0094831050, 0.7439544000)
(-0.6680743000, -0.0085521400, 0.0095517500, 0.7439842000)
(-0.6681554000, -0.0085243560, 0.0094532360, 0.7439128000)
(-0.6681744000, -0.0085288850, 0.0094318660, 0.7438961000)
(-0.6681191000, -0.0085746900, 0.0094305690, 0.7439452000)
(-0.6681347000, -0.0083978550, 0.0093855790, 0.7439338000)
(-0.6681275000, -0.0084899550, 0.0094878310, 0.7439379000)
(-0.6681846000, -0.0083558970, 0.0095265560, 0.7438876000)
(-0.6682587000, -0.0085234510, 0.0093318630, 0.7438216000)
(-0.6682083000, -0.0085338490, 0.0094092970, 0.7438658000)
(-0.6681866000, -0.0085755710, 0.0094037440, 0.7438849000)
(-0.6682470000, -0.0084905600, 0.0094021900, 0.7438316000)
(-0.6682473000, -0.0085081910, 0.0093286530, 0.7438322000)
(-0.6681539000, -0.0086307550, 0.0094423300, 0.7439131000)
(-0.6681229000, -0.0086118890, 0.0092987380, 0.7439430000)
(-0.6680974000, -0.0085265370, 0.0094216870, 0.7439654000)
(-0.6682177000, -0.0083459070, 0.0094315550, 0.7438593000)
(-0.6681798000, -0.0087117550, 0.0094551390, 0.7438889000)
(-0.6680654000, -0.0084642230, 0.0095040940, 0.7439938000)
(-0.6681471000, -0.0083621700, 0.0094107100, 0.7439227000)
(-0.6681184000, -0.0085272280, 0.0094792500, 0.7439457000)
(-0.6681246000, -0.0084131520, 0.0094932950, 0.7439412000)
(-0.6680905000, -0.0085122360, 0.0095367340, 0.7439702000)
(-0.6680304000, -0.0084283550, 0.0093813180, 0.7440271000)
(-0.6680722000, -0.0084824390, 0.0093852780, 0.7439890000)
(-0.6681398000, -0.0084363990, 0.0094588320, 0.7439278000)
(-0.6681712000, -0.0085286760, 0.0094076240, 0.7438992000)
(-0.6681300000, -0.0084913570, 0.0093696510, 0.7439371000)
(-0.6682130000, -0.0085378350, 0.0094894310, 0.7438606000)
(-0.6681826000, -0.0085637570, 0.0092853110, 0.7438901000)
(-0.6681160000, -0.0085099560, 0.0093357680, 0.7439499000)
(-0.6681473000, -0.0087082000, 0.0093531440, 0.7439193000)
(-0.6682072000, -0.0086328480, 0.0094261160, 0.7438655000)
(-0.6682019000, -0.0086604500, 0.0094424000, 0.7438697000)
(-0.6681727000, -0.0086453290, 0.0094031590, 0.7438965000)
(-0.6680786000, -0.0086902270, 0.0095268080, 0.7439790000)
(-0.6681342000, -0.0086229880, 0.0094851940, 0.7439304000)
(-0.6681310000, -0.0087795000, 0.0094346480, 0.7439321000)
(-0.6682060000, -0.0086026910, 0.0096244650, 0.7438644000)
(-0.6681575000, -0.0087779390, 0.0094476170, 0.7439080000)
(-0.6681448000, -0.0087690270, 0.0095126490, 0.7439188000)
(-0.6680717000, -0.0086745270, 0.0095559260, 0.7439850000)
(-0.6681869000, -0.0086293430, 0.0096921610, 0.7438803000)
(-0.6683394000, -0.0086870920, 0.0095352890, 0.7437447000)
(-0.6682437000, -0.0087069950, 0.0096092320, 0.7438294000)
(-0.6682233000, -0.0087541960, 0.0096234530, 0.7438471000)
(-0.6682742000, -0.0087068320, 0.0095899230, 0.7438023000)
(-0.6683469000, -0.0086622700, 0.0095017330, 0.7437386000)
(-0.6684058000, -0.0087170490, 0.0095466930, 0.7436845000)
(-0.6683192000, -0.0085480690, 0.0095786280, 0.7437638000)
(-0.6681538000, -0.0088009710, 0.0096025540, 0.7439092000)
(-0.6682540000, -0.0087456130, 0.0095146650, 0.7438210000)
(-0.6682321000, -0.0086328290, 0.0095701470, 0.7438412000)
(-0.6682701000, -0.0087216610, 0.0096177030, 0.7438055000)
(-0.6683478000, -0.0085392720, 0.0096612120, 0.7437372000)
(-0.6684403000, -0.0086999280, 0.0093919500, 0.7436556000)
(-0.6682637000, -0.0087025340, 0.0095477420, 0.7438123000)
(-0.6682541000, -0.0086101680, 0.0095229680, 0.7438223000)
(-0.6683497000, -0.0087318380, 0.0094208950, 0.7437364000)
(-0.6681699000, -0.0086407430, 0.0095186470, 0.7438977000)
(-0.6681023000, -0.0086931260, 0.0095704160, 0.7439571000)
(-0.6681851000, -0.0086620460, 0.0093553550, 0.7438858000)
(-0.6682282000, -0.0087317000, 0.0095994480, 0.7438433000)
(-0.6683457000, -0.0086229390, 0.0094802630, 0.7437404000)
(-0.6683370000, -0.0086415030, 0.0094513000, 0.7437484000)
(-0.6683599000, -0.0087120790, 0.0095949400, 0.7437252000)
(-0.6683619000, -0.0086837860, 0.0095235300, 0.7437246000)
(-0.6683674000, -0.0086531370, 0.0095025750, 0.7437203000)
(-0.6683309000, -0.0087689580, 0.0095854080, 0.7437507000)
(-0.6682434000, -0.0088007550, 0.0096345930, 0.7438282000)
(-0.6682497000, -0.0086434870, 0.0096476560, 0.7438242000)
(-0.6682682000, -0.0086990460, 0.0094091510, 0.7438101000)
(-0.6682939000, -0.0087008340, 0.0095126570, 0.7437857000)
(-0.6682019000, -0.0085515940, 0.0095137000, 0.7438700000)
(-0.6682429000, -0.0084909160, 0.0095164690, 0.7438339000)
(-0.6682278000, -0.0086563740, 0.0096670650, 0.7438436000)
(-0.6681038000, -0.0084228250, 0.0094500150, 0.7439604000)
(-0.6682465000, -0.0086184410, 0.0096024750, 0.7438281000)
(-0.6683183000, -0.0085623240, 0.0096516290, 0.7437636000)
(-0.6682487000, -0.0085710590, 0.0096379300, 0.7438262000)
(-0.6682056000, -0.0085693230, 0.0097045810, 0.7438640000)
(-0.6681889000, -0.0085321260, 0.0095448630, 0.7438815000)
(-0.6681941000, -0.0086372680, 0.0096210240, 0.7438747000)
(-0.6682221000, -0.0086561130, 0.0097176900, 0.7438480000)
(-0.6683997000, -0.0086641160, 0.0097268970, 0.7436882000)
(-0.6682007000, -0.0085603690, 0.0096314650, 0.7438695000)
(-0.6682445000, -0.0085494950, 0.0096388370, 0.7438302000)
(-0.6682043000, -0.0086414950, 0.0094187570, 0.7438681000)
(-0.6682267000, -0.0086581060, 0.0096878840, 0.7438443000)
(-0.6683085000, -0.0085288380, 0.0095836200, 0.7437736000)
(-0.6682065000, -0.0085598430, 0.0096316310, 0.7438643000)
(-0.6681750000, -0.0086608190, 0.0095149850, 0.7438929000)
(-0.6681924000, -0.0084144920, 0.0095916940, 0.7438791000)
(-0.6682633000, -0.0083536000, 0.0095805810, 0.7438163000)
(-0.6681745000, -0.0084696730, 0.0096912540, 0.7438933000)
(-0.6681874000, -0.0085566660, 0.0095850810, 0.7438821000)
(-0.6681071000, -0.0085113110, 0.0097527870, 0.7439525000)
(-0.6681770000, -0.0085205610, 0.0096667450, 0.7438908000)
(-0.6680717000, -0.0083861030, 0.0096811100, 0.7439866000)
(-0.6681437000, -0.0085019100, 0.0096825820, 0.7439207000)
(-0.6682928000, -0.0084174260, 0.0095804040, 0.7437890000)
(-0.6683168000, -0.0084567990, 0.0095534650, 0.7437674000)
(-0.6682267000, -0.0085456340, 0.0097474280, 0.7438449000)
(-0.6681583000, -0.0085286390, 0.0096628180, 0.7439075000)
(-0.6682004000, -0.0083685800, 0.0096394480, 0.7438718000)
(-0.6682684000, -0.0085793580, 0.0098803220, 0.7438051000)
(-0.6682818000, -0.0084286700, 0.0096976470, 0.7437972000)
(-0.6682224000, -0.0084671850, 0.0097200280, 0.7438499000)
(-0.6682261000, -0.0084495030, 0.0097147140, 0.7438468000)
(-0.6682133000, -0.0083673190, 0.0096054000, 0.7438607000)
(-0.6682481000, -0.0084277820, 0.0097584060, 0.7438267000)
(-0.6681370000, -0.0083128560, 0.0095869870, 0.7439300000)
(-0.6682485000, -0.0084223050, 0.0096182660, 0.7438282000)
(-0.6682332000, -0.0083481140, 0.0097229530, 0.7438415000)
(-0.6681430000, -0.0083551820, 0.0096127890, 0.7439239000)
(-0.6681994000, -0.0083607500, 0.0097132480, 0.7438719000)
(-0.6682953000, -0.0083335940, 0.0096577400, 0.7437868000)
(-0.6683092000, -0.0084064920, 0.0095408750, 0.7437749000)
(-0.6682100000, -0.0084387030, 0.0096262390, 0.7438626000)
(-0.6682716000, -0.0083360400, 0.0095513300, 0.7438094000)
(-0.6682404000, -0.0083301500, 0.0096521670, 0.7438362000)
(-0.6682970000, -0.0083634200, 0.0097578090, 0.7437836000)
(-0.6683685000, -0.0084187800, 0.0096016820, 0.7437207000)
(-0.6683676000, -0.0084150010, 0.0096614410, 0.7437208000)
(-0.6683137000, -0.0083524920, 0.0095527160, 0.7437714000)
(-0.6682012000, -0.0084125880, 0.0095493850, 0.7438717000)
(-0.6681718000, -0.0084205170, 0.0096510660, 0.7438968000)
(-0.6682127000, -0.0083130790, 0.0097384980, 0.7438602000)
(-0.6682493000, -0.0083075940, 0.0096156490, 0.7438290000)
(-0.6683025000, -0.0082089940, 0.0095625580, 0.7437829000)
(-0.6683000000, -0.0084844740, 0.0094066950, 0.7437840000)
(-0.6682654000, -0.0084305410, 0.0094547710, 0.7438151000)
(-0.6681362000, -0.0084027100, 0.0094996540, 0.7439309000)
(-0.6680309000, -0.0083008320, 0.0095647420, 0.7440258000)
(-0.6682571000, -0.0082719470, 0.0095372660, 0.7438233000)
(-0.6682272000, -0.0085340810, 0.0096195290, 0.7438462000)
(-0.6683356000, -0.0084205920, 0.0095136460, 0.7437513000)
(-0.6683673000, -0.0084359790, 0.0095825310, 0.7437219000)
(-0.6682000000, -0.0083957710, 0.0095917080, 0.7438725000)
(-0.6682917000, -0.0085154470, 0.0096713530, 0.7437877000)
(-0.6682384000, -0.0083159000, 0.0096449430, 0.7438383000)
(-0.6681773000, -0.0084625730, 0.0095536680, 0.7438927000)
(-0.6681865000, -0.0083420690, 0.0095120490, 0.7438863000)
(-0.6681274000, -0.0084024780, 0.0096264210, 0.7439373000)
(-0.6681917000, -0.0082652820, 0.0093989960, 0.7438839000)
(-0.6683493000, -0.0083798630, 0.0094371340, 0.7437406000)
(-0.6681669000, -0.0082857810, 0.0095904010, 0.7439035000)
(-0.6682525000, -0.0083232790, 0.0094191450, 0.7438284000)
(-0.6682735000, -0.0084047180, 0.0094575350, 0.7438082000)
(-0.6681660000, -0.0084046550, 0.0095783470, 0.7439032000)
(-0.6681652000, -0.0082552530, 0.0096422590, 0.7439047000)
(-0.6681727000, -0.0083937920, 0.0095521350, 0.7438976000)
(-0.6682399000, -0.0083096660, 0.0093236080, 0.7438411000)
(-0.6683018000, -0.0084503200, 0.0095162120, 0.7437814000)
(-0.6683171000, -0.0084808760, 0.0096621350, 0.7437654000)
(-0.6682490000, -0.0083808690, 0.0095246990, 0.7438296000)
(-0.6681772000, -0.0084827680, 0.0095956230, 0.7438920000)
(-0.6683077000, -0.0084737950, 0.0095300260, 0.7437756000)
(-0.6681632000, -0.0082667040, 0.0095276880, 0.7439078000)
(-0.6681150000, -0.0083961540, 0.0096378490, 0.7439483000)
(-0.6682655000, -0.0084532950, 0.0096923640, 0.7438118000)
(-0.6682295000, -0.0084968790, 0.0095638690, 0.7438452000)
(-0.6680889000, -0.0084982250, 0.0096053810, 0.7439709000)
(-0.6681889000, -0.0085224900, 0.0094986060, 0.7438822000)
(-0.6682034000, -0.0085230020, 0.0095032070, 0.7438692000)
(-0.6682513000, -0.0084982200, 0.0094290360, 0.7438273000)
(-0.6681650000, -0.0085480940, 0.0095934240, 0.7439022000)
(-0.6681726000, -0.0085256480, 0.0094879060, 0.7438970000)
(-0.6681813000, -0.0084168070, 0.0094587490, 0.7438908000)
(-0.6681973000, -0.0084897290, 0.0093682480, 0.7438768000)
(-0.6681364000, -0.0083800620, 0.0094274760, 0.7439320000)
(-0.6681912000, -0.0084860660, 0.0095507170, 0.7438800000)
(-0.6682174000, -0.0083693960, 0.0095035830, 0.7438583000)
(-0.6680712000, -0.0083461520, 0.0095310330, 0.7439895000)
(-0.6683363000, -0.0084125190, 0.0095499820, 0.7437504000)
(-0.6682146000, -0.0083805970, 0.0095772370, 0.7438598000)
(-0.6682190000, -0.0084102370, 0.0095236620, 0.7438562000)
(-0.6682059000, -0.0084406870, 0.0094214570, 0.7438689000)
(-0.6680629000, -0.0084347970, 0.0096008220, 0.7439951000)
(-0.6679843000, -0.0082972140, 0.0094574470, 0.7440690000)
(-0.6682258000, -0.0085399690, 0.0095715480, 0.7438480000)
(-0.6681653000, -0.0084456350, 0.0096791270, 0.7439020000)
(-0.6681809000, -0.0083838140, 0.0095544400, 0.7438903000)
(-0.6682236000, -0.0084773160, 0.0096068200, 0.7438501000)
(-0.6683004000, -0.0083491360, 0.0096633640, 0.7437819000)
(-0.6682533000, -0.0084779870, 0.0097032710, 0.7438223000)
(-0.6682627000, -0.0084776500, 0.0097113220, 0.7438136000)
(-0.6680999000, -0.0084087870, 0.0096918850, 0.7439610000)
(-0.6681557000, -0.0085567790, 0.0094892220, 0.7439118000)
(-0.6680542000, -0.0085683950, 0.0097251620, 0.7439998000)
(-0.6681780000, -0.0083564750, 0.0094962620, 0.7438939000)
(-0.6682620000, -0.0085847210, 0.0096301180, 0.7438142000)
(-0.6680799000, -0.0085265630, 0.0096022690, 0.7439788000)
(-0.6680573000, -0.0085527340, 0.0096564280, 0.7439981000)
(-0.6682028000, -0.0084734080, 0.0095687460, 0.7438694000)
(-0.6681214000, -0.0085765150, 0.0096827280, 0.7439398000)
(-0.6681319000, -0.0085635400, 0.0096509290, 0.7439310000)
(-0.6681449000, -0.0086736430, 0.0094955880, 0.7439200000)
(-0.6682578000, -0.0084346260, 0.0096120520, 0.7438199000)
(-0.6681910000, -0.0084577420, 0.0096324630, 0.7438794000)
(-0.6682318000, -0.0085069140, 0.0096336730, 0.7438421000)
(-0.6683350000, -0.0085763600, 0.0095981830, 0.7437491000)
(-0.6682582000, -0.0086446060, 0.0096193180, 0.7438170000)
(-0.6683568000, -0.0086950010, 0.0095583630, 0.7437287000)
(-0.6683017000, -0.0086832180, 0.0095948730, 0.7437778000)
(-0.6683236000, -0.0085875560, 0.0097294390, 0.7437575000)
(-0.6682637000, -0.0086111240, 0.0095699360, 0.7438130000)
(-0.6681359000, -0.0086266550, 0.0095606870, 0.7439279000)
(-0.6681983000, -0.0084554890, 0.0095840160, 0.7438734000)
(-0.6682027000, -0.0086067720, 0.0096644600, 0.7438667000)
(-0.6682367000, -0.0086646990, 0.0097315930, 0.7438346000)
(-0.6682725000, -0.0085360820, 0.0095841590, 0.7438059000)
(-0.6683032000, -0.0085810810, 0.0097015560, 0.7437763000)
(-0.6682089000, -0.0085029830, 0.0096945810, 0.7438620000)
(-0.6681807000, -0.0087102900, 0.0098266660, 0.7438831000)
(-0.6681980000, -0.0086377720, 0.0096895410, 0.7438703000)
(-0.6681590000, -0.0085226730, 0.0097126240, 0.7439064000)
(-0.6681589000, -0.0085578230, 0.0096570370, 0.7439067000)
(-0.6681878000, -0.0084154670, 0.0097431770, 0.7438813000)
(-0.6681235000, -0.0085315310, 0.0097215980, 0.7439380000)
(-0.6680632000, -0.0084481030, 0.0097631990, 0.7439926000)
(-0.6680652000, -0.0084798480, 0.0098487990, 0.7439893000)
(-0.6682038000, -0.0084451330, 0.0097871340, 0.7438660000)
(-0.6682431000, -0.0082809500, 0.0099618620, 0.7438303000)
(-0.6681669000, -0.0083242210, 0.0098567910, 0.7438996000)
(-0.6682145000, -0.0084713820, 0.0099160310, 0.7438544000)
(-0.6682630000, -0.0085727860, 0.0097219540, 0.7438121000)
(-0.6681726000, -0.0084020490, 0.0096979860, 0.7438956000)
(-0.6681407000, -0.0085499910, 0.0098701520, 0.7439204000)
(-0.6681455000, -0.0085940120, 0.0100174300, 0.7439136000)
(-0.6682556000, -0.0086197120, 0.0098936480, 0.7438161000)
(-0.6681340000, -0.0085105840, 0.0099102950, 0.7439263000)
(-0.6683640000, -0.0085113730, 0.0100612000, 0.7437176000)
(-0.6681625000, -0.0084340220, 0.0100040500, 0.7439004000)
(-0.6682814000, -0.0084555780, 0.0100957200, 0.7437921000)
(-0.6682953000, -0.0083992700, 0.0099291040, 0.7437825000)
(-0.6681757000, -0.0084159690, 0.0098934590, 0.7438901000)
(-0.6681700000, -0.0084052900, 0.0099034330, 0.7438952000)
(-0.6682125000, -0.0084278410, 0.0099032020, 0.7438569000)
(-0.6681846000, -0.0084986460, 0.0099030210, 0.7438812000)
(-0.6681423000, -0.0084910000, 0.0098103640, 0.7439204000)
(-0.6681325000, -0.0084403670, 0.0099230070, 0.7439283000)
(-0.6683291000, -0.0085648610, 0.0099040510, 0.7437505000)
(-0.6682702000, -0.0084347080, 0.0099185480, 0.7438048000)
(-0.6682687000, -0.0084716410, 0.0098565540, 0.7438065000)
(-0.6681135000, -0.0085792790, 0.0097737920, 0.7439457000)
(-0.6682391000, -0.0085119980, 0.0098255750, 0.7438330000)
(-0.6683207000, -0.0084119460, 0.0097868460, 0.7437614000)
(-0.6683007000, -0.0084710730, 0.0098934440, 0.7437772000)
(-0.6682959000, -0.0085447820, 0.0098096760, 0.7437817000)
(-0.6683341000, -0.0085821860, 0.0099260770, 0.7437456000)
(-0.6684167000, -0.0084781350, 0.0099489050, 0.7436721000)
(-0.6683950000, -0.0085220440, 0.0098372640, 0.7436927000)
(-0.6685029000, -0.0085454540, 0.0097514230, 0.7435966000)
(-0.6684364000, -0.0084397150, 0.0099097430, 0.7436554000)
(-0.6684216000, -0.0085622490, 0.0098159580, 0.7436686000)
(-0.6683388000, -0.0085680600, 0.0098262130, 0.7437428000)
(-0.6683605000, -0.0084052910, 0.0098454540, 0.7437248000)
(-0.6683308000, -0.0085389180, 0.0098456840, 0.7437500000)
(-0.6683424000, -0.0084736510, 0.0097100420, 0.7437422000)
(-0.6683988000, -0.0084802690, 0.0099263610, 0.7436886000)
(-0.6684250000, -0.0085753910, 0.0096740690, 0.7436672000)
(-0.6683125000, -0.0085872480, 0.0098100750, 0.7437664000)
(-0.6684248000, -0.0086282210, 0.0097010520, 0.7436665000)
(-0.6683601000, -0.0084907900, 0.0097448280, 0.7437256000)
(-0.6683919000, -0.0084393100, 0.0096660740, 0.7436987000)
(-0.6683040000, -0.0086571580, 0.0097633870, 0.7437739000)
(-0.6682462000, -0.0085465430, 0.0097878890, 0.7438267000)
(-0.6683277000, -0.0086079560, 0.0097460220, 0.7437533000)
(-0.6682540000, -0.0085918590, 0.0098250860, 0.7438187000)
(-0.6682369000, -0.0087097280, 0.0098755660, 0.7438321000)
(-0.6682229000, -0.0087286020, 0.0096146250, 0.7438478000)
(-0.6681803000, -0.0087417680, 0.0097264410, 0.7438844000)
(-0.6682851000, -0.0088657660, 0.0097522620, 0.7437885000)
(-0.6682987000, -0.0087411790, 0.0096783930, 0.7437788000)
(-0.6682774000, -0.0086677340, 0.0097435490, 0.7437980000)
(-0.6683134000, -0.0086379490, 0.0096896150, 0.7437665000)
(-0.6682686000, -0.0086866200, 0.0096464610, 0.7438068000)
(-0.6682609000, -0.0086238670, 0.0097213000, 0.7438135000)
(-0.6681893000, -0.0085880080, 0.0096109350, 0.7438797000)
(-0.6683144000, -0.0084758330, 0.0096825700, 0.7437677000)
(-0.6682393000, -0.0086158330, 0.0095805530, 0.7438348000)
(-0.6681523000, -0.0086278060, 0.0098151530, 0.7439098000)
(-0.6682131000, -0.0084652360, 0.0096271420, 0.7438595000)
(-0.6682242000, -0.0086484740, 0.0095914470, 0.7438479000)
(-0.6681381000, -0.0086015120, 0.0096842980, 0.7439245000)
(-0.6681255000, -0.0085946220, 0.0096903400, 0.7439359000)
(-0.6682184000, -0.0086223760, 0.0096799630, 0.7438522000)
(-0.6682613000, -0.0084990340, 0.0096813650, 0.7438151000)
(-0.6684031000, -0.0086589830, 0.0096700200, 0.7436859000)
(-0.6683411000, -0.0085573420, 0.0096066360, 0.7437437000)
(-0.6682552000, -0.0086969320, 0.0096231340, 0.7438191000)
(-0.6681859000, -0.0085435970, 0.0097931880, 0.7438808000)
(-0.6682895000, -0.0084973940, 0.0095384470, 0.7437916000)
(-0.6682343000, -0.0086796870, 0.0097698690, 0.7438361000)
(-0.6682085000, -0.0086552190, 0.0097839520, 0.7438594000)
(-0.6682101000, -0.0086493590, 0.0097889280, 0.7438580000)
(-0.6682807000, -0.0085983430, 0.0098667770, 0.7437941000)
(-0.6682974000, -0.0086319760, 0.0099170060, 0.7437781000)
(-0.6683044000, -0.0085245200, 0.0098665140, 0.7437736000)
(-0.6681428000, -0.0086471520, 0.0099155250, 0.7439168000)
(-0.6681379000, -0.0085919540, 0.0097845280, 0.7439235000)
(-0.6681308000, -0.0085601920, 0.0096415900, 0.7439321000)
(-0.6682506000, -0.0085067420, 0.0097755920, 0.7438234000)
(-0.6682408000, -0.0083733470, 0.0096061910, 0.7438359000)
(-0.6681130000, -0.0084857370, 0.0096392580, 0.7439490000)
(-0.6681132000, -0.0085904860, 0.0096669380, 0.7439473000)
(-0.6681158000, -0.0084998240, 0.0097075500, 0.7439454000)
(-0.6681671000, -0.0084627760, 0.0096730750, 0.7439003000)
(-0.6682257000, -0.0085747920, 0.0096867010, 0.7438462000)
(-0.6681452000, -0.0084585750, 0.0096668780, 0.7439200000)
(-0.6681551000, -0.0085385770, 0.0097842080, 0.7439088000)
(-0.6682133000, -0.0085472520, 0.0096539070, 0.7438580000)
(-0.6682556000, -0.0085009330, 0.0097101760, 0.7438199000)
(-0.6681955000, -0.0084762000, 0.0096521400, 0.7438748000)
(-0.6682554000, -0.0086622150, 0.0095084100, 0.7438207000)
(-0.6682345000, -0.0085015390, 0.0095218430, 0.7438412000)
(-0.6681932000, -0.0084620050, 0.0096506360, 0.7438771000)
(-0.6682226000, -0.0085408680, 0.0095553360, 0.7438510000)
(-0.6682395000, -0.0083826640, 0.0095870540, 0.7438372000)
(-0.6682271000, -0.0086250060, 0.0096655430, 0.7438446000)
(-0.6681966000, -0.0084828400, 0.0095990050, 0.7438744000)
(-0.6681648000, -0.0085832990, 0.0095216650, 0.7439029000)
(-0.6681715000, -0.0087043150, 0.0096463100, 0.7438939000)
(-0.6682192000, -0.0085464320, 0.0096237020, 0.7438532000)
(-0.6683696000, -0.0085615860, 0.0096302590, 0.7437177000)
(-0.6682448000, -0.0085281430, 0.0094833500, 0.7438321000)
(-0.6682847000, -0.0085339540, 0.0096073300, 0.7437946000)
(-0.6682897000, -0.0086080530, 0.0096177710, 0.7437893000)
(-0.6683035000, -0.0085758740, 0.0096704620, 0.7437765000)
(-0.6682162000, -0.0086028080, 0.0095706790, 0.7438558000)
(-0.6681553000, -0.0085437080, 0.0096043660, 0.7439108000)
(-0.6682223000, -0.0085580330, 0.0097751430, 0.7438483000)
(-0.6682457000, -0.0085112920, 0.0095779950, 0.7438303000)
(-0.6682206000, -0.0084862530, 0.0097281240, 0.7438512000)
(-0.6680938000, -0.0085963490, 0.0098290740, 0.7439625000)
(-0.6680990000, -0.0085442110, 0.0096249270, 0.7439610000)
(-0.6681598000, -0.0084580370, 0.0096305930, 0.7439074000)
(-0.6681799000, -0.0086160400, 0.0098727570, 0.7438843000)
(-0.6681444000, -0.0085462880, 0.0098056290, 0.7439179000)
(-0.6680726000, -0.0086104750, 0.0098844040, 0.7439806000)
(-0.6679412000, -0.0084644820, 0.0098793290, 0.7441004000)
(-0.6679869000, -0.0083868350, 0.0098739640, 0.7440603000)
(-0.6679348000, -0.0085172220, 0.0098381380, 0.7441061000)
(-0.6679611000, -0.0082696300, 0.0095690070, 0.7440888000)
(-0.6679710000, -0.0084755790, 0.0099235450, 0.7440729000)
(-0.6678420000, -0.0084334410, 0.0098517040, 0.7441902000)
(-0.6679455000, -0.0084264600, 0.0098592520, 0.7440972000)
(-0.6680837000, -0.0083977710, 0.0097879910, 0.7439744000)
(-0.6679767000, -0.0083807270, 0.0097566800, 0.7440711000)
(-0.6679657000, -0.0084851490, 0.0098433810, 0.7440786000)
(-0.6677991000, -0.0082808020, 0.0098749140, 0.7442300000)
(-0.6678666000, -0.0083819390, 0.0098568110, 0.7441686000)
(-0.6678426000, -0.0082705480, 0.0098712800, 0.7441912000)
(-0.6678215000, -0.0082185270, 0.0099774430, 0.7442092000)
(-0.6678862000, -0.0081046470, 0.0099063700, 0.7441534000)
(-0.6677756000, -0.0083466390, 0.0098608120, 0.7442506000)
(-0.6677216000, -0.0082214220, 0.0098223280, 0.7443009000)
(-0.6677389000, -0.0082825490, 0.0099017050, 0.7442836000)
(-0.6678225000, -0.0082073710, 0.0100307900, 0.7442077000)
(-0.6679374000, -0.0081110670, 0.0100425500, 0.7441055000)
(-0.6679361000, -0.0082344310, 0.0099409930, 0.7441067000)
(-0.6679384000, -0.0080592250, 0.0100739200, 0.7441048000)
(-0.6679025000, -0.0081441170, 0.0100251400, 0.7441367000)
(-0.6679865000, -0.0082044020, 0.0100952300, 0.7440597000)
(-0.6681199000, -0.0082528840, 0.0100862300, 0.7439395000)
(-0.6681499000, -0.0082717580, 0.0102147400, 0.7439106000)
(-0.6681261000, -0.0082929130, 0.0099584670, 0.7439352000)
(-0.6682044000, -0.0082929380, 0.0102443500, 0.7438610000)
(-0.6680550000, -0.0082629290, 0.0101236800, 0.7439972000)
(-0.6679975000, -0.0081749820, 0.0100331900, 0.7440510000)
(-0.6680032000, -0.0083203900, 0.0099692730, 0.7440451000)
(-0.6681546000, -0.0082860350, 0.0100828200, 0.7439080000)
(-0.6680563000, -0.0081960800, 0.0100285600, 0.7439981000)
(-0.6681538000, -0.0083004260, 0.0100032200, 0.7439097000)
(-0.6681572000, -0.0082497780, 0.0099166320, 0.7439083000)
(-0.6680472000, -0.0081675570, 0.0100495800, 0.7440062000)
(-0.6682109000, -0.0081776320, 0.0099503790, 0.7438604000)
(-0.6681747000, -0.0081477520, 0.0099573190, 0.7438931000)
(-0.6681219000, -0.0082514780, 0.0100697300, 0.7439380000)
(-0.6681107000, -0.0081755840, 0.0098812530, 0.7439514000)
(-0.6680540000, -0.0081190870, 0.0099293750, 0.7440022000)
(-0.6680747000, -0.0083027490, 0.0098917630, 0.7439821000)
(-0.6680918000, -0.0080716970, 0.0098957010, 0.7439693000)
(-0.6680745000, -0.0081614110, 0.0100495000, 0.7439818000)
(-0.6680145000, -0.0080052700, 0.0100379300, 0.7440375000)
(-0.6679980000, -0.0080075120, 0.0099822370, 0.7440531000)
(-0.6679066000, -0.0080132440, 0.0099707800, 0.7441352000)
(-0.6680457000, -0.0079753860, 0.0100265400, 0.7440100000)
(-0.6680865000, -0.0080865030, 0.0099448460, 0.7439733000)
(-0.6680521000, -0.0081491950, 0.0099694070, 0.7440031000)
(-0.6680176000, -0.0079513740, 0.0100581200, 0.7440351000)
(-0.6678228000, -0.0081538050, 0.0100569700, 0.7442077000)
(-0.6679609000, -0.0080979350, 0.0099933880, 0.7440853000)
(-0.6680298000, -0.0081425310, 0.0099870520, 0.7440230000)
(-0.6679807000, -0.0080208750, 0.0100295500, 0.7440678000)
(-0.6680286000, -0.0081447470, 0.0100395400, 0.7440234000)
(-0.6680206000, -0.0080877440, 0.0099073110, 0.7440329000)
(-0.6680535000, -0.0081280500, 0.0100121200, 0.7440015000)
(-0.6680105000, -0.0082034470, 0.0099831810, 0.7440397000)
(-0.6679911000, -0.0080823610, 0.0100482000, 0.7440575000)
(-0.6681331000, -0.0081918810, 0.0099557340, 0.7439300000)
(-0.6680757000, -0.0081751780, 0.0100043100, 0.7439812000)
(-0.6680974000, -0.0081029540, 0.0099189780, 0.7439637000)
(-0.6680713000, -0.0080819610, 0.0100831600, 0.7439851000)
(-0.6681150000, -0.0083360770, 0.0099351700, 0.7439450000)
(-0.6682709000, -0.0082087700, 0.0099117370, 0.7438068000)
(-0.6681555000, -0.0082760490, 0.0099004100, 0.7439098000)
(-0.6681143000, -0.0082433660, 0.0099872020, 0.7439460000)
(-0.6681671000, -0.0082886900, 0.0098942120, 0.7438993000)
(-0.6681288000, -0.0082352430, 0.0100170700, 0.7439326000)
(-0.6682739000, -0.0082647560, 0.0099150680, 0.7438033000)
(-0.6681338000, -0.0081526560, 0.0097997040, 0.7439320000)
(-0.6680111000, -0.0083516960, 0.0099012470, 0.7440386000)
(-0.6681176000, -0.0083289460, 0.0098959070, 0.7439432000)
(-0.6681350000, -0.0082419850, 0.0099466150, 0.7439280000)
(-0.6681483000, -0.0082959530, 0.0100682100, 0.7439138000)
(-0.6680698000, -0.0082251660, 0.0099505460, 0.7439867000)
(-0.6681569000, -0.0082387340, 0.0100055100, 0.7439075000)
(-0.6681716000, -0.0083052020, 0.0100891600, 0.7438924000)
(-0.6681851000, -0.0083085320, 0.0098192420, 0.7438840000)
(-0.6680697000, -0.0083976270, 0.0099954640, 0.7439842000)
(-0.6681657000, -0.0083589390, 0.0100568200, 0.7438976000)
(-0.6680630000, -0.0081553810, 0.0100638400, 0.7439920000)
(-0.6681093000, -0.0083153750, 0.0101173400, 0.7439479000)
(-0.6682305000, -0.0083020550, 0.0099846000, 0.7438410000)
(-0.6680937000, -0.0082451580, 0.0099893170, 0.7439644000)
(-0.6679003000, -0.0083664050, 0.0100436200, 0.7441360000)
(-0.6680717000, -0.0082617660, 0.0101020700, 0.7439824000)
(-0.6680257000, -0.0083864950, 0.0101591300, 0.7440217000)
(-0.6680995000, -0.0083967350, 0.0101321300, 0.7439557000)
(-0.6680695000, -0.0082007030, 0.0099723340, 0.7439869000)
(-0.6679729000, -0.0083280270, 0.0100066600, 0.7440717000)
(-0.6679864000, -0.0083149620, 0.0100213900, 0.7440596000)
(-0.6680993000, -0.0083084570, 0.0100165400, 0.7439584000)
(-0.6681187000, -0.0083593140, 0.0100511900, 0.7439399000)
(-0.6681727000, -0.0082934330, 0.0099076620, 0.7438940000)
(-0.6679770000, -0.0083364700, 0.0099927530, 0.7440681000)
(-0.6680111000, -0.0083147050, 0.0099859550, 0.7440379000)
(-0.6681929000, -0.0082295480, 0.0099700840, 0.7438758000)
(-0.6681556000, -0.0082515870, 0.0099828050, 0.7439089000)
(-0.6681831000, -0.0082413910, 0.0099226990, 0.7438850000)
(-0.6680652000, -0.0081860200, 0.0100627000, 0.7439896000)
(-0.6679583000, -0.0082484340, 0.0098788530, 0.7440874000)
(-0.6680743000, -0.0080514230, 0.0099549070, 0.7439844000)
(-0.6681255000, -0.0081804170, 0.0099452060, 0.7439372000)
(-0.6681476000, -0.0081274650, 0.0100017800, 0.7439172000)
(-0.6681387000, -0.0081719190, 0.0099804710, 0.7439250000)
(-0.6680747000, -0.0082614130, 0.0100104100, 0.7439811000)
(-0.6681367000, -0.0080640380, 0.0099374470, 0.7439286000)
(-0.6681674000, -0.0081576470, 0.0098047600, 0.7439016000)
(-0.6681033000, -0.0081770020, 0.0099069830, 0.7439577000)
(-0.6681123000, -0.0082084910, 0.0099319730, 0.7439489000)
(-0.6679806000, -0.0081217730, 0.0098489940, 0.7440693000)
(-0.6681166000, -0.0080888020, 0.0098907380, 0.7439469000)
(-0.6679615000, -0.0082184040, 0.0099723770, 0.7440836000)
(-0.6680934000, -0.0081608980, 0.0099296720, 0.7439664000)
(-0.6681330000, -0.0082473620, 0.0099007680, 0.7439304000)
(-0.6681135000, -0.0081869130, 0.0100348500, 0.7439467000)
(-0.6681802000, -0.0080425870, 0.0099418590, 0.7438897000)
(-0.6682131000, -0.0081503340, 0.0098893860, 0.7438595000)
(-0.6681757000, -0.0082023400, 0.0098257030, 0.7438934000)
(-0.6682134000, -0.0080449120, 0.0099330430, 0.7438599000)
(-0.6682573000, -0.0081543650, 0.0100290100, 0.7438180000)
(-0.6683219000, -0.0080014360, 0.0097599270, 0.7437652000)
(-0.6682555000, -0.0081543160, 0.0099099860, 0.7438211000)
(-0.6681951000, -0.0080875150, 0.0098470160, 0.7438769000)
(-0.6681923000, -0.0081666480, 0.0099488710, 0.7438774000)
(-0.6681270000, -0.0081735290, 0.0100385200, 0.7439347000)
(-0.6681989000, -0.0081123710, 0.0099517630, 0.7438719000)
(-0.6682378000, -0.0082961310, 0.0099561860, 0.7438349000)
(-0.6681473000, -0.0081638870, 0.0098874480, 0.7439185000)
(-0.6680068000, -0.0081525090, 0.0098807930, 0.7440449000)
(-0.6681271000, -0.0080350050, 0.0099158180, 0.7439377000)
(-0.6680213000, -0.0081527840, 0.0098229490, 0.7440327000)
(-0.6680890000, -0.0081451380, 0.0099311590, 0.7439705000)
(-0.6681197000, -0.0081253220, 0.0100138200, 0.7439420000)
(-0.6679304000, -0.0081689420, 0.0097766210, 0.7441148000)
(-0.6679967000, -0.0081513090, 0.0099078850, 0.7440537000)
(-0.6680982000, -0.0081930160, 0.0099328640, 0.7439618000)
(-0.6680334000, -0.0082075650, 0.0099918810, 0.7440189000)
(-0.6680759000, -0.0080304690, 0.0100314900, 0.7439822000)
(-0.6680405000, -0.0080435940, 0.0099607720, 0.7440148000)
(-0.6679596000, -0.0080683530, 0.0097008930, 0.7440906000)
(-0.6679732000, -0.0080582250, 0.0100513200, 0.7440738000)
(-0.6680667000, -0.0080346430, 0.0099553030, 0.7439915000)
(-0.6680792000, -0.0081085430, 0.0099343540, 0.7439796000)
(-0.6680793000, -0.0079115120, 0.0100484400, 0.7439802000)
(-0.6680685000, -0.0080556240, 0.0097402730, 0.7439924000)
(-0.6681176000, -0.0080104260, 0.0099545170, 0.7439460000)
(-0.6680443000, -0.0080509620, 0.0098243940, 0.7440131000)
(-0.6679862000, -0.0081091520, 0.0099248920, 0.7440633000)
(-0.6680167000, -0.0081329690, 0.0099721710, 0.7440351000)
(-0.6681483000, -0.0081263610, 0.0098017270, 0.7439192000)
(-0.6679550000, -0.0081067230, 0.0097560130, 0.7440936000)
(-0.6680527000, -0.0079806720, 0.0098412770, 0.7440060000)
(-0.6680970000, -0.0082170750, 0.0098574910, 0.7439635000)
(-0.6682364000, -0.0081112360, 0.0098788540, 0.7438393000)
(-0.6680234000, -0.0080091200, 0.0099098400, 0.7440312000)
(-0.6679548000, -0.0081706020, 0.0098834330, 0.7440914000)
(-0.6680241000, -0.0081323170, 0.0097149880, 0.7440318000)
(-0.6680021000, -0.0080581260, 0.0099326750, 0.7440495000)
(-0.6681166000, -0.0080002220, 0.0099574490, 0.7439469000)
(-0.6679820000, -0.0080118330, 0.0098511380, 0.7440692000)
(-0.6680873000, -0.0080184960, 0.0098100300, 0.7439750000)
(-0.6679838000, -0.0079899330, 0.0098242290, 0.7440681000)
(-0.6679001000, -0.0081519240, 0.0098705120, 0.7441408000)
(-0.6680028000, -0.0080134490, 0.0098441660, 0.7440506000)
(-0.6678991000, -0.0080976070, 0.0099293940, 0.7441416000)
(-0.6680027000, -0.0080631490, 0.0099360100, 0.7440488000)
(-0.6680802000, -0.0080581140, 0.0097395250, 0.7439820000)
(-0.6679666000, -0.0079787530, 0.0099451250, 0.7440821000)
(-0.6680526000, -0.0081186040, 0.0098967130, 0.7440040000)
(-0.6680350000, -0.0080635030, 0.0098501660, 0.7440209000)
(-0.6679990000, -0.0080659910, 0.0098495340, 0.7440533000)
(-0.6680526000, -0.0080440620, 0.0098411140, 0.7440056000)
(-0.6681973000, -0.0080806540, 0.0098584960, 0.7438749000)
(-0.6682201000, -0.0081029190, 0.0097756380, 0.7438553000)
(-0.6681272000, -0.0079849030, 0.0097368560, 0.7439405000)
(-0.6681421000, -0.0081044750, 0.0098850660, 0.7439239000)
(-0.6681358000, -0.0079476280, 0.0098542090, 0.7439317000)
(-0.6682055000, -0.0079599100, 0.0098402330, 0.7438691000)
(-0.6682560000, -0.0079225750, 0.0098745610, 0.7438237000)
(-0.6682115000, -0.0080482370, 0.0099045660, 0.7438619000)
(-0.6681027000, -0.0080095860, 0.0099873360, 0.7439590000)
(-0.6681774000, -0.0080550090, 0.0100046800, 0.7438911000)
(-0.6680868000, -0.0081534810, 0.0100029800, 0.7439715000)
(-0.6681213000, -0.0080722200, 0.0098759770, 0.7439432000)
(-0.6680887000, -0.0080847990, 0.0098222270, 0.7439730000)
(-0.6680808000, -0.0080833760, 0.0100068900, 0.7439775000)
(-0.6681504000, -0.0081392350, 0.0098960480, 0.7439159000)
(-0.6681941000, -0.0080197780, 0.0099961670, 0.7438766000)
(-0.6681980000, -0.0080287340, 0.0099675480, 0.7438734000)
(-0.6681804000, -0.0080527090, 0.0100498400, 0.7438879000)
(-0.6682870000, -0.0080485110, 0.0101407000, 0.7437909000)
(-0.6681540000, -0.0081449190, 0.0101762900, 0.7439089000)
(-0.6681042000, -0.0081711660, 0.0099579790, 0.7439563000)
(-0.6680611000, -0.0082616280, 0.0099379430, 0.7439942000)
(-0.6682492000, -0.0082128000, 0.0099447930, 0.7438257000)
(-0.6681599000, -0.0082246880, 0.0100459200, 0.7439045000)
(-0.6681590000, -0.0082793070, 0.0100654600, 0.7439044000)
(-0.6680261000, -0.0082611440, 0.0099587280, 0.7440254000)
(-0.6680968000, -0.0083620780, 0.0100030800, 0.7439602000)
(-0.6681843000, -0.0081672530, 0.0100458800, 0.7438831000)
(-0.6681073000, -0.0083344410, 0.0100628700, 0.7439502000)
(-0.6680982000, -0.0081453360, 0.0100549500, 0.7439606000)
(-0.6680690000, -0.0082417720, 0.0097866310, 0.7439893000)
(-0.6680099000, -0.0082257220, 0.0099234220, 0.7440408000)
(-0.6680754000, -0.0082546600, 0.0100839200, 0.7439795000)
(-0.6681275000, -0.0083872150, 0.0100279000, 0.7439319000)
(-0.6681225000, -0.0083152740, 0.0100492600, 0.7439370000)
(-0.6680833000, -0.0083555130, 0.0100675800, 0.7439715000)
(-0.6681168000, -0.0082250300, 0.0100912900, 0.7439425000)
(-0.6680898000, -0.0084631470, 0.0099350080, 0.7439662000)
(-0.6682009000, -0.0084630620, 0.0099178500, 0.7438667000)
(-0.6681812000, -0.0083275160, 0.0099480850, 0.7438855000)
(-0.6682135000, -0.0083307550, 0.0100570300, 0.7438550000)
(-0.6682121000, -0.0083988160, 0.0099543080, 0.7438568000)
(-0.6682872000, -0.0084021990, 0.0099421610, 0.7437895000)
(-0.6681600000, -0.0083969890, 0.0099912220, 0.7439032000)
(-0.6681684000, -0.0083268310, 0.0100178500, 0.7438961000)
(-0.6681763000, -0.0083667540, 0.0098383570, 0.7438909000)
(-0.6683013000, -0.0084277690, 0.0098652620, 0.7437775000)
(-0.6682653000, -0.0084155440, 0.0100504800, 0.7438076000)
(-0.6681936000, -0.0083091350, 0.0099734530, 0.7438743000)
(-0.6683056000, -0.0083970380, 0.0099310750, 0.7437731000)
(-0.6682216000, -0.0083071170, 0.0099526930, 0.7438493000)
(-0.6682197000, -0.0084715360, 0.0099093170, 0.7438498000)
(-0.6682409000, -0.0084429910, 0.0098630450, 0.7438317000)
(-0.6681428000, -0.0084239890, 0.0098613590, 0.7439200000)
(-0.6682394000, -0.0083010710, 0.0099290370, 0.7438338000)
(-0.6681985000, -0.0083296210, 0.0098489800, 0.7438712000)
(-0.6680980000, -0.0083485530, 0.0098982620, 0.7439607000)
(-0.6680667000, -0.0084464200, 0.0099386980, 0.7439871000)
(-0.6681010000, -0.0082768960, 0.0098719840, 0.7439591000)
(-0.6681588000, -0.0083284960, 0.0100490200, 0.7439043000)
(-0.6681722000, -0.0084338950, 0.0101261400, 0.7438900000)
(-0.6681880000, -0.0083479680, 0.0099874050, 0.7438787000)
(-0.6680514000, -0.0084784340, 0.0100910700, 0.7439984000)
(-0.6680783000, -0.0083083540, 0.0100879500, 0.7439762000)
(-0.6680422000, -0.0084907890, 0.0101117200, 0.7440063000)
(-0.6681201000, -0.0082434880, 0.0100700300, 0.7439396000)
(-0.6680234000, -0.0084069390, 0.0100306700, 0.7440252000)
(-0.6681198000, -0.0083838810, 0.0099851490, 0.7439395000)
(-0.6679145000, -0.0083016110, 0.0099782770, 0.7441248000)
(-0.6679727000, -0.0083734640, 0.0099176300, 0.7440726000)
(-0.6679856000, -0.0082861020, 0.0099755640, 0.7440612000)
(-0.6680101000, -0.0083900090, 0.0098802870, 0.7440394000)
(-0.6678969000, -0.0084293480, 0.0099436450, 0.7441396000)
(-0.6679042000, -0.0083036810, 0.0099576490, 0.7441344000)
(-0.6679544000, -0.0084321910, 0.0100887600, 0.7440861000)
(-0.6680549000, -0.0083315080, 0.0099839000, 0.7439984000)
(-0.6681164000, -0.0083904770, 0.0099510670, 0.7439430000)
(-0.6680183000, -0.0085313350, 0.0098784290, 0.7440304000)
(-0.6680936000, -0.0085876000, 0.0099000660, 0.7439619000)
(-0.6680668000, -0.0084531370, 0.0099747920, 0.7439864000)
(-0.6681334000, -0.0084655310, 0.0098281880, 0.7439284000)
(-0.6681972000, -0.0084739780, 0.0098576740, 0.7438707000)
(-0.6681108000, -0.0085829000, 0.0098810770, 0.7439467000)
(-0.6680853000, -0.0085118350, 0.0097882220, 0.7439716000)
(-0.6681408000, -0.0084653570, 0.0097442400, 0.7439229000)
(-0.6681316000, -0.0086135610, 0.0098401490, 0.7439282000)
(-0.6681393000, -0.0084370660, 0.0097494300, 0.7439246000)
(-0.6680295000, -0.0084843120, 0.0098145120, 0.7440218000)
(-0.6680551000, -0.0084883960, 0.0098673160, 0.7439980000)
(-0.6682003000, -0.0086397130, 0.0095940170, 0.7438694000)
(-0.6682577000, -0.0085988720, 0.0097228500, 0.7438166000)
(-0.6681347000, -0.0084174220, 0.0097278670, 0.7439292000)
(-0.6681181000, -0.0083755450, 0.0098279910, 0.7439432000)
(-0.6681587000, -0.0083246940, 0.0098411780, 0.7439071000)
(-0.6682130000, -0.0084799730, 0.0097905410, 0.7438573000)
(-0.6681395000, -0.0083694900, 0.0097963540, 0.7439245000)
(-0.6681902000, -0.0084838450, 0.0098279900, 0.7438772000)
(-0.6680194000, -0.0085206740, 0.0095911810, 0.7440333000)
(-0.6681038000, -0.0084385580, 0.0097399110, 0.7439566000)
(-0.6681140000, -0.0085921310, 0.0098151780, 0.7439446000)
(-0.6681616000, -0.0083970980, 0.0097866190, 0.7439045000)
(-0.6681944000, -0.0086047300, 0.0097717470, 0.7438728000)
(-0.6681225000, -0.0085048320, 0.0097280950, 0.7439392000)
(-0.6681398000, -0.0084595520, 0.0097804890, 0.7439234000)
(-0.6681899000, -0.0085292030, 0.0096787500, 0.7438790000)
(-0.6679963000, -0.0085354220, 0.0097818170, 0.7440513000)
(-0.6682256000, -0.0085451770, 0.0097702830, 0.7438455000)
(-0.6681361000, -0.0085921460, 0.0097986000, 0.7439250000)
(-0.6680771000, -0.0085671690, 0.0097002250, 0.7439795000)
(-0.6681532000, -0.0085167410, 0.0096837860, 0.7439120000)
(-0.6682144000, -0.0084565120, 0.0097015830, 0.7438574000)
(-0.6681839000, -0.0085057280, 0.0096014690, 0.7438856000)
(-0.6681046000, -0.0084683400, 0.0095851580, 0.7439574000)
(-0.6680608000, -0.0084547470, 0.0098079160, 0.7439941000)
(-0.6680619000, -0.0083609050, 0.0096650440, 0.7439960000)
(-0.6681683000, -0.0084045700, 0.0096661480, 0.7438999000)
(-0.6681788000, -0.0084576230, 0.0097852960, 0.7438884000)
(-0.6682736000, -0.0084200750, 0.0096445380, 0.7438054000)
(-0.6680868000, -0.0085701220, 0.0097791550, 0.7439697000)
(-0.6681432000, -0.0084719940, 0.0097439340, 0.7439207000)
(-0.6683123000, -0.0085159800, 0.0096907290, 0.7437690000)
(-0.6682474000, -0.0085869840, 0.0097065970, 0.7438263000)
(-0.6682141000, -0.0084498960, 0.0097988240, 0.7438565000)
(-0.6680614000, -0.0082598210, 0.0097626460, 0.7439963000)
(-0.6680515000, -0.0082761180, 0.0097790710, 0.7440048000)
(-0.6680878000, -0.0083617730, 0.0098651750, 0.7439702000)
(-0.6680064000, -0.0082351540, 0.0098085850, 0.7440453000)
(-0.6680691000, -0.0083960390, 0.0097839930, 0.7439875000)
(-0.6680709000, -0.0084870710, 0.0098971440, 0.7439834000)
(-0.6679559000, -0.0083629640, 0.0101168400, 0.7440851000)
(-0.6681199000, -0.0083899000, 0.0099302890, 0.7439401000)
(-0.6681472000, -0.0082571430, 0.0097140570, 0.7439198000)
(-0.6680514000, -0.0083626990, 0.0098410260, 0.7440030000)
(-0.6680598000, -0.0081749150, 0.0097594140, 0.7439987000)
(-0.6682170000, -0.0084224890, 0.0098544030, 0.7438535000)
(-0.6682518000, -0.0083983480, 0.0098957650, 0.7438219000)
(-0.6682223000, -0.0082367400, 0.0098249340, 0.7438512000)
(-0.6681078000, -0.0083047780, 0.0097948550, 0.7439538000)
(-0.6682402000, -0.0082316690, 0.0095290550, 0.7438391000)
(-0.6682326000, -0.0081517070, 0.0098679180, 0.7438423000)
(-0.6681877000, -0.0083631710, 0.0097999380, 0.7438812000)
(-0.6680721000, -0.0082670140, 0.0096600280, 0.7439879000)
(-0.6681409000, -0.0083366060, 0.0097422470, 0.7439243000)
(-0.6680139000, -0.0082054400, 0.0098485560, 0.7440385000)
(-0.6679536000, -0.0080515930, 0.0098791620, 0.7440938000)
(-0.6680226000, -0.0081228150, 0.0097126180, 0.7440333000)
(-0.6680415000, -0.0081658760, 0.0097102260, 0.7440159000)
(-0.6679297000, -0.0081154560, 0.0099708240, 0.7441133000)
(-0.6679974000, -0.0082495590, 0.0099016960, 0.7440521000)
(-0.6680515000, -0.0081649080, 0.0098911930, 0.7440045000)
(-0.6679804000, -0.0081260650, 0.0098084020, 0.7440699000)
(-0.6681020000, -0.0083058870, 0.0099993270, 0.7439563000)
(-0.6681094000, -0.0081927020, 0.0099256410, 0.7439517000)
(-0.6680714000, -0.0083112570, 0.0099221460, 0.7439845000)
(-0.6679630000, -0.0082222890, 0.0100212400, 0.7440816000)
(-0.6679810000, -0.0082641100, 0.0098151850, 0.7440677000)
(-0.6680667000, -0.0082585090, 0.0099588020, 0.7439889000)
(-0.6679756000, -0.0082825030, 0.0099665850, 0.7440704000)
(-0.6680673000, -0.0081879100, 0.0099995440, 0.7439887000)
(-0.6680744000, -0.0082160840, 0.0100077500, 0.7439818000)
(-0.6678157000, -0.0081537110, 0.0098567500, 0.7442167000)
(-0.6678240000, -0.0081881210, 0.0099847240, 0.7442073000)
(-0.6679810000, -0.0082611660, 0.0098921700, 0.7440667000)
(-0.6679778000, -0.0082664350, 0.0099945620, 0.7440681000)
(-0.6679829000, -0.0082205820, 0.0099362680, 0.7440649000)
(-0.6680385000, -0.0082326920, 0.0099421020, 0.7440147000)
(-0.6681331000, -0.0082557560, 0.0100009300, 0.7439288000)
(-0.6681450000, -0.0082320320, 0.0100000700, 0.7439183000)
(-0.6680957000, -0.0083966910, 0.0099933930, 0.7439609000)
(-0.6681501000, -0.0083354250, 0.0099813650, 0.7439129000)
(-0.6681100000, -0.0081975860, 0.0099638650, 0.7439508000)
(-0.6681084000, -0.0083505590, 0.0099445100, 0.7439506000)
(-0.6681376000, -0.0084422230, 0.0098918740, 0.7439242000)
(-0.6680695000, -0.0084234650, 0.0099576140, 0.7439846000)
(-0.6681392000, -0.0083979720, 0.0098587990, 0.7439236000)
(-0.6682321000, -0.0082898800, 0.0098598430, 0.7438414000)
(-0.6683399000, -0.0083387520, 0.0098394880, 0.7437443000)
(-0.6681636000, -0.0082903180, 0.0099051320, 0.7439023000)
(-0.6681248000, -0.0083914870, 0.0099765300, 0.7439350000)
(-0.6681805000, -0.0083647710, 0.0099919400, 0.7438851000)
(-0.6681362000, -0.0083187650, 0.0099433830, 0.7439260000)
(-0.6679794000, -0.0083080120, 0.0098405820, 0.7440684000)
(-0.6681787000, -0.0083573500, 0.0100163100, 0.7438865000)
(-0.6682011000, -0.0083177400, 0.0098773320, 0.7438686000)
(-0.6681246000, -0.0083030730, 0.0098519330, 0.7439378000)
(-0.6682101000, -0.0083087300, 0.0099530490, 0.7438596000)
(-0.6681922000, -0.0083172660, 0.0099067500, 0.7438763000)
(-0.6682222000, -0.0083462620, 0.0099785970, 0.7438480000)
(-0.6681775000, -0.0084035440, 0.0099201490, 0.7438883000)
(-0.6682848000, -0.0083720180, 0.0100515200, 0.7437905000)
(-0.6684160000, -0.0083360570, 0.0099258300, 0.7436747000)
(-0.6682431000, -0.0083271150, 0.0099015620, 0.7438304000)
(-0.6681969000, -0.0082879370, 0.0100081700, 0.7438710000)
(-0.6680768000, -0.0083063630, 0.0099763670, 0.7439792000)
(-0.6681706000, -0.0082850110, 0.0099991220, 0.7438948000)
(-0.6680815000, -0.0084611620, 0.0099559190, 0.7439735000)
(-0.6681492000, -0.0082467960, 0.0098467530, 0.7439165000)
(-0.6681235000, -0.0083340660, 0.0099253270, 0.7439375000)
(-0.6682365000, -0.0083962690, 0.0097580450, 0.7438375000)
(-0.6682627000, -0.0082725790, 0.0098464610, 0.7438142000)
(-0.6682922000, -0.0083610500, 0.0098745170, 0.7437864000)
(-0.6682885000, -0.0085181740, 0.0099328090, 0.7437871000)
(-0.6682099000, -0.0083793300, 0.0098946150, 0.7438598000)
(-0.6683558000, -0.0083971170, 0.0098597280, 0.7437290000)
(-0.6682588000, -0.0086146070, 0.0097960620, 0.7438145000)
(-0.6683758000, -0.0084684610, 0.0099307540, 0.7437093000)
(-0.6683301000, -0.0084161940, 0.0098455560, 0.7437522000)
(-0.6682106000, -0.0085082990, 0.0097383230, 0.7438598000)
(-0.6682097000, -0.0084787330, 0.0098424800, 0.7438596000)
(-0.6682274000, -0.0083899930, 0.0098035440, 0.7438452000)
(-0.6682971000, -0.0083770750, 0.0099272480, 0.7437811000)
(-0.6682652000, -0.0084312610, 0.0098502240, 0.7438101000)
(-0.6683644000, -0.0084206690, 0.0098665780, 0.7437209000)
(-0.6682620000, -0.0083267360, 0.0098289670, 0.7438145000)
(-0.6682562000, -0.0084710160, 0.0098291330, 0.7438181000)
(-0.6681827000, -0.0083842950, 0.0097031890, 0.7438868000)
(-0.6683124000, -0.0085349550, 0.0098706160, 0.7437663000)
(-0.6682323000, -0.0084902790, 0.0097881450, 0.7438399000)
(-0.6683319000, -0.0084608160, 0.0098417000, 0.7437500000)
(-0.6682887000, -0.0083061730, 0.0098039500, 0.7437910000)
(-0.6682299000, -0.0084288930, 0.0097611910, 0.7438431000)
(-0.6683992000, -0.0082988340, 0.0097837900, 0.7436921000)
(-0.6683121000, -0.0084933810, 0.0097853360, 0.7437682000)
(-0.6682751000, -0.0083999550, 0.0097570380, 0.7438028000)
(-0.6682599000, -0.0083782170, 0.0099884540, 0.7438137000)
(-0.6683849000, -0.0084318650, 0.0099043480, 0.7437019000)
(-0.6682607000, -0.0083722520, 0.0098668720, 0.7438147000)
(-0.6682813000, -0.0084568010, 0.0097707940, 0.7437965000)
(-0.6681850000, -0.0084387670, 0.0098588260, 0.7438820000)
(-0.6682065000, -0.0083484580, 0.0097335010, 0.7438655000)
(-0.6682345000, -0.0083815580, 0.0098149600, 0.7438388000)
(-0.6681585000, -0.0085298480, 0.0098979460, 0.7439043000)
(-0.6680639000, -0.0082793610, 0.0098719220, 0.7439924000)
(-0.6680873000, -0.0082238160, 0.0098553260, 0.7439722000)
(-0.6682441000, -0.0082853250, 0.0099268600, 0.7438297000)
(-0.6682549000, -0.0081832050, 0.0098595310, 0.7438222000)
(-0.6682439000, -0.0083147220, 0.0098826500, 0.7438301000)
(-0.6682065000, -0.0084134110, 0.0097437300, 0.7438645000)
(-0.6683342000, -0.0083894090, 0.0097231950, 0.7437503000)
(-0.6683487000, -0.0082911200, 0.0097678910, 0.7437378000)
(-0.6684383000, -0.0084509980, 0.0098044560, 0.7436550000)
(-0.6684448000, -0.0083609570, 0.0097027260, 0.7436514000)
(-0.6683727000, -0.0083231220, 0.0098126530, 0.7437153000)
(-0.6683355000, -0.0083980970, 0.0098192540, 0.7437477000)
(-0.6683424000, -0.0083080820, 0.0097766190, 0.7437431000)
(-0.6682747000, -0.0082994490, 0.0097641170, 0.7438043000)
(-0.6683246000, -0.0082848650, 0.0098392880, 0.7437586000)
(-0.6683486000, -0.0083042890, 0.0098727680, 0.7437364000)
(-0.6683725000, -0.0083335690, 0.0098081180, 0.7437155000)
(-0.6682907000, -0.0082303650, 0.0098175380, 0.7437899000)
(-0.6683552000, -0.0084557550, 0.0097941270, 0.7437298000)
(-0.6682944000, -0.0083007920, 0.0098495810, 0.7437854000)
(-0.6684075000, -0.0082271990, 0.0098131060, 0.7436851000)
(-0.6682878000, -0.0083355480, 0.0098198400, 0.7437914000)
(-0.6684343000, -0.0082895690, 0.0098372190, 0.7436600000)
(-0.6685061000, -0.0083265150, 0.0097815130, 0.7435957000)
(-0.6684674000, -0.0082290750, 0.0097345310, 0.7436322000)
(-0.6683916000, -0.0082986570, 0.0098224090, 0.7436984000)
(-0.6682741000, -0.0082809300, 0.0098204890, 0.7438043000)
(-0.6683324000, -0.0081695010, 0.0097243710, 0.7437544000)
(-0.6684307000, -0.0082963500, 0.0098936250, 0.7436624000)
(-0.6683793000, -0.0082818330, 0.0097821900, 0.7437102000)
(-0.6684409000, -0.0082521440, 0.0097543060, 0.7436556000)
(-0.6684979000, -0.0083104380, 0.0097975920, 0.7436031000)
(-0.6682811000, -0.0082480130, 0.0095922500, 0.7438013000)
(-0.6684235000, -0.0082577900, 0.0097148910, 0.7436716000)
(-0.6685342000, -0.0084778290, 0.0097821890, 0.7435688000)
(-0.6684492000, -0.0084703340, 0.0098650840, 0.7436441000)
(-0.6683924000, -0.0083063780, 0.0097958030, 0.7436980000)
(-0.6683034000, -0.0084107290, 0.0099631150, 0.7437746000)
(-0.6683407000, -0.0084491940, 0.0097938990, 0.7437428000)
(-0.6683804000, -0.0083468870, 0.0098797850, 0.7437072000)
(-0.6683858000, -0.0083532310, 0.0097180520, 0.7437044000)
(-0.6682941000, -0.0084031080, 0.0098879520, 0.7437840000)
(-0.6683575000, -0.0084935200, 0.0097215650, 0.7437282000)
(-0.6684743000, -0.0084283930, 0.0098821990, 0.7436218000)
(-0.6684120000, -0.0083282930, 0.0097962660, 0.7436802000)
(-0.6684336000, -0.0084128580, 0.0098128800, 0.7436595000)
(-0.6683968000, -0.0084058530, 0.0096898250, 0.7436942000)
(-0.6683393000, -0.0084623380, 0.0099324570, 0.7437421000)
(-0.6684055000, -0.0083708730, 0.0098901670, 0.7436842000)
(-0.6685423000, -0.0084324350, 0.0096935070, 0.7435632000)
(-0.6684233000, -0.0083228720, 0.0097926870, 0.7436700000)
(-0.6683667000, -0.0083535820, 0.0098995460, 0.7437193000)
(-0.6684393000, -0.0083822130, 0.0097655120, 0.7436554000)
(-0.6684780000, -0.0082315360, 0.0099239400, 0.7436202000)
(-0.6684984000, -0.0083312020, 0.0096292650, 0.7436046000)
(-0.6684352000, -0.0083018550, 0.0096986230, 0.7436609000)
(-0.6684049000, -0.0083507940, 0.0097414530, 0.7436869000)
(-0.6684181000, -0.0083176220, 0.0097110900, 0.7436759000)
(-0.6684808000, -0.0083384360, 0.0098061200, 0.7436181000)
(-0.6683763000, -0.0083288930, 0.0096828700, 0.7437136000)
(-0.6685462000, -0.0082609600, 0.0097594210, 0.7435607000)
(-0.6684744000, -0.0082621580, 0.0097496600, 0.7436253000)
(-0.6684308000, -0.0082771360, 0.0096192870, 0.7436661000)
(-0.6683807000, -0.0082416360, 0.0097611320, 0.7437097000)
(-0.6684726000, -0.0082660800, 0.0094929580, 0.7436302000)
(-0.6685827000, -0.0083389390, 0.0097357980, 0.7435274000)
(-0.6686394000, -0.0083763160, 0.0096401500, 0.7434772000)
(-0.6684913000, -0.0082893430, 0.0097264740, 0.7436101000)
(-0.6684048000, -0.0082327390, 0.0098030870, 0.7436876000)
(-0.6684170000, -0.0084354830, 0.0097371520, 0.7436752000)
(-0.6684459000, -0.0083747480, 0.0098181800, 0.7436488000)
(-0.6684581000, -0.0083235470, 0.0097054470, 0.7436399000)
(-0.6683614000, -0.0083268960, 0.0097677740, 0.7437261000)
(-0.6683899000, -0.0082685910, 0.0097729090, 0.7437010000)
(-0.6682738000, -0.0083148400, 0.0097336000, 0.7438052000)
(-0.6683128000, -0.0083775420, 0.0097252620, 0.7437696000)
(-0.6684141000, -0.0082812650, 0.0096789800, 0.7436803000)
(-0.6683189000, -0.0084795230, 0.0096950220, 0.7437634000)
(-0.6682456000, -0.0083869970, 0.0097117270, 0.7438301000)
(-0.6683379000, -0.0083703180, 0.0095981490, 0.7437488000)
(-0.6683851000, -0.0083564450, 0.0096172920, 0.7437063000)
(-0.6684179000, -0.0084122680, 0.0097344790, 0.7436746000)
(-0.6684727000, -0.0083956560, 0.0096291960, 0.7436270000)
(-0.6684236000, -0.0083682840, 0.0096813310, 0.7436707000)
(-0.6683336000, -0.0084497240, 0.0096718890, 0.7437508000)
(-0.6684070000, -0.0083643150, 0.0096327340, 0.7436863000)
(-0.6684015000, -0.0082975630, 0.0097324490, 0.7436907000)
(-0.6682599000, -0.0083486100, 0.0096105470, 0.7438191000)
(-0.6683629000, -0.0082853200, 0.0095501440, 0.7437279000)
(-0.6683677000, -0.0083345540, 0.0095652030, 0.7437228000)
(-0.6684026000, -0.0084129710, 0.0095495060, 0.7436908000)
(-0.6684148000, -0.0083068850, 0.0096137040, 0.7436802000)
(-0.6684000000, -0.0084653240, 0.0095803210, 0.7436922000)
(-0.6682808000, -0.0085358520, 0.0096514470, 0.7437975000)
(-0.6682349000, -0.0084358300, 0.0095617470, 0.7438411000)
(-0.6682615000, -0.0083085730, 0.0095879330, 0.7438182000)
(-0.6682404000, -0.0083948040, 0.0097534950, 0.7438341000)
(-0.6682761000, -0.0084310030, 0.0096516670, 0.7438030000)
(-0.6682659000, -0.0084817770, 0.0096198750, 0.7438119000)
(-0.6683713000, -0.0084628320, 0.0095734590, 0.7437181000)
(-0.6683336000, -0.0083227290, 0.0097231190, 0.7437516000)
(-0.6682699000, -0.0083467060, 0.0095372830, 0.7438110000)
(-0.6684060000, -0.0083986290, 0.0096147000, 0.7436872000)
(-0.6683446000, -0.0083660160, 0.0096367590, 0.7437424000)
(-0.6683113000, -0.0082524970, 0.0096452400, 0.7437735000)
(-0.6683993000, -0.0084953970, 0.0095430270, 0.7436929000)
(-0.6683125000, -0.0083425580, 0.0095980700, 0.7437720000)
(-0.6682512000, -0.0083671420, 0.0096679960, 0.7438258000)
(-0.6682516000, -0.0083138500, 0.0097239890, 0.7438253000)
(-0.6683283000, -0.0084438480, 0.0095184510, 0.7437577000)
(-0.6682844000, -0.0084999130, 0.0095981690, 0.7437955000)
(-0.6681049000, -0.0083347540, 0.0095708680, 0.7439589000)
(-0.6684108000, -0.0084167900, 0.0096094890, 0.7436826000)
(-0.6681741000, -0.0084625460, 0.0096955770, 0.7438936000)
(-0.6682329000, -0.0083669880, 0.0096227960, 0.7438429000)
(-0.6682314000, -0.0084143130, 0.0097686890, 0.7438418000)
(-0.6682090000, -0.0083976680, 0.0097151180, 0.7438628000)
(-0.6681823000, -0.0085255760, 0.0096396640, 0.7438864000)
(-0.6682508000, -0.0084635800, 0.0096192560, 0.7438258000)
(-0.6682332000, -0.0083811060, 0.0096582950, 0.7438421000)
(-0.6681216000, -0.0085047270, 0.0096653830, 0.7439408000)
(-0.6681699000, -0.0084771330, 0.0096974970, 0.7438973000)
(-0.6682463000, -0.0085309710, 0.0096192850, 0.7438291000)
(-0.6682199000, -0.0083775920, 0.0097119200, 0.7438533000)
(-0.6682991000, -0.0082800540, 0.0095845970, 0.7437848000)
(-0.6682815000, -0.0084565910, 0.0096358030, 0.7437980000)
(-0.6682442000, -0.0081844940, 0.0097893550, 0.7438326000)
(-0.6682119000, -0.0084545460, 0.0096072350, 0.7438610000)
(-0.6682242000, -0.0083677600, 0.0096674250, 0.7438501000)
(-0.6681730000, -0.0085221590, 0.0097293640, 0.7438935000)
(-0.6682403000, -0.0083616290, 0.0097155150, 0.7438351000)
(-0.6681874000, -0.0084471920, 0.0096938670, 0.7438819000)
(-0.6681256000, -0.0084043180, 0.0096745400, 0.7439381000)
(-0.6681949000, -0.0084010380, 0.0096889660, 0.7438758000)
(-0.6681631000, -0.0083986630, 0.0096975660, 0.7439043000)
(-0.6682619000, -0.0082195070, 0.0097237810, 0.7438172000)
(-0.6681841000, -0.0081998440, 0.0098139150, 0.7438861000)
(-0.6682304000, -0.0082979570, 0.0098110400, 0.7438435000)
(-0.6681813000, -0.0082041640, 0.0099908900, 0.7438862000)
(-0.6680381000, -0.0081366120, 0.0097557190, 0.7440186000)
(-0.6681543000, -0.0083500500, 0.0099135580, 0.7439098000)
(-0.6682056000, -0.0081760240, 0.0098337100, 0.7438669000)
(-0.6682081000, -0.0082309570, 0.0098963820, 0.7438632000)
(-0.6681908000, -0.0083395920, 0.0099397980, 0.7438768000)
(-0.6683237000, -0.0083920420, 0.0098955890, 0.7437574000)
(-0.6682037000, -0.0082699480, 0.0099372030, 0.7438661000)
(-0.6682026000, -0.0082900610, 0.0098973970, 0.7438673000)
(-0.6682366000, -0.0084370900, 0.0097399320, 0.7438372000)
(-0.6683705000, -0.0083165070, 0.0099192660, 0.7437159000)
(-0.6684558000, -0.0082565750, 0.0097506860, 0.7436422000)
(-0.6683259000, -0.0083534050, 0.0098686940, 0.7437562000)
(-0.6681991000, -0.0084201710, 0.0097933370, 0.7438704000)
(-0.6681869000, -0.0083895990, 0.0099706560, 0.7438794000)
(-0.6681981000, -0.0083690930, 0.0098804870, 0.7438708000)
(-0.6682616000, -0.0083748910, 0.0100711600, 0.7438110000)
(-0.6683079000, -0.0084351270, 0.0100150700, 0.7437696000)
(-0.6682962000, -0.0083757540, 0.0100331000, 0.7437806000)
(-0.6683239000, -0.0082565460, 0.0100228000, 0.7437571000)
(-0.6683298000, -0.0083720250, 0.0100053100, 0.7437507000)
(-0.6681972000, -0.0082932880, 0.0097962220, 0.7438735000)
(-0.6683714000, -0.0083473910, 0.0098788490, 0.7437153000)
(-0.6681880000, -0.0083752080, 0.0100068800, 0.7438781000)
(-0.6683150000, -0.0084147080, 0.0098633230, 0.7437655000)
(-0.6682814000, -0.0083206240, 0.0099771310, 0.7437952000)
(-0.6683825000, -0.0083674530, 0.0100185100, 0.7437032000)
(-0.6684521000, -0.0082175930, 0.0099856250, 0.7436427000)
(-0.6682018000, -0.0082160650, 0.0100139400, 0.7438674000)
(-0.6682053000, -0.0082561700, 0.0101631000, 0.7438617000)
(-0.6682363000, -0.0081661430, 0.0099316820, 0.7438380000)
(-0.6682500000, -0.0082403610, 0.0100274800, 0.7438236000)
(-0.6682659000, -0.0083256170, 0.0100104800, 0.7438086000)
(-0.6682228000, -0.0082406200, 0.0100654400, 0.7438474000)
(-0.6682553000, -0.0082915330, 0.0102528600, 0.7438152000)
(-0.6682610000, -0.0081755760, 0.0101154400, 0.7438132000)
(-0.6682872000, -0.0083089490, 0.0101110000, 0.7437882000)
(-0.6682403000, -0.0083161830, 0.0100612700, 0.7438310000)
(-0.6682270000, -0.0082694450, 0.0099792540, 0.7438446000)
(-0.6683691000, -0.0081776380, 0.0100310200, 0.7437172000)
(-0.6684039000, -0.0084031840, 0.0101003600, 0.7436825000)
(-0.6683360000, -0.0082462390, 0.0099718510, 0.7437469000)
(-0.6684155000, -0.0082940800, 0.0100099400, 0.7436745000)
(-0.6682217000, -0.0082844930, 0.0100046400, 0.7438489000)
(-0.6683198000, -0.0082298000, 0.0099455510, 0.7437621000)
(-0.6683816000, -0.0083125420, 0.0101098800, 0.7437034000)
(-0.6683477000, -0.0082148510, 0.0099653560, 0.7437369000)
(-0.6681681000, -0.0081957900, 0.0099166190, 0.7438991000)
(-0.6682822000, -0.0083061540, 0.0099599990, 0.7437948000)
(-0.6683119000, -0.0082386420, 0.0099206770, 0.7437694000)
(-0.6682990000, -0.0082152840, 0.0098771830, 0.7437819000)
(-0.6681714000, -0.0081815580, 0.0099208300, 0.7438962000)
(-0.6682991000, -0.0081494120, 0.0098873480, 0.7437823000)
(-0.6682312000, -0.0081002820, 0.0098583000, 0.7438442000)
(-0.6682671000, -0.0081335350, 0.0099053810, 0.7438110000)
(-0.6682869000, -0.0082661640, 0.0099192710, 0.7437916000)
(-0.6683399000, -0.0082447780, 0.0098749880, 0.7437449000)
(-0.6681972000, -0.0081066810, 0.0099818580, 0.7438731000)
(-0.6682515000, -0.0081747030, 0.0099080830, 0.7438247000)
(-0.6682577000, -0.0079022410, 0.0099205280, 0.7438218000)
(-0.6683931000, -0.0080601480, 0.0097825270, 0.7437003000)
(-0.6684102000, -0.0079968980, 0.0097586150, 0.7436859000)
(-0.6683443000, -0.0080524750, 0.0098523150, 0.7437432000)
(-0.6683407000, -0.0080180080, 0.0098156420, 0.7437474000)
(-0.6684096000, -0.0080514820, 0.0097895900, 0.7436854000)
(-0.6682450000, -0.0082271700, 0.0098250640, 0.7438310000)
(-0.6682806000, -0.0080436960, 0.0098717220, 0.7438003000)
(-0.6682979000, -0.0079730430, 0.0099700880, 0.7437842000)
(-0.6682391000, -0.0082241590, 0.0097449220, 0.7438373000)
(-0.6682644000, -0.0080959920, 0.0097328470, 0.7438161000)
(-0.6681757000, -0.0080670290, 0.0098059730, 0.7438952000)
(-0.6681609000, -0.0082055230, 0.0099402290, 0.7439052000)
(-0.6682007000, -0.0080640710, 0.0099043500, 0.7438714000)
(-0.6682487000, -0.0082048920, 0.0099013050, 0.7438269000)
(-0.6682606000, -0.0081025030, 0.0098136460, 0.7438184000)
(-0.6681184000, -0.0080129900, 0.0098736300, 0.7439464000)
(-0.6682020000, -0.0081682260, 0.0098144420, 0.7438703000)
(-0.6682984000, -0.0081478510, 0.0097110520, 0.7437853000)
(-0.6682504000, -0.0081292430, 0.0099008140, 0.7438261000)
(-0.6683162000, -0.0080764680, 0.0098036540, 0.7437689000)
(-0.6682677000, -0.0080996850, 0.0097783360, 0.7438125000)
(-0.6683189000, -0.0079969090, 0.0097686070, 0.7437679000)
(-0.6682672000, -0.0080521400, 0.0098793690, 0.7438121000)
(-0.6683512000, -0.0080260630, 0.0098647480, 0.7437372000)
(-0.6683404000, -0.0080671930, 0.0099129360, 0.7437459000)
(-0.6684258000, -0.0080387360, 0.0098681660, 0.7436700000)
(-0.6683573000, -0.0081109070, 0.0096354770, 0.7437338000)
(-0.6683620000, -0.0081103560, 0.0098042510, 0.7437274000)
(-0.6683357000, -0.0081721420, 0.0096575560, 0.7437522000)
(-0.6684058000, -0.0080723850, 0.0097117920, 0.7436896000)
(-0.6683415000, -0.0080516720, 0.0097515780, 0.7437471000)
(-0.6683198000, -0.0080659620, 0.0096784050, 0.7437674000)
(-0.6683246000, -0.0080892010, 0.0096214380, 0.7437636000)
(-0.6682941000, -0.0080909500, 0.0097285100, 0.7437896000)
(-0.6683512000, -0.0081658010, 0.0096195450, 0.7437389000)
(-0.6683756000, -0.0081208140, 0.0095572970, 0.7437182000)
(-0.6682059000, -0.0080992500, 0.0095309120, 0.7438713000)
(-0.6683700000, -0.0080610770, 0.0097548350, 0.7437214000)
(-0.6682652000, -0.0081148090, 0.0096789720, 0.7438159000)
(-0.6684354000, -0.0080867040, 0.0095477380, 0.7436650000)
(-0.6683363000, -0.0080763030, 0.0096999970, 0.7437522000)
(-0.6683676000, -0.0082123690, 0.0096739870, 0.7437230000)
(-0.6683211000, -0.0081674740, 0.0094957420, 0.7437674000)
(-0.6683094000, -0.0081915730, 0.0095225780, 0.7437774000)
(-0.6682936000, -0.0082871130, 0.0094726230, 0.7437912000)
(-0.6683795000, -0.0080378180, 0.0097253710, 0.7437134000)
(-0.6684880000, -0.0081329110, 0.0096369090, 0.7436160000)
(-0.6684300000, -0.0081590060, 0.0095953080, 0.7436684000)
(-0.6684166000, -0.0081323300, 0.0095093240, 0.7436819000)
(-0.6683210000, -0.0081498140, 0.0096134450, 0.7437662000)
(-0.6684641000, -0.0081365460, 0.0094597760, 0.7436397000)
(-0.6685035000, -0.0080631580, 0.0096243820, 0.7436031000)
(-0.6684862000, -0.0081184450, 0.0096137680, 0.7436181000)
(-0.6683933000, -0.0080813420, 0.0095673170, 0.7437027000)
(-0.6683455000, -0.0081600850, 0.0096450610, 0.7437437000)
(-0.6684148000, -0.0081430700, 0.0097576590, 0.7436802000)
(-0.6683707000, -0.0080288980, 0.0097065790, 0.7437218000)
(-0.6682488000, -0.0079405980, 0.0097462620, 0.7438317000)
(-0.6683423000, -0.0081790700, 0.0096106650, 0.7437468000)
(-0.6683592000, -0.0080128820, 0.0096026610, 0.7437336000)
(-0.6683332000, -0.0080947500, 0.0096136180, 0.7437558000)
(-0.6682534000, -0.0082594780, 0.0096586540, 0.7438252000)
(-0.6684060000, -0.0081208450, 0.0095705360, 0.7436908000)
(-0.6683453000, -0.0082696950, 0.0095667440, 0.7437437000)
(-0.6684182000, -0.0081433360, 0.0096803310, 0.7436781000)
(-0.6684023000, -0.0082178480, 0.0095874990, 0.7436928000)
(-0.6684303000, -0.0081351690, 0.0095003250, 0.7436696000)
(-0.6685125000, -0.0081741740, 0.0097224590, 0.7435924000)
(-0.6684086000, -0.0080754310, 0.0096884150, 0.7436874000)
(-0.6683720000, -0.0081927920, 0.0094975660, 0.7437215000)
(-0.6684055000, -0.0080573220, 0.0096403330, 0.7436910000)
(-0.6683432000, -0.0079761400, 0.0096082150, 0.7437482000)
(-0.6682688000, -0.0080272530, 0.0096450270, 0.7438141000)
(-0.6681793000, -0.0081837660, 0.0096180180, 0.7438931000)
(-0.6682325000, -0.0080900490, 0.0097681960, 0.7438444000)
(-0.6683528000, -0.0080665320, 0.0096842110, 0.7437376000)
(-0.6683183000, -0.0081163160, 0.0095924140, 0.7437694000)
(-0.6683033000, -0.0080531650, 0.0097333640, 0.7437816000)
(-0.6682463000, -0.0080116290, 0.0098281870, 0.7438321000)
(-0.6682317000, -0.0081246040, 0.0097439920, 0.7438450000)
(-0.6683147000, -0.0081932580, 0.0097093150, 0.7437702000)
(-0.6684290000, -0.0081125730, 0.0096161260, 0.7436696000)
(-0.6683773000, -0.0081235090, 0.0096219580, 0.7437158000)
(-0.6683338000, -0.0082135330, 0.0095278980, 0.7437552000)
(-0.6682435000, -0.0081696750, 0.0096762830, 0.7438348000)
(-0.6682755000, -0.0081697300, 0.0096166250, 0.7438070000)
(-0.6684130000, -0.0079936290, 0.0095845770, 0.7436857000)
(-0.6683156000, -0.0081243910, 0.0096838460, 0.7437705000)
(-0.6683699000, -0.0080882100, 0.0097012600, 0.7437218000)
(-0.6681930000, -0.0081932190, 0.0097421670, 0.7438791000)
(-0.6682552000, -0.0081202740, 0.0097550270, 0.7438239000)
(-0.6683120000, -0.0081520660, 0.0097589870, 0.7437724000)
(-0.6682830000, -0.0083031070, 0.0097834160, 0.7437965000)
(-0.6683125000, -0.0082189910, 0.0097172610, 0.7437718000)
(-0.6683450000, -0.0081814140, 0.0097415880, 0.7437427000)
(-0.6682162000, -0.0083303230, 0.0097810450, 0.7438563000)
(-0.6682674000, -0.0082647460, 0.0097431290, 0.7438115000)
(-0.6683147000, -0.0082950380, 0.0096244640, 0.7437702000)
(-0.6681869000, -0.0081144220, 0.0097105210, 0.7438858000)
(-0.6682743000, -0.0082422960, 0.0097653740, 0.7438052000)
(-0.6682886000, -0.0082557720, 0.0097571410, 0.7437923000)
(-0.6683595000, -0.0081205660, 0.0097297770, 0.7437305000)
(-0.6683357000, -0.0081689010, 0.0096846470, 0.7437519000)
(-0.6683278000, -0.0080839600, 0.0096497480, 0.7437604000)
(-0.6683490000, -0.0081908260, 0.0097726830, 0.7437386000)
(-0.6683886000, -0.0082601700, 0.0096044740, 0.7437044000)
(-0.6682485000, -0.0082303810, 0.0097433230, 0.7438288000)
(-0.6684077000, -0.0081712690, 0.0096916550, 0.7436872000)
(-0.6684191000, -0.0082088790, 0.0097076730, 0.7436763000)
(-0.6683152000, -0.0082069430, 0.0098010470, 0.7437683000)
(-0.6682112000, -0.0082104380, 0.0097474300, 0.7438626000)
(-0.6682588000, -0.0083118150, 0.0096878710, 0.7438194000)
(-0.6683783000, -0.0081962860, 0.0097982600, 0.7437118000)
(-0.6683259000, -0.0081898920, 0.0097519300, 0.7437596000)
(-0.6682498000, -0.0081874850, 0.0096532850, 0.7438294000)
(-0.6681737000, -0.0081501610, 0.0096219780, 0.7438985000)
(-0.6681825000, -0.0082844600, 0.0096881960, 0.7438882000)
(-0.6682987000, -0.0082723890, 0.0095915510, 0.7437853000)
(-0.6682941000, -0.0083987630, 0.0097040000, 0.7437865000)
(-0.6682615000, -0.0083369650, 0.0098608910, 0.7438144000)
(-0.6684148000, -0.0083111180, 0.0098003070, 0.7436778000)
(-0.6682459000, -0.0084431490, 0.0097167180, 0.7438291000)
(-0.6682482000, -0.0084852880, 0.0097211240, 0.7438266000)
(-0.6683147000, -0.0083930280, 0.0099255600, 0.7437651000)
(-0.6682817000, -0.0084873040, 0.0098319400, 0.7437950000)
(-0.6683928000, -0.0084072590, 0.0098613710, 0.7436957000)
(-0.6683242000, -0.0083577830, 0.0099337880, 0.7437569000)
(-0.6683046000, -0.0084130570, 0.0097114800, 0.7437767000)
(-0.6683446000, -0.0083331570, 0.0098417230, 0.7437401000)
(-0.6684029000, -0.0084520230, 0.0100326300, 0.7436838000)
(-0.6683333000, -0.0082308300, 0.0098860020, 0.7437508000)
(-0.6683017000, -0.0082984020, 0.0097755690, 0.7437798000)
(-0.6683264000, -0.0083795950, 0.0098163310, 0.7437562000)
(-0.6683637000, -0.0084490400, 0.0099680950, 0.7437198000)
(-0.6683927000, -0.0084532880, 0.0098369080, 0.7436956000)
(-0.6683601000, -0.0083647690, 0.0098796070, 0.7437253000)
(-0.6683777000, -0.0084228890, 0.0098676480, 0.7437089000)
(-0.6683798000, -0.0083565590, 0.0097974140, 0.7437088000)
(-0.6682214000, -0.0084535030, 0.0098304530, 0.7438496000)
(-0.6682815000, -0.0082870410, 0.0099259460, 0.7437961000)
(-0.6684354000, -0.0083374000, 0.0099610390, 0.7436568000)
(-0.6684424000, -0.0083357400, 0.0100055300, 0.7436500000)
(-0.6683757000, -0.0082580250, 0.0099519940, 0.7437114000)
(-0.6685029000, -0.0082744160, 0.0099628920, 0.7435968000)
(-0.6684533000, -0.0083154510, 0.0099302240, 0.7436413000)
(-0.6684487000, -0.0082834420, 0.0098878870, 0.7436464000)
(-0.6684690000, -0.0083172340, 0.0098544730, 0.7436282000)
(-0.6685051000, -0.0083468640, 0.0100290600, 0.7435931000)
(-0.6684418000, -0.0082207150, 0.0099971380, 0.7436519000)
(-0.6683418000, -0.0083545650, 0.0100296900, 0.7437398000)
(-0.6683761000, -0.0082257910, 0.0099174930, 0.7437119000)
(-0.6684852000, -0.0083323200, 0.0100365300, 0.7436110000)
(-0.6684900000, -0.0081209990, 0.0099183110, 0.7436107000)
(-0.6684306000, -0.0082714300, 0.0099929270, 0.7436614000)
(-0.6684124000, -0.0083717770, 0.0099487730, 0.7436773000)
(-0.6684362000, -0.0082948020, 0.0098994760, 0.7436574000)
(-0.6685925000, -0.0082753760, 0.0099214950, 0.7435167000)
(-0.6685525000, -0.0082993830, 0.0099657400, 0.7435519000)
(-0.6684721000, -0.0083052980, 0.0099006490, 0.7436250000)
(-0.6683883000, -0.0082642100, 0.0100635200, 0.7436985000)
(-0.6683618000, -0.0082279520, 0.0098384240, 0.7437258000)
(-0.6684287000, -0.0083052850, 0.0100418700, 0.7436621000)
(-0.6684043000, -0.0083165080, 0.0098902950, 0.7436859000)
(-0.6683133000, -0.0082823720, 0.0100158700, 0.7437664000)
(-0.6684436000, -0.0082217660, 0.0099785860, 0.7436504000)
(-0.6684830000, -0.0082719660, 0.0099577700, 0.7436149000)
(-0.6684682000, -0.0082629700, 0.0101129200, 0.7436261000)
(-0.6684866000, -0.0084645930, 0.0100371500, 0.7436083000)
(-0.6683735000, -0.0082960060, 0.0101524400, 0.7437103000)
(-0.6683854000, -0.0082807110, 0.0100428900, 0.7437013000)
(-0.6684297000, -0.0082079350, 0.0101627700, 0.7436606000)
(-0.6684360000, -0.0082297920, 0.0100515600, 0.7436562000)
(-0.6684508000, -0.0082448810, 0.0102026700, 0.7436407000)
(-0.6683711000, -0.0081730960, 0.0102512200, 0.7437124000)
(-0.6683958000, -0.0081325610, 0.0101823000, 0.7436916000)
(-0.6684240000, -0.0081423990, 0.0102221300, 0.7436657000)
(-0.6683413000, -0.0081970920, 0.0101023700, 0.7437410000)
(-0.6683308000, -0.0082242990, 0.0100036700, 0.7437515000)
(-0.6683551000, -0.0081643800, 0.0101288800, 0.7437286000)
(-0.6682701000, -0.0082229150, 0.0100110300, 0.7438059000)
(-0.6682302000, -0.0081992190, 0.0101566200, 0.7438401000)
(-0.6684466000, -0.0081596370, 0.0102308600, 0.7436450000)
(-0.6683314000, -0.0080695760, 0.0101849800, 0.7437501000)
(-0.6683589000, -0.0081614560, 0.0101388400, 0.7437251000)
(-0.6684194000, -0.0081357950, 0.0101113100, 0.7436714000)
(-0.6682532000, -0.0080622820, 0.0100715300, 0.7438221000)
(-0.6683750000, -0.0083141730, 0.0101271000, 0.7437091000)
(-0.6683792000, -0.0081927900, 0.0102530900, 0.7437049000)
(-0.6683704000, -0.0082923920, 0.0103031700, 0.7437111000)
(-0.6683040000, -0.0082993920, 0.0100845000, 0.7437736000)
(-0.6683349000, -0.0081627910, 0.0101523300, 0.7437465000)
(-0.6684238000, -0.0083941030, 0.0103077900, 0.7436618000)
(-0.6683404000, -0.0082565940, 0.0102537000, 0.7437392000)
(-0.6683152000, -0.0082428370, 0.0102736200, 0.7437617000)
(-0.6683217000, -0.0081207290, 0.0100197300, 0.7437605000)
(-0.6683162000, -0.0081946520, 0.0100984600, 0.7437636000)
(-0.6683104000, -0.0081004680, 0.0102015300, 0.7437685000)
(-0.6683084000, -0.0081983590, 0.0102356500, 0.7437688000)
(-0.6682709000, -0.0081952940, 0.0101347400, 0.7438039000)
(-0.6682264000, -0.0081728500, 0.0101187100, 0.7438443000)
(-0.6681874000, -0.0082377070, 0.0102023300, 0.7438775000)
(-0.6682014000, -0.0080976510, 0.0101359500, 0.7438673000)
(-0.6683231000, -0.0080641390, 0.0100937800, 0.7437589000)
(-0.6680499000, -0.0080434690, 0.0100703700, 0.7440048000)
(-0.6681014000, -0.0081855570, 0.0101222000, 0.7439564000)
(-0.6681905000, -0.0082828160, 0.0101239100, 0.7438752000)
(-0.6681497000, -0.0080921460, 0.0100934300, 0.7439144000)
(-0.6680990000, -0.0081563430, 0.0102177000, 0.7439576000)
(-0.6680438000, -0.0081521180, 0.0101146600, 0.7440085000)
(-0.6681426000, -0.0082021930, 0.0103324300, 0.7439163000)
(-0.6681560000, -0.0083308200, 0.0101405600, 0.7439054000)
(-0.6682342000, -0.0082062850, 0.0102444600, 0.7438352000)
(-0.6681738000, -0.0082355150, 0.0102463500, 0.7438892000)
(-0.6682327000, -0.0081662260, 0.0101138700, 0.7438388000)
(-0.6682610000, -0.0082053830, 0.0100025300, 0.7438144000)
(-0.6682498000, -0.0083129540, 0.0101006300, 0.7438220000)
(-0.6683628000, -0.0081496520, 0.0101549400, 0.7437215000)
(-0.6683348000, -0.0082798200, 0.0101830100, 0.7437449000)
(-0.6682473000, -0.0081631540, 0.0099602290, 0.7438278000)
(-0.6682961000, -0.0082461410, 0.0101000000, 0.7437811000)
(-0.6682522000, -0.0082206740, 0.0101490900, 0.7438201000)
(-0.6683167000, -0.0082337930, 0.0101644900, 0.7437619000)
(-0.6682936000, -0.0082648770, 0.0101626400, 0.7437823000)
(-0.6681641000, -0.0081459530, 0.0101704000, 0.7438998000)
(-0.6682020000, -0.0080748130, 0.0100229000, 0.7438685000)
(-0.6681378000, -0.0080986710, 0.0101433800, 0.7439244000)
(-0.6682508000, -0.0081358780, 0.0101163200, 0.7438228000)
(-0.6682368000, -0.0081510760, 0.0099959600, 0.7438368000)
(-0.6682195000, -0.0082533140, 0.0100008200, 0.7438512000)
(-0.6682660000, -0.0082040520, 0.0100085000, 0.7438099000)
(-0.6682534000, -0.0082834940, 0.0101405400, 0.7438186000)
(-0.6682590000, -0.0082050590, 0.0101282000, 0.7438145000)
(-0.6682756000, -0.0082415310, 0.0102124400, 0.7437980000)
(-0.6682292000, -0.0082905260, 0.0100999400, 0.7438407000)
(-0.6682076000, -0.0083561910, 0.0101149100, 0.7438591000)
(-0.6682369000, -0.0082193510, 0.0100385700, 0.7438354000)
(-0.6682512000, -0.0081313430, 0.0101178200, 0.7438225000)
(-0.6684790000, -0.0083111370, 0.0101585600, 0.7436153000)
(-0.6683133000, -0.0083734300, 0.0100040600, 0.7437656000)
(-0.6682651000, -0.0083294000, 0.0099722520, 0.7438098000)
(-0.6681976000, -0.0083366120, 0.0100092800, 0.7438698000)
(-0.6683570000, -0.0082311670, 0.0100383800, 0.7437274000)
(-0.6683339000, -0.0083041490, 0.0100281800, 0.7437474000)
(-0.6683759000, -0.0082489820, 0.0099306670, 0.7437117000)
(-0.6682589000, -0.0083456900, 0.0099521650, 0.7438154000)
(-0.6681756000, -0.0083471010, 0.0098522640, 0.7438915000)
(-0.6681733000, -0.0082505350, 0.0098231040, 0.7438952000)
(-0.6682717000, -0.0082901360, 0.0099036310, 0.7438053000)
(-0.6682900000, -0.0084068910, 0.0099579930, 0.7437868000)
(-0.6683550000, -0.0083855360, 0.0098829040, 0.7437295000)
(-0.6682557000, -0.0083675080, 0.0098954400, 0.7438188000)
(-0.6682252000, -0.0083449880, 0.0099814180, 0.7438453000)
(-0.6682590000, -0.0082583560, 0.0099481570, 0.7438164000)
(-0.6681516000, -0.0083801270, 0.0100247800, 0.7439104000)
(-0.6681843000, -0.0084205410, 0.0100528300, 0.7438803000)
(-0.6682327000, -0.0083228410, 0.0099342840, 0.7438395000)
(-0.6683117000, -0.0083777270, 0.0098991470, 0.7437684000)
(-0.6682677000, -0.0082418450, 0.0098672840, 0.7438099000)
(-0.6682639000, -0.0084131450, 0.0099201370, 0.7438107000)
(-0.6681476000, -0.0084809450, 0.0098890260, 0.7439147000)
(-0.6683249000, -0.0082686160, 0.0097443050, 0.7437598000)
(-0.6683181000, -0.0083776620, 0.0099108500, 0.7437624000)
(-0.6682629000, -0.0084018110, 0.0098473870, 0.7438126000)
(-0.6682120000, -0.0083586500, 0.0098674100, 0.7438586000)
(-0.6681775000, -0.0084494200, 0.0097832900, 0.7438895000)
(-0.6682296000, -0.0081863520, 0.0098327240, 0.7438451000)
(-0.6682181000, -0.0082675250, 0.0097478740, 0.7438557000)
(-0.6680733000, -0.0083559930, 0.0098747210, 0.7439830000)
(-0.6681070000, -0.0084145500, 0.0098450400, 0.7439526000)
(-0.6681108000, -0.0084444010, 0.0097925830, 0.7439494000)
(-0.6681426000, -0.0082068230, 0.0098584540, 0.7439227000)
(-0.6683556000, -0.0082712900, 0.0097822120, 0.7437316000)
(-0.6683021000, -0.0084851650, 0.0097613080, 0.7437776000)
(-0.6682621000, -0.0083973880, 0.0096817270, 0.7438155000)
(-0.6683153000, -0.0084520180, 0.0097934540, 0.7437657000)
(-0.6682605000, -0.0083076760, 0.0098773650, 0.7438154000)
(-0.6682652000, -0.0082962790, 0.0097731400, 0.7438127000)
(-0.6684172000, -0.0085458140, 0.0098214700, 0.7436727000)
(-0.6684122000, -0.0084847860, 0.0098125120, 0.7436780000)
(-0.6684665000, -0.0084521650, 0.0097554730, 0.7436303000)
(-0.6684436000, -0.0084856800, 0.0097261060, 0.7436509000)
(-0.6684058000, -0.0084132040, 0.0098153200, 0.7436845000)
(-0.6683925000, -0.0083189050, 0.0096874940, 0.7436991000)
(-0.6683587000, -0.0083787350, 0.0095427050, 0.7437307000)
(-0.6683030000, -0.0083126060, 0.0096445810, 0.7437802000)
(-0.6682121000, -0.0085356230, 0.0095784840, 0.7438602000)
(-0.6681870000, -0.0083190390, 0.0095341070, 0.7438858000)
(-0.6683695000, -0.0084748770, 0.0095942380, 0.7437193000)
(-0.6683990000, -0.0084149500, 0.0096075640, 0.7436933000)
(-0.6684250000, -0.0084265680, 0.0095761900, 0.7436702000)
(-0.6683600000, -0.0083895330, 0.0095007630, 0.7437300000)
(-0.6683010000, -0.0083756990, 0.0096937580, 0.7437807000)
(-0.6683411000, -0.0084264160, 0.0095073380, 0.7437465000)
(-0.6685388000, -0.0085631340, 0.0094203500, 0.7435684000)
(-0.6684842000, -0.0084081340, 0.0097414130, 0.7436152000)
(-0.6684276000, -0.0084133340, 0.0095648590, 0.7436681000)
(-0.6683631000, -0.0083055380, 0.0097041790, 0.7437255000)
(-0.6685024000, -0.0083346790, 0.0095991260, 0.7436014000)
(-0.6683783000, -0.0081028280, 0.0096093220, 0.7437153000)
(-0.6682832000, -0.0084353930, 0.0096340410, 0.7437968000)
(-0.6684455000, -0.0082644480, 0.0096854510, 0.7436522000)
(-0.6685531000, -0.0082912650, 0.0095968320, 0.7435563000)
(-0.6684952000, -0.0083313150, 0.0096865730, 0.7436068000)
(-0.6684846000, -0.0083243150, 0.0096302210, 0.7436171000)
(-0.6683758000, -0.0083721210, 0.0095270130, 0.7437156000)
(-0.6683457000, -0.0081866780, 0.0096731640, 0.7437429000)
(-0.6683910000, -0.0083364320, 0.0095880230, 0.7437016000)
(-0.6685025000, -0.0083061990, 0.0095863980, 0.7436017000)
(-0.6684505000, -0.0082279430, 0.0095681810, 0.7436496000)
(-0.6685435000, -0.0082845340, 0.0095663400, 0.7435654000)
(-0.6682803000, -0.0081722890, 0.0096342620, 0.7438024000)
(-0.6682189000, -0.0082550280, 0.0096031030, 0.7438570000)
(-0.6682701000, -0.0081896870, 0.0096716860, 0.7438108000)
(-0.6683085000, -0.0081992340, 0.0097148060, 0.7437756000)
(-0.6683067000, -0.0083879410, 0.0099139280, 0.7437725000)
(-0.6682939000, -0.0083401860, 0.0096337610, 0.7437882000)
(-0.6683633000, -0.0082057870, 0.0095926480, 0.7437279000)
(-0.6684085000, -0.0082402430, 0.0096068580, 0.7436867000)
(-0.6684705000, -0.0085147620, 0.0096407270, 0.7436275000)
(-0.6682937000, -0.0083348410, 0.0095302970, 0.7437897000)
(-0.6683602000, -0.0081792580, 0.0095856170, 0.7437311000)
(-0.6683357000, -0.0082440930, 0.0094532770, 0.7437541000)
(-0.6682987000, -0.0083138310, 0.0095475460, 0.7437854000)
(-0.6684278000, -0.0085128930, 0.0096408590, 0.7436659000)
(-0.6684324000, -0.0084943680, 0.0096531940, 0.7436619000)
(-0.6683913000, -0.0082821640, 0.0097130090, 0.7437003000)
(-0.6682808000, -0.0083112620, 0.0097771870, 0.7437984000)
(-0.6684330000, -0.0083809790, 0.0097474470, 0.7436613000)
(-0.6682831000, -0.0084405750, 0.0096828610, 0.7437961000)
(-0.6683022000, -0.0084610350, 0.0096809150, 0.7437788000)
(-0.6682661000, -0.0083403350, 0.0097377300, 0.7438118000)
(-0.6683195000, -0.0084729060, 0.0096662030, 0.7437633000)
(-0.6683448000, -0.0084790740, 0.0096992890, 0.7437401000)
(-0.6684171000, -0.0085020570, 0.0097208170, 0.7436745000)
(-0.6682977000, -0.0083715710, 0.0097821430, 0.7437826000)
(-0.6683500000, -0.0083760210, 0.0096539870, 0.7437372000)
(-0.6682881000, -0.0083790160, 0.0096062440, 0.7437934000)
(-0.6683800000, -0.0084724310, 0.0095035490, 0.7437111000)
(-0.6683471000, -0.0082963610, 0.0096557010, 0.7437407000)
(-0.6683152000, -0.0083786440, 0.0097484420, 0.7437672000)
(-0.6684114000, -0.0083811010, 0.0096014280, 0.7436826000)
(-0.6683899000, -0.0083975250, 0.0095938130, 0.7437018000)
(-0.6684384000, -0.0083135390, 0.0096504650, 0.7436584000)
(-0.6683146000, -0.0082970620, 0.0096372320, 0.7437701000)
(-0.6682453000, -0.0085106170, 0.0095919800, 0.7438306000)
(-0.6682976000, -0.0084370160, 0.0096067610, 0.7437841000)
(-0.6682937000, -0.0083638620, 0.0095832760, 0.7437888000)
(-0.6683581000, -0.0083280640, 0.0096450790, 0.7437305000)
(-0.6682118000, -0.0082305470, 0.0097129500, 0.7438622000)
(-0.6682335000, -0.0083539160, 0.0097425240, 0.7438409000)
(-0.6682592000, -0.0084784920, 0.0097042240, 0.7438170000)
(-0.6682352000, -0.0083493290, 0.0096353410, 0.7438409000)
(-0.6682390000, -0.0084246990, 0.0095817370, 0.7438373000)
(-0.6683025000, -0.0084428330, 0.0096789000, 0.7437787000)
(-0.6682416000, -0.0083848430, 0.0096854600, 0.7438340000)
(-0.6682677000, -0.0082442030, 0.0095818930, 0.7438135000)
(-0.6682327000, -0.0083209820, 0.0097209960, 0.7438423000)
(-0.6682482000, -0.0083531110, 0.0096880840, 0.7438285000)
(-0.6682808000, -0.0083073730, 0.0097779420, 0.7437986000)
(-0.6682200000, -0.0083626030, 0.0098357630, 0.7438517000)
(-0.6682600000, -0.0082657020, 0.0096211850, 0.7438197000)
(-0.6683617000, -0.0083349420, 0.0097463680, 0.7437260000)
(-0.6682903000, -0.0083058780, 0.0097198400, 0.7437908000)
(-0.6682128000, -0.0084211730, 0.0098520410, 0.7438573000)
(-0.6681886000, -0.0082547500, 0.0097710940, 0.7438819000)
(-0.6682826000, -0.0082855020, 0.0098591280, 0.7437961000)
(-0.6682386000, -0.0084751790, 0.0098021630, 0.7438342000)
(-0.6681909000, -0.0083556090, 0.0097660730, 0.7438788000)
(-0.6682616000, -0.0083401520, 0.0097892020, 0.7438152000)
(-0.6683123000, -0.0083498970, 0.0097940610, 0.7437695000)
(-0.6682306000, -0.0084562940, 0.0097417740, 0.7438424000)
(-0.6684050000, -0.0082176520, 0.0096509030, 0.7436896000)
(-0.6682944000, -0.0083568100, 0.0098141850, 0.7437852000)
(-0.6682270000, -0.0081679140, 0.0099139970, 0.7438466000)
(-0.6683185000, -0.0083754170, 0.0099138970, 0.7437620000)
(-0.6682402000, -0.0083169450, 0.0097847330, 0.7438347000)
(-0.6683599000, -0.0082663410, 0.0098874240, 0.7437264000)
(-0.6682471000, -0.0083172270, 0.0099391820, 0.7438265000)
(-0.6684071000, -0.0082671830, 0.0098491170, 0.7436845000)
(-0.6684147000, -0.0084205550, 0.0099528400, 0.7436746000)
(-0.6684611000, -0.0082363950, 0.0099301180, 0.7436353000)
(-0.6684607000, -0.0083011360, 0.0097214990, 0.7436377000)
(-0.6684180000, -0.0083190240, 0.0097483690, 0.7436754000)
(-0.6683812000, -0.0083967540, 0.0097199820, 0.7437081000)
(-0.6683205000, -0.0081773210, 0.0097781350, 0.7437642000)
(-0.6682860000, -0.0081880450, 0.0096693490, 0.7437966000)
(-0.6684266000, -0.0082670720, 0.0096497670, 0.7436696000)
(-0.6683969000, -0.0083412480, 0.0098052170, 0.7436935000)
(-0.6683763000, -0.0082442100, 0.0096900550, 0.7437145000)
(-0.6685119000, -0.0083144690, 0.0097203250, 0.7435914000)
(-0.6685176000, -0.0082695140, 0.0096522230, 0.7435877000)
(-0.6685292000, -0.0083762570, 0.0096910070, 0.7435756000)
(-0.6685147000, -0.0083866740, 0.0096842440, 0.7435886000)
(-0.6683105000, -0.0084611310, 0.0095242950, 0.7437734000)
(-0.6683493000, -0.0083412210, 0.0097221020, 0.7437373000)
(-0.6684778000, -0.0084141950, 0.0096080410, 0.7436224000)
(-0.6685578000, -0.0083312080, 0.0097088530, 0.7435501000)
(-0.6684616000, -0.0085870410, 0.0097269790, 0.7436335000)
(-0.6683643000, -0.0084955900, 0.0096362080, 0.7437232000)
(-0.6683376000, -0.0083688330, 0.0097238330, 0.7437475000)
(-0.6683698000, -0.0084675330, 0.0095789830, 0.7437193000)
(-0.6684217000, -0.0083634510, 0.0097931780, 0.7436710000)
(-0.6683619000, -0.0083382870, 0.0095979810, 0.7437276000)
(-0.6683480000, -0.0083987560, 0.0096673160, 0.7437385000)
(-0.6682774000, -0.0085168220, 0.0096651440, 0.7438007000)
(-0.6683630000, -0.0083249770, 0.0097272080, 0.7437251000)
(-0.6683030000, -0.0085204230, 0.0096573430, 0.7437777000)
(-0.6683004000, -0.0083790510, 0.0095201480, 0.7437834000)
(-0.6683335000, -0.0085130530, 0.0098001460, 0.7437485000)
(-0.6683002000, -0.0085092240, 0.0096879110, 0.7437800000)
(-0.6683704000, -0.0085970040, 0.0096392720, 0.7437165000)
(-0.6683720000, -0.0087360800, 0.0097352850, 0.7437122000)
(-0.6684427000, -0.0085856230, 0.0096042510, 0.7436521000)
(-0.6682445000, -0.0085663670, 0.0095752300, 0.7438307000)
(-0.6683078000, -0.0086241900, 0.0097201700, 0.7437714000)
(-0.6682842000, -0.0086069810, 0.0095813440, 0.7437946000)
(-0.6683729000, -0.0085180900, 0.0096223930, 0.7437154000)
(-0.6684141000, -0.0085773020, 0.0096016420, 0.7436780000)
(-0.6684360000, -0.0084878260, 0.0095750290, 0.7436596000)
(-0.6683043000, -0.0085846740, 0.0095818240, 0.7437767000)
(-0.6682713000, -0.0085761200, 0.0096790160, 0.7438053000)
(-0.6683220000, -0.0086322920, 0.0096503990, 0.7437594000)
(-0.6683621000, -0.0086740650, 0.0096681050, 0.7437227000)
(-0.6682560000, -0.0087469530, 0.0097128110, 0.7438166000)
(-0.6682878000, -0.0086680130, 0.0097054460, 0.7437890000)
(-0.6682994000, -0.0086272250, 0.0096882990, 0.7437792000)
(-0.6683631000, -0.0085607620, 0.0096854390, 0.7437229000)
(-0.6684121000, -0.0085956630, 0.0096630650, 0.7436787000)
(-0.6682715000, -0.0084926770, 0.0095228150, 0.7438080000)
(-0.6683208000, -0.0088264780, 0.0096356950, 0.7437584000)
(-0.6683024000, -0.0086884820, 0.0095245740, 0.7437780000)
(-0.6683655000, -0.0085757900, 0.0096888380, 0.7437205000)
(-0.6684206000, -0.0086428080, 0.0096164220, 0.7436712000)
(-0.6683760000, -0.0086990390, 0.0095467890, 0.7437114000)
(-0.6683550000, -0.0086631730, 0.0095567760, 0.7437307000)
(-0.6684304000, -0.0087414090, 0.0095317550, 0.7436623000)
(-0.6684223000, -0.0087858580, 0.0094478530, 0.7436700000)
(-0.6684577000, -0.0085970690, 0.0095533370, 0.7436392000)
(-0.6683465000, -0.0085208640, 0.0095165330, 0.7437405000)
(-0.6682810000, -0.0086570190, 0.0094088790, 0.7437990000)
(-0.6683710000, -0.0086800990, 0.0095904490, 0.7437156000)
(-0.6683719000, -0.0085995150, 0.0094908330, 0.7437170000)
(-0.6683945000, -0.0087038960, 0.0095329820, 0.7436950000)
(-0.6683391000, -0.0087729960, 0.0095437360, 0.7437438000)
(-0.6684055000, -0.0087531940, 0.0096295270, 0.7436833000)
(-0.6683735000, -0.0087288250, 0.0094817240, 0.7437142000)
(-0.6684712000, -0.0087904420, 0.0095012630, 0.7436255000)
(-0.6684067000, -0.0087010940, 0.0094518150, 0.7436851000)
(-0.6683698000, -0.0087696740, 0.0095246190, 0.7437165000)
(-0.6683226000, -0.0088016950, 0.0095382610, 0.7437583000)
(-0.6683831000, -0.0086279770, 0.0095497900, 0.7437059000)
(-0.6683417000, -0.0088371830, 0.0096364800, 0.7437395000)
(-0.6683553000, -0.0087194030, 0.0095594970, 0.7437297000)
(-0.6683389000, -0.0086392010, 0.0096208560, 0.7437446000)
(-0.6683344000, -0.0087477610, 0.0095454000, 0.7437483000)
(-0.6682550000, -0.0085864090, 0.0095773240, 0.7438211000)
(-0.6683423000, -0.0087126810, 0.0094357300, 0.7437430000)
(-0.6683483000, -0.0085354710, 0.0094267940, 0.7437398000)
(-0.6683763000, -0.0087006910, 0.0094541520, 0.7437124000)
(-0.6683466000, -0.0087499820, 0.0094360220, 0.7437387000)
(-0.6682687000, -0.0087749030, 0.0095737590, 0.7438066000)
(-0.6683718000, -0.0086579590, 0.0095757590, 0.7437153000)
(-0.6683688000, -0.0087099350, 0.0094790970, 0.7437187000)
(-0.6683588000, -0.0087180230, 0.0095064920, 0.7437272000)
(-0.6682149000, -0.0085454420, 0.0095982620, 0.7438573000)
(-0.6681997000, -0.0087134460, 0.0095235430, 0.7438700000)
(-0.6682922000, -0.0086302100, 0.0096480500, 0.7437863000)
(-0.6682351000, -0.0086950810, 0.0095055690, 0.7438387000)
(-0.6682179000, -0.0086424110, 0.0096759860, 0.7438526000)
(-0.6682106000, -0.0086919600, 0.0096999270, 0.7438582000)
(-0.6681595000, -0.0086983190, 0.0095682800, 0.7439057000)
(-0.6681943000, -0.0086256850, 0.0096260060, 0.7438745000)
(-0.6683939000, -0.0085876820, 0.0094280260, 0.7436981000)
(-0.6684602000, -0.0086927090, 0.0095282720, 0.7436361000)
(-0.6684631000, -0.0086986450, 0.0095452420, 0.7436332000)
(-0.6683482000, -0.0086206370, 0.0096195950, 0.7437364000)
(-0.6683227000, -0.0084778220, 0.0095202270, 0.7437622000)
(-0.6683199000, -0.0085872400, 0.0095048960, 0.7437637000)
(-0.6683212000, -0.0085956070, 0.0095665130, 0.7437617000)
(-0.6684222000, -0.0086557080, 0.0096416850, 0.7436692000)
(-0.6683697000, -0.0085649090, 0.0095761330, 0.7437183000)
(-0.6684849000, -0.0085514230, 0.0097440100, 0.7436128000)
(-0.6684800000, -0.0085660370, 0.0096529330, 0.7436181000)
(-0.6683128000, -0.0085542930, 0.0095748480, 0.7437696000)
(-0.6683825000, -0.0083366070, 0.0096219190, 0.7437088000)
(-0.6684387000, -0.0084872820, 0.0096313860, 0.7436565000)
(-0.6683859000, -0.0085228770, 0.0095520760, 0.7437046000)
(-0.6684024000, -0.0085085910, 0.0095988780, 0.7436892000)
(-0.6685120000, -0.0085222750, 0.0097291820, 0.7435889000)
(-0.6684716000, -0.0085061740, 0.0096751020, 0.7436261000)
(-0.6682386000, -0.0085031480, 0.0097375460, 0.7438347000)
(-0.6684153000, -0.0084906400, 0.0097818620, 0.7436755000)
(-0.6684026000, -0.0086005600, 0.0097726310, 0.7436858000)
(-0.6683457000, -0.0085113550, 0.0097815520, 0.7437378000)
(-0.6683666000, -0.0086028360, 0.0097794340, 0.7437180000)
(-0.6684594000, -0.0085807310, 0.0097094950, 0.7436358000)
(-0.6684735000, -0.0084486420, 0.0098355670, 0.7436230000)
(-0.6684657000, -0.0085330170, 0.0096743650, 0.7436311000)
(-0.6684924000, -0.0085590460, 0.0097905060, 0.7436053000)
(-0.6684127000, -0.0084838670, 0.0097907800, 0.7436777000)
(-0.6683924000, -0.0086441240, 0.0097557280, 0.7436946000)
(-0.6683409000, -0.0085140110, 0.0098348760, 0.7437413000)
(-0.6683561000, -0.0086626510, 0.0098418710, 0.7437260000)
(-0.6683675000, -0.0085940650, 0.0097486050, 0.7437177000)
(-0.6683454000, -0.0085048260, 0.0096784050, 0.7437395000)
(-0.6682261000, -0.0085670950, 0.0097570380, 0.7438449000)
(-0.6681342000, -0.0085668010, 0.0096843150, 0.7439285000)
(-0.6682134000, -0.0085527040, 0.0097324690, 0.7438568000)
(-0.6684122000, -0.0086183890, 0.0097008270, 0.7436779000)
(-0.6683578000, -0.0085847650, 0.0098244840, 0.7437255000)
(-0.6682495000, -0.0086289930, 0.0095890610, 0.7438254000)
(-0.6682680000, -0.0085561450, 0.0097103970, 0.7438081000)
(-0.6684182000, -0.0086104660, 0.0098238780, 0.7436710000)
(-0.6683400000, -0.0086117670, 0.0097933390, 0.7437416000)
(-0.6683568000, -0.0087241740, 0.0098723320, 0.7437242000)
(-0.6683756000, -0.0087439880, 0.0096312710, 0.7437103000)
(-0.6683192000, -0.0087341220, 0.0097862730, 0.7437589000)
(-0.6683713000, -0.0087766030, 0.0097478390, 0.7437122000)
(-0.6683113000, -0.0086367100, 0.0097349630, 0.7437679000)
(-0.6682447000, -0.0086824480, 0.0098316240, 0.7438259000)
(-0.6682599000, -0.0086840410, 0.0097630500, 0.7438132000)
(-0.6682795000, -0.0087397260, 0.0098478780, 0.7437938000)
(-0.6683352000, -0.0087478880, 0.0098494920, 0.7437437000)
(-0.6682808000, -0.0085896530, 0.0097551620, 0.7437956000)
(-0.6683210000, -0.0086458690, 0.0097470870, 0.7437590000)
(-0.6682839000, -0.0086920450, 0.0097383140, 0.7437918000)
(-0.6683405000, -0.0085767820, 0.0096178020, 0.7437439000)
(-0.6684176000, -0.0086769030, 0.0099129890, 0.7436696000)
(-0.6682676000, -0.0087336520, 0.0096934410, 0.7438065000)
(-0.6683772000, -0.0087871470, 0.0097150160, 0.7437072000)
(-0.6683177000, -0.0086561860, 0.0097834890, 0.7437612000)
(-0.6683970000, -0.0086478700, 0.0096353530, 0.7436920000)
(-0.6683686000, -0.0087166540, 0.0096388190, 0.7437168000)
(-0.6683518000, -0.0087027540, 0.0096231280, 0.7437323000)
(-0.6683788000, -0.0087061850, 0.0097406740, 0.7437063000)
(-0.6683716000, -0.0087133830, 0.0096251070, 0.7437143000)
(-0.6683689000, -0.0088125700, 0.0095300600, 0.7437167000)
(-0.6685127000, -0.0085563990, 0.0096168580, 0.7435894000)
(-0.6683649000, -0.0086327000, 0.0097189430, 0.7437199000)
(-0.6682872000, -0.0085807900, 0.0096520400, 0.7437913000)
(-0.6683969000, -0.0085957390, 0.0097515850, 0.7436912000)
(-0.6683279000, -0.0086088500, 0.0095728700, 0.7437554000)
(-0.6682900000, -0.0086345060, 0.0097097060, 0.7437874000)
(-0.6682917000, -0.0086738140, 0.0095674280, 0.7437873000)
(-0.6682968000, -0.0086729650, 0.0096088740, 0.7437822000)
(-0.6682259000, -0.0086245740, 0.0098082920, 0.7438437000)
(-0.6682448000, -0.0086582340, 0.0097682950, 0.7438270000)
(-0.6682158000, -0.0086456530, 0.0096649370, 0.7438546000)
(-0.6683341000, -0.0085940150, 0.0097002290, 0.7437484000)
(-0.6683860000, -0.0086741540, 0.0098345240, 0.7436990000)
(-0.6682676000, -0.0086277670, 0.0097881030, 0.7438065000)
(-0.6683925000, -0.0086831840, 0.0097969480, 0.7436936000)
(-0.6683603000, -0.0087078870, 0.0098161400, 0.7437220000)
(-0.6683692000, -0.0087681860, 0.0096970690, 0.7437148000)
(-0.6684428000, -0.0086101280, 0.0097350270, 0.7436500000)
(-0.6684990000, -0.0086753060, 0.0096496320, 0.7435998000)
(-0.6683416000, -0.0084997630, 0.0095884850, 0.7437442000)
(-0.6684864000, -0.0087042400, 0.0096940580, 0.7436103000)
(-0.6683404000, -0.0087132160, 0.0098365550, 0.7437395000)
(-0.6684302000, -0.0086140410, 0.0096831900, 0.7436619000)
(-0.6683789000, -0.0085576540, 0.0097427840, 0.7437079000)
(-0.6683833000, -0.0086216560, 0.0095848410, 0.7437053000)
(-0.6683466000, -0.0085258010, 0.0096470150, 0.7437386000)
(-0.6683450000, -0.0085962940, 0.0095607680, 0.7437403000)
(-0.6682914000, -0.0085524570, 0.0098336530, 0.7437854000)
(-0.6683305000, -0.0086179420, 0.0096271760, 0.7437523000)
(-0.6683698000, -0.0085179320, 0.0097254080, 0.7437168000)
(-0.6683989000, -0.0085948720, 0.0097019050, 0.7436901000)
(-0.6683686000, -0.0086387130, 0.0097202790, 0.7437166000)
(-0.6683910000, -0.0085769120, 0.0095378430, 0.7436995000)
(-0.6684493000, -0.0086298840, 0.0096172650, 0.7436454000)
(-0.6684074000, -0.0085363340, 0.0096882730, 0.7436833000)
(-0.6684391000, -0.0085199430, 0.0097214910, 0.7436546000)
(-0.6684746000, -0.0084168450, 0.0095398910, 0.7436262000)
(-0.6686010000, -0.0086839830, 0.0095420350, 0.7435094000)
(-0.6684290000, -0.0086195540, 0.0095716620, 0.7436645000)
(-0.6684582000, -0.0084641960, 0.0096455020, 0.7436391000)
(-0.6685488000, -0.0086173720, 0.0095277480, 0.7435573000)
(-0.6685604000, -0.0086979340, 0.0094866570, 0.7435465000)
(-0.6686838000, -0.0086270400, 0.0095906580, 0.7434350000)
(-0.6685637000, -0.0086554580, 0.0096106970, 0.7435424000)
(-0.6684737000, -0.0085832710, 0.0096663720, 0.7436236000)
(-0.6683947000, -0.0086507940, 0.0095857860, 0.7436947000)
(-0.6683190000, -0.0085892150, 0.0094937520, 0.7437646000)
(-0.6684065000, -0.0085490790, 0.0095587350, 0.7436857000)
(-0.6684163000, -0.0086317200, 0.0096319210, 0.7436749000)
(-0.6684582000, -0.0086145070, 0.0095985100, 0.7436380000)
(-0.6684075000, -0.0086313350, 0.0095829970, 0.7436835000)
(-0.6683987000, -0.0085469620, 0.0095212400, 0.7436931000)
(-0.6684275000, -0.0085993630, 0.0095374800, 0.7436665000)
(-0.6684312000, -0.0086332400, 0.0093891660, 0.7436646000)
(-0.6686021000, -0.0086139020, 0.0095484830, 0.7435092000)
(-0.6684436000, -0.0085191890, 0.0093932310, 0.7436547000)
(-0.6684140000, -0.0085244740, 0.0095339680, 0.7436795000)
(-0.6683279000, -0.0085100190, 0.0095888180, 0.7437563000)
(-0.6682813000, -0.0085531600, 0.0094597420, 0.7437994000)
(-0.6683458000, -0.0084123970, 0.0095107510, 0.7437423000)
(-0.6682585000, -0.0084264970, 0.0097149990, 0.7438179000)
(-0.6682564000, -0.0085029580, 0.0096140630, 0.7438203000)
(-0.6682730000, -0.0085658560, 0.0096181030, 0.7438046000)
(-0.6684035000, -0.0085573400, 0.0097315020, 0.7436860000)
(-0.6683577000, -0.0085995910, 0.0095969110, 0.7437285000)
(-0.6683154000, -0.0086855980, 0.0095026840, 0.7437667000)
(-0.6682081000, -0.0085033160, 0.0093953660, 0.7438665000)
(-0.6683526000, -0.0086784050, 0.0094754030, 0.7437337000)
(-0.6683014000, -0.0086631060, 0.0095624650, 0.7437788000)
(-0.6683897000, -0.0085029430, 0.0094978410, 0.7437021000)
(-0.6684245000, -0.0087747860, 0.0095460960, 0.7436669000)
(-0.6682909000, -0.0087199270, 0.0094230940, 0.7437893000)
(-0.6682822000, -0.0087045260, 0.0095393340, 0.7437959000)
(-0.6683344000, -0.0085390020, 0.0094840600, 0.7437515000)
(-0.6684850000, -0.0085456210, 0.0095538190, 0.7436152000)
(-0.6685220000, -0.0087077220, 0.0094226740, 0.7435817000)
(-0.6685070000, -0.0086698730, 0.0094318120, 0.7435955000)
(-0.6684687000, -0.0086927490, 0.0094448510, 0.7436295000)
(-0.6684917000, -0.0087006990, 0.0095004450, 0.7436081000)
(-0.6684743000, -0.0087723240, 0.0093937440, 0.7436243000)
(-0.6684912000, -0.0087365820, 0.0092982030, 0.7436106000)
(-0.6684073000, -0.0086578990, 0.0094904590, 0.7436846000)
(-0.6684741000, -0.0087423600, 0.0093863630, 0.7436249000)
(-0.6684006000, -0.0085877520, 0.0094014150, 0.7436926000)
(-0.6683581000, -0.0087119240, 0.0095032160, 0.7437279000)
(-0.6683004000, -0.0086505030, 0.0093672080, 0.7437823000)
(-0.6683760000, -0.0086215900, 0.0095476960, 0.7437124000)
(-0.6683177000, -0.0087165040, 0.0094909070, 0.7437645000)
(-0.6684288000, -0.0085640240, 0.0095132350, 0.7436660000)
(-0.6683857000, -0.0086406630, 0.0093572340, 0.7437059000)
(-0.6683336000, -0.0085513380, 0.0095417280, 0.7437513000)
(-0.6683835000, -0.0086632900, 0.0093616140, 0.7437075000)
(-0.6683442000, -0.0085618290, 0.0092994400, 0.7437447000)
(-0.6684104000, -0.0085223500, 0.0093620340, 0.7436849000)
(-0.6682848000, -0.0084024030, 0.0094769300, 0.7437977000)
(-0.6684043000, -0.0085026810, 0.0093377610, 0.7436909000)
(-0.6682912000, -0.0086762780, 0.0093440380, 0.7437906000)
(-0.6683249000, -0.0085341880, 0.0093434330, 0.7437618000)
(-0.6684142000, -0.0085344430, 0.0093022000, 0.7436821000)
(-0.6684222000, -0.0085741090, 0.0092741610, 0.7436749000)
(-0.6683962000, -0.0087169050, 0.0094209540, 0.7436947000)
(-0.6682293000, -0.0085158110, 0.0092599710, 0.7438490000)
(-0.6683361000, -0.0085912690, 0.0092611890, 0.7437522000)
(-0.6683030000, -0.0085667820, 0.0093848690, 0.7437807000)
(-0.6683082000, -0.0085913420, 0.0093406830, 0.7437763000)
(-0.6682958000, -0.0085945490, 0.0092864260, 0.7437880000)
(-0.6683433000, -0.0084693670, 0.0093336250, 0.7437462000)
(-0.6683739000, -0.0085980050, 0.0093091740, 0.7437175000)
(-0.6683005000, -0.0084240050, 0.0093732480, 0.7437847000)
(-0.6684329000, -0.0085286600, 0.0092488560, 0.7436661000)
(-0.6683856000, -0.0085038240, 0.0092467310, 0.7437089000)
(-0.6684175000, -0.0083423350, 0.0092236900, 0.7436823000)
(-0.6683999000, -0.0085105450, 0.0093794180, 0.7436942000)
(-0.6682770000, -0.0085292550, 0.0092172380, 0.7438065000)
(-0.6684121000, -0.0085166790, 0.0092997720, 0.7436842000)
(-0.6683485000, -0.0085016510, 0.0092143660, 0.7437427000)
(-0.6683576000, -0.0083835820, 0.0090706110, 0.7437376000)
(-0.6683807000, -0.0084936260, 0.0093156710, 0.7437125000)
(-0.6682257000, -0.0084278020, 0.0093510570, 0.7438521000)
(-0.6683496000, -0.0084190650, 0.0091775790, 0.7437431000)
(-0.6683026000, -0.0085454080, 0.0092459910, 0.7437830000)
(-0.6683522000, -0.0085770430, 0.0091249900, 0.7437395000)
(-0.6684204000, -0.0084924520, 0.0092537350, 0.7436777000)
(-0.6683365000, -0.0086605660, 0.0092354010, 0.7437513000)
(-0.6683257000, -0.0084297710, 0.0091228770, 0.7437651000)
(-0.6683156000, -0.0085125570, 0.0092341320, 0.7437719000)
(-0.6683159000, -0.0085507590, 0.0091713790, 0.7437719000)
(-0.6682898000, -0.0084543950, 0.0092276950, 0.7437958000)
(-0.6684535000, -0.0085816160, 0.0092303160, 0.7436472000)
(-0.6685319000, -0.0085182270, 0.0092983030, 0.7435765000)
(-0.6684017000, -0.0086320550, 0.0091146350, 0.7436946000)
(-0.6683642000, -0.0086221010, 0.0094009250, 0.7437248000)
(-0.6683758000, -0.0083674810, 0.0092946340, 0.7437187000)
(-0.6683384000, -0.0086112680, 0.0093607670, 0.7437487000)
(-0.6682383000, -0.0084296430, 0.0094880750, 0.7438391000)
(-0.6683025000, -0.0084396320, 0.0093851170, 0.7437826000)
(-0.6683603000, -0.0083468320, 0.0092767420, 0.7437330000)
(-0.6681939000, -0.0086238020, 0.0093942400, 0.7438779000)
(-0.6681274000, -0.0084905500, 0.0094993710, 0.7439379000)
(-0.6681837000, -0.0083625640, 0.0095251410, 0.7438884000)
(-0.6681874000, -0.0085651770, 0.0093237750, 0.7438852000)
(-0.6682900000, -0.0084468340, 0.0093655360, 0.7437940000)
(-0.6682492000, -0.0085229020, 0.0093183440, 0.7438303000)
(-0.6682233000, -0.0084512620, 0.0095915640, 0.7438509000)
(-0.6682513000, -0.0083852150, 0.0092945170, 0.7438304000)
(-0.6682581000, -0.0084888670, 0.0094450210, 0.7438212000)
(-0.6682445000, -0.0084589260, 0.0093279740, 0.7438352000)
(-0.6682143000, -0.0084398940, 0.0092559910, 0.7438635000)
(-0.6682016000, -0.0083911790, 0.0094768170, 0.7438726000)
(-0.6683748000, -0.0084604340, 0.0092950020, 0.7437185000)
(-0.6682251000, -0.0084454870, 0.0093453900, 0.7438526000)
(-0.6682494000, -0.0085537560, 0.0094142890, 0.7438286000)
(-0.6681481000, -0.0084796060, 0.0094447340, 0.7439200000)
(-0.6682575000, -0.0085031530, 0.0092909960, 0.7438235000)
(-0.6683558000, -0.0085491440, 0.0094274680, 0.7437329000)
(-0.6682907000, -0.0084890570, 0.0092403800, 0.7437945000)
(-0.6682612000, -0.0084749050, 0.0094351420, 0.7438186000)
(-0.6680685000, -0.0084975360, 0.0094399350, 0.7439914000)
(-0.6681604000, -0.0084463530, 0.0094263600, 0.7439096000)
(-0.6681150000, -0.0084421690, 0.0092581830, 0.7439525000)
(-0.6681569000, -0.0084052950, 0.0093768190, 0.7439139000)
(-0.6682280000, -0.0084399510, 0.0092612990, 0.7438511000)
(-0.6682414000, -0.0084501560, 0.0094348130, 0.7438368000)
(-0.6682112000, -0.0083678930, 0.0094063730, 0.7438651000)
(-0.6681286000, -0.0082893640, 0.0093187340, 0.7439413000)
(-0.6682079000, -0.0085147680, 0.0092582500, 0.7438683000)
(-0.6681754000, -0.0085880650, 0.0093137630, 0.7438959000)
(-0.6682013000, -0.0084772230, 0.0093611330, 0.7438734000)
(-0.6681731000, -0.0083782960, 0.0093576590, 0.7438998000)
(-0.6681596000, -0.0084866620, 0.0094290880, 0.7439098000)
(-0.6682160000, -0.0083224480, 0.0093880130, 0.7438616000)
(-0.6681572000, -0.0083871550, 0.0093927360, 0.7439137000)
(-0.6683267000, -0.0085513260, 0.0094696060, 0.7437584000)
(-0.6682701000, -0.0082682030, 0.0094343890, 0.7438130000)
(-0.6683444000, -0.0082800650, 0.0094966420, 0.7437453000)
(-0.6683339000, -0.0084448940, 0.0094791100, 0.7437531000)
(-0.6682909000, -0.0083537980, 0.0095114890, 0.7437923000)
(-0.6682492000, -0.0085313980, 0.0095326010, 0.7438275000)
(-0.6683012000, -0.0084026160, 0.0095850570, 0.7437816000)
(-0.6684345000, -0.0084315460, 0.0094600770, 0.7436631000)
(-0.6683919000, -0.0082988520, 0.0095577980, 0.7437016000)
(-0.6683149000, -0.0082748740, 0.0095586630, 0.7437710000)
(-0.6683396000, -0.0083353060, 0.0095276080, 0.7437486000)
(-0.6682601000, -0.0082558540, 0.0094546600, 0.7438219000)
(-0.6682978000, -0.0082737690, 0.0095167490, 0.7437871000)
(-0.6683555000, -0.0083377330, 0.0095341870, 0.7437341000)
(-0.6684509000, -0.0082215470, 0.0095254340, 0.7436499000)
(-0.6683944000, -0.0082405690, 0.0093651130, 0.7437025000)
(-0.6683958000, -0.0081357400, 0.0094887500, 0.7437008000)
(-0.6685054000, -0.0082513410, 0.0093999210, 0.7436022000)
(-0.6684356000, -0.0083503160, 0.0095284280, 0.7436621000)
(-0.6683995000, -0.0082796500, 0.0093133950, 0.7436981000)
(-0.6684056000, -0.0083012930, 0.0094217090, 0.7436910000)
(-0.6683916000, -0.0082212980, 0.0093865690, 0.7437049000)
(-0.6683683000, -0.0082411770, 0.0094230160, 0.7437252000)
(-0.6684495000, -0.0082320000, 0.0094079150, 0.7436525000)
(-0.6684867000, -0.0084184520, 0.0092682370, 0.7436188000)
(-0.6684113000, -0.0081669460, 0.0095423460, 0.7436859000)
(-0.6684470000, -0.0083535360, 0.0094891750, 0.7436524000)
(-0.6684150000, -0.0083196340, 0.0093426830, 0.7436834000)
(-0.6684579000, -0.0082659460, 0.0094196950, 0.7436445000)
(-0.6683947000, -0.0083537610, 0.0093943140, 0.7437005000)
(-0.6684460000, -0.0083537280, 0.0094670580, 0.7436535000)
(-0.6684544000, -0.0084850710, 0.0094976990, 0.7436441000)
(-0.6684480000, -0.0086008960, 0.0094382770, 0.7436492000)
(-0.6684446000, -0.0083731930, 0.0094721500, 0.7436545000)
(-0.6683517000, -0.0082883130, 0.0094460220, 0.7437393000)
(-0.6685407000, -0.0084793380, 0.0093718760, 0.7435682000)
(-0.6684394000, -0.0083971520, 0.0093068090, 0.7436610000)
(-0.6683624000, -0.0083867210, 0.0093956180, 0.7437292000)
(-0.6684943000, -0.0084174350, 0.0094692120, 0.7436094000)
(-0.6684155000, -0.0082906900, 0.0093490910, 0.7436832000)
(-0.6682956000, -0.0082910800, 0.0094769220, 0.7437893000)
(-0.6682587000, -0.0082945430, 0.0094071090, 0.7438232000)
(-0.6683000000, -0.0084727340, 0.0094323700, 0.7437838000)
(-0.6683156000, -0.0084488960, 0.0094308180, 0.7437701000)
(-0.6682496000, -0.0084536810, 0.0093712320, 0.7438301000)
(-0.6683010000, -0.0081905910, 0.0093809320, 0.7437867000)
(-0.6683517000, -0.0083177940, 0.0094031650, 0.7437395000)
(-0.6682299000, -0.0083743670, 0.0095273180, 0.7438467000)
(-0.6683317000, -0.0085169000, 0.0094311080, 0.7437549000)
(-0.6683486000, -0.0084386610, 0.0094329910, 0.7437406000)
(-0.6682595000, -0.0084191580, 0.0094433180, 0.7438207000)
(-0.6683146000, -0.0083786520, 0.0093676900, 0.7437726000)
(-0.6683770000, -0.0084534070, 0.0094152990, 0.7437151000)
(-0.6681669000, -0.0083079500, 0.0094916180, 0.7439045000)
(-0.6683185000, -0.0084954570, 0.0094890720, 0.7437662000)
(-0.6682287000, -0.0084581140, 0.0094502440, 0.7438478000)
(-0.6683829000, -0.0085516590, 0.0094731110, 0.7437078000)
(-0.6683684000, -0.0084154880, 0.0095079790, 0.7437221000)
(-0.6683921000, -0.0084576170, 0.0095082030, 0.7437003000)
(-0.6683705000, -0.0085221480, 0.0096071510, 0.7437177000)
(-0.6683278000, -0.0085699510, 0.0095392240, 0.7437564000)
(-0.6682636000, -0.0085016500, 0.0096399000, 0.7438136000)
(-0.6683077000, -0.0085604020, 0.0095003960, 0.7437751000)
(-0.6684113000, -0.0086113530, 0.0094841950, 0.7436816000)
(-0.6683106000, -0.0085206290, 0.0095503270, 0.7437723000)
(-0.6681778000, -0.0084818180, 0.0095862090, 0.7438915000)
(-0.6683186000, -0.0086453380, 0.0095393470, 0.7437638000)
(-0.6682647000, -0.0086904660, 0.0095068250, 0.7438121000)
(-0.6682785000, -0.0085750810, 0.0096503170, 0.7437993000)
(-0.6683503000, -0.0085134110, 0.0094764200, 0.7437376000)
(-0.6682548000, -0.0084769350, 0.0096289590, 0.7438219000)
(-0.6682666000, -0.0085582830, 0.0096472010, 0.7438101000)
(-0.6682469000, -0.0086424920, 0.0096759580, 0.7438265000)
(-0.6682842000, -0.0086396220, 0.0096515760, 0.7437932000)
(-0.6684688000, -0.0086197480, 0.0096791160, 0.7436273000)
(-0.6683503000, -0.0086863680, 0.0097098290, 0.7437325000)
(-0.6682240000, -0.0085439940, 0.0096800670, 0.7438481000)
(-0.6683433000, -0.0086941850, 0.0096340120, 0.7437398000)
(-0.6683494000, -0.0086856950, 0.0096117030, 0.7437348000)
(-0.6682978000, -0.0085961820, 0.0097173020, 0.7437807000)
(-0.6683695000, -0.0085462020, 0.0095307700, 0.7437193000)
(-0.6682408000, -0.0087443920, 0.0095829060, 0.7438319000)
(-0.6683525000, -0.0087273760, 0.0095394510, 0.7437324000)
(-0.6683668000, -0.0086251380, 0.0096918730, 0.7437187000)
(-0.6684432000, -0.0086948150, 0.0096496230, 0.7436498000)
(-0.6683816000, -0.0087577700, 0.0097016790, 0.7437037000)
(-0.6682433000, -0.0085207350, 0.0098486680, 0.7438288000)
(-0.6683728000, -0.0085477580, 0.0097124940, 0.7437140000)
(-0.6683311000, -0.0087771340, 0.0097865240, 0.7437478000)
(-0.6682450000, -0.0085699310, 0.0095306570, 0.7438308000)
(-0.6683797000, -0.0086112920, 0.0097446810, 0.7437066000)
(-0.6683759000, -0.0085332060, 0.0096292550, 0.7437124000)
(-0.6683363000, -0.0085517070, 0.0097315650, 0.7437465000)
(-0.6685157000, -0.0087417670, 0.0096756620, 0.7435837000)
(-0.6684141000, -0.0085416940, 0.0096195010, 0.7436781000)
(-0.6684649000, -0.0085611460, 0.0097418550, 0.7436306000)
(-0.6684674000, -0.0087092690, 0.0096767020, 0.7436275000)
(-0.6685781000, -0.0085756350, 0.0096595750, 0.7435298000)
(-0.6684671000, -0.0086375630, 0.0098347730, 0.7436266000)
(-0.6686285000, -0.0086895180, 0.0096618260, 0.7434831000)
(-0.6684889000, -0.0084534550, 0.0096127360, 0.7436120000)
(-0.6682968000, -0.0083928750, 0.0097336740, 0.7437837000)
(-0.6683800000, -0.0084298250, 0.0096333430, 0.7437098000)
(-0.6684413000, -0.0085696640, 0.0096681240, 0.7436527000)
(-0.6684351000, -0.0086177820, 0.0097302240, 0.7436569000)
(-0.6683935000, -0.0084921660, 0.0096004640, 0.7436974000)
(-0.6683025000, -0.0084421570, 0.0098355610, 0.7437767000)
(-0.6682741000, -0.0085198530, 0.0097174090, 0.7438030000)
(-0.6682209000, -0.0084863620, 0.0095795840, 0.7438528000)
(-0.6683459000, -0.0085603320, 0.0095989670, 0.7437395000)
(-0.6684062000, -0.0084635020, 0.0095567390, 0.7436869000)
(-0.6682634000, -0.0086479160, 0.0097309830, 0.7438109000)
(-0.6681783000, -0.0085282480, 0.0098224020, 0.7438875000)
(-0.6681738000, -0.0084647070, 0.0097128010, 0.7438936000)
(-0.6682280000, -0.0084616730, 0.0096819310, 0.7438455000)
(-0.6683331000, -0.0085493380, 0.0097019900, 0.7437498000)
(-0.6683739000, -0.0082455340, 0.0096615130, 0.7437170000)
(-0.6682872000, -0.0084851650, 0.0097342460, 0.7437913000)
(-0.6683751000, -0.0084711100, 0.0097891260, 0.7437118000)
(-0.6684087000, -0.0085977990, 0.0097390570, 0.7436808000)
(-0.6683620000, -0.0085814140, 0.0096136990, 0.7437245000)
(-0.6682734000, -0.0083644630, 0.0096015080, 0.7438068000)
(-0.6682891000, -0.0083868420, 0.0096185360, 0.7437922000)
(-0.6683361000, -0.0084429410, 0.0096822610, 0.7437485000)
(-0.6682770000, -0.0083263640, 0.0096868430, 0.7438030000)
(-0.6683196000, -0.0084373540, 0.0096562460, 0.7437637000)
(-0.6683114000, -0.0084201190, 0.0096536590, 0.7437714000)
(-0.6681977000, -0.0083923430, 0.0096381890, 0.7438741000)
(-0.6683196000, -0.0083455150, 0.0096129060, 0.7437654000)
(-0.6683943000, -0.0084259700, 0.0097092440, 0.7436961000)
(-0.6683249000, -0.0084201510, 0.0096182020, 0.7437596000)
(-0.6681854000, -0.0083986820, 0.0096056910, 0.7438855000)
(-0.6684130000, -0.0083258930, 0.0096481550, 0.7436811000)
(-0.6683164000, -0.0085399740, 0.0096575100, 0.7437655000)
(-0.6683779000, -0.0084676820, 0.0095240320, 0.7437128000)
(-0.6682878000, -0.0086258730, 0.0096311280, 0.7437906000)
(-0.6683911000, -0.0085427080, 0.0095098490, 0.7437001000)
(-0.6684081000, -0.0085094740, 0.0095816510, 0.7436844000)
(-0.6683894000, -0.0086216730, 0.0095903410, 0.7436997000)
(-0.6683946000, -0.0084810720, 0.0095041850, 0.7436979000)
(-0.6684234000, -0.0086269040, 0.0095743150, 0.7436694000)
(-0.6685162000, -0.0083608160, 0.0094972900, 0.7435900000)
(-0.6686311000, -0.0084461360, 0.0095964450, 0.7434844000)
(-0.6684409000, -0.0084277830, 0.0094819060, 0.7436571000)
(-0.6685700000, -0.0084812290, 0.0094868970, 0.7435403000)
(-0.6684176000, -0.0085095650, 0.0095571710, 0.7436761000)
(-0.6685109000, -0.0085394270, 0.0094156470, 0.7435938000)
(-0.6683980000, -0.0083287270, 0.0096472250, 0.7436946000)
(-0.6685886000, -0.0086233520, 0.0094321360, 0.7435227000)
(-0.6685724000, -0.0084411910, 0.0094910880, 0.7435386000)
(-0.6684574000, -0.0085446500, 0.0093644010, 0.7436423000)
(-0.6684222000, -0.0085393620, 0.0094741690, 0.7436728000)
(-0.6684739000, -0.0084644460, 0.0092466720, 0.7436300000)
(-0.6685048000, -0.0085345780, 0.0094515020, 0.7435989000)
(-0.6684053000, -0.0085322960, 0.0093492320, 0.7436896000)
(-0.6683128000, -0.0085061570, 0.0094048800, 0.7437723000)
(-0.6682643000, -0.0084221760, 0.0093299540, 0.7438177000)
(-0.6684078000, -0.0085109590, 0.0094682560, 0.7436861000)
(-0.6683183000, -0.0086157530, 0.0094495610, 0.7437655000)
(-0.6683567000, -0.0084855920, 0.0093883470, 0.7437333000)
(-0.6684023000, -0.0085103260, 0.0093632800, 0.7436924000)
(-0.6683307000, -0.0084680610, 0.0095187000, 0.7437553000)
(-0.6683114000, -0.0085017330, 0.0094060580, 0.7437736000)
(-0.6682746000, -0.0086576500, 0.0093677180, 0.7438054000)
(-0.6683224000, -0.0084469680, 0.0093013290, 0.7437657000)
(-0.6684101000, -0.0085498610, 0.0093576340, 0.7436849000)
(-0.6684096000, -0.0085518840, 0.0093911640, 0.7436849000)
(-0.6685408000, -0.0085390510, 0.0093881510, 0.7435672000)
(-0.6683778000, -0.0085728400, 0.0093277740, 0.7437142000)
(-0.6683266000, -0.0085679260, 0.0096039510, 0.7437567000)
(-0.6684623000, -0.0086168280, 0.0093102970, 0.7436379000)
(-0.6683435000, -0.0085227380, 0.0093421650, 0.7437453000)
(-0.6682477000, -0.0084264170, 0.0093255340, 0.7438327000)
(-0.6682219000, -0.0085459980, 0.0094500750, 0.7438529000)
(-0.6684101000, -0.0086142170, 0.0094812310, 0.7436826000)
(-0.6683205000, -0.0085993850, 0.0095988130, 0.7437618000)
(-0.6682554000, -0.0085748560, 0.0094796500, 0.7438222000)
(-0.6683255000, -0.0084868880, 0.0094252300, 0.7437608000)
(-0.6682944000, -0.0084830810, 0.0094337000, 0.7437888000)
(-0.6683072000, -0.0085452580, 0.0095199310, 0.7437754000)
(-0.6684000000, -0.0085447470, 0.0094872490, 0.7436924000)
(-0.6682683000, -0.0085620340, 0.0095594980, 0.7438097000)
(-0.6683246000, -0.0085804560, 0.0095187440, 0.7437593000)
(-0.6683368000, -0.0086546730, 0.0095577990, 0.7437471000)
(-0.6683665000, -0.0084796630, 0.0094474070, 0.7437238000)
(-0.6684114000, -0.0086056540, 0.0095306260, 0.7436810000)
(-0.6684623000, -0.0085146430, 0.0096199170, 0.7436351000)
(-0.6684761000, -0.0085893950, 0.0096686860, 0.7436212000)
(-0.6685480000, -0.0085526910, 0.0096822940, 0.7435567000)
(-0.6684302000, -0.0085256300, 0.0096405260, 0.7436635000)
(-0.6683853000, -0.0085132360, 0.0095982140, 0.7437046000)
(-0.6684375000, -0.0083778200, 0.0096343360, 0.7436587000)
(-0.6684411000, -0.0085111730, 0.0094719540, 0.7436561000)
(-0.6684585000, -0.0085064750, 0.0094228280, 0.7436411000)
(-0.6683101000, -0.0083867810, 0.0096302440, 0.7437732000)
(-0.6683498000, -0.0084873800, 0.0096669820, 0.7437360000)
(-0.6684355000, -0.0085068620, 0.0095438650, 0.7436603000)
(-0.6683004000, -0.0082860510, 0.0094253960, 0.7437857000)
(-0.6682630000, -0.0084481760, 0.0094406850, 0.7438173000)
(-0.6682749000, -0.0085029800, 0.0096396170, 0.7438034000)
(-0.6682876000, -0.0085410250, 0.0095182070, 0.7437931000)
(-0.6683941000, -0.0085096630, 0.0094333330, 0.7436988000)
(-0.6685107000, -0.0084051230, 0.0096093110, 0.7435930000)
(-0.6685197000, -0.0085888350, 0.0095506910, 0.7435835000)
(-0.6684850000, -0.0084891220, 0.0095720940, 0.7436156000)
(-0.6684620000, -0.0084842480, 0.0094603910, 0.7436377000)
(-0.6684551000, -0.0086562490, 0.0095819320, 0.7436405000)
(-0.6684921000, -0.0086067260, 0.0096337070, 0.7436071000)
(-0.6684681000, -0.0085381740, 0.0095417450, 0.7436306000)
(-0.6685231000, -0.0084696470, 0.0095282510, 0.7435822000)
(-0.6684396000, -0.0085223480, 0.0095616100, 0.7436561000)
(-0.6684605000, -0.0087452970, 0.0095255430, 0.7436353000)
(-0.6685758000, -0.0086667260, 0.0094591070, 0.7435333000)
(-0.6685275000, -0.0086080450, 0.0094737830, 0.7435773000)
(-0.6684094000, -0.0085983460, 0.0093805270, 0.7436847000)
(-0.6684986000, -0.0086032880, 0.0095491070, 0.7436023000)
(-0.6684417000, -0.0086084080, 0.0095164370, 0.7436538000)
(-0.6685266000, -0.0085838810, 0.0096147630, 0.7435765000)
(-0.6684232000, -0.0086037730, 0.0094854900, 0.7436709000)
(-0.6684716000, -0.0085083670, 0.0094811580, 0.7436286000)
(-0.6685374000, -0.0084533730, 0.0095132990, 0.7435696000)
(-0.6684763000, -0.0085984700, 0.0094499170, 0.7436237000)
(-0.6685666000, -0.0085483440, 0.0093907950, 0.7435439000)
(-0.6685195000, -0.0087146870, 0.0095299970, 0.7435825000)
(-0.6685213000, -0.0085460980, 0.0095578810, 0.7435825000)
(-0.6685057000, -0.0086228730, 0.0096094170, 0.7435950000)
(-0.6685692000, -0.0085595130, 0.0095344350, 0.7435396000)
(-0.6686109000, -0.0085197580, 0.0095600630, 0.7435023000)
(-0.6685233000, -0.0086917360, 0.0095078880, 0.7435797000)
(-0.6685509000, -0.0086609640, 0.0095309350, 0.7435549000)
(-0.6685401000, -0.0085397220, 0.0095050370, 0.7435663000)
(-0.6685941000, -0.0085790640, 0.0096686260, 0.7435152000)
(-0.6686372000, -0.0087174150, 0.0096087350, 0.7434756000)
(-0.6687301000, -0.0087755590, 0.0096028860, 0.7433915000)
(-0.6684774000, -0.0085177510, 0.0094825530, 0.7436233000)
(-0.6685629000, -0.0086793510, 0.0096487610, 0.7435423000)
(-0.6685475000, -0.0087637400, 0.0095413240, 0.7435567000)
(-0.6685752000, -0.0086308520, 0.0094333590, 0.7435347000)
(-0.6686104000, -0.0086744640, 0.0096499520, 0.7434997000)
(-0.6685550000, -0.0087508750, 0.0095879690, 0.7435494000)
(-0.6685098000, -0.0086530700, 0.0096552750, 0.7435903000)
(-0.6684500000, -0.0086515300, 0.0096056130, 0.7436448000)
(-0.6684190000, -0.0087607860, 0.0094558960, 0.7436732000)
(-0.6687049000, -0.0086263820, 0.0095738450, 0.7434162000)
(-0.6686615000, -0.0086933240, 0.0095617620, 0.7434546000)
(-0.6686510000, -0.0087975380, 0.0095465970, 0.7434630000)
(-0.6685123000, -0.0087528690, 0.0095180380, 0.7435887000)
(-0.6686379000, -0.0087018710, 0.0094601890, 0.7434772000)
(-0.6687229000, -0.0087685820, 0.0095416920, 0.7433988000)
(-0.6685082000, -0.0089510190, 0.0095650400, 0.7435893000)
(-0.6685242000, -0.0088109960, 0.0095203390, 0.7435772000)
(-0.6684528000, -0.0087654780, 0.0094522930, 0.7436429000)
(-0.6685538000, -0.0087244270, 0.0094778260, 0.7435523000)
(-0.6684481000, -0.0087523380, 0.0096036880, 0.7436454000)
(-0.6684362000, -0.0086680500, 0.0095541950, 0.7436576000)
(-0.6684258000, -0.0086919090, 0.0094690640, 0.7436678000)
(-0.6684827000, -0.0086014020, 0.0094336990, 0.7436181000)
(-0.6684958000, -0.0087271720, 0.0095475630, 0.7436035000)
(-0.6684538000, -0.0087135300, 0.0096336710, 0.7436402000)
(-0.6684819000, -0.0087824590, 0.0093890830, 0.7436173000)
(-0.6685320000, -0.0086887530, 0.0093608030, 0.7435738000)
(-0.6685286000, -0.0088156900, 0.0093795080, 0.7435750000)
(-0.6685376000, -0.0086623390, 0.0095563610, 0.7435665000)
(-0.6686031000, -0.0086370130, 0.0094500880, 0.7435093000)
(-0.6686464000, -0.0087030140, 0.0095424210, 0.7434684000)
(-0.6685403000, -0.0086765600, 0.0095656500, 0.7435638000)
(-0.6685099000, -0.0086391210, 0.0093914880, 0.7435938000)
(-0.6686081000, -0.0085347440, 0.0095120770, 0.7435051000)
(-0.6685109000, -0.0086389250, 0.0096278740, 0.7435899000)
(-0.6684955000, -0.0086215680, 0.0094797680, 0.7436059000)
(-0.6685839000, -0.0085715820, 0.0095198320, 0.7435264000)
(-0.6687046000, -0.0086972420, 0.0095886630, 0.7434155000)
(-0.6685824000, -0.0085607040, 0.0095482890, 0.7435275000)
(-0.6685823000, -0.0084235470, 0.0094648690, 0.7435302000)
(-0.6685110000, -0.0085882300, 0.0095127160, 0.7435918000)
(-0.6684355000, -0.0084633740, 0.0094620320, 0.7436619000)
(-0.6683955000, -0.0083995430, 0.0094697490, 0.7436984000)
(-0.6684660000, -0.0084229910, 0.0094178220, 0.7436354000)
(-0.6684550000, -0.0083404500, 0.0097329110, 0.7436422000)
(-0.6685015000, -0.0084163900, 0.0096469330, 0.7436007000)
(-0.6683934000, -0.0084237070, 0.0095128690, 0.7436994000)
(-0.6685175000, -0.0083662080, 0.0096439170, 0.7435868000)
(-0.6684654000, -0.0084986560, 0.0096107000, 0.7436326000)
(-0.6685601000, -0.0083625720, 0.0096271200, 0.7435488000)
(-0.6685711000, -0.0083514380, 0.0094827150, 0.7435409000)
(-0.6685775000, -0.0083112820, 0.0095983620, 0.7435341000)
(-0.6685691000, -0.0084364950, 0.0097191470, 0.7435386000)
(-0.6686450000, -0.0083675830, 0.0097283840, 0.7434711000)
(-0.6685635000, -0.0084625560, 0.0096666240, 0.7435440000)
(-0.6686224000, -0.0083632250, 0.0096041060, 0.7434931000)
(-0.6685262000, -0.0082588330, 0.0097010110, 0.7435795000)
(-0.6685184000, -0.0083728470, 0.0096545240, 0.7435858000)
(-0.6686804000, -0.0083656870, 0.0097492120, 0.7434390000)
(-0.6685556000, -0.0084676710, 0.0096909900, 0.7435508000)
(-0.6685771000, -0.0082909840, 0.0096275070, 0.7435343000)
(-0.6685661000, -0.0083115990, 0.0095677250, 0.7435448000)
(-0.6685807000, -0.0083801410, 0.0096376930, 0.7435300000)
(-0.6686073000, -0.0083600900, 0.0097140810, 0.7435053000)
(-0.6686651000, -0.0082794700, 0.0097042200, 0.7434544000)
(-0.6687679000, -0.0083476170, 0.0096789080, 0.7433615000)
(-0.6687512000, -0.0082794640, 0.0095459910, 0.7433789000)
(-0.6686579000, -0.0083580060, 0.0097200370, 0.7434597000)
(-0.6685599000, -0.0082535430, 0.0095756320, 0.7435508000)
(-0.6686522000, -0.0083729440, 0.0097009440, 0.7434648000)
(-0.6687342000, -0.0083046450, 0.0097208610, 0.7433917000)
(-0.6686261000, -0.0082807750, 0.0097424530, 0.7434888000)
(-0.6685979000, -0.0082655160, 0.0098012710, 0.7435136000)
(-0.6686453000, -0.0082005710, 0.0096548430, 0.7434736000)
(-0.6686797000, -0.0083281710, 0.0096120470, 0.7434418000)
(-0.6685455000, -0.0082712460, 0.0096418480, 0.7435627000)
(-0.6685904000, -0.0082659920, 0.0096113680, 0.7435229000)
(-0.6685193000, -0.0082784970, 0.0096490310, 0.7435861000)
(-0.6685920000, -0.0083628160, 0.0096431990, 0.7435198000)
(-0.6686034000, -0.0083138300, 0.0095286080, 0.7435117000)
(-0.6686432000, -0.0083064740, 0.0096085940, 0.7434749000)
(-0.6686296000, -0.0082916220, 0.0096527110, 0.7434868000)
(-0.6684858000, -0.0083843510, 0.0096405280, 0.7436152000)
(-0.6686232000, -0.0084324620, 0.0096769440, 0.7434906000)
(-0.6685693000, -0.0084489940, 0.0096552110, 0.7435392000)
(-0.6685340000, -0.0082984480, 0.0097464110, 0.7435715000)
(-0.6684372000, -0.0083485530, 0.0096188020, 0.7436596000)
(-0.6685903000, -0.0082624810, 0.0096617150, 0.7435223000)
(-0.6684826000, -0.0082651430, 0.0097005390, 0.7436186000)
(-0.6686072000, -0.0084872060, 0.0096157250, 0.7435052000)
(-0.6685964000, -0.0082992920, 0.0096984840, 0.7435160000)
(-0.6684459000, -0.0082937380, 0.0096819950, 0.7436516000)
(-0.6685185000, -0.0083196920, 0.0097117660, 0.7435856000)
(-0.6686133000, -0.0083983560, 0.0097761180, 0.7434986000)
(-0.6684905000, -0.0083980270, 0.0096971060, 0.7436101000)
(-0.6684642000, -0.0083306890, 0.0097269790, 0.7436340000)
(-0.6684377000, -0.0083280610, 0.0097460810, 0.7436576000)
(-0.6684653000, -0.0083381100, 0.0097849720, 0.7436322000)
(-0.6685126000, -0.0084446620, 0.0097475680, 0.7435890000)
(-0.6684639000, -0.0083228360, 0.0097297760, 0.7436344000)
(-0.6684317000, -0.0083430510, 0.0098078930, 0.7436621000)
(-0.6684238000, -0.0083497100, 0.0097808910, 0.7436696000)
(-0.6684253000, -0.0083018170, 0.0097127370, 0.7436696000)
(-0.6683438000, -0.0082686940, 0.0096620850, 0.7437438000)
(-0.6683353000, -0.0081866090, 0.0098332050, 0.7437501000)
(-0.6684130000, -0.0082651500, 0.0096772850, 0.7436815000)
(-0.6684498000, -0.0082597970, 0.0097509400, 0.7436475000)
(-0.6683371000, -0.0081898770, 0.0096439720, 0.7437509000)
(-0.6684887000, -0.0082587840, 0.0098243530, 0.7436116000)
(-0.6683660000, -0.0084061730, 0.0096762390, 0.7437221000)
(-0.6684858000, -0.0082815510, 0.0096524890, 0.7436162000)
(-0.6683620000, -0.0082687420, 0.0098400680, 0.7437251000)
(-0.6683378000, -0.0081850970, 0.0096851390, 0.7437498000)
(-0.6682296000, -0.0084466280, 0.0097958380, 0.7438427000)
(-0.6683816000, -0.0083770440, 0.0098155470, 0.7437067000)
(-0.6682912000, -0.0084006820, 0.0098279090, 0.7437874000)
(-0.6683175000, -0.0083457780, 0.0099710550, 0.7437625000)
(-0.6683500000, -0.0085602380, 0.0098205990, 0.7437328000)
(-0.6683893000, -0.0084096710, 0.0097803170, 0.7436998000)
(-0.6684772000, -0.0084529830, 0.0097677430, 0.7436205000)
(-0.6682959000, -0.0083814860, 0.0096963170, 0.7437852000)
(-0.6683431000, -0.0083986020, 0.0097088420, 0.7437424000)
(-0.6682648000, -0.0083081820, 0.0098690330, 0.7438116000)
(-0.6683120000, -0.0084051330, 0.0096867130, 0.7437705000)
(-0.6683154000, -0.0083155540, 0.0097319740, 0.7437679000)
(-0.6683404000, -0.0084008680, 0.0099077390, 0.7437421000)
(-0.6682981000, -0.0085412130, 0.0098567360, 0.7437792000)
(-0.6681937000, -0.0083459650, 0.0098386330, 0.7438755000)
(-0.6682432000, -0.0082545500, 0.0098207670, 0.7438323000)
(-0.6682419000, -0.0084001780, 0.0097634390, 0.7438326000)
(-0.6681792000, -0.0082816270, 0.0098040640, 0.7438897000)
(-0.6681857000, -0.0083643900, 0.0098111240, 0.7438830000)
(-0.6682811000, -0.0084697860, 0.0097682040, 0.7437965000)
(-0.6683717000, -0.0084195520, 0.0098389740, 0.7437147000)
(-0.6682838000, -0.0084203460, 0.0099461670, 0.7437924000)
(-0.6683200000, -0.0084214200, 0.0098706590, 0.7437608000)
(-0.6683524000, -0.0082766070, 0.0100164400, 0.7437313000)
(-0.6684819000, -0.0083235560, 0.0098658820, 0.7436165000)
(-0.6684828000, -0.0083970910, 0.0098568200, 0.7436149000)
(-0.6684791000, -0.0085165740, 0.0098632120, 0.7436168000)
(-0.6684551000, -0.0084737710, 0.0100458800, 0.7436364000)
(-0.6684154000, -0.0083899670, 0.0099793340, 0.7436739000)
(-0.6685206000, -0.0083524850, 0.0098798150, 0.7435811000)
(-0.6685237000, -0.0083838180, 0.0099226410, 0.7435775000)
(-0.6684520000, -0.0081538840, 0.0100243500, 0.7436431000)
(-0.6684217000, -0.0083600770, 0.0098493420, 0.7436703000)
(-0.6684617000, -0.0084537620, 0.0098877660, 0.7436329000)
(-0.6683612000, -0.0083472710, 0.0100193300, 0.7437226000)
(-0.6684444000, -0.0084159220, 0.0097367820, 0.7436508000)
(-0.6684883000, -0.0083581820, 0.0098273080, 0.7436107000)
(-0.6684164000, -0.0083577920, 0.0097404230, 0.7436765000)
(-0.6684508000, -0.0084439030, 0.0097979800, 0.7436439000)
(-0.6685174000, -0.0082427040, 0.0098245040, 0.7435860000)
(-0.6684421000, -0.0083684340, 0.0099214230, 0.7436509000)
(-0.6684292000, -0.0083885970, 0.0098892140, 0.7436628000)
(-0.6684898000, -0.0085095720, 0.0097912080, 0.7436082000)
(-0.6684975000, -0.0084324020, 0.0098536190, 0.7436014000)
(-0.6684822000, -0.0084327270, 0.0097892800, 0.7436160000)
(-0.6685234000, -0.0086179230, 0.0097909550, 0.7435767000)
(-0.6684868000, -0.0084939150, 0.0098255280, 0.7436106000)
(-0.6684316000, -0.0085318040, 0.0098609750, 0.7436593000)
(-0.6685683000, -0.0085451460, 0.0097892510, 0.7435372000)
(-0.6684290000, -0.0084232080, 0.0097796930, 0.7436640000)
(-0.6683442000, -0.0083557260, 0.0097558240, 0.7437412000)
(-0.6684086000, -0.0083829890, 0.0099351820, 0.7436808000)
(-0.6684475000, -0.0084424280, 0.0096789610, 0.7436485000)
(-0.6684876000, -0.0086347260, 0.0097512170, 0.7436092000)
(-0.6684260000, -0.0087109590, 0.0098161930, 0.7436628000)
(-0.6685000000, -0.0086819150, 0.0097133480, 0.7435980000)
(-0.6683977000, -0.0086444100, 0.0097379330, 0.7436902000)
(-0.6684005000, -0.0087824900, 0.0097076400, 0.7436864000)
(-0.6684231000, -0.0087386660, 0.0096914170, 0.7436669000)
(-0.6683652000, -0.0086538370, 0.0096990740, 0.7437198000)
(-0.6684100000, -0.0086084580, 0.0097497120, 0.7436793000)
(-0.6682383000, -0.0086205870, 0.0096763960, 0.7438344000)
(-0.6682604000, -0.0086086120, 0.0096863280, 0.7438146000)
(-0.6682529000, -0.0086226390, 0.0097267560, 0.7438206000)
(-0.6682581000, -0.0086191710, 0.0097749250, 0.7438154000)
(-0.6682749000, -0.0085161010, 0.0095908730, 0.7438038000)
(-0.6682748000, -0.0085617210, 0.0097969880, 0.7438007000)
(-0.6681773000, -0.0084711300, 0.0095795210, 0.7438922000)
(-0.6681729000, -0.0086023460, 0.0096206200, 0.7438941000)
(-0.6683171000, -0.0086178300, 0.0096595940, 0.7437639000)
(-0.6682902000, -0.0086101830, 0.0097010410, 0.7437876000)
(-0.6682725000, -0.0085401100, 0.0095018640, 0.7438070000)
(-0.6683065000, -0.0086096670, 0.0096197460, 0.7437741000)
(-0.6682431000, -0.0086208240, 0.0095712920, 0.7438315000)
(-0.6682696000, -0.0086760910, 0.0096673820, 0.7438058000)
(-0.6682229000, -0.0085300640, 0.0096952720, 0.7438490000)
(-0.6682546000, -0.0086056290, 0.0096399590, 0.7438205000)
(-0.6680833000, -0.0084911880, 0.0096739620, 0.7439752000)
(-0.6683306000, -0.0087047300, 0.0097744630, 0.7437493000)
(-0.6683058000, -0.0086155240, 0.0098367030, 0.7437717000)
(-0.6682698000, -0.0085382720, 0.0096076030, 0.7438080000)
(-0.6682997000, -0.0086118380, 0.0096245490, 0.7437800000)
(-0.6683765000, -0.0086332760, 0.0096871420, 0.7437099000)
(-0.6683313000, -0.0086132950, 0.0096582030, 0.7437512000)
(-0.6684293000, -0.0086850930, 0.0096845110, 0.7436619000)
(-0.6685020000, -0.0085711270, 0.0096196080, 0.7435988000)
(-0.6684449000, -0.0087584700, 0.0095744730, 0.7436484000)
(-0.6683947000, -0.0086223620, 0.0096790120, 0.7436938000)
(-0.6684623000, -0.0086425450, 0.0096306170, 0.7436334000)
(-0.6683496000, -0.0086167470, 0.0096518210, 0.7437348000)
(-0.6684527000, -0.0087482800, 0.0095614480, 0.7436417000)
(-0.6684805000, -0.0086408660, 0.0096297790, 0.7436172000)
(-0.6683559000, -0.0086606890, 0.0095226220, 0.7437303000)
(-0.6683206000, -0.0086499210, 0.0097304590, 0.7437595000)
(-0.6683694000, -0.0085945240, 0.0095956780, 0.7437180000)
(-0.6682821000, -0.0085803130, 0.0096026170, 0.7437965000)
(-0.6683312000, -0.0086263910, 0.0096480300, 0.7437512000)
(-0.6683663000, -0.0085957680, 0.0096433930, 0.7437202000)
(-0.6683221000, -0.0085354270, 0.0096810800, 0.7437600000)
(-0.6682217000, -0.0085252330, 0.0097729850, 0.7438492000)
(-0.6683581000, -0.0086529110, 0.0096600250, 0.7437267000)
(-0.6683766000, -0.0085351180, 0.0096425460, 0.7437117000)
(-0.6683897000, -0.0085188930, 0.0098406840, 0.7436974000)
(-0.6683416000, -0.0085540180, 0.0098167430, 0.7437406000)
(-0.6684155000, -0.0085366410, 0.0098065850, 0.7436744000)
(-0.6684707000, -0.0085655070, 0.0098654030, 0.7436237000)
(-0.6682713000, -0.0084641580, 0.0098640620, 0.7438042000)
(-0.6683227000, -0.0084911250, 0.0098031700, 0.7437584000)
(-0.6683207000, -0.0084175880, 0.0098172310, 0.7437609000)
(-0.6683149000, -0.0084290950, 0.0098336510, 0.7437657000)
(-0.6682559000, -0.0082818700, 0.0100279000, 0.7438178000)
(-0.6681930000, -0.0083871330, 0.0099020710, 0.7438748000)
(-0.6681383000, -0.0083802330, 0.0099245120, 0.7439238000)
(-0.6682929000, -0.0083401550, 0.0097815940, 0.7437872000)
(-0.6683622000, -0.0084546070, 0.0098375910, 0.7437229000)
(-0.6684120000, -0.0084465870, 0.0097982070, 0.7436787000)
(-0.6684279000, -0.0084836500, 0.0099218250, 0.7436624000)
(-0.6684706000, -0.0084522350, 0.0098914030, 0.7436247000)
(-0.6684110000, -0.0083478660, 0.0097729730, 0.7436811000)
(-0.6684449000, -0.0083613080, 0.0097958870, 0.7436503000)
(-0.6684434000, -0.0083357160, 0.0098509220, 0.7436512000)
(-0.6684574000, -0.0084865440, 0.0097856050, 0.7436377000)
(-0.6684629000, -0.0083797950, 0.0098665740, 0.7436328000)
(-0.6685883000, -0.0083160110, 0.0097318220, 0.7435226000)
(-0.6685927000, -0.0083524720, 0.0098225990, 0.7435171000)
(-0.6685234000, -0.0082888010, 0.0098302320, 0.7435800000)
(-0.6684958000, -0.0085007580, 0.0097968800, 0.7436028000)
(-0.6683782000, -0.0083686250, 0.0098091190, 0.7437099000)
(-0.6684449000, -0.0084336870, 0.0097102310, 0.7436504000)
(-0.6685553000, -0.0084241810, 0.0097620130, 0.7435507000)
(-0.6685311000, -0.0084571590, 0.0096297230, 0.7435738000)
(-0.6685157000, -0.0084466050, 0.0095238390, 0.7435891000)
(-0.6684356000, -0.0084356470, 0.0095458790, 0.7436609000)
(-0.6684345000, -0.0084243340, 0.0096399450, 0.7436609000)
(-0.6684972000, -0.0085188750, 0.0096471630, 0.7436033000)
(-0.6684811000, -0.0083702670, 0.0096200430, 0.7436198000)
(-0.6684760000, -0.0082929340, 0.0095983460, 0.7436255000)
(-0.6684298000, -0.0084532020, 0.0096755960, 0.7436643000)
(-0.6683908000, -0.0083503330, 0.0097049960, 0.7437001000)
(-0.6684492000, -0.0084434760, 0.0097088640, 0.7436466000)
(-0.6683912000, -0.0083883130, 0.0097526240, 0.7436987000)
(-0.6684166000, -0.0082617430, 0.0096784850, 0.7436783000)
(-0.6685306000, -0.0083968830, 0.0095590680, 0.7435758000)
(-0.6683715000, -0.0082089080, 0.0096898990, 0.7437193000)
(-0.6683440000, -0.0083405060, 0.0096663240, 0.7437429000)
(-0.6683852000, -0.0083758260, 0.0096974820, 0.7437050000)
(-0.6684779000, -0.0082628040, 0.0096308160, 0.7436238000)
(-0.6683667000, -0.0082999450, 0.0096788310, 0.7437227000)
(-0.6682861000, -0.0082201420, 0.0096561060, 0.7437962000)
(-0.6683316000, -0.0083136880, 0.0097020820, 0.7437538000)
(-0.6683542000, -0.0083633520, 0.0096335220, 0.7437338000)
(-0.6683785000, -0.0084202700, 0.0097417230, 0.7437099000)
(-0.6684340000, -0.0084020670, 0.0095741880, 0.7436624000)
(-0.6682413000, -0.0083861690, 0.0095501160, 0.7438360000)
(-0.6683344000, -0.0083624430, 0.0095932910, 0.7437522000)
(-0.6683774000, -0.0084154940, 0.0097639870, 0.7437106000)
(-0.6683579000, -0.0083490700, 0.0094801750, 0.7437326000)
(-0.6682814000, -0.0084187950, 0.0096179450, 0.7437988000)
(-0.6682438000, -0.0083532260, 0.0096436480, 0.7438330000)
(-0.6683407000, -0.0082798220, 0.0096158670, 0.7437472000)
(-0.6682305000, -0.0084432870, 0.0095486930, 0.7438451000)
(-0.6682311000, -0.0082779840, 0.0095531400, 0.7438464000)
(-0.6682662000, -0.0083633980, 0.0095070890, 0.7438145000)
(-0.6683013000, -0.0082447960, 0.0095775970, 0.7437834000)
(-0.6683841000, -0.0082198490, 0.0095694950, 0.7437093000)
(-0.6683028000, -0.0081812970, 0.0094813120, 0.7437840000)
(-0.6681776000, -0.0083059580, 0.0095525770, 0.7438941000)
(-0.6681677000, -0.0083344090, 0.0094690860, 0.7439038000)
(-0.6681706000, -0.0083166410, 0.0093832930, 0.7439024000)
(-0.6682639000, -0.0082860250, 0.0095839980, 0.7438164000)
(-0.6683598000, -0.0083517910, 0.0095664310, 0.7437297000)
(-0.6683216000, -0.0081963600, 0.0094602280, 0.7437672000)
(-0.6681865000, -0.0082775990, 0.0095210690, 0.7438869000)
(-0.6681983000, -0.0083415610, 0.0095899190, 0.7438746000)
(-0.6682295000, -0.0084337310, 0.0095342420, 0.7438462000)
(-0.6683422000, -0.0083816530, 0.0095452910, 0.7437456000)
(-0.6682349000, -0.0083038970, 0.0094097450, 0.7438445000)
(-0.6682867000, -0.0084627380, 0.0095130280, 0.7437949000)
(-0.6683142000, -0.0083930090, 0.0096581030, 0.7437691000)
(-0.6683212000, -0.0083442240, 0.0093158760, 0.7437677000)
(-0.6682523000, -0.0084242220, 0.0094331130, 0.7438273000)
(-0.6683236000, -0.0082894130, 0.0094340970, 0.7437647000)
(-0.6684175000, -0.0083412000, 0.0093869460, 0.7436804000)
(-0.6683846000, -0.0083344200, 0.0095535050, 0.7437079000)
(-0.6683347000, -0.0083940040, 0.0095064840, 0.7437526000)
(-0.6683195000, -0.0084463970, 0.0096150720, 0.7437642000)
(-0.6683092000, -0.0083549020, 0.0095221300, 0.7437758000)
(-0.6682135000, -0.0083379760, 0.0094881660, 0.7438624000)
(-0.6682560000, -0.0082953830, 0.0095131210, 0.7438243000)
(-0.6681535000, -0.0083893960, 0.0095135590, 0.7439154000)
(-0.6681815000, -0.0085098650, 0.0095298110, 0.7438886000)
(-0.6682748000, -0.0083145190, 0.0095150470, 0.7438072000)
(-0.6681814000, -0.0083355230, 0.0093502090, 0.7438929000)
(-0.6680775000, -0.0083667140, 0.0094264890, 0.7439850000)
(-0.6682537000, -0.0084078820, 0.0094924070, 0.7438254000)
(-0.6682630000, -0.0083231240, 0.0094384760, 0.7438186000)
(-0.6682881000, -0.0083986960, 0.0095424230, 0.7437940000)
(-0.6682903000, -0.0083249420, 0.0093941540, 0.7437947000)
(-0.6682537000, -0.0084892260, 0.0094047030, 0.7438256000)
(-0.6683484000, -0.0084343180, 0.0093661350, 0.7437416000)
(-0.6683441000, -0.0083801400, 0.0094280540, 0.7437453000)
(-0.6683607000, -0.0082995290, 0.0094272550, 0.7437314000)
(-0.6683707000, -0.0083072870, 0.0093840380, 0.7437228000)
(-0.6684314000, -0.0083068610, 0.0094266710, 0.7436677000)
(-0.6682758000, -0.0083892460, 0.0093700430, 0.7438073000)
(-0.6682574000, -0.0084187840, 0.0094242790, 0.7438228000)
(-0.6683208000, -0.0084942140, 0.0094226570, 0.7437651000)
(-0.6683785000, -0.0083659910, 0.0093901360, 0.7437150000)
(-0.6683630000, -0.0084615550, 0.0094443970, 0.7437272000)
(-0.6685036000, -0.0083758500, 0.0093742390, 0.7436026000)
(-0.6685022000, -0.0084412310, 0.0095098520, 0.7436015000)
(-0.6685320000, -0.0085401720, 0.0094643210, 0.7435741000)
(-0.6684620000, -0.0084694820, 0.0095143150, 0.7436373000)
(-0.6684750000, -0.0084628460, 0.0095677210, 0.7436250000)
(-0.6683861000, -0.0083940480, 0.0096278550, 0.7437049000)
(-0.6684663000, -0.0084776550, 0.0095141520, 0.7436333000)
(-0.6685235000, -0.0085144320, 0.0095427050, 0.7435811000)
(-0.6684313000, -0.0083211130, 0.0095091420, 0.7436665000)
(-0.6684469000, -0.0084294160, 0.0096372810, 0.7436497000)
(-0.6684743000, -0.0083471180, 0.0095116020, 0.7436277000)
(-0.6685598000, -0.0085335610, 0.0095513020, 0.7435480000)
(-0.6686847000, -0.0084130300, 0.0096497920, 0.7434359000)
(-0.6685116000, -0.0084002870, 0.0095950670, 0.7435924000)
(-0.6685532000, -0.0084403550, 0.0096560660, 0.7435537000)
(-0.6687208000, -0.0083813600, 0.0096263500, 0.7434041000)
(-0.6686140000, -0.0084144160, 0.0097321540, 0.7434984000)
(-0.6687264000, -0.0085551070, 0.0097063980, 0.7433960000)
(-0.6685831000, -0.0083609400, 0.0097438930, 0.7435266000)
(-0.6684842000, -0.0084573170, 0.0097261030, 0.7436147000)
(-0.6685898000, -0.0083325050, 0.0095937930, 0.7435229000)
(-0.6685234000, -0.0083872560, 0.0096785990, 0.7435809000)
(-0.6685455000, -0.0084730090, 0.0095302720, 0.7435619000)
(-0.6686692000, -0.0084475550, 0.0096563400, 0.7434493000)
(-0.6686385000, -0.0084797040, 0.0095294850, 0.7434782000)
(-0.6684844000, -0.0085665470, 0.0095543750, 0.7436155000)
(-0.6685267000, -0.0086074420, 0.0097265500, 0.7435747000)
(-0.6686563000, -0.0084737930, 0.0095354980, 0.7434622000)
(-0.6685814000, -0.0084688450, 0.0095858840, 0.7435290000)
(-0.6685746000, -0.0084196420, 0.0096284150, 0.7435350000)
(-0.6685822000, -0.0086310250, 0.0095775760, 0.7435265000)
(-0.6685398000, -0.0084128210, 0.0095960840, 0.7435669000)
(-0.6685935000, -0.0084972200, 0.0095887430, 0.7435178000)
(-0.6685798000, -0.0084173180, 0.0095910380, 0.7435309000)
(-0.6686410000, -0.0085049670, 0.0096029140, 0.7434747000)
(-0.6685326000, -0.0084235240, 0.0095133850, 0.7435744000)
(-0.6686425000, -0.0084620990, 0.0095499880, 0.7434746000)
(-0.6685168000, -0.0085148480, 0.0095270040, 0.7435873000)
(-0.6686311000, -0.0084458130, 0.0095528350, 0.7434850000)
(-0.6684731000, -0.0085056350, 0.0096059360, 0.7436256000)
(-0.6685865000, -0.0084490210, 0.0096139560, 0.7435243000)
(-0.6685997000, -0.0083958500, 0.0094335070, 0.7435153000)
(-0.6684595000, -0.0084578790, 0.0095306320, 0.7436394000)
(-0.6684902000, -0.0085705810, 0.0096601570, 0.7436089000)
(-0.6684915000, -0.0086075640, 0.0095557490, 0.7436087000)
(-0.6685593000, -0.0085148270, 0.0095314240, 0.7435490000)
(-0.6687674000, -0.0084263890, 0.0095577620, 0.7433626000)
(-0.6685238000, -0.0085767060, 0.0095953400, 0.7435794000)
(-0.6684276000, -0.0083517630, 0.0094444350, 0.7436705000)
(-0.6685015000, -0.0085039130, 0.0095451070, 0.7436009000)
(-0.6685808000, -0.0084470870, 0.0095447640, 0.7435303000)
(-0.6685229000, -0.0085990110, 0.0093658600, 0.7435828000)
(-0.6685373000, -0.0084500770, 0.0095868730, 0.7435688000)
(-0.6684180000, -0.0084421300, 0.0094717560, 0.7436776000)
(-0.6685098000, -0.0083783180, 0.0095658250, 0.7435946000)
(-0.6685245000, -0.0084382750, 0.0095760810, 0.7435806000)
(-0.6685134000, -0.0084950660, 0.0095396530, 0.7435904000)
(-0.6685119000, -0.0084300660, 0.0095166580, 0.7435929000)
(-0.6684177000, -0.0083938050, 0.0096012700, 0.7436768000)
(-0.6684637000, -0.0083745910, 0.0094809080, 0.7436373000)
(-0.6684675000, -0.0084036530, 0.0096581420, 0.7436312000)
(-0.6686483000, -0.0083792990, 0.0095249060, 0.7434706000)
(-0.6685877000, -0.0084051560, 0.0094910640, 0.7435253000)
(-0.6685865000, -0.0084441390, 0.0094394660, 0.7435265000)
(-0.6684598000, -0.0084335240, 0.0096604890, 0.7436377000)
(-0.6683866000, -0.0083650560, 0.0095527270, 0.7437057000)
(-0.6684305000, -0.0083764580, 0.0094875620, 0.7436670000)
(-0.6684440000, -0.0082966860, 0.0095104580, 0.7436554000)
(-0.6683945000, -0.0084539390, 0.0096012330, 0.7436970000)
(-0.6683127000, -0.0082864310, 0.0095637590, 0.7437728000)
(-0.6682744000, -0.0083385440, 0.0095163430, 0.7438073000)
(-0.6683317000, -0.0083856070, 0.0096527860, 0.7437535000)
(-0.6683809000, -0.0084309330, 0.0096838380, 0.7437084000)
(-0.6684260000, -0.0083744370, 0.0096906630, 0.7436684000)
(-0.6682714000, -0.0082301860, 0.0095706090, 0.7438105000)
(-0.6682503000, -0.0081628870, 0.0096422010, 0.7438293000)
(-0.6684057000, -0.0082497790, 0.0095505560, 0.7436898000)
(-0.6683577000, -0.0083500920, 0.0096513420, 0.7437305000)
(-0.6683117000, -0.0083596470, 0.0096317130, 0.7437721000)
(-0.6683352000, -0.0083872730, 0.0097678670, 0.7437488000)
(-0.6682720000, -0.0082791010, 0.0095957510, 0.7438090000)
(-0.6683186000, -0.0083571230, 0.0096179960, 0.7437660000)
(-0.6682066000, -0.0085165680, 0.0096742890, 0.7438641000)
(-0.6682557000, -0.0082975690, 0.0096209990, 0.7438232000)
(-0.6682544000, -0.0083326410, 0.0096424530, 0.7438237000)
(-0.6682481000, -0.0083724390, 0.0097700450, 0.7438272000)
(-0.6682487000, -0.0085043520, 0.0096183470, 0.7438272000)
(-0.6683267000, -0.0083243100, 0.0096558430, 0.7437586000)
(-0.6682063000, -0.0083567190, 0.0096952040, 0.7438660000)
(-0.6682456000, -0.0082804120, 0.0096155690, 0.7438325000)
(-0.6683525000, -0.0083350070, 0.0097011410, 0.7437348000)
(-0.6683261000, -0.0083719590, 0.0096294710, 0.7437590000)
(-0.6682714000, -0.0083806910, 0.0096747550, 0.7438074000)
(-0.6684353000, -0.0083654020, 0.0096429940, 0.7436607000)
(-0.6681182000, -0.0083578630, 0.0097885770, 0.7439439000)
(-0.6683695000, -0.0084208300, 0.0097789880, 0.7437175000)
(-0.6682238000, -0.0082859020, 0.0096425930, 0.7438517000)
(-0.6683704000, -0.0083560900, 0.0096909120, 0.7437186000)
(-0.6684033000, -0.0083287180, 0.0095759920, 0.7436908000)
(-0.6683621000, -0.0082917470, 0.0096219560, 0.7437277000)
(-0.6683970000, -0.0084154350, 0.0096972870, 0.7436939000)
(-0.6684013000, -0.0083871930, 0.0096442810, 0.7436910000)
(-0.6684183000, -0.0083533900, 0.0097870800, 0.7436743000)
(-0.6684240000, -0.0084259990, 0.0097232650, 0.7436692000)
(-0.6683695000, -0.0082746410, 0.0098276060, 0.7437184000)
(-0.6684138000, -0.0082966810, 0.0096925600, 0.7436802000)
(-0.6683280000, -0.0084133670, 0.0097029970, 0.7437559000)
(-0.6683270000, -0.0083582420, 0.0096728490, 0.7437578000)
(-0.6683716000, -0.0083730690, 0.0097532800, 0.7437165000)
(-0.6683796000, -0.0083136380, 0.0095887260, 0.7437121000)
(-0.6683985000, -0.0084209950, 0.0097217820, 0.7436922000)
(-0.6684142000, -0.0084315750, 0.0097083710, 0.7436781000)
(-0.6683875000, -0.0082361980, 0.0096720880, 0.7437048000)
(-0.6683790000, -0.0084321960, 0.0099768110, 0.7437062000)
(-0.6683103000, -0.0083892620, 0.0096858270, 0.7437723000)
(-0.6683632000, -0.0085502840, 0.0098330390, 0.7437211000)
(-0.6684840000, -0.0083440980, 0.0097562460, 0.7436157000)
(-0.6685116000, -0.0085664140, 0.0096271850, 0.7435901000)
(-0.6682791000, -0.0084930130, 0.0096399000, 0.7437999000)
(-0.6682786000, -0.0083635100, 0.0095571730, 0.7438027000)
(-0.6683633000, -0.0085558450, 0.0097203400, 0.7437223000)
(-0.6683243000, -0.0085131260, 0.0096776480, 0.7437584000)
(-0.6684476000, -0.0083570110, 0.0097468290, 0.7436485000)
(-0.6682508000, -0.0084308820, 0.0097243950, 0.7438248000)
(-0.6683459000, -0.0085680270, 0.0095278170, 0.7437403000)
(-0.6683607000, -0.0084385030, 0.0095872170, 0.7437277000)
(-0.6684352000, -0.0083967200, 0.0095751690, 0.7436614000)
(-0.6684438000, -0.0084718330, 0.0096256320, 0.7436522000)
(-0.6683788000, -0.0084645220, 0.0095252150, 0.7437119000)
(-0.6683490000, -0.0084552590, 0.0096336340, 0.7437374000)
(-0.6684664000, -0.0085002760, 0.0095441430, 0.7436326000)
(-0.6685640000, -0.0084474670, 0.0095875710, 0.7435449000)
(-0.6685135000, -0.0084672610, 0.0095421610, 0.7435907000)
(-0.6683037000, -0.0085019100, 0.0094904790, 0.7437795000)
(-0.6685039000, -0.0085350840, 0.0096546680, 0.7435970000)
(-0.6685622000, -0.0085402760, 0.0096369460, 0.7435448000)
(-0.6684819000, -0.0086377090, 0.0095117130, 0.7436174000)
(-0.6683652000, -0.0085178620, 0.0095216740, 0.7437236000)
(-0.6684006000, -0.0086220600, 0.0095192200, 0.7436906000)
(-0.6683822000, -0.0085632390, 0.0095815130, 0.7437071000)
(-0.6684482000, -0.0085785390, 0.0095729970, 0.7436476000)
(-0.6684887000, -0.0086873970, 0.0094306620, 0.7436118000)
(-0.6684160000, -0.0087168420, 0.0094638600, 0.7436763000)
(-0.6682882000, -0.0086629390, 0.0095425900, 0.7437908000)
(-0.6684492000, -0.0085736260, 0.0094455090, 0.7436484000)
(-0.6683621000, -0.0087384010, 0.0094874620, 0.7437243000)
(-0.6683519000, -0.0087568320, 0.0094739480, 0.7437333000)
(-0.6684867000, -0.0086247430, 0.0095204020, 0.7436131000)
(-0.6684868000, -0.0084521930, 0.0093668620, 0.7436171000)
(-0.6684322000, -0.0084842460, 0.0094834610, 0.7436643000)
(-0.6683398000, -0.0085054370, 0.0094649700, 0.7437472000)
(-0.6683614000, -0.0085527490, 0.0095696980, 0.7437261000)
(-0.6685372000, -0.0086093490, 0.0094659310, 0.7435687000)
(-0.6684201000, -0.0086136320, 0.0094564670, 0.7436740000)
(-0.6683622000, -0.0087078140, 0.0095146210, 0.7437242000)
(-0.6684496000, -0.0087364610, 0.0095407410, 0.7436449000)
(-0.6684146000, -0.0087774240, 0.0094941650, 0.7436765000)
(-0.6684753000, -0.0086479540, 0.0094444400, 0.7436240000)
(-0.6685316000, -0.0086078190, 0.0095310080, 0.7435729000)
(-0.6684344000, -0.0086168200, 0.0093926240, 0.7436619000)
(-0.6683738000, -0.0085383640, 0.0095561970, 0.7437152000)
(-0.6683637000, -0.0085560660, 0.0095420490, 0.7437242000)
(-0.6683851000, -0.0085841820, 0.0095623640, 0.7437045000)
(-0.6683426000, -0.0084419640, 0.0094295680, 0.7437459000)
(-0.6684110000, -0.0084101520, 0.0095008590, 0.7436839000)
(-0.6683449000, -0.0085275050, 0.0096525690, 0.7437401000)
(-0.6684384000, -0.0085152280, 0.0094806330, 0.7436583000)
(-0.6683180000, -0.0085138970, 0.0095302720, 0.7437659000)
(-0.6683822000, -0.0085079250, 0.0095507280, 0.7437081000)
(-0.6683555000, -0.0086063470, 0.0095441560, 0.7437311000)
(-0.6683053000, -0.0083999350, 0.0096562320, 0.7437770000)
(-0.6682916000, -0.0084480940, 0.0096682940, 0.7437887000)
(-0.6682155000, -0.0084944680, 0.0096797780, 0.7438563000)
(-0.6682727000, -0.0084784420, 0.0096090770, 0.7438060000)
(-0.6682327000, -0.0084593450, 0.0096444710, 0.7438417000)
(-0.6681953000, -0.0085291450, 0.0094896440, 0.7438765000)
(-0.6683400000, -0.0085080250, 0.0095716830, 0.7437457000)
(-0.6682865000, -0.0084606810, 0.0096957530, 0.7437927000)
(-0.6682657000, -0.0085606090, 0.0096367870, 0.7438111000)
(-0.6683206000, -0.0085510880, 0.0096954080, 0.7437611000)
(-0.6682858000, -0.0084336550, 0.0098266080, 0.7437919000)
(-0.6682534000, -0.0085661080, 0.0096069330, 0.7438224000)
(-0.6683604000, -0.0084631180, 0.0097538170, 0.7437255000)
(-0.6682771000, -0.0085481130, 0.0097453100, 0.7437995000)
(-0.6683901000, -0.0085696510, 0.0096380560, 0.7436991000)
(-0.6683297000, -0.0085602210, 0.0097682220, 0.7437518000)
(-0.6683969000, -0.0086644420, 0.0097898450, 0.7436899000)
(-0.6682821000, -0.0086510140, 0.0097353520, 0.7437940000)
(-0.6681539000, -0.0085811280, 0.0096975790, 0.7439104000)
(-0.6683078000, -0.0084370780, 0.0096763730, 0.7437741000)
(-0.6681015000, -0.0083585950, 0.0097923790, 0.7439588000)
(-0.6680946000, -0.0084700800, 0.0097701010, 0.7439641000)
(-0.6681342000, -0.0085989530, 0.0095881070, 0.7439294000)
(-0.6681833000, -0.0087612530, 0.0097258880, 0.7438815000)
(-0.6682344000, -0.0084861460, 0.0097023970, 0.7438391000)
(-0.6682788000, -0.0085470830, 0.0096442290, 0.7437993000)
(-0.6681873000, -0.0086217300, 0.0095801920, 0.7438815000)
(-0.6682360000, -0.0085901380, 0.0096249210, 0.7438375000)
(-0.6682254000, -0.0086153750, 0.0095424450, 0.7438478000)
(-0.6682881000, -0.0084532810, 0.0097131740, 0.7437911000)
(-0.6683035000, -0.0085597030, 0.0096203410, 0.7437773000)
(-0.6681820000, -0.0085760080, 0.0095688480, 0.7438869000)
(-0.6680900000, -0.0085490870, 0.0096059280, 0.7439694000)
(-0.6680269000, -0.0084839440, 0.0095627800, 0.7440274000)
(-0.6680956000, -0.0084985930, 0.0094937090, 0.7439664000)
(-0.6681259000, -0.0085142790, 0.0095326880, 0.7439386000)
(-0.6681803000, -0.0085014660, 0.0097112910, 0.7438875000)
(-0.6682583000, -0.0085419930, 0.0095370090, 0.7438192000)
(-0.6681498000, -0.0086862100, 0.0096680150, 0.7439134000)
(-0.6680661000, -0.0086722630, 0.0097370190, 0.7439876000)
(-0.6681811000, -0.0086497340, 0.0097459060, 0.7438846000)
(-0.6682167000, -0.0084952020, 0.0095173350, 0.7438573000)
(-0.6682760000, -0.0086660630, 0.0096310750, 0.7438007000)
(-0.6682450000, -0.0083688530, 0.0097155890, 0.7438307000)
(-0.6682136000, -0.0085613490, 0.0094923180, 0.7438597000)
(-0.6682861000, -0.0085334920, 0.0097543070, 0.7437914000)
(-0.6682203000, -0.0086088190, 0.0096641370, 0.7438509000)
(-0.6682698000, -0.0082707370, 0.0096748600, 0.7438102000)
(-0.6682141000, -0.0084710640, 0.0096363310, 0.7438584000)
(-0.6684044000, -0.0085711890, 0.0096380940, 0.7436863000)
(-0.6682896000, -0.0085333220, 0.0096658270, 0.7437895000)
(-0.6682384000, -0.0085345190, 0.0096130470, 0.7438362000)
(-0.6683753000, -0.0085704300, 0.0096937990, 0.7437117000)
(-0.6682872000, -0.0084101740, 0.0095219230, 0.7437949000)
(-0.6683039000, -0.0084898880, 0.0096648990, 0.7437772000)
(-0.6684008000, -0.0084752500, 0.0097142370, 0.7436896000)
(-0.6682473000, -0.0085170650, 0.0096258000, 0.7438282000)
(-0.6683759000, -0.0085094480, 0.0096563330, 0.7437124000)
(-0.6683124000, -0.0084690360, 0.0095592480, 0.7437711000)
(-0.6682757000, -0.0084366460, 0.0095961370, 0.7438040000)
(-0.6683229000, -0.0083701010, 0.0096891290, 0.7437611000)
(-0.6683171000, -0.0085426980, 0.0095903240, 0.7437657000)
(-0.6682436000, -0.0084583000, 0.0096311900, 0.7438322000)
(-0.6684287000, -0.0086088080, 0.0096349410, 0.7436640000)
(-0.6683076000, -0.0085380760, 0.0095288380, 0.7437751000)
(-0.6684065000, -0.0085451640, 0.0096087050, 0.7436850000)
(-0.6684880000, -0.0085082830, 0.0095782660, 0.7436126000)
(-0.6684599000, -0.0085926890, 0.0096388220, 0.7436361000)
(-0.6684462000, -0.0085029290, 0.0094754850, 0.7436514000)
(-0.6684721000, -0.0085475050, 0.0096297060, 0.7436258000)
(-0.6684681000, -0.0085429790, 0.0095714540, 0.7436302000)
(-0.6685282000, -0.0086822230, 0.0095613750, 0.7435747000)
(-0.6684097000, -0.0086245290, 0.0095413500, 0.7436821000)
(-0.6683267000, -0.0086275910, 0.0094534600, 0.7437578000)
(-0.6683453000, -0.0085907330, 0.0095977130, 0.7437397000)
(-0.6683805000, -0.0084901370, 0.0096011230, 0.7437091000)
(-0.6683476000, -0.0086146240, 0.0094968230, 0.7437387000)
(-0.6684515000, -0.0085117710, 0.0096632420, 0.7436442000)
(-0.6683639000, -0.0085191640, 0.0094521130, 0.7437257000)
(-0.6683643000, -0.0085282860, 0.0094975040, 0.7437246000)
(-0.6684019000, -0.0083564780, 0.0094113000, 0.7436939000)
(-0.6683242000, -0.0084949900, 0.0094303360, 0.7437618000)
(-0.6684837000, -0.0086809810, 0.0094559480, 0.7436160000)
(-0.6683507000, -0.0086393680, 0.0096151150, 0.7437340000)
(-0.6684362000, -0.0085895250, 0.0094239470, 0.7436602000)
(-0.6683450000, -0.0085042410, 0.0094359430, 0.7437430000)
(-0.6684670000, -0.0085032690, 0.0095645620, 0.7436317000)
(-0.6684350000, -0.0086217290, 0.0095459540, 0.7436593000)
(-0.6685088000, -0.0085574610, 0.0095277230, 0.7435940000)
(-0.6683800000, -0.0084968090, 0.0094646350, 0.7437113000)
(-0.6684020000, -0.0084536310, 0.0095200840, 0.7436913000)
(-0.6684517000, -0.0085321260, 0.0096003150, 0.7436447000)
(-0.6683739000, -0.0085649570, 0.0094955110, 0.7437156000)
(-0.6683343000, -0.0085148100, 0.0094762170, 0.7437519000)
(-0.6683892000, -0.0085358010, 0.0095300630, 0.7437017000)
(-0.6684722000, -0.0084863630, 0.0095757740, 0.7436271000)
(-0.6683725000, -0.0085116690, 0.0095537590, 0.7437167000)
(-0.6682926000, -0.0085850500, 0.0094651380, 0.7437888000)
(-0.6682031000, -0.0084828600, 0.0094969220, 0.7438700000)
(-0.6683602000, -0.0085660060, 0.0095262540, 0.7437274000)
(-0.6682796000, -0.0084341620, 0.0094469960, 0.7438024000)
(-0.6683354000, -0.0086439870, 0.0095188920, 0.7437489000)
(-0.6682261000, -0.0084829310, 0.0093319820, 0.7438514000)
(-0.6683590000, -0.0085942740, 0.0094474840, 0.7437292000)
(-0.6682449000, -0.0086595670, 0.0093959170, 0.7438316000)
(-0.6682558000, -0.0084818530, 0.0093644710, 0.7438243000)
(-0.6682406000, -0.0085897610, 0.0093886330, 0.7438364000)
(-0.6683310000, -0.0085291850, 0.0093753350, 0.7437561000)
(-0.6684054000, -0.0087053620, 0.0094146600, 0.7436867000)
(-0.6683658000, -0.0085976080, 0.0095147850, 0.7437222000)
(-0.6683303000, -0.0086200250, 0.0095042640, 0.7437540000)
(-0.6683600000, -0.0085207880, 0.0095089930, 0.7437284000)
(-0.6683335000, -0.0085932950, 0.0093989170, 0.7437528000)
(-0.6683017000, -0.0085503740, 0.0093022540, 0.7437831000)
(-0.6684061000, -0.0084824350, 0.0093365140, 0.7436895000)
(-0.6683760000, -0.0085642260, 0.0093681500, 0.7437153000)
(-0.6683586000, -0.0085551830, 0.0095497860, 0.7437287000)
(-0.6682897000, -0.0084898900, 0.0095183090, 0.7437918000)
(-0.6683645000, -0.0084117190, 0.0093500560, 0.7437276000)
(-0.6683454000, -0.0084841830, 0.0094208520, 0.7437431000)
(-0.6684313000, -0.0085484740, 0.0093075900, 0.7436665000)
(-0.6685407000, -0.0086447060, 0.0094872830, 0.7435648000)
(-0.6685893000, -0.0085134570, 0.0094118130, 0.7435236000)
(-0.6684421000, -0.0086321640, 0.0095297190, 0.7436531000)
(-0.6685904000, -0.0084911280, 0.0094934650, 0.7435219000)
(-0.6685203000, -0.0084633910, 0.0094108080, 0.7435862000)
(-0.6685426000, -0.0086435130, 0.0096160150, 0.7435614000)
(-0.6686932000, -0.0085083600, 0.0095165180, 0.7434289000)
(-0.6685441000, -0.0085664160, 0.0094963990, 0.7435626000)
(-0.6684936000, -0.0086452230, 0.0093507700, 0.7436090000)
(-0.6685549000, -0.0086018680, 0.0095158350, 0.7435521000)
(-0.6687075000, -0.0084837710, 0.0094696310, 0.7434168000)
(-0.6685569000, -0.0085647790, 0.0093461820, 0.7435529000)
(-0.6685492000, -0.0087019210, 0.0094106960, 0.7435575000)
(-0.6685295000, -0.0085420660, 0.0095002600, 0.7435759000)
(-0.6684830000, -0.0084251740, 0.0094885420, 0.7436193000)
(-0.6684756000, -0.0086135280, 0.0096929930, 0.7436210000)
(-0.6685007000, -0.0085865750, 0.0094975300, 0.7436014000)
(-0.6684246000, -0.0085325240, 0.0095711960, 0.7436694000)
(-0.6684779000, -0.0084574150, 0.0094613340, 0.7436238000)
(-0.6686033000, -0.0085438540, 0.0094705510, 0.7435099000)
(-0.6684762000, -0.0085236910, 0.0095420260, 0.7436235000)
(-0.6686137000, -0.0085154100, 0.0094147290, 0.7435016000)
(-0.6684822000, -0.0085456610, 0.0092990920, 0.7436209000)
(-0.6686432000, -0.0085395480, 0.0094194560, 0.7434747000)
(-0.6686764000, -0.0085212430, 0.0094274220, 0.7434450000)
(-0.6686380000, -0.0084706950, 0.0093962620, 0.7434805000)
(-0.6686000000, -0.0084137200, 0.0094084000, 0.7435151000)
(-0.6685988000, -0.0084000870, 0.0095226040, 0.7435150000)
(-0.6685739000, -0.0085220090, 0.0095585520, 0.7435355000)
(-0.6685650000, -0.0084652040, 0.0094417300, 0.7435457000)
(-0.6685623000, -0.0084839700, 0.0093634660, 0.7435488000)
(-0.6685453000, -0.0085184160, 0.0095072460, 0.7435619000)
(-0.6684781000, -0.0084094690, 0.0095504720, 0.7436230000)
(-0.6684633000, -0.0083702770, 0.0094128390, 0.7436384000)
(-0.6684618000, -0.0084657010, 0.0096404250, 0.7436358000)
(-0.6684048000, -0.0084296530, 0.0095184960, 0.7436891000)
(-0.6684027000, -0.0085357180, 0.0097018660, 0.7436873000)
(-0.6683551000, -0.0085061360, 0.0095609650, 0.7437323000)
(-0.6683601000, -0.0085435200, 0.0094804870, 0.7437285000)
(-0.6684116000, -0.0084078280, 0.0096102710, 0.7436820000)
(-0.6684404000, -0.0085366830, 0.0095188470, 0.7436559000)
(-0.6682826000, -0.0084679260, 0.0095717490, 0.7437978000)
(-0.6683393000, -0.0084298960, 0.0096283260, 0.7437465000)
(-0.6681893000, -0.0084831210, 0.0096240980, 0.7438807000)
(-0.6683277000, -0.0084560520, 0.0095521570, 0.7437575000)
(-0.6683104000, -0.0085550770, 0.0096040250, 0.7437714000)
(-0.6683605000, -0.0084851260, 0.0094687960, 0.7437289000)
(-0.6682590000, -0.0083601970, 0.0095221760, 0.7438209000)
(-0.6682523000, -0.0085369570, 0.0094881520, 0.7438252000)
(-0.6683422000, -0.0085898180, 0.0095042070, 0.7437437000)
(-0.6682850000, -0.0084004860, 0.0095885860, 0.7437962000)
(-0.6682433000, -0.0084043610, 0.0095633340, 0.7438340000)
(-0.6683241000, -0.0083631080, 0.0095838940, 0.7437615000)
(-0.6682539000, -0.0084604710, 0.0094657020, 0.7438250000)
(-0.6681866000, -0.0084233850, 0.0094483210, 0.7438861000)
(-0.6681683000, -0.0083238230, 0.0094442870, 0.7439036000)
(-0.6682620000, -0.0082992330, 0.0095072670, 0.7438189000)
(-0.6682958000, -0.0083327580, 0.0095629810, 0.7437875000)
(-0.6682299000, -0.0085032200, 0.0096189690, 0.7438441000)
(-0.6682208000, -0.0083598020, 0.0095434560, 0.7438549000)
(-0.6682626000, -0.0083563560, 0.0095338940, 0.7438174000)
(-0.6681901000, -0.0083577980, 0.0096017990, 0.7438817000)
(-0.6683326000, -0.0083735110, 0.0097207720, 0.7437519000)
(-0.6683179000, -0.0084945080, 0.0097188390, 0.7437638000)
(-0.6682938000, -0.0085186850, 0.0095518060, 0.7437873000)
(-0.6683184000, -0.0082894950, 0.0097102310, 0.7437658000)
(-0.6683086000, -0.0084127490, 0.0098125240, 0.7437719000)
(-0.6682646000, -0.0083843140, 0.0098574780, 0.7438111000)
(-0.6683787000, -0.0083376610, 0.0098177310, 0.7437096000)
(-0.6683879000, -0.0084731680, 0.0097335900, 0.7437009000)
(-0.6683691000, -0.0084926090, 0.0098512260, 0.7437162000)
(-0.6681899000, -0.0084029110, 0.0097337230, 0.7438797000)
(-0.6681928000, -0.0083067390, 0.0097581180, 0.7438778000)
(-0.6682689000, -0.0083300720, 0.0097760800, 0.7438090000)
(-0.6683281000, -0.0085657030, 0.0098545200, 0.7437520000)
(-0.6683676000, -0.0084216700, 0.0096495760, 0.7437209000)
(-0.6683464000, -0.0085547920, 0.0098312620, 0.7437360000)
(-0.6682931000, -0.0085445200, 0.0097460740, 0.7437851000)
(-0.6682730000, -0.0084413730, 0.0097723390, 0.7438040000)
(-0.6684263000, -0.0085569980, 0.0099273340, 0.7436630000)
(-0.6685196000, -0.0085281690, 0.0098388600, 0.7435805000)
(-0.6682961000, -0.0084242980, 0.0098029210, 0.7437831000)
(-0.6682756000, -0.0084934720, 0.0098028320, 0.7438008000)
(-0.6683111000, -0.0084532900, 0.0100242300, 0.7437664000)
(-0.6684520000, -0.0084096150, 0.0098490520, 0.7436425000)
(-0.6684721000, -0.0084601700, 0.0098967310, 0.7436233000)
(-0.6683941000, -0.0085766870, 0.0097153810, 0.7436944000)
(-0.6683984000, -0.0084082490, 0.0098067770, 0.7436913000)
(-0.6684073000, -0.0085291710, 0.0099146660, 0.7436805000)
(-0.6684197000, -0.0082724760, 0.0098282560, 0.7436734000)
(-0.6684021000, -0.0083628380, 0.0098243390, 0.7436883000)
(-0.6684473000, -0.0084911240, 0.0098366900, 0.7436460000)
(-0.6685327000, -0.0084278060, 0.0098215650, 0.7435702000)
(-0.6684420000, -0.0084243990, 0.0099033780, 0.7436507000)
(-0.6685346000, -0.0083550810, 0.0098296730, 0.7435692000)
(-0.6684780000, -0.0084219850, 0.0099470930, 0.7436177000)
(-0.6685040000, -0.0084988520, 0.0098524440, 0.7435947000)
(-0.6683246000, -0.0083370450, 0.0099986840, 0.7437559000)
(-0.6683895000, -0.0082910990, 0.0098729790, 0.7436997000)
(-0.6684271000, -0.0083017550, 0.0098730960, 0.7436659000)
(-0.6684829000, -0.0082983650, 0.0099636810, 0.7436145000)
(-0.6685258000, -0.0084835900, 0.0099291230, 0.7435743000)
(-0.6684879000, -0.0083596950, 0.0097632360, 0.7436119000)
(-0.6684555000, -0.0083399110, 0.0097352320, 0.7436417000)
(-0.6684821000, -0.0084248710, 0.0097995370, 0.7436159000)
(-0.6684257000, -0.0081992830, 0.0098469580, 0.7436686000)
(-0.6683988000, -0.0083168140, 0.0099216850, 0.7436905000)
(-0.6682960000, -0.0082416950, 0.0097145410, 0.7437865000)
(-0.6684014000, -0.0083636730, 0.0099359400, 0.7436874000)
(-0.6683514000, -0.0081191200, 0.0098513040, 0.7437361000)
(-0.6683894000, -0.0081800150, 0.0098138350, 0.7437018000)
(-0.6684025000, -0.0082008340, 0.0097687330, 0.7436904000)
(-0.6684785000, -0.0080882710, 0.0098943690, 0.7436217000)
(-0.6683019000, -0.0080125100, 0.0098413690, 0.7437819000)
(-0.6684548000, -0.0080801300, 0.0098980620, 0.7436430000)
(-0.6683184000, -0.0082134450, 0.0098232250, 0.7437651000)
(-0.6682948000, -0.0081953440, 0.0097298560, 0.7437878000)
(-0.6682621000, -0.0080987520, 0.0095905010, 0.7438200000)
(-0.6683075000, -0.0081772890, 0.0097830440, 0.7437758000)
(-0.6683351000, -0.0082366310, 0.0099379220, 0.7437484000)
(-0.6682595000, -0.0080996670, 0.0099334190, 0.7438179000)
(-0.6681839000, -0.0081170160, 0.0098480970, 0.7438868000)
(-0.6682651000, -0.0081321360, 0.0099271890, 0.7438126000)
(-0.6682684000, -0.0080551600, 0.0100217600, 0.7438092000)
(-0.6684090000, -0.0080277230, 0.0098991420, 0.7436848000)
(-0.6683297000, -0.0080476110, 0.0099482600, 0.7437551000)
(-0.6683610000, -0.0080243680, 0.0100755200, 0.7437256000)
(-0.6682812000, -0.0080844570, 0.0100427500, 0.7437971000)
(-0.6684388000, -0.0081374100, 0.0100771700, 0.7436544000)
(-0.6683196000, -0.0082032330, 0.0100126800, 0.7437616000)
(-0.6684311000, -0.0081536470, 0.0099517200, 0.7436628000)
(-0.6683328000, -0.0082108800, 0.0100074700, 0.7437498000)
(-0.6683966000, -0.0081722270, 0.0099146520, 0.7436942000)
(-0.6683317000, -0.0082333720, 0.0098364440, 0.7437528000)
(-0.6683299000, -0.0081726300, 0.0099334330, 0.7437538000)
(-0.6683791000, -0.0082806400, 0.0100528800, 0.7437069000)
(-0.6682960000, -0.0081942550, 0.0100289000, 0.7437828000)
(-0.6682687000, -0.0082169490, 0.0100282300, 0.7438070000)
(-0.6681503000, -0.0080465770, 0.0100007500, 0.7439156000)
(-0.6680942000, -0.0080973660, 0.0100242500, 0.7439651000)
(-0.6682109000, -0.0081577860, 0.0100431500, 0.7438594000)
(-0.6681731000, -0.0082303390, 0.0099411240, 0.7438940000)
(-0.6681259000, -0.0081198880, 0.0099202340, 0.7439378000)
(-0.6680955000, -0.0081192870, 0.0100003500, 0.7439641000)
(-0.6682131000, -0.0081659930, 0.0098768710, 0.7438595000)
(-0.6682374000, -0.0082910850, 0.0098157770, 0.7438372000)
(-0.6681293000, -0.0083139700, 0.0099068500, 0.7439327000)
(-0.6681942000, -0.0082589730, 0.0099035050, 0.7438752000)
(-0.6682874000, -0.0082437010, 0.0099622760, 0.7437908000)
(-0.6682970000, -0.0082238680, 0.0100161100, 0.7437817000)
(-0.6683899000, -0.0080731360, 0.0098445300, 0.7437021000)
(-0.6682791000, -0.0082598840, 0.0100211700, 0.7437973000)
(-0.6682236000, -0.0082849770, 0.0099410270, 0.7438480000)
(-0.6682160000, -0.0080778950, 0.0099362140, 0.7438570000)
(-0.6682803000, -0.0082037320, 0.0100070000, 0.7437971000)
(-0.6681679000, -0.0081529170, 0.0099905390, 0.7438989000)
(-0.6682377000, -0.0082349320, 0.0098028340, 0.7438377000)
(-0.6682827000, -0.0081336700, 0.0099723130, 0.7437961000)
(-0.6683021000, -0.0081730830, 0.0100068900, 0.7437778000)
(-0.6682750000, -0.0080705150, 0.0098966720, 0.7438047000)
(-0.6681243000, -0.0081369760, 0.0100836500, 0.7439369000)
(-0.6680871000, -0.0080939500, 0.0100392500, 0.7439713000)
(-0.6681477000, -0.0081261380, 0.0101475700, 0.7439151000)
(-0.6682068000, -0.0082023960, 0.0099747980, 0.7438635000)
(-0.6682357000, -0.0081414110, 0.0100271600, 0.7438375000)
(-0.6682845000, -0.0081613340, 0.0101246800, 0.7437922000)
(-0.6683190000, -0.0082476470, 0.0099357960, 0.7437627000)
(-0.6681427000, -0.0081444260, 0.0099338430, 0.7439222000)
(-0.6682891000, -0.0079355290, 0.0100908600, 0.7437909000)
(-0.6682271000, -0.0080804150, 0.0099377280, 0.7438471000)
(-0.6682434000, -0.0081635150, 0.0098716570, 0.7438325000)
(-0.6682038000, -0.0081038850, 0.0099410260, 0.7438677000)
(-0.6681937000, -0.0080885160, 0.0099157700, 0.7438774000)
(-0.6683297000, -0.0081554100, 0.0097927730, 0.7437561000)
(-0.6682950000, -0.0082055180, 0.0098724590, 0.7437857000)
(-0.6683456000, -0.0082249540, 0.0097563490, 0.7437415000)
(-0.6683890000, -0.0082175410, 0.0097180690, 0.7437030000)
(-0.6682084000, -0.0080977600, 0.0096935860, 0.7438670000)
(-0.6682842000, -0.0081413930, 0.0097470500, 0.7437977000)
(-0.6682013000, -0.0080342160, 0.0096899940, 0.7438740000)
(-0.6683303000, -0.0082822910, 0.0098181830, 0.7437538000)
(-0.6682758000, -0.0082012340, 0.0097038210, 0.7438051000)
(-0.6684074000, -0.0083106740, 0.0097911550, 0.7436845000)
(-0.6682522000, -0.0081702780, 0.0098097880, 0.7438253000)
(-0.6681896000, -0.0082387870, 0.0098962310, 0.7438796000)
(-0.6682556000, -0.0081907930, 0.0097857630, 0.7438223000)
(-0.6682928000, -0.0082282550, 0.0097696650, 0.7437887000)
(-0.6682894000, -0.0082945130, 0.0096704800, 0.7437924000)
(-0.6683143000, -0.0082320260, 0.0097702890, 0.7437693000)
(-0.6682380000, -0.0083294460, 0.0098176780, 0.7438361000)
(-0.6682444000, -0.0081768270, 0.0097274390, 0.7438334000)
(-0.6682317000, -0.0083088660, 0.0096372460, 0.7438444000)
(-0.6682195000, -0.0081872360, 0.0097710260, 0.7438550000)
(-0.6682903000, -0.0082530940, 0.0098040100, 0.7437902000)
(-0.6682879000, -0.0081785400, 0.0096479340, 0.7437952000)
(-0.6682824000, -0.0081962020, 0.0097489190, 0.7437987000)
(-0.6682184000, -0.0083212000, 0.0095923320, 0.7438568000)
(-0.6682030000, -0.0082243560, 0.0096052800, 0.7438715000)
(-0.6681157000, -0.0082793370, 0.0094998530, 0.7439507000)
(-0.6682780000, -0.0081858190, 0.0096155350, 0.7438046000)
(-0.6681133000, -0.0083128450, 0.0096267090, 0.7439509000)
(-0.6681998000, -0.0082142380, 0.0096508100, 0.7438740000)
(-0.6682962000, -0.0083576480, 0.0096733700, 0.7437855000)
(-0.6682092000, -0.0083470770, 0.0095807820, 0.7438650000)
(-0.6682442000, -0.0082963760, 0.0095099390, 0.7438350000)
(-0.6682382000, -0.0081753830, 0.0095832050, 0.7438408000)
(-0.6682349000, -0.0081436120, 0.0095892640, 0.7438440000)
(-0.6682220000, -0.0082939270, 0.0095446450, 0.7438546000)
(-0.6682886000, -0.0082120690, 0.0095253810, 0.7437958000)
(-0.6683035000, -0.0082143690, 0.0094786760, 0.7437830000)
(-0.6680934000, -0.0083151680, 0.0097593390, 0.7439669000)
(-0.6680260000, -0.0081681430, 0.0095344710, 0.7440320000)
(-0.6681623000, -0.0083047990, 0.0095534320, 0.7439078000)
(-0.6682510000, -0.0083161760, 0.0095737050, 0.7438278000)
(-0.6683060000, -0.0082245110, 0.0096356630, 0.7437786000)
(-0.6682643000, -0.0082682090, 0.0095175720, 0.7438171000)
(-0.6681345000, -0.0082333050, 0.0094147450, 0.7439355000)
(-0.6681707000, -0.0082840740, 0.0095802490, 0.7439002000)
(-0.6684155000, -0.0083790440, 0.0095923840, 0.7436790000)
(-0.6682501000, -0.0083724980, 0.0095471290, 0.7438284000)
(-0.6681992000, -0.0083614880, 0.0094851690, 0.7438750000)
(-0.6682955000, -0.0082933720, 0.0095438730, 0.7437885000)
(-0.6682410000, -0.0083646810, 0.0094667220, 0.7438377000)
(-0.6681534000, -0.0083658860, 0.0093679120, 0.7439176000)
(-0.6683238000, -0.0083307430, 0.0094433140, 0.7437639000)
(-0.6683261000, -0.0083652430, 0.0093697430, 0.7437624000)
(-0.6682898000, -0.0084258020, 0.0094551640, 0.7437932000)
(-0.6682045000, -0.0082653410, 0.0094147440, 0.7438722000)
(-0.6682977000, -0.0082838110, 0.0095367380, 0.7437867000)
(-0.6682904000, -0.0084876500, 0.0094582380, 0.7437920000)
(-0.6682650000, -0.0084437440, 0.0094148280, 0.7438158000)
(-0.6681890000, -0.0085450080, 0.0093751750, 0.7438834000)
(-0.6682590000, -0.0084671860, 0.0094153350, 0.7438210000)
(-0.6682331000, -0.0084365610, 0.0094537370, 0.7438440000)
(-0.6684015000, -0.0083851440, 0.0094944700, 0.7436928000)
(-0.6683777000, -0.0085185170, 0.0094663690, 0.7437130000)
(-0.6683003000, -0.0084336130, 0.0093719100, 0.7437847000)
(-0.6683571000, -0.0084551690, 0.0092674210, 0.7437348000)
(-0.6683744000, -0.0084558130, 0.0093484810, 0.7437182000)
(-0.6683159000, -0.0085461640, 0.0092162320, 0.7437714000)
(-0.6683015000, -0.0086021290, 0.0093064110, 0.7437826000)
(-0.6683124000, -0.0086000800, 0.0093899910, 0.7437717000)
(-0.6682952000, -0.0085781610, 0.0094456390, 0.7437868000)
(-0.6683885000, -0.0084375400, 0.0094045530, 0.7437050000)
(-0.6682754000, -0.0085164280, 0.0094375180, 0.7438054000)
(-0.6682810000, -0.0085344520, 0.0093816160, 0.7438009000)
(-0.6683321000, -0.0084946790, 0.0094779690, 0.7437541000)
(-0.6684021000, -0.0084170800, 0.0094375340, 0.7436927000)
(-0.6685030000, -0.0085220020, 0.0093119450, 0.7436023000)
(-0.6684196000, -0.0085096190, 0.0094163820, 0.7436761000)
(-0.6684365000, -0.0085727570, 0.0094250920, 0.7436601000)
(-0.6684389000, -0.0086223470, 0.0093984550, 0.7436578000)
(-0.6684390000, -0.0086199670, 0.0095175540, 0.7436562000)
(-0.6685122000, -0.0084114380, 0.0094760700, 0.7435933000)
(-0.6683698000, -0.0084869510, 0.0092739600, 0.7437230000)
(-0.6682914000, -0.0085792230, 0.0093557680, 0.7437913000)
(-0.6683440000, -0.0084754390, 0.0093170590, 0.7437457000)
(-0.6683494000, -0.0085261050, 0.0092870040, 0.7437406000)
(-0.6683764000, -0.0085197080, 0.0093655460, 0.7437155000)
(-0.6683940000, -0.0084611490, 0.0094676330, 0.7436990000)
(-0.6682569000, -0.0085783080, 0.0094484520, 0.7438211000)
(-0.6683549000, -0.0085326190, 0.0095282980, 0.7437326000)
(-0.6682859000, -0.0083967070, 0.0094271620, 0.7437974000)
(-0.6683921000, -0.0084874490, 0.0093885450, 0.7437015000)
(-0.6682817000, -0.0085349660, 0.0093728400, 0.7438003000)
(-0.6683052000, -0.0085886180, 0.0094599240, 0.7437775000)
(-0.6683673000, -0.0085836800, 0.0093009620, 0.7437238000)
(-0.6683935000, -0.0085971590, 0.0093997920, 0.7436988000)
(-0.6685161000, -0.0085224410, 0.0093116570, 0.7435906000)
(-0.6682887000, -0.0084837380, 0.0094230440, 0.7437940000)
(-0.6683325000, -0.0085011640, 0.0092625550, 0.7437565000)
(-0.6684442000, -0.0086193380, 0.0095449220, 0.7436512000)
(-0.6683536000, -0.0084814150, 0.0094534060, 0.7437353000)
(-0.6683314000, -0.0084252490, 0.0093828800, 0.7437567000)
(-0.6683736000, -0.0085945460, 0.0094454220, 0.7437162000)
(-0.6683390000, -0.0085237700, 0.0093645880, 0.7437491000)
(-0.6683022000, -0.0084304540, 0.0092906730, 0.7437841000)
(-0.6682918000, -0.0085059230, 0.0094594460, 0.7437904000)
(-0.6682078000, -0.0086909490, 0.0093404900, 0.7438653000)
(-0.6682960000, -0.0085944390, 0.0094651270, 0.7437856000)
(-0.6682750000, -0.0085845110, 0.0095177510, 0.7438039000)
(-0.6683012000, -0.0084852820, 0.0094408690, 0.7437825000)
(-0.6682284000, -0.0086450430, 0.0094128370, 0.7438464000)
(-0.6682699000, -0.0085704050, 0.0094301960, 0.7438098000)
(-0.6682808000, -0.0085846060, 0.0096519260, 0.7437969000)
(-0.6682199000, -0.0086156810, 0.0095107050, 0.7438532000)
(-0.6682437000, -0.0085662620, 0.0095332030, 0.7438321000)
(-0.6683643000, -0.0085535270, 0.0095056560, 0.7437242000)
(-0.6683587000, -0.0084246030, 0.0095192600, 0.7437305000)
(-0.6684157000, -0.0085464700, 0.0095840910, 0.7436771000)
(-0.6683717000, -0.0085374520, 0.0095049930, 0.7437177000)
(-0.6683901000, -0.0084171510, 0.0095536970, 0.7437019000)
(-0.6683271000, -0.0084169880, 0.0095306310, 0.7437589000)
(-0.6682450000, -0.0085197180, 0.0095888120, 0.7438308000)
(-0.6683663000, -0.0084370580, 0.0097074160, 0.7437212000)
(-0.6683514000, -0.0084296350, 0.0095224430, 0.7437369000)
(-0.6683342000, -0.0084413260, 0.0095783340, 0.7437515000)
(-0.6682494000, -0.0084948700, 0.0095491070, 0.7438275000)
(-0.6683822000, -0.0084593860, 0.0095437920, 0.7437088000)
(-0.6683969000, -0.0082731410, 0.0096037920, 0.7436967000)
(-0.6683125000, -0.0083554850, 0.0096189780, 0.7437716000)
(-0.6684462000, -0.0084054190, 0.0096099650, 0.7436510000)
(-0.6683486000, -0.0084483190, 0.0097063220, 0.7437370000)
(-0.6684567000, -0.0084070990, 0.0097744620, 0.7436393000)
(-0.6684600000, -0.0084642400, 0.0097897650, 0.7436355000)
(-0.6683772000, -0.0082591630, 0.0096345230, 0.7437143000)
(-0.6683888000, -0.0083848090, 0.0097779420, 0.7437006000)
(-0.6684333000, -0.0083780910, 0.0097541940, 0.7436609000)
(-0.6684221000, -0.0084600670, 0.0097593220, 0.7436700000)
(-0.6684031000, -0.0083457460, 0.0097988940, 0.7436879000)
(-0.6684284000, -0.0084367630, 0.0097801160, 0.7436644000)
(-0.6683289000, -0.0083177970, 0.0098014790, 0.7437549000)
(-0.6684321000, -0.0081534380, 0.0097785190, 0.7436643000)
(-0.6684757000, -0.0082675790, 0.0099322470, 0.7436217000)
(-0.6684074000, -0.0082296810, 0.0098914190, 0.7436841000)
(-0.6683806000, -0.0084672910, 0.0098826850, 0.7437056000)
(-0.6682301000, -0.0082346200, 0.0099027920, 0.7438433000)
(-0.6682587000, -0.0081491540, 0.0099418720, 0.7438180000)
(-0.6683601000, -0.0083307780, 0.0099407510, 0.7437248000)
(-0.6683881000, -0.0083189340, 0.0099430230, 0.7436997000)
(-0.6685445000, -0.0081899340, 0.0099024570, 0.7435611000)
(-0.6685973000, -0.0083135310, 0.0100804900, 0.7435099000)
(-0.6683955000, -0.0082838290, 0.0099122230, 0.7436939000)
(-0.6684567000, -0.0084531190, 0.0100216100, 0.7436355000)
(-0.6685503000, -0.0082552240, 0.0099768040, 0.7435542000)
(-0.6685463000, -0.0082900820, 0.0098990990, 0.7435585000)
(-0.6684142000, -0.0081189860, 0.0099107920, 0.7436789000)
(-0.6684728000, -0.0083669550, 0.0098319690, 0.7436245000)
(-0.6684574000, -0.0083207610, 0.0099175880, 0.7436377000)
(-0.6685539000, -0.0082557320, 0.0098670150, 0.7435524000)
(-0.6685603000, -0.0082395000, 0.0098707990, 0.7435468000)
(-0.6683282000, -0.0082626670, 0.0099090090, 0.7437547000)
(-0.6682709000, -0.0082436800, 0.0097980560, 0.7438079000)
(-0.6683674000, -0.0083785240, 0.0098781200, 0.7437186000)
(-0.6684477000, -0.0084123210, 0.0099280310, 0.7436454000)
(-0.6683928000, -0.0082389950, 0.0098127820, 0.7436981000)
(-0.6684119000, -0.0082566980, 0.0098790390, 0.7436799000)
(-0.6684333000, -0.0082218640, 0.0099088810, 0.7436606000)
(-0.6683484000, -0.0081993840, 0.0097522900, 0.7437393000)
(-0.6683967000, -0.0082173610, 0.0099724450, 0.7436928000)
(-0.6683008000, -0.0083617410, 0.0097203900, 0.7437806000)
(-0.6683067000, -0.0082886750, 0.0098359420, 0.7437747000)
(-0.6683795000, -0.0081544120, 0.0097288110, 0.7437121000)
(-0.6684537000, -0.0082117070, 0.0098563000, 0.7436431000)
(-0.6684953000, -0.0083379500, 0.0099166640, 0.7436035000)
(-0.6685732000, -0.0083901110, 0.0097722750, 0.7435348000)
(-0.6685848000, -0.0082209710, 0.0097137230, 0.7435270000)
(-0.6686856000, -0.0082801930, 0.0097003120, 0.7434360000)
(-0.6686274000, -0.0082055360, 0.0098951260, 0.7434865000)
(-0.6685570000, -0.0083796090, 0.0097414370, 0.7435499000)
(-0.6684003000, -0.0084567550, 0.0098379580, 0.7436886000)
(-0.6683020000, -0.0082589650, 0.0096971500, 0.7437810000)
(-0.6683882000, -0.0083481210, 0.0097455360, 0.7437019000)
(-0.6683606000, -0.0083734330, 0.0098927790, 0.7437245000)
(-0.6684003000, -0.0083521180, 0.0099812300, 0.7436879000)
(-0.6683416000, -0.0083800590, 0.0096190320, 0.7437450000)
(-0.6683816000, -0.0082355830, 0.0097834380, 0.7437086000)
(-0.6683117000, -0.0084065650, 0.0096664370, 0.7437711000)
(-0.6684037000, -0.0083440740, 0.0097632180, 0.7436878000)
(-0.6685607000, -0.0084108360, 0.0097477960, 0.7435461000)
(-0.6683637000, -0.0083463010, 0.0098637480, 0.7437224000)
(-0.6683670000, -0.0082801570, 0.0097846030, 0.7437212000)
(-0.6684458000, -0.0084144610, 0.0097667560, 0.7436491000)
(-0.6683465000, -0.0082684680, 0.0098678770, 0.7437387000)
(-0.6683214000, -0.0083187560, 0.0097288750, 0.7437626000)
(-0.6684208000, -0.0084301890, 0.0097373710, 0.7436718000)
(-0.6682538000, -0.0083511790, 0.0099198140, 0.7438204000)
(-0.6683353000, -0.0082589060, 0.0098396030, 0.7437493000)
(-0.6683724000, -0.0082937750, 0.0099264410, 0.7437144000)
(-0.6683086000, -0.0083953880, 0.0098582830, 0.7437715000)
(-0.6683075000, -0.0084369410, 0.0097838720, 0.7437729000)
(-0.6682062000, -0.0083325550, 0.0096991340, 0.7438663000)
(-0.6681911000, -0.0083518000, 0.0097674080, 0.7438787000)
(-0.6682642000, -0.0083995670, 0.0099124030, 0.7438106000)
(-0.6682975000, -0.0084232700, 0.0098640060, 0.7437810000)
(-0.6682628000, -0.0085065580, 0.0098547930, 0.7438114000)
(-0.6682867000, -0.0084163510, 0.0097223170, 0.7437927000)
(-0.6683532000, -0.0083076300, 0.0098236310, 0.7437328000)
(-0.6682367000, -0.0083083920, 0.0098581260, 0.7438370000)
(-0.6683498000, -0.0083844930, 0.0098012490, 0.7437353000)
(-0.6683419000, -0.0083652890, 0.0097738530, 0.7437430000)
(-0.6683530000, -0.0084163480, 0.0097230580, 0.7437331000)
(-0.6683713000, -0.0084294100, 0.0097192250, 0.7437167000)
(-0.6683287000, -0.0084167100, 0.0097481720, 0.7437546000)
(-0.6684851000, -0.0084194980, 0.0096869450, 0.7436147000)
(-0.6683980000, -0.0083801220, 0.0098137730, 0.7436919000)
(-0.6683785000, -0.0084141440, 0.0097725670, 0.7437096000)
(-0.6682173000, -0.0084688180, 0.0096971690, 0.7438548000)
(-0.6683640000, -0.0084947240, 0.0097313400, 0.7437221000)
(-0.6683347000, -0.0084237180, 0.0097935290, 0.7437485000)
(-0.6682938000, -0.0084229770, 0.0097839500, 0.7437854000)
(-0.6683411000, -0.0083692580, 0.0097612890, 0.7437439000)
(-0.6682085000, -0.0083546600, 0.0098031160, 0.7438626000)
(-0.6682853000, -0.0085035850, 0.0095698720, 0.7437950000)
(-0.6683175000, -0.0084100360, 0.0096361670, 0.7437662000)
(-0.6682711000, -0.0084421070, 0.0096608650, 0.7438072000)
(-0.6684228000, -0.0083622630, 0.0097630240, 0.7436705000)
(-0.6684573000, -0.0083606120, 0.0096514710, 0.7436409000)
(-0.6684238000, -0.0084225750, 0.0095818530, 0.7436712000)
(-0.6684414000, -0.0083129650, 0.0097215310, 0.7436548000)
(-0.6683279000, -0.0082814380, 0.0095898470, 0.7437589000)
(-0.6684042000, -0.0083401870, 0.0097095330, 0.7436882000)
(-0.6683884000, -0.0084276530, 0.0096893420, 0.7437016000)
(-0.6684158000, -0.0084076620, 0.0095342090, 0.7436792000)
(-0.6683507000, -0.0085396440, 0.0096538170, 0.7437347000)
(-0.6683405000, -0.0083695840, 0.0097334580, 0.7437447000)
(-0.6684379000, -0.0084586920, 0.0097591690, 0.7436559000)
(-0.6684819000, -0.0086161050, 0.0098655770, 0.7436131000)
(-0.6685269000, -0.0085280020, 0.0096115130, 0.7435770000)
(-0.6684879000, -0.0083061890, 0.0098452360, 0.7436115000)
(-0.6685758000, -0.0085252430, 0.0097118880, 0.7435318000)
(-0.6684480000, -0.0086810350, 0.0097496470, 0.7436444000)
(-0.6684359000, -0.0084419290, 0.0098285400, 0.7436570000)
(-0.6684024000, -0.0084093270, 0.0097060020, 0.7436890000)
(-0.6683287000, -0.0086100020, 0.0098886650, 0.7437506000)
(-0.6684014000, -0.0085952730, 0.0097683320, 0.7436870000)
(-0.6684093000, -0.0084216220, 0.0098027130, 0.7436814000)
(-0.6684468000, -0.0084726060, 0.0098144220, 0.7436469000)
(-0.6683129000, -0.0083931680, 0.0098718200, 0.7437674000)
(-0.6683289000, -0.0085074980, 0.0097274620, 0.7437537000)
(-0.6684142000, -0.0084259040, 0.0097716620, 0.7436774000)
(-0.6683840000, -0.0085717350, 0.0098106980, 0.7437023000)
(-0.6683948000, -0.0085370830, 0.0096731850, 0.7436948000)
(-0.6684875000, -0.0085963360, 0.0097742170, 0.7436094000)
(-0.6684586000, -0.0084589530, 0.0097176680, 0.7436377000)
(-0.6684741000, -0.0084515300, 0.0097525820, 0.7436235000)
(-0.6684983000, -0.0083661320, 0.0097423070, 0.7436028000)
(-0.6684109000, -0.0084206470, 0.0098020460, 0.7436799000)
(-0.6685528000, -0.0085332400, 0.0098972880, 0.7435498000)
(-0.6684412000, -0.0084027500, 0.0098516310, 0.7436523000)
(-0.6684194000, -0.0084785910, 0.0098597550, 0.7436709000)
(-0.6683958000, -0.0084075510, 0.0098498580, 0.7436931000)
(-0.6683301000, -0.0083702710, 0.0099933590, 0.7437506000)
(-0.6683666000, -0.0085984350, 0.0098306300, 0.7437174000)
(-0.6683841000, -0.0085660350, 0.0098741230, 0.7437015000)
(-0.6682917000, -0.0085549130, 0.0098492840, 0.7437850000)
(-0.6684548000, -0.0085375670, 0.0098628050, 0.7436384000)
(-0.6684762000, -0.0085836920, 0.0099163070, 0.7436180000)
(-0.6684217000, -0.0085096010, 0.0098966330, 0.7436680000)
(-0.6685120000, -0.0085458640, 0.0099081430, 0.7435862000)
(-0.6684394000, -0.0084737470, 0.0100074500, 0.7436510000)
(-0.6685257000, -0.0084922810, 0.0099696940, 0.7435738000)
(-0.6686233000, -0.0085766610, 0.0098707960, 0.7434863000)
(-0.6685820000, -0.0086336620, 0.0099610150, 0.7435216000)
(-0.6684511000, -0.0084725150, 0.0098947980, 0.7436420000)
(-0.6683677000, -0.0085785880, 0.0099239930, 0.7437153000)
(-0.6683540000, -0.0084120190, 0.0099612760, 0.7437291000)
(-0.6684539000, -0.0084911080, 0.0099231300, 0.7436389000)
(-0.6685499000, -0.0085335430, 0.0098484110, 0.7435532000)
(-0.6686499000, -0.0083521590, 0.0098816070, 0.7434648000)
(-0.6685751000, -0.0084836410, 0.0098276940, 0.7435313000)
(-0.6685711000, -0.0084714740, 0.0098770840, 0.7435345000)
(-0.6685816000, -0.0083968920, 0.0100040500, 0.7435241000)
(-0.6685398000, -0.0085576370, 0.0099530500, 0.7435606000)
(-0.6685953000, -0.0084257270, 0.0099327350, 0.7435124000)
(-0.6685344000, -0.0084559600, 0.0098549090, 0.7435679000)
(-0.6683700000, -0.0084997570, 0.0099090560, 0.7437144000)
(-0.6683802000, -0.0084881570, 0.0099776820, 0.7437045000)
(-0.6686181000, -0.0085118780, 0.0100499900, 0.7434893000)
(-0.6685554000, -0.0083312880, 0.0099162210, 0.7435496000)
(-0.6684534000, -0.0084443250, 0.0100007000, 0.7436389000)
(-0.6684921000, -0.0084417500, 0.0098755580, 0.7436058000)
(-0.6685317000, -0.0083549240, 0.0098218150, 0.7435719000)
(-0.6685659000, -0.0086094480, 0.0099212180, 0.7435369000)
(-0.6684456000, -0.0086431660, 0.0098308470, 0.7436459000)
(-0.6684508000, -0.0085589290, 0.0098059000, 0.7436425000)
(-0.6683699000, -0.0086517980, 0.0099510290, 0.7437122000)
(-0.6683719000, -0.0084660380, 0.0098668850, 0.7437137000)
(-0.6683855000, -0.0084664750, 0.0098012350, 0.7437023000)
(-0.6684798000, -0.0084984910, 0.0098102060, 0.7436171000)
(-0.6683651000, -0.0085741400, 0.0098761660, 0.7437184000)
(-0.6684074000, -0.0085262620, 0.0097002440, 0.7436833000)
(-0.6683443000, -0.0084761010, 0.0098240770, 0.7437389000)
(-0.6684560000, -0.0085560600, 0.0098134270, 0.7436377000)
(-0.6684068000, -0.0086595660, 0.0098597020, 0.7436802000)
(-0.6684788000, -0.0086039110, 0.0097685010, 0.7436173000)
(-0.6684940000, -0.0085244640, 0.0098822450, 0.7436031000)
(-0.6684213000, -0.0086141340, 0.0098465840, 0.7436678000)
(-0.6684883000, -0.0085827040, 0.0098191240, 0.7436084000)
(-0.6684571000, -0.0084853020, 0.0098745820, 0.7436368000)
(-0.6683430000, -0.0084815850, 0.0098200350, 0.7437401000)
(-0.6683049000, -0.0083040620, 0.0099538120, 0.7437745000)
(-0.6684905000, -0.0084158680, 0.0098118590, 0.7436084000)
(-0.6683815000, -0.0084220180, 0.0099586100, 0.7437044000)
(-0.6683587000, -0.0084278070, 0.0098887350, 0.7437257000)
(-0.6683221000, -0.0085325880, 0.0098487100, 0.7437578000)
(-0.6683206000, -0.0084102470, 0.0097336280, 0.7437622000)
(-0.6682974000, -0.0085718560, 0.0099335830, 0.7437785000)
(-0.6683080000, -0.0083582150, 0.0098613380, 0.7437723000)
(-0.6684179000, -0.0084700080, 0.0098398230, 0.7436726000)
(-0.6682660000, -0.0085402760, 0.0096424680, 0.7438110000)
(-0.6683804000, -0.0083136330, 0.0097859650, 0.7437088000)
(-0.6683976000, -0.0084513100, 0.0097989750, 0.7436916000)
(-0.6683205000, -0.0084482270, 0.0098830730, 0.7437599000)
(-0.6683085000, -0.0084270830, 0.0098224450, 0.7437717000)
(-0.6683455000, -0.0082847500, 0.0098063300, 0.7437402000)
(-0.6683579000, -0.0084437160, 0.0096180510, 0.7437297000)
(-0.6682680000, -0.0083912200, 0.0098297920, 0.7438084000)
(-0.6682949000, -0.0084702190, 0.0098410660, 0.7437831000)
(-0.6683775000, -0.0082690170, 0.0097377670, 0.7437126000)
(-0.6682766000, -0.0083934990, 0.0098475640, 0.7438003000)
(-0.6683185000, -0.0085747410, 0.0096236310, 0.7437636000)
(-0.6683141000, -0.0084171430, 0.0096452240, 0.7437691000)
(-0.6683234000, -0.0085468760, 0.0096009140, 0.7437598000)
(-0.6684667000, -0.0083653220, 0.0096718690, 0.7436321000)
(-0.6682821000, -0.0083975170, 0.0097594990, 0.7437966000)
(-0.6683481000, -0.0083238880, 0.0098585420, 0.7437368000)
(-0.6683419000, -0.0083186130, 0.0097049610, 0.7437444000)
(-0.6683032000, -0.0083092830, 0.0097513770, 0.7437786000)
(-0.6683966000, -0.0084064750, 0.0096772340, 0.7436946000)
(-0.6683522000, -0.0085155600, 0.0096248600, 0.7437340000)
(-0.6683220000, -0.0084520620, 0.0096923820, 0.7437610000)
(-0.6684365000, -0.0083590820, 0.0096849140, 0.7436593000)
(-0.6684201000, -0.0083516310, 0.0097225000, 0.7436736000)
(-0.6685011000, -0.0084823700, 0.0096863450, 0.7435997000)
(-0.6684758000, -0.0084522860, 0.0097037420, 0.7436225000)
(-0.6684941000, -0.0084191850, 0.0097376910, 0.7436060000)
(-0.6683892000, -0.0085492430, 0.0096068650, 0.7437006000)
(-0.6684027000, -0.0085900350, 0.0096886900, 0.7436870000)
(-0.6684176000, -0.0084912010, 0.0097977260, 0.7436732000)
(-0.6684029000, -0.0084959790, 0.0097455310, 0.7436870000)
(-0.6684250000, -0.0084662480, 0.0096843880, 0.7436683000)
(-0.6683905000, -0.0084072640, 0.0098035950, 0.7436984000)
(-0.6682553000, -0.0085502020, 0.0097971040, 0.7438185000)
(-0.6682868000, -0.0084497990, 0.0097099780, 0.7437924000)
(-0.6682993000, -0.0084310760, 0.0095841870, 0.7437831000)
(-0.6683400000, -0.0085307290, 0.0096345290, 0.7437447000)
(-0.6683279000, -0.0084433640, 0.0095608380, 0.7437575000)
(-0.6684327000, -0.0085880130, 0.0096168660, 0.7436609000)
(-0.6683648000, -0.0086086780, 0.0095194470, 0.7437230000)
(-0.6683981000, -0.0086327020, 0.0094716370, 0.7436934000)
(-0.6685919000, -0.0085879830, 0.0094551490, 0.7435198000)
(-0.6683046000, -0.0084668340, 0.0095710990, 0.7437780000)
(-0.6683078000, -0.0086379610, 0.0095226900, 0.7437738000)
(-0.6681812000, -0.0085356230, 0.0094811260, 0.7438892000)
(-0.6681852000, -0.0087055890, 0.0094569410, 0.7438840000)
(-0.6682702000, -0.0085564430, 0.0095864490, 0.7438077000)
(-0.6680985000, -0.0085573380, 0.0094812940, 0.7439632000)
(-0.6681334000, -0.0084046560, 0.0095773600, 0.7439324000)
(-0.6679853000, -0.0086151180, 0.0096421800, 0.7440621000)
(-0.6680958000, -0.0084754280, 0.0096117710, 0.7439650000)
(-0.6681492000, -0.0084527130, 0.0095862650, 0.7439176000)
(-0.6681763000, -0.0084877920, 0.0095444930, 0.7438934000)
(-0.6681102000, -0.0085322330, 0.0096091110, 0.7439514000)
(-0.6680126000, -0.0085215800, 0.0094080890, 0.7440417000)
(-0.6680538000, -0.0086076890, 0.0094021630, 0.7440038000)
(-0.6681431000, -0.0085542890, 0.0094679120, 0.7439234000)
(-0.6681186000, -0.0086565200, 0.0094534480, 0.7439443000)
(-0.6681125000, -0.0085719710, 0.0095842070, 0.7439492000)
(-0.6680256000, -0.0085266300, 0.0095397780, 0.7440283000)
(-0.6681278000, -0.0084803690, 0.0094596160, 0.7439381000)
(-0.6682163000, -0.0085101830, 0.0095458830, 0.7438572000)
(-0.6681380000, -0.0085161780, 0.0095143140, 0.7439278000)
(-0.6680799000, -0.0083823160, 0.0094525990, 0.7439823000)
(-0.6681111000, -0.0085037480, 0.0095228220, 0.7439520000)
(-0.6682425000, -0.0085299500, 0.0096535830, 0.7438320000)
(-0.6681954000, -0.0084224190, 0.0096319050, 0.7438758000)
(-0.6681798000, -0.0086546770, 0.0096480870, 0.7438871000)
(-0.6682088000, -0.0084326580, 0.0095644860, 0.7438645000)
(-0.6681423000, -0.0086661930, 0.0095590000, 0.7439216000)
(-0.6681795000, -0.0086489040, 0.0094881710, 0.7438894000)
(-0.6681405000, -0.0086166540, 0.0096034580, 0.7439233000)
(-0.6681253000, -0.0084515060, 0.0097538980, 0.7439368000)
(-0.6682348000, -0.0085552350, 0.0095593810, 0.7438399000)
(-0.6681961000, -0.0084867850, 0.0094724990, 0.7438765000)
(-0.6681833000, -0.0085790010, 0.0096106600, 0.7438852000)
(-0.6682549000, -0.0086338180, 0.0094533300, 0.7438222000)
(-0.6682923000, -0.0085114000, 0.0096023890, 0.7437881000)
(-0.6682585000, -0.0085947420, 0.0095696290, 0.7438180000)
(-0.6682503000, -0.0085304250, 0.0095818670, 0.7438259000)
(-0.6683171000, -0.0086534380, 0.0096242700, 0.7437639000)
(-0.6685436000, -0.0086318750, 0.0096657480, 0.7435601000)
(-0.6682963000, -0.0085636060, 0.0096036830, 0.7437840000)
(-0.6683320000, -0.0085764960, 0.0097884050, 0.7437493000)
(-0.6683361000, -0.0085555720, 0.0096230990, 0.7437480000)
(-0.6683741000, -0.0085320450, 0.0096333610, 0.7437140000)
(-0.6683347000, -0.0086455250, 0.0095422040, 0.7437493000)
(-0.6683239000, -0.0085889380, 0.0094011110, 0.7437614000)
(-0.6683452000, -0.0085668430, 0.0094995570, 0.7437413000)
(-0.6681955000, -0.0085062530, 0.0094319670, 0.7438773000)
(-0.6683473000, -0.0086402100, 0.0096535170, 0.7437366000)
(-0.6682613000, -0.0086840410, 0.0097177610, 0.7438125000)
(-0.6684116000, -0.0086478480, 0.0095585780, 0.7436799000)
(-0.6684616000, -0.0085250660, 0.0095248040, 0.7436368000)
(-0.6684325000, -0.0085829920, 0.0095915450, 0.7436614000)
(-0.6684890000, -0.0085993870, 0.0096333420, 0.7436100000)
(-0.6683721000, -0.0085168210, 0.0096228960, 0.7437161000)
(-0.6684642000, -0.0084851110, 0.0094730580, 0.7436356000)
(-0.6685061000, -0.0085825670, 0.0095792750, 0.7435954000)
(-0.6683753000, -0.0085088820, 0.0095602830, 0.7437142000)
(-0.6684376000, -0.0086507150, 0.0095783510, 0.7436562000)
(-0.6685170000, -0.0085896220, 0.0095491500, 0.7435860000)
(-0.6683986000, -0.0087041010, 0.0096292030, 0.7436901000)
(-0.6685547000, -0.0085486310, 0.0096108320, 0.7435517000)
(-0.6684694000, -0.0085279650, 0.0095946620, 0.7436289000)
(-0.6685678000, -0.0085047700, 0.0095902530, 0.7435408000)
(-0.6684660000, -0.0085292650, 0.0096441860, 0.7436312000)
(-0.6684695000, -0.0084176370, 0.0095381550, 0.7436307000)
(-0.6685070000, -0.0085906650, 0.0095600240, 0.7435948000)
(-0.6683995000, -0.0086444110, 0.0096035700, 0.7436903000)
(-0.6685494000, -0.0085429410, 0.0096630000, 0.7435559000)
(-0.6684550000, -0.0085896490, 0.0096041380, 0.7436410000)
(-0.6684024000, -0.0085684940, 0.0095982820, 0.7436886000)
(-0.6685908000, -0.0084682340, 0.0096051660, 0.7435203000)
(-0.6685733000, -0.0085845280, 0.0096312350, 0.7435343000)
(-0.6685927000, -0.0084153740, 0.0096747380, 0.7435184000)
(-0.6684418000, -0.0085723110, 0.0096650060, 0.7436522000)
(-0.6683834000, -0.0086118800, 0.0097144740, 0.7437036000)
(-0.6684481000, -0.0083656810, 0.0096032810, 0.7436498000)
(-0.6684340000, -0.0084804590, 0.0097507210, 0.7436593000)
(-0.6684992000, -0.0083998200, 0.0097590110, 0.7436014000)
(-0.6684197000, -0.0084083210, 0.0097739760, 0.7436726000)
(-0.6684050000, -0.0083689630, 0.0096808480, 0.7436875000)
(-0.6683984000, -0.0085618860, 0.0096365650, 0.7436918000)
(-0.6683702000, -0.0085287350, 0.0095324280, 0.7437188000)
(-0.6682530000, -0.0085482640, 0.0096080560, 0.7438229000)
(-0.6683977000, -0.0085815940, 0.0096343120, 0.7436923000)
(-0.6684901000, -0.0085131630, 0.0096449620, 0.7436098000)
(-0.6684746000, -0.0084897330, 0.0095036050, 0.7436258000)
(-0.6685265000, -0.0084689650, 0.0096075900, 0.7435781000)
(-0.6684594000, -0.0086060280, 0.0095738030, 0.7436372000)
(-0.6685142000, -0.0085498890, 0.0096177520, 0.7435880000)
(-0.6685707000, -0.0084932370, 0.0095564850, 0.7435387000)
(-0.6684771000, -0.0085365110, 0.0095380250, 0.7436226000)
(-0.6684784000, -0.0085446620, 0.0095661650, 0.7436210000)
(-0.6685349000, -0.0085378920, 0.0096671440, 0.7435689000)
(-0.6686118000, -0.0084753240, 0.0095507750, 0.7435020000)
(-0.6686283000, -0.0085421040, 0.0096348240, 0.7434853000)
(-0.6685778000, -0.0085497560, 0.0094567700, 0.7435330000)
(-0.6684687000, -0.0084388030, 0.0095578350, 0.7436310000)
(-0.6685916000, -0.0085277290, 0.0094971280, 0.7435203000)
(-0.6685409000, -0.0084685380, 0.0094789590, 0.7435668000)
(-0.6685762000, -0.0086524130, 0.0096467680, 0.7435308000)
(-0.6685548000, -0.0084793340, 0.0096865900, 0.7435515000)
(-0.6685472000, -0.0086044960, 0.0096958620, 0.7435568000)
(-0.6684328000, -0.0086487240, 0.0096708130, 0.7436594000)
(-0.6684506000, -0.0086022080, 0.0096071490, 0.7436448000)
(-0.6685303000, -0.0084111360, 0.0096570190, 0.7435746000)
(-0.6685486000, -0.0084849080, 0.0095340540, 0.7435589000)
(-0.6684732000, -0.0084946220, 0.0095557240, 0.7436264000)
(-0.6683959000, -0.0085809270, 0.0095744830, 0.7436945000)
(-0.6684974000, -0.0086109830, 0.0094664140, 0.7436044000)
(-0.6685343000, -0.0086092730, 0.0094611920, 0.7435713000)
(-0.6684483000, -0.0086104280, 0.0093165830, 0.7436505000)
(-0.6684875000, -0.0086259010, 0.0095656140, 0.7436119000)
(-0.6684365000, -0.0084845620, 0.0095997810, 0.7436589000)
(-0.6684682000, -0.0084975220, 0.0094860440, 0.7436318000)
(-0.6684195000, -0.0087378910, 0.0095708440, 0.7436716000)
(-0.6684636000, -0.0085415530, 0.0096302510, 0.7436335000)
(-0.6684891000, -0.0085855430, 0.0094571730, 0.7436123000)
(-0.6683720000, -0.0086664640, 0.0095128720, 0.7437159000)
(-0.6683969000, -0.0087238130, 0.0094450470, 0.7436937000)
(-0.6684682000, -0.0085344250, 0.0094510970, 0.7436317000)
(-0.6685671000, -0.0085647530, 0.0095792380, 0.7435408000)
(-0.6684533000, -0.0086372470, 0.0095227650, 0.7436430000)
(-0.6684703000, -0.0087228490, 0.0094912800, 0.7436271000)
(-0.6683614000, -0.0087217690, 0.0094642470, 0.7437254000)
(-0.6684991000, -0.0087095910, 0.0095481580, 0.7436007000)
(-0.6685148000, -0.0085447620, 0.0094791060, 0.7435893000)
(-0.6684702000, -0.0085404130, 0.0093872580, 0.7436306000)
(-0.6685221000, -0.0086742160, 0.0095571600, 0.7435803000)
(-0.6684969000, -0.0086302070, 0.0094187830, 0.7436052000)
(-0.6684377000, -0.0086157050, 0.0095120010, 0.7436574000)
(-0.6685419000, -0.0086946680, 0.0095750360, 0.7435620000)
(-0.6685545000, -0.0085639410, 0.0094681100, 0.7435536000)
(-0.6685498000, -0.0086422100, 0.0093670050, 0.7435582000)
(-0.6686170000, -0.0087943110, 0.0093867440, 0.7434957000)
(-0.6687462000, -0.0085665490, 0.0094276490, 0.7433816000)
(-0.6686512000, -0.0085910100, 0.0094259030, 0.7434669000)
(-0.6686468000, -0.0086944070, 0.0093806740, 0.7434701000)
(-0.6685597000, -0.0087426920, 0.0094262710, 0.7435474000)
(-0.6686141000, -0.0086050330, 0.0093784590, 0.7435006000)
(-0.6685458000, -0.0087087020, 0.0094087210, 0.7435604000)
(-0.6686038000, -0.0086322070, 0.0093815890, 0.7435096000)
(-0.6685720000, -0.0086838190, 0.0095042280, 0.7435359000)
(-0.6684389000, -0.0085664920, 0.0093798410, 0.7436587000)
(-0.6685036000, -0.0085822010, 0.0094125270, 0.7435998000)
(-0.6683581000, -0.0084582460, 0.0093367300, 0.7437330000)
(-0.6685729000, -0.0085576450, 0.0094782730, 0.7435369000)
(-0.6684371000, -0.0086759870, 0.0094921300, 0.7436575000)
(-0.6684366000, -0.0086489980, 0.0093394760, 0.7436603000)
(-0.6684917000, -0.0085471540, 0.0093483230, 0.7436117000)
(-0.6684708000, -0.0086032080, 0.0093347790, 0.7436301000)
(-0.6685898000, -0.0085119430, 0.0094471330, 0.7435226000)
(-0.6686765000, -0.0085163300, 0.0092983620, 0.7434466000)
(-0.6685987000, -0.0086179860, 0.0094816890, 0.7435131000)
(-0.6685538000, -0.0085495800, 0.0094950940, 0.7435541000)
(-0.6684747000, -0.0086631790, 0.0094471930, 0.7436244000)
(-0.6684114000, -0.0086548990, 0.0092272760, 0.7436842000)
(-0.6684797000, -0.0086601730, 0.0095439670, 0.7436188000)
(-0.6684013000, -0.0086531870, 0.0094081960, 0.7436910000)
(-0.6683247000, -0.0085232570, 0.0093345390, 0.7437623000)
(-0.6682807000, -0.0086348570, 0.0093509740, 0.7438003000)
(-0.6683195000, -0.0085220230, 0.0093651040, 0.7437666000)
(-0.6684374000, -0.0087202610, 0.0093939450, 0.7436580000)
(-0.6683821000, -0.0085774460, 0.0093355860, 0.7437101000)
(-0.6683989000, -0.0085472330, 0.0093562170, 0.7436951000)
(-0.6683962000, -0.0086767670, 0.0093843140, 0.7436957000)
(-0.6682245000, -0.0085785820, 0.0094441140, 0.7438504000)
(-0.6683267000, -0.0086377710, 0.0093931240, 0.7437584000)
(-0.6684028000, -0.0085955820, 0.0091565970, 0.7436935000)
(-0.6683801000, -0.0086952890, 0.0092552620, 0.7437115000)
(-0.6683874000, -0.0085364270, 0.0094556580, 0.7437043000)
(-0.6683946000, -0.0086403820, 0.0092599790, 0.7436991000)
(-0.6684403000, -0.0085427890, 0.0092924000, 0.7436588000)
(-0.6683917000, -0.0086027810, 0.0092453460, 0.7437023000)
(-0.6684419000, -0.0086124630, 0.0093238950, 0.7436561000)
(-0.6684851000, -0.0086030200, 0.0093280570, 0.7436174000)
(-0.6684933000, -0.0086076730, 0.0094044760, 0.7436089000)
(-0.6684921000, -0.0086247370, 0.0093050840, 0.7436110000)
(-0.6684708000, -0.0087534600, 0.0093447730, 0.7436282000)
(-0.6683765000, -0.0085308300, 0.0094161730, 0.7437146000)
(-0.6683304000, -0.0085395280, 0.0092214580, 0.7437583000)
(-0.6682572000, -0.0084738890, 0.0093477170, 0.7438233000)
(-0.6684881000, -0.0085591200, 0.0093793370, 0.7436144000)
(-0.6683118000, -0.0084898830, 0.0093842450, 0.7437736000)
(-0.6682875000, -0.0083816430, 0.0093262300, 0.7437974000)
(-0.6682580000, -0.0083858490, 0.0094897730, 0.7438219000)
(-0.6680520000, -0.0084673570, 0.0092222950, 0.7440093000)
(-0.6681312000, -0.0084629030, 0.0092939900, 0.7439373000)
(-0.6682230000, -0.0084580730, 0.0093105850, 0.7438548000)
(-0.6683305000, -0.0085247830, 0.0093539520, 0.7437568000)
(-0.6682414000, -0.0084624150, 0.0093661190, 0.7438374000)
(-0.6684493000, -0.0084721790, 0.0094905130, 0.7436490000)
(-0.6683027000, -0.0084311540, 0.0094177160, 0.7437821000)
(-0.6684278000, -0.0085885680, 0.0093039960, 0.7436693000)
(-0.6683712000, -0.0084893250, 0.0093628140, 0.7437206000)
(-0.6683950000, -0.0085310950, 0.0093957930, 0.7436983000)
(-0.6682454000, -0.0084651020, 0.0095214000, 0.7438319000)
(-0.6683711000, -0.0085487380, 0.0095017980, 0.7437181000)
(-0.6684200000, -0.0084483360, 0.0095175500, 0.7436752000)
(-0.6683545000, -0.0084903510, 0.0093510760, 0.7437357000)
(-0.6683977000, -0.0084428950, 0.0094315940, 0.7436963000)
(-0.6683782000, -0.0085555830, 0.0094030600, 0.7437130000)
(-0.6683169000, -0.0084653570, 0.0094729100, 0.7437682000)
(-0.6682946000, -0.0084074070, 0.0095426430, 0.7437880000)
(-0.6684260000, -0.0083388600, 0.0093897460, 0.7436726000)
(-0.6684612000, -0.0083690630, 0.0094499650, 0.7436399000)
(-0.6683955000, -0.0084028640, 0.0094927490, 0.7436981000)
(-0.6684287000, -0.0082936620, 0.0094307840, 0.7436702000)
(-0.6683118000, -0.0084306280, 0.0092990490, 0.7437754000)
(-0.6683644000, -0.0084943840, 0.0093184020, 0.7437271000)
(-0.6685315000, -0.0084468750, 0.0094784000, 0.7435754000)
(-0.6684370000, -0.0084207740, 0.0095016680, 0.7436604000)
(-0.6685296000, -0.0083858720, 0.0094378530, 0.7435784000)
(-0.6684991000, -0.0083535600, 0.0093481130, 0.7436073000)
(-0.6684996000, -0.0083503430, 0.0094439010, 0.7436057000)
(-0.6685882000, -0.0083249000, 0.0094234530, 0.7435265000)
(-0.6685069000, -0.0083169100, 0.0094702760, 0.7435991000)
(-0.6684531000, -0.0083168130, 0.0094174030, 0.7436482000)
(-0.6684538000, -0.0082741850, 0.0094448830, 0.7436478000)
(-0.6684116000, -0.0082641620, 0.0093995880, 0.7436863000)
(-0.6684208000, -0.0082805020, 0.0094859260, 0.7436768000)
(-0.6683958000, -0.0083113250, 0.0093150940, 0.7437010000)
(-0.6682349000, -0.0082079510, 0.0093603590, 0.7438461000)
(-0.6683606000, -0.0082618960, 0.0094716500, 0.7437313000)
(-0.6685323000, -0.0083715090, 0.0093888870, 0.7435768000)
(-0.6685225000, -0.0083355970, 0.0092958890, 0.7435871000)
(-0.6684963000, -0.0082598340, 0.0094064890, 0.7436102000)
(-0.6683639000, -0.0083624760, 0.0094881810, 0.7437270000)
(-0.6683763000, -0.0083100020, 0.0095638100, 0.7437155000)
(-0.6685703000, -0.0082992590, 0.0094270320, 0.7435429000)
(-0.6685828000, -0.0083295000, 0.0094049970, 0.7435316000)
(-0.6684554000, -0.0082082900, 0.0093765820, 0.7436479000)
(-0.6685548000, -0.0083850470, 0.0094230330, 0.7435559000)
(-0.6685590000, -0.0084523670, 0.0093535490, 0.7435523000)
(-0.6686180000, -0.0083112210, 0.0093064910, 0.7435014000)
(-0.6685103000, -0.0081581530, 0.0092648560, 0.7436005000)
(-0.6684646000, -0.0083353990, 0.0092085530, 0.7436402000)
(-0.6685143000, -0.0083088820, 0.0094218630, 0.7435932000)
(-0.6683950000, -0.0082334140, 0.0093877870, 0.7437017000)
(-0.6684446000, -0.0083863960, 0.0093773970, 0.7436556000)
(-0.6685284000, -0.0083332900, 0.0093328620, 0.7435814000)
(-0.6685697000, -0.0083247440, 0.0093623670, 0.7435440000)
(-0.6685809000, -0.0083823330, 0.0092969160, 0.7435340000)
(-0.6685947000, -0.0083531560, 0.0093638560, 0.7435212000)
(-0.6686955000, -0.0083027000, 0.0091976180, 0.7434331000)
(-0.6685787000, -0.0084081700, 0.0093404390, 0.7435352000)
(-0.6686449000, -0.0082767870, 0.0092100690, 0.7434788000)
(-0.6685612000, -0.0082198310, 0.0093808000, 0.7435525000)
(-0.6684796000, -0.0082533880, 0.0092794170, 0.7436268000)
(-0.6687005000, -0.0083984620, 0.0093538470, 0.7434257000)
(-0.6686534000, -0.0083087580, 0.0093758180, 0.7434688000)
(-0.6686394000, -0.0083007380, 0.0092909720, 0.7434824000)
(-0.6684971000, -0.0083498620, 0.0094149850, 0.7436082000)
(-0.6686230000, -0.0083737580, 0.0092850360, 0.7434965000)
(-0.6684530000, -0.0083216750, 0.0093789350, 0.7436487000)
(-0.6685976000, -0.0083535020, 0.0093433700, 0.7435189000)
(-0.6685321000, -0.0084038760, 0.0093001430, 0.7435777000)
(-0.6685476000, -0.0081624130, 0.0092530460, 0.7435670000)
(-0.6686749000, -0.0083326400, 0.0093432530, 0.7434495000)
(-0.6685174000, -0.0082272720, 0.0093397890, 0.7435923000)
(-0.6683378000, -0.0083038600, 0.0093764080, 0.7437525000)
(-0.6683334000, -0.0083442010, 0.0093390500, 0.7437565000)
(-0.6684458000, -0.0083427990, 0.0092936680, 0.7436560000)
(-0.6683570000, -0.0082992950, 0.0092675990, 0.7437366000)
(-0.6685029000, -0.0082272680, 0.0094021450, 0.7436046000)
(-0.6683295000, -0.0084117530, 0.0093485110, 0.7437592000)
(-0.6683313000, -0.0083152100, 0.0093702090, 0.7437583000)
(-0.6683208000, -0.0083337760, 0.0093318330, 0.7437680000)
(-0.6684071000, -0.0082436830, 0.0092561670, 0.7436925000)
(-0.6684605000, -0.0083009300, 0.0092987720, 0.7436432000)
(-0.6684995000, -0.0083337440, 0.0093588410, 0.7436070000)
(-0.6684150000, -0.0083474380, 0.0093038470, 0.7436836000)
(-0.6683618000, -0.0082787420, 0.0093466410, 0.7437316000)
(-0.6684290000, -0.0083420970, 0.0094581850, 0.7436691000)
(-0.6684936000, -0.0083190140, 0.0093292640, 0.7436129000)
(-0.6684111000, -0.0083622390, 0.0093002580, 0.7436869000)
(-0.6684061000, -0.0084376460, 0.0093784140, 0.7436896000)
(-0.6683089000, -0.0083820630, 0.0094078840, 0.7437772000)
(-0.6684150000, -0.0083163150, 0.0092682580, 0.7436844000)
(-0.6685073000, -0.0084224110, 0.0093428180, 0.7435993000)
(-0.6684380000, -0.0084808930, 0.0093164070, 0.7436612000)
(-0.6684409000, -0.0084676320, 0.0093610330, 0.7436582000)
(-0.6684768000, -0.0083887760, 0.0092501080, 0.7436283000)
(-0.6683433000, -0.0085929550, 0.0093851810, 0.7437442000)
(-0.6685175000, -0.0084912040, 0.0093411580, 0.7435893000)
(-0.6684682000, -0.0085829090, 0.0093485540, 0.7436324000)
(-0.6684283000, -0.0085999850, 0.0093158180, 0.7436685000)
(-0.6683431000, -0.0086252680, 0.0094333950, 0.7437433000)
(-0.6683535000, -0.0084129800, 0.0092799870, 0.7437384000)
(-0.6683404000, -0.0085286000, 0.0094201000, 0.7437470000)
(-0.6683671000, -0.0085124120, 0.0092820420, 0.7437249000)
(-0.6683310000, -0.0085841480, 0.0094127490, 0.7437549000)
(-0.6683288000, -0.0085550290, 0.0091757080, 0.7437602000)
(-0.6683103000, -0.0084645630, 0.0093655860, 0.7437755000)
(-0.6683058000, -0.0084304190, 0.0094513290, 0.7437789000)
(-0.6684251000, -0.0084310020, 0.0092795290, 0.7436738000)
(-0.6684412000, -0.0085035100, 0.0093503980, 0.7436576000)
(-0.6685038000, -0.0085028050, 0.0094145250, 0.7436005000)
(-0.6683432000, -0.0084326260, 0.0093290500, 0.7437468000)
(-0.6683881000, -0.0083614090, 0.0095726020, 0.7437041000)
(-0.6684985000, -0.0084516060, 0.0094450790, 0.7436056000)
(-0.6684235000, -0.0085055300, 0.0096743900, 0.7436693000)
(-0.6684033000, -0.0086091510, 0.0095300100, 0.7436882000)
(-0.6683642000, -0.0084222210, 0.0093909290, 0.7437273000)
(-0.6682822000, -0.0084760250, 0.0095341680, 0.7437984000)
(-0.6683009000, -0.0085218100, 0.0094268040, 0.7437826000)
(-0.6683261000, -0.0085619360, 0.0094666920, 0.7437589000)
(-0.6683648000, -0.0084050180, 0.0096224410, 0.7437239000)
(-0.6683036000, -0.0084718370, 0.0094750640, 0.7437801000)
(-0.6683685000, -0.0085630230, 0.0095111470, 0.7437203000)
(-0.6683908000, -0.0086859710, 0.0096731920, 0.7436967000)
(-0.6683105000, -0.0084853420, 0.0095718180, 0.7437725000)
(-0.6682816000, -0.0086118210, 0.0095180910, 0.7437977000)
(-0.6684815000, -0.0084220950, 0.0097747060, 0.7436169000)
(-0.6684129000, -0.0084721870, 0.0095612020, 0.7436808000)
(-0.6684250000, -0.0085396510, 0.0096008620, 0.7436686000)
(-0.6683312000, -0.0083938730, 0.0096560800, 0.7437538000)
(-0.6684441000, -0.0084140900, 0.0095819930, 0.7436531000)
(-0.6685054000, -0.0083632360, 0.0094812940, 0.7435999000)
(-0.6683036000, -0.0084792310, 0.0094556390, 0.7437802000)
(-0.6684071000, -0.0084099390, 0.0097081460, 0.7436848000)
(-0.6683515000, -0.0084473740, 0.0095636530, 0.7437361000)
(-0.6683320000, -0.0085762050, 0.0095757730, 0.7437521000)
(-0.6684312000, -0.0084010990, 0.0095543690, 0.7436652000)
(-0.6684414000, -0.0083231200, 0.0095565640, 0.7436569000)
(-0.6683640000, -0.0085090640, 0.0095139980, 0.7437248000)
(-0.6683751000, -0.0084710340, 0.0095772250, 0.7437146000)
(-0.6682947000, -0.0083741720, 0.0096078260, 0.7437874000)
(-0.6682922000, -0.0085964990, 0.0093453590, 0.7437905000)
(-0.6683791000, -0.0084824970, 0.0096689400, 0.7437097000)
(-0.6684595000, -0.0084355790, 0.0094764880, 0.7436403000)
(-0.6683977000, -0.0085028730, 0.0097719650, 0.7436913000)
(-0.6683915000, -0.0083403490, 0.0094643260, 0.7437027000)
(-0.6685364000, -0.0085707720, 0.0095785430, 0.7435684000)
(-0.6684752000, -0.0085571930, 0.0095551750, 0.7436239000)
(-0.6685185000, -0.0084529960, 0.0096546700, 0.7435849000)
(-0.6685777000, -0.0085400070, 0.0095700500, 0.7435316000)
(-0.6683912000, -0.0084675770, 0.0095988150, 0.7436998000)
(-0.6684478000, -0.0084917200, 0.0096686720, 0.7436478000)
(-0.6684114000, -0.0084207010, 0.0098213730, 0.7436792000)
(-0.6685206000, -0.0084351520, 0.0095107970, 0.7435850000)
(-0.6685556000, -0.0085499260, 0.0096037690, 0.7435510000)
(-0.6684496000, -0.0084838340, 0.0096718900, 0.7436461000)
(-0.6684711000, -0.0083839960, 0.0097145200, 0.7436275000)
(-0.6684349000, -0.0084437690, 0.0096786800, 0.7436598000)
(-0.6684488000, -0.0084283060, 0.0097284660, 0.7436468000)
(-0.6685324000, -0.0084816390, 0.0097011820, 0.7435714000)
(-0.6684690000, -0.0083489900, 0.0095671550, 0.7436317000)
(-0.6685577000, -0.0084287720, 0.0095394510, 0.7435514000)
(-0.6684746000, -0.0085013100, 0.0096619310, 0.7436237000)
(-0.6685044000, -0.0085718000, 0.0096082330, 0.7435968000)
(-0.6685443000, -0.0083980200, 0.0095546580, 0.7435635000)
(-0.6685073000, -0.0084242660, 0.0095801260, 0.7435962000)
(-0.6685295000, -0.0084710890, 0.0096186580, 0.7435752000)
(-0.6685023000, -0.0085245900, 0.0096091490, 0.7435992000)
(-0.6684422000, -0.0082565950, 0.0097758840, 0.7436540000)
(-0.6684185000, -0.0084705530, 0.0096219980, 0.7436749000)
(-0.6684494000, -0.0085249200, 0.0097794380, 0.7436445000)
(-0.6684042000, -0.0084420180, 0.0094966420, 0.7436897000)
(-0.6685463000, -0.0083103870, 0.0097188600, 0.7435606000)
(-0.6685563000, -0.0083535880, 0.0097954720, 0.7435501000)
(-0.6684693000, -0.0083124050, 0.0097688020, 0.7436291000)
(-0.6684892000, -0.0083738670, 0.0097423660, 0.7436109000)
(-0.6685085000, -0.0084550630, 0.0097566540, 0.7435925000)
(-0.6684211000, -0.0082789500, 0.0100079900, 0.7436696000)
(-0.6685573000, -0.0084353530, 0.0098075030, 0.7435482000)
(-0.6685538000, -0.0084756370, 0.0096643900, 0.7435527000)
(-0.6685815000, -0.0083118390, 0.0098478020, 0.7435272000)
(-0.6685922000, -0.0083831880, 0.0099325440, 0.7435157000)
(-0.6685052000, -0.0083295940, 0.0097089260, 0.7435974000)
(-0.6684047000, -0.0083078690, 0.0097602700, 0.7436874000)
(-0.6684508000, -0.0082419240, 0.0097513940, 0.7436468000)
(-0.6685100000, -0.0083114490, 0.0097336650, 0.7435930000)
(-0.6685822000, -0.0082926440, 0.0097873060, 0.7435276000)
(-0.6684745000, -0.0083484910, 0.0097529920, 0.7436243000)
(-0.6684923000, -0.0084056880, 0.0097689550, 0.7436074000)
(-0.6685277000, -0.0082177180, 0.0096467480, 0.7435793000)
(-0.6686286000, -0.0083573590, 0.0095349540, 0.7434885000)
(-0.6685544000, -0.0084041040, 0.0095291510, 0.7435547000)
(-0.6685864000, -0.0083142080, 0.0096114490, 0.7435259000)
(-0.6686233000, -0.0083776400, 0.0096048330, 0.7434922000)
(-0.6684593000, -0.0084528000, 0.0096049090, 0.7436387000)
(-0.6685518000, -0.0083977330, 0.0097362490, 0.7435545000)
(-0.6684198000, -0.0084291630, 0.0097204330, 0.7436730000)
(-0.6684806000, -0.0083984210, 0.0096633150, 0.7436194000)
(-0.6684339000, -0.0083828450, 0.0096232790, 0.7436621000)
(-0.6685469000, -0.0084126980, 0.0096163410, 0.7435603000)
(-0.6683628000, -0.0084161180, 0.0095726680, 0.7437263000)
(-0.6684442000, -0.0084818770, 0.0096099180, 0.7436519000)
(-0.6684970000, -0.0085119920, 0.0094560240, 0.7436060000)
(-0.6685125000, -0.0084458570, 0.0094485080, 0.7435930000)
(-0.6684985000, -0.0085332340, 0.0096070700, 0.7436025000)
(-0.6684105000, -0.0085464030, 0.0093788910, 0.7436844000)
(-0.6683624000, -0.0085432190, 0.0094538300, 0.7437266000)
(-0.6684013000, -0.0084718270, 0.0094876380, 0.7436922000)
(-0.6684887000, -0.0084977000, 0.0094859670, 0.7436132000)
(-0.6684081000, -0.0085286950, 0.0094497750, 0.7436858000)
(-0.6683200000, -0.0084841410, 0.0095990780, 0.7437636000)
(-0.6684194000, -0.0085607200, 0.0095453400, 0.7436740000)
(-0.6683558000, -0.0084806790, 0.0095273660, 0.7437324000)
(-0.6683207000, -0.0084846560, 0.0094136930, 0.7437654000)
(-0.6683771000, -0.0084341570, 0.0094412150, 0.7437149000)
(-0.6684135000, -0.0086234980, 0.0094190490, 0.7436802000)
(-0.6684450000, -0.0084878700, 0.0094205020, 0.7436535000)
(-0.6684723000, -0.0086119700, 0.0096042190, 0.7436251000)
(-0.6683675000, -0.0085953420, 0.0093954180, 0.7437223000)
(-0.6685164000, -0.0086168650, 0.0094408890, 0.7435876000)
(-0.6684652000, -0.0085416630, 0.0094756730, 0.7436340000)
(-0.6684904000, -0.0085425900, 0.0095460370, 0.7436104000)
(-0.6684529000, -0.0085822830, 0.0095506670, 0.7436437000)
(-0.6683099000, -0.0085551080, 0.0094091280, 0.7437743000)
(-0.6685531000, -0.0084353960, 0.0094842760, 0.7435561000)
(-0.6684321000, -0.0086483020, 0.0093550270, 0.7436640000)
(-0.6684207000, -0.0085272980, 0.0095072440, 0.7436738000)
(-0.6685498000, -0.0085298020, 0.0093742810, 0.7435594000)
(-0.6683869000, -0.0085766510, 0.0094729740, 0.7437040000)
(-0.6682796000, -0.0085074840, 0.0094307570, 0.7438018000)
(-0.6683828000, -0.0084870310, 0.0095378370, 0.7437080000)
(-0.6685459000, -0.0086003980, 0.0094315900, 0.7435614000)
(-0.6683983000, -0.0085480660, 0.0095730710, 0.7436928000)
(-0.6682611000, -0.0084132430, 0.0094316890, 0.7438195000)
(-0.6682994000, -0.0084759200, 0.0093839140, 0.7437850000)
(-0.6683416000, -0.0084071630, 0.0096176140, 0.7437449000)
(-0.6682560000, -0.0083957820, 0.0095925140, 0.7438222000)
(-0.6683525000, -0.0083164960, 0.0094262310, 0.7437384000)
(-0.6682552000, -0.0085870600, 0.0094143740, 0.7438231000)
(-0.6681926000, -0.0083121980, 0.0095671990, 0.7438805000)
(-0.6683111000, -0.0083447980, 0.0096448590, 0.7437726000)
(-0.6681996000, -0.0083650740, 0.0096067480, 0.7438731000)
(-0.6682684000, -0.0083792400, 0.0095148110, 0.7438122000)
(-0.6682830000, -0.0082800570, 0.0095548250, 0.7437998000)
(-0.6683064000, -0.0083187050, 0.0095461400, 0.7437785000)
(-0.6682894000, -0.0082935150, 0.0096260580, 0.7437929000)
(-0.6682943000, -0.0084137520, 0.0094792010, 0.7437891000)
(-0.6683344000, -0.0082750570, 0.0096186580, 0.7437528000)
(-0.6683046000, -0.0083425450, 0.0095906360, 0.7437792000)
(-0.6682326000, -0.0082609210, 0.0095282030, 0.7438455000)
(-0.6682140000, -0.0083741220, 0.0095225850, 0.7438611000)
(-0.6682899000, -0.0082323140, 0.0095419210, 0.7437941000)
(-0.6683221000, -0.0083030430, 0.0096618700, 0.7437630000)
(-0.6683295000, -0.0083541650, 0.0095030620, 0.7437578000)
(-0.6682971000, -0.0084358840, 0.0095157310, 0.7437858000)
(-0.6681811000, -0.0082269360, 0.0095102930, 0.7438925000)
(-0.6682438000, -0.0082873540, 0.0095843790, 0.7438344000)
(-0.6682684000, -0.0082833470, 0.0095590080, 0.7438127000)
(-0.6683321000, -0.0083924970, 0.0094440110, 0.7437558000)
(-0.6680833000, -0.0083564420, 0.0096048140, 0.7439777000)
(-0.6682376000, -0.0083000050, 0.0094987460, 0.7438411000)
(-0.6683601000, -0.0082230470, 0.0094593430, 0.7437323000)
(-0.6683571000, -0.0083746640, 0.0094434090, 0.7437335000)
(-0.6684186000, -0.0082878780, 0.0095218510, 0.7436782000)
(-0.6683294000, -0.0082937210, 0.0094975190, 0.7437586000)
(-0.6683644000, -0.0081897550, 0.0094892540, 0.7437285000)
(-0.6683712000, -0.0082974600, 0.0094615140, 0.7437214000)
(-0.6684469000, -0.0083255420, 0.0094099590, 0.7436538000)
(-0.6683546000, -0.0083579860, 0.0093270250, 0.7437374000)
(-0.6683233000, -0.0082695730, 0.0093423540, 0.7437662000)
(-0.6684300000, -0.0084652750, 0.0094337980, 0.7436670000)
(-0.6684070000, -0.0082117160, 0.0093804800, 0.7436912000)
(-0.6685507000, -0.0084201720, 0.0094553870, 0.7435588000)
(-0.6683307000, -0.0083496340, 0.0093176660, 0.7437591000)
(-0.6683249000, -0.0081895010, 0.0093702940, 0.7437654000)
(-0.6683559000, -0.0082657680, 0.0092835170, 0.7437377000)
(-0.6684458000, -0.0082732310, 0.0092372750, 0.7436575000)
(-0.6683495000, -0.0083421760, 0.0094320730, 0.7437408000)
(-0.6683276000, -0.0082694310, 0.0092811380, 0.7437632000)
(-0.6681620000, -0.0084261880, 0.0092479070, 0.7439107000)
(-0.6682673000, -0.0082020690, 0.0091554050, 0.7438198000)
(-0.6682809000, -0.0082475900, 0.0092436070, 0.7438059000)
(-0.6684380000, -0.0084604610, 0.0091894510, 0.7436630000)
(-0.6684199000, -0.0084192930, 0.0092931370, 0.7436785000)
(-0.6683040000, -0.0083699270, 0.0092697080, 0.7437835000)
(-0.6683098000, -0.0084272860, 0.0092253430, 0.7437782000)
(-0.6683662000, -0.0083790800, 0.0093010940, 0.7437271000)
(-0.6684455000, -0.0083665280, 0.0093124970, 0.7436558000)
(-0.6684461000, -0.0084455970, 0.0093798170, 0.7436535000)
(-0.6683134000, -0.0085225750, 0.0093656240, 0.7437721000)
(-0.6683809000, -0.0082892130, 0.0093334930, 0.7437145000)
(-0.6683888000, -0.0083412730, 0.0093720120, 0.7437063000)
(-0.6684024000, -0.0082949530, 0.0093190120, 0.7436953000)
(-0.6684266000, -0.0084138050, 0.0092089040, 0.7436735000)
(-0.6684132000, -0.0084501610, 0.0094047200, 0.7436828000)
(-0.6683193000, -0.0083028130, 0.0093511680, 0.7437695000)
(-0.6684424000, -0.0083084130, 0.0093316900, 0.7436590000)
(-0.6683844000, -0.0082879350, 0.0094053420, 0.7437104000)
(-0.6684123000, -0.0083456650, 0.0091880350, 0.7436874000)
(-0.6684093000, -0.0083806490, 0.0094471720, 0.7436865000)
(-0.6684643000, -0.0083429810, 0.0093098660, 0.7436392000)
(-0.6683604000, -0.0083220740, 0.0092672240, 0.7437333000)
(-0.6682494000, -0.0082109220, 0.0094151900, 0.7438324000)
(-0.6683424000, -0.0082331250, 0.0093342290, 0.7437497000)
(-0.6682918000, -0.0081530820, 0.0093542420, 0.7437958000)
(-0.6683208000, -0.0082822120, 0.0093049330, 0.7437689000)
(-0.6683884000, -0.0082558350, 0.0092570040, 0.7437091000)
(-0.6684763000, -0.0083110260, 0.0093453080, 0.7436283000)
(-0.6684690000, -0.0083648120, 0.0094232930, 0.7436332000)
(-0.6684624000, -0.0082817560, 0.0094740320, 0.7436395000)
(-0.6684818000, -0.0081609220, 0.0093817640, 0.7436246000)
(-0.6685082000, -0.0083746540, 0.0093133370, 0.7435993000)
(-0.6684105000, -0.0082179230, 0.0093175430, 0.7436888000)
(-0.6684625000, -0.0083064880, 0.0093171090, 0.7436411000)
(-0.6683597000, -0.0082648130, 0.0094931560, 0.7437317000)
(-0.6683114000, -0.0084757130, 0.0093606930, 0.7437745000)
(-0.6683487000, -0.0082771700, 0.0093369700, 0.7437434000)
(-0.6683487000, -0.0082115940, 0.0093821210, 0.7437436000)
(-0.6683272000, -0.0081668450, 0.0094017740, 0.7437631000)
(-0.6682723000, -0.0082192270, 0.0094402400, 0.7438115000)
(-0.6682723000, -0.0083068880, 0.0093291630, 0.7438120000)
(-0.6682684000, -0.0083321070, 0.0094161960, 0.7438139000)
(-0.6683100000, -0.0083050660, 0.0094134800, 0.7437769000)
(-0.6683388000, -0.0083588210, 0.0094247530, 0.7437503000)
(-0.6682745000, -0.0082995930, 0.0093927590, 0.7438092000)
(-0.6682606000, -0.0083180260, 0.0094707460, 0.7438205000)
(-0.6682522000, -0.0083446040, 0.0094837450, 0.7438275000)
(-0.6683232000, -0.0084090340, 0.0093994050, 0.7437642000)
(-0.6682311000, -0.0083073060, 0.0093499760, 0.7438486000)
(-0.6682715000, -0.0083126880, 0.0095061500, 0.7438103000)
(-0.6681535000, -0.0084180680, 0.0095072690, 0.7439150000)
(-0.6682763000, -0.0083959150, 0.0092897550, 0.7438078000)
(-0.6682373000, -0.0084619370, 0.0093021090, 0.7438419000)
(-0.6683908000, -0.0084382130, 0.0093240850, 0.7437041000)
(-0.6683426000, -0.0085355020, 0.0095136720, 0.7437438000)
(-0.6682894000, -0.0084222130, 0.0093897020, 0.7437944000)
(-0.6682020000, -0.0082678810, 0.0095177060, 0.7438731000)
(-0.6682076000, -0.0083559380, 0.0094209930, 0.7438682000)
(-0.6681068000, -0.0084355890, 0.0095093950, 0.7439568000)
(-0.6682205000, -0.0083795110, 0.0095722100, 0.7438545000)
(-0.6683598000, -0.0082577910, 0.0094557500, 0.7437322000)
(-0.6683079000, -0.0082915400, 0.0095984930, 0.7437767000)
(-0.6682650000, -0.0082580330, 0.0094872960, 0.7438170000)
(-0.6683268000, -0.0082275010, 0.0095538680, 0.7437610000)
(-0.6684447000, -0.0082224480, 0.0094984590, 0.7436557000)
(-0.6683447000, -0.0081987240, 0.0094131440, 0.7437469000)
(-0.6682922000, -0.0081999980, 0.0094675410, 0.7437935000)
(-0.6684220000, -0.0082380920, 0.0094838990, 0.7436761000)
(-0.6684352000, -0.0082455750, 0.0093321620, 0.7436661000)
(-0.6684813000, -0.0083250800, 0.0094461440, 0.7436224000)
(-0.6684436000, -0.0084209530, 0.0093577600, 0.7436563000)
(-0.6683577000, -0.0083124400, 0.0092910990, 0.7437356000)
(-0.6683794000, -0.0083662050, 0.0093540400, 0.7437146000)
(-0.6684682000, -0.0083889720, 0.0095000700, 0.7436329000)
(-0.6684383000, -0.0084574320, 0.0093899430, 0.7436602000)
(-0.6683232000, -0.0083467840, 0.0094039990, 0.7437648000)
(-0.6683506000, -0.0082855090, 0.0093965970, 0.7437409000)
(-0.6683568000, -0.0083686200, 0.0093732620, 0.7437347000)
(-0.6683576000, -0.0083449970, 0.0093519590, 0.7437345000)
(-0.6684906000, -0.0082837890, 0.0093408050, 0.7436159000)
(-0.6684141000, -0.0083920910, 0.0093861060, 0.7436829000)
(-0.6684227000, -0.0083770950, 0.0093166960, 0.7436761000)
(-0.6684854000, -0.0083410560, 0.0093377150, 0.7436199000)
(-0.6683331000, -0.0084137680, 0.0094722580, 0.7437543000)
(-0.6684432000, -0.0084192780, 0.0093954720, 0.7436562000)
(-0.6684539000, -0.0083882450, 0.0093239530, 0.7436479000)
(-0.6683328000, -0.0083697960, 0.0092951540, 0.7437572000)
(-0.6683210000, -0.0084109040, 0.0093298050, 0.7437670000)
(-0.6683403000, -0.0085284670, 0.0092956910, 0.7437487000)
(-0.6683513000, -0.0085094680, 0.0092960550, 0.7437390000)
(-0.6683567000, -0.0084730980, 0.0093318750, 0.7437341000)
(-0.6684700000, -0.0084601860, 0.0093016350, 0.7436329000)
(-0.6685145000, -0.0083424910, 0.0093924920, 0.7435931000)
(-0.6684295000, -0.0083066530, 0.0092931490, 0.7436711000)
(-0.6684809000, -0.0083351500, 0.0094763780, 0.7436222000)
(-0.6683968000, -0.0084718110, 0.0093887020, 0.7436974000)
(-0.6684899000, -0.0083789260, 0.0093254710, 0.7436156000)
(-0.6684510000, -0.0084860800, 0.0092904860, 0.7436498000)
(-0.6683143000, -0.0082114640, 0.0093455460, 0.7437750000)
(-0.6683196000, -0.0083850730, 0.0092545190, 0.7437694000)
(-0.6683513000, -0.0083306730, 0.0094352530, 0.7437393000)
(-0.6683590000, -0.0084510090, 0.0093249280, 0.7437324000)
(-0.6683875000, -0.0085324630, 0.0093226900, 0.7437059000)
(-0.6684027000, -0.0083753760, 0.0092045630, 0.7436954000)
(-0.6683831000, -0.0083910600, 0.0094452050, 0.7437100000)
(-0.6685312000, -0.0084914790, 0.0092778730, 0.7435777000)
(-0.6685795000, -0.0084741170, 0.0093614230, 0.7435334000)
(-0.6684894000, -0.0085114740, 0.0092787810, 0.7436151000)
(-0.6682658000, -0.0084081110, 0.0092617160, 0.7438174000)
(-0.6683931000, -0.0083616220, 0.0093369030, 0.7437027000)
(-0.6684473000, -0.0084864890, 0.0094784940, 0.7436507000)
(-0.6684676000, -0.0083257000, 0.0093019180, 0.7436365000)
(-0.6684343000, -0.0084735290, 0.0093562000, 0.7436641000)
(-0.6684114000, -0.0082979880, 0.0093801780, 0.7436864000)
(-0.6684781000, -0.0084068840, 0.0092756380, 0.7436265000)
(-0.6682944000, -0.0083755780, 0.0096113110, 0.7437876000)
(-0.6683627000, -0.0084169580, 0.0094362320, 0.7437281000)
(-0.6683238000, -0.0082035660, 0.0093899500, 0.7437660000)
(-0.6683373000, -0.0083001920, 0.0093255520, 0.7437537000)
(-0.6683807000, -0.0084548840, 0.0094523630, 0.7437113000)
(-0.6683854000, -0.0083466510, 0.0093674890, 0.7437094000)
(-0.6683317000, -0.0083656880, 0.0095098140, 0.7437555000)
(-0.6682780000, -0.0082628680, 0.0094965720, 0.7438051000)
(-0.6683637000, -0.0082533320, 0.0094020980, 0.7437295000)
(-0.6683980000, -0.0082719020, 0.0094993560, 0.7436972000)
(-0.6684340000, -0.0084735810, 0.0094755200, 0.7436628000)
(-0.6683067000, -0.0083239160, 0.0094901220, 0.7437788000)
(-0.6683647000, -0.0083412860, 0.0093947070, 0.7437277000)
(-0.6682194000, -0.0083999210, 0.0094822300, 0.7438564000)
(-0.6683205000, -0.0083575290, 0.0094768540, 0.7437661000)
(-0.6683266000, -0.0083118650, 0.0096273510, 0.7437593000)
(-0.6683416000, -0.0084553510, 0.0095905070, 0.7437447000)
(-0.6683459000, -0.0083620700, 0.0096774220, 0.7437407000)
(-0.6682209000, -0.0085004840, 0.0094499760, 0.7438544000)
(-0.6681422000, -0.0082849340, 0.0095486870, 0.7439262000)
(-0.6681531000, -0.0084551630, 0.0095872090, 0.7439140000)
(-0.6683714000, -0.0083915930, 0.0094655990, 0.7437202000)
(-0.6682520000, -0.0084401760, 0.0093584940, 0.7438282000)
(-0.6682269000, -0.0084701800, 0.0095059290, 0.7438487000)
(-0.6685194000, -0.0084603660, 0.0095555040, 0.7435852000)
(-0.6683779000, -0.0084966210, 0.0095442120, 0.7437121000)
(-0.6683952000, -0.0083516220, 0.0095790830, 0.7436978000)
(-0.6683741000, -0.0084206370, 0.0094675340, 0.7437174000)
(-0.6683639000, -0.0084725160, 0.0093807640, 0.7437270000)
(-0.6684229000, -0.0084342660, 0.0094612000, 0.7436735000)
(-0.6684072000, -0.0084413960, 0.0094227750, 0.7436879000)
(-0.6685135000, -0.0084117100, 0.0094005800, 0.7435931000)
(-0.6684287000, -0.0084903000, 0.0094648880, 0.7436675000)
(-0.6683531000, -0.0085552420, 0.0096863770, 0.7437319000)
(-0.6683331000, -0.0084275920, 0.0094319130, 0.7437546000)
(-0.6683228000, -0.0083606310, 0.0094821650, 0.7437640000)
(-0.6685439000, -0.0086005910, 0.0095302910, 0.7435620000)
(-0.6684295000, -0.0085814880, 0.0095049710, 0.7436653000)
(-0.6683602000, -0.0085446220, 0.0095977230, 0.7437268000)
(-0.6682125000, -0.0085506040, 0.0095651440, 0.7438598000)
(-0.6683306000, -0.0084977840, 0.0094665010, 0.7437556000)
(-0.6683147000, -0.0085256700, 0.0096137010, 0.7437677000)
(-0.6683874000, -0.0085281930, 0.0094576130, 0.7437044000)
(-0.6683302000, -0.0085376850, 0.0095531610, 0.7437544000)
(-0.6682689000, -0.0085653020, 0.0094313990, 0.7438108000)
(-0.6683561000, -0.0085954940, 0.0094655420, 0.7437317000)
(-0.6684022000, -0.0085652610, 0.0095237530, 0.7436898000)
(-0.6683401000, -0.0085194460, 0.0094905600, 0.7437465000)
(-0.6683039000, -0.0085424540, 0.0095137720, 0.7437785000)
(-0.6683235000, -0.0084707490, 0.0093645920, 0.7437636000)
(-0.6683941000, -0.0085067740, 0.0094649340, 0.7436985000)
(-0.6684280000, -0.0086353520, 0.0093299080, 0.7436682000)
(-0.6683238000, -0.0085622910, 0.0094591820, 0.7437611000)
(-0.6683354000, -0.0084385730, 0.0094564180, 0.7437521000)
(-0.6684309000, -0.0085618370, 0.0094281650, 0.7436652000)
(-0.6684915000, -0.0085780640, 0.0094217890, 0.7436107000)
(-0.6683888000, -0.0085630190, 0.0092969310, 0.7437047000)
(-0.6684006000, -0.0086309720, 0.0094845580, 0.7436910000)
(-0.6684501000, -0.0085941710, 0.0094148400, 0.7436478000)
(-0.6685085000, -0.0086205520, 0.0093435340, 0.7435958000)
(-0.6685016000, -0.0085603650, 0.0093445890, 0.7436028000)
(-0.6685076000, -0.0086280300, 0.0093635130, 0.7435963000)
(-0.6684408000, -0.0086712320, 0.0094288260, 0.7436551000)
(-0.6683447000, -0.0085640890, 0.0094896360, 0.7437419000)
(-0.6682853000, -0.0086476690, 0.0093694750, 0.7437959000)
(-0.6684929000, -0.0086993770, 0.0094026680, 0.7436083000)
(-0.6684011000, -0.0086888230, 0.0094155020, 0.7436908000)
(-0.6685011000, -0.0085451680, 0.0094099990, 0.7436026000)
(-0.6683614000, -0.0085612810, 0.0094120040, 0.7437279000)
(-0.6685409000, -0.0085795680, 0.0094520560, 0.7435659000)
(-0.6683550000, -0.0085454420, 0.0094900040, 0.7437328000)
(-0.6684956000, -0.0085523840, 0.0094034720, 0.7436075000)
(-0.6684824000, -0.0086682680, 0.0094243420, 0.7436177000)
(-0.6685179000, -0.0083578710, 0.0094284330, 0.7435893000)
(-0.6684076000, -0.0084195290, 0.0093013880, 0.7436894000)
(-0.6684244000, -0.0085705700, 0.0092916570, 0.7436726000)
(-0.6683291000, -0.0084091110, 0.0091969690, 0.7437614000)
(-0.6684752000, -0.0083688750, 0.0095384730, 0.7436262000)
(-0.6684812000, -0.0085102180, 0.0092712510, 0.7436227000)
(-0.6683838000, -0.0085348970, 0.0092943980, 0.7437095000)
(-0.6683139000, -0.0083206120, 0.0093343560, 0.7437742000)
(-0.6683013000, -0.0085130660, 0.0093434110, 0.7437834000)
(-0.6683432000, -0.0084289490, 0.0094034610, 0.7437458000)
(-0.6683357000, -0.0084123880, 0.0094227130, 0.7437526000)
(-0.6682177000, -0.0083865080, 0.0095078580, 0.7438578000)
(-0.6683295000, -0.0084700360, 0.0094248640, 0.7437574000)
(-0.6684000000, -0.0084137660, 0.0093391030, 0.7436958000)
(-0.6685506000, -0.0085281040, 0.0093255830, 0.7435593000)
(-0.6685010000, -0.0084423950, 0.0094548130, 0.7436033000)
(-0.6684240000, -0.0085156080, 0.0093212630, 0.7436733000)
(-0.6685138000, -0.0085241720, 0.0093088600, 0.7435927000)
(-0.6684954000, -0.0085632380, 0.0093526410, 0.7436082000)
(-0.6685745000, -0.0085022260, 0.0093492910, 0.7435379000)
(-0.6684303000, -0.0084549090, 0.0092967670, 0.7436687000)
(-0.6684229000, -0.0084838080, 0.0093808600, 0.7436740000)
(-0.6684660000, -0.0085682560, 0.0093419360, 0.7436347000)
(-0.6685295000, -0.0085117280, 0.0092785130, 0.7435791000)
(-0.6684905000, -0.0085921570, 0.0094462230, 0.7436112000)
(-0.6683930000, -0.0085122590, 0.0092958780, 0.7437016000)
(-0.6683195000, -0.0085320640, 0.0094200000, 0.7437658000)
(-0.6683139000, -0.0084241460, 0.0092873120, 0.7437737000)
(-0.6684157000, -0.0086537300, 0.0093313170, 0.7436790000)
(-0.6684290000, -0.0085417040, 0.0093305720, 0.7436684000)
(-0.6683342000, -0.0085815490, 0.0093780850, 0.7437525000)
(-0.6683215000, -0.0085943670, 0.0094177770, 0.7437633000)
(-0.6683483000, -0.0086103050, 0.0093479480, 0.7437400000)
(-0.6683987000, -0.0086132400, 0.0093862620, 0.7436942000)
(-0.6684587000, -0.0086547360, 0.0094325560, 0.7436391000)
(-0.6684380000, -0.0086724240, 0.0093953370, 0.7436580000)
(-0.6685566000, -0.0086068590, 0.0094372210, 0.7435516000)
(-0.6684917000, -0.0086052720, 0.0094521290, 0.7436098000)
(-0.6685336000, -0.0085718050, 0.0094772040, 0.7435721000)
(-0.6683948000, -0.0084199760, 0.0096607570, 0.7436963000)
(-0.6682929000, -0.0085487390, 0.0095069440, 0.7437884000)
(-0.6683396000, -0.0085705490, 0.0095931430, 0.7437451000)
(-0.6683437000, -0.0084836460, 0.0094156360, 0.7437447000)
(-0.6683877000, -0.0084857520, 0.0094973910, 0.7437041000)
(-0.6683550000, -0.0084890520, 0.0094346120, 0.7437342000)
(-0.6684689000, -0.0085676270, 0.0095118170, 0.7436300000)
(-0.6683516000, -0.0084513960, 0.0094817060, 0.7437371000)
(-0.6682932000, -0.0084459860, 0.0096090720, 0.7437879000)
(-0.6684567000, -0.0085060150, 0.0094751490, 0.7436420000)
(-0.6684045000, -0.0086356620, 0.0093777620, 0.7436888000)
(-0.6682990000, -0.0085095290, 0.0094368670, 0.7437842000)
(-0.6683352000, -0.0086594840, 0.0093857730, 0.7437507000)
(-0.6683397000, -0.0086174960, 0.0095206700, 0.7437453000)
(-0.6684572000, -0.0085363380, 0.0093310230, 0.7436432000)
(-0.6684725000, -0.0088109250, 0.0094881740, 0.7436242000)
(-0.6684015000, -0.0086290540, 0.0093849710, 0.7436914000)
(-0.6683665000, -0.0087093990, 0.0094975420, 0.7437205000)
(-0.6685228000, -0.0086541870, 0.0094584660, 0.7435812000)
(-0.6685010000, -0.0086752830, 0.0093640360, 0.7436017000)
(-0.6685140000, -0.0087232050, 0.0092934760, 0.7435904000)
(-0.6686092000, -0.0086655880, 0.0094688380, 0.7435032000)
(-0.6685625000, -0.0085611260, 0.0092953740, 0.7435487000)
(-0.6685150000, -0.0085544320, 0.0092481700, 0.7435920000)
(-0.6685705000, -0.0086317230, 0.0095033710, 0.7435379000)
(-0.6685163000, -0.0087087820, 0.0093573240, 0.7435877000)
(-0.6685134000, -0.0085592360, 0.0093782060, 0.7435917000)
(-0.6685185000, -0.0086247160, 0.0094165450, 0.7435859000)
(-0.6685388000, -0.0085715820, 0.0092907030, 0.7435699000)
(-0.6685380000, -0.0085989580, 0.0092867930, 0.7435703000)
(-0.6684781000, -0.0086574260, 0.0093865940, 0.7436223000)
(-0.6685406000, -0.0087359800, 0.0093246390, 0.7435659000)
(-0.6684521000, -0.0085459280, 0.0092950010, 0.7436480000)
(-0.6684983000, -0.0086426580, 0.0091089450, 0.7436078000)
(-0.6684929000, -0.0086395310, 0.0092854440, 0.7436105000)
(-0.6684106000, -0.0087458000, 0.0092350550, 0.7436838000)
(-0.6684800000, -0.0086898740, 0.0092873800, 0.7436215000)
(-0.6684150000, -0.0087260840, 0.0092631410, 0.7436798000)
(-0.6683116000, -0.0087553160, 0.0092815730, 0.7437721000)
(-0.6684529000, -0.0087019630, 0.0092356880, 0.7436463000)
(-0.6685173000, -0.0086333600, 0.0092565260, 0.7435889000)
(-0.6684752000, -0.0087143410, 0.0092265620, 0.7436262000)
(-0.6683993000, -0.0086541410, 0.0092333420, 0.7436950000)
(-0.6684239000, -0.0087065480, 0.0092853660, 0.7436717000)
(-0.6683549000, -0.0087331560, 0.0092392230, 0.7437340000)
(-0.6683825000, -0.0087083510, 0.0092560380, 0.7437092000)
(-0.6683182000, -0.0088298970, 0.0091082180, 0.7437674000)
(-0.6683457000, -0.0085881990, 0.0093445570, 0.7437426000)
(-0.6682612000, -0.0085337600, 0.0092845820, 0.7438199000)
(-0.6683062000, -0.0086573260, 0.0092846180, 0.7437779000)
(-0.6683788000, -0.0086131720, 0.0091734600, 0.7437147000)
(-0.6684350000, -0.0084923440, 0.0093061330, 0.7436639000)
(-0.6683083000, -0.0085221750, 0.0093091390, 0.7437774000)
(-0.6682984000, -0.0085113690, 0.0093202840, 0.7437862000)
(-0.6683435000, -0.0086500260, 0.0092796380, 0.7437446000)
(-0.6682928000, -0.0084482590, 0.0094069540, 0.7437909000)
(-0.6684075000, -0.0086087180, 0.0092146860, 0.7436884000)
(-0.6684422000, -0.0087305120, 0.0094252290, 0.7436531000)
(-0.6684453000, -0.0085594680, 0.0091700780, 0.7436556000)
(-0.6684006000, -0.0085104120, 0.0093381540, 0.7436941000)
(-0.6683307000, -0.0085532950, 0.0092920400, 0.7437571000)
(-0.6684422000, -0.0085828230, 0.0093100590, 0.7436563000)
(-0.6685551000, -0.0085841100, 0.0093110950, 0.7435548000)
(-0.6685864000, -0.0084595300, 0.0092172350, 0.7435292000)
(-0.6684395000, -0.0085823140, 0.0092422970, 0.7436597000)
(-0.6684250000, -0.0085710060, 0.0091746620, 0.7436737000)
(-0.6684670000, -0.0085585690, 0.0091231910, 0.7436365000)
(-0.6684334000, -0.0084981020, 0.0091524280, 0.7436672000)
(-0.6685108000, -0.0086030040, 0.0092688190, 0.7435949000)
(-0.6683583000, -0.0085645890, 0.0091273870, 0.7437342000)
(-0.6684954000, -0.0085199960, 0.0091544860, 0.7436112000)
(-0.6683728000, -0.0085510600, 0.0092433600, 0.7437199000)
(-0.6684188000, -0.0086277020, 0.0092581900, 0.7436775000)
(-0.6684216000, -0.0085393660, 0.0093613310, 0.7436747000)
(-0.6683359000, -0.0085589270, 0.0092921820, 0.7437524000)
(-0.6683046000, -0.0084891410, 0.0092347250, 0.7437820000)
(-0.6682954000, -0.0085848860, 0.0093255720, 0.7437881000)
(-0.6683937000, -0.0085868470, 0.0092982610, 0.7437000000)
(-0.6683125000, -0.0084775220, 0.0092161800, 0.7437753000)
(-0.6682377000, -0.0085413330, 0.0092657820, 0.7438411000)
(-0.6682432000, -0.0085574150, 0.0092738470, 0.7438359000)
(-0.6682169000, -0.0085028450, 0.0092790750, 0.7438601000)
(-0.6683496000, -0.0085629310, 0.0091068470, 0.7437423000)
(-0.6682836000, -0.0084790790, 0.0093681230, 0.7437993000)
(-0.6682903000, -0.0086466900, 0.0092911010, 0.7437923000)
(-0.6682450000, -0.0087050830, 0.0093261280, 0.7438319000)
(-0.6681780000, -0.0086627910, 0.0093561380, 0.7438923000)
(-0.6684084000, -0.0085872280, 0.0093059420, 0.7436867000)
(-0.6683506000, -0.0085382500, 0.0093164510, 0.7437390000)
(-0.6682823000, -0.0086032160, 0.0091141430, 0.7438021000)
(-0.6683890000, -0.0085902880, 0.0092029310, 0.7437053000)
(-0.6683900000, -0.0086246730, 0.0093815560, 0.7437019000)
(-0.6682752000, -0.0085784140, 0.0093609020, 0.7438058000)
(-0.6682656000, -0.0086651750, 0.0091483250, 0.7438161000)
(-0.6683722000, -0.0086978410, 0.0092260550, 0.7437190000)
(-0.6683534000, -0.0085446160, 0.0092404210, 0.7437374000)
(-0.6683011000, -0.0085331790, 0.0093756460, 0.7437829000)
(-0.6683595000, -0.0087771440, 0.0094405100, 0.7437267000)
(-0.6683671000, -0.0087128270, 0.0093659090, 0.7437216000)
(-0.6682404000, -0.0086222140, 0.0091800440, 0.7438389000)
(-0.6682736000, -0.0085996410, 0.0091952050, 0.7438090000)
(-0.6683404000, -0.0086272460, 0.0092134690, 0.7437485000)
(-0.6682996000, -0.0086204900, 0.0091463560, 0.7437861000)
(-0.6682596000, -0.0085809850, 0.0092271240, 0.7438214000)
(-0.6682434000, -0.0086527410, 0.0092468210, 0.7438349000)
(-0.6682675000, -0.0085404200, 0.0091883030, 0.7438153000)
(-0.6683465000, -0.0085639330, 0.0091360530, 0.7437447000)
(-0.6683940000, -0.0086940000, 0.0090921200, 0.7437011000)
(-0.6683527000, -0.0086391070, 0.0091573410, 0.7437380000)
(-0.6682842000, -0.0087152740, 0.0092099270, 0.7437980000)
(-0.6683580000, -0.0086785400, 0.0090631210, 0.7437340000)
(-0.6682857000, -0.0087809030, 0.0091305800, 0.7437969000)
(-0.6682769000, -0.0086048180, 0.0091979710, 0.7438060000)
(-0.6682597000, -0.0087199060, 0.0092087890, 0.7438200000)
(-0.6681604000, -0.0086968940, 0.0092158410, 0.7439094000)
(-0.6682261000, -0.0086654610, 0.0091500020, 0.7438516000)
(-0.6682723000, -0.0086187830, 0.0092449230, 0.7438094000)
(-0.6682780000, -0.0087621790, 0.0092253650, 0.7438028000)
(-0.6682219000, -0.0086258650, 0.0092016270, 0.7438552000)
(-0.6682020000, -0.0088113420, 0.0092793630, 0.7438699000)
(-0.6682432000, -0.0086742840, 0.0093482590, 0.7438336000)
(-0.6682460000, -0.0086892600, 0.0093448180, 0.7438309000)
(-0.6682579000, -0.0086833800, 0.0094271820, 0.7438193000)
(-0.6682355000, -0.0085514050, 0.0094011390, 0.7438414000)
(-0.6683025000, -0.0085236700, 0.0093812530, 0.7437816000)
(-0.6683288000, -0.0085830740, 0.0093498700, 0.7437578000)
(-0.6683638000, -0.0085798530, 0.0093729040, 0.7437260000)
(-0.6682782000, -0.0085540900, 0.0092791510, 0.7438045000)
(-0.6682086000, -0.0087704270, 0.0093375980, 0.7438637000)
(-0.6683506000, -0.0086786290, 0.0092595690, 0.7437382000)
(-0.6684394000, -0.0086929690, 0.0093093510, 0.7436575000)
(-0.6683534000, -0.0086434240, 0.0092009370, 0.7437368000)
(-0.6684427000, -0.0086466950, 0.0092665130, 0.7436557000)
(-0.6684627000, -0.0086220070, 0.0093338710, 0.7436371000)
(-0.6683964000, -0.0085796650, 0.0092128660, 0.7436987000)
(-0.6683013000, -0.0085591520, 0.0092356420, 0.7437842000)
(-0.6683735000, -0.0086995130, 0.0092192350, 0.7437178000)
(-0.6684579000, -0.0086772000, 0.0092078650, 0.7436424000)
(-0.6684101000, -0.0086492080, 0.0092447880, 0.7436852000)
(-0.6684871000, -0.0086659200, 0.0090887670, 0.7436177000)
(-0.6684906000, -0.0086435910, 0.0091589420, 0.7436140000)
(-0.6684130000, -0.0087618820, 0.0092343670, 0.7436814000)
(-0.6683559000, -0.0086229290, 0.0092321110, 0.7437344000)
(-0.6683105000, -0.0086366690, 0.0092249020, 0.7437751000)
(-0.6683276000, -0.0085347250, 0.0092453310, 0.7437606000)
(-0.6683670000, -0.0086676150, 0.0092193110, 0.7437241000)
(-0.6683293000, -0.0086433020, 0.0092449330, 0.7437579000)
(-0.6684490000, -0.0086035940, 0.0093509710, 0.7436494000)
(-0.6683058000, -0.0085471260, 0.0093515730, 0.7437788000)
(-0.6683348000, -0.0085053430, 0.0092289890, 0.7437547000)
(-0.6683260000, -0.0084483910, 0.0094070090, 0.7437611000)
(-0.6682665000, -0.0084582410, 0.0093833320, 0.7438148000)
(-0.6684439000, -0.0084590190, 0.0092267650, 0.7436572000)
(-0.6683972000, -0.0084872580, 0.0091468220, 0.7436999000)
(-0.6682604000, -0.0085319550, 0.0092886890, 0.7438205000)
(-0.6682571000, -0.0085281260, 0.0092546440, 0.7438240000)
(-0.6682677000, -0.0085041390, 0.0091090300, 0.7438166000)
(-0.6684910000, -0.0084273540, 0.0091684360, 0.7436160000)
(-0.6682670000, -0.0084666680, 0.0091712470, 0.7438168000)
(-0.6681857000, -0.0084724750, 0.0091698230, 0.7438898000)
(-0.6682512000, -0.0084608350, 0.0092444360, 0.7438301000)
(-0.6682299000, -0.0084366260, 0.0092985890, 0.7438489000)
(-0.6682032000, -0.0084869140, 0.0092267900, 0.7438732000)
(-0.6682156000, -0.0085198310, 0.0091607390, 0.7438626000)
(-0.6682796000, -0.0083799630, 0.0090464670, 0.7438080000)
(-0.6683458000, -0.0086043750, 0.0091956070, 0.7437441000)
(-0.6683214000, -0.0084891970, 0.0090990400, 0.7437685000)
(-0.6684105000, -0.0085399850, 0.0090848730, 0.7436882000)
(-0.6683052000, -0.0083851000, 0.0090471040, 0.7437850000)
(-0.6683053000, -0.0084941900, 0.0091792620, 0.7437820000)
(-0.6684046000, -0.0084932620, 0.0092394030, 0.7436921000)
(-0.6684183000, -0.0085024170, 0.0092324820, 0.7436797000)
(-0.6684120000, -0.0084886090, 0.0092325200, 0.7436855000)
(-0.6682866000, -0.0083041380, 0.0092509140, 0.7438001000)
(-0.6682731000, -0.0083576380, 0.0093721910, 0.7438101000)
(-0.6683292000, -0.0084151010, 0.0092296310, 0.7437608000)
(-0.6683130000, -0.0083944000, 0.0092797440, 0.7437750000)
(-0.6683024000, -0.0085458130, 0.0091740320, 0.7437841000)
(-0.6683344000, -0.0084407130, 0.0091955590, 0.7437562000)
(-0.6683843000, -0.0083558860, 0.0093089790, 0.7437110000)
(-0.6682891000, -0.0084456500, 0.0092517380, 0.7437962000)
(-0.6683023000, -0.0084227080, 0.0092313760, 0.7437848000)
(-0.6683099000, -0.0083940520, 0.0091964030, 0.7437788000)
(-0.6682660000, -0.0083621850, 0.0092628620, 0.7438177000)
(-0.6681745000, -0.0083820230, 0.0092487340, 0.7438999000)
(-0.6682023000, -0.0082880000, 0.0091963460, 0.7438766000)
(-0.6683575000, -0.0085160770, 0.0091823810, 0.7437348000)
(-0.6681983000, -0.0083089600, 0.0091829710, 0.7438802000)
(-0.6682670000, -0.0083527380, 0.0092670850, 0.7438170000)
(-0.6683236000, -0.0084560420, 0.0090995030, 0.7437670000)
(-0.6683061000, -0.0085315240, 0.0092678850, 0.7437797000)
(-0.6684746000, -0.0084011660, 0.0093070180, 0.7436293000)
(-0.6684272000, -0.0083473640, 0.0093726690, 0.7436718000)
(-0.6682077000, -0.0082501720, 0.0091852230, 0.7438724000)
(-0.6682073000, -0.0083849130, 0.0091370420, 0.7438717000)
(-0.6682473000, -0.0083528540, 0.0092274190, 0.7438351000)
(-0.6683185000, -0.0083126150, 0.0093512100, 0.7437701000)
(-0.6682038000, -0.0083527110, 0.0091738640, 0.7438749000)
(-0.6681375000, -0.0082539870, 0.0090962330, 0.7439365000)
(-0.6680861000, -0.0082996120, 0.0093012150, 0.7439796000)
(-0.6680775000, -0.0084405050, 0.0092006630, 0.7439869000)
(-0.6682684000, -0.0085143940, 0.0092810210, 0.7438137000)
(-0.6682732000, -0.0084178990, 0.0092235990, 0.7438112000)
(-0.6682493000, -0.0084066810, 0.0092813370, 0.7438321000)
(-0.6683722000, -0.0083372320, 0.0091524520, 0.7437240000)
(-0.6682863000, -0.0085009500, 0.0090210090, 0.7438009000)
(-0.6683054000, -0.0084123700, 0.0089673300, 0.7437854000)
(-0.6684287000, -0.0083720170, 0.0090136250, 0.7436745000)
(-0.6683774000, -0.0083370100, 0.0090550450, 0.7437205000)
(-0.6684366000, -0.0085422900, 0.0090745500, 0.7436647000)
(-0.6684355000, -0.0083109660, 0.0091007040, 0.7436681000)
(-0.6683854000, -0.0083277310, 0.0092049500, 0.7437117000)
(-0.6683815000, -0.0084444400, 0.0091697550, 0.7437143000)
(-0.6682696000, -0.0082199410, 0.0091141490, 0.7438179000)
(-0.6683142000, -0.0082685950, 0.0091054690, 0.7437775000)
(-0.6683146000, -0.0082609530, 0.0091614310, 0.7437765000)
(-0.6684065000, -0.0082233320, 0.0091644650, 0.7436943000)
(-0.6684413000, -0.0082178990, 0.0092422910, 0.7436621000)
(-0.6683682000, -0.0082912060, 0.0091886920, 0.7437276000)
(-0.6684322000, -0.0082970930, 0.0091225530, 0.7436709000)
(-0.6684454000, -0.0083429370, 0.0091728670, 0.7436579000)
(-0.6684918000, -0.0081628310, 0.0090532690, 0.7436196000)
(-0.6684800000, -0.0081826620, 0.0091150320, 0.7436293000)
(-0.6683336000, -0.0082230730, 0.0090989490, 0.7437606000)
(-0.6684154000, -0.0084002720, 0.0091493210, 0.7436845000)
(-0.6684534000, -0.0081711270, 0.0090065660, 0.7436547000)
(-0.6685168000, -0.0083840150, 0.0089960640, 0.7435954000)
(-0.6685158000, -0.0082634850, 0.0089781480, 0.7435979000)
(-0.6683611000, -0.0083149520, 0.0090726100, 0.7437353000)
(-0.6685457000, -0.0082756920, 0.0088807140, 0.7435721000)
(-0.6686099000, -0.0084158460, 0.0089647160, 0.7435117000)
(-0.6684278000, -0.0083161930, 0.0089101970, 0.7436772000)
(-0.6685007000, -0.0083364770, 0.0089400000, 0.7436111000)
(-0.6686282000, -0.0083263820, 0.0089947120, 0.7434959000)
(-0.6685051000, -0.0082233910, 0.0088417680, 0.7436096000)
(-0.6684730000, -0.0085185790, 0.0090761480, 0.7436323000)
(-0.6685482000, -0.0082510410, 0.0089322510, 0.7435694000)
(-0.6685348000, -0.0083496770, 0.0089143450, 0.7435806000)
(-0.6684956000, -0.0083793000, 0.0090192200, 0.7436142000)
(-0.6684907000, -0.0084936320, 0.0089978390, 0.7436175000)
(-0.6685235000, -0.0084079730, 0.0091067180, 0.7435878000)
(-0.6685495000, -0.0084591930, 0.0089730530, 0.7435654000)
(-0.6684908000, -0.0084599140, 0.0090233780, 0.7436176000)
(-0.6684312000, -0.0084502430, 0.0090271770, 0.7436712000)
(-0.6684752000, -0.0084886360, 0.0091349760, 0.7436299000)
(-0.6686198000, -0.0083639180, 0.0090301590, 0.7435027000)
(-0.6686030000, -0.0085351730, 0.0089506060, 0.7435167000)
(-0.6685941000, -0.0084967480, 0.0090317590, 0.7435242000)
(-0.6686290000, -0.0085132920, 0.0088990920, 0.7434943000)
(-0.6685689000, -0.0085546670, 0.0090272560, 0.7435462000)
(-0.6686332000, -0.0084897180, 0.0089606370, 0.7434899000)
(-0.6685490000, -0.0084690240, 0.0089290810, 0.7435663000)
(-0.6684706000, -0.0084409440, 0.0091330910, 0.7436347000)
(-0.6684711000, -0.0084885360, 0.0090342040, 0.7436348000)
(-0.6684904000, -0.0085584230, 0.0089059340, 0.7436182000)
(-0.6685743000, -0.0084419290, 0.0090044420, 0.7435429000)
(-0.6684801000, -0.0085281780, 0.0089782770, 0.7436270000)
(-0.6684305000, -0.0083734200, 0.0089547430, 0.7436736000)
(-0.6684638000, -0.0084481400, 0.0090047940, 0.7436423000)
(-0.6684275000, -0.0084074640, 0.0090635720, 0.7436746000)
(-0.6684957000, -0.0084284310, 0.0090001060, 0.7436138000)
(-0.6684341000, -0.0084515390, 0.0090224330, 0.7436687000)
(-0.6684812000, -0.0084579340, 0.0090370450, 0.7436261000)
(-0.6685475000, -0.0084795770, 0.0090968970, 0.7435656000)
(-0.6685955000, -0.0082804870, 0.0091901990, 0.7435234000)
(-0.6687086000, -0.0084330050, 0.0090767420, 0.7434214000)
(-0.6686235000, -0.0085490070, 0.0091810340, 0.7434953000)
(-0.6686192000, -0.0085419150, 0.0092305710, 0.7434986000)
(-0.6685403000, -0.0086500330, 0.0092380880, 0.7435682000)
(-0.6684922000, -0.0085170590, 0.0091222010, 0.7436144000)
(-0.6685128000, -0.0084390860, 0.0092276350, 0.7435955000)
(-0.6685164000, -0.0084338700, 0.0091923690, 0.7435928000)
(-0.6683912000, -0.0084313550, 0.0092437170, 0.7437047000)
(-0.6685349000, -0.0084638020, 0.0092454410, 0.7435752000)
(-0.6684443000, -0.0084544900, 0.0091430140, 0.7436581000)
(-0.6684845000, -0.0083872010, 0.0090700350, 0.7436234000)
(-0.6685282000, -0.0084308010, 0.0091087380, 0.7435833000)
(-0.6686268000, -0.0085213850, 0.0091798920, 0.7434927000)
(-0.6685579000, -0.0083848320, 0.0091261800, 0.7435569000)
(-0.6685073000, -0.0084923850, 0.0092029130, 0.7436001000)
(-0.6685749000, -0.0085244180, 0.0092369400, 0.7435386000)
(-0.6685220000, -0.0084020640, 0.0091661260, 0.7435884000)
(-0.6685281000, -0.0085274140, 0.0091781640, 0.7435814000)
(-0.6684653000, -0.0083534840, 0.0092479750, 0.7436390000)
(-0.6683824000, -0.0084112630, 0.0090927090, 0.7437147000)
(-0.6685275000, -0.0084777450, 0.0091569780, 0.7435827000)
(-0.6685123000, -0.0086226010, 0.0091814040, 0.7435944000)
(-0.6684075000, -0.0085665780, 0.0092638220, 0.7436883000)
(-0.6684655000, -0.0083456030, 0.0091520760, 0.7436400000)
(-0.6684004000, -0.0084090700, 0.0093037670, 0.7436960000)
(-0.6684061000, -0.0085091320, 0.0093181170, 0.7436895000)
(-0.6684290000, -0.0084816390, 0.0093121210, 0.7436693000)
(-0.6685758000, -0.0085001210, 0.0092758230, 0.7435375000)
(-0.6684225000, -0.0084169110, 0.0093220650, 0.7436758000)
(-0.6684076000, -0.0084724410, 0.0093151950, 0.7436886000)
(-0.6684099000, -0.0083724990, 0.0093592330, 0.7436872000)
(-0.6684347000, -0.0084676420, 0.0093872020, 0.7436634000)
(-0.6684523000, -0.0084911830, 0.0092843960, 0.7436486000)
(-0.6683540000, -0.0083559110, 0.0092452160, 0.7437390000)
(-0.6682430000, -0.0084847120, 0.0093161280, 0.7438364000)
(-0.6684186000, -0.0084073350, 0.0093153190, 0.7436795000)
(-0.6684582000, -0.0084089430, 0.0092608340, 0.7436445000)
(-0.6684434000, -0.0085926990, 0.0093354050, 0.7436548000)
(-0.6684123000, -0.0084751930, 0.0091953210, 0.7436860000)
(-0.6683377000, -0.0084173590, 0.0092304140, 0.7437531000)
(-0.6684914000, -0.0085209990, 0.0093165110, 0.7436128000)
(-0.6685476000, -0.0085350730, 0.0093036320, 0.7435622000)
(-0.6684995000, -0.0085758130, 0.0091330480, 0.7436070000)
(-0.6685132000, -0.0085053860, 0.0090931430, 0.7435960000)
(-0.6684447000, -0.0086371070, 0.0092374180, 0.7436544000)
(-0.6683694000, -0.0085282300, 0.0093022690, 0.7437225000)
(-0.6682891000, -0.0085700770, 0.0093292400, 0.7437938000)
(-0.6682583000, -0.0086911850, 0.0092603160, 0.7438210000)
(-0.6683033000, -0.0085940790, 0.0092784340, 0.7437814000)
(-0.6682285000, -0.0085803340, 0.0091761430, 0.7438501000)
(-0.6683623000, -0.0086062080, 0.0091556900, 0.7437298000)
(-0.6683440000, -0.0086520230, 0.0092352000, 0.7437447000)
(-0.6684182000, -0.0086241670, 0.0092223270, 0.7436786000)
(-0.6683595000, -0.0086799070, 0.0093232600, 0.7437293000)
(-0.6683145000, -0.0087596550, 0.0093073970, 0.7437690000)
(-0.6683242000, -0.0087596950, 0.0092225010, 0.7437614000)
(-0.6684488000, -0.0086133680, 0.0093415110, 0.7436496000)
(-0.6684214000, -0.0086389000, 0.0092537770, 0.7436751000)
(-0.6684243000, -0.0086630290, 0.0093175840, 0.7436714000)
(-0.6684841000, -0.0085106970, 0.0094157570, 0.7436181000)
(-0.6683721000, -0.0087190010, 0.0094482280, 0.7437160000)
(-0.6684073000, -0.0085254080, 0.0093795260, 0.7436875000)
(-0.6683196000, -0.0085902690, 0.0093729700, 0.7437655000)
(-0.6683187000, -0.0086604110, 0.0092030030, 0.7437677000)
(-0.6682209000, -0.0086600420, 0.0093730870, 0.7438535000)
(-0.6682674000, -0.0085938990, 0.0093246900, 0.7438131000)
(-0.6682596000, -0.0085864860, 0.0093357300, 0.7438200000)
(-0.6682490000, -0.0085540280, 0.0093657620, 0.7438295000)
(-0.6682640000, -0.0086534320, 0.0092650610, 0.7438162000)
(-0.6681315000, -0.0085906240, 0.0093959530, 0.7439343000)
(-0.6683552000, -0.0087245960, 0.0092735590, 0.7437334000)
(-0.6683180000, -0.0087691520, 0.0092860290, 0.7437660000)
(-0.6683452000, -0.0087237240, 0.0092786990, 0.7437423000)
(-0.6682432000, -0.0085420790, 0.0093462100, 0.7438351000)
(-0.6682125000, -0.0085955040, 0.0094096410, 0.7438613000)
(-0.6682394000, -0.0086295780, 0.0095219440, 0.7438353000)
(-0.6681612000, -0.0085957550, 0.0095357730, 0.7439059000)
(-0.6682931000, -0.0085934710, 0.0094650700, 0.7437882000)
(-0.6682306000, -0.0085930420, 0.0094140050, 0.7438450000)
(-0.6682419000, -0.0085180830, 0.0092453460, 0.7438379000)
(-0.6682115000, -0.0086341890, 0.0093827260, 0.7438621000)
(-0.6683078000, -0.0086391760, 0.0094241670, 0.7437750000)
(-0.6683270000, -0.0085568640, 0.0093533070, 0.7437596000)
(-0.6682940000, -0.0085130750, 0.0094139780, 0.7437890000)
(-0.6683851000, -0.0086244940, 0.0094175860, 0.7437058000)
(-0.6682552000, -0.0085989400, 0.0093462760, 0.7438237000)
(-0.6681568000, -0.0086470250, 0.0096220520, 0.7439080000)
(-0.6681191000, -0.0085782270, 0.0094066350, 0.7439454000)
(-0.6681051000, -0.0084646730, 0.0093246440, 0.7439603000)
(-0.6682615000, -0.0086361320, 0.0093667810, 0.7438173000)
(-0.6683113000, -0.0085029210, 0.0093781040, 0.7437740000)
(-0.6683660000, -0.0086077900, 0.0094223260, 0.7437232000)
(-0.6681959000, -0.0085880590, 0.0093291710, 0.7438774000)
(-0.6682352000, -0.0085350740, 0.0093469040, 0.7438424000)
(-0.6681957000, -0.0084634400, 0.0094014110, 0.7438781000)
(-0.6682799000, -0.0085433330, 0.0095144170, 0.7438000000)
(-0.6682969000, -0.0086293150, 0.0095201940, 0.7437838000)
(-0.6683157000, -0.0084406310, 0.0095454260, 0.7437687000)
(-0.6682355000, -0.0083645830, 0.0095089270, 0.7438420000)
(-0.6683246000, -0.0084858670, 0.0093518720, 0.7437626000)
(-0.6683562000, -0.0084934780, 0.0094553000, 0.7437328000)
(-0.6682937000, -0.0085079770, 0.0093118940, 0.7437906000)
(-0.6682385000, -0.0085619830, 0.0093341470, 0.7438393000)
(-0.6683413000, -0.0084772540, 0.0093289460, 0.7437481000)
(-0.6683058000, -0.0085355960, 0.0094699110, 0.7437775000)
(-0.6684547000, -0.0084906080, 0.0093759500, 0.7436454000)
(-0.6683952000, -0.0085838170, 0.0094459760, 0.7436968000)
(-0.6683155000, -0.0086374120, 0.0093979430, 0.7437685000)
(-0.6682598000, -0.0085022560, 0.0094137820, 0.7438199000)
(-0.6682962000, -0.0085848820, 0.0093961380, 0.7437865000)
(-0.6683577000, -0.0084165890, 0.0093600000, 0.7437335000)
(-0.6683268000, -0.0086485920, 0.0095358100, 0.7437565000)
(-0.6684293000, -0.0084558850, 0.0092944120, 0.7436696000)
(-0.6683151000, -0.0086236170, 0.0093380790, 0.7437698000)
(-0.6683025000, -0.0085943230, 0.0093133850, 0.7437817000)
(-0.6683863000, -0.0085620750, 0.0094087010, 0.7437056000)
(-0.6684045000, -0.0086138780, 0.0093314660, 0.7436896000)
(-0.6683772000, -0.0085496710, 0.0095477760, 0.7437121000)
(-0.6683912000, -0.0084921760, 0.0093968340, 0.7437021000)
(-0.6682619000, -0.0085460130, 0.0093831160, 0.7438179000)
(-0.6683564000, -0.0086141490, 0.0094449040, 0.7437314000)
(-0.6682857000, -0.0086436990, 0.0093739820, 0.7437955000)
(-0.6684275000, -0.0085824140, 0.0093280090, 0.7436693000)
(-0.6682730000, -0.0086302540, 0.0092953080, 0.7438080000)
(-0.6684250000, -0.0086220990, 0.0095026230, 0.7436689000)
(-0.6684700000, -0.0086319310, 0.0093494780, 0.7436302000)
(-0.6683779000, -0.0085793130, 0.0093583290, 0.7437135000)
(-0.6683769000, -0.0085478670, 0.0093385210, 0.7437150000)
(-0.6683800000, -0.0087294620, 0.0094110670, 0.7437093000)
(-0.6684042000, -0.0085894200, 0.0093316040, 0.7436902000)
(-0.6684484000, -0.0085568670, 0.0093336420, 0.7436507000)
(-0.6683209000, -0.0085995770, 0.0094556810, 0.7437633000)
(-0.6684161000, -0.0087583320, 0.0095837450, 0.7436742000)
(-0.6683880000, -0.0085860430, 0.0094802040, 0.7437028000)
(-0.6684373000, -0.0084434530, 0.0092946660, 0.7436625000)
(-0.6684712000, -0.0086150580, 0.0092649250, 0.7436304000)
(-0.6683562000, -0.0085283050, 0.0092985460, 0.7437344000)
(-0.6683839000, -0.0086093810, 0.0092812910, 0.7437088000)
(-0.6683761000, -0.0085723270, 0.0093197860, 0.7437157000)
(-0.6684722000, -0.0086248250, 0.0094180390, 0.7436275000)
(-0.6683196000, -0.0085604120, 0.0093899790, 0.7437658000)
(-0.6684750000, -0.0086811610, 0.0093612810, 0.7436250000)
(-0.6682922000, -0.0086479810, 0.0094069890, 0.7437891000)
(-0.6683822000, -0.0085878950, 0.0092511400, 0.7437109000)
(-0.6685255000, -0.0085551410, 0.0093443130, 0.7435814000)
(-0.6684362000, -0.0086554770, 0.0093120900, 0.7436609000)
(-0.6684808000, -0.0087784660, 0.0094818570, 0.7436171000)
(-0.6683680000, -0.0086251670, 0.0094556850, 0.7437207000)
(-0.6684272000, -0.0085505310, 0.0093928550, 0.7436692000)
(-0.6684472000, -0.0085700950, 0.0093956850, 0.7436509000)
(-0.6684810000, -0.0086066690, 0.0094732920, 0.7436191000)
(-0.6683664000, -0.0086142680, 0.0093175400, 0.7437239000)
(-0.6684007000, -0.0085166190, 0.0093239120, 0.7436942000)
(-0.6684839000, -0.0085687650, 0.0093429370, 0.7436186000)
(-0.6684535000, -0.0085944910, 0.0093095180, 0.7436460000)
(-0.6685953000, -0.0085273780, 0.0093831760, 0.7435184000)
(-0.6685682000, -0.0085779600, 0.0092691270, 0.7435437000)
(-0.6685498000, -0.0085770970, 0.0093451120, 0.7435592000)
(-0.6684182000, -0.0086029710, 0.0094498060, 0.7436759000)
(-0.6683990000, -0.0085970680, 0.0093675000, 0.7436942000)
(-0.6685008000, -0.0085118020, 0.0092536440, 0.7436052000)
(-0.6684709000, -0.0085603070, 0.0095140530, 0.7436282000)
(-0.6684372000, -0.0085308380, 0.0091985210, 0.7436628000)
(-0.6684315000, -0.0086198780, 0.0093092860, 0.7436655000)
(-0.6684628000, -0.0084695130, 0.0093270360, 0.7436389000)
(-0.6684499000, -0.0087299020, 0.0094780720, 0.7436456000)
(-0.6683950000, -0.0086110610, 0.0093194880, 0.7436982000)
(-0.6685162000, -0.0086450740, 0.0094158240, 0.7435878000)
(-0.6685407000, -0.0084392540, 0.0093095200, 0.7435695000)
(-0.6684012000, -0.0085629140, 0.0093004470, 0.7436935000)
(-0.6684848000, -0.0085748350, 0.0094470360, 0.7436163000)
(-0.6685566000, -0.0084951610, 0.0092542280, 0.7435552000)
(-0.6685929000, -0.0083742400, 0.0093937290, 0.7435222000)
(-0.6684112000, -0.0084545900, 0.0093525960, 0.7436851000)
(-0.6684622000, -0.0084168710, 0.0093357850, 0.7436399000)
(-0.6685495000, -0.0085267770, 0.0094786720, 0.7435583000)
(-0.6683956000, -0.0084131760, 0.0094250040, 0.7436987000)
(-0.6683304000, -0.0083935780, 0.0095244800, 0.7437562000)
(-0.6684732000, -0.0083820870, 0.0092177380, 0.7436318000)
(-0.6684160000, -0.0084006970, 0.0094298680, 0.7436804000)
(-0.6684646000, -0.0083688120, 0.0095480420, 0.7436356000)
(-0.6685116000, -0.0083991610, 0.0093284530, 0.7435958000)
(-0.6684573000, -0.0085253990, 0.0093956230, 0.7436423000)
(-0.6684581000, -0.0083845380, 0.0092937970, 0.7436445000)
(-0.6686146000, -0.0084163960, 0.0094088740, 0.7435021000)
(-0.6685106000, -0.0084241540, 0.0095273530, 0.7435939000)
(-0.6684441000, -0.0084221910, 0.0094255300, 0.7436550000)
(-0.6683922000, -0.0084941150, 0.0093956140, 0.7437012000)
(-0.6684293000, -0.0083737850, 0.0095197700, 0.7436677000)
(-0.6684349000, -0.0083530150, 0.0094700650, 0.7436634000)
(-0.6684684000, -0.0083949910, 0.0094077590, 0.7436337000)
(-0.6685633000, -0.0084250910, 0.0094146610, 0.7435479000)
(-0.6684455000, -0.0084057460, 0.0095407530, 0.7436525000)
(-0.6684812000, -0.0084573040, 0.0095096720, 0.7436202000)
(-0.6684765000, -0.0083996780, 0.0093181500, 0.7436275000)
(-0.6686085000, -0.0083781810, 0.0093776230, 0.7435082000)
(-0.6686785000, -0.0085724460, 0.0094019030, 0.7434429000)
(-0.6685891000, -0.0084443790, 0.0093412370, 0.7435254000)
(-0.6684980000, -0.0085019240, 0.0094549420, 0.7436052000)
(-0.6684692000, -0.0084276520, 0.0094949620, 0.7436315000)
(-0.6684974000, -0.0085021970, 0.0094255890, 0.7436062000)
(-0.6684796000, -0.0084680780, 0.0093800740, 0.7436232000)
(-0.6686255000, -0.0085581490, 0.0095093950, 0.7434893000)
(-0.6684837000, -0.0083276670, 0.0094753680, 0.7436199000)
(-0.6684318000, -0.0084483180, 0.0093612290, 0.7436665000)
(-0.6685329000, -0.0085578240, 0.0094295210, 0.7435735000)
(-0.6684905000, -0.0084332360, 0.0094055730, 0.7436134000)
(-0.6685467000, -0.0085247330, 0.0093821370, 0.7435621000)
(-0.6684758000, -0.0085360860, 0.0093840150, 0.7436258000)
(-0.6685141000, -0.0085625530, 0.0094430980, 0.7435902000)
(-0.6686230000, -0.0087001160, 0.0094699620, 0.7434904000)
(-0.6686309000, -0.0085264800, 0.0092291120, 0.7434883000)
(-0.6686071000, -0.0086402180, 0.0094458610, 0.7435057000)
(-0.6684843000, -0.0085740830, 0.0093140370, 0.7436184000)
(-0.6685300000, -0.0085204730, 0.0092905380, 0.7435784000)
(-0.6684146000, -0.0085502590, 0.0093332300, 0.7436813000)
(-0.6685436000, -0.0085770790, 0.0094866140, 0.7435630000)
(-0.6684845000, -0.0084815420, 0.0093579480, 0.7436189000)
(-0.6684682000, -0.0085373670, 0.0093693140, 0.7436327000)
(-0.6685439000, -0.0084322020, 0.0093221390, 0.7435665000)
(-0.6685387000, -0.0083911500, 0.0093353210, 0.7435714000)
(-0.6684254000, -0.0084559970, 0.0093035240, 0.7436730000)
(-0.6684510000, -0.0084418040, 0.0095618710, 0.7436469000)
(-0.6684206000, -0.0085278110, 0.0094496240, 0.7436746000)
(-0.6684794000, -0.0084385990, 0.0094604130, 0.7436227000)
(-0.6685445000, -0.0085663370, 0.0093658260, 0.7435638000)
(-0.6683468000, -0.0083514910, 0.0095084380, 0.7437422000)
(-0.6683927000, -0.0083743610, 0.0095161270, 0.7437006000)
(-0.6683888000, -0.0083781990, 0.0094245700, 0.7437052000)
(-0.6685421000, -0.0084369210, 0.0095748000, 0.7435648000)
(-0.6684886000, -0.0084191410, 0.0095694380, 0.7436132000)
(-0.6682971000, -0.0083462000, 0.0095427300, 0.7437865000)
(-0.6684769000, -0.0083684390, 0.0095477790, 0.7436245000)
(-0.6683802000, -0.0083320480, 0.0096461300, 0.7437106000)
(-0.6684006000, -0.0082734340, 0.0096069260, 0.7436934000)
(-0.6684912000, -0.0082215370, 0.0094764120, 0.7436142000)
(-0.6685035000, -0.0083471520, 0.0093773040, 0.7436030000)
(-0.6681988000, -0.0082746150, 0.0092789990, 0.7438788000)
(-0.6683969000, -0.0083009010, 0.0092852610, 0.7437005000)
(-0.6684919000, -0.0083112970, 0.0093803460, 0.7436139000)
(-0.6683971000, -0.0083077260, 0.0094414840, 0.7436984000)
(-0.6683828000, -0.0083821830, 0.0093596570, 0.7437114000)
(-0.6683080000, -0.0083508540, 0.0095009140, 0.7437772000)
(-0.6682581000, -0.0083920600, 0.0093674770, 0.7438232000)
(-0.6684349000, -0.0084721780, 0.0094355920, 0.7436627000)
(-0.6684553000, -0.0083243670, 0.0094449290, 0.7436458000)
(-0.6685508000, -0.0083793020, 0.0094637820, 0.7435591000)
(-0.6684250000, -0.0084220650, 0.0094223070, 0.7436722000)
(-0.6684020000, -0.0083821740, 0.0094922830, 0.7436925000)
(-0.6684675000, -0.0083350930, 0.0094477200, 0.7436347000)
(-0.6685421000, -0.0085083270, 0.0094876360, 0.7435652000)
(-0.6685460000, -0.0083505900, 0.0094154160, 0.7435643000)
(-0.6684798000, -0.0085323280, 0.0093442890, 0.7436227000)
(-0.6684980000, -0.0083528560, 0.0095467980, 0.7436058000)
(-0.6685402000, -0.0083514100, 0.0094492340, 0.7435691000)
(-0.6683912000, -0.0084044100, 0.0094464270, 0.7437025000)
(-0.6684718000, -0.0082152550, 0.0093196840, 0.7436338000)
(-0.6684832000, -0.0083299350, 0.0094226770, 0.7436210000)
(-0.6685852000, -0.0082884360, 0.0094472880, 0.7435293000)
(-0.6684005000, -0.0082938440, 0.0095421760, 0.7436941000)
(-0.6685235000, -0.0083527120, 0.0093813800, 0.7435850000)
(-0.6685404000, -0.0082877010, 0.0094416770, 0.7435697000)
(-0.6684914000, -0.0083677410, 0.0094760940, 0.7436124000)
(-0.6684699000, -0.0084024130, 0.0093826730, 0.7436325000)
(-0.6684412000, -0.0080868860, 0.0094396970, 0.7436612000)
(-0.6685329000, -0.0083044520, 0.0094682960, 0.7435760000)
(-0.6683623000, -0.0082245300, 0.0094809320, 0.7437301000)
(-0.6686080000, -0.0082508210, 0.0095184880, 0.7435085000)
(-0.6684519000, -0.0081689310, 0.0094808740, 0.7436501000)
(-0.6685470000, -0.0082517610, 0.0094335410, 0.7435644000)
(-0.6684920000, -0.0082125430, 0.0095411550, 0.7436128000)
(-0.6685119000, -0.0081549890, 0.0094145490, 0.7435973000)
(-0.6684315000, -0.0081888650, 0.0094102770, 0.7436691000)
(-0.6684709000, -0.0082916190, 0.0097162000, 0.7436287000)
(-0.6684721000, -0.0082363850, 0.0095566020, 0.7436302000)
(-0.6684213000, -0.0082798520, 0.0095431690, 0.7436756000)
(-0.6683894000, -0.0083192930, 0.0094517550, 0.7437050000)
(-0.6683200000, -0.0082132620, 0.0094437110, 0.7437686000)
(-0.6684356000, -0.0082221670, 0.0094904760, 0.7436640000)
(-0.6683921000, -0.0082721540, 0.0095325450, 0.7437021000)
(-0.6683797000, -0.0082308990, 0.0095212270, 0.7437138000)
(-0.6683823000, -0.0083027030, 0.0095370600, 0.7437104000)
(-0.6683905000, -0.0081292130, 0.0095494550, 0.7437050000)
(-0.6685145000, -0.0082029780, 0.0095145100, 0.7435930000)
(-0.6685566000, -0.0082841080, 0.0094931620, 0.7435545000)
(-0.6685327000, -0.0082456840, 0.0092741900, 0.7435793000)
(-0.6685342000, -0.0082635830, 0.0092562340, 0.7435779000)
(-0.6684551000, -0.0082626850, 0.0093860550, 0.7436474000)
(-0.6684604000, -0.0083592930, 0.0093367930, 0.7436422000)
(-0.6684467000, -0.0083422550, 0.0094381720, 0.7436534000)
(-0.6685337000, -0.0083289590, 0.0094500130, 0.7435752000)
(-0.6684453000, -0.0083183920, 0.0094250270, 0.7436551000)
(-0.6683487000, -0.0081998260, 0.0094576200, 0.7437428000)
(-0.6683682000, -0.0083240290, 0.0094060060, 0.7437246000)
(-0.6684411000, -0.0083993360, 0.0092460350, 0.7436603000)
(-0.6684982000, -0.0081517160, 0.0094402280, 0.7436091000)
(-0.6685441000, -0.0083644690, 0.0094039780, 0.7435660000)
(-0.6685594000, -0.0082945530, 0.0094281360, 0.7435527000)
(-0.6684609000, -0.0082500160, 0.0093867360, 0.7436423000)
(-0.6684166000, -0.0081737190, 0.0092980570, 0.7436841000)
(-0.6685507000, -0.0082712990, 0.0094246050, 0.7435609000)
(-0.6684926000, -0.0082312810, 0.0094150990, 0.7436137000)
(-0.6683028000, -0.0081735230, 0.0094684210, 0.7437841000)
(-0.6682695000, -0.0082517650, 0.0093536880, 0.7438148000)
(-0.6683467000, -0.0081104930, 0.0095668800, 0.7437442000)
(-0.6683594000, -0.0082502640, 0.0094063930, 0.7437333000)
(-0.6684061000, -0.0081589430, 0.0093149800, 0.7436935000)
(-0.6683862000, -0.0081879080, 0.0095484950, 0.7437081000)
(-0.6684780000, -0.0080194730, 0.0094085210, 0.7436292000)
(-0.6684440000, -0.0081428150, 0.0094439770, 0.7436579000)
(-0.6684442000, -0.0082460760, 0.0093519600, 0.7436579000)
(-0.6683944000, -0.0082835160, 0.0094434360, 0.7437010000)
(-0.6684251000, -0.0082991510, 0.0094593880, 0.7436730000)
(-0.6684744000, -0.0081449510, 0.0094042630, 0.7436310000)
(-0.6684598000, -0.0082315500, 0.0095123610, 0.7436419000)
(-0.6684480000, -0.0081894570, 0.0094818620, 0.7436534000)
(-0.6684127000, -0.0082161310, 0.0094803960, 0.7436848000)
(-0.6683398000, -0.0083485040, 0.0094630700, 0.7437490000)
(-0.6683947000, -0.0082767390, 0.0094595250, 0.7437005000)
(-0.6684319000, -0.0082056300, 0.0093173720, 0.7436697000)
(-0.6685287000, -0.0082877240, 0.0093409210, 0.7435815000)
(-0.6683565000, -0.0082841490, 0.0094319000, 0.7437352000)
(-0.6683899000, -0.0082373630, 0.0093464190, 0.7437068000)
(-0.6682432000, -0.0083604390, 0.0094165020, 0.7438363000)
(-0.6683901000, -0.0082222200, 0.0093743760, 0.7437065000)
(-0.6684342000, -0.0082493030, 0.0093027020, 0.7436674000)
(-0.6683955000, -0.0081454080, 0.0092476380, 0.7437040000)
(-0.6684009000, -0.0083490860, 0.0091383490, 0.7436982000)
(-0.6684077000, -0.0083559530, 0.0094230320, 0.7436885000)
(-0.6684632000, -0.0082726600, 0.0093510240, 0.7436405000)
(-0.6683714000, -0.0084425130, 0.0093342380, 0.7437212000)
(-0.6683982000, -0.0083658250, 0.0093701840, 0.7436976000)
(-0.6684722000, -0.0082238920, 0.0094297130, 0.7436320000)
(-0.6685016000, -0.0084524900, 0.0094268700, 0.7436029000)
(-0.6686217000, -0.0084113340, 0.0094116810, 0.7434956000)
(-0.6684872000, -0.0083609170, 0.0095039030, 0.7436159000)
(-0.6685335000, -0.0083104160, 0.0094503810, 0.7435756000)
(-0.6683646000, -0.0082200190, 0.0094246650, 0.7437287000)
(-0.6683788000, -0.0083407170, 0.0095540790, 0.7437130000)
(-0.6684897000, -0.0083662360, 0.0093259430, 0.7436159000)
(-0.6683772000, -0.0082835760, 0.0092935120, 0.7437184000)
(-0.6684757000, -0.0083134860, 0.0093088410, 0.7436293000)
(-0.6684471000, -0.0082621880, 0.0092346120, 0.7436565000)
(-0.6684264000, -0.0083312220, 0.0093366200, 0.7436730000)
(-0.6685023000, -0.0084582430, 0.0092833100, 0.7436041000)
(-0.6684294000, -0.0082819820, 0.0091227280, 0.7436735000)
(-0.6684690000, -0.0084299560, 0.0092794910, 0.7436344000)
(-0.6684240000, -0.0082942110, 0.0093650400, 0.7436753000)
(-0.6683165000, -0.0083114560, 0.0093093050, 0.7437723000)
(-0.6684497000, -0.0083517270, 0.0093288010, 0.7436519000)
(-0.6685528000, -0.0083598670, 0.0093445990, 0.7435591000)
(-0.6684400000, -0.0084483630, 0.0092224340, 0.7436609000)
(-0.6683592000, -0.0084968490, 0.0092968090, 0.7437321000)
(-0.6684731000, -0.0083007480, 0.0093005230, 0.7436319000)
(-0.6685406000, -0.0085800820, 0.0094226640, 0.7435665000)
(-0.6684169000, -0.0084389810, 0.0092335570, 0.7436817000)
(-0.6684608000, -0.0085050720, 0.0092095610, 0.7436417000)
(-0.6684627000, -0.0084165750, 0.0093019330, 0.7436399000)
(-0.6684656000, -0.0084485880, 0.0092041450, 0.7436381000)
(-0.6685277000, -0.0083445220, 0.0093060710, 0.7435822000)
(-0.6684497000, -0.0083519430, 0.0093337160, 0.7436519000)
(-0.6683981000, -0.0083161260, 0.0092959190, 0.7436991000)
(-0.6684384000, -0.0081700650, 0.0093235840, 0.7436642000)
(-0.6683792000, -0.0083077880, 0.0093787980, 0.7437152000)
(-0.6684250000, -0.0081878790, 0.0093226600, 0.7436761000)
(-0.6683697000, -0.0083139870, 0.0092400870, 0.7437255000)
(-0.6683945000, -0.0082758800, 0.0092686670, 0.7437032000)
(-0.6683520000, -0.0083182570, 0.0092780950, 0.7437409000)
(-0.6684114000, -0.0084287620, 0.0090941450, 0.7436884000)
(-0.6685172000, -0.0083245130, 0.0092976640, 0.7435920000)
(-0.6684126000, -0.0084020050, 0.0091597530, 0.7436869000)
(-0.6684700000, -0.0082584810, 0.0092196590, 0.7436362000)
(-0.6683790000, -0.0084051390, 0.0092301020, 0.7437161000)
(-0.6684871000, -0.0082131270, 0.0092870200, 0.7436205000)
(-0.6686030000, -0.0082846300, 0.0092164370, 0.7435163000)
(-0.6684193000, -0.0082357280, 0.0091740960, 0.7436825000)
(-0.6683086000, -0.0082597210, 0.0091528670, 0.7437820000)
(-0.6682663000, -0.0084182350, 0.0091564040, 0.7438182000)
(-0.6683843000, -0.0083278950, 0.0091673760, 0.7437130000)
(-0.6684715000, -0.0082951120, 0.0091790520, 0.7436349000)
(-0.6684794000, -0.0082557080, 0.0093121630, 0.7436265000)
(-0.6683772000, -0.0083805250, 0.0090362950, 0.7437205000)
(-0.6683276000, -0.0082470840, 0.0092093320, 0.7437645000)
(-0.6683215000, -0.0083069430, 0.0092662460, 0.7437685000)
(-0.6685686000, -0.0083986090, 0.0092012300, 0.7435462000)
(-0.6685315000, -0.0084311740, 0.0091624870, 0.7435796000)
(-0.6684921000, -0.0084035420, 0.0092779240, 0.7436139000)
(-0.6684884000, -0.0086123590, 0.0091722720, 0.7436161000)
(-0.6684828000, -0.0083162820, 0.0092338110, 0.7436238000)
(-0.6685790000, -0.0085789150, 0.0091458570, 0.7435353000)
(-0.6684973000, -0.0084161660, 0.0092267610, 0.7436097000)
(-0.6685455000, -0.0083396870, 0.0092602520, 0.7435669000)
(-0.6685174000, -0.0083855210, 0.0091906540, 0.7435924000)
(-0.6683487000, -0.0084387460, 0.0092163210, 0.7437432000)
(-0.6684783000, -0.0083503340, 0.0090242890, 0.7436301000)
(-0.6685343000, -0.0083255300, 0.0093895710, 0.7435754000)
(-0.6685395000, -0.0084492980, 0.0092762390, 0.7435707000)
(-0.6684145000, -0.0083354040, 0.0091989080, 0.7436854000)
(-0.6682997000, -0.0083189630, 0.0092604490, 0.7437879000)
(-0.6685050000, -0.0083351450, 0.0091135210, 0.7436052000)
(-0.6685232000, -0.0084204970, 0.0092090280, 0.7435866000)
(-0.6685184000, -0.0083583060, 0.0092304390, 0.7435914000)
(-0.6685276000, -0.0083136430, 0.0091653910, 0.7435844000)
(-0.6686136000, -0.0083987730, 0.0091975680, 0.7435057000)
(-0.6684821000, -0.0083696800, 0.0092034410, 0.7436243000)
(-0.6685363000, -0.0081613480, 0.0092805380, 0.7435768000)
(-0.6684704000, -0.0083714550, 0.0091709770, 0.7436351000)
(-0.6684872000, -0.0083119590, 0.0091079020, 0.7436215000)
(-0.6685202000, -0.0082689510, 0.0091989890, 0.7435912000)
(-0.6684537000, -0.0083871950, 0.0092064570, 0.7436495000)
(-0.6684529000, -0.0082795410, 0.0091179860, 0.7436525000)
(-0.6684529000, -0.0081998740, 0.0092259710, 0.7436522000)
(-0.6683726000, -0.0082179900, 0.0090234530, 0.7437266000)
(-0.6684766000, -0.0082422190, 0.0092341720, 0.7436303000)
(-0.6684917000, -0.0081750550, 0.0092248050, 0.7436175000)
(-0.6685647000, -0.0081337960, 0.0092634310, 0.7435519000)
(-0.6684786000, -0.0081932700, 0.0092771540, 0.7436284000)
(-0.6685503000, -0.0082206320, 0.0092757080, 0.7435636000)
(-0.6685334000, -0.0083492400, 0.0091701220, 0.7435787000)
(-0.6685305000, -0.0082432330, 0.0093017890, 0.7435809000)
(-0.6683418000, -0.0081624290, 0.0090277360, 0.7437549000)
(-0.6684745000, -0.0082622510, 0.0092945510, 0.7436311000)
(-0.6685250000, -0.0083892610, 0.0091328700, 0.7435863000)
(-0.6684651000, -0.0082046020, 0.0093170620, 0.7436399000)
(-0.6684895000, -0.0082701120, 0.0091698370, 0.7436191000)
(-0.6683582000, -0.0083331480, 0.0091018820, 0.7437372000)
(-0.6685260000, -0.0083010700, 0.0091359480, 0.7435864000)
(-0.6684704000, -0.0083219740, 0.0090970410, 0.7436365000)
(-0.6684070000, -0.0083082860, 0.0091426750, 0.7436931000)
(-0.6685932000, -0.0083076770, 0.0091342500, 0.7435259000)
(-0.6685235000, -0.0082894360, 0.0091934690, 0.7435880000)
(-0.6684425000, -0.0081743780, 0.0092473330, 0.7436614000)
(-0.6684502000, -0.0082127540, 0.0092588320, 0.7436540000)
(-0.6684439000, -0.0083299580, 0.0091171950, 0.7436602000)
(-0.6684617000, -0.0083050090, 0.0090989920, 0.7436445000)
(-0.6685207000, -0.0082814540, 0.0091046410, 0.7435917000)
(-0.6684287000, -0.0081392290, 0.0091140150, 0.7436758000)
(-0.6684281000, -0.0081913070, 0.0090404810, 0.7436767000)
(-0.6685185000, -0.0083062110, 0.0090014560, 0.7435947000)
(-0.6683850000, -0.0082770610, 0.0091344680, 0.7437133000)
(-0.6684779000, -0.0082108780, 0.0089653910, 0.7436327000)
(-0.6684183000, -0.0083422840, 0.0090996310, 0.7436832000)
(-0.6683961000, -0.0082261310, 0.0090449130, 0.7437052000)
(-0.6685417000, -0.0082458390, 0.0090547880, 0.7435738000)
(-0.6684960000, -0.0082843540, 0.0091562470, 0.7436132000)
(-0.6684754000, -0.0083181870, 0.0091337520, 0.7436317000)
(-0.6685544000, -0.0082391220, 0.0090701020, 0.7435624000)
(-0.6685259000, -0.0081847480, 0.0090981590, 0.7435882000)
(-0.6685354000, -0.0082440420, 0.0090072730, 0.7435801000)
(-0.6683893000, -0.0082077590, 0.0089659210, 0.7437124000)
(-0.6686230000, -0.0082298590, 0.0090556480, 0.7435009000)
(-0.6684401000, -0.0082346960, 0.0090119820, 0.7436659000)
(-0.6684750000, -0.0082480800, 0.0090410930, 0.7436340000)
(-0.6685081000, -0.0081755750, 0.0089712670, 0.7436058000)
(-0.6685504000, -0.0082431830, 0.0088541880, 0.7435685000)
(-0.6684792000, -0.0083304650, 0.0089778950, 0.7436300000)
(-0.6684310000, -0.0082223220, 0.0089900150, 0.7436745000)
(-0.6685164000, -0.0082891840, 0.0089226850, 0.7435977000)
(-0.6684383000, -0.0081560090, 0.0089959860, 0.7436686000)
(-0.6685699000, -0.0081562250, 0.0089951540, 0.7435502000)
(-0.6685408000, -0.0082843880, 0.0090968190, 0.7435737000)
(-0.6684674000, -0.0082726370, 0.0089687490, 0.7436414000)
(-0.6683856000, -0.0082613210, 0.0090994490, 0.7437134000)
(-0.6684352000, -0.0081328780, 0.0090619990, 0.7436708000)
(-0.6685268000, -0.0082583650, 0.0089799730, 0.7435880000)
(-0.6686028000, -0.0081319240, 0.0091019070, 0.7435196000)
(-0.6684725000, -0.0081582430, 0.0090468810, 0.7436371000)
(-0.6684091000, -0.0082948130, 0.0090823480, 0.7436921000)
(-0.6685581000, -0.0083219890, 0.0091529200, 0.7435570000)
(-0.6684801000, -0.0082298210, 0.0092039520, 0.7436275000)
(-0.6684497000, -0.0082721740, 0.0091481250, 0.7436551000)
(-0.6684831000, -0.0083053210, 0.0092014150, 0.7436240000)
(-0.6685191000, -0.0083426760, 0.0092494280, 0.7435907000)
(-0.6685189000, -0.0083439480, 0.0091579580, 0.7435920000)
(-0.6685578000, -0.0082902710, 0.0090851400, 0.7435585000)
(-0.6685073000, -0.0084096190, 0.0091653390, 0.7436015000)
(-0.6684550000, -0.0083658120, 0.0091435140, 0.7436494000)
(-0.6684344000, -0.0084004590, 0.0091206390, 0.7436677000)
(-0.6684352000, -0.0083681690, 0.0090597370, 0.7436682000)
(-0.6684456000, -0.0083039330, 0.0090522670, 0.7436597000)
(-0.6684368000, -0.0083990770, 0.0091388270, 0.7436655000)
(-0.6683333000, -0.0083541680, 0.0090508400, 0.7437600000)
(-0.6683320000, -0.0082653030, 0.0089645410, 0.7437632000)
(-0.6683335000, -0.0085226240, 0.0091641360, 0.7437566000)
(-0.6684906000, -0.0083011260, 0.0091527140, 0.7436179000)
(-0.6685526000, -0.0083919960, 0.0091317170, 0.7435614000)
(-0.6685038000, -0.0083229710, 0.0091264020, 0.7436062000)
(-0.6683002000, -0.0082478610, 0.0089761000, 0.7437918000)
(-0.6684048000, -0.0083147670, 0.0091291010, 0.7436952000)
(-0.6684207000, -0.0084094370, 0.0092434360, 0.7436785000)
(-0.6683305000, -0.0082731040, 0.0091014430, 0.7437629000)
(-0.6683847000, -0.0082481210, 0.0091660800, 0.7437136000)
(-0.6683700000, -0.0082260350, 0.0091848970, 0.7437268000)
(-0.6683857000, -0.0082624540, 0.0091914530, 0.7437121000)
(-0.6683635000, -0.0083943160, 0.0091678400, 0.7437311000)
(-0.6683511000, -0.0083178040, 0.0090760470, 0.7437441000)
(-0.6685272000, -0.0083070590, 0.0091411830, 0.7435852000)
(-0.6683285000, -0.0084016330, 0.0092100630, 0.7437619000)
(-0.6684538000, -0.0083465130, 0.0091787610, 0.7436502000)
(-0.6684216000, -0.0084820020, 0.0092487370, 0.7436767000)
(-0.6684954000, -0.0082416180, 0.0092689390, 0.7436128000)
(-0.6683583000, -0.0083885710, 0.0092304600, 0.7437349000)
(-0.6684481000, -0.0083870160, 0.0092414650, 0.7436541000)
(-0.6684399000, -0.0082769410, 0.0092182130, 0.7436630000)
(-0.6683409000, -0.0083079650, 0.0091538850, 0.7437524000)
(-0.6683977000, -0.0082367900, 0.0091261360, 0.7437025000)
(-0.6683735000, -0.0083385750, 0.0091983630, 0.7437223000)
(-0.6683167000, -0.0082617350, 0.0091481150, 0.7437747000)
(-0.6683378000, -0.0083374490, 0.0091366180, 0.7437551000)
(-0.6684278000, -0.0082335000, 0.0090996120, 0.7436758000)
(-0.6684530000, -0.0083603060, 0.0092252350, 0.7436501000)
(-0.6683613000, -0.0083795500, 0.0091998230, 0.7437327000)
(-0.6684377000, -0.0082483310, 0.0091918490, 0.7436656000)
(-0.6684927000, -0.0083898550, 0.0092128920, 0.7436144000)
(-0.6684150000, -0.0081748580, 0.0091398160, 0.7436875000)
(-0.6684355000, -0.0081762030, 0.0090729160, 0.7436699000)
(-0.6683837000, -0.0081600100, 0.0090897460, 0.7437164000)
(-0.6684309000, -0.0082675100, 0.0090545570, 0.7436732000)
(-0.6683281000, -0.0082223560, 0.0089699420, 0.7437671000)
(-0.6684558000, -0.0082122910, 0.0090917120, 0.7436510000)
(-0.6683375000, -0.0081402710, 0.0090614000, 0.7437584000)
(-0.6683550000, -0.0082223890, 0.0091603990, 0.7437406000)
(-0.6684437000, -0.0081278680, 0.0090693380, 0.7436631000)
(-0.6682618000, -0.0081306780, 0.0090211770, 0.7438271000)
(-0.6683015000, -0.0082714820, 0.0090456640, 0.7437896000)
(-0.6682770000, -0.0081570550, 0.0091005180, 0.7438121000)
(-0.6682370000, -0.0081073600, 0.0091497550, 0.7438481000)
(-0.6681758000, -0.0081392330, 0.0092119550, 0.7439019000)
(-0.6683567000, -0.0081111610, 0.0092162230, 0.7437396000)
(-0.6682615000, -0.0082766700, 0.0092673520, 0.7438228000)
(-0.6683104000, -0.0081961950, 0.0091889850, 0.7437807000)
(-0.6682724000, -0.0081912400, 0.0090015750, 0.7438171000)
(-0.6682923000, -0.0082986800, 0.0091171700, 0.7437966000)
(-0.6683315000, -0.0080949240, 0.0091631860, 0.7437631000)
(-0.6682514000, -0.0082830860, 0.0091717380, 0.7438329000)
(-0.6683250000, -0.0081123180, 0.0092349100, 0.7437679000)
(-0.6683055000, -0.0080746950, 0.0090376640, 0.7437882000)
(-0.6683044000, -0.0081462370, 0.0091239470, 0.7437875000)
(-0.6682400000, -0.0080964510, 0.0090809840, 0.7438464000)
(-0.6684241000, -0.0081578880, 0.0091366920, 0.7436795000)
(-0.6683613000, -0.0082058610, 0.0090118580, 0.7437369000)
(-0.6682668000, -0.0082792550, 0.0091887730, 0.7438189000)
(-0.6683912000, -0.0082000070, 0.0091404930, 0.7437087000)
(-0.6682675000, -0.0081222430, 0.0091823670, 0.7438201000)
(-0.6682777000, -0.0081651790, 0.0090835490, 0.7438117000)
(-0.6684807000, -0.0082398390, 0.0091066070, 0.7436281000)
(-0.6684705000, -0.0082681670, 0.0092924860, 0.7436346000)
(-0.6683913000, -0.0082779120, 0.0092149970, 0.7437068000)
(-0.6685479000, -0.0081948060, 0.0091409610, 0.7435678000)
(-0.6683565000, -0.0081959620, 0.0090697550, 0.7437407000)
(-0.6684876000, -0.0082683350, 0.0090990230, 0.7436217000)
(-0.6685458000, -0.0082458030, 0.0090959930, 0.7435696000)
(-0.6685405000, -0.0081367800, 0.0090791450, 0.7435758000)
(-0.6684940000, -0.0081758630, 0.0091028190, 0.7436169000)
(-0.6685429000, -0.0082303140, 0.0091544750, 0.7435718000)
(-0.6684986000, -0.0082189450, 0.0089864020, 0.7436138000)
(-0.6685798000, -0.0081251610, 0.0091399180, 0.7435399000)
(-0.6686144000, -0.0082755950, 0.0092897150, 0.7435052000)
(-0.6685414000, -0.0080556310, 0.0091165990, 0.7435755000)
(-0.6684659000, -0.0081792520, 0.0092478820, 0.7436404000)
(-0.6684896000, -0.0083005590, 0.0092366220, 0.7436178000)
(-0.6685299000, -0.0081430020, 0.0092696690, 0.7435829000)
(-0.6687092000, -0.0081785020, 0.0093303520, 0.7434205000)
(-0.6685651000, -0.0081389460, 0.0093682740, 0.7435501000)
(-0.6684745000, -0.0080626220, 0.0092761110, 0.7436336000)
(-0.6683964000, -0.0081092350, 0.0091632070, 0.7437046000)
(-0.6683980000, -0.0081484280, 0.0092843720, 0.7437012000)
(-0.6684754000, -0.0080421290, 0.0092891960, 0.7436327000)
(-0.6684614000, -0.0081880610, 0.0093021610, 0.7436437000)
(-0.6685528000, -0.0081120000, 0.0092898880, 0.7435625000)
(-0.6686014000, -0.0080662510, 0.0091447960, 0.7435210000)
(-0.6687306000, -0.0080858780, 0.0092875730, 0.7434029000)
(-0.6685858000, -0.0082071560, 0.0094388550, 0.7435299000)
(-0.6686049000, -0.0081520830, 0.0093481410, 0.7435144000)
(-0.6686518000, -0.0080825510, 0.0092308580, 0.7434744000)
(-0.6685458000, -0.0081038880, 0.0092582480, 0.7435691000)
(-0.6686003000, -0.0081253140, 0.0092901590, 0.7435195000)
(-0.6687628000, -0.0080583480, 0.0093194040, 0.7433738000)
(-0.6686618000, -0.0081154700, 0.0092019130, 0.7434654000)
(-0.6687079000, -0.0081113700, 0.0093215570, 0.7434225000)
(-0.6686581000, -0.0082053370, 0.0093137430, 0.7434664000)
(-0.6686510000, -0.0081382720, 0.0091485270, 0.7434755000)
(-0.6685823000, -0.0082818840, 0.0093167680, 0.7435337000)
(-0.6686047000, -0.0082417880, 0.0093324010, 0.7435139000)
(-0.6685455000, -0.0082418010, 0.0094477990, 0.7435656000)
(-0.6686246000, -0.0082679640, 0.0094238660, 0.7434945000)
(-0.6686300000, -0.0083154100, 0.0094238450, 0.7434891000)
(-0.6686336000, -0.0083085470, 0.0094384480, 0.7434857000)
(-0.6687437000, -0.0081882680, 0.0094582940, 0.7433878000)
(-0.6686488000, -0.0081854020, 0.0092806140, 0.7434754000)
(-0.6687912000, -0.0084156100, 0.0093391700, 0.7433440000)
(-0.6686749000, -0.0083954340, 0.0092037760, 0.7434505000)
(-0.6686640000, -0.0084128810, 0.0094260760, 0.7434573000)
(-0.6687017000, -0.0082719630, 0.0094923350, 0.7434242000)
(-0.6686763000, -0.0082320320, 0.0093874270, 0.7434488000)
(-0.6687009000, -0.0082221350, 0.0094106180, 0.7434264000)
(-0.6686462000, -0.0081415140, 0.0093789660, 0.7434770000)
(-0.6686739000, -0.0083755900, 0.0093739070, 0.7434496000)
(-0.6686689000, -0.0082509390, 0.0092964420, 0.7434565000)
(-0.6686037000, -0.0082650820, 0.0094111050, 0.7435135000)
(-0.6686209000, -0.0082571220, 0.0091680280, 0.7435011000)
(-0.6686316000, -0.0082089660, 0.0093727110, 0.7434894000)
(-0.6685989000, -0.0082336190, 0.0091511270, 0.7435213000)
(-0.6686229000, -0.0081349410, 0.0093508980, 0.7434984000)
(-0.6685768000, -0.0082379490, 0.0091979740, 0.7435406000)
(-0.6685407000, -0.0082225960, 0.0092093650, 0.7435731000)
(-0.6686199000, -0.0081706330, 0.0093032080, 0.7435013000)
(-0.6685646000, -0.0082663130, 0.0092005150, 0.7435512000)
(-0.6685120000, -0.0081235670, 0.0092155680, 0.7436000000)
(-0.6685988000, -0.0082889310, 0.0092290590, 0.7435198000)
(-0.6685413000, -0.0082545790, 0.0092841860, 0.7435712000)
(-0.6686398000, -0.0082909140, 0.0091767730, 0.7434837000)
(-0.6686544000, -0.0081594840, 0.0091586400, 0.7434722000)
(-0.6686288000, -0.0081646270, 0.0091224120, 0.7434956000)
(-0.6686400000, -0.0082417870, 0.0091746320, 0.7434841000)
(-0.6686891000, -0.0080958590, 0.0090317720, 0.7434432000)
(-0.6687094000, -0.0083512650, 0.0091142360, 0.7434211000)
(-0.6686378000, -0.0081436930, 0.0091133490, 0.7434878000)
(-0.6685677000, -0.0082566170, 0.0091729720, 0.7435489000)
(-0.6686578000, -0.0084017520, 0.0091372410, 0.7434667000)
(-0.6686438000, -0.0083154490, 0.0090907430, 0.7434809000)
(-0.6686262000, -0.0083870400, 0.0091297420, 0.7434953000)
(-0.6688186000, -0.0082943120, 0.0092043000, 0.7433224000)
(-0.6686386000, -0.0083492000, 0.0091220200, 0.7434847000)
(-0.6685187000, -0.0083109070, 0.0090827100, 0.7435935000)
(-0.6685758000, -0.0082353330, 0.0090905820, 0.7435429000)
(-0.6686193000, -0.0083514700, 0.0092382300, 0.7435007000)
(-0.6685482000, -0.0083995890, 0.0092093970, 0.7435644000)
(-0.6684689000, -0.0084306590, 0.0092018260, 0.7436354000)
(-0.6685819000, -0.0084335970, 0.0091663940, 0.7435342000)
(-0.6686367000, -0.0082220050, 0.0091594740, 0.7434874000)
(-0.6686666000, -0.0082280550, 0.0091954680, 0.7434600000)
(-0.6684559000, -0.0082821520, 0.0092036030, 0.7436487000)
(-0.6685410000, -0.0081421750, 0.0092133320, 0.7435738000)
(-0.6685633000, -0.0083406860, 0.0092312390, 0.7435513000)
(-0.6686627000, -0.0082385620, 0.0091713630, 0.7434638000)
(-0.6685826000, -0.0081884030, 0.0092179980, 0.7435357000)
(-0.6684948000, -0.0082445340, 0.0092957740, 0.7436131000)
(-0.6684640000, -0.0082864080, 0.0090077820, 0.7436438000)
(-0.6685043000, -0.0082674130, 0.0091463240, 0.7436061000)
(-0.6684447000, -0.0083303860, 0.0090794390, 0.7436599000)
(-0.6686237000, -0.0083443100, 0.0091810670, 0.7434975000)
(-0.6686130000, -0.0082279860, 0.0090262340, 0.7435102000)
(-0.6685386000, -0.0081869700, 0.0090525480, 0.7435773000)
(-0.6684497000, -0.0081040750, 0.0090981630, 0.7436575000)
(-0.6684282000, -0.0082061780, 0.0091371090, 0.7436754000)
(-0.6686016000, -0.0082031710, 0.0089734190, 0.7435214000)
(-0.6685942000, -0.0081852020, 0.0090727560, 0.7435271000)
(-0.6685840000, -0.0082446080, 0.0090634790, 0.7435356000)
(-0.6683352000, -0.0083288720, 0.0091213220, 0.7437577000)
(-0.6684278000, -0.0083003960, 0.0091010550, 0.7436751000)
(-0.6685498000, -0.0083421170, 0.0089223340, 0.7435671000)
(-0.6686429000, -0.0081864970, 0.0090648490, 0.7434833000)
(-0.6685476000, -0.0081796660, 0.0089550380, 0.7435704000)
(-0.6686060000, -0.0082532340, 0.0091125420, 0.7435153000)
(-0.6684832000, -0.0082305510, 0.0089498350, 0.7436278000)
(-0.6685923000, -0.0083904700, 0.0090828390, 0.7435264000)
(-0.6687050000, -0.0084865700, 0.0089447010, 0.7434255000)
(-0.6686159000, -0.0082874460, 0.0091364500, 0.7435057000)
(-0.6684884000, -0.0082631780, 0.0090413580, 0.7436217000)
(-0.6684165000, -0.0083920660, 0.0090458700, 0.7436848000)
(-0.6684106000, -0.0083741780, 0.0090711240, 0.7436901000)
(-0.6686280000, -0.0083103490, 0.0090088740, 0.7434961000)
(-0.6685953000, -0.0082630520, 0.0091132150, 0.7435247000)
(-0.6686368000, -0.0083491760, 0.0091142380, 0.7434864000)
(-0.6685006000, -0.0083835020, 0.0090271240, 0.7436095000)
(-0.6685008000, -0.0083107450, 0.0091850600, 0.7436082000)
(-0.6686319000, -0.0083067770, 0.0090025960, 0.7434927000)
(-0.6686007000, -0.0084022270, 0.0090426400, 0.7435191000)
(-0.6684523000, -0.0082803230, 0.0091484530, 0.7436528000)
(-0.6684097000, -0.0082691380, 0.0090979340, 0.7436917000)
(-0.6685158000, -0.0083311870, 0.0090077590, 0.7435968000)
(-0.6684825000, -0.0083597490, 0.0090028530, 0.7436264000)
(-0.6684910000, -0.0083967740, 0.0090505900, 0.7436178000)
(-0.6684427000, -0.0083506400, 0.0089048000, 0.7436635000)
(-0.6684185000, -0.0084075590, 0.0090327060, 0.7436830000)
(-0.6685829000, -0.0084503110, 0.0089995130, 0.7435352000)
(-0.6685286000, -0.0082569330, 0.0088743470, 0.7435877000)
(-0.6685084000, -0.0082641730, 0.0089523400, 0.7436048000)
(-0.6683839000, -0.0084363960, 0.0090451380, 0.7437137000)
(-0.6684976000, -0.0083175330, 0.0089399570, 0.7436140000)
(-0.6685566000, -0.0083051990, 0.0091319900, 0.7435589000)
(-0.6685755000, -0.0083842090, 0.0090525850, 0.7435419000)
(-0.6685149000, -0.0084134970, 0.0089963940, 0.7435968000)
(-0.6685444000, -0.0084637070, 0.0091345670, 0.7435680000)
(-0.6684486000, -0.0086394800, 0.0089881430, 0.7436539000)
(-0.6685793000, -0.0085902800, 0.0090583670, 0.7435361000)
(-0.6684979000, -0.0084807720, 0.0089205280, 0.7436122000)
(-0.6685219000, -0.0084425350, 0.0089775660, 0.7435904000)
(-0.6684428000, -0.0083999350, 0.0088755740, 0.7436632000)
(-0.6684671000, -0.0084708070, 0.0090068590, 0.7436389000)
(-0.6684682000, -0.0084268350, 0.0088840010, 0.7436399000)
(-0.6685895000, -0.0085182170, 0.0089744780, 0.7435287000)
(-0.6683829000, -0.0084435520, 0.0089905150, 0.7437152000)
(-0.6684666000, -0.0083263600, 0.0088212340, 0.7436433000)
(-0.6684777000, -0.0084421200, 0.0090541320, 0.7436293000)
(-0.6685765000, -0.0084049440, 0.0089501640, 0.7435421000)
(-0.6686193000, -0.0085413760, 0.0091613600, 0.7434995000)
(-0.6685824000, -0.0085122120, 0.0088946540, 0.7435362000)
(-0.6686251000, -0.0085674220, 0.0088824610, 0.7434973000)
(-0.6684748000, -0.0084447210, 0.0088344560, 0.7436344000)
(-0.6684532000, -0.0084857890, 0.0089534980, 0.7436519000)
(-0.6685681000, -0.0083797980, 0.0089338070, 0.7435501000)
(-0.6685069000, -0.0084648000, 0.0090770930, 0.7436024000)
(-0.6685644000, -0.0083472770, 0.0089552290, 0.7435536000)
(-0.6685074000, -0.0084163180, 0.0089109960, 0.7436045000)
(-0.6684943000, -0.0085449440, 0.0089977310, 0.7436137000)
(-0.6685356000, -0.0084703400, 0.0089427600, 0.7435781000)
(-0.6685954000, -0.0083991060, 0.0091030890, 0.7435232000)
(-0.6685479000, -0.0085207730, 0.0089457410, 0.7435666000)
(-0.6685430000, -0.0085255570, 0.0090330700, 0.7435699000)
(-0.6684481000, -0.0085770400, 0.0090511270, 0.7436543000)
(-0.6684725000, -0.0084612430, 0.0089684250, 0.7436347000)
(-0.6686218000, -0.0085155150, 0.0090317260, 0.7434991000)
(-0.6686254000, -0.0084396790, 0.0091094450, 0.7434958000)
(-0.6685429000, -0.0083382920, 0.0091340090, 0.7435707000)
(-0.6685584000, -0.0086177680, 0.0091625050, 0.7435533000)
(-0.6684543000, -0.0084349510, 0.0090636900, 0.7436501000)
(-0.6684190000, -0.0085224750, 0.0091626400, 0.7436797000)
(-0.6684535000, -0.0086423000, 0.0092159240, 0.7436467000)
(-0.6684677000, -0.0086700290, 0.0092155360, 0.7436336000)
(-0.6684262000, -0.0085531810, 0.0092819220, 0.7436714000)
(-0.6684690000, -0.0084961490, 0.0092705260, 0.7436337000)
(-0.6684523000, -0.0084732310, 0.0092911710, 0.7436488000)
(-0.6684932000, -0.0084703560, 0.0091921960, 0.7436133000)
(-0.6683852000, -0.0083707860, 0.0093188580, 0.7437099000)
(-0.6684681000, -0.0085233600, 0.0091979220, 0.7436351000)
(-0.6685728000, -0.0084918920, 0.0092188340, 0.7435411000)
(-0.6683339000, -0.0085058290, 0.0092226080, 0.7437556000)
(-0.6685376000, -0.0083699410, 0.0091554760, 0.7435750000)
(-0.6685127000, -0.0084588210, 0.0091572610, 0.7435963000)
(-0.6683713000, -0.0084820910, 0.0092108550, 0.7437225000)
(-0.6686298000, -0.0085370080, 0.0092452710, 0.7434890000)
(-0.6685095000, -0.0083504930, 0.0092741360, 0.7435990000)
(-0.6684808000, -0.0082139420, 0.0094083700, 0.7436246000)
(-0.6684203000, -0.0082852080, 0.0092542690, 0.7436802000)
(-0.6684796000, -0.0084120930, 0.0092548340, 0.7436253000)
(-0.6685845000, -0.0083570610, 0.0092227110, 0.7435321000)
(-0.6685488000, -0.0083545610, 0.0092029620, 0.7435645000)
(-0.6685076000, -0.0083601070, 0.0092026870, 0.7436014000)
(-0.6685498000, -0.0082370760, 0.0092349490, 0.7435645000)
(-0.6685171000, -0.0084573790, 0.0092959570, 0.7435907000)
(-0.6684549000, -0.0083545800, 0.0093031930, 0.7436476000)
(-0.6685135000, -0.0084832470, 0.0093349890, 0.7435930000)
(-0.6685077000, -0.0084287850, 0.0091991240, 0.7436005000)
(-0.6685575000, -0.0082799590, 0.0091581470, 0.7435580000)
(-0.6685607000, -0.0083565340, 0.0093423280, 0.7435519000)
(-0.6685337000, -0.0083878660, 0.0092600220, 0.7435768000)
(-0.6687003000, -0.0084142260, 0.0093695850, 0.7434254000)
(-0.6685994000, -0.0084929540, 0.0092054720, 0.7435173000)
(-0.6686972000, -0.0084146890, 0.0093528990, 0.7434285000)
(-0.6687025000, -0.0084337630, 0.0093937200, 0.7434229000)
(-0.6687058000, -0.0083881940, 0.0093806720, 0.7434206000)
(-0.6686169000, -0.0082657720, 0.0091167700, 0.7435052000)
(-0.6684726000, -0.0082562100, 0.0091861100, 0.7436343000)
(-0.6683932000, -0.0082394650, 0.0093406840, 0.7437038000)
(-0.6685190000, -0.0082974590, 0.0091711310, 0.7435923000)
(-0.6684484000, -0.0085064680, 0.0092935330, 0.7436518000)
(-0.6684402000, -0.0084300280, 0.0092934270, 0.7436601000)
(-0.6685514000, -0.0083299860, 0.0093025460, 0.7435610000)
(-0.6686270000, -0.0083323980, 0.0092903010, 0.7434933000)
(-0.6686769000, -0.0084079230, 0.0092651640, 0.7434479000)
(-0.6686895000, -0.0085015730, 0.0092262570, 0.7434359000)
(-0.6686593000, -0.0084023910, 0.0092848780, 0.7434635000)
(-0.6685705000, -0.0084261610, 0.0093763960, 0.7435420000)
(-0.6686849000, -0.0084367660, 0.0092777800, 0.7434402000)
(-0.6685775000, -0.0083965650, 0.0093132200, 0.7435368000)
(-0.6684383000, -0.0084058720, 0.0093512880, 0.7436613000)
(-0.6684225000, -0.0084700170, 0.0092894170, 0.7436756000)
(-0.6685113000, -0.0083175010, 0.0092932700, 0.7435974000)
(-0.6684693000, -0.0084375670, 0.0092649510, 0.7436342000)
(-0.6685827000, -0.0084681700, 0.0094303000, 0.7435298000)
(-0.6684169000, -0.0084169770, 0.0093537010, 0.7436805000)
(-0.6684359000, -0.0083794180, 0.0093495820, 0.7436638000)
(-0.6686138000, -0.0083733690, 0.0092848400, 0.7435048000)
(-0.6686203000, -0.0083791060, 0.0093308960, 0.7434982000)
(-0.6685309000, -0.0082758930, 0.0093818490, 0.7435791000)
(-0.6685005000, -0.0083184910, 0.0092695790, 0.7436073000)
(-0.6684659000, -0.0082998150, 0.0092226660, 0.7436393000)
(-0.6685082000, -0.0083686640, 0.0092587550, 0.7436001000)
(-0.6684596000, -0.0081394720, 0.0092731620, 0.7436461000)
(-0.6684177000, -0.0082960360, 0.0093763800, 0.7436808000)
(-0.6683332000, -0.0081737710, 0.0093987140, 0.7437577000)
(-0.6684396000, -0.0083103020, 0.0094583230, 0.7436599000)
(-0.6685047000, -0.0081403680, 0.0093433210, 0.7436047000)
(-0.6684695000, -0.0082379080, 0.0094604020, 0.7436339000)
(-0.6684861000, -0.0082775890, 0.0093572860, 0.7436197000)
(-0.6684985000, -0.0082850470, 0.0093194350, 0.7436090000)
(-0.6685001000, -0.0084772800, 0.0092539350, 0.7436062000)
(-0.6685777000, -0.0082234770, 0.0092628270, 0.7435392000)
(-0.6684740000, -0.0083460170, 0.0093271740, 0.7436302000)
(-0.6685482000, -0.0083376590, 0.0092712170, 0.7435643000)
(-0.6684899000, -0.0083470160, 0.0094104640, 0.7436149000)
(-0.6685396000, -0.0082446500, 0.0092689980, 0.7435731000)
(-0.6685073000, -0.0081942750, 0.0092909400, 0.7436024000)
(-0.6685780000, -0.0083277830, 0.0092232900, 0.7435381000)
(-0.6683824000, -0.0081528800, 0.0093118270, 0.7437149000)
(-0.6684639000, -0.0081465680, 0.0092302790, 0.7436427000)
(-0.6683929000, -0.0084095920, 0.0093356450, 0.7437023000)
(-0.6685167000, -0.0081716120, 0.0091878000, 0.7435955000)
(-0.6685081000, -0.0083318700, 0.0092849540, 0.7436002000)
(-0.6685866000, -0.0082736190, 0.0092332220, 0.7435309000)
(-0.6684614000, -0.0083727960, 0.0091455180, 0.7436435000)
(-0.6684294000, -0.0082711840, 0.0090697090, 0.7436743000)
(-0.6685094000, -0.0082156260, 0.0092356880, 0.7436011000)
(-0.6685305000, -0.0082008530, 0.0092623230, 0.7435819000)
(-0.6685061000, -0.0083754710, 0.0092037310, 0.7436026000)
(-0.6685685000, -0.0083351960, 0.0091790650, 0.7435473000)
(-0.6685393000, -0.0083587860, 0.0091211310, 0.7435740000)
(-0.6684750000, -0.0083985780, 0.0091371380, 0.7436310000)
(-0.6684986000, -0.0083871500, 0.0089856800, 0.7436119000)
(-0.6684396000, -0.0083556130, 0.0090172990, 0.7436649000)
(-0.6685483000, -0.0082444190, 0.0092011830, 0.7435661000)
(-0.6686109000, -0.0084265020, 0.0091468950, 0.7435085000)
(-0.6684852000, -0.0082437950, 0.0091981270, 0.7436229000)
(-0.6683887000, -0.0083304810, 0.0091597070, 0.7437091000)
(-0.6684238000, -0.0083075330, 0.0090184390, 0.7436796000)
(-0.6684688000, -0.0082811890, 0.0090646820, 0.7436389000)
(-0.6684784000, -0.0082457510, 0.0091916200, 0.7436291000)
(-0.6686248000, -0.0082467490, 0.0092130420, 0.7434972000)
(-0.6685090000, -0.0083873190, 0.0091092670, 0.7436010000)
(-0.6684197000, -0.0082602920, 0.0092421250, 0.7436810000)
(-0.6683515000, -0.0082611600, 0.0092516550, 0.7437423000)
(-0.6684549000, -0.0082536220, 0.0091333970, 0.7436509000)
(-0.6683541000, -0.0083427680, 0.0090809330, 0.7437411000)
(-0.6684559000, -0.0084718540, 0.0090079790, 0.7436491000)
(-0.6683480000, -0.0082343890, 0.0091273130, 0.7437472000)
(-0.6683903000, -0.0083957530, 0.0091592660, 0.7437069000)
(-0.6685144000, -0.0084226450, 0.0091309890, 0.7435955000)
(-0.6685106000, -0.0083258760, 0.0091577220, 0.7435997000)
(-0.6684834000, -0.0083952170, 0.0090489960, 0.7436246000)
(-0.6684345000, -0.0083314000, 0.0091298490, 0.7436683000)
(-0.6683691000, -0.0084151490, 0.0090506320, 0.7437271000)
(-0.6684189000, -0.0083422010, 0.0090308440, 0.7436835000)
(-0.6684831000, -0.0083720280, 0.0091321560, 0.7436242000)
(-0.6685186000, -0.0083689990, 0.0091472560, 0.7435921000)
(-0.6684626000, -0.0083088970, 0.0090815070, 0.7436439000)
(-0.6682853000, -0.0082505020, 0.0090732970, 0.7438040000)
(-0.6684336000, -0.0082928280, 0.0091277210, 0.7436696000)
(-0.6684101000, -0.0083504480, 0.0091098630, 0.7436903000)
(-0.6684750000, -0.0082646250, 0.0092109860, 0.7436317000)
(-0.6684331000, -0.0083590460, 0.0090926230, 0.7436697000)
(-0.6683441000, -0.0082624690, 0.0091610140, 0.7437500000)
(-0.6685060000, -0.0084199340, 0.0091888030, 0.7436023000)
(-0.6684659000, -0.0082779550, 0.0090391820, 0.7436418000)
(-0.6685084000, -0.0082302620, 0.0090866660, 0.7436036000)
(-0.6685765000, -0.0083186650, 0.0091193800, 0.7435409000)
(-0.6686000000, -0.0082067090, 0.0089544480, 0.7435231000)
(-0.6684994000, -0.0083294860, 0.0091025160, 0.7436104000)
(-0.6685285000, -0.0083224750, 0.0090496100, 0.7435850000)
(-0.6685121000, -0.0083237700, 0.0089948780, 0.7436002000)
(-0.6685122000, -0.0083835660, 0.0089902350, 0.7435997000)
(-0.6685256000, -0.0084797190, 0.0091939790, 0.7435840000)
(-0.6683108000, -0.0082985110, 0.0092138970, 0.7437789000)
(-0.6684287000, -0.0084416640, 0.0090581110, 0.7436732000)
(-0.6683997000, -0.0083774920, 0.0090176710, 0.7437004000)
(-0.6683117000, -0.0082521020, 0.0091498190, 0.7437793000)
(-0.6684622000, -0.0083885050, 0.0090848540, 0.7436433000)
(-0.6684376000, -0.0084600580, 0.0090582530, 0.7436649000)
(-0.6684730000, -0.0084506290, 0.0091603040, 0.7436320000)
(-0.6684819000, -0.0084437020, 0.0092216870, 0.7436233000)
(-0.6683726000, -0.0085399960, 0.0091768070, 0.7437210000)
(-0.6683246000, -0.0082276500, 0.0091697240, 0.7437677000)
(-0.6682475000, -0.0083726700, 0.0091051500, 0.7438362000)
(-0.6683956000, -0.0082789340, 0.0091369390, 0.7437037000)
(-0.6684373000, -0.0083628190, 0.0092075310, 0.7436646000)
(-0.6683795000, -0.0083529250, 0.0093010610, 0.7437153000)
(-0.6683866000, -0.0083234630, 0.0092809250, 0.7437096000)
(-0.6684613000, -0.0082829240, 0.0092956520, 0.7436428000)
(-0.6685982000, -0.0083392250, 0.0091247400, 0.7435212000)
(-0.6685643000, -0.0082573540, 0.0091217480, 0.7435526000)
(-0.6685485000, -0.0082809970, 0.0092454660, 0.7435650000)
(-0.6685680000, -0.0082882250, 0.0092605380, 0.7435472000)
(-0.6685894000, -0.0083540290, 0.0092577330, 0.7435272000)
(-0.6684845000, -0.0083120140, 0.0092538740, 0.7436221000)
(-0.6685669000, -0.0082934900, 0.0092881420, 0.7435477000)
(-0.6684534000, -0.0082749750, 0.0091911150, 0.7436512000)
(-0.6685507000, -0.0084340250, 0.0092961450, 0.7435607000)
(-0.6685051000, -0.0082811250, 0.0091556480, 0.7436051000)
(-0.6685315000, -0.0083003290, 0.0091978940, 0.7435807000)
(-0.6685709000, -0.0083142440, 0.0092652100, 0.7435442000)
(-0.6685908000, -0.0082934550, 0.0091791110, 0.7435277000)
(-0.6685533000, -0.0082607990, 0.0092262690, 0.7435611000)
(-0.6685069000, -0.0082225470, 0.0089540580, 0.7436066000)
(-0.6684818000, -0.0082875870, 0.0091687930, 0.7436258000)
(-0.6685288000, -0.0083740580, 0.0090319380, 0.7435843000)
(-0.6684909000, -0.0083641350, 0.0090200990, 0.7436185000)
(-0.6685177000, -0.0084377880, 0.0090132020, 0.7435938000)
(-0.6685622000, -0.0082881870, 0.0089627700, 0.7435560000)
(-0.6685377000, -0.0084232270, 0.0091390470, 0.7435744000)
(-0.6686198000, -0.0083401330, 0.0091659660, 0.7435012000)
(-0.6686316000, -0.0083874350, 0.0090884930, 0.7434910000)
(-0.6685556000, -0.0082636590, 0.0090637270, 0.7435610000)
(-0.6685535000, -0.0083816000, 0.0090822070, 0.7435614000)
(-0.6684669000, -0.0082957150, 0.0090718040, 0.7436403000)
(-0.6685478000, -0.0083810200, 0.0090013680, 0.7435675000)
(-0.6685441000, -0.0083681220, 0.0090903150, 0.7435699000)
(-0.6685048000, -0.0083120380, 0.0090747590, 0.7436060000)
(-0.6685021000, -0.0084546310, 0.0089893220, 0.7436079000)
(-0.6684859000, -0.0083779390, 0.0091241310, 0.7436217000)
(-0.6685392000, -0.0083987960, 0.0090711640, 0.7435743000)
(-0.6684481000, -0.0083804580, 0.0090772510, 0.7436562000)
(-0.6684264000, -0.0084467150, 0.0091025810, 0.7436746000)
(-0.6685057000, -0.0085057280, 0.0090037410, 0.7436039000)
(-0.6684431000, -0.0084889390, 0.0090008980, 0.7436604000)
(-0.6684040000, -0.0083539430, 0.0089984330, 0.7436972000)
(-0.6683811000, -0.0085133930, 0.0090570790, 0.7437152000)
(-0.6684079000, -0.0085577010, 0.0089995060, 0.7436913000)
(-0.6683518000, -0.0084675240, 0.0090121930, 0.7437425000)
(-0.6686131000, -0.0084642120, 0.0090581430, 0.7435071000)
(-0.6685163000, -0.0084208050, 0.0091702470, 0.7435933000)
(-0.6685144000, -0.0084793110, 0.0090216190, 0.7435961000)
(-0.6683919000, -0.0083816100, 0.0089651500, 0.7437081000)
(-0.6683894000, -0.0083521600, 0.0089982000, 0.7437102000)
(-0.6685243000, -0.0084632610, 0.0089194630, 0.7435887000)
(-0.6685701000, -0.0085314790, 0.0090247840, 0.7435455000)
(-0.6683329000, -0.0084228270, 0.0089788840, 0.7437605000)
(-0.6683701000, -0.0086327600, 0.0091093740, 0.7437231000)
(-0.6684405000, -0.0085841530, 0.0090348480, 0.7436612000)
(-0.6684206000, -0.0085131590, 0.0091921570, 0.7436781000)
(-0.6684912000, -0.0084996200, 0.0092047120, 0.7436146000)
(-0.6685045000, -0.0084520350, 0.0091094970, 0.7436043000)
(-0.6683480000, -0.0084470660, 0.0090622190, 0.7437456000)
(-0.6683846000, -0.0085120620, 0.0090641100, 0.7437119000)
(-0.6684973000, -0.0085270400, 0.0091145950, 0.7436099000)
(-0.6684967000, -0.0085455020, 0.0091316020, 0.7436100000)
(-0.6684621000, -0.0085144920, 0.0091470060, 0.7436413000)
(-0.6683769000, -0.0084229560, 0.0092835200, 0.7437172000)
(-0.6683869000, -0.0083734590, 0.0092288490, 0.7437094000)
(-0.6684359000, -0.0083895220, 0.0090813170, 0.7436670000)
(-0.6684638000, -0.0084151190, 0.0091433170, 0.7436409000)
(-0.6683924000, -0.0084297910, 0.0091758330, 0.7437046000)
(-0.6684541000, -0.0083983440, 0.0091416660, 0.7436498000)
(-0.6681893000, -0.0083925590, 0.0090765370, 0.7438886000)
(-0.6684269000, -0.0085376890, 0.0091041950, 0.7436731000)
(-0.6684739000, -0.0084144810, 0.0091511780, 0.7436317000)
(-0.6684753000, -0.0082878170, 0.0090424820, 0.7436332000)
(-0.6683875000, -0.0083595030, 0.0090554650, 0.7437112000)
(-0.6685732000, -0.0082817450, 0.0090053300, 0.7435457000)
(-0.6685321000, -0.0084092540, 0.0090581770, 0.7435805000)
(-0.6684561000, -0.0084904500, 0.0090769770, 0.7436478000)
(-0.6685238000, -0.0084523250, 0.0091236410, 0.7435867000)
(-0.6683021000, -0.0084737350, 0.0091089760, 0.7437860000)
(-0.6684929000, -0.0084663900, 0.0089541790, 0.7436165000)
(-0.6685359000, -0.0084722290, 0.0090118800, 0.7435771000)
(-0.6684307000, -0.0085587420, 0.0089936380, 0.7436709000)
(-0.6684618000, -0.0083633470, 0.0090758390, 0.7436441000)
(-0.6685430000, -0.0084955390, 0.0090405610, 0.7435700000)
(-0.6684344000, -0.0085803070, 0.0089581380, 0.7436677000)
(-0.6685495000, -0.0085162550, 0.0092767810, 0.7435610000)
(-0.6686108000, -0.0084104710, 0.0091179610, 0.7435091000)
(-0.6684462000, -0.0087134000, 0.0089877320, 0.7436551000)
(-0.6684759000, -0.0086631870, 0.0091176090, 0.7436275000)
(-0.6685124000, -0.0085586230, 0.0091220300, 0.7435958000)
(-0.6685556000, -0.0085819300, 0.0089874310, 0.7435583000)
(-0.6685172000, -0.0085528960, 0.0090204750, 0.7435929000)
(-0.6683627000, -0.0084939080, 0.0090144230, 0.7437324000)
(-0.6683821000, -0.0087276590, 0.0089549260, 0.7437130000)
(-0.6683249000, -0.0087264080, 0.0090694990, 0.7437631000)
(-0.6684189000, -0.0086179330, 0.0091456050, 0.7436789000)
(-0.6684754000, -0.0085607910, 0.0091656640, 0.7436284000)
(-0.6685221000, -0.0086512820, 0.0090291730, 0.7435872000)
(-0.6685040000, -0.0086171610, 0.0091680580, 0.7436022000)
(-0.6684043000, -0.0086901170, 0.0091444400, 0.7436911000)
(-0.6685258000, -0.0086721950, 0.0090171580, 0.7435837000)
(-0.6685756000, -0.0086286500, 0.0089711490, 0.7435400000)
(-0.6685886000, -0.0086935160, 0.0092123230, 0.7435247000)
(-0.6685537000, -0.0088711200, 0.0092323340, 0.7435536000)
(-0.6685260000, -0.0086272780, 0.0090316430, 0.7435839000)
(-0.6685805000, -0.0087145290, 0.0093016060, 0.7435306000)
(-0.6685820000, -0.0087890350, 0.0090980320, 0.7435309000)
(-0.6685395000, -0.0087190590, 0.0091369790, 0.7435694000)
(-0.6685925000, -0.0086997980, 0.0092091340, 0.7435212000)
(-0.6684890000, -0.0088004320, 0.0091823730, 0.7436132000)
(-0.6685048000, -0.0088313100, 0.0092716410, 0.7435976000)
(-0.6686454000, -0.0085739650, 0.0092039010, 0.7434751000)
(-0.6685152000, -0.0086065840, 0.0092809790, 0.7435908000)
(-0.6684228000, -0.0086521570, 0.0092156050, 0.7436742000)
(-0.6684752000, -0.0086717950, 0.0092519490, 0.7436264000)
(-0.6685567000, -0.0085793050, 0.0092211570, 0.7435545000)
(-0.6686789000, -0.0087566530, 0.0091388530, 0.7434436000)
(-0.6686443000, -0.0087457060, 0.0091505450, 0.7434747000)
(-0.6684921000, -0.0087739190, 0.0090972360, 0.7436119000)
(-0.6685792000, -0.0087229020, 0.0091912440, 0.7435330000)
(-0.6685585000, -0.0087658330, 0.0092367080, 0.7435505000)
(-0.6685536000, -0.0087984510, 0.0093676760, 0.7435529000)
(-0.6684768000, -0.0086542150, 0.0093841950, 0.7436236000)
(-0.6684987000, -0.0086461590, 0.0093975600, 0.7436037000)
(-0.6684456000, -0.0086658520, 0.0093752930, 0.7436514000)
(-0.6685733000, -0.0086672180, 0.0093806980, 0.7435366000)
(-0.6685373000, -0.0087560940, 0.0093893560, 0.7435678000)
(-0.6685728000, -0.0086085090, 0.0092722400, 0.7435391000)
(-0.6685455000, -0.0085619900, 0.0092285680, 0.7435647000)
(-0.6685739000, -0.0087644530, 0.0093110740, 0.7435358000)
(-0.6685799000, -0.0086692640, 0.0092099900, 0.7435328000)
(-0.6685376000, -0.0086182600, 0.0092993870, 0.7435703000)
(-0.6683426000, -0.0087217580, 0.0092223270, 0.7437453000)
(-0.6683404000, -0.0087312110, 0.0092368040, 0.7437469000)
(-0.6683269000, -0.0085988960, 0.0093029440, 0.7437599000)
(-0.6683912000, -0.0085568870, 0.0092680370, 0.7437031000)
(-0.6684769000, -0.0085769040, 0.0092782010, 0.7436256000)
(-0.6684898000, -0.0086899620, 0.0092859380, 0.7436126000)
(-0.6684782000, -0.0086929810, 0.0093334790, 0.7436224000)
(-0.6684597000, -0.0085622210, 0.0092667090, 0.7436414000)
(-0.6685246000, -0.0087532320, 0.0092441720, 0.7435811000)
(-0.6684420000, -0.0087084890, 0.0091982040, 0.7436565000)
(-0.6686168000, -0.0085924570, 0.0090427820, 0.7435025000)
(-0.6684836000, -0.0087086570, 0.0092081200, 0.7436189000)
(-0.6685538000, -0.0087403880, 0.0092248510, 0.7435552000)
(-0.6685748000, -0.0087770890, 0.0092023670, 0.7435362000)
(-0.6684721000, -0.0088271620, 0.0091238660, 0.7436289000)
(-0.6684835000, -0.0087449990, 0.0089693100, 0.7436215000)
(-0.6686083000, -0.0086830610, 0.0091849990, 0.7435073000)
(-0.6685468000, -0.0087762230, 0.0091162470, 0.7435625000)
(-0.6684827000, -0.0087465300, 0.0093122030, 0.7436180000)
(-0.6684960000, -0.0087664550, 0.0093080620, 0.7436059000)
(-0.6684355000, -0.0086503790, 0.0091519030, 0.7436635000)
(-0.6685214000, -0.0086727400, 0.0092315400, 0.7435851000)
(-0.6684474000, -0.0086541640, 0.0091906390, 0.7436522000)
(-0.6685404000, -0.0086716020, 0.0091683200, 0.7435688000)
(-0.6685427000, -0.0086149370, 0.0090688900, 0.7435685000)
(-0.6684697000, -0.0086656250, 0.0091309770, 0.7436329000)
(-0.6685095000, -0.0087059150, 0.0090710170, 0.7435973000)
(-0.6685579000, -0.0086850200, 0.0089733550, 0.7435552000)
