(0.4621726000, -0.8822545000, -0.0894060200)
(0.4413765000, -0.8918560000, -0.0988650500)
(0.4457887000, -0.8904779000, -0.0910565200)
(0.4680519000, -0.8806328000, -0.0733811200)
(0.4752669000, -0.8763954000, -0.0776875700)
(0.4483264000, -0.8889838000, -0.0933065600)
(0.4460453000, -0.8892736000, -0.1010477000)
(0.4439428000, -0.8917884000, -0.0871986100)
(0.4413392000, -0.8930617000, -0.0873546500)
(0.4590136000, -0.8833570000, -0.0947006600)
(0.4514652000, -0.8873626000, -0.0935436100)
(0.4432597000, -0.8908063000, -0.0999012700)
(0.4572594000, -0.8847989000, -0.0895652900)
(0.4294879000, -0.8968359000, -0.1059273000)
(0.3375424000, -0.9364231000, -0.0956788300)
(0.0214793100, -0.9749491000, -0.2213601000)
(0.3370474000, -0.9382317000, -0.0780667800)
(0.3421322000, -0.9357736000, -0.0852118700)
(0.3299595000, -0.9411920000, -0.0725880100)
(0.2540468000, -0.9648261000, -0.0673343200)
(0.2567031000, -0.9635566000, -0.0751130900)
(0.2291567000, -0.9706452000, -0.0729840400)
(0.2877321000, -0.9553789000, -0.0665585200)
(0.2905306000, -0.9550752000, -0.0584048200)
(0.3097653000, -0.9485956000, -0.0648428100)
(0.3180449000, -0.9450266000, -0.0758330200)
(0.3182605000, -0.9449313000, -0.0760927600)
(0.3265102000, -0.9428691000, -0.0660859900)
(0.3378217000, -0.9387950000, -0.0672514600)
(0.3441581000, -0.9358630000, -0.0754791700)
(0.3103735000, -0.9498726000, -0.0374021800)
(0.2748195000, -0.9611376000, -0.0256997900)
(0.2905682000, -0.9566232000, -0.0204655000)
(0.2986758000, -0.9541584000, -0.0191072600)
(0.3047283000, -0.9520512000, -0.0266489800)
(0.3119048000, -0.9496728000, -0.0286635000)
(0.3267728000, -0.9442468000, -0.0399017600)
(0.3290714000, -0.9434188000, -0.0408788200)
(0.3332712000, -0.9417687000, -0.0444197700)
(0.3400615000, -0.9390061000, -0.0510804200)
(0.3353350000, -0.9409057000, -0.0471774000)
(0.2953250000, -0.9532052000, -0.0646153900)
(0.2742526000, -0.9602103000, -0.0525632700)
(0.3001252000, -0.9529092000, -0.0433044000)
(0.3085758000, -0.9499910000, -0.0476554700)
(0.3102543000, -0.9497873000, -0.0403016900)
(0.2999855000, -0.9522115000, -0.0573844200)
(0.3272201000, -0.9436604000, -0.0489685000)
(0.3298485000, -0.9427114000, -0.0495845900)
(0.3414134000, -0.9384062000, -0.0530830300)
(0.3489891000, -0.9350033000, -0.0630114100)
(0.3498853000, -0.9329696000, -0.0844998000)
(0.3408723000, -0.9379494000, -0.0636399900)
(0.2932396000, -0.9547754000, -0.0489823200)
(0.3204647000, -0.9452541000, -0.0614086100)
(0.3102976000, -0.9483170000, -0.0663376300)
(0.3329421000, -0.9408931000, -0.0620315300)
(0.3405447000, -0.9377074000, -0.0686110100)
(0.3500132000, -0.9339401000, -0.0723407000)
(0.3239087000, -0.9428548000, -0.0780883100)
(0.3284584000, -0.9415212000, -0.0750552900)
(0.3555096000, -0.9317117000, -0.0741254500)
(0.3338768000, -0.9400876000, -0.0688217100)
(0.2861142000, -0.9567547000, -0.0522510400)
(0.2903167000, -0.9557883000, -0.0464285900)
(0.3058617000, -0.9508412000, -0.0481781900)
(0.3183641000, -0.9464893000, -0.0527190500)
(0.3254768000, -0.9438490000, -0.0566256800)
(0.3301478000, -0.9424863000, -0.0518315300)
(0.3349822000, -0.9407076000, -0.0531768000)
(0.3373891000, -0.9398857000, -0.0527256900)
(0.3437059000, -0.9374118000, -0.0557178300)
(0.2981694000, -0.9522003000, -0.0663648500)
(0.2701476000, -0.9615294000, -0.0495011400)
(0.2925095000, -0.9544944000, -0.0578278700)
(0.2934131000, -0.9544004000, -0.0548402800)
(0.2867489000, -0.9562826000, -0.0571524900)
(0.2974627000, -0.9522339000, -0.0689494200)
(0.3048192000, -0.9495912000, -0.0729916500)
(0.2951047000, -0.9535983000, -0.0596674600)
(0.2579736000, -0.9656237000, -0.0317190900)
(0.2733932000, -0.9610473000, -0.0404098800)
(0.2797733000, -0.9593104000, -0.0377508100)
(0.2860246000, -0.9572460000, -0.0428303000)
(0.2963573000, -0.9536217000, -0.0525246600)
(0.2993345000, -0.9527464000, -0.0514311800)
(0.2999662000, -0.9527169000, -0.0481552200)
(0.2949750000, -0.9539653000, -0.0540130100)
(0.3003781000, -0.9523883000, -0.0519754100)
(0.3340688000, -0.9402062000, -0.0663746400)
(0.3317751000, -0.9408245000, -0.0689754000)
(0.3490165000, -0.9355081000, -0.0547480500)
(0.3481536000, -0.9354716000, -0.0605642600)
(0.3294701000, -0.9415321000, -0.0702825700)
(0.2957129000, -0.9538537000, -0.0520663400)
(0.2937897000, -0.9549974000, -0.0407336200)
(0.2932028000, -0.9550903000, -0.0425156300)
(0.3042173000, -0.9516315000, -0.0429970000)
(0.3053141000, -0.9510539000, -0.0475449400)
(0.3165867000, -0.9471843000, -0.0508663600)
(0.3418255000, -0.9381865000, -0.0542847600)
(0.3462533000, -0.9365852000, -0.0538635600)
(0.3481059000, -0.9358385000, -0.0547986400)
(0.3474593000, -0.9359035000, -0.0577712300)
(0.3050461000, -0.9492071000, -0.0770811400)
(0.2773781000, -0.9587778000, -0.0616045900)
(0.2929892000, -0.9542027000, -0.0602479700)
(0.2983623000, -0.9518680000, -0.0701151700)
(0.3084643000, -0.9485067000, -0.0718738600)
(0.3116423000, -0.9480832000, -0.0632841100)
(0.3207706000, -0.9438245000, -0.0792864300)
(0.3237773000, -0.9429264000, -0.0776688300)
(0.3374580000, -0.9379150000, -0.0801949200)
(0.3300849000, -0.9409038000, -0.0755877800)
(0.3252501000, -0.9434353000, -0.0642879500)
(0.3019415000, -0.9522809000, -0.0443405100)
(0.3021633000, -0.9513614000, -0.0598466900)
(0.3070116000, -0.9501086000, -0.0548638900)
(0.3178107000, -0.9460747000, -0.0626391300)
(0.3131891000, -0.9476116000, -0.0626031700)
(0.2927248000, -0.9544111000, -0.0583810700)
(0.2639265000, -0.9640092000, -0.0316287900)
(0.2841710000, -0.9570025000, -0.0579381400)
(0.2992741000, -0.9526172000, -0.0541668300)
(0.3066089000, -0.9496816000, -0.0637471200)
(0.2990697000, -0.9526832000, -0.0542677000)
(0.3060628000, -0.9503973000, -0.0553912700)
(0.3350504000, -0.9407045000, -0.0528527900)
(0.3390352000, -0.9391651000, -0.0548045400)
(0.3572709000, -0.9316714000, -0.0657423200)
(0.3527984000, -0.9332721000, -0.0672697100)
(0.3024087000, -0.9524015000, -0.0382290700)
(0.3053187000, -0.9516573000, -0.0331573600)
(0.2970133000, -0.9543082000, -0.0326510900)
(0.2971411000, -0.9535480000, -0.0493468400)
(0.3146233000, -0.9483973000, -0.0393636600)
(0.3171304000, -0.9475905000, -0.0383009100)
(0.2866272000, -0.9551793000, -0.0739869400)
(0.3556576000, -0.9334616000, -0.0463786400)
(0.3609292000, -0.9314644000, -0.0456292000)
(0.3252185000, -0.9442947000, -0.0502335200)
(0.3101521000, -0.9475340000, -0.0772025200)
(0.3265218000, -0.9426299000, -0.0693342000)
(0.3257441000, -0.9419465000, -0.0813618100)
(0.3406366000, -0.9367741000, -0.0800507500)
(0.3601052000, -0.9290945000, -0.0841425500)
(0.3482681000, -0.9340676000, -0.0787210200)
(0.3582553000, -0.9298546000, -0.0837483200)
(0.3295552000, -0.9422844000, -0.0588487400)
(0.2985811000, -0.9533096000, -0.0450000100)
(0.2665744000, -0.9622027000, -0.0555024000)
(0.2748772000, -0.9597026000, -0.0582446900)
(0.2854183000, -0.9564985000, -0.0602734700)
(0.2874784000, -0.9559413000, -0.0591884800)
(0.3042405000, -0.9504693000, -0.0633648200)
(0.3281957000, -0.9421065000, -0.0685301400)
(0.3252763000, -0.9426939000, -0.0742662900)
(0.3266646000, -0.9425301000, -0.0700286900)
(0.3436779000, -0.9356502000, -0.0801131100)
(0.3574572000, -0.9306021000, -0.0787044300)
(0.3593730000, -0.9298897000, -0.0783074800)
(0.3617088000, -0.9276548000, -0.0927339700)
(0.3649202000, -0.9269407000, -0.0870817800)
(0.3711438000, -0.9239110000, -0.0928513700)
(0.3798417000, -0.9190661000, -0.1049418000)
(0.3928304000, -0.9130198000, -0.1097572000)
(0.4091394000, -0.9061698000, -0.1070376000)
(0.4281559000, -0.8977203000, -0.1037545000)
(0.4320692000, -0.8957502000, -0.1045806000)
(0.4348279000, -0.8939350000, -0.1085258000)
(0.3488943000, -0.9298870000, -0.1165073000)
(0.3172963000, -0.9422597000, -0.1070646000)
(0.3185023000, -0.9410003000, -0.1142667000)
(0.3612953000, -0.9273518000, -0.0973612100)
(0.3516974000, -0.9295332000, -0.1107478000)
(0.3510451000, -0.9303027000, -0.1062990000)
(0.3622906000, -0.9246997000, -0.1168676000)
(0.3226318000, -0.9391753000, -0.1176084000)
(0.3491009000, -0.9284614000, -0.1267292000)
(0.3587925000, -0.9239987000, -0.1322329000)
(0.3374556000, -0.9352195000, -0.1070638000)
(0.3370377000, -0.9384761000, -0.0752316400)
(0.3277101000, -0.9407775000, -0.0867613300)
(0.3393787000, -0.9364323000, -0.0888828900)
(0.3543693000, -0.9309314000, -0.0881677200)
(0.3708248000, -0.9242479000, -0.0907186900)
(0.3889725000, -0.9173115000, -0.0849457000)
(0.3965800000, -0.9133093000, -0.0925927300)
(0.3865637000, -0.9144748000, -0.1195753000)
(0.3982950000, -0.9129375000, -0.0887957200)
(0.4175429000, -0.9026507000, -0.1042335000)
(0.4184547000, -0.9032980000, -0.0945362400)
(0.4190167000, -0.9028972000, -0.0958044900)
(0.4161286000, -0.9042069000, -0.0960404200)
(0.4274686000, -0.8977802000, -0.1059986000)
(0.4339151000, -0.8945619000, -0.1070495000)
(0.4344563000, -0.8938775000, -0.1105685000)
(0.4397437000, -0.8913602000, -0.1099262000)
(0.4493514000, -0.8865600000, -0.1099501000)
(0.3793264000, -0.9171734000, -0.1220175000)
(0.3956613000, -0.9107004000, -0.1186200000)
(0.4040506000, -0.9087286000, -0.1046391000)
(0.4199549000, -0.9016634000, -0.1030825000)
(0.4213946000, -0.9006468000, -0.1060539000)
(0.4204895000, -0.9009805000, -0.1067707000)
(0.4218287000, -0.8995367000, -0.1134290000)
(0.4122520000, -0.9033641000, -0.1181753000)
(0.4168140000, -0.9006508000, -0.1227351000)
(0.3981934000, -0.9079269000, -0.1307923000)
(0.4411573000, -0.8861018000, -0.1421079000)
(0.4226130000, -0.8973583000, -0.1269854000)
(0.3920288000, -0.9124421000, -0.1172635000)
(0.3786677000, -0.9179017000, -0.1185210000)
(0.4043340000, -0.9069572000, -0.1180487000)
(0.4117946000, -0.9037795000, -0.1165914000)
(0.4295022000, -0.8943329000, -0.1251934000)
(0.4269195000, -0.8950058000, -0.1291817000)
(0.4411214000, -0.8909541000, -0.1077460000)
(0.4409665000, -0.8904920000, -0.1120484000)
(0.4421545000, -0.8869076000, -0.1336908000)
(0.4490191000, -0.8853043000, -0.1208667000)
(0.4681493000, -0.8745025000, -0.1267468000)
(0.4573554000, -0.8800879000, -0.1275497000)
(0.4660814000, -0.8743417000, -0.1352337000)
(0.4650255000, -0.8745301000, -0.1376277000)
(0.4729735000, -0.8696595000, -0.1413651000)
(0.4055490000, -0.9066440000, -0.1162258000)
(0.3532155000, -0.9313769000, -0.0880806000)
(0.1238272000, -0.9903037000, -0.0627356100)
(0.3460628000, -0.9340346000, -0.0882907100)
(0.3669712000, -0.9268131000, -0.0796010000)
(0.3731764000, -0.9243595000, -0.0792530800)
(0.3845554000, -0.9196708000, -0.0793294000)
(0.3923839000, -0.9166636000, -0.0757255000)
(0.3962926000, -0.9140733000, -0.0860304200)
(0.3831555000, -0.9183922000, -0.0986975500)
(0.3855880000, -0.9172187000, -0.1000858000)
(0.3849942000, -0.9173376000, -0.1012425000)
(0.3957198000, -0.9123973000, -0.1044381000)
(0.3964019000, -0.9121229000, -0.1043268000)
(0.4241115000, -0.8980266000, -0.1168779000)
(0.4241966000, -0.8969696000, -0.1244687000)
(0.4415267000, -0.8891170000, -0.1204955000)
(0.4534469000, -0.8828621000, -0.1221215000)
(0.3877619000, -0.9181768000, -0.0811591700)
(0.3545629000, -0.9317997000, -0.0776137000)
(0.2798816000, -0.9571353000, -0.0744709600)
(0.3309965000, -0.9403200000, -0.0788248200)
(0.3625406000, -0.9294570000, -0.0681188800)
(0.3650454000, -0.9284036000, -0.0691621900)
(0.3838818000, -0.9214614000, -0.0592692600)
(0.3903390000, -0.9185119000, -0.0629390400)
(0.3820114000, -0.9218267000, -0.0655065100)
(0.3701237000, -0.9251223000, -0.0844081600)
(0.3755433000, -0.9226477000, -0.0876701300)
(0.3976055000, -0.9130753000, -0.0904482000)
(0.4138713000, -0.9062183000, -0.0863419500)
(0.4100815000, -0.9083491000, -0.0820578200)
(0.2916490000, -0.9538653000, -0.0711750800)
(0.3503883000, -0.9345623000, -0.0617698600)
(0.3369882000, -0.9396555000, -0.0589278300)
(0.3589144000, -0.9308075000, -0.0689638100)
(0.3550417000, -0.9330038000, -0.0585733100)
(0.3454614000, -0.9365182000, -0.0596862200)
(0.3564140000, -0.9318784000, -0.0674880700)
(0.3797552000, -0.9221103000, -0.0740384500)
(0.3978190000, -0.9143828000, -0.0750740500)
(0.4072575000, -0.9102041000, -0.0751614000)
(0.3663314000, -0.9261089000, -0.0900139600)
(0.3753145000, -0.9218250000, -0.0968001900)
(0.3815493000, -0.9192807000, -0.0965338000)
(0.3952829000, -0.9124826000, -0.1053858000)
(0.3977704000, -0.9109100000, -0.1096370000)
(0.3854223000, -0.9153152000, -0.1167232000)
(0.4067248000, -0.9068661000, -0.1102768000)
(0.3942689000, -0.9152289000, -0.0829389600)
(0.3577738000, -0.9318020000, -0.0609945100)
(0.3652302000, -0.9296322000, -0.0486713800)
(0.3651854000, -0.9294495000, -0.0522551200)
(0.3682740000, -0.9281096000, -0.0543693800)
(0.3678967000, -0.9282398000, -0.0547071600)
(0.3784732000, -0.9236394000, -0.0601545000)
(0.3933336000, -0.9172231000, -0.0630649700)
(0.3991832000, -0.9145133000, -0.0655833000)
(0.4093059000, -0.9097992000, -0.0687168200)
(0.3843163000, -0.9197158000, -0.0800566000)
(0.3266476000, -0.9395636000, -0.1025489000)
(0.2388378000, -0.9692439000, -0.0593047300)
(0.1944136000, -0.9804940000, 0.0284415300)
(0.1972729000, -0.9801727000, 0.0180785300)
(0.3441405000, -0.9358034000, -0.0762671600)
(0.3509941000, -0.9321787000, -0.0884801300)
(0.3505021000, -0.9328966000, -0.0827545700)
(0.3697545000, -0.9252714000, -0.0844715900)
(0.3804139000, -0.9202119000, -0.0921498200)
(0.3885093000, -0.9164005000, -0.0961967200)
(0.3863377000, -0.9178190000, -0.0912581000)
(0.3890822000, -0.9163187000, -0.0947258700)
(0.4084429000, -0.9082683000, -0.0906481900)
(0.4153369000, -0.9049362000, -0.0925683000)
(0.4140181000, -0.9053999000, -0.0940026000)
(0.4182783000, -0.9033141000, -0.0951466000)
(0.4259444000, -0.8985313000, -0.1057503000)
(0.4021396000, -0.9135570000, -0.0605991000)
(0.3526658000, -0.9341081000, -0.0551072900)
(0.3382188000, -0.9386322000, -0.0674566700)
(0.3378339000, -0.9386709000, -0.0689693100)
(0.3362119000, -0.9393707000, -0.0672678600)
(0.3580646000, -0.9310238000, -0.0703886700)
(0.3610525000, -0.9296315000, -0.0735215000)
(0.3646491000, -0.9283808000, -0.0715979700)
(0.3751237000, -0.9231103000, -0.0844227000)
(0.3810818000, -0.9199079000, -0.0922830800)
(0.4090879000, -0.9080488000, -0.0899187500)
(0.3568634000, -0.9283483000, -0.1039485000)
(0.3387993000, -0.9339056000, -0.1141654000)
(0.1866246000, -0.9764265000, -0.1083403000)
(0.3019199000, -0.9518512000, -0.0529568200)
(0.0076484580, -0.9979805000, -0.0629281500)
(0.3623861000, -0.9298586000, -0.0633250900)
(0.3733142000, -0.9252570000, -0.0671366300)
(0.3502592000, -0.9344923000, -0.0634416600)
(0.3792179000, -0.9227709000, -0.0683111300)
(0.3854667000, -0.9197695000, -0.0736084000)
(0.3875296000, -0.9186050000, -0.0772362200)
(0.4066874000, -0.9096295000, -0.0846463800)
(0.4323637000, -0.8971187000, -0.0907116600)
(0.4277885000, -0.8994215000, -0.0895476600)
(0.4109657000, -0.9065692000, -0.0959989100)
(0.2370124000, -0.9713636000, 0.0158341600)
(0.3476266000, -0.9350716000, -0.0690866700)
(0.3662665000, -0.9284510000, -0.0618196200)
(0.3617427000, -0.9298319000, -0.0673982200)
(0.3528697000, -0.9337386000, -0.0600450100)
(0.3702213000, -0.9266444000, -0.0650980500)
(0.3664773000, -0.9275001000, -0.0736877500)
(0.3839011000, -0.9195719000, -0.0836012800)
(0.3933860000, -0.9164872000, -0.0726745100)
(0.4046409000, -0.9111416000, -0.0779208700)
(0.4000172000, -0.9129969000, -0.0801090300)
(0.4175290000, -0.9050480000, -0.0809204700)
(0.4298084000, -0.8989254000, -0.0848181900)
(0.4398290000, -0.8943953000, -0.0811941700)
(0.3793783000, -0.9210220000, -0.0880813200)
(0.3345240000, -0.9405780000, -0.0583307500)
(0.3288920000, -0.9424998000, -0.0591799500)
(0.3311558000, -0.9419119000, -0.0557392200)
(0.3269392000, -0.9428560000, -0.0641339900)
(0.3268169000, -0.9430423000, -0.0619541100)
(0.3088933000, -0.9480128000, -0.0763640900)
(0.3686699000, -0.9270793000, -0.0676762800)
(0.3661573000, -0.9271443000, -0.0793609000)
(0.3698494000, -0.9265350000, -0.0687644300)
(0.3826233000, -0.9206040000, -0.0779192200)
(0.3806281000, -0.9214254000, -0.0780457600)
(0.3926022000, -0.9159921000, -0.0824371600)
(0.3689696000, -0.9241530000, -0.0989215800)
(0.3550855000, -0.9270180000, -0.1205367000)
(0.3549871000, -0.9282632000, -0.1108850000)
(0.3591630000, -0.9259886000, -0.1162619000)
(0.3606305000, -0.9254172000, -0.1163166000)
(0.3599592000, -0.9260113000, -0.1136507000)
(0.3691635000, -0.9222886000, -0.1143435000)
(0.3627785000, -0.9261754000, -0.1028135000)
(0.3690987000, -0.9228061000, -0.1103152000)
(0.3753558000, -0.9198917000, -0.1134887000)
(0.3795523000, -0.9178731000, -0.1158331000)
(0.4071550000, -0.9050610000, -0.1228070000)
(0.4036476000, -0.9081614000, -0.1108530000)
(0.3739654000, -0.9233093000, -0.0874253100)
(0.3796491000, -0.9215707000, -0.0810173200)
(0.3813210000, -0.9209597000, -0.0800334100)
(0.3855384000, -0.9181165000, -0.0917652600)
(0.3938378000, -0.9144418000, -0.0930911900)
(0.3929519000, -0.9149569000, -0.0917959300)
(0.3990606000, -0.9121057000, -0.0937768300)
(0.4087580000, -0.9074641000, -0.0970591400)
(0.4272745000, -0.8994890000, -0.0912511400)
(0.3610033000, -0.9261703000, -0.1089201000)
(0.3635983000, -0.9251782000, -0.1087653000)
(0.3726674000, -0.9210436000, -0.1130071000)
(0.3539123000, -0.9297529000, -0.1013808000)
(0.4164063000, -0.9010876000, -0.1209552000)
(0.4276066000, -0.8968797000, -0.1128992000)
(0.3030685000, -0.9523997000, -0.0327037700)
(0.3180625000, -0.9471207000, 0.0421353100)
(0.2725460000, -0.9532521000, 0.1304189000)
(0.3482672000, -0.9347596000, -0.0701311700)
(-0.0444677100, -0.9757375000, -0.2143390000)
(0.3473173000, -0.9352142000, -0.0688606600)
(0.3484881000, -0.9349098000, -0.0669448700)
(0.3495827000, -0.9345616000, -0.0661069600)
(0.3539248000, -0.9327475000, -0.0685524300)
(0.3564858000, -0.9316531000, -0.0700996700)
(0.3648131000, -0.9274588000, -0.0820208300)
(0.3620492000, -0.9287351000, -0.0796323600)
(0.3705168000, -0.9252409000, -0.0813922300)
(0.3870281000, -0.9184214000, -0.0817884400)
(0.2894042000, -0.9544178000, -0.0728956100)
(0.3254812000, -0.9399159000, -0.1030415000)
(0.3539622000, -0.9308675000, -0.0903648900)
(0.3608410000, -0.9276167000, -0.0965387400)
(0.3918206000, -0.9150986000, -0.0951311700)
(0.3996438000, -0.9115759000, -0.0963889900)
(0.3994821000, -0.9115276000, -0.0974977200)
(0.4011314000, -0.9107634000, -0.0978403300)
(0.4079832000, -0.9072113000, -0.1024007000)
(0.4334753000, -0.8954549000, -0.1012027000)
(0.4164807000, -0.9024553000, -0.1100216000)
(0.4185331000, -0.9007641000, -0.1158547000)
(0.4271903000, -0.8964049000, -0.1181279000)
(0.3419850000, -0.9326221000, -0.1151132000)
(0.3700786000, -0.9265002000, -0.0679751300)
(0.3630345000, -0.9297228000, -0.0617086600)
(0.3837932000, -0.9206504000, -0.0712431400)
(0.3882367000, -0.9186941000, -0.0725026100)
(0.3837267000, -0.9205005000, -0.0735212500)
(0.3720783000, -0.9251270000, -0.0753507800)
(0.3785321000, -0.9225100000, -0.0753322700)
(0.3884328000, -0.9178790000, -0.0811495000)
(0.3948019000, -0.9152507000, -0.0800853000)
(0.4011077000, -0.9123446000, -0.0820285200)
(0.4164956000, -0.9053512000, -0.0826825600)
(0.4284608000, -0.8997268000, -0.0831139800)
(0.4148192000, -0.9061094000, -0.0829479000)
(0.4326641000, -0.8974620000, -0.0856939800)
(0.4340123000, -0.8967230000, -0.0867030700)
(0.4339006000, -0.8961824000, -0.0925575000)
(0.4380473000, -0.8938167000, -0.0957998800)
(0.4475386000, -0.8893660000, -0.0934416400)
(0.4507846000, -0.8876823000, -0.0937772800)
(0.4502325000, -0.8876674000, -0.0965102800)
(0.4562851000, -0.8844709000, -0.0974449900)
(0.4572405000, -0.8840598000, -0.0967461600)
(0.4530362000, -0.8847287000, -0.1095113000)
(0.4537902000, -0.8829570000, -0.1202291000)
(0.4629791000, -0.8797042000, -0.1083965000)
(0.4711500000, -0.8768620000, -0.0954126600)
(0.4749746000, -0.8753740000, -0.0900867800)
(0.4813553000, -0.8713959000, -0.0945694500)
(0.4630162000, -0.8797162000, -0.1080947000)
(0.4746918000, -0.8741282000, -0.1026917000)
(0.4806402000, -0.8703612000, -0.1069752000)
(0.4800829000, -0.8701557000, -0.1109969000)
(0.4451724000, -0.8859549000, -0.1300069000)
(0.4215986000, -0.8983989000, -0.1229916000)
(0.4019772000, -0.9065655000, -0.1285560000)
(0.4189993000, -0.8988064000, -0.1286658000)
(0.4016838000, -0.9046264000, -0.1424279000)
(0.4366168000, -0.8907241000, -0.1263208000)
(0.4355740000, -0.8901524000, -0.1337858000)
(0.4353881000, -0.8902245000, -0.1339018000)
(0.4405211000, -0.8878117000, -0.1331517000)
(0.4463813000, -0.8849115000, -0.1329087000)
(0.4501868000, -0.8837442000, -0.1276555000)
(0.4544349000, -0.8825743000, -0.1205349000)
(0.4585294000, -0.8800652000, -0.1233358000)
(0.4559246000, -0.8788095000, -0.1406984000)
(0.4620656000, -0.8755277000, -0.1411612000)
(0.4581220000, -0.8777003000, -0.1405760000)
(0.4549821000, -0.8796709000, -0.1383582000)
(0.4646223000, -0.8742276000, -0.1408326000)
(0.4826890000, -0.8639655000, -0.1434229000)
(0.4740534000, -0.8695219000, -0.1385218000)
(0.4902922000, -0.8588263000, -0.1484150000)
(0.4876176000, -0.8596683000, -0.1522812000)
(0.4982669000, -0.8537887000, -0.1508916000)
(0.5076470000, -0.8482721000, -0.1506848000)
(0.5076409000, -0.8482352000, -0.1509729000)
(0.5111088000, -0.8465362000, -0.1488013000)
(0.5170938000, -0.8417319000, -0.1552160000)
(0.4983167000, -0.8554932000, -0.1407253000)
(0.4505111000, -0.8830816000, -0.1311168000)
(0.4508910000, -0.8834831000, -0.1270002000)
(0.4570471000, -0.8801627000, -0.1280881000)
(0.4572477000, -0.8796271000, -0.1310634000)
(0.4572858000, -0.8792214000, -0.1336114000)
(0.4592170000, -0.8788205000, -0.1295535000)
(0.4605812000, -0.8777958000, -0.1315628000)
(0.4634072000, -0.8764489000, -0.1306494000)
(0.4654381000, -0.8754963000, -0.1298486000)
(0.4714696000, -0.8722454000, -0.1299210000)
(0.4753722000, -0.8692466000, -0.1356854000)
(0.4790209000, -0.8665181000, -0.1402684000)
(0.4822698000, -0.8651016000, -0.1378129000)
(0.4907272000, -0.8603053000, -0.1380374000)
(0.5003543000, -0.8536785000, -0.1444581000)
(0.4968087000, -0.8566498000, -0.1389388000)
(0.4966360000, -0.8568181000, -0.1385103000)
(0.4972356000, -0.8566772000, -0.1372277000)
(0.4975396000, -0.8565501000, -0.1369605000)
(0.4977436000, -0.8567470000, -0.1349870000)
(0.4991507000, -0.8560101000, -0.1344127000)
(0.4992481000, -0.8560580000, -0.1337551000)
(0.5013074000, -0.8547227000, -0.1346797000)
(0.5009203000, -0.8548451000, -0.1352873000)
(0.5033606000, -0.8533964000, -0.1354292000)
(0.5073789000, -0.8511297000, -0.1346978000)
(0.5068075000, -0.8517280000, -0.1329798000)
(0.5067213000, -0.8520173000, -0.1314237000)
(0.5080720000, -0.8514934000, -0.1296702000)
(0.5072892000, -0.8521352000, -0.1284771000)
(0.5078835000, -0.8515204000, -0.1301749000)
(0.5050757000, -0.8524603000, -0.1348600000)
(0.5023559000, -0.8538738000, -0.1360899000)
(0.5052581000, -0.8519775000, -0.1372157000)
(0.5103458000, -0.8500744000, -0.1299984000)
(0.5107846000, -0.8497633000, -0.1303201000)
(0.5104355000, -0.8501056000, -0.1294941000)
(0.5098030000, -0.8504627000, -0.1296345000)
(0.4927678000, -0.8558246000, -0.1572871000)
(0.4877613000, -0.8588675000, -0.1562943000)
(0.4916097000, -0.8578983000, -0.1493436000)
(0.4941483000, -0.8569324000, -0.1464857000)
(0.4953781000, -0.8565386000, -0.1446114000)
(0.4969284000, -0.8557761000, -0.1438166000)
(0.4971525000, -0.8557276000, -0.1434073000)
(0.4976783000, -0.8554232000, -0.1434123000)
(0.4973124000, -0.8555053000, -0.1441186000)
(0.4963208000, -0.8557486000, -0.1460586000)
(0.4975084000, -0.8550075000, -0.1463449000)
(0.4979802000, -0.8547087000, -0.1465562000)
(0.4991050000, -0.8550770000, -0.1404372000)
(0.4985809000, -0.8558170000, -0.1377235000)
(0.4990733000, -0.8550808000, -0.1405771000)
(0.5002956000, -0.8541540000, -0.1417768000)
(0.5000712000, -0.8545268000, -0.1403931000)
(0.5002778000, -0.8544174000, -0.1403133000)
(0.4997930000, -0.8547726000, -0.1398694000)
(0.5031140000, -0.8521900000, -0.1436891000)
(0.5041432000, -0.8510320000, -0.1468690000)
(0.4987271000, -0.8537213000, -0.1496889000)
(0.4960907000, -0.8547742000, -0.1524959000)
(0.4979613000, -0.8544014000, -0.1483555000)
(0.5078590000, -0.8485211000, -0.1486000000)
(0.5134653000, -0.8463172000, -0.1417521000)
(0.5062066000, -0.8509905000, -0.1397849000)
(0.5026119000, -0.8532905000, -0.1388324000)
(0.5153387000, -0.8465213000, -0.1334187000)
(0.5188779000, -0.8452960000, -0.1274259000)
(0.5142316000, -0.8478923000, -0.1289431000)
(0.5093765000, -0.8516571000, -0.1233255000)
(0.5198662000, -0.8442410000, -0.1302936000)
(0.5181669000, -0.8452060000, -0.1308750000)
(0.5151648000, -0.8471503000, -0.1300428000)
(0.5135843000, -0.8481175000, -0.1300947000)
(0.5162455000, -0.8466594000, -0.1290208000)
(0.5059512000, -0.8548528000, -0.1150022000)
(0.4990563000, -0.8596067000, -0.1095000000)
(0.4952109000, -0.8627159000, -0.1022942000)
(0.4976267000, -0.8611979000, -0.1033904000)
(0.5121709000, -0.8524229000, -0.1050865000)
(0.5089755000, -0.8544272000, -0.1042428000)
(0.5065523000, -0.8558294000, -0.1045899000)
(0.5049803000, -0.8570272000, -0.1024294000)
(0.5030745000, -0.8577764000, -0.1053875000)
(0.5038376000, -0.8572072000, -0.1064818000)
(0.5039656000, -0.8574579000, -0.1037732000)
(0.5038720000, -0.8576220000, -0.1029105000)
(0.5046784000, -0.8570341000, -0.1038534000)
(0.5038528000, -0.8570450000, -0.1077300000)
(0.5060676000, -0.8557851000, -0.1072794000)
(0.4998853000, -0.8604003000, -0.0990854000)
(0.4937116000, -0.8626937000, -0.1095695000)
(0.4968072000, -0.8613986000, -0.1057011000)
(0.4873711000, -0.8671138000, -0.1028446000)
(0.4938661000, -0.8629607000, -0.1066988000)
(0.4887366000, -0.8649563000, -0.1138477000)
(0.4893449000, -0.8646215000, -0.1138882000)
(0.4898786000, -0.8656854000, -0.1029531000)
(0.4997779000, -0.8601172000, -0.1019534000)
(0.4925063000, -0.8638056000, -0.1060879000)
(0.4997489000, -0.8592780000, -0.1090297000)
(0.4983375000, -0.8605328000, -0.1054649000)
(0.5030344000, -0.8581233000, -0.1027904000)
(0.4810568000, -0.8694752000, -0.1121503000)
(0.4691360000, -0.8740669000, -0.1261151000)
(0.4655195000, -0.8763335000, -0.1237653000)
(0.4186672000, -0.9029686000, -0.0966412900)
(0.4704776000, -0.8731321000, -0.1275670000)
(0.4635197000, -0.8779182000, -0.1199706000)
(0.4854015000, -0.8660594000, -0.1196549000)
(0.4752296000, -0.8718455000, -0.1184308000)
(0.4754353000, -0.8690458000, -0.1367325000)
(0.4808878000, -0.8674725000, -0.1273767000)
(0.4810778000, -0.8678744000, -0.1239112000)
(0.4826289000, -0.8672366000, -0.1223141000)
(0.4821613000, -0.8668014000, -0.1271301000)
(0.4836695000, -0.8656877000, -0.1289382000)
(0.4859175000, -0.8644296000, -0.1289096000)
(0.4857360000, -0.8658828000, -0.1195419000)
(0.4857428000, -0.8659332000, -0.1191979000)
(0.4899787000, -0.8631259000, -0.1221341000)
(0.4823465000, -0.8680463000, -0.1175001000)
(0.4802355000, -0.8696396000, -0.1143298000)
(0.4804690000, -0.8696379000, -0.1134427000)
(0.4853334000, -0.8664342000, -0.1171241000)
(0.4845413000, -0.8669336000, -0.1168023000)
(0.4844678000, -0.8669299000, -0.1171376000)
(0.4837614000, -0.8673171000, -0.1171000000)
(0.4856754000, -0.8662975000, -0.1167331000)
(0.4841844000, -0.8667637000, -0.1194601000)
(0.4852078000, -0.8661070000, -0.1200587000)
(0.4890564000, -0.8639865000, -0.1197543000)
(0.4975263000, -0.8589289000, -0.1212122000)
(0.4938921000, -0.8617526000, -0.1159771000)
(0.4944193000, -0.8626530000, -0.1066117000)
(0.4964970000, -0.8610236000, -0.1100049000)
(0.4972687000, -0.8612151000, -0.1049058000)
(0.4996506000, -0.8601891000, -0.1020480000)
(0.4986851000, -0.8609068000, -0.1007189000)
(0.4935325000, -0.8619691000, -0.1158055000)
(0.4755720000, -0.8709788000, -0.1233841000)
(0.4724976000, -0.8742216000, -0.1116272000)
(0.4789323000, -0.8711322000, -0.1082829000)
(0.4729277000, -0.8743097000, -0.1090916000)
(0.4578616000, -0.8822637000, -0.1092763000)
(0.4661997000, -0.8770687000, -0.1157073000)
(0.4688302000, -0.8745559000, -0.1238575000)
(0.4770410000, -0.8700260000, -0.1244255000)
(0.4652345000, -0.8769215000, -0.1206242000)
(0.4679146000, -0.8760304000, -0.1167264000)
(0.4623274000, -0.8788339000, -0.1178813000)
(0.4683641000, -0.8755479000, -0.1184979000)
(0.4837897000, -0.8689926000, -0.1037833000)
(0.4914005000, -0.8649215000, -0.1020201000)
(0.4824803000, -0.8695797000, -0.1049369000)
(0.4780844000, -0.8709602000, -0.1133564000)
(0.4818814000, -0.8691620000, -0.1111069000)
(0.4824801000, -0.8687904000, -0.1113283000)
(0.4752307000, -0.8721874000, -0.1158804000)
(0.4709771000, -0.8739707000, -0.1197156000)
(0.4718787000, -0.8739060000, -0.1166405000)
(0.4771153000, -0.8716050000, -0.1124671000)
(0.4921113000, -0.8643376000, -0.1035849000)
(0.4910379000, -0.8652704000, -0.1009058000)
(0.4847113000, -0.8674762000, -0.1119071000)
(0.4765334000, -0.8709667000, -0.1196292000)
(0.4826075000, -0.8679731000, -0.1170664000)
(0.4845627000, -0.8675103000, -0.1122256000)
(0.4759069000, -0.8717340000, -0.1165377000)
(0.4725922000, -0.8730126000, -0.1204146000)
(0.4751336000, -0.8719645000, -0.1178787000)
(0.4839048000, -0.8682434000, -0.1093861000)
(0.4810212000, -0.8700932000, -0.1073659000)
(0.4797401000, -0.8705028000, -0.1098145000)
(0.4813008000, -0.8695549000, -0.1105495000)
(0.4892434000, -0.8651510000, -0.1101279000)
(0.4919352000, -0.8635063000, -0.1110837000)
(0.4776945000, -0.8703977000, -0.1192034000)
(0.4752160000, -0.8717579000, -0.1190688000)
(0.4826069000, -0.8678471000, -0.1179045000)
(0.4875264000, -0.8664255000, -0.1077255000)
(0.4855433000, -0.8675186000, -0.1078612000)
(0.4870460000, -0.8665147000, -0.1092077000)
(0.4871817000, -0.8660836000, -0.1119786000)
(0.4848029000, -0.8675795000, -0.1107263000)
(0.4870082000, -0.8665509000, -0.1090534000)
(0.4873887000, -0.8663593000, -0.1089500000)
(0.4948838000, -0.8626279000, -0.1046712000)
(0.4955446000, -0.8623287000, -0.1040016000)
(0.4926787000, -0.8636266000, -0.1067966000)
(0.4944313000, -0.8625550000, -0.1072845000)
(0.4957843000, -0.8617781000, -0.1073889000)
(0.4973107000, -0.8607625000, -0.1083516000)
(0.4982037000, -0.8601482000, -0.1091341000)
(0.4949362000, -0.8621644000, -0.1080770000)
(0.4954152000, -0.8619062000, -0.1079865000)
(0.4969124000, -0.8607667000, -0.1102467000)
(0.4973731000, -0.8604046000, -0.1109675000)
(0.4857952000, -0.8686156000, -0.0974095500)
(0.5006076000, -0.8614476000, -0.0853379300)
(0.5000737000, -0.8613997000, -0.0889036500)
(0.5014443000, -0.8599691000, -0.0948813000)
(0.4921102000, -0.8652257000, -0.0958490700)
(0.4902394000, -0.8660045000, -0.0984653100)
(0.4921348000, -0.8648864000, -0.0988399500)
(0.4969105000, -0.8621813000, -0.0985296400)
(0.4889842000, -0.8672161000, -0.0938736000)
(0.4959389000, -0.8623868000, -0.1015923000)
(0.4966798000, -0.8621081000, -0.1003628000)
(0.4952717000, -0.8628044000, -0.1012988000)
(0.4942638000, -0.8648365000, -0.0880647500)
(0.4885819000, -0.8657329000, -0.1085859000)
(0.4690759000, -0.8761331000, -0.1111255000)
(0.4874629000, -0.8688936000, -0.0858580400)
(0.4884171000, -0.8682553000, -0.0870344000)
(0.4879575000, -0.8684571000, -0.0875402900)
(0.4872971000, -0.8687462000, -0.0883426200)
(0.4870933000, -0.8688064000, -0.0889236300)
(0.4870844000, -0.8687893000, -0.0890462500)
(0.4762079000, -0.8739549000, -0.0970087800)
(0.4761603000, -0.8740226000, -0.0965634500)
(0.4772541000, -0.8734054000, -0.0967809500)
(0.4763090000, -0.8739490000, -0.0965271500)
(0.4744261000, -0.8748791000, -0.0974398400)
(0.4737953000, -0.8754219000, -0.0955213500)
(0.4764569000, -0.8743768000, -0.0918327600)
(0.4805591000, -0.8727152000, -0.0860818500)
(0.4788528000, -0.8742366000, -0.0799271600)
(0.5208135000, -0.8479733000, -0.0983028800)
(0.5221628000, -0.8477854000, -0.0927341600)
(0.5223886000, -0.8471690000, -0.0970168200)
(0.5130314000, -0.8523657000, -0.1012765000)
(0.5086442000, -0.8549280000, -0.1017556000)
(0.5100526000, -0.8540390000, -0.1022060000)
(0.5079014000, -0.8553977000, -0.1016034000)
(0.5085680000, -0.8549699000, -0.1018592000)
(0.5093566000, -0.8548704000, -0.0986090200)
(0.5123662000, -0.8531100000, -0.0982769200)
(0.5130250000, -0.8525004000, -0.1001483000)
(0.5162867000, -0.8505753000, -0.0997350300)
(0.5148770000, -0.8514728000, -0.0994415300)
(0.5153586000, -0.8511183000, -0.0999784700)
(0.5159504000, -0.8507428000, -0.1000412000)
(0.5159152000, -0.8506359000, -0.1011826000)
(0.5151862000, -0.8510509000, -0.1013517000)
(0.5138820000, -0.8516897000, -0.1026418000)
(0.5146551000, -0.8511410000, -0.1032962000)
(0.5149670000, -0.8509662000, -0.1032141000)
(0.5171549000, -0.8497199000, -0.1024639000)
(0.5180756000, -0.8491474000, -0.1025494000)
(0.5010887000, -0.8587048000, -0.1073769000)
(0.4790789000, -0.8714783000, -0.1048561000)
(0.4813566000, -0.8704725000, -0.1027903000)
(0.4822658000, -0.8707186000, -0.0961397200)
(0.4825893000, -0.8701534000, -0.0995579400)
(0.4776337000, -0.8725118000, -0.1028587000)
(0.4772407000, -0.8728759000, -0.1015656000)
(0.4782789000, -0.8722454000, -0.1021357000)
(0.4817814000, -0.8704433000, -0.1009673000)
(0.4851440000, -0.8683945000, -0.1025021000)
(0.4788265000, -0.8719664000, -0.1018938000)
(0.4880276000, -0.8666167000, -0.1038598000)
(0.4849416000, -0.8678038000, -0.1083584000)
(0.4880672000, -0.8663573000, -0.1057862000)
(0.4961455000, -0.8619468000, -0.1042813000)
(0.4989227000, -0.8603525000, -0.1042362000)
(0.4951845000, -0.8621507000, -0.1070536000)
(0.4976905000, -0.8607712000, -0.1066498000)
(0.4942667000, -0.8621048000, -0.1116148000)
(0.5004631000, -0.8598125000, -0.1012105000)
(0.4961658000, -0.8619925000, -0.1038075000)
(0.4497413000, -0.8856649000, -0.1154091000)
(0.4207754000, -0.9002770000, -0.1115524000)
(0.4309440000, -0.8958701000, -0.1080387000)
(0.4164332000, -0.9026293000, -0.1088208000)
(0.4638844000, -0.8800545000, -0.1015175000)
(0.4612227000, -0.8813513000, -0.1022880000)
(0.4591385000, -0.8824741000, -0.1020942000)
(0.4502850000, -0.8863761000, -0.1075622000)
(0.4481359000, -0.8874488000, -0.1076172000)
(0.4478063000, -0.8874094000, -0.1093356000)
(0.4431246000, -0.8893861000, -0.1123427000)
(0.4394369000, -0.8913100000, -0.1115826000)
(0.4384961000, -0.8914449000, -0.1140829000)
(0.4508815000, -0.8859839000, -0.1082463000)
(0.4657463000, -0.8786835000, -0.1047769000)
(0.4704524000, -0.8756588000, -0.1090231000)
(0.4599841000, -0.8811007000, -0.1097862000)
(0.4551241000, -0.8837777000, -0.1085529000)
(0.4545659000, -0.8836935000, -0.1114868000)
(0.4654568000, -0.8794060000, -0.0998120200)
(0.4858806000, -0.8705152000, -0.0781171000)
(0.4842573000, -0.8710951000, -0.0815826300)
(0.4865164000, -0.8700675000, -0.0791241400)
(0.4748334000, -0.8748927000, -0.0952547000)
(0.4763513000, -0.8741438000, -0.0945051500)
(0.4778168000, -0.8733673000, -0.0943773300)
(0.4782174000, -0.8729441000, -0.0962960700)
(0.4827859000, -0.8703589000, -0.0968550600)
(0.4859071000, -0.8686846000, -0.0962508500)
(0.4894762000, -0.8667530000, -0.0956310300)
(0.4926865000, -0.8648245000, -0.0964832800)
(0.4516317000, -0.8854027000, -0.1099432000)
(0.4228535000, -0.8997506000, -0.1077704000)
(0.4439365000, -0.8889458000, -0.1125305000)
(0.4678840000, -0.8774646000, -0.1054709000)
(0.4706998000, -0.8760706000, -0.1045645000)
(0.4686494000, -0.8771223000, -0.1048542000)
(0.4651631000, -0.8790534000, -0.1043160000)
(0.4828397000, -0.8699831000, -0.0998687100)
(0.4916571000, -0.8651302000, -0.0990882100)
(0.4951443000, -0.8630105000, -0.1001226000)
(0.4929106000, -0.8642526000, -0.1005100000)
(0.4811711000, -0.8700626000, -0.1070473000)
(0.4784606000, -0.8715267000, -0.1071841000)
(0.4756844000, -0.8732462000, -0.1056452000)
(0.4774646000, -0.8724605000, -0.1039689000)
(0.4793713000, -0.8715092000, -0.1033066000)
(0.4778313000, -0.8723413000, -0.1034177000)
(0.4739539000, -0.8742798000, -0.1048327000)
(0.4729066000, -0.8749936000, -0.1035551000)
(0.4746509000, -0.8739966000, -0.1040068000)
(0.4876337000, -0.8673640000, -0.0994399600)
(0.4878085000, -0.8676201000, -0.0963057400)
(0.4846606000, -0.8694376000, -0.0958061000)
(0.4839704000, -0.8693982000, -0.0995258000)
(0.5132341000, -0.8508829000, -0.1121397000)
(0.5424494000, -0.8305939000, -0.1258375000)
(0.5451887000, -0.8257582000, -0.1444610000)
(0.5376827000, -0.8303477000, -0.1463239000)
(0.5390154000, -0.8301951000, -0.1421801000)
(0.5409712000, -0.8296242000, -0.1380418000)
(0.5423650000, -0.8291751000, -0.1352604000)
(0.5416186000, -0.8295746000, -0.1358407000)
(0.5431569000, -0.8285874000, -0.1356820000)
(0.5436867000, -0.8283033000, -0.1352882000)
(0.5408481000, -0.8302186000, -0.1349363000)
(0.5364450000, -0.8322835000, -0.1396776000)
(0.5354532000, -0.8323216000, -0.1432673000)
(0.5355392000, -0.8325413000, -0.1416663000)
(0.5450801000, -0.8270003000, -0.1376562000)
(0.5455125000, -0.8269457000, -0.1362423000)
(0.5445831000, -0.8272106000, -0.1382866000)
(0.5430346000, -0.8277231000, -0.1413430000)
(0.5405368000, -0.8293282000, -0.1415274000)
(0.5425660000, -0.8282554000, -0.1400491000)
(0.5439051000, -0.8277164000, -0.1379267000)
(0.5442553000, -0.8276816000, -0.1368249000)
(0.5403071000, -0.8297656000, -0.1398250000)
(0.5404252000, -0.8294044000, -0.1414845000)
(0.5525653000, -0.8220899000, -0.1372157000)
(0.5510415000, -0.8249266000, -0.1258797000)
(0.5494710000, -0.8263241000, -0.1234911000)
(0.5483248000, -0.8265271000, -0.1271694000)
(0.5479026000, -0.8284194000, -0.1161633000)
(0.5499966000, -0.8268471000, -0.1174855000)
(0.5464764000, -0.8289951000, -0.1187718000)
(0.5468718000, -0.8294070000, -0.1140611000)
(0.5448591000, -0.8303715000, -0.1165689000)
(0.5457519000, -0.8297645000, -0.1167914000)
(0.5480582000, -0.8279802000, -0.1185980000)
(0.5496641000, -0.8269325000, -0.1185370000)
(0.5482894000, -0.8279773000, -0.1175606000)
(0.5476159000, -0.8283906000, -0.1178301000)
(0.5493096000, -0.8260658000, -0.1258876000)
(0.5515807000, -0.8255357000, -0.1192496000)
(0.5464786000, -0.8276129000, -0.1280311000)
(0.5475097000, -0.8270661000, -0.1272499000)
(0.5479574000, -0.8274099000, -0.1229078000)
(0.5502546000, -0.8263759000, -0.1195749000)
(0.5445883000, -0.8302296000, -0.1189071000)
(0.5480134000, -0.8271890000, -0.1242293000)
(0.5447310000, -0.8293964000, -0.1239524000)
(0.5452747000, -0.8289098000, -0.1247764000)
(0.5448757000, -0.8293679000, -0.1234187000)
(0.5460616000, -0.8287858000, -0.1220751000)
(0.5464090000, -0.8286280000, -0.1215989000)
(0.5478215000, -0.8269638000, -0.1265658000)
(0.5547644000, -0.8233924000, -0.1194179000)
(0.5548929000, -0.8234873000, -0.1180570000)
(0.5512303000, -0.8256450000, -0.1201554000)
(0.5503280000, -0.8262563000, -0.1200416000)
(0.5481561000, -0.8276906000, -0.1201016000)
(0.5502629000, -0.8261445000, -0.1211147000)
(0.5489846000, -0.8271167000, -0.1203060000)
(0.5511724000, -0.8253311000, -0.1225577000)
(0.5508878000, -0.8253984000, -0.1234175000)
(0.5519662000, -0.8247960000, -0.1225725000)
(0.5521172000, -0.8251395000, -0.1195440000)
(0.5523956000, -0.8254084000, -0.1163489000)
(0.5512982000, -0.8256971000, -0.1194794000)
(0.5498337000, -0.8260258000, -0.1239106000)
(0.5502620000, -0.8257421000, -0.1238724000)
(0.5513427000, -0.8253177000, -0.1219202000)
(0.5517352000, -0.8251320000, -0.1213639000)
(0.5526378000, -0.8247651000, -0.1197350000)
(0.5561438000, -0.8231608000, -0.1143777000)
(0.5551521000, -0.8243899000, -0.1102858000)
(0.5553872000, -0.8242775000, -0.1100458000)
(0.5547096000, -0.8244524000, -0.1120329000)
(0.5545889000, -0.8244283000, -0.1129017000)
(0.5540383000, -0.8246994000, -0.1135503000)
(0.5544130000, -0.8244010000, -0.1139047000)
(0.5376601000, -0.8336328000, -0.1263648000)
(0.5407749000, -0.8313780000, -0.1278896000)
(0.5412003000, -0.8312347000, -0.1269892000)
(0.5423457000, -0.8307098000, -0.1255718000)
(0.5418352000, -0.8312833000, -0.1240243000)
(0.5398813000, -0.8327340000, -0.1227394000)
(0.5405185000, -0.8322957000, -0.1228983000)
(0.5436974000, -0.8299432000, -0.1247839000)
(0.5413441000, -0.8314343000, -0.1251429000)
(0.5422576000, -0.8308815000, -0.1248647000)
(0.5416349000, -0.8314671000, -0.1236181000)
(0.5423236000, -0.8313106000, -0.1215695000)
(0.5435601000, -0.8303917000, -0.1224254000)
(0.5448795000, -0.8293603000, -0.1234977000)
(0.5458053000, -0.8288481000, -0.1228901000)
(0.5468254000, -0.8280349000, -0.1238087000)
(0.5490516000, -0.8265635000, -0.1237952000)
(0.5484879000, -0.8267936000, -0.1246948000)
(0.5443904000, -0.8300056000, -0.1212968000)
(0.5469410000, -0.8276946000, -0.1254932000)
(0.5507343000, -0.8248554000, -0.1276008000)
(0.5463900000, -0.8284170000, -0.1231693000)
(0.5472823000, -0.8279008000, -0.1226954000)
(0.5471696000, -0.8278091000, -0.1238007000)
(0.5461914000, -0.8281595000, -0.1256967000)
(0.5464083000, -0.8280795000, -0.1253782000)
(0.5475063000, -0.8273728000, -0.1252269000)
(0.5487635000, -0.8267603000, -0.1237802000)
(0.5491420000, -0.8264164000, -0.1244074000)
(0.5485733000, -0.8270715000, -0.1225018000)
(0.5481449000, -0.8273482000, -0.1225738000)
(0.5472822000, -0.8278576000, -0.1229907000)
(0.5485694000, -0.8270414000, -0.1227396000)
(0.5472717000, -0.8276252000, -0.1245255000)
(0.5443459000, -0.8296984000, -0.1235758000)
(0.5439547000, -0.8299116000, -0.1238950000)
(0.5436654000, -0.8303155000, -0.1223860000)
(0.5460109000, -0.8286970000, -0.1229392000)
(0.5461547000, -0.8285261000, -0.1234186000)
(0.5461590000, -0.8284491000, -0.1239331000)
(0.5477178000, -0.8271318000, -0.1259158000)
(0.5465221000, -0.8279743000, -0.1255814000)
(0.5474621000, -0.8274143000, -0.1251626000)
(0.5483663000, -0.8269002000, -0.1245647000)
(0.5492164000, -0.8264280000, -0.1239355000)
(0.5494280000, -0.8262324000, -0.1242962000)
(0.5488428000, -0.8263156000, -0.1263658000)
(0.5554134000, -0.8225124000, -0.1224238000)
(0.5602038000, -0.8194962000, -0.1207653000)
(0.5557916000, -0.8221683000, -0.1229710000)
(0.5541457000, -0.8231236000, -0.1239423000)
(0.5534116000, -0.8238372000, -0.1224952000)
(0.5557431000, -0.8222021000, -0.1229515000)
(0.5558538000, -0.8219650000, -0.1240277000)
(0.5555853000, -0.8222046000, -0.1236332000)
(0.5560086000, -0.8218860000, -0.1238653000)
(0.5555678000, -0.8222546000, -0.1233363000)
(0.5553311000, -0.8224033000, -0.1235269000)
(0.5546606000, -0.8227265000, -0.1242751000)
(0.5537935000, -0.8232545000, -0.1246324000)
(0.5529929000, -0.8238123000, -0.1245534000)
(0.5566499000, -0.8221573000, -0.1191520000)
(0.5544145000, -0.8228748000, -0.1243924000)
(0.5526830000, -0.8239465000, -0.1250523000)
(0.5501023000, -0.8255110000, -0.1261589000)
(0.5507342000, -0.8249854000, -0.1267612000)
(0.5463895000, -0.8269567000, -0.1325952000)
(0.5505144000, -0.8237742000, -0.1352845000)
(0.5477562000, -0.8246305000, -0.1412286000)
(0.5401714000, -0.8292428000, -0.1433943000)
(0.5402224000, -0.8309851000, -0.1326904000)
(0.5344436000, -0.8340586000, -0.1367824000)
(0.5388523000, -0.8312420000, -0.1366031000)
(0.5394545000, -0.8308194000, -0.1367467000)
(0.5401408000, -0.8302834000, -0.1373083000)
(0.5375393000, -0.8314477000, -0.1404210000)
(0.5391324000, -0.8300346000, -0.1427014000)
(0.5384294000, -0.8310608000, -0.1393728000)
(0.5383134000, -0.8315684000, -0.1367496000)
(0.5378114000, -0.8319026000, -0.1366691000)
(0.5366020000, -0.8328244000, -0.1358349000)
(0.5368666000, -0.8322172000, -0.1385035000)
(0.5373906000, -0.8320484000, -0.1374365000)
(0.5367506000, -0.8325031000, -0.1371726000)
(0.5367489000, -0.8325889000, -0.1367222000)
(0.5373030000, -0.8313462000, -0.1419494000)
(0.5361673000, -0.8321999000, -0.1412196000)
(0.5381681000, -0.8309123000, -0.1412443000)
(0.5372230000, -0.8314751000, -0.1415498000)
(0.5327843000, -0.8348905000, -0.1381746000)
(0.5371332000, -0.8318530000, -0.1396133000)
(0.5373168000, -0.8326440000, -0.1340581000)
(0.5365764000, -0.8331875000, -0.1337308000)
(0.5376368000, -0.8328578000, -0.1313982000)
(0.5395026000, -0.8318068000, -0.1304376000)
(0.5378420000, -0.8326504000, -0.1319740000)
(0.5360830000, -0.8337142000, -0.1323164000)
(0.5356292000, -0.8340592000, -0.1320105000)
(0.5354917000, -0.8340006000, -0.1329152000)
(0.5342606000, -0.8347899000, -0.1329570000)
(0.5338333000, -0.8351736000, -0.1322572000)
(0.5348276000, -0.8345754000, -0.1319894000)
(0.5352927000, -0.8343044000, -0.1318754000)
(0.5348811000, -0.8345093000, -0.1321789000)
(0.5272676000, -0.8388715000, -0.1351160000)
(0.5275862000, -0.8382064000, -0.1379949000)
(0.5293005000, -0.8380533000, -0.1322296000)
(0.5267352000, -0.8415196000, -0.1199621000)
(0.5311712000, -0.8381894000, -0.1235576000)
(0.5275441000, -0.8394644000, -0.1303235000)
(0.5273737000, -0.8396203000, -0.1299744000)
(0.5269246000, -0.8399947000, -0.1294196000)
(0.5271930000, -0.8396725000, -0.1304421000)
(0.5276821000, -0.8392969000, -0.1308044000)
(0.5289490000, -0.8386702000, -0.1297592000)
(0.5303249000, -0.8382803000, -0.1265979000)
(0.5290015000, -0.8387911000, -0.1287496000)
(0.5284848000, -0.8388569000, -0.1304493000)
(0.5271381000, -0.8395106000, -0.1316009000)
(0.5218555000, -0.8417929000, -0.1379394000)
(0.5213715000, -0.8419882000, -0.1386383000)
(0.5228850000, -0.8412051000, -0.1376947000)
(0.5258203000, -0.8416618000, -0.1229042000)
(0.5254825000, -0.8417902000, -0.1234870000)
(0.5231577000, -0.8415124000, -0.1346716000)
(0.5223075000, -0.8416190000, -0.1372649000)
(0.5227749000, -0.8441406000, -0.1188814000)
(0.5269156000, -0.8426270000, -0.1109659000)
(0.5243490000, -0.8434325000, -0.1169190000)
(0.5212042000, -0.8448339000, -0.1208024000)
(0.5219588000, -0.8449015000, -0.1170414000)
(0.5225992000, -0.8446170000, -0.1161796000)
(0.5229290000, -0.8443265000, -0.1168368000)
(0.5190220000, -0.8468146000, -0.1162661000)
(0.5174859000, -0.8477461000, -0.1163087000)
(0.5169886000, -0.8482382000, -0.1149125000)
(0.5185174000, -0.8470775000, -0.1165403000)
(0.5197011000, -0.8461285000, -0.1181293000)
(0.5180964000, -0.8471617000, -0.1178243000)
(0.5165006000, -0.8480225000, -0.1185788000)
(0.5178887000, -0.8470340000, -0.1196078000)
(0.5198485000, -0.8458671000, -0.1193599000)
(0.5204808000, -0.8455063000, -0.1191803000)
(0.5174164000, -0.8476857000, -0.1170810000)
(0.5252199000, -0.8436673000, -0.1112027000)
(0.5250594000, -0.8437956000, -0.1109921000)
(0.5257228000, -0.8435786000, -0.1094312000)
(0.5252301000, -0.8439227000, -0.1090994000)
(0.5277388000, -0.8422409000, -0.1099682000)
(0.5261125000, -0.8431931000, -0.1105397000)
(0.5169731000, -0.8475485000, -0.1199191000)
(0.5176743000, -0.8471419000, -0.1197460000)
(0.5199485000, -0.8460861000, -0.1174230000)
(0.5281780000, -0.8421003000, -0.1089591000)
(0.5295855000, -0.8413397000, -0.1080362000)
(0.5303285000, -0.8407912000, -0.1086579000)
(0.5308445000, -0.8405995000, -0.1075549000)
(0.5285044000, -0.8418521000, -0.1092807000)
(0.5188407000, -0.8466238000, -0.1184553000)
(0.5190268000, -0.8466269000, -0.1175167000)
(0.5184797000, -0.8466858000, -0.1195693000)
(0.5179988000, -0.8466803000, -0.1216782000)
(0.5313193000, -0.8395831000, -0.1130338000)
(0.5368208000, -0.8362907000, -0.1114253000)
(0.5321399000, -0.8394046000, -0.1104557000)
(0.5325277000, -0.8389426000, -0.1121183000)
(0.5218346000, -0.8441628000, -0.1227101000)
(0.5265378000, -0.8417646000, -0.1190433000)
(0.5263615000, -0.8419157000, -0.1187914000)
(0.5266080000, -0.8416922000, -0.1192655000)
(0.5257034000, -0.8421799000, -0.1198282000)
(0.5269598000, -0.8414729000, -0.1192263000)
(0.5283420000, -0.8406124000, -0.1191968000)
(0.5278091000, -0.8411093000, -0.1180607000)
(0.5279812000, -0.8415069000, -0.1143282000)
(0.5316960000, -0.8390179000, -0.1154221000)
(0.5302202000, -0.8400499000, -0.1147279000)
(0.5307864000, -0.8397341000, -0.1144864000)
(0.5300835000, -0.8399870000, -0.1158044000)
(0.5270603000, -0.8413820000, -0.1194065000)
(0.5273426000, -0.8411235000, -0.1200211000)
(0.5314018000, -0.8389131000, -0.1175852000)
(0.5323355000, -0.8384112000, -0.1169170000)
(0.5330831000, -0.8378332000, -0.1176397000)
(0.5363345000, -0.8360400000, -0.1155781000)
(0.5356562000, -0.8364507000, -0.1157443000)
(0.5343412000, -0.8368177000, -0.1191477000)
(0.5348655000, -0.8363115000, -0.1203178000)
(0.5353804000, -0.8362135000, -0.1186862000)
(0.5376461000, -0.8350701000, -0.1165826000)
(0.5369022000, -0.8352723000, -0.1184293000)
(0.5367429000, -0.8353850000, -0.1183835000)
(0.5366334000, -0.8355561000, -0.1177295000)
(0.5374997000, -0.8353246000, -0.1154392000)
(0.5396576000, -0.8340466000, -0.1145869000)
(0.5387194000, -0.8344894000, -0.1156764000)
(0.5386868000, -0.8345634000, -0.1153935000)
(0.5396505000, -0.8338612000, -0.1158910000)
(0.5398796000, -0.8335807000, -0.1168474000)
(0.5398757000, -0.8335856000, -0.1167935000)
(0.5404619000, -0.8334931000, -0.1147908000)
(0.5412683000, -0.8330994000, -0.1138539000)
(0.5432512000, -0.8318149000, -0.1137881000)
(0.5447186000, -0.8308593000, -0.1137636000)
(0.5420269000, -0.8328778000, -0.1118166000)
(0.5409566000, -0.8335691000, -0.1118366000)
(0.5439909000, -0.8313239000, -0.1137845000)
(0.5494630000, -0.8280777000, -0.1111189000)
(0.5506302000, -0.8276213000, -0.1087226000)
(0.5485706000, -0.8284339000, -0.1129219000)
(0.5477167000, -0.8287905000, -0.1143784000)
(0.5482158000, -0.8282033000, -0.1162636000)
(0.5491962000, -0.8275561000, -0.1162631000)
(0.5481904000, -0.8282744000, -0.1158780000)
(0.5461015000, -0.8297888000, -0.1149499000)
(0.5462751000, -0.8298295000, -0.1138097000)
(0.5489777000, -0.8281616000, -0.1129991000)
(0.5424878000, -0.8323091000, -0.1138045000)
(0.5396006000, -0.8330736000, -0.1217160000)
(0.5402701000, -0.8327048000, -0.1212268000)
(0.5444317000, -0.8305736000, -0.1172059000)
(0.5461720000, -0.8297310000, -0.1150619000)
(0.5450022000, -0.8303214000, -0.1162745000)
(0.5458827000, -0.8297951000, -0.1159306000)
(0.5467635000, -0.8292665000, -0.1155010000)
(0.5464615000, -0.8293561000, -0.1162862000)
(0.5466509000, -0.8292544000, -0.1161414000)
(0.5456214000, -0.8299039000, -0.1164126000)
(0.5457630000, -0.8299152000, -0.1156418000)
(0.5450065000, -0.8305076000, -0.1149631000)
(0.5466937000, -0.8295251000, -0.1139528000)
(0.5482920000, -0.8284804000, -0.1139411000)
(0.5472488000, -0.8292171000, -0.1135938000)
(0.5463195000, -0.8295013000, -0.1160132000)
(0.5485403000, -0.8280805000, -0.1156549000)
(0.5483314000, -0.8282903000, -0.1151491000)
(0.5474111000, -0.8288029000, -0.1157897000)
(0.5477740000, -0.8284755000, -0.1164059000)
(0.5475991000, -0.8287407000, -0.1154009000)
(0.5457398000, -0.8296929000, -0.1173149000)
(0.5450611000, -0.8299046000, -0.1189096000)
(0.5434510000, -0.8313053000, -0.1165435000)
(0.5456051000, -0.8300697000, -0.1152086000)
(0.5460951000, -0.8297956000, -0.1148684000)
(0.5483664000, -0.8281620000, -0.1159153000)
(0.5468411000, -0.8295853000, -0.1128404000)
(0.5477486000, -0.8291997000, -0.1113382000)
(0.5477344000, -0.8291709000, -0.1115213000)
(0.5474728000, -0.8292861000, -0.1120597000)
(0.5466611000, -0.8297806000, -0.1122543000)
(0.5478004000, -0.8288440000, -0.1136435000)
(0.5463949000, -0.8298387000, -0.1131859000)
(0.5478704000, -0.8289582000, -0.1124885000)
(0.5489700000, -0.8280336000, -0.1139529000)
(0.5483382000, -0.8284745000, -0.1137610000)
(0.5483067000, -0.8283457000, -0.1147726000)
(0.5478476000, -0.8285286000, -0.1156472000)
(0.5478707000, -0.8285688000, -0.1152524000)
(0.5496287000, -0.8275505000, -0.1142380000)
(0.5501375000, -0.8269037000, -0.1164508000)
(0.5482869000, -0.8282205000, -0.1158630000)
(0.5479400000, -0.8286891000, -0.1141564000)
(0.5459806000, -0.8299539000, -0.1143097000)
(0.5456069000, -0.8301743000, -0.1144640000)
(0.5465310000, -0.8296041000, -0.1142170000)
(0.5497788000, -0.8272995000, -0.1153923000)
(0.5513422000, -0.8262935000, -0.1150500000)
(0.5509624000, -0.8263696000, -0.1164108000)
(0.5486783000, -0.8266974000, -0.1245651000)
(0.5427892000, -0.8294660000, -0.1317096000)
(0.5389796000, -0.8324081000, -0.1287902000)
(0.5629596000, -0.8189828000, -0.1110635000)
(0.5599890000, -0.8212738000, -0.1090513000)
(0.5566980000, -0.8228600000, -0.1138787000)
(0.5605016000, -0.8207277000, -0.1106259000)
(0.5606388000, -0.8209695000, -0.1081216000)
(0.5606370000, -0.8209683000, -0.1081309000)
(0.5560572000, -0.8231030000, -0.1152385000)
(0.5400570000, -0.8355638000, -0.1007280000)
(0.5370846000, -0.8375562000, -0.1000848000)
(0.5354222000, -0.8388858000, -0.0978118900)
(0.5340756000, -0.8384518000, -0.1083777000)
(0.5276588000, -0.8420549000, -0.1118416000)
(0.5276423000, -0.8431951000, -0.1029022000)
(0.5272341000, -0.8432638000, -0.1044106000)
(0.5253826000, -0.8434846000, -0.1118289000)
(0.5256372000, -0.8434972000, -0.1104391000)
(0.5244684000, -0.8443994000, -0.1091684000)
(0.5248303000, -0.8440174000, -0.1103647000)
(0.5257670000, -0.8433178000, -0.1111698000)
(0.5260746000, -0.8431214000, -0.1112430000)
(0.5262370000, -0.8430141000, -0.1113148000)
(0.5268023000, -0.8428365000, -0.1098995000)
(0.5252268000, -0.8439445000, -0.1089909000)
(0.5256111000, -0.8438370000, -0.1079149000)
(0.5267875000, -0.8426774000, -0.1112557000)
(0.5110826000, -0.8515297000, -0.1169004000)
(0.5206221000, -0.8460100000, -0.1148918000)
(0.5234596000, -0.8443915000, -0.1138607000)
(0.5174606000, -0.8469468000, -0.1220554000)
(0.5204125000, -0.8456282000, -0.1186192000)
(0.5210486000, -0.8451781000, -0.1190817000)
(0.5220736000, -0.8444756000, -0.1195662000)
(0.5216114000, -0.8446752000, -0.1200833000)
(0.5210031000, -0.8447945000, -0.1219553000)
(0.5195557000, -0.8455720000, -0.1227584000)
(0.5169947000, -0.8476692000, -0.1189771000)
(0.5158207000, -0.8485855000, -0.1174772000)
(0.5152973000, -0.8490009000, -0.1168547000)
(0.5159039000, -0.8482956000, -0.1192752000)
(0.5171235000, -0.8475319000, -0.1193442000)
(0.5183597000, -0.8469592000, -0.1180872000)
(0.5188255000, -0.8466507000, -0.1182488000)
(0.5177656000, -0.8479320000, -0.1136516000)
(0.5198236000, -0.8475318000, -0.1069692000)
(0.5190558000, -0.8479545000, -0.1074402000)
(0.5160840000, -0.8504646000, -0.1016680000)
(0.5153397000, -0.8507293000, -0.1033560000)
(0.5118890000, -0.8524320000, -0.1063592000)
(0.5119754000, -0.8522433000, -0.1074925000)
(0.5127115000, -0.8518704000, -0.1068675000)
(0.5132936000, -0.8518276000, -0.1043743000)
(0.5123670000, -0.8526079000, -0.1025673000)
(0.5136342000, -0.8519602000, -0.1016411000)
(0.5150086000, -0.8510448000, -0.1023394000)
(0.5196071000, -0.8491337000, -0.0947474000)
(0.5209267000, -0.8483935000, -0.0940547100)
(0.5213053000, -0.8481120000, -0.0945098500)
(0.5217137000, -0.8478181000, -0.0948645700)
(0.5222000000, -0.8474533000, -0.0954080700)
(0.5200598000, -0.8485500000, -0.0974199900)
(0.5142855000, -0.8510466000, -0.1058364000)
(0.5131966000, -0.8514736000, -0.1077920000)
(0.5150498000, -0.8507566000, -0.1044693000)
(0.5156649000, -0.8504985000, -0.1036284000)
(0.5180650000, -0.8492980000, -0.1014617000)
(0.5214921000, -0.8475519000, -0.0984280100)
(0.5243145000, -0.8460944000, -0.0959213300)
(0.5249775000, -0.8458316000, -0.0945467700)
(0.5240533000, -0.8461124000, -0.0972118900)
(0.5154738000, -0.8504422000, -0.1049721000)
(0.5157437000, -0.8503496000, -0.1044035000)
(0.5156126000, -0.8503501000, -0.1050249000)
(0.5154054000, -0.8505179000, -0.1047015000)
(0.5167861000, -0.8497056000, -0.1045367000)
(0.5148413000, -0.8509218000, -0.1041260000)
(0.5142543000, -0.8512804000, -0.1041998000)
(0.5145301000, -0.8512284000, -0.1032115000)
(0.5119689000, -0.8527645000, -0.1032098000)
(0.5118431000, -0.8527914000, -0.1036336000)
(0.5115153000, -0.8529467000, -0.1040693000)
(0.5112739000, -0.8532978000, -0.1023719000)
(0.5130157000, -0.8521776000, -0.1028519000)
(0.5122849000, -0.8526816000, -0.1023436000)
(0.5128760000, -0.8523070000, -0.1025952000)
(0.5120394000, -0.8526403000, -0.1038985000)
(0.5092093000, -0.8542339000, -0.1047525000)
(0.5104497000, -0.8535666000, -0.1041069000)
(0.5087617000, -0.8544816000, -0.1048726000)
(0.5106373000, -0.8535182000, -0.1036758000)
(0.5105644000, -0.8536153000, -0.1031760000)
(0.5086206000, -0.8546299000, -0.1043492000)
(0.5106334000, -0.8529837000, -0.1079661000)
(0.5136942000, -0.8507532000, -0.1110316000)
(0.5134216000, -0.8514867000, -0.1065275000)
(0.5142811000, -0.8511522000, -0.1051318000)
(0.5105718000, -0.8519962000, -0.1158016000)
(0.5108677000, -0.8519578000, -0.1147714000)
(0.5096624000, -0.8522818000, -0.1177209000)
(0.5092489000, -0.8523806000, -0.1187074000)
(0.5078294000, -0.8534362000, -0.1171615000)
(0.5082875000, -0.8536385000, -0.1137614000)
(0.5095693000, -0.8528463000, -0.1138723000)
(0.5093703000, -0.8527556000, -0.1155034000)
(0.5099303000, -0.8523369000, -0.1160405000)
(0.5093400000, -0.8527362000, -0.1157174000)
(0.5092760000, -0.8527492000, -0.1159996000)
(0.5089464000, -0.8527816000, -0.1171281000)
(0.5178536000, -0.8480704000, -0.1121351000)
(0.5141688000, -0.8504937000, -0.1108440000)
(0.5155641000, -0.8495798000, -0.1113132000)
(0.5156193000, -0.8496298000, -0.1107364000)
(0.5116810000, -0.8516118000, -0.1137404000)
(0.5096820000, -0.8529874000, -0.1123338000)
(0.5100358000, -0.8527384000, -0.1126732000)
(0.5095382000, -0.8532422000, -0.1110888000)
(0.5110579000, -0.8522788000, -0.1114826000)
(0.5113567000, -0.8520876000, -0.1115200000)
(0.5107192000, -0.8524686000, -0.1116143000)
(0.5125588000, -0.8512070000, -0.1127560000)
(0.5137954000, -0.8502601000, -0.1142442000)
(0.5128923000, -0.8510178000, -0.1126379000)
(0.5160456000, -0.8490614000, -0.1129779000)
(0.5127771000, -0.8511695000, -0.1119841000)
(0.5123088000, -0.8513010000, -0.1132034000)
(0.5131459000, -0.8509173000, -0.1123339000)
(0.5133154000, -0.8508469000, -0.1120673000)
(0.5136158000, -0.8506860000, -0.1118992000)
(0.5186319000, -0.8479245000, -0.1097239000)
(0.5188352000, -0.8476998000, -0.1104669000)
(0.5179314000, -0.8482623000, -0.1104155000)
(0.5078332000, -0.8530338000, -0.1200994000)
(0.5074070000, -0.8531970000, -0.1206862000)
(0.5064355000, -0.8535759000, -0.1220836000)
(0.5056219000, -0.8540747000, -0.1219856000)
(0.5059600000, -0.8538217000, -0.1223669000)
(0.5067292000, -0.8532563000, -0.1231723000)
(0.5088452000, -0.8521479000, -0.1220725000)
(0.5075679000, -0.8529149000, -0.1221001000)
(0.5091907000, -0.8521047000, -0.1208872000)
(0.5096241000, -0.8520087000, -0.1198211000)
(0.5073205000, -0.8534635000, -0.1191469000)
(0.5087828000, -0.8525109000, -0.1197861000)
(0.5082645000, -0.8527929000, -0.1199642000)
(0.5106705000, -0.8512751000, -0.1205260000)
(0.5102729000, -0.8515663000, -0.1202098000)
(0.5105138000, -0.8513809000, -0.1204813000)
(0.5117739000, -0.8506252000, -0.1204423000)
(0.5140328000, -0.8491329000, -0.1213623000)
(0.5130364000, -0.8497241000, -0.1214759000)
(0.5132115000, -0.8498175000, -0.1199807000)
(0.5135942000, -0.8494923000, -0.1206565000)
(0.5138691000, -0.8492879000, -0.1210188000)
(0.5146461000, -0.8488331000, -0.1208565000)
(0.5158049000, -0.8480925000, -0.1210568000)
(0.5158440000, -0.8480629000, -0.1210958000)
(0.5192322000, -0.8458357000, -0.1222614000)
(0.5246300000, -0.8428593000, -0.1197090000)
(0.5279371000, -0.8413774000, -0.1155878000)
(0.5325527000, -0.8384371000, -0.1157281000)
(0.5278236000, -0.8411285000, -0.1178398000)
(0.5231632000, -0.8437200000, -0.1200507000)
(0.5231195000, -0.8437654000, -0.1200144000)
(0.5230840000, -0.8438205000, -0.1196890000)
(0.5226551000, -0.8441169000, -0.1194883000)
(0.5229560000, -0.8440682000, -0.1185900000)
(0.5229171000, -0.8439524000, -0.1194647000)
(0.5225944000, -0.8443562000, -0.1180477000)
(0.5237725000, -0.8437466000, -0.1171660000)
(0.5246758000, -0.8431355000, -0.1176171000)
(0.5255613000, -0.8425881000, -0.1175352000)
(0.5295212000, -0.8409842000, -0.1110916000)
(0.5311373000, -0.8401267000, -0.1098202000)
(0.5303622000, -0.8405493000, -0.1103530000)
(0.5230747000, -0.8440067000, -0.1184165000)
(0.5332720000, -0.8383058000, -0.1133311000)
(0.5297377000, -0.8406944000, -0.1122569000)
(0.5192048000, -0.8460070000, -0.1211189000)
(0.5160128000, -0.8475139000, -0.1242939000)
(0.5195573000, -0.8458008000, -0.1210542000)
(0.5228720000, -0.8442026000, -0.1179574000)
(0.5216668000, -0.8450921000, -0.1168752000)
(0.5258579000, -0.8429456000, -0.1136108000)
(0.5310581000, -0.8394583000, -0.1151733000)
(0.5194345000, -0.8464265000, -0.1171654000)
(0.5192838000, -0.8460850000, -0.1203398000)
(0.5314251000, -0.8397567000, -0.1112306000)
(0.5282749000, -0.8414313000, -0.1135461000)
(0.5247315000, -0.8432960000, -0.1161001000)
(0.5245325000, -0.8432965000, -0.1170459000)
(0.5256898000, -0.8425149000, -0.1175284000)
(0.5241920000, -0.8435832000, -0.1164870000)
(0.5201914000, -0.8460386000, -0.1166914000)
(0.5175533000, -0.8475026000, -0.1176842000)
(0.5209277000, -0.8454061000, -0.1178821000)
(0.5169702000, -0.8478126000, -0.1181199000)
(0.5169924000, -0.8475720000, -0.1197391000)
(0.5176021000, -0.8472095000, -0.1196327000)
(0.5166829000, -0.8475879000, -0.1208492000)
(0.5202218000, -0.8459702000, -0.1169846000)
(0.5237681000, -0.8443306000, -0.1129445000)
(0.5236817000, -0.8442404000, -0.1139949000)
(0.5241668000, -0.8438071000, -0.1150031000)
(0.5225865000, -0.8448995000, -0.1141778000)
(0.5230385000, -0.8445855000, -0.1144367000)
(0.5160075000, -0.8480842000, -0.1202587000)
(0.5163319000, -0.8477467000, -0.1212981000)
(0.5170630000, -0.8472087000, -0.1218779000)
(0.5232670000, -0.8446894000, -0.1126031000)
(0.5196665000, -0.8457548000, -0.1209185000)
(0.5189121000, -0.8459460000, -0.1228579000)
(0.5201938000, -0.8450917000, -0.1232703000)
(0.5258109000, -0.8428178000, -0.1147079000)
(0.5298901000, -0.8403747000, -0.1138566000)
(0.5308823000, -0.8399982000, -0.1119933000)
(0.5278975000, -0.8410035000, -0.1184288000)
(0.5274641000, -0.8410834000, -0.1197238000)
(0.5322050000, -0.8345966000, -0.1421294000)
(0.5362870000, -0.8334384000, -0.1332477000)
(0.5368343000, -0.8331642000, -0.1327655000)
(0.5363396000, -0.8332040000, -0.1345406000)
(0.5337341000, -0.8329417000, -0.1460160000)
(0.5340423000, -0.8312454000, -0.1543055000)
(0.5361090000, -0.8287596000, -0.1603641000)
(0.5329226000, -0.8322890000, -0.1525072000)
(0.5328036000, -0.8351900000, -0.1362992000)
(0.5334777000, -0.8350555000, -0.1344238000)
(0.5342490000, -0.8334317000, -0.1412321000)
(0.5331213000, -0.8338478000, -0.1430335000)
(0.5292171000, -0.8359941000, -0.1449964000)
(0.5300429000, -0.8360959000, -0.1413422000)
(0.5381552000, -0.8313217000, -0.1388811000)
(0.5385972000, -0.8314412000, -0.1363513000)
(0.5402603000, -0.8303416000, -0.1364971000)
(0.5393469000, -0.8295524000, -0.1446421000)
(0.5417217000, -0.8284005000, -0.1423479000)
(0.5362098000, -0.8327013000, -0.1380936000)
(0.5344738000, -0.8327259000, -0.1445790000)
(0.5231811000, -0.8392161000, -0.1482280000)
(0.5145795000, -0.8441099000, -0.1506116000)
(0.4586253000, -0.8805816000, -0.1192695000)
(0.5495338000, -0.8189631000, -0.1652388000)
(0.5404786000, -0.8305030000, -0.1346949000)
(0.5479983000, -0.8278165000, -0.1200027000)
(0.5476580000, -0.8290792000, -0.1125754000)
(0.5465089000, -0.8288743000, -0.1195115000)
(0.5522885000, -0.8259182000, -0.1132901000)
(0.5610695000, -0.8195656000, -0.1162345000)
(0.5552310000, -0.8243844000, -0.1100325000)
(0.5420451000, -0.8336709000, -0.1056019000)
(0.5341151000, -0.8381900000, -0.1102470000)
(0.5305945000, -0.8394027000, -0.1177204000)
(0.5359476000, -0.8342825000, -0.1292415000)
(0.5220598000, -0.8449352000, -0.1162830000)
(0.5346628000, -0.8341894000, -0.1350474000)
(0.5306956000, -0.8382742000, -0.1250149000)
(0.5414818000, -0.8317643000, -0.1222217000)
(0.5322648000, -0.8378435000, -0.1212613000)
(0.5373855000, -0.8357505000, -0.1128538000)
(0.4987581000, -0.8567262000, -0.1313684000)
(0.5334029000, -0.8375745000, -0.1180734000)
(0.5336651000, -0.8376170000, -0.1165650000)
(0.5352852000, -0.8366494000, -0.1160044000)
(0.5403841000, -0.8335319000, -0.1149190000)
(0.5427714000, -0.8320066000, -0.1146666000)
(0.5483252000, -0.8295789000, -0.1054125000)
(0.5443437000, -0.8312530000, -0.1125960000)
(0.5448479000, -0.8316267000, -0.1074063000)
(0.5561610000, -0.8236152000, -0.1109753000)
(0.5426841000, -0.8328944000, -0.1085187000)
(0.5524392000, -0.8258762000, -0.1127890000)
(0.5530934000, -0.8254979000, -0.1123345000)
(0.5446112000, -0.8310503000, -0.1128896000)
(0.5556979000, -0.8215489000, -0.1274789000)
(0.5080026000, -0.8515890000, -0.1292719000)
(0.5221062000, -0.8425562000, -0.1322372000)
(0.5246118000, -0.8403877000, -0.1360522000)
(0.5070863000, -0.8512799000, -0.1348439000)
(0.5234913000, -0.8414119000, -0.1340763000)
(0.5269796000, -0.8390893000, -0.1349815000)
(0.5258864000, -0.8400597000, -0.1331975000)
(0.5292308000, -0.8382285000, -0.1314421000)
(0.5216231000, -0.8427523000, -0.1329559000)
(0.5240951000, -0.8413808000, -0.1318240000)
(0.5323374000, -0.8368528000, -0.1275667000)
(0.5275613000, -0.8394225000, -0.1304793000)
(0.5316803000, -0.8396719000, -0.1106586000)
(0.5499793000, -0.8267633000, -0.1182362000)
(0.5434759000, -0.8311937000, -0.1171396000)
(0.5393551000, -0.8334380000, -0.1202607000)
(0.5323583000, -0.8389362000, -0.1129292000)
(0.5279987000, -0.8389869000, -0.1315322000)
(0.5488929000, -0.8283868000, -0.1117376000)
(0.3489586000, -0.9141182000, -0.2063733000)
(0.3964819000, -0.9121836000, -0.1034648000)
(0.3997208000, -0.9094176000, -0.1147497000)
(0.3883954000, -0.9150041000, -0.1090973000)
(0.3898818000, -0.9139884000, -0.1123107000)
(0.4649473000, -0.8841426000, -0.0458736700)
(0.5604481000, -0.8194534000, -0.1198689000)
(0.5525634000, -0.8251041000, -0.1177728000)
(0.5391576000, -0.8277934000, -0.1551097000)
(0.5646434000, -0.8170286000, -0.1167008000)
(0.5736653000, -0.8106453000, -0.1172932000)
(0.5579960000, -0.8211223000, -0.1199381000)
(0.5648785000, -0.8163896000, -0.1199700000)
(0.3571987000, -0.9207235000, -0.1570489000)
(0.3754105000, -0.9189227000, -0.1209405000)
(0.3540026000, -0.9268301000, -0.1251208000)
(0.3686852000, -0.9229594000, -0.1104729000)
(0.3668019000, -0.9236425000, -0.1110254000)
(0.3660915000, -0.9257496000, -0.0945882000)
(0.5373125000, -0.8352007000, -0.1171719000)
(0.5452528000, -0.8297344000, -0.1192757000)
(0.5509068000, -0.8259304000, -0.1197288000)
(0.3682678000, -0.9274352000, -0.0650138900)
(0.4555700000, -0.8876545000, -0.0671546400)
(0.4600005000, -0.8796952000, -0.1204992000)
(0.5262082000, -0.8407350000, -0.1275072000)
(0.5471799000, -0.8303159000, -0.1055710000)
(0.5384275000, -0.8356993000, -0.1081081000)
(0.5427626000, -0.8322695000, -0.1127938000)
(0.5533791000, -0.8239914000, -0.1216152000)
(0.5555467000, -0.8232323000, -0.1168538000)
(0.5227860000, -0.8459945000, -0.1047621000)
(0.4671149000, -0.8773223000, -0.1100308000)
(0.5403524000, -0.8353415000, -0.1009736000)
(0.5440357000, -0.8314329000, -0.1127732000)
(0.5460418000, -0.8285877000, -0.1235016000)
(0.5397608000, -0.8334960000, -0.1180341000)
(0.5441992000, -0.8307839000, -0.1167423000)
(0.5437077000, -0.8310953000, -0.1167710000)
(0.5459244000, -0.8298478000, -0.1153221000)
(0.5449232000, -0.8301728000, -0.1176509000)
(0.5419670000, -0.8329859000, -0.1113287000)
(0.5505321000, -0.8268272000, -0.1151903000)
(0.4674599000, -0.8819004000, -0.0608650000)
(0.5505066000, -0.8269644000, -0.1142084000)
(0.5507930000, -0.8263683000, -0.1171168000)
(0.5519994000, -0.8256666000, -0.1164833000)
(0.5519800000, -0.8257439000, -0.1160241000)
(0.5515155000, -0.8261119000, -0.1155550000)
(0.5534060000, -0.8247942000, -0.1159174000)
(0.5509329000, -0.8267331000, -0.1138376000)
(0.5432937000, -0.8311748000, -0.1181988000)
(0.3763611000, -0.9207125000, -0.1031477000)
(0.4033844000, -0.9098748000, -0.0969458700)
(0.5316545000, -0.8398978000, -0.1090795000)
(0.5440115000, -0.8317307000, -0.1106925000)
(0.3902710000, -0.9158611000, -0.0941321800)
(0.5558007000, -0.8239859000, -0.1101301000)
(0.5505837000, -0.8274322000, -0.1104515000)
(0.3847555000, -0.9193105000, -0.0825221600)
(0.4655579000, -0.8810217000, -0.0838883700)
(0.5597155000, -0.8210679000, -0.1120207000)
(0.5583454000, -0.8211305000, -0.1182389000)
(0.5610979000, -0.8195643000, -0.1161108000)
(0.5564461000, -0.8231687000, -0.1128491000)
(0.5349212000, -0.8352528000, -0.1272530000)
(0.5498486000, -0.8271038000, -0.1164616000)
(0.5559239000, -0.8233752000, -0.1139754000)
(0.5539986000, -0.8245333000, -0.1150025000)
(0.5552469000, -0.8237103000, -0.1148908000)
(0.5549180000, -0.8237482000, -0.1161204000)
(0.5534068000, -0.8234521000, -0.1251268000)
(0.5416650000, -0.8314799000, -0.1233880000)
(0.5512908000, -0.8260931000, -0.1167820000)
(0.5577020000, -0.8218045000, -0.1165512000)
(0.5589875000, -0.8210165000, -0.1159358000)
(0.5642727000, -0.8168086000, -0.1200032000)
(0.5443071000, -0.8305508000, -0.1178375000)
(0.5223550000, -0.8442235000, -0.1200523000)
(0.5344206000, -0.8352429000, -0.1293963000)
(0.5414949000, -0.8310578000, -0.1268901000)
(0.5374556000, -0.8340039000, -0.1247730000)
(0.5503391000, -0.8261704000, -0.1205911000)
(0.5397962000, -0.8320170000, -0.1279274000)
(0.5392302000, -0.8325629000, -0.1267184000)
(0.5251643000, -0.8403515000, -0.1341271000)
(0.5407227000, -0.8309048000, -0.1311949000)
(0.5467042000, -0.8274444000, -0.1282233000)
(0.5426837000, -0.8315142000, -0.1185336000)
(0.5452992000, -0.8299618000, -0.1174151000)
(0.5407298000, -0.8314531000, -0.1275524000)
(0.5323323000, -0.8355724000, -0.1357704000)
(0.5364040000, -0.8329913000, -0.1355410000)
(0.5386197000, -0.8314398000, -0.1363557000)
(0.5349230000, -0.8345218000, -0.1319926000)
(0.5344064000, -0.8350134000, -0.1309845000)
(0.5349904000, -0.8349444000, -0.1289287000)
(0.5317543000, -0.8340078000, -0.1471108000)
(0.5269210000, -0.8364372000, -0.1506871000)
(0.5271065000, -0.8369581000, -0.1470960000)
(0.5390189000, -0.8287675000, -0.1503089000)
(0.5368575000, -0.8312721000, -0.1440437000)
(0.5377463000, -0.8315174000, -0.1392608000)
(0.5370218000, -0.8316242000, -0.1414103000)
(0.5362492000, -0.8316349000, -0.1442496000)
(0.5351648000, -0.8321720000, -0.1451244000)
(0.5367730000, -0.8317279000, -0.1417021000)
(0.5141840000, -0.8467925000, -0.1361161000)
(0.5366336000, -0.8346334000, -0.1240361000)
(0.5413601000, -0.8313134000, -0.1257961000)
(0.5381094000, -0.8332312000, -0.1271068000)
(0.5368698000, -0.8324683000, -0.1368974000)
(0.5364808000, -0.8325097000, -0.1382496000)
(0.5415873000, -0.8282571000, -0.1437352000)
(0.5392577000, -0.8322681000, -0.1285386000)
(0.5326054000, -0.8387644000, -0.1131189000)
(0.5359988000, -0.8368577000, -0.1111107000)
(0.5351202000, -0.8367203000, -0.1162596000)
(0.5372007000, -0.8354399000, -0.1159943000)
(0.5354173000, -0.8359729000, -0.1202892000)
(0.5250737000, -0.8422661000, -0.1218833000)
(0.5250652000, -0.8420834000, -0.1232925000)
(0.5244218000, -0.8421918000, -0.1251674000)
(0.5260012000, -0.8410890000, -0.1260469000)
(0.5267544000, -0.8405720000, -0.1262566000)
(0.5288625000, -0.8397238000, -0.1230425000)
(0.5282830000, -0.8402227000, -0.1221194000)
(0.5280380000, -0.8404468000, -0.1216755000)
(0.5297777000, -0.8393120000, -0.1219617000)
(0.5314971000, -0.8381752000, -0.1223109000)
(0.5383543000, -0.8345294000, -0.1170806000)
(0.5381721000, -0.8347355000, -0.1164760000)
(0.5370408000, -0.8353652000, -0.1172642000)
(0.4973120000, -0.8549091000, -0.1475861000)
(0.3986318000, -0.8938383000, -0.2052293000)
(0.4494748000, -0.8841923000, -0.1271469000)
(0.5220071000, -0.8431377000, -0.1289006000)
(0.5205259000, -0.8446756000, -0.1247185000)
(0.5225486000, -0.8435040000, -0.1241848000)
(0.5247913000, -0.8435345000, -0.1141609000)
(0.5289301000, -0.8389716000, -0.1277839000)
(0.5269713000, -0.8409449000, -0.1228440000)
(0.5231954000, -0.8432160000, -0.1234482000)
(0.5233300000, -0.8429255000, -0.1248415000)
(0.5265658000, -0.8408132000, -0.1255401000)
(0.5271914000, -0.8404715000, -0.1250979000)
(0.5250619000, -0.8417562000, -0.1254987000)
(0.5269859000, -0.8401668000, -0.1279977000)
(0.5280281000, -0.8396906000, -0.1268306000)
(0.5291406000, -0.8389019000, -0.1274213000)
(0.5248324000, -0.8424062000, -0.1220382000)
(0.5268316000, -0.8410158000, -0.1229297000)
(0.5328258000, -0.8366777000, -0.1266520000)
(0.5330560000, -0.8367096000, -0.1255315000)
(0.5347455000, -0.8352231000, -0.1281603000)
(0.5334694000, -0.8362146000, -0.1270683000)
(0.5112653000, -0.8501749000, -0.1256197000)
(0.5301485000, -0.8384185000, -0.1264547000)
(0.5308145000, -0.8379650000, -0.1266667000)
(0.5325558000, -0.8367599000, -0.1272559000)
(0.5329037000, -0.8364562000, -0.1278091000)
(0.5303465000, -0.8412074000, -0.1052683000)
(0.5320537000, -0.8400248000, -0.1061144000)
(0.5320711000, -0.8399884000, -0.1063012000)
(0.5265971000, -0.8432227000, -0.1079572000)
(0.5317178000, -0.8397612000, -0.1098531000)
(0.5303088000, -0.8406280000, -0.1100303000)
(0.5295517000, -0.8412092000, -0.1091728000)
(0.5360780000, -0.8373038000, -0.1073122000)
(0.5328940000, -0.8400496000, -0.1016831000)
(0.5277843000, -0.8426271000, -0.1068365000)
(0.5281572000, -0.8426793000, -0.1044811000)
(0.5299416000, -0.8416612000, -0.1036951000)
(0.5319312000, -0.8404164000, -0.1035668000)
(0.5334912000, -0.8393110000, -0.1045496000)
(0.5311570000, -0.8406755000, -0.1053918000)
(0.5306374000, -0.8409163000, -0.1061171000)
(0.5309591000, -0.8405706000, -0.1072854000)
(0.5317445000, -0.8400551000, -0.1074540000)
(0.5272761000, -0.8421955000, -0.1125980000)
(0.5530128000, -0.8319344000, -0.0453505500)
(0.5443023000, -0.8260646000, -0.1460506000)
(0.5260463000, -0.8391266000, -0.1383480000)
(0.5297003000, -0.8369853000, -0.1372743000)
(0.5269024000, -0.8387309000, -0.1374751000)
(0.5300255000, -0.8366006000, -0.1384334000)
(0.5322832000, -0.8358480000, -0.1341808000)
(0.5306733000, -0.8369768000, -0.1335902000)
(0.5298974000, -0.8375182000, -0.1332057000)
(0.5299036000, -0.8375608000, -0.1329572000)
(0.5276827000, -0.8389987000, -0.1327362000)
(0.5275640000, -0.8394068000, -0.1305930000)
(0.5301951000, -0.8378850000, -0.1297240000)
(0.5318498000, -0.8367801000, -0.1300365000)
(0.5297213000, -0.8381312000, -0.1300930000)
(0.5273432000, -0.8392726000, -0.1323663000)
(0.5284039000, -0.8389087000, -0.1303505000)
(0.5335544000, -0.8345487000, -0.1372296000)
(0.5309466000, -0.8369086000, -0.1329441000)
(0.5292266000, -0.8381268000, -0.1321170000)
(0.5359688000, -0.8364099000, -0.1146369000)
(0.5227302000, -0.8450800000, -0.1122100000)
(0.5124938000, -0.8505917000, -0.1175995000)
(0.5158867000, -0.8487383000, -0.1161313000)
(0.5156131000, -0.8503819000, -0.1048054000)
(0.5288176000, -0.8413598000, -0.1115693000)
(0.5212351000, -0.8456985000, -0.1144059000)
(0.5185254000, -0.8481937000, -0.1080910000)
(0.5197689000, -0.8474220000, -0.1081711000)
(0.5246819000, -0.8434332000, -0.1154049000)
(0.5236944000, -0.8442190000, -0.1141619000)
(0.5246046000, -0.8434977000, -0.1152180000)
(0.5251848000, -0.8431268000, -0.1153724000)
(0.5249727000, -0.8433262000, -0.1148334000)
(0.5265890000, -0.8426309000, -0.1125411000)
(0.5251195000, -0.8438519000, -0.1102131000)
(0.5276557000, -0.8422241000, -0.1105578000)
(0.5272439000, -0.8425193000, -0.1102915000)
(0.5247174000, -0.8440053000, -0.1109311000)
(0.5253404000, -0.8436958000, -0.1103026000)
(0.5230481000, -0.8450699000, -0.1107827000)
(0.5222576000, -0.8455535000, -0.1107221000)
(0.5283670000, -0.8418468000, -0.1100580000)
(0.5244589000, -0.8452032000, -0.1027028000)
(0.5258386000, -0.8446547000, -0.1001149000)
(0.5206642000, -0.8475565000, -0.1027267000)
(0.5334013000, -0.8391600000, -0.1062016000)
(0.5228400000, -0.8457173000, -0.1067346000)
(0.5232010000, -0.8449290000, -0.1111313000)
(0.5230219000, -0.8448065000, -0.1128781000)
(0.5176336000, -0.8478473000, -0.1149214000)
(0.5155833000, -0.8489752000, -0.1157546000)
(0.5162727000, -0.8488446000, -0.1136153000)
(0.5163237000, -0.8486101000, -0.1150672000)
(0.5156800000, -0.8496688000, -0.1101120000)
(0.5130372000, -0.8511121000, -0.1112862000)
(0.5122359000, -0.8511834000, -0.1143452000)
(0.5159476000, -0.8484011000, -0.1182602000)
(0.5147820000, -0.8487770000, -0.1206410000)
(0.5147075000, -0.8489670000, -0.1195973000)
(0.5144996000, -0.8489395000, -0.1207618000)
(0.5129685000, -0.8499947000, -0.1198548000)
(0.5106655000, -0.8516330000, -0.1179916000)
(0.5020266000, -0.8579779000, -0.1087352000)
(0.4943973000, -0.8641898000, -0.0934206400)
(0.4731172000, -0.8747087000, -0.1049558000)
(0.4854538000, -0.8688936000, -0.0966181800)
(0.4886590000, -0.8671914000, -0.0957282300)
(0.4924240000, -0.8649926000, -0.0963591600)
(0.4872851000, -0.8680800000, -0.0947350900)
(0.4846747000, -0.8697469000, -0.0927757900)
(0.4793014000, -0.8728091000, -0.0919335600)
(0.4664900000, -0.8802287000, -0.0870143100)
(0.4861906000, -0.8688900000, -0.0928723700)
(0.4948870000, -0.8637486000, -0.0948765500)
(0.4944355000, -0.8640079000, -0.0949697000)
(0.4941554000, -0.8641987000, -0.0946567500)
(0.4944037000, -0.8639823000, -0.0952291700)
(0.4950465000, -0.8637649000, -0.0938839900)
(0.4949214000, -0.8636994000, -0.0952103200)
(0.4105038000, -0.9051639000, -0.1101991000)
(0.4120739000, -0.9041736000, -0.1124931000)
(0.4951202000, -0.8628362000, -0.1018239000)
(0.4966403000, -0.8619902000, -0.1014796000)
(0.4978777000, -0.8611981000, -0.1022467000)
(0.4862907000, -0.8677590000, -0.1024320000)
(0.4902368000, -0.8656107000, -0.1018164000)
(0.4912913000, -0.8652260000, -0.0999540900)
(0.4910493000, -0.8654914000, -0.0988775100)
(0.4884246000, -0.8669529000, -0.0990277000)
(0.3950992000, -0.9108481000, -0.1192920000)
(0.3515331000, -0.9325485000, -0.0822443900)
(0.5040401000, -0.8579834000, -0.0989076800)
(0.4882602000, -0.8676490000, -0.0935882300)
(0.4976341000, -0.8609037000, -0.1057593000)
(0.4586230000, -0.8808272000, -0.1174805000)
(0.0000000000, 0.0000000000, 0.0000000000)
(0.0000000000, 0.0000000000, 0.0000000000)
(0.0000000000, 0.0000000000, 0.0000000000)
(0.0000000000, 0.0000000000, 0.0000000000)
(0.0000000000, 0.0000000000, 0.0000000000)
(0.0000000000, 0.0000000000, 0.0000000000)
(0.3300503000, -0.9412141000, -0.0719474300)
(0.5268733000, -0.8410830000, -0.1222911000)
(0.5265458000, -0.8431048000, -0.1091362000)
(0.5353794000, -0.8362299000, -0.1186177000)
(0.5261765000, -0.8428869000, -0.1125320000)
(0.5221585000, -0.8452665000, -0.1133426000)
(0.5286606000, -0.8411730000, -0.1136495000)
(0.5286224000, -0.8411893000, -0.1137108000)
(0.5290194000, -0.8408001000, -0.1148271000)
(0.5307588000, -0.8394849000, -0.1163898000)
(0.5268319000, -0.8431808000, -0.1070882000)
(0.5060748000, -0.8549804000, -0.1135309000)
(0.4944347000, -0.8621044000, -0.1108527000)
(0.4858322000, -0.8668314000, -0.1120963000)
(0.4856943000, -0.8660007000, -0.1188238000)
(0.5259803000, -0.8430985000, -0.1119101000)
(0.5280215000, -0.8429027000, -0.1033392000)
(0.4754747000, -0.8723363000, -0.1137645000)
(0.5348616000, -0.8383738000, -0.1049935000)
(0.5365583000, -0.8372349000, -0.1054184000)
(0.5125102000, -0.8515430000, -0.1104179000)
(0.4887656000, -0.8654275000, -0.1100693000)
(0.4880413000, -0.8660713000, -0.1082426000)
(0.4959928000, -0.8610552000, -0.1120105000)
(0.5005193000, -0.8590543000, -0.1072310000)
(0.5012923000, -0.8585423000, -0.1077459000)
(0.5000878000, -0.8593465000, -0.1068787000)
(0.4994542000, -0.8596634000, -0.1072259000)
(0.4949288000, -0.8630361000, -0.1009283000)
(0.4950374000, -0.8623847000, -0.1058547000)
(0.4940141000, -0.8624285000, -0.1102378000)
(0.4963537000, -0.8612190000, -0.1091136000)
(0.4875342000, -0.8661345000, -0.1100371000)
(0.4077110000, -0.9050387000, -0.1210672000)
(0.4277133000, -0.8991426000, -0.0927034200)
(0.4898769000, -0.8653312000, -0.1058948000)
(0.4964028000, -0.8616900000, -0.1051642000)
(0.4889080000, -0.8660573000, -0.1044271000)
(0.5024807000, -0.8597045000, -0.0917166500)
(0.5002122000, -0.8615791000, -0.0863492600)
(0.4978493000, -0.8628395000, -0.0874511400)
(0.4975591000, -0.8628491000, -0.0888631600)
(0.4950917000, -0.8641833000, -0.0897866100)
(0.4964128000, -0.8633400000, -0.0905582900)
(0.4963293000, -0.8632902000, -0.0914390500)
(0.4977024000, -0.8623258000, -0.0931385600)
(0.4987837000, -0.8619301000, -0.0909723800)
(0.4983960000, -0.8621035000, -0.0914148100)
(0.4980915000, -0.8622831000, -0.0914619800)
(0.4949082000, -0.8636807000, -0.0953875900)
(0.5005800000, -0.8606125000, -0.0934771200)
(0.5006919000, -0.8605498000, -0.0935592100)
(0.5015079000, -0.8600609000, -0.0935873000)
(0.5013674000, -0.8601872000, -0.0931650300)
(0.5009770000, -0.8604065000, -0.0933602800)
(0.4998652000, -0.8611158000, -0.0927842300)
(0.5014563000, -0.8598890000, -0.0954743300)
(0.4971595000, -0.8624394000, -0.0949909800)
(0.4913144000, -0.8659239000, -0.0936717000)
(0.4935210000, -0.8646057000, -0.0941881600)
(0.4909056000, -0.8659527000, -0.0955611600)
(0.4920041000, -0.8653046000, -0.0957004600)
(0.4987823000, -0.8613551000, -0.0962567700)
(0.5002744000, -0.8604620000, -0.0964604800)
(0.4973517000, -0.8620696000, -0.0972479500)
(0.4859932000, -0.8683064000, -0.0992609600)
(0.4704663000, -0.8767202000, -0.1000469000)
(0.4671477000, -0.8777145000, -0.1066195000)
(0.4687948000, -0.8778329000, -0.0980628300)
(0.4876816000, -0.8674557000, -0.0984071200)
(0.4857616000, -0.8685393000, -0.0982987500)
(0.4937776000, -0.8640307000, -0.0981147500)
(0.4929766000, -0.8642919000, -0.0997351900)
(0.4899109000, -0.8661579000, -0.0987111900)
(0.4883331000, -0.8669493000, -0.0994898200)
(0.4898498000, -0.8659886000, -0.1004579000)
(0.4888543000, -0.8665326000, -0.1005835000)
(0.4884651000, -0.8667814000, -0.1003420000)
(0.4890589000, -0.8664727000, -0.1001788000)
(0.4915578000, -0.8649883000, -0.1007164000)
(0.4893860000, -0.8663003000, -0.0999658000)
(0.4843531000, -0.8690248000, -0.1008924000)
(0.4838972000, -0.8691919000, -0.1016098000)
(0.4880993000, -0.8668966000, -0.1011279000)
(0.4871255000, -0.8671254000, -0.1038114000)
(0.4869341000, -0.8675845000, -0.1008373000)
(0.4881537000, -0.8667958000, -0.1017392000)
(0.4947917000, -0.8628636000, -0.1031206000)
(0.4938346000, -0.8635914000, -0.1015908000)
(0.4984699000, -0.8607050000, -0.1033925000)
(0.4958223000, -0.8623991000, -0.1020489000)
(0.4993473000, -0.8601974000, -0.1033835000)
(0.5025717000, -0.8581733000, -0.1046288000)
(0.5025424000, -0.8582340000, -0.1042884000)
(0.5018365000, -0.8586581000, -0.1041704000)
(0.5048578000, -0.8568212000, -0.1046246000)
(0.5076503000, -0.8553878000, -0.1028415000)
(0.5051098000, -0.8570547000, -0.1015698000)
(0.5041030000, -0.8574539000, -0.1031786000)
(0.5033669000, -0.8578506000, -0.1034148000)
(0.5009598000, -0.8592900000, -0.1032325000)
(0.5017759000, -0.8586359000, -0.1046468000)
(0.5005120000, -0.8593547000, -0.1047425000)
(0.4956975000, -0.8624507000, -0.1022567000)
(0.4945071000, -0.8628368000, -0.1047024000)
(0.4972944000, -0.8610204000, -0.1064429000)
(0.4941563000, -0.8628246000, -0.1064431000)
(0.4977221000, -0.8606052000, -0.1077669000)
(0.5015187000, -0.8585041000, -0.1068833000)
(0.5022596000, -0.8580196000, -0.1074022000)
(0.4968260000, -0.8613508000, -0.1059259000)
(0.4817375000, -0.8701009000, -0.1040811000)
(0.4893639000, -0.8656583000, -0.1055505000)
(0.4859048000, -0.8672455000, -0.1084675000)
(0.4949173000, -0.8625687000, -0.1048984000)
(0.4947312000, -0.8626188000, -0.1054809000)
(0.4955712000, -0.8620020000, -0.1065611000)
(0.4976080000, -0.8610246000, -0.1049337000)
(0.4979523000, -0.8605782000, -0.1068724000)
(0.4951352000, -0.8624492000, -0.1048565000)
(0.4949804000, -0.8625638000, -0.1046337000)
(0.4973875000, -0.8610312000, -0.1059271000)
(0.4966154000, -0.8613417000, -0.1070488000)
(0.4977556000, -0.8609557000, -0.1048224000)
(0.4980437000, -0.8607272000, -0.1053446000)
(0.5146053000, -0.8517604000, -0.0982784100)
(0.5181249000, -0.8497054000, -0.0975492200)
(0.5187710000, -0.8493229000, -0.0975564300)
(0.5159557000, -0.8510821000, -0.0971092700)
(0.5077395000, -0.8558294000, -0.0987172100)
(0.5097097000, -0.8547851000, -0.0975756900)
(0.4870494000, -0.8667920000, -0.1069864000)
(0.5018972000, -0.8586643000, -0.1038869000)
(0.5202347000, -0.8485358000, -0.0965787500)
(0.5165138000, -0.8509886000, -0.0949865300)
(0.5003510000, -0.8601339000, -0.0990721400)
(0.4727366000, -0.8747248000, -0.1065556000)
(0.4956692000, -0.8627244000, -0.1000824000)
(0.4952313000, -0.8631094000, -0.0989136800)
(0.4943986000, -0.8634681000, -0.0998774200)
(0.4964547000, -0.8622689000, -0.0999846600)
(0.4950404000, -0.8632958000, -0.0981944400)
(0.4945702000, -0.8637490000, -0.0966215700)
(0.4916335000, -0.8655608000, -0.0952532000)
(0.4894943000, -0.8668374000, -0.0947848900)
(0.4902182000, -0.8663568000, -0.0953320900)
(0.4915034000, -0.8656923000, -0.0947644300)
(0.4880383000, -0.8673875000, -0.0971789400)
(0.4713205000, -0.8763270000, -0.0994310100)
(0.4702619000, -0.8768541000, -0.0997831500)
(0.4737557000, -0.8752997000, -0.0968535500)
(0.4761832000, -0.8737466000, -0.0989662900)
(0.4816326000, -0.8708138000, -0.0984610300)
(0.4891659000, -0.8665996000, -0.0985581100)
(0.4899862000, -0.8656322000, -0.1028485000)
(0.4891761000, -0.8660338000, -0.1033656000)
(0.4885229000, -0.8663470000, -0.1037238000)
(0.4886098000, -0.8662458000, -0.1042923000)
(0.4905440000, -0.8650339000, -0.1052159000)
(0.4914882000, -0.8645464000, -0.1047510000)
(0.4905984000, -0.8651707000, -0.1037411000)
(0.4921739000, -0.8644455000, -0.1024175000)
(0.4997267000, -0.8602936000, -0.1007433000)
(0.4782287000, -0.8724014000, -0.1009472000)
(0.4640979000, -0.8804798000, -0.0967302600)
(0.4096426000, -0.8968008000, -0.1670725000)
(0.4679409000, -0.8837481000, -0.0006909906)
(0.4985567000, -0.8545226000, -0.1456196000)
(0.4956030000, -0.8561386000, -0.1462667000)
(0.5002914000, -0.8531740000, -0.1475891000)
(0.5021603000, -0.8523440000, -0.1460648000)
(0.5022692000, -0.8522082000, -0.1464280000)
(0.5012030000, -0.8525517000, -0.1480628000)
(0.4957941000, -0.8560507000, -0.1461153000)
(0.4908354000, -0.8588842000, -0.1462475000)
(0.4916145000, -0.8593414000, -0.1408260000)
(0.5002096000, -0.8548636000, -0.1377251000)
(0.5020520000, -0.8535546000, -0.1392404000)
(0.5032879000, -0.8525950000, -0.1405557000)
(0.5034400000, -0.8525589000, -0.1402254000)
(0.5042201000, -0.8521509000, -0.1399606000)
(0.4981300000, -0.8556280000, -0.1405163000)
(0.5132294000, -0.8466553000, -0.1405762000)
(0.5152366000, -0.8453273000, -0.1412552000)
(0.5116214000, -0.8476558000, -0.1403978000)
(0.4937365000, -0.8615442000, -0.1181337000)
(0.5270197000, -0.8424828000, -0.1116480000)
(0.5360301000, -0.8381599000, -0.1007039000)
(0.5386466000, -0.8365830000, -0.0997918200)
(0.5246913000, -0.8428929000, -0.1191823000)
(0.5264779000, -0.8419675000, -0.1178238000)
(0.5286300000, -0.8408573000, -0.1161683000)
(0.5299193000, -0.8401510000, -0.1153863000)
(0.5440384000, -0.8325869000, -0.1039619000)
(0.5458101000, -0.8313537000, -0.1045929000)
(0.5457061000, -0.8312802000, -0.1055818000)
(0.5406538000, -0.8339593000, -0.1104357000)
(0.5389392000, -0.8349836000, -0.1110402000)
(0.5364622000, -0.8366922000, -0.1102152000)
(0.5355562000, -0.8372377000, -0.1104402000)
(0.5311025000, -0.8400271000, -0.1107779000)
(0.5289665000, -0.8414335000, -0.1103562000)
(0.4609095000, -0.8750921000, -0.1475326000)
(0.5166732000, -0.8442602000, -0.1422833000)
(0.5193770000, -0.8423908000, -0.1435378000)
(0.5163843000, -0.8440513000, -0.1446313000)
(0.5254927000, -0.8383321000, -0.1450492000)
(0.5253566000, -0.8378263000, -0.1484774000)
(0.5223393000, -0.8399369000, -0.1471617000)
(0.5210990000, -0.8410760000, -0.1449892000)
(0.5144960000, -0.8455446000, -0.1426311000)
(0.5084730000, -0.8494794000, -0.1408098000)
(0.5169301000, -0.8439645000, -0.1431843000)
(0.5229667000, -0.8400916000, -0.1439619000)
(0.5263533000, -0.8376866000, -0.1457008000)
(0.5268569000, -0.8373374000, -0.1458750000)
(0.5261749000, -0.8376417000, -0.1465418000)
(0.5207881000, -0.8413876000, -0.1443552000)
(0.5191962000, -0.8425299000, -0.1434215000)
(0.5248187000, -0.8387186000, -0.1452653000)
(0.5167311000, -0.8437087000, -0.1453885000)
(0.5132235000, -0.8457943000, -0.1456500000)
(0.5040284000, -0.8515800000, -0.1440864000)
(0.5014103000, -0.8535075000, -0.1417100000)
(0.5104886000, -0.8482099000, -0.1411536000)
(0.5231097000, -0.8397580000, -0.1454397000)
(0.5277030000, -0.8376106000, -0.1411223000)
(0.5267370000, -0.8382791000, -0.1407983000)
(0.5163246000, -0.8444607000, -0.1423565000)
(0.5230728000, -0.8404385000, -0.1415727000)
(0.5242610000, -0.8396910000, -0.1415655000)
(0.5289567000, -0.8365833000, -0.1425733000)
(0.5255737000, -0.8391916000, -0.1397495000)
(0.5212990000, -0.8413919000, -0.1424265000)
(0.5280344000, -0.8371148000, -0.1428309000)
(0.5284305000, -0.8431220000, -0.0994806600)
(0.5208609000, -0.8477631000, -0.0998938000)
(0.5220484000, -0.8472683000, -0.0979568200)
(0.5221168000, -0.8471870000, -0.0981744400)
(0.5151536000, -0.8504975000, -0.1060273000)
(0.5135894000, -0.8514491000, -0.1060733000)
(0.5149280000, -0.8506347000, -0.1060671000)
(0.5159239000, -0.8501384000, -0.1052201000)
(0.5186676000, -0.8483642000, -0.1060657000)
(0.5258596000, -0.8438773000, -0.1064487000)
(0.5251911000, -0.8442680000, -0.1065703000)
(0.5209339000, -0.8467719000, -0.1076400000)
(0.5232442000, -0.8456731000, -0.1050757000)
(0.5229713000, -0.8457966000, -0.1053889000)
(0.5207973000, -0.8467855000, -0.1081956000)
(0.5216653000, -0.8462122000, -0.1085253000)
(0.5226085000, -0.8456621000, -0.1082273000)
(0.5196170000, -0.8473752000, -0.1092869000)
(0.5191769000, -0.8477398000, -0.1084794000)
(0.5210937000, -0.8467944000, -0.1066343000)
(0.5192828000, -0.8480996000, -0.1052166000)
(0.5269036000, -0.8437355000, -0.1023301000)
(0.5253416000, -0.8447419000, -0.1020892000)
(0.5265691000, -0.8442146000, -0.0999876600)
(0.5272743000, -0.8436006000, -0.1015263000)
(0.5272382000, -0.8435134000, -0.1024523000)
(0.5278856000, -0.8430389000, -0.1029558000)
(0.5179306000, -0.8487881000, -0.1062698000)
(0.5282280000, -0.8426206000, -0.1046552000)
(0.5312026000, -0.8406925000, -0.1051589000)
(0.5336801000, -0.8392915000, -0.1037879000)
(0.5343639000, -0.8389089000, -0.1033141000)
(0.5108870000, -0.8524257000, -0.1111301000)
(0.5062690000, -0.8547501000, -0.1143124000)
(0.5075564000, -0.8543500000, -0.1115639000)
(0.5346957000, -0.8393552000, -0.0977684000)
(0.5345079000, -0.8394840000, -0.0976806600)
(0.5258666000, -0.8451436000, -0.0957605200)
(0.5283825000, -0.8430294000, -0.1004732000)
(0.5255020000, -0.8447682000, -0.1010014000)
(0.5291610000, -0.8428952000, -0.0975135900)
(0.5304339000, -0.8419604000, -0.0985578700)
(0.5310892000, -0.8416151000, -0.0980722400)
(0.5241027000, -0.8452697000, -0.1040860000)
(0.5295439000, -0.8424371000, -0.0993657500)
(0.5294013000, -0.8429274000, -0.0958738300)
(0.5297511000, -0.8428013000, -0.0950009700)
(0.5307359000, -0.8419820000, -0.0968389300)
(0.5270674000, -0.8434410000, -0.1038309000)
(0.5276693000, -0.8436555000, -0.0988891800)
(0.5291561000, -0.8427526000, -0.0987108800)
(0.5282676000, -0.8433596000, -0.0982536200)
(0.5297729000, -0.8424432000, -0.0980301400)
(0.5363572000, -0.8386837000, -0.0944581600)
(0.5370063000, -0.8374814000, -0.1011681000)
(0.5339237000, -0.8396438000, -0.0995704400)
(0.5277563000, -0.8430529000, -0.1035252000)
(0.5245134000, -0.8447430000, -0.1062563000)
(0.5220277000, -0.8459653000, -0.1086272000)
(0.5243785000, -0.8444017000, -0.1095696000)
(0.5276366000, -0.8422906000, -0.1100737000)
(0.5269735000, -0.8427604000, -0.1097159000)
(0.5282975000, -0.8420798000, -0.1086223000)
(0.5284235000, -0.8419845000, -0.1086967000)
(0.5279984000, -0.8423609000, -0.1078366000)
(0.5270737000, -0.8429547000, -0.1076639000)
(0.5263683000, -0.8432571000, -0.1088141000)
(0.5280053000, -0.8422546000, -0.1086790000)
(0.5294142000, -0.8413739000, -0.1085537000)
(0.5263491000, -0.8434876000, -0.1070546000)
(0.5254297000, -0.8437183000, -0.1097530000)
(0.5249389000, -0.8439771000, -0.1100925000)
(0.5274750000, -0.8428089000, -0.1069656000)
(0.5305568000, -0.8410775000, -0.1052323000)
(0.5287849000, -0.8423825000, -0.1037048000)
(0.5326343000, -0.8400310000, -0.1031099000)
(0.5330840000, -0.8399113000, -0.1018259000)
(0.5314851000, -0.8404735000, -0.1053550000)
(0.5276561000, -0.8430795000, -0.1038296000)
(0.5310150000, -0.8412207000, -0.1017320000)
(0.5315791000, -0.8407499000, -0.1027148000)
(0.5290465000, -0.8421302000, -0.1043981000)
(0.5300621000, -0.8413664000, -0.1054114000)
(0.5297220000, -0.8414189000, -0.1066794000)
(0.5314693000, -0.8403631000, -0.1064116000)
(0.5330338000, -0.8396650000, -0.1040676000)
(0.5321683000, -0.8402172000, -0.1039485000)
(0.5341632000, -0.8391776000, -0.1021956000)
(0.5346319000, -0.8388793000, -0.1021958000)
(0.5289677000, -0.8421221000, -0.1048713000)
(0.5303831000, -0.8412542000, -0.1048080000)
(0.5298048000, -0.8415540000, -0.1052139000)
(0.5330787000, -0.8394196000, -0.1057662000)
(0.5337733000, -0.8390482000, -0.1051685000)
(0.5449672000, -0.8327669000, -0.0973595500)
(0.5472882000, -0.8311833000, -0.0980291000)
(0.5466609000, -0.8319798000, -0.0945940100)
(0.5464975000, -0.8321158000, -0.0944571600)
(0.5476720000, -0.8312883000, -0.0948284600)
(0.5495584000, -0.8301397000, -0.0940800500)
(0.5426785000, -0.8330857000, -0.1070347000)
(0.5432816000, -0.8327208000, -0.1067989000)
(0.5436427000, -0.8312950000, -0.1156354000)
(0.5416961000, -0.8323200000, -0.1174090000)
(0.5420499000, -0.8318850000, -0.1188907000)
(0.5411008000, -0.8327786000, -0.1169259000)
(0.5275438000, -0.8422444000, -0.1108743000)
(0.5473513000, -0.8305314000, -0.1030711000)
(0.5507321000, -0.8284660000, -0.1016505000)
(0.5602991000, -0.8220957000, -0.1010475000)
(0.5566715000, -0.8249621000, -0.0976131000)
(0.5547931000, -0.8262441000, -0.0974764300)
(0.5543514000, -0.8265465000, -0.0974335000)
(0.5458192000, -0.8319862000, -0.0993559300)
(0.5524414000, -0.8272192000, -0.1024491000)
(0.5525981000, -0.8270667000, -0.1027905000)
(0.5537478000, -0.8260764000, -0.1045803000)
(0.5464237000, -0.8300911000, -0.1110955000)
(0.5497740000, -0.8279617000, -0.1105306000)
(0.5594567000, -0.8223031000, -0.1039866000)
(0.5541332000, -0.8259540000, -0.1035711000)
(0.5516891000, -0.8275766000, -0.1036788000)
(0.5509002000, -0.8279352000, -0.1050136000)
(0.5512075000, -0.8277779000, -0.1045827000)
(0.5491968000, -0.8290647000, -0.1049905000)
(0.5432308000, -0.8325503000, -0.1083032000)
(0.5423934000, -0.8329722000, -0.1093317000)
(0.5407031000, -0.8341060000, -0.1091172000)
(0.5409729000, -0.8340271000, -0.1082890000)
(0.5415025000, -0.8337002000, -0.1081929000)
(0.5534062000, -0.8261984000, -0.1054444000)
(0.5568871000, -0.8239677000, -0.1045129000)
(0.5554802000, -0.8249481000, -0.1042959000)
(0.5472509000, -0.8299397000, -0.1081468000)
(0.5323946000, -0.8384389000, -0.1164445000)
(0.5346341000, -0.8366086000, -0.1192749000)
(0.5384479000, -0.8347622000, -0.1150354000)
(0.5496389000, -0.8287034000, -0.1055133000)
(0.5544760000, -0.8257868000, -0.1029716000)
(0.5429885000, -0.8313295000, -0.1185375000)
(0.5356817000, -0.8351287000, -0.1248998000)
(0.5424144000, -0.8305896000, -0.1260194000)
(0.5387744000, -0.8338053000, -0.1203695000)
(0.5378824000, -0.8340031000, -0.1228792000)
(0.5420636000, -0.8309579000, -0.1251728000)
(0.5431839000, -0.8302412000, -0.1250433000)
(0.5422477000, -0.8308380000, -0.1251766000)
(0.5443033000, -0.8291776000, -0.1271566000)
(0.5471320000, -0.8259978000, -0.1355087000)
(0.5537624000, -0.8225905000, -0.1290875000)
(0.5514438000, -0.8245130000, -0.1268092000)
(0.5483034000, -0.8264620000, -0.1277035000)
(0.5495951000, -0.8252342000, -0.1300748000)
(0.5425777000, -0.8288141000, -0.1365683000)
(0.5440918000, -0.8277939000, -0.1367227000)
(0.5448445000, -0.8268497000, -0.1394141000)
(0.5458443000, -0.8261101000, -0.1398893000)
(0.5453978000, -0.8264983000, -0.1393383000)
(0.5474196000, -0.8251992000, -0.1391936000)
(0.5475459000, -0.8250820000, -0.1393954000)
(0.5473868000, -0.8253240000, -0.1385478000)
(0.5473472000, -0.8257614000, -0.1360501000)
(0.5467088000, -0.8263583000, -0.1350547000)
(0.5468731000, -0.8261362000, -0.1357013000)
(0.5480982000, -0.8253930000, -0.1352521000)
(0.5475690000, -0.8254774000, -0.1369395000)
(0.5468873000, -0.8259763000, -0.1365837000)
(0.5460132000, -0.8263844000, -0.1376055000)
(0.5454069000, -0.8262875000, -0.1405519000)
(0.5460446000, -0.8260504000, -0.1394718000)
(0.5483135000, -0.8245773000, -0.1393231000)
(0.5518622000, -0.8230052000, -0.1344994000)
(0.5495328000, -0.8245367000, -0.1346367000)
(0.5524722000, -0.8229241000, -0.1325323000)
(0.5510055000, -0.8234802000, -0.1351594000)
(0.5491582000, -0.8250645000, -0.1330127000)
(0.5474480000, -0.8263033000, -0.1323196000)
(0.5471085000, -0.8270118000, -0.1292239000)
(0.5462347000, -0.8270117000, -0.1329281000)
(0.5476924000, -0.8260317000, -0.1330446000)
(0.5502905000, -0.8241218000, -0.1340632000)
(0.5497575000, -0.8246158000, -0.1332864000)
(0.5481718000, -0.8257877000, -0.1325513000)
(0.5479560000, -0.8258364000, -0.1331309000)
(0.5448343000, -0.8277828000, -0.1338662000)
(0.5444813000, -0.8280171000, -0.1338251000)
(0.5465454000, -0.8266054000, -0.1341395000)
(0.5472634000, -0.8261802000, -0.1338067000)
(0.5466695000, -0.8265362000, -0.1340939000)
(0.5467712000, -0.8265094000, -0.1337820000)
(0.5459480000, -0.8268899000, -0.1347841000)
(0.5455189000, -0.8270781000, -0.1354155000)
(0.5457042000, -0.8269030000, -0.1357181000)
(0.5465825000, -0.8262632000, -0.1360799000)
(0.5470675000, -0.8260571000, -0.1353610000)
(0.5472110000, -0.8259522000, -0.1354756000)
(0.5469307000, -0.8261279000, -0.1354595000)
(0.5466279000, -0.8263873000, -0.1351972000)
(0.5463836000, -0.8264945000, -0.1355349000)
(0.5495024000, -0.8244149000, -0.1354952000)
(0.5481550000, -0.8254271000, -0.1348075000)
(0.5484293000, -0.8251893000, -0.1351239000)
(0.5502098000, -0.8238798000, -0.1358866000)
(0.5497249000, -0.8242844000, -0.1354313000)
(0.5484864000, -0.8250792000, -0.1356508000)
(0.5487142000, -0.8250008000, -0.1351723000)
(0.5488223000, -0.8249294000, -0.1352089000)
(0.5489689000, -0.8247896000, -0.1354436000)
(0.5490938000, -0.8248173000, -0.1347943000)
(0.5503273000, -0.8240973000, -0.1341305000)
(0.5506697000, -0.8239853000, -0.1333815000)
(0.5523998000, -0.8227059000, -0.1340961000)
(0.5523316000, -0.8227404000, -0.1341505000)
(0.5529401000, -0.8223652000, -0.1339941000)
(0.5528710000, -0.8223817000, -0.1342355000)
(0.5535665000, -0.8218026000, -0.1349129000)
(0.5541406000, -0.8214018000, -0.1349229000)
(0.5576066000, -0.8191946000, -0.1341287000)
(0.5590219000, -0.8185993000, -0.1318200000)
(0.5581138000, -0.8190360000, -0.1329617000)
(0.5578886000, -0.8192556000, -0.1325555000)
(0.5584421000, -0.8187214000, -0.1334625000)
(0.5575215000, -0.8192992000, -0.1338412000)
(0.5579325000, -0.8190138000, -0.1337787000)
(0.5569583000, -0.8196051000, -0.1342588000)
(0.5579461000, -0.8189102000, -0.1344672000)
(0.5580973000, -0.8188089000, -0.1343912000)
(0.5603673000, -0.8171843000, -0.1348429000)
(0.5603502000, -0.8172684000, -0.1344600000)
(0.5610043000, -0.8168162000, -0.1343817000)
(0.5633953000, -0.8157375000, -0.1309599000)
(0.5603862000, -0.8180134000, -0.1296137000)
(0.5555501000, -0.8242377000, -0.1094672000)
(0.4990044000, -0.8627119000, -0.0818054800)
(0.4327392000, -0.8973847000, -0.0861915200)
(0.4529392000, -0.8884618000, -0.0738149700)
(0.4647813000, -0.8822337000, -0.0749748300)
(0.4796739000, -0.8740929000, -0.0765127200)
(0.4803691000, -0.8739243000, -0.0741143300)
(0.4711039000, -0.8787641000, -0.0763278100)
(0.4579521000, -0.8851873000, -0.0819774500)
(0.4685951000, -0.8798478000, -0.0791807100)
(0.4699292000, -0.8792355000, -0.0781571000)
(0.4781103000, -0.8748693000, -0.0773620800)
(0.4812503000, -0.8729321000, -0.0798776800)
(0.4836429000, -0.8716380000, -0.0794908600)
(0.4825760000, -0.8723388000, -0.0782424700)
(0.4826963000, -0.8722224000, -0.0788880500)
(0.4823445000, -0.8723741000, -0.0793430400)
(0.4795217000, -0.8740419000, -0.0780844900)
(0.4790781000, -0.8742235000, -0.0787731000)
(0.4802722000, -0.8735064000, -0.0794300100)
(0.4813013000, -0.8729234000, -0.0796610000)
(0.4815284000, -0.8727505000, -0.0800592400)
(0.4821162000, -0.8724090000, -0.0802858200)
(0.4816155000, -0.8728225000, -0.0788218500)
(0.4764403000, -0.8757658000, -0.0775228300)
(0.4738859000, -0.8773704000, -0.0750584500)
(0.4775188000, -0.8752413000, -0.0768103600)
(0.4780664000, -0.8750193000, -0.0759271100)
(0.4830927000, -0.8721897000, -0.0766817500)
(0.4778588000, -0.8752246000, -0.0749521600)
(0.4792268000, -0.8743590000, -0.0762430700)
(0.4843204000, -0.8715353000, -0.0763956200)
(0.4871021000, -0.8698668000, -0.0777446900)
(0.4815378000, -0.8735437000, -0.0708264200)
(0.4833273000, -0.8725173000, -0.0714059800)
(0.4425634000, -0.8948392000, -0.0582300400)
(0.4736701000, -0.8779436000, -0.0695835200)
(0.4707913000, -0.8795740000, -0.0685164300)
(0.4787314000, -0.8753012000, -0.0680867600)
(0.4805480000, -0.8741155000, -0.0706420100)
(0.4830248000, -0.8726521000, -0.0717285000)
(0.4858367000, -0.8708120000, -0.0749698100)
(0.4807854000, -0.8736607000, -0.0744873400)
(0.4836779000, -0.8719733000, -0.0755025200)
(0.4873097000, -0.8696520000, -0.0789171600)
(0.4871760000, -0.8697383000, -0.0788049600)
(0.4674198000, -0.8810818000, -0.0721428900)
(0.4610602000, -0.8843799000, -0.0725772200)
(0.4549922000, -0.8875369000, -0.0724050600)
(0.4444973000, -0.8921025000, -0.0809851400)
(0.4505224000, -0.8890392000, -0.0812902800)
(0.4860778000, -0.8697731000, -0.0848938900)
(0.4904723000, -0.8670405000, -0.0875710200)
(0.4904136000, -0.8671522000, -0.0867034300)
(0.4917821000, -0.8664165000, -0.0863135200)
(0.4935514000, -0.8651690000, -0.0888082900)
(0.4946525000, -0.8646554000, -0.0876449300)
(0.4942641000, -0.8647026000, -0.0893040500)
(0.4943968000, -0.8645081000, -0.0905040100)
(0.4971624000, -0.8628553000, -0.0909945500)
(0.4964243000, -0.8631659000, -0.0920693500)
(0.4988170000, -0.8615069000, -0.0947745100)
(0.5055982000, -0.8580087000, -0.0904593800)
(0.5045211000, -0.8583677000, -0.0929621500)
(0.4910908000, -0.8658640000, -0.0954159400)
(0.4901997000, -0.8665284000, -0.0938967700)
(0.4969286000, -0.8630003000, -0.0910234200)
(0.4925969000, -0.8652037000, -0.0935415900)
(0.5005897000, -0.8605391000, -0.0941035300)
(0.4988661000, -0.8607786000, -0.1008048000)
(0.4980197000, -0.8611667000, -0.1017556000)
(0.4966628000, -0.8619837000, -0.1015000000)
(0.4971617000, -0.8614503000, -0.1034910000)
(0.4934472000, -0.8636959000, -0.1026092000)
(0.4941370000, -0.8634313000, -0.1014948000)
(0.5117700000, -0.8518325000, -0.1115547000)
(0.5033991000, -0.8580455000, -0.1015810000)
(0.4991201000, -0.8607237000, -0.1000272000)
(0.4925426000, -0.8638827000, -0.1053250000)
(0.4855918000, -0.8674656000, -0.1080815000)
(0.5050299000, -0.8572582000, -0.1002078000)
(0.5099551000, -0.8546782000, -0.0971590900)
(0.5062782000, -0.8566419000, -0.0991416600)
(0.5074133000, -0.8559669000, -0.0991713300)
(0.5014469000, -0.8593314000, -0.1004058000)
(0.5033649000, -0.8583738000, -0.0989904900)
(0.5035364000, -0.8585212000, -0.0968659400)
(0.5018958000, -0.8594437000, -0.0971825100)
(0.5078197000, -0.8561447000, -0.0954612300)
(0.5159289000, -0.8504872000, -0.1022683000)
(0.5065383000, -0.8559214000, -0.1039232000)
(0.5060525000, -0.8567754000, -0.0992002000)
(0.5110483000, -0.8539160000, -0.0982527700)
(0.5121228000, -0.8534852000, -0.0962855800)
(0.5124568000, -0.8533366000, -0.0957844600)
(0.5112126000, -0.8532954000, -0.1025877000)
(0.5087976000, -0.8542713000, -0.1064435000)
(0.5073707000, -0.8549021000, -0.1081478000)
(0.5082766000, -0.8542250000, -0.1092215000)
(0.5086014000, -0.8540342000, -0.1092926000)
(0.5082232000, -0.8543166000, -0.1087748000)
(0.5107861000, -0.8529428000, -0.1075297000)
(0.5095443000, -0.8538615000, -0.1061788000)
(0.5113155000, -0.8528723000, -0.1056452000)
(0.5140329000, -0.8514159000, -0.1041400000)
(0.5179427000, -0.8494304000, -0.1009850000)
(0.5156905000, -0.8504133000, -0.1041875000)
(0.5132278000, -0.8515030000, -0.1073206000)
(0.5105422000, -0.8525957000, -0.1114657000)
(0.5085601000, -0.8536889000, -0.1121576000)
(0.5080935000, -0.8539001000, -0.1125413000)
(0.5108535000, -0.8520492000, -0.1140765000)
(0.5207923000, -0.8481814000, -0.0966891900)
(0.5214062000, -0.8477923000, -0.0968073300)
(0.5204062000, -0.8484383000, -0.0964531500)
(0.5192879000, -0.8491907000, -0.0959029200)
(0.5198497000, -0.8488477000, -0.0958604100)
(0.5222477000, -0.8477898000, -0.0920796800)
(0.5209691000, -0.8483594000, -0.0942041800)
(0.5189003000, -0.8490725000, -0.0989493400)
(0.5253475000, -0.8459383000, -0.0916166500)
(0.5223999000, -0.8477409000, -0.0917052900)
(0.5224212000, -0.8477766000, -0.0912914800)
(0.5225897000, -0.8477098000, -0.0908810000)
(0.5224582000, -0.8478853000, -0.0901425800)
(0.5196795000, -0.8484777000, -0.1000409000)
(0.5121654000, -0.8519177000, -0.1091198000)
(0.5134091000, -0.8509681000, -0.1106856000)
(0.5228981000, -0.8474023000, -0.0920804600)
(0.5250951000, -0.8463713000, -0.0889635200)
(0.5243914000, -0.8467556000, -0.0895168900)
(0.5250364000, -0.8462842000, -0.0900833900)
(0.5240229000, -0.8467365000, -0.0917910300)
(0.5205395000, -0.8486173000, -0.0941761200)
(0.5140571000, -0.8516116000, -0.1024145000)
(0.5155592000, -0.8507285000, -0.1022627000)
(0.5181446000, -0.8494912000, -0.0993216700)
(0.5181349000, -0.8495580000, -0.0988452300)
(0.5191059000, -0.8490440000, -0.0981154400)
(0.5199464000, -0.8487840000, -0.0959690600)
(0.5180234000, -0.8496972000, -0.0981557100)
(0.5129724000, -0.8516865000, -0.1070549000)
(0.5108635000, -0.8527385000, -0.1087517000)
(0.5109156000, -0.8532810000, -0.1042450000)
(0.5130201000, -0.8523147000, -0.1017508000)
(0.5142179000, -0.8519098000, -0.0989999100)
(0.5146975000, -0.8516002000, -0.0992405900)
(0.5156276000, -0.8509829000, -0.0997603600)
(0.5166386000, -0.8505075000, -0.0985762400)
(0.5103514000, -0.8532728000, -0.1070626000)
(0.5088444000, -0.8539415000, -0.1088119000)
(0.5099934000, -0.8532565000, -0.1087932000)
(0.5177595000, -0.8491256000, -0.1044018000)
(0.5231382000, -0.8461453000, -0.1017224000)
(0.5297930000, -0.8427240000, -0.0955042700)
(0.5300927000, -0.8425015000, -0.0958165600)
(0.5291551000, -0.8430406000, -0.0962405500)
(0.5265344000, -0.8448064000, -0.0951280600)
(0.5189911000, -0.8488916000, -0.1001419000)
(0.5127213000, -0.8530726000, -0.0967066700)
(0.4886942000, -0.8652464000, -0.1117978000)
(0.5004449000, -0.8580123000, -0.1155597000)
(0.5102342000, -0.8519995000, -0.1172161000)
(0.5114667000, -0.8512485000, -0.1172733000)
(0.5103765000, -0.8519745000, -0.1167343000)
(0.5109196000, -0.8516968000, -0.1164418000)
(0.4985301000, -0.8585395000, -0.1198240000)
(0.5006740000, -0.8572578000, -0.1200283000)
(0.4947341000, -0.8610200000, -0.1178007000)
(0.4904376000, -0.8636775000, -0.1162412000)
(0.4809404000, -0.8695273000, -0.1123256000)
(0.4913462000, -0.8634278000, -0.1142920000)
(0.5038518000, -0.8558651000, -0.1166207000)
(0.5112866000, -0.8512849000, -0.1177843000)
(0.5119624000, -0.8511337000, -0.1159056000)
(0.5075928000, -0.8541285000, -0.1130993000)
(0.5031595000, -0.8568488000, -0.1123081000)
(0.4981934000, -0.8598638000, -0.1114984000)
(0.4972748000, -0.8604177000, -0.1113192000)
(0.4963333000, -0.8612991000, -0.1086173000)
(0.4913979000, -0.8641180000, -0.1087369000)
(0.4885792000, -0.8657534000, -0.1084164000)
(0.5041376000, -0.8569434000, -0.1071679000)
(0.5120753000, -0.8516245000, -0.1118652000)
(0.5130690000, -0.8510201000, -0.1118008000)
(0.5132576000, -0.8509043000, -0.1118735000)
(0.5134696000, -0.8508044000, -0.1116003000)
(0.5135961000, -0.8505359000, -0.1130815000)
(0.5136466000, -0.8504803000, -0.1132788000)
(0.5135572000, -0.8504514000, -0.1138470000)
(0.5118433000, -0.8514979000, -0.1137516000)
(0.5121877000, -0.8512714000, -0.1139185000)
(0.4790385000, -0.8713272000, -0.1062019000)
(0.4715070000, -0.8757336000, -0.1037099000)
(0.4755522000, -0.8733352000, -0.1055058000)
(0.4743799000, -0.8740419000, -0.1048811000)
(0.4913297000, -0.8644108000, -0.1065866000)
(0.4931488000, -0.8633471000, -0.1068704000)
(0.4923026000, -0.8637660000, -0.1073722000)
(0.4983863000, -0.8603072000, -0.1071267000)
(0.4968443000, -0.8612649000, -0.1065915000)
(0.4977503000, -0.8606424000, -0.1073354000)
(0.4277274000, -0.9005585000, -0.0776746100)
(0.4246730000, -0.9020805000, -0.0767556400)
(0.4268988000, -0.9015130000, -0.0709017300)
(0.4550860000, -0.8861116000, -0.0877032700)
(0.4956376000, -0.8623272000, -0.1035045000)
(0.4955974000, -0.8623583000, -0.1035309000)
(0.5196321000, -0.8469434000, -0.1125320000)
(0.5218158000, -0.8454724000, -0.1135019000)
(0.5231933000, -0.8446413000, -0.1132882000)
(0.5204360000, -0.8464713000, -0.1123806000)
(0.5187809000, -0.8475797000, -0.1115656000)
(0.5202283000, -0.8466982000, -0.1115919000)
(0.5218860000, -0.8455808000, -0.1122920000)
(0.5226889000, -0.8450435000, -0.1126780000)
(0.5224390000, -0.8453078000, -0.1117578000)
(0.5225664000, -0.8452349000, -0.1117171000)
(0.4977346000, -0.8611987000, -0.1029310000)
(0.5123071000, -0.8519754000, -0.1080274000)
(0.5202504000, -0.8469769000, -0.1092831000)
(0.5219640000, -0.8458881000, -0.1096004000)
(0.5241724000, -0.8444699000, -0.1100270000)
(0.5239755000, -0.8446904000, -0.1092983000)
(0.5246350000, -0.8443182000, -0.1090136000)
(0.5233256000, -0.8451335000, -0.1088554000)
(0.5048255000, -0.8567790000, -0.1051750000)
(0.5162794000, -0.8496782000, -0.1071079000)
(0.5215328000, -0.8464475000, -0.1073372000)
(0.5226114000, -0.8456998000, -0.1079631000)
(0.5217164000, -0.8463159000, -0.1073919000)
(0.5195474000, -0.8477803000, -0.1064578000)
(0.5220442000, -0.8461650000, -0.1071109000)
(0.5208009000, -0.8470560000, -0.1060434000)
(0.5223370000, -0.8460997000, -0.1060814000)
(0.5253210000, -0.8442259000, -0.1063158000)
(0.5215288000, -0.8466168000, -0.1059208000)
(0.5182296000, -0.8485686000, -0.1065641000)
(0.5117528000, -0.8524927000, -0.1065231000)
(0.5114474000, -0.8528278000, -0.1053422000)
(0.5140750000, -0.8512371000, -0.1054053000)
(0.5047482000, -0.8567905000, -0.1055009000)
(0.4990579000, -0.8605329000, -0.1020763000)
(0.5085850000, -0.8548141000, -0.1030101000)
(0.5105054000, -0.8536344000, -0.1033600000)
(0.5071386000, -0.8557968000, -0.1019533000)
(0.5104184000, -0.8535815000, -0.1042022000)
(0.5167729000, -0.8498363000, -0.1034138000)
(0.5104864000, -0.8536596000, -0.1031652000)
(0.5129494000, -0.8522550000, -0.1026196000)
(0.5277503000, -0.8427193000, -0.1062088000)
(0.5287558000, -0.8421798000, -0.1054588000)
(0.5306690000, -0.8409967000, -0.1053786000)
(0.5261229000, -0.8438662000, -0.1052688000)
(0.5232261000, -0.8455374000, -0.1061921000)
(0.5233542000, -0.8455702000, -0.1052797000)
(0.5292795000, -0.8420333000, -0.1040974000)
(0.5291939000, -0.8420159000, -0.1045768000)
(0.5298659000, -0.8416908000, -0.1037869000)
(0.5319763000, -0.8402129000, -0.1049454000)
(0.5319797000, -0.8402456000, -0.1047632000)
(0.5328981000, -0.8397613000, -0.1039534000)
(0.5318611000, -0.8401803000, -0.1059211000)
(0.5308056000, -0.8407785000, -0.1064237000)
(0.5262879000, -0.8431642000, -0.1099363000)
(0.5270137000, -0.8425922000, -0.1107485000)
(0.5287948000, -0.8416060000, -0.1098582000)
(0.5279636000, -0.8423420000, -0.1082031000)
(0.5291584000, -0.8417418000, -0.1069539000)
(0.5296488000, -0.8416081000, -0.1056110000)
(0.5314673000, -0.8404276000, -0.1058892000)
(0.5307770000, -0.8410894000, -0.1040116000)
(0.5301729000, -0.8413242000, -0.1051997000)
(0.5302795000, -0.8413379000, -0.1045943000)
(0.5283858000, -0.8426990000, -0.1031520000)
(0.5266271000, -0.8437898000, -0.1032317000)
(0.5292589000, -0.8422161000, -0.1026762000)
(0.5286315000, -0.8424845000, -0.1036707000)
(0.5286586000, -0.8425000000, -0.1033929000)
(0.5283308000, -0.8427285000, -0.1032949000)
(0.5287877000, -0.8424408000, -0.1032850000)
(0.5270884000, -0.8435653000, -0.1028022000)
(0.5155888000, -0.8503954000, -0.1047301000)
(0.4008019000, -0.9094809000, -0.1104431000)
(0.4036513000, -0.9087714000, -0.1056871000)
(0.5083507000, -0.8553461000, -0.0997065700)
(0.5116427000, -0.8530869000, -0.1022652000)
(0.5149231000, -0.8506454000, -0.1060272000)
(0.5138788000, -0.8514355000, -0.1046981000)
(0.5057178000, -0.8566548000, -0.1018145000)
(0.5138177000, -0.8516000000, -0.1036562000)
(0.5241522000, -0.8449097000, -0.1066401000)
(0.5274223000, -0.8427965000, -0.1072672000)
(0.5255166000, -0.8438429000, -0.1083856000)
(0.5212321000, -0.8471531000, -0.1030948000)
(0.5319579000, -0.8401518000, -0.1056273000)
(0.5297327000, -0.8415964000, -0.1052754000)
(0.5320039000, -0.8402795000, -0.1043799000)
(0.5306582000, -0.8407729000, -0.1071932000)
(0.5288557000, -0.8421968000, -0.1049402000)
(0.5343916000, -0.8387678000, -0.1042338000)
(0.5356723000, -0.8379374000, -0.1044528000)
(0.5311337000, -0.8409340000, -0.1034391000)
(0.5284631000, -0.8426423000, -0.1033249000)
(0.5368643000, -0.8372193000, -0.1040321000)
(0.5372575000, -0.8368856000, -0.1046423000)
(0.5328197000, -0.8396428000, -0.1052839000)
(0.5187363000, -0.8478746000, -0.1095743000)
(0.5230332000, -0.8454661000, -0.1077949000)
(0.5249392000, -0.8442777000, -0.1077561000)
(0.5247994000, -0.8436026000, -0.1135397000)
(0.5282272000, -0.8420038000, -0.1095374000)
(0.5459353000, -0.8308765000, -0.1076771000)
(0.5279999000, -0.8419677000, -0.1109280000)
(0.5395330000, -0.8352517000, -0.1060057000)
(0.5270399000, -0.8418082000, -0.1165040000)
(0.5331251000, -0.8383971000, -0.1133073000)
(0.5331625000, -0.8389099000, -0.1093955000)
(0.5293324000, -0.8420910000, -0.1033709000)
(0.5167536000, -0.8487338000, -0.1123101000)
(0.5158910000, -0.8496076000, -0.1095565000)
(0.5123101000, -0.8522091000, -0.1060849000)
(0.5318083000, -0.8404963000, -0.1036295000)
(0.5337634000, -0.8388962000, -0.1065196000)
(0.5336818000, -0.8389590000, -0.1063365000)
(0.5347898000, -0.8380428000, -0.1080085000)
(0.5341363000, -0.8384364000, -0.1081896000)
(0.5341328000, -0.8384737000, -0.1079566000)
(0.5344982000, -0.8382792000, -0.1076098000)
(0.5280790000, -0.8419732000, -0.1105107000)
(0.5362453000, -0.8362153000, -0.1147819000)
(0.5347856000, -0.8371496000, -0.1148076000)
(0.5163880000, -0.8507344000, -0.0978481500)
(0.5287824000, -0.8419398000, -0.1073329000)
(0.5300368000, -0.8408783000, -0.1093877000)
(0.5263289000, -0.8418999000, -0.1189622000)
(0.5233524000, -0.8444268000, -0.1140988000)
(0.5308027000, -0.8398052000, -0.1138146000)
(0.5286220000, -0.8418380000, -0.1088384000)
(0.5283583000, -0.8414990000, -0.1126640000)
(0.5273193000, -0.8422864000, -0.1116218000)
(0.5262135000, -0.8432868000, -0.1093658000)
(0.5281659000, -0.8422742000, -0.1076399000)
(0.5282366000, -0.8423008000, -0.1071894000)
(0.5280298000, -0.8423936000, -0.1073906000)
(0.5305394000, -0.8405846000, -0.1091886000)
(0.5340765000, -0.8379550000, -0.1121256000)
(0.5357473000, -0.8373545000, -0.1085644000)
(0.5326653000, -0.8387014000, -0.1133393000)
(0.5333346000, -0.8382820000, -0.1132571000)
(0.5470412000, -0.8296337000, -0.1115741000)
(0.5400026000, -0.8344918000, -0.1095003000)
(0.5418865000, -0.8334388000, -0.1082917000)
(0.5411316000, -0.8341232000, -0.1068335000)
(0.5377621000, -0.8364732000, -0.1054057000)
(0.5369685000, -0.8340158000, -0.1267993000)
(0.2689123000, -0.9630554000, -0.0132793000)
(0.2085720000, -0.9752746000, -0.0728895900)
(0.3922304000, -0.9044271000, -0.1677973000)
(0.2895754000, -0.9340336000, -0.2090291000)
(0.2700660000, -0.9358169000, -0.2264897000)
(0.2721646000, -0.9287167000, -0.2517648000)
(0.2716907000, -0.9291855000, -0.2505452000)
(0.2992037000, -0.9242347000, -0.2371993000)
(0.4679294000, -0.8581309000, -0.2112746000)
(0.4634883000, -0.8606747000, -0.2107242000)
(0.4570392000, -0.8645582000, -0.2088952000)
(0.4587975000, -0.8638508000, -0.2079737000)
(0.4576714000, -0.8645222000, -0.2076303000)
(0.4388597000, -0.8738577000, -0.2091860000)
(0.4292224000, -0.8790780000, -0.2072646000)
(0.4343868000, -0.8762123000, -0.2086437000)
(0.4422120000, -0.8718046000, -0.2106806000)
(0.4460046000, -0.8699361000, -0.2104129000)
(0.4419311000, -0.8722038000, -0.2095847000)
(0.4402012000, -0.8741556000, -0.2050800000)
(0.4331502000, -0.8775489000, -0.2056382000)
(0.4354201000, -0.8764840000, -0.2053717000)
(0.4215760000, -0.8847014000, -0.1989289000)
(0.4290758000, -0.8795522000, -0.2056102000)
(0.4373992000, -0.8753902000, -0.2058362000)
(0.4414977000, -0.8734582000, -0.2053013000)
(0.4378159000, -0.8754556000, -0.2046188000)
(0.4401772000, -0.8751773000, -0.2007319000)
(0.4340755000, -0.8784783000, -0.1995797000)
(0.4409910000, -0.8747240000, -0.2009291000)
(0.4374013000, -0.8764228000, -0.2013269000)
(0.4279663000, -0.8814207000, -0.1998306000)
(0.4342511000, -0.8765390000, -0.2076069000)
(0.4531329000, -0.8666008000, -0.2089278000)
(0.4446070000, -0.8718727000, -0.2053255000)
(0.4700045000, -0.8577707000, -0.2081425000)
(0.4705430000, -0.8575253000, -0.2078682000)
(0.4693930000, -0.8579218000, -0.2088504000)
(0.4662001000, -0.8595671000, -0.2092514000)
(0.4650146000, -0.8601349000, -0.2095706000)
(0.4583224000, -0.8645068000, -0.2062562000)
(0.4505917000, -0.8687196000, -0.2056328000)
(0.4484913000, -0.8699174000, -0.2051338000)
(0.4299344000, -0.8790954000, -0.2057194000)
(0.4306113000, -0.8793887000, -0.2030679000)
(0.4591850000, -0.8635675000, -0.2083068000)
(0.4649979000, -0.8637927000, -0.1939590000)
(-0.0210885200, -0.9785483000, -0.2048763000)
(0.4412226000, -0.8970425000, -0.0250170000)
(0.4940033000, -0.8677890000, -0.0535746700)
(0.4520667000, -0.8902962000, -0.0545664200)
(0.1820498000, -0.9749669000, -0.1275423000)
(0.1703226000, -0.9835128000, -0.0605200200)
(0.0211321800, -0.9995208000, -0.0222952000)
(0.0860332800, -0.9962704000, -0.0058745410)
(0.1206059000, -0.9926722000, 0.0057302270)
(0.2661206000, -0.9630517000, -0.0410022400)
(0.2686476000, -0.9624034000, -0.0397295200)
(0.2713672000, -0.9617076000, -0.0380473800)
(0.1464367000, -0.9737136000, -0.1744050000)
(0.3910728000, -0.9200979000, -0.0212581500)
(0.4350834000, -0.8995703000, -0.0382986400)
(0.4111014000, -0.9110752000, -0.0304791800)
(0.4305376000, -0.9018135000, -0.0367798500)
(0.5090595000, -0.8590633000, -0.0533385700)
(0.5109038000, -0.8581454000, -0.0504865400)
(0.5018921000, -0.8634220000, -0.0509194700)
(0.5071525000, -0.8605778000, -0.0468972600)
(0.5087405000, -0.8596119000, -0.0471579400)
(0.5168566000, -0.8547400000, -0.0476768200)
(0.5137200000, -0.8566750000, -0.0468459400)
(0.5097845000, -0.8591074000, -0.0452733600)
(0.5044055000, -0.8581275000, 0.0957517000)
(0.3064635000, -0.9377985000, -0.1631194000)
(0.3696323000, -0.9252219000, -0.0855370000)
(0.4892080000, -0.8676397000, -0.0886320800)
(0.3789278000, -0.9214941000, -0.0850319100)
(0.3647956000, -0.9279375000, -0.0764976400)
(0.3806442000, -0.9223726000, -0.0657552100)
(0.4963717000, -0.8636605000, -0.0877675200)
(0.4907497000, -0.8677332000, -0.0786180000)
(0.4938802000, -0.8650357000, -0.0881151900)
(0.4914740000, -0.8664808000, -0.0875178400)
(0.4910455000, -0.8668264000, -0.0864946000)
(0.5027084000, -0.8598078000, -0.0894311600)
(0.5030634000, -0.8595397000, -0.0899446100)
(0.5069594000, -0.8571276000, -0.0911974600)
(0.5078562000, -0.8567342000, -0.0898560600)
(0.5055351000, -0.8582032000, -0.0889262800)
(0.5016103000, -0.8605380000, -0.0886499100)
(0.5027986000, -0.8598627000, -0.0884108200)
(0.4972194000, -0.8632712000, -0.0867356100)
(0.5058247000, -0.8579759000, -0.0894713500)
(0.5065528000, -0.8574982000, -0.0898481200)
(0.5131440000, -0.8534806000, -0.0907065800)
(0.5130827000, -0.8534707000, -0.0912243900)
(0.5119651000, -0.8539095000, -0.0933015900)
(0.5131175000, -0.8531556000, -0.0939546500)
(0.5130736000, -0.8531662000, -0.0940583000)
(0.5150220000, -0.8519022000, -0.0949334100)
(0.5136091000, -0.8527578000, -0.0948110700)
(0.5126491000, -0.8533466000, -0.0946992400)
(0.5126996000, -0.8535165000, -0.0929282600)
(0.5166445000, -0.8511228000, -0.0930977200)
(0.5121200000, -0.8540407000, -0.0913369500)
(0.5056412000, -0.8579098000, -0.0911317800)
(0.5025859000, -0.8594919000, -0.0930329600)
(0.4840893000, -0.8694196000, -0.0987848600)
(0.4929700000, -0.8645807000, -0.0972158100)
(0.5018995000, -0.8597274000, -0.0946642800)
(0.4986795000, -0.8615094000, -0.0954440100)
(0.5018598000, -0.8597099000, -0.0949804500)
(0.5030639000, -0.8587221000, -0.0975454200)
(0.4985721000, -0.8617235000, -0.0939644400)
(0.4988657000, -0.8616019000, -0.0936647300)
(0.4983239000, -0.8618698000, -0.0939338500)
(0.4990357000, -0.8612292000, -0.0960968600)
(0.4904406000, -0.8658001000, -0.0992050200)
(0.4921109000, -0.8648860000, -0.0989627100)
(0.4989370000, -0.8611544000, -0.0973122800)
(0.5079850000, -0.8560377000, -0.0955137000)
(0.5092123000, -0.8554341000, -0.0944401800)
(0.5119500000, -0.8537886000, -0.0945987900)
(0.5132593000, -0.8532608000, -0.0921075200)
(0.5095752000, -0.8554540000, -0.0921875200)
(0.5047598000, -0.8581951000, -0.0933007700)
(0.5004684000, -0.8601903000, -0.0979642200)
(0.5089670000, -0.8556300000, -0.0939571900)
(0.5138879000, -0.8529014000, -0.0919286600)
(0.5137506000, -0.8531363000, -0.0905035800)
(0.5154319000, -0.8520365000, -0.0913588600)
(0.5166786000, -0.8515157000, -0.0892269800)
(0.5142751000, -0.8526947000, -0.0916625100)
(0.5124229000, -0.8533846000, -0.0955296900)
(0.5108317000, -0.8539743000, -0.0987818900)
(0.5128380000, -0.8528224000, -0.0983011600)
(0.5121676000, -0.8536476000, -0.0946212300)
(0.5203924000, -0.8488078000, -0.0933254400)
(0.5117837000, -0.8536027000, -0.0971388700)
(0.5098913000, -0.8546240000, -0.0980852800)
(0.5110724000, -0.8540456000, -0.0968772100)
(0.4224056000, -0.8939023000, -0.1500057000)
(0.5059614000, -0.8559569000, -0.1063459000)
(0.5177776000, -0.8498589000, -0.0980783900)
(0.5218334000, -0.8475326000, -0.0967336100)
(0.5246967000, -0.8457382000, -0.0969916100)
(0.5260139000, -0.8447992000, -0.0980354000)
(0.5230638000, -0.8466185000, -0.0981600200)
(0.5130715000, -0.8526255000, -0.0988050900)
(0.5048541000, -0.8571212000, -0.1022597000)
(0.5059697000, -0.8564470000, -0.1023929000)
(0.5164828000, -0.8510671000, -0.0944323900)
(0.5202217000, -0.8489012000, -0.0934032200)
(0.5224640000, -0.8474633000, -0.0938819800)
(0.5099611000, -0.8514461000, -0.1223740000)
(0.4914471000, -0.8638077000, -0.1108423000)
(0.5075563000, -0.8533975000, -0.1186169000)
(0.5139600000, -0.8499421000, -0.1158558000)
(0.5163332000, -0.8489445000, -0.1125515000)
(0.5085415000, -0.8532976000, -0.1150656000)
(0.5055816000, -0.8548863000, -0.1163547000)
(0.4374643000, -0.8904172000, -0.1255462000)
(0.5061200000, -0.8545796000, -0.1163282000)
(0.5164691000, -0.8484194000, -0.1158436000)
(0.5172264000, -0.8482496000, -0.1136777000)
(0.5192348000, -0.8471321000, -0.1128486000)
(0.5206632000, -0.8462246000, -0.1130754000)
(0.5204135000, -0.8465785000, -0.1115872000)
(0.5095556000, -0.8533870000, -0.1098160000)
(0.5041160000, -0.8589355000, -0.0899403600)
(0.5202147000, -0.8468112000, -0.1107981000)
(0.5187552000, -0.8477003000, -0.1108289000)
(0.5206823000, -0.8463826000, -0.1119075000)
(0.5177685000, -0.8483912000, -0.1102068000)
(0.5187773000, -0.8477641000, -0.1102705000)
(0.5203786000, -0.8468616000, -0.1096785000)
(0.5212567000, -0.8462658000, -0.1100255000)
(0.5191306000, -0.8472088000, -0.1128080000)
(0.5195172000, -0.8469505000, -0.1129956000)
(0.5184987000, -0.8474581000, -0.1138601000)
(0.5183057000, -0.8476499000, -0.1132933000)
(0.5214766000, -0.8460128000, -0.1109419000)
(0.5219852000, -0.8458159000, -0.1100535000)
(0.5217478000, -0.8457857000, -0.1113397000)
(0.5224230000, -0.8453066000, -0.1119050000)
(0.5214194000, -0.8458506000, -0.1124663000)
(0.5244251000, -0.8439714000, -0.1125238000)
(0.5252683000, -0.8433331000, -0.1134947000)
(0.5271565000, -0.8421254000, -0.1136755000)
(0.5327762000, -0.8380051000, -0.1177894000)
(0.4467989000, -0.8899683000, -0.0911073100)
(0.5312984000, -0.8391155000, -0.1166332000)
(0.5295464000, -0.8404679000, -0.1147752000)
(0.5224082000, -0.8448492000, -0.1153535000)
(0.5211779000, -0.8458150000, -0.1138589000)
(0.5213137000, -0.8454766000, -0.1156609000)
(0.5249876000, -0.8433902000, -0.1143282000)
(0.5280154000, -0.8414752000, -0.1144724000)
(0.5239551000, -0.8440833000, -0.1139427000)
(0.5098048000, -0.8528482000, -0.1128932000)
(0.5140308000, -0.8501146000, -0.1142747000)
(0.5060802000, -0.8534175000, -0.1247197000)
(0.5230245000, -0.8437272000, -0.1206567000)
(0.5200393000, -0.8453903000, -0.1219109000)
(0.5254715000, -0.8428571000, -0.1159702000)
(0.5225841000, -0.8447345000, -0.1153406000)
(0.5229323000, -0.8449754000, -0.1119579000)
(0.5165656000, -0.8491985000, -0.1095599000)
(0.5284055000, -0.8414979000, -0.1124663000)
(0.5273933000, -0.8424231000, -0.1103317000)
(0.5246302000, -0.8438190000, -0.1128216000)
(0.5222656000, -0.8452506000, -0.1130748000)
(0.5215459000, -0.8458430000, -0.1119715000)
(0.5188665000, -0.8473724000, -0.1127832000)
(0.5194175000, -0.8473205000, -0.1106325000)
(0.5196887000, -0.8470337000, -0.1115693000)
(0.5214956000, -0.8457440000, -0.1128537000)
(0.5216110000, -0.8455670000, -0.1136147000)
(0.5184343000, -0.8474241000, -0.1143409000)
(0.5153587000, -0.8495162000, -0.1127333000)
(0.5226868000, -0.8444396000, -0.1170586000)
(0.4104634000, -0.9003250000, -0.1446257000)
(0.0852878000, -0.9560937000, -0.2803448000)
(0.5291414000, -0.8405849000, -0.1157478000)
(0.5304108000, -0.8396375000, -0.1168529000)
(0.5317086000, -0.8388282000, -0.1167229000)
(0.5171405000, -0.8492396000, -0.1065148000)
(0.5229045000, -0.8451868000, -0.1104491000)
(0.5231557000, -0.8450432000, -0.1103689000)
(0.5206752000, -0.8465316000, -0.1107355000)
(0.5182155000, -0.8476900000, -0.1134197000)
(0.5159072000, -0.8491074000, -0.1132782000)
(0.5124259000, -0.8514118000, -0.1118631000)
(0.2424927000, -0.9650921000, -0.0988227000)
(0.5253735000, -0.8434227000, -0.1123163000)
(0.5245374000, -0.8439088000, -0.1125444000)
(0.5209478000, -0.8461589000, -0.1122614000)
(0.4994800000, -0.8593269000, -0.1097916000)
(0.4965457000, -0.8611540000, -0.1087518000)
(0.5052027000, -0.8560594000, -0.1091975000)
(0.5189800000, -0.8474873000, -0.1113607000)
(0.5253817000, -0.8440646000, -0.1073239000)
(0.5148136000, -0.8502404000, -0.1096925000)
(0.5176698000, -0.8478897000, -0.1143760000)
(0.5195233000, -0.8467878000, -0.1141390000)
(0.5094219000, -0.8531772000, -0.1120173000)
(0.5086252000, -0.8536019000, -0.1124233000)
(0.5167598000, -0.8495989000, -0.1055082000)
(0.5184692000, -0.8478193000, -0.1112026000)
(0.5206749000, -0.8463377000, -0.1122462000)
(0.5151430000, -0.8494537000, -0.1142393000)
(0.5180880000, -0.8478283000, -0.1129692000)
(0.5138362000, -0.8504006000, -0.1130113000)
(0.5109431000, -0.8525171000, -0.1101883000)
(0.5002078000, -0.8582385000, -0.1149206000)
(0.5038241000, -0.8557878000, -0.1173769000)
(0.5163874000, -0.8486732000, -0.1143321000)
(0.5251072000, -0.8439267000, -0.1097615000)
(0.5236849000, -0.8446715000, -0.1107171000)
(0.5246644000, -0.8439744000, -0.1114771000)
(0.5264456000, -0.8428735000, -0.1113488000)
(0.5139310000, -0.8505624000, -0.1113300000)
(0.5118517000, -0.8518058000, -0.1113881000)
(0.5130005000, -0.8513181000, -0.1098472000)
(0.5191247000, -0.8475904000, -0.1099173000)
(0.5150699000, -0.8495848000, -0.1134882000)
(0.5144953000, -0.8506517000, -0.1080600000)
(0.5197807000, -0.8467681000, -0.1131566000)
(0.5234730000, -0.8452016000, -0.1077084000)
(0.5280347000, -0.8423874000, -0.1074013000)
(0.5287452000, -0.8414627000, -0.1112016000)
(0.5273688000, -0.8423257000, -0.1111039000)
(0.5383437000, -0.8350869000, -0.1130735000)
(0.5388060000, -0.8350332000, -0.1112948000)
(0.3362683000, -0.9352346000, -0.1105743000)
(0.5418524000, -0.8326946000, -0.1140561000)
(0.5407792000, -0.8334785000, -0.1133712000)
(0.5431024000, -0.8317207000, -0.1151520000)
(0.5411109000, -0.8329020000, -0.1159709000)
(0.5385072000, -0.8346232000, -0.1157705000)
(0.5382296000, -0.8348516000, -0.1153321000)
(0.5216150000, -0.8447915000, -0.1192761000)
(0.5216578000, -0.8446448000, -0.1201935000)
(0.5195568000, -0.8460423000, -0.1193486000)
(0.5197453000, -0.8452790000, -0.1239129000)
(0.5292310000, -0.8398554000, -0.1205402000)
(0.5293874000, -0.8398277000, -0.1200596000)
(0.5388550000, -0.8343242000, -0.1162936000)
(0.5425136000, -0.8322319000, -0.1142952000)
(0.5420859000, -0.8323331000, -0.1154778000)
(0.5392660000, -0.8339013000, -0.1173463000)
(0.5381250000, -0.8345594000, -0.1179152000)
(0.5402924000, -0.8333078000, -0.1168529000)
(0.5432996000, -0.8315140000, -0.1156960000)
(0.5438094000, -0.8312204000, -0.1154234000)
(0.5450764000, -0.8304340000, -0.1150707000)
(0.5407835000, -0.8332465000, -0.1150775000)
(0.5385695000, -0.8342057000, -0.1184681000)
(0.5206766000, -0.8437544000, -0.1301703000)
(0.5239447000, -0.8430479000, -0.1213567000)
(0.5240649000, -0.8429568000, -0.1215546000)
(0.5350969000, -0.8363894000, -0.1187695000)
(0.5360001000, -0.8362746000, -0.1154974000)
(0.5406820000, -0.8327688000, -0.1189642000)
(0.5417956000, -0.8323880000, -0.1164638000)
(0.5429374000, -0.8312826000, -0.1190149000)
(0.5439661000, -0.8306051000, -0.1191071000)
(0.5437273000, -0.8306388000, -0.1199950000)
(0.5441051000, -0.8304499000, -0.1195423000)
(0.5437132000, -0.8306240000, -0.1200362000)
(0.5418510000, -0.8317345000, -0.1207968000)
(0.5421181000, -0.8316618000, -0.1201229000)
(0.5421783000, -0.8317304000, -0.1193794000)
(0.5443894000, -0.8301908000, -0.1200638000)
(0.5390295000, -0.8336018000, -0.1206436000)
(0.5340255000, -0.8367383000, -0.1211035000)
(0.5396596000, -0.8330904000, -0.1213476000)
(0.5370733000, -0.8346131000, -0.1223329000)
(0.5389547000, -0.8336284000, -0.1206763000)
(0.5426918000, -0.8313315000, -0.1198555000)
(0.5440254000, -0.8303039000, -0.1209465000)
(0.5440804000, -0.8305616000, -0.1188595000)
(0.5437744000, -0.8307591000, -0.1188705000)
(0.5416881000, -0.8324472000, -0.1165812000)
(0.5416874000, -0.8325084000, -0.1161767000)
(0.5412260000, -0.8327608000, -0.1164201000)
(0.5410774000, -0.8328141000, -0.1167469000)
(0.5400206000, -0.8335699000, -0.1162849000)
(0.5404812000, -0.8332516000, -0.1164721000)
(0.5398785000, -0.8336461000, -0.1164602000)
(0.5394251000, -0.8340052000, -0.1159687000)
(0.5387741000, -0.8344252000, -0.1159424000)
(0.5388287000, -0.8342099000, -0.1172339000)
(0.5414079000, -0.8325264000, -0.1172500000)
(0.5410644000, -0.8326377000, -0.1180561000)
(0.5400577000, -0.8331566000, -0.1190588000)
(0.5390844000, -0.8339535000, -0.1178692000)
(0.5385950000, -0.8342183000, -0.1181972000)
(0.5305700000, -0.8394805000, -0.1172435000)
(0.5360545000, -0.8359867000, -0.1172825000)
(0.5389253000, -0.8341431000, -0.1172733000)
(0.5394173000, -0.8338522000, -0.1170574000)
(0.5410129000, -0.8329090000, -0.1164629000)
(0.5380774000, -0.8347919000, -0.1164673000)
(0.5239259000, -0.8432333000, -0.1201859000)
(0.5329813000, -0.8381939000, -0.1155584000)
(0.5418848000, -0.8325880000, -0.1145802000)
(0.5420116000, -0.8324180000, -0.1152725000)
(0.5404529000, -0.8333720000, -0.1157028000)
(0.5371036000, -0.8353974000, -0.1167239000)
(0.5375901000, -0.8349572000, -0.1175378000)
(0.5359746000, -0.8353013000, -0.1224677000)
(0.5317198000, -0.8381448000, -0.1215424000)
(0.5327472000, -0.8374514000, -0.1218274000)
(0.5387930000, -0.8334758000, -0.1224694000)
(0.5297395000, -0.8398134000, -0.1185773000)
(0.5374636000, -0.8343439000, -0.1224122000)
(0.4909467000, -0.8534134000, -0.1750349000)
(0.5237986000, -0.8388883000, -0.1479331000)
(0.5325878000, -0.8375001000, -0.1222037000)
(0.5393031000, -0.8327254000, -0.1252703000)
(0.5454513000, -0.8293728000, -0.1208731000)
(0.5441924000, -0.8301017000, -0.1215078000)
(0.5436486000, -0.8304415000, -0.1216170000)
(0.5445645000, -0.8298353000, -0.1217061000)
(0.5450259000, -0.8300001000, -0.1185053000)
(0.5464506000, -0.8291485000, -0.1178322000)
(0.5385278000, -0.8342956000, -0.1180508000)
(0.5373235000, -0.8351300000, -0.1175252000)
(0.5294929000, -0.8406032000, -0.1140055000)
(0.5098028000, -0.8504369000, -0.1297835000)
(0.5368723000, -0.8354369000, -0.1175025000)
(0.5300860000, -0.8387002000, -0.1247732000)
(0.5392165000, -0.8342977000, -0.1147737000)
(0.5411241000, -0.8331057000, -0.1144566000)
(0.5412075000, -0.8330086000, -0.1147722000)
(0.5398582000, -0.8336250000, -0.1166616000)
(0.5400734000, -0.8335183000, -0.1164254000)
(0.5386998000, -0.8343876000, -0.1165972000)
(0.5378508000, -0.8347102000, -0.1181063000)
(0.5356838000, -0.8351473000, -0.1247305000)
(0.5356578000, -0.8352662000, -0.1240830000)
(0.5366723000, -0.8345673000, -0.1244126000)
(0.5395283000, -0.8336586000, -0.1178633000)
(0.5389679000, -0.8338534000, -0.1190767000)
(0.5396890000, -0.8338189000, -0.1159982000)
(0.5401191000, -0.8335179000, -0.1162355000)
(0.5408794000, -0.8327726000, -0.1179621000)
(0.5399481000, -0.8334023000, -0.1178378000)
(0.5400912000, -0.8333586000, -0.1174889000)
(0.5410583000, -0.8327262000, -0.1175275000)
(0.5408779000, -0.8328573000, -0.1173474000)
(0.5415359000, -0.8323981000, -0.1175808000)
(0.5414810000, -0.8324100000, -0.1177954000)
(0.5413303000, -0.8325056000, -0.1178185000)
(0.5423307000, -0.8318447000, -0.1178581000)
(0.5418010000, -0.8322285000, -0.1175855000)
(0.5396656000, -0.8335439000, -0.1181049000)
(0.5399240000, -0.8333223000, -0.1185347000)
(0.5379626000, -0.8345937000, -0.1184930000)
(0.5387826000, -0.8340207000, -0.1187242000)
(0.5407010000, -0.8328214000, -0.1184089000)
(0.5414070000, -0.8317569000, -0.1226718000)
(0.5446470000, -0.8299866000, -0.1202174000)
(0.5445965000, -0.8302185000, -0.1188425000)
(0.5445506000, -0.8306996000, -0.1156491000)
(0.5471442000, -0.8283906000, -0.1199733000)
(0.5458907000, -0.8292792000, -0.1195094000)
(0.5412150000, -0.8324603000, -0.1186415000)
(0.5476683000, -0.8270897000, -0.1263946000)
(0.5387317000, -0.8345113000, -0.1154531000)
(0.5377465000, -0.8362226000, -0.1074683000)
(0.5499147000, -0.8278767000, -0.1105006000)
(0.5485870000, -0.8269154000, -0.1234979000)
(0.5428490000, -0.8305539000, -0.1243866000)
(0.5481618000, -0.8270417000, -0.1245321000)
(0.5470608000, -0.8279331000, -0.1233818000)
(0.5523399000, -0.8246276000, -0.1220644000)
(0.5517333000, -0.8251975000, -0.1208813000)
(0.5523521000, -0.8247376000, -0.1212346000)
(0.5514409000, -0.8254171000, -0.1207567000)
(0.5489560000, -0.8271740000, -0.1200923000)
(0.5339561000, -0.8368158000, -0.1208864000)
(0.5394855000, -0.8333341000, -0.1203841000)
(0.5372735000, -0.8340240000, -0.1254308000)
(0.5364317000, -0.8347016000, -0.1245465000)
(0.5382244000, -0.8336684000, -0.1236743000)
(0.5388173000, -0.8333087000, -0.1235308000)
(0.5385453000, -0.8328491000, -0.1276944000)
(0.5383664000, -0.8328480000, -0.1285014000)
(0.5391853000, -0.8322446000, -0.1289549000)
(0.5424600000, -0.8313100000, -0.1209676000)
(0.5438816000, -0.8302721000, -0.1217269000)
(0.5429723000, -0.8308208000, -0.1221339000)
(0.5426311000, -0.8310742000, -0.1218283000)
(0.5427780000, -0.8311836000, -0.1204425000)
(0.5421938000, -0.8315932000, -0.1202998000)
(0.5414189000, -0.8320807000, -0.1204041000)
(0.5411816000, -0.8311639000, -0.1275205000)
(0.5402993000, -0.8318045000, -0.1271783000)
(0.5406764000, -0.8315659000, -0.1271041000)
(0.5411990000, -0.8321591000, -0.1208483000)
(0.5436434000, -0.8304625000, -0.1215629000)
(0.5426507000, -0.8310935000, -0.1216202000)
(0.5421988000, -0.8313914000, -0.1215706000)
(0.5428497000, -0.8308992000, -0.1221135000)
(0.5429734000, -0.8307468000, -0.1225516000)
(0.5427335000, -0.8309240000, -0.1224443000)
(0.5433095000, -0.8305735000, -0.1222991000)
(0.5432686000, -0.8300714000, -0.1257517000)
(0.5435081000, -0.8296427000, -0.1276250000)
(0.5424175000, -0.8300873000, -0.1293085000)
(0.5433003000, -0.8298163000, -0.1272935000)
(0.5439630000, -0.8295503000, -0.1261870000)
(0.5412117000, -0.8315235000, -0.1251100000)
(0.5445170000, -0.8299681000, -0.1209922000)
(0.5427841000, -0.8303831000, -0.1258149000)
(0.5427291000, -0.8301588000, -0.1274823000)
(0.5395355000, -0.8321450000, -0.1281956000)
(0.5428152000, -0.8300105000, -0.1280908000)
(0.5408884000, -0.8310235000, -0.1297208000)
(0.5426143000, -0.8298793000, -0.1298475000)
(0.5402468000, -0.8315424000, -0.1290629000)
(0.5426615000, -0.8302972000, -0.1268694000)
(0.5434258000, -0.8299723000, -0.1257360000)
(0.5437530000, -0.8297735000, -0.1256252000)
(0.5450929000, -0.8289688000, -0.1252185000)
(0.5450488000, -0.8289836000, -0.1252375000)
(0.5463550000, -0.8282381000, -0.1245535000)
(0.5458539000, -0.8285692000, -0.1244986000)
(0.5460275000, -0.8284629000, -0.1244642000)
(0.5472843000, -0.8276152000, -0.1246277000)
(0.5479913000, -0.8270354000, -0.1253516000)
(0.5477770000, -0.8271370000, -0.1256086000)
(0.5477937000, -0.8270261000, -0.1262348000)
(0.5481886000, -0.8268845000, -0.1254306000)
(0.5480357000, -0.8269582000, -0.1256631000)
(0.5464940000, -0.8280377000, -0.1252842000)
(0.5458966000, -0.8283443000, -0.1258354000)
(0.5461307000, -0.8279449000, -0.1274364000)
(0.5413823000, -0.8310021000, -0.1277819000)
(0.5414049000, -0.8309799000, -0.1278271000)
(0.5431397000, -0.8300421000, -0.1265954000)
(0.5459387000, -0.8285757000, -0.1240433000)
(0.5463358000, -0.8283404000, -0.1238761000)
(0.5463760000, -0.8284026000, -0.1233000000)
(0.5459558000, -0.8285035000, -0.1244463000)
(0.5465841000, -0.8276823000, -0.1272298000)
(0.5459444000, -0.8280419000, -0.1276227000)
(0.5466667000, -0.8275670000, -0.1275914000)
(0.5466523000, -0.8278723000, -0.1256644000)
(0.5473776000, -0.8273923000, -0.1256585000)
(0.5479555000, -0.8273188000, -0.1235530000)
(0.5483956000, -0.8270596000, -0.1233303000)
(0.5504345000, -0.8256216000, -0.1239475000)
(0.5504780000, -0.8256420000, -0.1235291000)
(0.5509603000, -0.8252629000, -0.1240050000)
(0.5551792000, -0.8229411000, -0.1205146000)
(0.5542965000, -0.8233461000, -0.1218218000)
(0.5538408000, -0.8232834000, -0.1242631000)
(0.5537321000, -0.8236396000, -0.1224255000)
(0.5440034000, -0.8272951000, -0.1401095000)
(0.5419756000, -0.8285094000, -0.1408264000)
(0.5446800000, -0.8268270000, -0.1402313000)
(0.5418389000, -0.8286152000, -0.1407369000)
(0.5467161000, -0.8259813000, -0.1372368000)
(0.5497347000, -0.8249890000, -0.1310346000)
(0.5489738000, -0.8256384000, -0.1300845000)
(0.5493451000, -0.8254021000, -0.1301078000)
(0.5492243000, -0.8253518000, -0.1308787000)
(0.5499127000, -0.8249546000, -0.1305114000)
(0.5502415000, -0.8247325000, -0.1305580000)
(0.5493090000, -0.8253822000, -0.1303095000)
(0.5500813000, -0.8248377000, -0.1305371000)
(0.5505258000, -0.8245538000, -0.1304811000)
(0.5498587000, -0.8248227000, -0.1315678000)
(0.5499238000, -0.8247622000, -0.1316859000)
(0.5493455000, -0.8249005000, -0.1331733000)
(0.5511495000, -0.8238956000, -0.1319722000)
(0.5525159000, -0.8232204000, -0.1304742000)
(0.5550066000, -0.8218177000, -0.1287169000)
(0.5548602000, -0.8219929000, -0.1281741000)
(0.5546404000, -0.8220418000, -0.1288670000)
(0.5540767000, -0.8225023000, -0.1283141000)
(0.5540807000, -0.8224348000, -0.1287319000)
(0.5542572000, -0.8222075000, -0.1294700000)
(0.5551308000, -0.8215103000, -0.1301765000)
(0.5541819000, -0.8222838000, -0.1293110000)
(0.5544061000, -0.8221692000, -0.1289970000)
(0.5552571000, -0.8218805000, -0.1271805000)
(0.5556285000, -0.8215845000, -0.1275068000)
(0.5483645000, -0.8263813000, -0.1280008000)
(0.5451243000, -0.8280777000, -0.1308337000)
(0.5456890000, -0.8276680000, -0.1310348000)
(0.5460433000, -0.8278722000, -0.1282764000)
(0.5461036000, -0.8278947000, -0.1278769000)
(0.5478908000, -0.8267202000, -0.1278321000)
(0.5500500000, -0.8250910000, -0.1290281000)
(0.5507888000, -0.8243395000, -0.1306455000)
(0.5503803000, -0.8246343000, -0.1305715000)
(0.5513170000, -0.8238958000, -0.1312417000)
(0.5537314000, -0.8221632000, -0.1319561000)
(0.5539757000, -0.8220605000, -0.1316170000)
(0.5530176000, -0.8226115000, -0.1321263000)
(0.5528097000, -0.8227694000, -0.1320308000)
(0.5521124000, -0.8231528000, -0.1325700000)
(0.5518190000, -0.8233135000, -0.1327637000)
(0.5521979000, -0.8230228000, -0.1330379000)
(0.5529617000, -0.8227379000, -0.1316139000)
(0.5523244000, -0.8232653000, -0.1309740000)
(0.5522431000, -0.8233546000, -0.1307667000)
(0.5534371000, -0.8224831000, -0.1311843000)
(0.5546347000, -0.8218875000, -0.1298815000)
(0.5549135000, -0.8216522000, -0.1302061000)
(0.5549910000, -0.8214794000, -0.1309615000)
(0.5541762000, -0.8220436000, -0.1308861000)
(0.5540721000, -0.8221536000, -0.1305555000)
(0.5544102000, -0.8217731000, -0.1315375000)
(0.5548105000, -0.8213468000, -0.1324550000)
(0.5560221000, -0.8208154000, -0.1306809000)
(0.5552280000, -0.8211368000, -0.1320233000)
(0.5554036000, -0.8210674000, -0.1318058000)
(0.5569032000, -0.8202697000, -0.1304211000)
(0.5576047000, -0.8200601000, -0.1286730000)
(0.5587310000, -0.8193157000, -0.1285030000)
(0.5615708000, -0.8178700000, -0.1253897000)
(0.5579835000, -0.8204279000, -0.1246288000)
(0.5593075000, -0.8194228000, -0.1253456000)
(0.5589761000, -0.8198834000, -0.1237180000)
(0.5590615000, -0.8198954000, -0.1233533000)
(0.5603328000, -0.8189195000, -0.1239764000)
(0.5592337000, -0.8197504000, -0.1234762000)
(0.5564904000, -0.8211223000, -0.1266852000)
(0.5567317000, -0.8206967000, -0.1284382000)
(0.5557906000, -0.8211553000, -0.1295712000)
(0.5542890000, -0.8219125000, -0.1311551000)
(0.5544047000, -0.8218173000, -0.1313156000)
(0.5519238000, -0.8231906000, -0.1331529000)
(0.5505234000, -0.8238006000, -0.1351220000)
(0.5498476000, -0.8243982000, -0.1342649000)
(0.5524188000, -0.8228639000, -0.1330600000)
(0.5545076000, -0.8219449000, -0.1300882000)
(0.5577748000, -0.8201940000, -0.1271495000)
(0.5521259000, -0.8236534000, -0.1293300000)
(0.5514808000, -0.8239540000, -0.1301761000)
(0.5523234000, -0.8235579000, -0.1290857000)
(0.5545287000, -0.8218778000, -0.1304366000)
(0.5577375000, -0.8200771000, -0.1280088000)
(0.5557936000, -0.8214189000, -0.1278639000)
(0.5548633000, -0.8216388000, -0.1304812000)
(0.5538320000, -0.8218200000, -0.1336751000)
(0.5525960000, -0.8224960000, -0.1346200000)
(0.5541286000, -0.8214331000, -0.1348471000)
(0.5557492000, -0.8205624000, -0.1334586000)
(0.5589540000, -0.8187741000, -0.1310625000)
(0.5602209000, -0.8179885000, -0.1305029000)
(0.5606908000, -0.8177128000, -0.1302006000)
(0.5612224000, -0.8174031000, -0.1298760000)
(0.5617402000, -0.8170769000, -0.1296826000)
(0.5614821000, -0.8172189000, -0.1299091000)
(0.5623130000, -0.8166819000, -0.1296753000)
(0.5616075000, -0.8172646000, -0.1290304000)
(0.5627649000, -0.8165421000, -0.1286218000)
(0.5628556000, -0.8163815000, -0.1291974000)
(0.5625693000, -0.8164703000, -0.1298689000)
(0.5633467000, -0.8158633000, -0.1303447000)
(0.5633891000, -0.8160434000, -0.1290244000)
(0.5627246000, -0.8164313000, -0.1295239000)
(0.5629014000, -0.8162895000, -0.1296660000)
(0.5627192000, -0.8164604000, -0.1293749000)
(0.5616061000, -0.8172503000, -0.1291674000)
(0.5614471000, -0.8172688000, -0.1297234000)
(0.5626237000, -0.8165749000, -0.1289771000)
(0.5634941000, -0.8161417000, -0.1279728000)
(0.5642731000, -0.8155839000, -0.1280975000)
(0.5640406000, -0.8157066000, -0.1282800000)
(0.5645905000, -0.8152140000, -0.1289961000)
(0.5652626000, -0.8145277000, -0.1304268000)
(0.5652900000, -0.8149847000, -0.1273772000)
(0.5651007000, -0.8148341000, -0.1291627000)
(0.5653207000, -0.8147310000, -0.1289384000)
(0.5657684000, -0.8142032000, -0.1302096000)
(0.5669667000, -0.8138324000, -0.1272768000)
(0.5625907000, -0.8168372000, -0.1275314000)
(0.5623014000, -0.8167763000, -0.1291745000)
(0.5623633000, -0.8165811000, -0.1301084000)
(0.5631619000, -0.8159592000, -0.1305064000)
(0.5655749000, -0.8145458000, -0.1289940000)
(0.5664364000, -0.8140131000, -0.1284699000)
(0.5661531000, -0.8139042000, -0.1304811000)
(0.5653152000, -0.8143665000, -0.1311290000)
(0.5650772000, -0.8145117000, -0.1313319000)
(0.5649162000, -0.8145029000, -0.1320005000)
(0.5654137000, -0.8142421000, -0.1314806000)
(0.5655454000, -0.8143242000, -0.1304622000)
(0.5662364000, -0.8138107000, -0.1306629000)
(0.5658281000, -0.8141228000, -0.1305020000)
(0.5654677000, -0.8144601000, -0.1299462000)
(0.5661244000, -0.8139648000, -0.1302243000)
(0.5730013000, -0.8103657000, -0.1223311000)
(0.5794970000, -0.8065572000, -0.1167805000)
(0.5815732000, -0.8053005000, -0.1150680000)
(0.5828398000, -0.8043041000, -0.1156963000)
(0.5823279000, -0.8046075000, -0.1161084000)
(0.5642529000, -0.8153594000, -0.1295494000)
(0.5645482000, -0.8152503000, -0.1289364000)
(0.5793726000, -0.8063475000, -0.1188135000)
(0.5847434000, -0.8031598000, -0.1139526000)
(0.5853326000, -0.8028741000, -0.1129797000)
(0.5817558000, -0.8050619000, -0.1158880000)
(0.5760705000, -0.8084669000, -0.1204584000)
(0.5677065000, -0.8132596000, -0.1276730000)
(0.5672244000, -0.8134202000, -0.1288309000)
(0.5662335000, -0.8140352000, -0.1293062000)
(0.5645175000, -0.8150889000, -0.1300761000)
(0.5641878000, -0.8153193000, -0.1301380000)
(0.5645849000, -0.8149264000, -0.1308632000)
(0.5653977000, -0.8145594000, -0.1295814000)
(0.5661522000, -0.8141339000, -0.1289989000)
(0.5663115000, -0.8141262000, -0.1283637000)
(0.5679618000, -0.8129359000, -0.1286463000)
(0.5670775000, -0.8134485000, -0.1292201000)
(0.5643433000, -0.8149559000, -0.1317550000)
(0.5631241000, -0.8157751000, -0.1318228000)
(0.5642630000, -0.8148308000, -0.1327704000)
(0.5647035000, -0.8149940000, -0.1299671000)
(0.5672101000, -0.8135516000, -0.1280791000)
(0.5671944000, -0.8138034000, -0.1264444000)
(0.5672151000, -0.8138471000, -0.1261654000)
(0.5666712000, -0.8142145000, -0.1262212000)
(0.5674978000, -0.8135455000, -0.1268285000)
(0.5680818000, -0.8131801000, -0.1264925000)
(0.5682630000, -0.8130243000, -0.1266690000)
(0.5681966000, -0.8130995000, -0.1264733000)
(0.5689594000, -0.8127119000, -0.1256008000)
(0.5695055000, -0.8122647000, -0.1259825000)
(0.5696856000, -0.8120311000, -0.1267269000)
(0.5693031000, -0.8121391000, -0.1277581000)
(0.5687222000, -0.8122112000, -0.1297746000)
(0.5692454000, -0.8117813000, -0.1301554000)
(0.5690826000, -0.8118565000, -0.1304411000)
(0.5708713000, -0.8105748000, -0.1306515000)
(0.5709817000, -0.8105552000, -0.1302826000)
(0.5738626000, -0.8083256000, -0.1313740000)
(0.5741804000, -0.8083844000, -0.1296908000)
(0.5765716000, -0.8070934000, -0.1270245000)
(0.5769256000, -0.8069855000, -0.1261911000)
(0.5751182000, -0.8080383000, -0.1276371000)
(0.5749807000, -0.8079111000, -0.1291072000)
(0.5753281000, -0.8073661000, -0.1309322000)
(0.5753446000, -0.8072608000, -0.1315501000)
(0.5763531000, -0.8067377000, -0.1302409000)
(0.5811552000, -0.8049986000, -0.1193010000)
(0.5810350000, -0.8050252000, -0.1196008000)
(0.5812483000, -0.8047470000, -0.1204646000)
(0.5816047000, -0.8045819000, -0.1198680000)
(0.5814676000, -0.8047245000, -0.1195506000)
(0.5797578000, -0.8047323000, -0.1275252000)
(0.5799344000, -0.8046038000, -0.1275274000)
(0.5802119000, -0.8044282000, -0.1274542000)
(0.5804976000, -0.8041951000, -0.1276208000)
(0.5800530000, -0.8044885000, -0.1277199000)
(0.5816236000, -0.8032210000, -0.1285535000)
(0.5820693000, -0.8029484000, -0.1282111000)
(0.5817355000, -0.8030426000, -0.1291655000)
(0.5818003000, -0.8029667000, -0.1294090000)
(0.5818213000, -0.8029749000, -0.1292436000)
(0.5819484000, -0.8029640000, -0.1287445000)
(0.5815330000, -0.8033122000, -0.1283767000)
(0.5818253000, -0.8032337000, -0.1276493000)
(0.5816821000, -0.8034428000, -0.1269624000)
(0.5818815000, -0.8032776000, -0.1270723000)
(0.5812467000, -0.8037953000, -0.1266586000)
(0.5811597000, -0.8037362000, -0.1274322000)
(0.5817645000, -0.8033717000, -0.1270307000)
(0.5809791000, -0.8039644000, -0.1268150000)
(0.5806845000, -0.8041536000, -0.1269782000)
(0.5814551000, -0.8035201000, -0.1274218000)
(0.5807627000, -0.8042157000, -0.1261771000)
(0.5803435000, -0.8045869000, -0.1258230000)
(0.5802055000, -0.8047228000, -0.1256068000)
(0.5800139000, -0.8049797000, -0.1247663000)
(0.5806533000, -0.8045527000, -0.1245871000)
(0.5805123000, -0.8047229000, -0.1241112000)
(0.5813492000, -0.8040240000, -0.1246930000)
(0.5818828000, -0.8035821000, -0.1250899000)
(0.5820302000, -0.8034066000, -0.1255443000)
(0.5816290000, -0.8036478000, -0.1258952000)
(0.5818776000, -0.8034171000, -0.1261471000)
(0.5813183000, -0.8040550000, -0.1246401000)
(0.5810484000, -0.8042682000, -0.1246284000)
(0.5810934000, -0.8039392000, -0.1264797000)
(0.5782009000, -0.8058513000, -0.1275257000)
(0.5758798000, -0.8071343000, -0.1299762000)
(0.5725697000, -0.8089260000, -0.1333637000)
(0.5723614000, -0.8092062000, -0.1325518000)
(0.5767841000, -0.8062606000, -0.1312757000)
(0.5781400000, -0.8055180000, -0.1298855000)
(0.5801812000, -0.8045406000, -0.1268302000)
(0.5803083000, -0.8044963000, -0.1265053000)
(0.5799605000, -0.8048008000, -0.1262005000)
(0.5811228000, -0.8041184000, -0.1252529000)
(0.5827338000, -0.8031149000, -0.1240937000)
(0.5825726000, -0.8032899000, -0.1237260000)
(0.5832775000, -0.8028129000, -0.1235130000)
(0.5836937000, -0.8026579000, -0.1225779000)
(0.5832186000, -0.8031819000, -0.1213536000)
(0.5833269000, -0.8031365000, -0.1212248000)
(0.5829982000, -0.8032749000, -0.1217919000)
(0.5823819000, -0.8036367000, -0.1223721000)
(0.5834543000, -0.8028397000, -0.1225662000)
(0.5816233000, -0.8039814000, -0.1237627000)
(0.5823566000, -0.8032851000, -0.1248063000)
(0.5835772000, -0.8023010000, -0.1253935000)
(0.5833260000, -0.8027505000, -0.1237741000)
(0.5834740000, -0.8027202000, -0.1232613000)
(0.5833300000, -0.8029748000, -0.1222474000)
(0.5825663000, -0.8033413000, -0.1234341000)
(0.5822229000, -0.8034664000, -0.1242558000)
(0.5815108000, -0.8038720000, -0.1250179000)
(0.5804610000, -0.8046032000, -0.1251559000)
(0.5800688000, -0.8046480000, -0.1266320000)
(0.5811200000, -0.8036861000, -0.1280057000)
(0.5804772000, -0.8040987000, -0.1282880000)
(0.5796382000, -0.8045311000, -0.1294096000)
(0.5787420000, -0.8052929000, -0.1286389000)
(0.5789254000, -0.8053173000, -0.1275905000)
(0.5803437000, -0.8047078000, -0.1250088000)
(0.5814516000, -0.8041065000, -0.1237776000)
(0.5919633000, -0.7984146000, -0.1099911000)
(0.5914726000, -0.7989302000, -0.1088667000)
(0.5921589000, -0.7984341000, -0.1087774000)
(0.5928928000, -0.7978687000, -0.1089768000)
(0.5922779000, -0.7985808000, -0.1070161000)
(0.5779414000, -0.8061297000, -0.1269703000)
(0.5796734000, -0.8044630000, -0.1296202000)
(0.5792885000, -0.8049394000, -0.1283915000)
(0.5777431000, -0.8052489000, -0.1332642000)
(0.5931467000, -0.7959437000, -0.1209830000)
(0.5799791000, -0.8033555000, -0.1350120000)
(0.5547740000, -0.8225924000, -0.1247004000)
(0.5442400000, -0.8284519000, -0.1321427000)
(0.4596418000, -0.8745932000, -0.1542252000)
(0.3058799000, -0.9035884000, -0.2998921000)
(0.5383474000, -0.8311110000, -0.1393079000)
(0.5167134000, -0.8442640000, -0.1422097000)
(0.5246193000, -0.8411978000, -0.1309758000)
(0.5371508000, -0.8334509000, -0.1297226000)
(0.5403429000, -0.8313940000, -0.1296206000)
(0.5433167000, -0.8293126000, -0.1305539000)
(0.5441914000, -0.8281940000, -0.1339119000)
(0.5402486000, -0.8303288000, -0.1366515000)
(0.5378318000, -0.8319005000, -0.1365928000)
(0.5392000000, -0.8309371000, -0.1370311000)
(0.5400154000, -0.8297471000, -0.1410446000)
(0.5393738000, -0.8299973000, -0.1419760000)
(0.5401250000, -0.8297076000, -0.1408059000)
(0.5394601000, -0.8303343000, -0.1396858000)
(0.5412564000, -0.8299517000, -0.1348997000)
(0.5425025000, -0.8293616000, -0.1335820000)
(0.5419239000, -0.8297001000, -0.1338081000)
(0.5414300000, -0.8301203000, -0.1331476000)
(0.5437342000, -0.8289703000, -0.1309661000)
(0.5445997000, -0.8284723000, -0.1305296000)
(0.5406715000, -0.8307613000, -0.1322172000)
(0.5431060000, -0.8290244000, -0.1331394000)
(0.5423262000, -0.8290046000, -0.1364618000)
(0.5419117000, -0.8291104000, -0.1374932000)
(0.5410982000, -0.8296635000, -0.1372634000)
(0.5434322000, -0.8283015000, -0.1363013000)
(0.5425612000, -0.8289338000, -0.1359835000)
(0.5414206000, -0.8296316000, -0.1362201000)
(0.5397946000, -0.8305165000, -0.1373111000)
(0.5400131000, -0.8303640000, -0.1372999000)
(0.5372344000, -0.8326346000, -0.1345066000)
(0.5366930000, -0.8328990000, -0.1350125000)
(0.5374429000, -0.8324283000, -0.1349122000)
(0.5408897000, -0.8301483000, -0.1352055000)
(0.5451775000, -0.8269461000, -0.1375214000)
(0.5479909000, -0.8251423000, -0.1372258000)
(0.5501403000, -0.8240472000, -0.1351698000)
(0.5498167000, -0.8241318000, -0.1359799000)
(0.5498934000, -0.8240360000, -0.1362294000)
(0.5490464000, -0.8247611000, -0.1353079000)
(0.5514915000, -0.8230130000, -0.1359918000)
(0.5529560000, -0.8219126000, -0.1367158000)
(0.5515589000, -0.8228436000, -0.1367553000)
(0.5515768000, -0.8227537000, -0.1371877000)
(0.5511725000, -0.8230019000, -0.1373011000)
(0.5502446000, -0.8233664000, -0.1388388000)
(0.5499089000, -0.8237557000, -0.1379100000)
(0.5544301000, -0.8211903000, -0.1350160000)
(0.5559871000, -0.8203322000, -0.1338526000)
(0.5517806000, -0.8213837000, -0.1443897000)
(0.5432701000, -0.8276429000, -0.1408814000)
(0.5353355000, -0.8324336000, -0.1430166000)
(0.5335338000, -0.8332819000, -0.1448352000)
(0.5398090000, -0.8300416000, -0.1400715000)
(0.5396662000, -0.8297438000, -0.1423640000)
(0.5364274000, -0.8315318000, -0.1441740000)
(0.5398791000, -0.8295732000, -0.1425799000)
(0.5626841000, -0.8158324000, -0.1333352000)
(0.5621400000, -0.8163376000, -0.1326118000)
(0.5640850000, -0.8149663000, -0.1327706000)
(0.5642893000, -0.8148190000, -0.1327847000)
(0.5634457000, -0.8152210000, -0.1339021000)
(0.5515807000, -0.8227770000, -0.1370927000)
(0.5490802000, -0.8234429000, -0.1429822000)
(0.5484578000, -0.8238715000, -0.1428729000)
(0.5521948000, -0.8219914000, -0.1392255000)
(0.5568864000, -0.8198271000, -0.1332601000)
(0.5588272000, -0.8187074000, -0.1319935000)
(0.5579649000, -0.8192020000, -0.1325814000)
(0.5598676000, -0.8178654000, -0.1328209000)
(0.5588442000, -0.8185332000, -0.1329286000)
(0.5591551000, -0.8184966000, -0.1318645000)
(0.5524633000, -0.8223555000, -0.1359785000)
(0.5502746000, -0.8238052000, -0.1361073000)
(0.5599534000, -0.8184407000, -0.1288486000)
(0.5601174000, -0.8185021000, -0.1276561000)
(0.5618034000, -0.8171999000, -0.1286773000)
(0.5621569000, -0.8170455000, -0.1280087000)
(0.5618811000, -0.8170642000, -0.1291591000)
(0.5651389000, -0.8152829000, -0.1261473000)
(0.5672998000, -0.8147263000, -0.1199451000)
(0.5154362000, -0.8518066000, -0.0934900000)
(0.4997493000, -0.8528201000, -0.1514282000)
(0.5422403000, -0.8284082000, -0.1403616000)
(0.5680169000, -0.8159172000, -0.1078323000)
(0.5674670000, -0.8165600000, -0.1057947000)
(0.5674781000, -0.8152113000, -0.1156973000)
(0.5664653000, -0.8173943000, -0.1046970000)
(0.5682601000, -0.8158765000, -0.1068256000)
(0.5751482000, -0.8102211000, -0.1127911000)
(0.5544956000, -0.8240526000, -0.1160662000)
(0.5557688000, -0.8229705000, -0.1175197000)
(0.5563190000, -0.8226059000, -0.1175892000)
(0.5565480000, -0.8222133000, -0.1192257000)
(0.5779999000, -0.8059058000, -0.1281486000)
(0.5661186000, -0.8159492000, -0.1171421000)
(0.5819626000, -0.8066458000, -0.1030832000)
(0.5762854000, -0.8106638000, -0.1034249000)
(0.5681676000, -0.8152624000, -0.1118858000)
(0.5806054000, -0.8082810000, -0.0978506100)
(0.5800648000, -0.8087606000, -0.0970058000)
(0.5807021000, -0.8082628000, -0.0973193600)
(0.5813336000, -0.8078186000, -0.0972514500)
(0.5797709000, -0.8090689000, -0.0962509200)
(0.5677676000, -0.8183194000, -0.0893182200)
(0.5799266000, -0.8086920000, -0.0984608900)
(0.5747520000, -0.8120894000, -0.1007333000)
(0.5758858000, -0.8095004000, -0.1142860000)
(0.5753399000, -0.8099804000, -0.1136149000)
(0.5694559000, -0.8152809000, -0.1049735000)
(0.5575547000, -0.8205395000, -0.1258367000)
(0.5419306000, -0.8343644000, -0.1007065000)
(0.5567245000, -0.8199773000, -0.1329421000)
(0.5569813000, -0.8177158000, -0.1452051000)
(0.5603300000, -0.8167286000, -0.1377157000)
(0.5604442000, -0.8155869000, -0.1439330000)
(0.5592950000, -0.8179712000, -0.1345602000)
(0.4949164000, -0.8596391000, -0.1266882000)
(0.5451657000, -0.8257447000, -0.1446775000)
(0.5032834000, -0.8547369000, -0.1269540000)
(0.4530115000, -0.8865988000, -0.0933794700)
(0.5560756000, -0.8236313000, -0.1113873000)
(0.5667211000, -0.8122625000, -0.1379407000)
(0.5689670000, -0.8103251000, -0.1401060000)
(0.5304505000, -0.8349536000, -0.1465341000)
(0.5594376000, -0.8159992000, -0.1454203000)
(0.4422185000, -0.8860058000, -0.1393595000)
(0.4280697000, -0.8861959000, -0.1772170000)
(0.4876024000, -0.8579528000, -0.1616788000)
(0.5671065000, -0.8117061000, -0.1396202000)
(0.5650028000, -0.8103461000, -0.1552546000)
(0.5596817000, -0.8157752000, -0.1457710000)
(0.5600833000, -0.8156945000, -0.1446789000)
(0.5633551000, -0.8138219000, -0.1425073000)
(0.5733822000, -0.8059800000, -0.1470114000)
(0.5626693000, -0.8124568000, -0.1526242000)
(0.4685194000, -0.8749292000, -0.1223643000)
(0.5155234000, -0.8460322000, -0.1358617000)
(0.5437677000, -0.8242234000, -0.1579912000)
(0.5099822000, -0.8534428000, -0.1074119000)
(0.5684900000, -0.8088596000, -0.1501680000)
(0.4602165000, -0.8721681000, -0.1658233000)
(0.5333849000, -0.8410968000, -0.0896432300)
(0.5670370000, -0.8114981000, -0.1411406000)
(0.5641891000, -0.8135722000, -0.1405959000)
(0.5704005000, -0.8097285000, -0.1377524000)
(0.5703076000, -0.8080288000, -0.1476938000)
(0.4376330000, -0.8762422000, -0.2016627000)
(0.4349684000, -0.8940921000, -0.1067506000)
(0.4141968000, -0.9032452000, -0.1120884000)
(0.4182438000, -0.8959103000, -0.1496390000)
(0.5577512000, -0.8295423000, -0.0273121000)
(0.2153859000, -0.9352694000, -0.2808424000)
(0.4035304000, -0.9097016000, -0.0979003400)
(0.5083836000, -0.8608945000, -0.0194813400)
(0.5685981000, -0.8158199000, -0.1054451000)
(0.5846709000, -0.8047221000, -0.1028212000)
(0.5849076000, -0.8043774000, -0.1041805000)
(0.5859268000, -0.8035978000, -0.1044400000)
(0.5867422000, -0.8030037000, -0.1043997000)
(0.5864031000, -0.8037958000, -0.1001863000)
(0.5700293000, -0.8147145000, -0.1063190000)
(0.3959386000, -0.9037482000, -0.1626387000)
(0.3894613000, -0.9165049000, -0.0912160500)
(0.5747623000, -0.8114972000, -0.1054264000)
(0.5887162000, -0.8024684000, -0.0971123400)
(0.5949400000, -0.7971255000, -0.1031271000)
(0.5941110000, -0.7982344000, -0.0992003500)
(0.5787345000, -0.8087049000, -0.1051302000)
(0.5738695000, -0.8123487000, -0.1036284000)
(0.5765301000, -0.8108233000, -0.1008308000)
(0.5798784000, -0.8084654000, -0.1004725000)
(0.4392278000, -0.8790627000, -0.1852564000)
(0.5676415000, -0.8099125000, -0.1476793000)
(0.3892992000, -0.8913900000, -0.2320334000)
(0.4034049000, -0.8969060000, -0.1811518000)
(0.5496652000, -0.8213596000, -0.1524076000)
(0.5502516000, -0.8196820000, -0.1591459000)
(0.5408168000, -0.8294472000, -0.1396718000)
(0.5232162000, -0.8370707000, -0.1598139000)
(0.5474477000, -0.8205374000, -0.1643005000)
(0.5562551000, -0.8153506000, -0.1605095000)
(0.5528157000, -0.8165583000, -0.1661780000)
(0.5560957000, -0.8155335000, -0.1601191000)
(0.5596614000, -0.8147215000, -0.1516822000)
(0.5418294000, -0.8248183000, -0.1615282000)
(0.5454424000, -0.8248758000, -0.1485645000)
(0.5433952000, -0.8264583000, -0.1472284000)
(0.5439951000, -0.8259511000, -0.1478919000)
(0.5686269000, -0.8043024000, -0.1724456000)
(0.5750245000, -0.8007218000, -0.1678913000)
(0.5731810000, -0.8028262000, -0.1641104000)
(0.5729597000, -0.8028265000, -0.1648533000)
(0.5765527000, -0.8000374000, -0.1658359000)
(0.5291009000, -0.8323349000, -0.1651007000)
(0.5387908000, -0.8263383000, -0.1638927000)
(0.5615774000, -0.8108079000, -0.1649448000)
(0.5667346000, -0.8073877000, -0.1640669000)
(0.5694063000, -0.8057070000, -0.1631166000)
(0.5698589000, -0.8052688000, -0.1636924000)
(0.5732217000, -0.8027344000, -0.1643502000)
(0.5721126000, -0.8034762000, -0.1646432000)
(0.5679876000, -0.8064853000, -0.1641693000)
(0.5677275000, -0.8103732000, -0.1447794000)
(0.5619717000, -0.8164316000, -0.1327072000)
(0.5628771000, -0.8158814000, -0.1322241000)
(0.5631164000, -0.8153774000, -0.1343415000)
(0.5642254000, -0.8147107000, -0.1337040000)
(0.5631170000, -0.8155617000, -0.1331572000)
(0.5736026000, -0.8076126000, -0.1367943000)
(0.5727175000, -0.8083914000, -0.1359098000)
(0.5676490000, -0.8122605000, -0.1341794000)
(0.5660599000, -0.8133011000, -0.1345197000)
(0.5695788000, -0.8106270000, -0.1357882000)
(0.5654429000, -0.8138980000, -0.1335038000)
(0.5570707000, -0.8191551000, -0.1365088000)
(0.5669976000, -0.8132260000, -0.1309768000)
(0.5729319000, -0.8097207000, -0.1267700000)
(0.5707464000, -0.8119466000, -0.1223584000)
(0.5734965000, -0.8093659000, -0.1265108000)
(0.5760604000, -0.8066949000, -0.1318437000)
(0.5562589000, -0.8194418000, -0.1381456000)
(0.5489208000, -0.8258875000, -0.1287535000)
(0.4742284000, -0.8801547000, -0.0205376700)
(0.4737782000, -0.8799611000, -0.0345892100)
(0.4801892000, -0.8745095000, -0.0680128500)
(0.4399903000, -0.8968722000, -0.0448225100)
(0.4291315000, -0.9007008000, -0.0674785500)
(0.4192501000, -0.9031589000, -0.0922930500)
(0.4090321000, -0.9080576000, -0.0900309800)
(0.5448935000, -0.8261704000, -0.1431901000)
(0.5447345000, -0.8263230000, -0.1429275000)
(0.5414991000, -0.8287269000, -0.1413501000)
(0.5457859000, -0.8263013000, -0.1390138000)
(0.3979585000, -0.9128720000, -0.0909737600)
(0.4172222000, -0.9046870000, -0.0863460200)
(0.4211670000, -0.9039802000, -0.0735223900)
(0.5469946000, -0.8258340000, -0.1370055000)
(0.5512698000, -0.8230758000, -0.1365125000)
(0.4081239000, -0.9111913000, -0.0560953700)
(0.5603995000, -0.8168982000, -0.1363792000)
(0.5688148000, -0.8097653000, -0.1438888000)
(0.5615706000, -0.8156701000, -0.1389386000)
(0.5630534000, -0.8143495000, -0.1406735000)
(0.5612066000, -0.8147612000, -0.1455654000)
(0.5612279000, -0.8158946000, -0.1390440000)
(0.5564356000, -0.8188744000, -0.1407127000)
(0.5576175000, -0.8188425000, -0.1362219000)
(0.5536054000, -0.8192046000, -0.1497352000)
(0.5501243000, -0.8224447000, -0.1447292000)
(0.5506231000, -0.8214583000, -0.1483775000)
(0.5527743000, -0.8204259000, -0.1460140000)
(0.5536181000, -0.8199750000, -0.1453461000)
(0.5520276000, -0.8220441000, -0.1396455000)
(0.5544373000, -0.8200270000, -0.1419232000)
(0.5547798000, -0.8198084000, -0.1418450000)
(0.5355896000, -0.8338494000, -0.1335240000)
(0.4209501000, -0.9032367000, -0.0834096100)
(0.3880667000, -0.9166059000, -0.0960788300)
(0.5359117000, -0.8313230000, -0.1473104000)
(0.5593641000, -0.8141373000, -0.1558319000)
(0.5595858000, -0.8147646000, -0.1517060000)
(0.5558049000, -0.8170109000, -0.1535135000)
(0.5226706000, -0.8410705000, -0.1393161000)
(0.5185156000, -0.8437612000, -0.1384935000)
(0.5236812000, -0.8405682000, -0.1384772000)
(0.5377649000, -0.8306142000, -0.1444409000)
(0.5360373000, -0.8317471000, -0.1443604000)
(0.5346028000, -0.8326703000, -0.1443617000)
(0.5401582000, -0.8288196000, -0.1458787000)
(0.5478315000, -0.8228778000, -0.1507475000)
(0.5459266000, -0.8243533000, -0.1496388000)
(0.5455675000, -0.8251490000, -0.1465737000)
(0.5355847000, -0.8305586000, -0.1526759000)
(0.5548336000, -0.8189658000, -0.1464554000)
(0.5602207000, -0.8159171000, -0.1428601000)
(0.5545641000, -0.8193089000, -0.1455175000)
(0.5484093000, -0.8230256000, -0.1479029000)
(0.5555084000, -0.8186272000, -0.1457690000)
(0.5565727000, -0.8178053000, -0.1462893000)
(0.5479259000, -0.8249155000, -0.1388870000)
(0.5597731000, -0.8195606000, -0.1223193000)
(0.5557978000, -0.8226324000, -0.1198177000)
(0.5628678000, -0.8179524000, -0.1188001000)
(0.5628350000, -0.8177257000, -0.1204835000)
(0.5661622000, -0.8149961000, -0.1233387000)
(0.5654704000, -0.8155383000, -0.1229146000)
(0.5660453000, -0.8152270000, -0.1224219000)
(0.5609310000, -0.8199088000, -0.1144271000)
(0.5603628000, -0.8191791000, -0.1221164000)
(0.5613133000, -0.8188471000, -0.1200426000)
(0.5618582000, -0.8190922000, -0.1157131000)
(0.5603361000, -0.8201206000, -0.1158118000)
(0.5509478000, -0.8264898000, -0.1155283000)
(0.5456694000, -0.8298848000, -0.1163274000)
(0.5508443000, -0.8255805000, -0.1223190000)
(0.5509999000, -0.8261132000, -0.1179341000)
(0.5497209000, -0.8268151000, -0.1190675000)
(0.5519229000, -0.8251585000, -0.1202959000)
(0.5590542000, -0.8203585000, -0.1202340000)
(0.5568993000, -0.8214392000, -0.1228381000)
(0.5605992000, -0.8195733000, -0.1184012000)
(0.5575716000, -0.8211656000, -0.1215663000)
(0.5571824000, -0.8219085000, -0.1182910000)
(0.5584015000, -0.8221942000, -0.1102691000)
(0.5433432000, -0.8314222000, -0.1161720000)
(0.4333862000, -0.8965469000, -0.0914005100)
(0.4287900000, -0.8981637000, -0.0970330400)
(0.5268210000, -0.8450466000, -0.0913665800)
(0.5518276000, -0.8257346000, -0.1167503000)
(0.5602657000, -0.8199654000, -0.1172301000)
(0.5655190000, -0.8164267000, -0.1167284000)
(0.5619503000, -0.8181133000, -0.1220083000)
(0.5495988000, -0.8249025000, -0.1321009000)
(0.5457368000, -0.8280389000, -0.1285265000)
(0.5501015000, -0.8246070000, -0.1318419000)
(0.4195447000, -0.9014759000, -0.1063387000)
(0.5495846000, -0.8255606000, -0.1280677000)
(0.5406647000, -0.8316551000, -0.1265572000)
(0.5351067000, -0.8352356000, -0.1265638000)
(0.5303593000, -0.8384428000, -0.1254034000)
(0.5308519000, -0.8377686000, -0.1277362000)
(0.5387842000, -0.8325810000, -0.1284125000)
(0.5316932000, -0.8371182000, -0.1285524000)
(0.4435485000, -0.8891826000, -0.1122284000)
(0.5308007000, -0.8371325000, -0.1320405000)
(0.5326396000, -0.8362372000, -0.1303568000)
(0.5350885000, -0.8331028000, -0.1400186000)
(0.5303833000, -0.8346375000, -0.1484948000)
(0.1242258000, -0.9642447000, -0.2340676000)
(0.3221496000, -0.9242018000, -0.2050838000)
(0.4360892000, -0.8732991000, -0.2171851000)
(0.4606449000, -0.8709581000, -0.1709220000)
(0.5396193000, -0.8303403000, -0.1389826000)
(0.5397733000, -0.8299688000, -0.1406092000)
(0.5407096000, -0.8300772000, -0.1363444000)
(0.5366524000, -0.8331379000, -0.1337168000)
(0.5351577000, -0.8335266000, -0.1372280000)
(0.5203788000, -0.8432078000, -0.1348960000)
(0.5043278000, -0.8540362000, -0.1274821000)
(0.5117284000, -0.8490418000, -0.1313462000)
(0.4612232000, -0.8794060000, -0.1179602000)
(0.4633281000, -0.8772869000, -0.1251783000)
(0.5323743000, -0.8364329000, -0.1301052000)
(0.5376541000, -0.8325305000, -0.1333930000)
(0.5415007000, -0.8299370000, -0.1340515000)
(0.5434197000, -0.8281181000, -0.1375158000)
(0.5457498000, -0.8264320000, -0.1383505000)
(0.5342523000, -0.8342429000, -0.1364012000)
(0.5350441000, -0.8335636000, -0.1374536000)
(0.5353741000, -0.8333290000, -0.1375874000)
(0.5286517000, -0.8383769000, -0.1328324000)
(0.5445643000, -0.8274961000, -0.1366842000)
(0.5434015000, -0.8282160000, -0.1370012000)
(0.5437419000, -0.8279745000, -0.1370525000)
(0.5225375000, -0.8425702000, -0.1304909000)
(0.5257877000, -0.8394514000, -0.1372907000)
(0.5303169000, -0.8362080000, -0.1396586000)
(0.4624018000, -0.8755957000, -0.1396197000)
(0.4488994000, -0.8832161000, -0.1356542000)
(0.5298619000, -0.8360251000, -0.1424653000)
(0.5383916000, -0.8306156000, -0.1420971000)
(0.5427808000, -0.8281590000, -0.1397618000)
(0.5344148000, -0.8330218000, -0.1430905000)
(0.5361649000, -0.8329442000, -0.1367663000)
(0.5355501000, -0.8335320000, -0.1355871000)
(0.5387983000, -0.8311026000, -0.1376782000)
(0.5378934000, -0.8317013000, -0.1375542000)
(0.5369334000, -0.8322585000, -0.1379286000)
(0.5366691000, -0.8324202000, -0.1380382000)
(0.5351139000, -0.8333538000, -0.1384677000)
(0.5196910000, -0.8429552000, -0.1390852000)
(0.5229037000, -0.8409453000, -0.1392128000)
(0.5244798000, -0.8405140000, -0.1357525000)
(0.5235590000, -0.8407055000, -0.1381657000)
(0.5047662000, -0.8525116000, -0.1356819000)
(0.4951200000, -0.8572044000, -0.1415589000)
(0.4905256000, -0.8586277000, -0.1487375000)
(0.4815946000, -0.8655474000, -0.1374144000)
(0.5432648000, -0.8283221000, -0.1368888000)
(0.5493076000, -0.8242983000, -0.1370776000)
(0.5296198000, -0.8368261000, -0.1386270000)
(0.5538223000, -0.8201890000, -0.1433552000)
(0.5579813000, -0.8177012000, -0.1414925000)
(0.5522478000, -0.8216394000, -0.1411641000)
(0.5579474000, -0.8175972000, -0.1421426000)
(0.5545964000, -0.8198056000, -0.1425929000)
(0.5537560000, -0.8204358000, -0.1421824000)
(0.5356713000, -0.8316320000, -0.1463692000)
(0.5548173000, -0.8196713000, -0.1424853000)
(0.5592762000, -0.8169894000, -0.1403884000)
(0.5585067000, -0.8178955000, -0.1382388000)
(0.5575529000, -0.8174264000, -0.1447062000)
(0.5526854000, -0.8206450000, -0.1451289000)
(0.5520855000, -0.8213334000, -0.1435099000)
(0.5345794000, -0.8333182000, -0.1407010000)
(0.5480682000, -0.8250133000, -0.1376822000)
(0.5482685000, -0.8247591000, -0.1384394000)
(0.5465180000, -0.8248333000, -0.1447124000)
(0.5414680000, -0.8284158000, -0.1432849000)
(0.5451900000, -0.8265620000, -0.1397797000)
(0.5443779000, -0.8271595000, -0.1394229000)
(0.5451127000, -0.8264443000, -0.1408340000)
(0.5451685000, -0.8262638000, -0.1415958000)
(0.5425891000, -0.8276593000, -0.1434062000)
(0.5362878000, -0.8319449000, -0.1422894000)
(0.5401496000, -0.8297879000, -0.1402693000)
(0.5394191000, -0.8297676000, -0.1431993000)
(0.5401742000, -0.8296984000, -0.1407511000)
(0.5359918000, -0.8316314000, -0.1451631000)
(0.5364791000, -0.8310369000, -0.1467720000)
(0.5350217000, -0.8320471000, -0.1463650000)
(0.5359612000, -0.8316780000, -0.1450883000)
(0.5359828000, -0.8316774000, -0.1450280000)
(0.5367948000, -0.8307581000, -0.1471982000)
(0.5426360000, -0.8270336000, -0.1467787000)
(0.5421457000, -0.8272833000, -0.1472125000)
(0.5431489000, -0.8263573000, -0.1486695000)
(0.5397362000, -0.8288644000, -0.1471675000)
(0.5204256000, -0.8408415000, -0.1487973000)
(0.5154806000, -0.8441262000, -0.1473940000)
(0.5213878000, -0.8404079000, -0.1478074000)
(0.5340591000, -0.8323998000, -0.1479289000)
(0.5431040000, -0.8250647000, -0.1558148000)
(0.4948286000, -0.8597969000, -0.1260325000)
(0.5303525000, -0.8372684000, -0.1329676000)
(0.5397331000, -0.8306025000, -0.1370294000)
(0.5470086000, -0.8256243000, -0.1382526000)
(0.5455461000, -0.8266807000, -0.1376794000)
(0.5535707000, -0.8210638000, -0.1393018000)
(0.5584404000, -0.8174405000, -0.1411293000)
(0.5579163000, -0.8177998000, -0.1411152000)
(0.5552556000, -0.8195044000, -0.1417491000)
(0.5518702000, -0.8215595000, -0.1430730000)
(0.5567318000, -0.8183712000, -0.1424482000)
(0.5559870000, -0.8188787000, -0.1424753000)
(0.5553240000, -0.8192328000, -0.1430372000)
(0.5546368000, -0.8195568000, -0.1438251000)
(0.5555745000, -0.8188244000, -0.1443544000)
(0.5558937000, -0.8186903000, -0.1438988000)
(0.5486671000, -0.8232458000, -0.1456796000)
(0.5528405000, -0.8209767000, -0.1426004000)
(0.5520597000, -0.8214839000, -0.1427961000)
(0.5579966000, -0.8174574000, -0.1427523000)
(0.5563190000, -0.8190524000, -0.1401813000)
(0.5621973000, -0.8134913000, -0.1488581000)
(0.5590080000, -0.8173372000, -0.1395188000)
(0.5578246000, -0.8178940000, -0.1409265000)
(0.5557266000, -0.8193736000, -0.1406321000)
(0.5569560000, -0.8188045000, -0.1390943000)
(0.5594363000, -0.8168838000, -0.1404270000)
(0.5597249000, -0.8167437000, -0.1401246000)
(0.5570844000, -0.8183587000, -0.1411296000)
(0.5560603000, -0.8192132000, -0.1402998000)
(0.5568143000, -0.8186587000, -0.1405069000)
(0.5551543000, -0.8196611000, -0.1411835000)
(0.5483038000, -0.8248608000, -0.1377100000)
(0.5122358000, -0.8472372000, -0.1406933000)
(0.5142896000, -0.8459867000, -0.1406906000)
(0.5467154000, -0.8266531000, -0.1331846000)
(0.5547321000, -0.8207477000, -0.1365257000)
(0.5548741000, -0.8205572000, -0.1370927000)
(0.5548635000, -0.8210472000, -0.1341879000)
(0.5532815000, -0.8217024000, -0.1366094000)
(0.5399890000, -0.8290701000, -0.1449997000)
(0.5403255000, -0.8286927000, -0.1460003000)
(0.5410980000, -0.8283339000, -0.1451215000)
(0.5438656000, -0.8266833000, -0.1441389000)
(0.5530320000, -0.8205212000, -0.1445270000)
(0.5479811000, -0.8245171000, -0.1410218000)
(0.5494320000, -0.8235617000, -0.1408881000)
(0.5515598000, -0.8220602000, -0.1413235000)
(0.5493588000, -0.8238266000, -0.1396663000)
(0.5462575000, -0.8260752000, -0.1385397000)
(0.5449628000, -0.8268589000, -0.1389709000)
(0.5473860000, -0.8253982000, -0.1380474000)
(0.5473404000, -0.8254735000, -0.1378617000)
(0.5494156000, -0.8237569000, -0.1398670000)
(0.5439150000, -0.8276757000, -0.1382310000)
(0.5471890000, -0.8254377000, -0.1385881000)
(0.5500826000, -0.8232950000, -0.1399229000)
(0.5501909000, -0.8234395000, -0.1386785000)
(0.5531768000, -0.8211765000, -0.1401746000)
(0.5565071000, -0.8189596000, -0.1400169000)
(0.5551291000, -0.8202186000, -0.1380202000)
(0.5548109000, -0.8204573000, -0.1378788000)
(0.5571465000, -0.8185403000, -0.1398974000)
(0.5588263000, -0.8175542000, -0.1389809000)
(0.5533275000, -0.8209401000, -0.1409539000)
(0.5536954000, -0.8208836000, -0.1397903000)
(0.5522743000, -0.8219829000, -0.1390201000)
(0.5288821000, -0.8362043000, -0.1449784000)
(0.5287511000, -0.8362768000, -0.1450344000)
(0.5301776000, -0.8347219000, -0.1488318000)
(0.5306774000, -0.8346941000, -0.1471140000)
(0.5300527000, -0.8347498000, -0.1490970000)
(0.5544680000, -0.8203222000, -0.1400321000)
(0.5557594000, -0.8198057000, -0.1379601000)
(0.5563861000, -0.8192154000, -0.1389815000)
(0.5573940000, -0.8182856000, -0.1403647000)
(0.5601888000, -0.8166098000, -0.1389974000)
(0.5344053000, -0.8303518000, -0.1578498000)
(0.5310432000, -0.8324343000, -0.1582025000)
(0.5025232000, -0.8517252000, -0.1483420000)
(0.4928208000, -0.8579357000, -0.1451633000)
(0.4909027000, -0.8590982000, -0.1446968000)
(0.5098909000, -0.8475958000, -0.1469165000)
(0.5529513000, -0.8214362000, -0.1395518000)
(0.5474135000, -0.8253398000, -0.1383201000)
(0.5503500000, -0.8236387000, -0.1368016000)
(0.5724633000, -0.8089809000, -0.1334502000)
(0.5780533000, -0.8051789000, -0.1323299000)
(0.5789984000, -0.8045771000, -0.1318670000)
(0.5797179000, -0.8041003000, -0.1316590000)
(0.5756051000, -0.8063917000, -0.1356553000)
(0.5226321000, -0.8392682000, -0.1498855000)
(0.5189551000, -0.8411098000, -0.1523787000)
(0.4999653000, -0.8519880000, -0.1553627000)
(0.5024212000, -0.8516067000, -0.1493774000)
(0.5638950000, -0.8143726000, -0.1371694000)
(0.5600504000, -0.8167579000, -0.1386496000)
(0.5567599000, -0.8186922000, -0.1404969000)
(0.5579737000, -0.8185399000, -0.1365476000)
(0.5581928000, -0.8183831000, -0.1365267000)
(0.5608872000, -0.8167077000, -0.1356190000)
(0.5587438000, -0.8185607000, -0.1331955000)
(0.5619951000, -0.8164553000, -0.1324887000)
(0.5593179000, -0.8179753000, -0.1344268000)
(0.5584572000, -0.8191062000, -0.1310170000)
(0.5622163000, -0.8162725000, -0.1325969000)
(0.5582415000, -0.8192856000, -0.1308567000)
(0.5520029000, -0.8236074000, -0.1302053000)
(0.5563340000, -0.8202451000, -0.1329370000)
(0.5771349000, -0.8062010000, -0.1301753000)
(0.5774539000, -0.8059572000, -0.1302678000)
(0.5779363000, -0.8055609000, -0.1306082000)
(0.5764468000, -0.8065565000, -0.1309635000)
(0.5551164000, -0.8210098000, -0.1333435000)
(0.5741019000, -0.8082353000, -0.1309831000)
(0.5772991000, -0.8061367000, -0.1298110000)
(0.5756807000, -0.8073092000, -0.1297480000)
(0.5646174000, -0.8149173000, -0.1307906000)
(0.5655360000, -0.8145889000, -0.1288472000)
(0.5697696000, -0.8116971000, -0.1284389000)
(0.5652407000, -0.8149706000, -0.1277586000)
(0.5635354000, -0.8163258000, -0.1265979000)
(0.5639538000, -0.8158956000, -0.1274603000)
(0.5731267000, -0.8094241000, -0.1277940000)
(0.5679029000, -0.8132357000, -0.1269203000)
(0.5657350000, -0.8145356000, -0.1283054000)
(0.5194912000, -0.8443454000, -0.1311527000)
(0.5239883000, -0.8415661000, -0.1310694000)
(0.5274913000, -0.8393801000, -0.1310636000)
(0.5439648000, -0.8275966000, -0.1384238000)
(0.5474992000, -0.8253642000, -0.1378301000)
(0.5435438000, -0.8264825000, -0.1465345000)
(0.5430649000, -0.8261377000, -0.1502378000)
(0.5465990000, -0.8248955000, -0.1440747000)
(0.5479295000, -0.8231609000, -0.1489073000)
(0.5576265000, -0.8184858000, -0.1382399000)
(0.5603818000, -0.8171075000, -0.1352655000)
(0.5580221000, -0.8180053000, -0.1395474000)
(0.5560334000, -0.8194153000, -0.1391222000)
(0.5570048000, -0.8190053000, -0.1377328000)
(0.5576938000, -0.8186161000, -0.1372093000)
(0.5546119000, -0.8210177000, -0.1353575000)
(0.5326385000, -0.8347166000, -0.1397141000)
(0.5307215000, -0.8359556000, -0.1396267000)
(0.5522795000, -0.8230824000, -0.1323253000)
(0.5500341000, -0.8249326000, -0.1301779000)
(0.5553909000, -0.8217741000, -0.1273325000)
(0.5486081000, -0.8269162000, -0.1234146000)
(0.5583572000, -0.8202478000, -0.1241415000)
(0.5656904000, -0.8148710000, -0.1263881000)
(0.5749739000, -0.8080145000, -0.1284159000)
(0.5740706000, -0.8086087000, -0.1287386000)
(0.5676404000, -0.8132833000, -0.1277905000)
(0.5675244000, -0.8133414000, -0.1280183000)
(0.5676091000, -0.8131897000, -0.1285088000)
(0.5683018000, -0.8127131000, -0.1285224000)
(0.5572354000, -0.8200169000, -0.1305189000)
(0.5532457000, -0.8228511000, -0.1296519000)
(0.5520700000, -0.8235444000, -0.1303204000)
(0.5687959000, -0.8126919000, -0.1263818000)
(0.5737935000, -0.8093209000, -0.1254366000)
(0.5738088000, -0.8095183000, -0.1241079000)
(0.5687850000, -0.8129847000, -0.1246153000)
(0.5754907000, -0.8082625000, -0.1244604000)
(0.5789454000, -0.8056400000, -0.1254975000)
(0.5817053000, -0.8036365000, -0.1256294000)
(0.5787964000, -0.8057880000, -0.1252911000)
(0.5784470000, -0.8059217000, -0.1260295000)
(0.5786770000, -0.8055695000, -0.1271352000)
(0.5764118000, -0.8068635000, -0.1292498000)
(0.5764126000, -0.8067248000, -0.1301168000)
(0.5763627000, -0.8064567000, -0.1320271000)
(0.5748071000, -0.8076121000, -0.1316969000)
(0.5773618000, -0.8060195000, -0.1302645000)
(0.5797591000, -0.8044336000, -0.1294686000)
(0.5810173000, -0.8034436000, -0.1299173000)
(0.5794883000, -0.8044414000, -0.1306287000)
(0.5810550000, -0.8032792000, -0.1308244000)
(0.5744916000, -0.8079083000, -0.1312793000)
(0.5614617000, -0.8170736000, -0.1309345000)
(0.5766258000, -0.8068606000, -0.1283365000)
(0.5744046000, -0.8084773000, -0.1281376000)
(0.5800494000, -0.8044862000, -0.1277602000)
(0.5795541000, -0.8048550000, -0.1276859000)
(0.5785341000, -0.8055940000, -0.1276713000)
(0.5734171000, -0.8095639000, -0.1256050000)
(0.5662338000, -0.8148826000, -0.1237669000)
(0.5769669000, -0.8075480000, -0.1222958000)
(0.5583885000, -0.8204218000, -0.1228230000)
(0.5639673000, -0.8165077000, -0.1234587000)
(0.5643287000, -0.8156667000, -0.1273299000)
(0.5645298000, -0.8146514000, -0.1328438000)
(0.5622873000, -0.8176165000, -0.1238023000)
(0.5771059000, -0.8067207000, -0.1270240000)
(0.5740027000, -0.8086002000, -0.1291377000)
(0.5949396000, -0.7927847000, -0.1323671000)
(0.5815586000, -0.8025485000, -0.1330427000)
(0.5817430000, -0.8025866000, -0.1320152000)
(0.5714464000, -0.8114225000, -0.1226144000)
(0.5723974000, -0.8102005000, -0.1261261000)
(0.5706172000, -0.8107780000, -0.1304507000)
(0.5660431000, -0.8129823000, -0.1364827000)
(0.5610524000, -0.8161395000, -0.1382358000)
(0.5409203000, -0.8258008000, -0.1595497000)
(0.5434836000, -0.8262668000, -0.1480127000)
(0.5450746000, -0.8250033000, -0.1491829000)
(0.5660599000, -0.8135693000, -0.1329063000)
(0.5663047000, -0.8135580000, -0.1319448000)
(0.5682420000, -0.8122804000, -0.1314647000)
(0.5252995000, -0.8410679000, -0.1290116000)
(0.5758929000, -0.8072030000, -0.1294210000)
(0.5820007000, -0.8025959000, -0.1308206000)
(0.5781977000, -0.8061417000, -0.1257170000)
(0.5870406000, -0.7986283000, -0.1324761000)
(0.5890670000, -0.7969820000, -0.1334287000)
(0.5932637000, -0.7932680000, -0.1369433000)
(0.5906177000, -0.7960607000, -0.1321133000)
(0.5939071000, -0.7930440000, -0.1354308000)
(0.5942174000, -0.7927132000, -0.1359973000)
(0.5803347000, -0.8040536000, -0.1291930000)
(0.3598681000, -0.9092883000, -0.2089575000)
(0.3187395000, -0.9333838000, -0.1648167000)
(0.5765213000, -0.8069098000, -0.1284287000)
(0.5762887000, -0.8069335000, -0.1294176000)
(0.5775226000, -0.8059501000, -0.1299663000)
(0.5752409000, -0.8070914000, -0.1329442000)
(0.5752473000, -0.8069333000, -0.1338710000)
(0.5780027000, -0.8053292000, -0.1317184000)
(0.5798120000, -0.8028365000, -0.1387370000)
(0.5871047000, -0.7988763000, -0.1307024000)
(0.5935932000, -0.7938968000, -0.1317016000)
(0.5948307000, -0.7926558000, -0.1336525000)
(0.5897426000, -0.7964372000, -0.1337262000)
(0.5752912000, -0.8057874000, -0.1404480000)
(0.5499145000, -0.8224727000, -0.1453467000)
(0.5554469000, -0.8189502000, -0.1442049000)
(0.5612575000, -0.8148481000, -0.1449359000)
(0.5814846000, -0.8015990000, -0.1389306000)
(0.5795615000, -0.8027809000, -0.1401621000)
(0.5854298000, -0.7989425000, -0.1376452000)
(0.5859311000, -0.7985283000, -0.1379372000)
(0.5857839000, -0.7983802000, -0.1393701000)
(0.5822658000, -0.8012596000, -0.1376171000)
(0.5806404000, -0.8023914000, -0.1379073000)
(0.5735759000, -0.8069481000, -0.1408639000)
(0.5892047000, -0.7959337000, -0.1389946000)
(0.5899310000, -0.7959037000, -0.1360556000)
(0.5908063000, -0.7953386000, -0.1355208000)
(0.5927408000, -0.7939257000, -0.1354120000)
(0.5955192000, -0.7921017000, -0.1338294000)
(0.5944821000, -0.7929345000, -0.1335727000)
(0.5888086000, -0.7971149000, -0.1337987000)
(0.5918964000, -0.7948103000, -0.1339201000)
(0.5982597000, -0.7902343000, -0.1326884000)
(0.5968473000, -0.7913346000, -0.1324151000)
(0.5973763000, -0.7908920000, -0.1327630000)
(0.5982651000, -0.7898684000, -0.1348105000)
(0.5994536000, -0.7887920000, -0.1358512000)
(0.5990235000, -0.7889907000, -0.1365603000)
(0.6021276000, -0.7868147000, -0.1354414000)
(0.6038105000, -0.7855933000, -0.1350555000)
(0.6025265000, -0.7865186000, -0.1353407000)
(0.5975908000, -0.7897077000, -0.1386800000)
(0.5909235000, -0.7949704000, -0.1371541000)
(0.5957597000, -0.7912702000, -0.1376423000)
(0.5948796000, -0.7916147000, -0.1394165000)
(0.5928978000, -0.7933248000, -0.1381600000)
(0.5978720000, -0.7897442000, -0.1372090000)
(0.6006152000, -0.7880882000, -0.1347113000)
(0.6016342000, -0.7873737000, -0.1344435000)
(0.6009969000, -0.7879173000, -0.1340620000)
(0.5997819000, -0.7890250000, -0.1329881000)
(0.5943700000, -0.7930690000, -0.1332425000)
(0.5928618000, -0.7941236000, -0.1337096000)
(0.5950524000, -0.7923125000, -0.1346395000)
(0.5956864000, -0.7919119000, -0.1342595000)
(0.5954854000, -0.7920475000, -0.1342759000)
(0.6017286000, -0.7875296000, -0.1330983000)
(0.6021789000, -0.7871516000, -0.1332520000)
(0.6019509000, -0.7873490000, -0.1331508000)
(0.5943089000, -0.7927579000, -0.1352905000)
(0.6008040000, -0.7880575000, -0.1341061000)
(0.6020526000, -0.7871352000, -0.1338945000)
(0.6025652000, -0.7867078000, -0.1340965000)
(0.6012025000, -0.7876863000, -0.1345059000)
(0.5824413000, -0.8017102000, -0.1342214000)
(0.5867582000, -0.7985261000, -0.1344181000)
(0.5926040000, -0.7942168000, -0.1343055000)
(0.5920032000, -0.7944953000, -0.1352749000)
(0.5927709000, -0.7940072000, -0.1347287000)
(0.5924802000, -0.7943371000, -0.1340836000)
(0.5962049000, -0.7912670000, -0.1356866000)
(0.5855424000, -0.7992349000, -0.1354740000)
(0.5879879000, -0.7973086000, -0.1362409000)
(0.5751916000, -0.8068116000, -0.1348804000)
(0.5829448000, -0.8012881000, -0.1344921000)
(0.5791997000, -0.8047718000, -0.1298547000)
(0.5793459000, -0.8036104000, -0.1361694000)
(0.5802645000, -0.8032399000, -0.1344516000)
(0.5831587000, -0.8010240000, -0.1351380000)
(0.5866739000, -0.7986310000, -0.1340598000)
(0.5874366000, -0.7979894000, -0.1346370000)
(0.5886694000, -0.7971397000, -0.1341825000)
(0.5894791000, -0.7967741000, -0.1328400000)
(0.5882109000, -0.7979827000, -0.1312542000)
(0.5883285000, -0.7978420000, -0.1315829000)
(0.5884844000, -0.7977240000, -0.1316110000)
(0.5859178000, -0.7995217000, -0.1320760000)
(0.5878811000, -0.7977944000, -0.1337782000)
(0.4170776000, -0.9005872000, -0.1223631000)
(0.4153254000, -0.9014162000, -0.1221664000)
(0.4727035000, -0.8722672000, -0.1251991000)
(0.5878767000, -0.7974893000, -0.1356433000)
(0.5860482000, -0.7990010000, -0.1346327000)
(0.5861694000, -0.7986748000, -0.1360774000)
(0.5787032000, -0.8039262000, -0.1370373000)
(0.5751438000, -0.8064592000, -0.1371369000)
(0.5682706000, -0.8111615000, -0.1381073000)
(0.5719679000, -0.8088803000, -0.1362333000)
(0.5683177000, -0.8114708000, -0.1360436000)
(0.5693058000, -0.8108382000, -0.1357523000)
(0.5849029000, -0.7997327000, -0.1353184000)
(0.4915137000, -0.8596623000, -0.1391659000)
(0.2968460000, -0.9410674000, -0.1620480000)
(0.5216572000, -0.8417416000, -0.1390574000)
(0.5940173000, -0.7930073000, -0.1351219000)
(0.5935270000, -0.7933913000, -0.1350223000)
(0.5939335000, -0.7929041000, -0.1361696000)
(0.5937024000, -0.7931634000, -0.1356331000)
(0.5988066000, -0.7890527000, -0.1372035000)
(0.5980313000, -0.7896072000, -0.1373224000)
(0.5981514000, -0.7896609000, -0.1365074000)
(0.5819196000, -0.8010297000, -0.1404005000)
(0.5861783000, -0.7974355000, -0.1431083000)
(0.5907960000, -0.7944835000, -0.1404572000)
(0.5907941000, -0.7943156000, -0.1414062000)
(0.5911154000, -0.7943002000, -0.1402279000)
(0.5936372000, -0.7920439000, -0.1422696000)
(0.5887718000, -0.7959687000, -0.1405427000)
(0.5777025000, -0.8044658000, -0.1381056000)
(0.5924066000, -0.7939693000, -0.1365269000)
(0.5925200000, -0.7938914000, -0.1365246000)
(0.5910552000, -0.7951362000, -0.1356365000)
(0.5911396000, -0.7951562000, -0.1351157000)
(0.5920088000, -0.7944663000, -0.1353708000)
(0.5926419000, -0.7941591000, -0.1344629000)
(0.5965242000, -0.7912226000, -0.1345658000)
(0.5982131000, -0.7898652000, -0.1350635000)
(0.5980080000, -0.7901747000, -0.1341448000)
(0.5947626000, -0.7927382000, -0.1334849000)
(0.5897205000, -0.7960857000, -0.1359018000)
(0.5806028000, -0.8031577000, -0.1335299000)
(0.5883368000, -0.7974113000, -0.1341014000)
(0.5877217000, -0.7978532000, -0.1341115000)
(0.5845374000, -0.8002193000, -0.1339998000)
(0.5946620000, -0.7932194000, -0.1309737000)
(0.5931551000, -0.7942659000, -0.1315099000)
(0.5922676000, -0.7948246000, -0.1321174000)
(0.5929215000, -0.7944707000, -0.1312647000)
(0.5936056000, -0.7938844000, -0.1317627000)
(0.5883218000, -0.7972158000, -0.1352660000)
(0.5904264000, -0.7954989000, -0.1362383000)
(0.5893584000, -0.7963632000, -0.1358529000)
(0.5846120000, -0.7999841000, -0.1350248000)
(0.5865253000, -0.7985590000, -0.1351573000)
(0.5977973000, -0.7905635000, -0.1327384000)
(0.5974232000, -0.7909194000, -0.1323530000)
(0.6004321000, -0.7887421000, -0.1317431000)
(0.6003787000, -0.7888205000, -0.1314716000)
(0.5998703000, -0.7892195000, -0.1314569000)
(0.5960585000, -0.7921073000, -0.1313642000)
(0.6007886000, -0.7880787000, -0.1340422000)
(0.6003008000, -0.7885182000, -0.1335862000)
(0.6049936000, -0.7849712000, -0.1333882000)
(0.6040286000, -0.7857139000, -0.1333998000)
(0.6048716000, -0.7848612000, -0.1346080000)
(0.6089145000, -0.7817640000, -0.1343494000)
(0.6087909000, -0.7815727000, -0.1360483000)
(0.6057804000, -0.7840006000, -0.1354446000)
(0.6028658000, -0.7863936000, -0.1346476000)
(0.6013530000, -0.7873634000, -0.1356748000)
(0.5973321000, -0.7917722000, -0.1276127000)
(0.6080956000, -0.7828735000, -0.1316122000)
(0.6089083000, -0.7822354000, -0.1316324000)
(0.6095665000, -0.7819959000, -0.1299642000)
(0.6097993000, -0.7818059000, -0.1300504000)
(0.6105355000, -0.7812015000, -0.1301985000)
(0.6086351000, -0.7826056000, -0.1306461000)
(0.6002788000, -0.7887024000, -0.1326079000)
(0.6040831000, -0.7855593000, -0.1340707000)
(0.6024429000, -0.7868754000, -0.1336855000)
(0.6033693000, -0.7859448000, -0.1349223000)
(0.6030753000, -0.7860581000, -0.1356114000)
(0.5928105000, -0.7934803000, -0.1376409000)
(0.5940481000, -0.7926570000, -0.1370615000)
(0.5856471000, -0.7987708000, -0.1377390000)
(0.5866384000, -0.7980483000, -0.1376964000)
(0.5853173000, -0.7995333000, -0.1346153000)
(0.6022717000, -0.7869946000, -0.1337982000)
(0.6011534000, -0.7878808000, -0.1335176000)
(0.6074868000, -0.7830308000, -0.1333814000)
(0.6090354000, -0.7818559000, -0.1332602000)
(0.6093185000, -0.7814643000, -0.1342662000)
(0.5889388000, -0.7966511000, -0.1359364000)
(0.5956643000, -0.7917187000, -0.1354267000)
(0.5933988000, -0.7925438000, -0.1404514000)
(0.5940904000, -0.7925622000, -0.1373787000)
(0.5963809000, -0.7911965000, -0.1353751000)
(0.5975803000, -0.7900731000, -0.1366661000)
(0.5932548000, -0.7930990000, -0.1378813000)
(0.5882111000, -0.7967624000, -0.1384743000)
(0.5956821000, -0.7912126000, -0.1382638000)
(0.5905920000, -0.7948409000, -0.1393127000)
(0.5955465000, -0.7908354000, -0.1410095000)
(0.6073969000, -0.7824111000, -0.1374777000)
(0.6078583000, -0.7820280000, -0.1375530000)
(0.6041151000, -0.7846337000, -0.1392096000)
(0.6045429000, -0.7843620000, -0.1389285000)
(0.6140084000, -0.7778121000, -0.1340906000)
(0.6104152000, -0.7804816000, -0.1350567000)
(0.6133474000, -0.7777854000, -0.1372469000)
(0.6136314000, -0.7775091000, -0.1375281000)
(0.6134819000, -0.7776465000, -0.1374454000)
(0.5943047000, -0.7906346000, -0.1472256000)
(0.6045289000, -0.7840002000, -0.1409140000)
(0.6045312000, -0.7839332000, -0.1413477000)
(0.6025070000, -0.7856215000, -0.1406070000)
(0.6020634000, -0.7859201000, -0.1408349000)
(0.6046975000, -0.7841974000, -0.1390927000)
(0.5910608000, -0.7943489000, -0.1401955000)
(0.6027099000, -0.7859243000, -0.1380640000)
(0.6034517000, -0.7854533000, -0.1374035000)
(0.6024688000, -0.7862910000, -0.1369997000)
(0.5999547000, -0.7881916000, -0.1371273000)
(0.6007009000, -0.7877735000, -0.1362474000)
(0.5968691000, -0.7905470000, -0.1370096000)
(0.5894608000, -0.7991028000, -0.1181044000)
(0.5222020000, -0.8447852000, -0.1167523000)
(0.5249906000, -0.8444530000, -0.1061464000)
(0.5241459000, -0.8454933000, -0.1019788000)
(0.5262653000, -0.8436835000, -0.1060088000)
(0.5257819000, -0.8441566000, -0.1046453000)
(0.5281264000, -0.8425500000, -0.1056732000)
(0.4997593000, -0.8613446000, -0.0911743400)
(0.5026575000, -0.8596048000, -0.0916058000)
(0.5055087000, -0.8581661000, -0.0894625300)
(0.5064562000, -0.8577319000, -0.0882758900)
(0.5276583000, -0.8429136000, -0.1051935000)
(0.5317184000, -0.8400726000, -0.1073653000)
(0.5335674000, -0.8389238000, -0.1072176000)
(0.5329037000, -0.8393872000, -0.1068747000)
(0.5351230000, -0.8381117000, -0.1058720000)
(0.5317743000, -0.8407557000, -0.1016116000)
(0.5311696000, -0.8412658000, -0.1005963000)
(0.5321574000, -0.8406418000, -0.1006236000)
(0.5386435000, -0.8357499000, -0.1065909000)
(0.5392965000, -0.8355678000, -0.1047102000)
(0.5387637000, -0.8359051000, -0.1047218000)
(0.5340039000, -0.8392604000, -0.1023138000)
(0.5348184000, -0.8386880000, -0.1027609000)
(0.5169869000, -0.8505670000, -0.0961410000)
(0.5161147000, -0.8508619000, -0.0981418300)
(0.5177565000, -0.8497530000, -0.0991879500)
(0.5255111000, -0.8449480000, -0.0993692000)
(0.5261098000, -0.8444795000, -0.1002168000)
(0.5376351000, -0.8366112000, -0.1050141000)
(0.5391045000, -0.8353685000, -0.1072229000)
(0.5394918000, -0.8351486000, -0.1070001000)
(0.5378942000, -0.8362459000, -0.1065041000)
(0.5408645000, -0.8343769000, -0.1060730000)
(0.5415651000, -0.8339459000, -0.1060154000)
(0.5398269000, -0.8347605000, -0.1083119000)
(0.5399697000, -0.8346305000, -0.1086311000)
(0.5410053000, -0.8340463000, -0.1080438000)
(0.5431466000, -0.8327903000, -0.1069876000)
(0.5365171000, -0.8353198000, -0.1199034000)
(0.2584494000, -0.9512138000, -0.1684325000)
(0.1572562000, -0.9769000000, -0.1446165000)
(0.1725791000, -0.9629143000, -0.2073240000)
(0.2245515000, -0.9548397000, -0.1944965000)
(0.4636900000, -0.8739362000, -0.1455897000)
(0.4653103000, -0.8730764000, -0.1455954000)
(0.4758588000, -0.8683031000, -0.1399568000)
(0.4770519000, -0.8672045000, -0.1427118000)
(0.4753154000, -0.8677315000, -0.1452357000)
(0.4790359000, -0.8658344000, -0.1443570000)
(0.4657552000, -0.8725910000, -0.1471256000)
(0.4652791000, -0.8725734000, -0.1487307000)
(0.4629084000, -0.8738334000, -0.1486878000)
(0.4600361000, -0.8751400000, -0.1499559000)
(0.4480135000, -0.8823124000, -0.1441721000)
(0.4559018000, -0.8780453000, -0.1455040000)
(0.4431781000, -0.8851529000, -0.1416838000)
(0.4374171000, -0.8880749000, -0.1412778000)
(0.4500034000, -0.8821641000, -0.1388446000)
(0.4715741000, -0.8706850000, -0.1396467000)
(0.4912849000, -0.8596778000, -0.1399553000)
(0.4947822000, -0.8576253000, -0.1401715000)
(0.5005004000, -0.8545116000, -0.1389226000)
(0.5008704000, -0.8542613000, -0.1391146000)
(0.4962933000, -0.8566751000, -0.1407053000)
(0.4870355000, -0.8618426000, -0.1414087000)
(0.4736828000, -0.8690843000, -0.1425203000)
(0.4708438000, -0.8709662000, -0.1404287000)
(0.4781079000, -0.8671088000, -0.1397434000)
(0.4781048000, -0.8671394000, -0.1395198000)
(0.4793775000, -0.8664690000, -0.1393559000)
(0.4800853000, -0.8664914000, -0.1367165000)
(0.4841967000, -0.8640696000, -0.1375213000)
(0.4571613000, -0.8779928000, -0.1418487000)
(0.4488058000, -0.8818495000, -0.1445543000)
(0.4622395000, -0.8748214000, -0.1449378000)
(0.3923258000, -0.9195982000, -0.0199415300)
(0.4251828000, -0.8983490000, -0.1103329000)
(0.5113046000, -0.8546210000, -0.0903306700)
(0.5110351000, -0.8548138000, -0.0900519500)
(0.5090543000, -0.8559933000, -0.0901364600)
(0.5121747000, -0.8542935000, -0.0885647500)
(0.5129147000, -0.8538198000, -0.0889223400)
(0.5127307000, -0.8538863000, -0.0893237900)
(0.5110640000, -0.8548761000, -0.0894008900)
(0.5091561000, -0.8560920000, -0.0885906100)
(0.4955605000, -0.8645378000, -0.0835655300)
(0.4997086000, -0.8619698000, -0.0852680400)
(0.5054634000, -0.8584473000, -0.0868722300)
(0.5068552000, -0.8574665000, -0.0885632300)
(0.5125011000, -0.8535070000, -0.0940225300)
(0.5145960000, -0.8529624000, -0.0872667500)
(0.5138062000, -0.8533210000, -0.0885654900)
(0.5123530000, -0.8541209000, -0.0892169800)
(0.5087732000, -0.8563861000, -0.0879258400)
(0.5095450000, -0.8558746000, -0.0884078700)
(0.5129656000, -0.8538164000, -0.0886266200)
(0.5169955000, -0.8514194000, -0.0882447100)
(0.5193492000, -0.8498727000, -0.0893356700)
(0.5166437000, -0.8514016000, -0.0905115400)
(0.5091394000, -0.8560672000, -0.0889185400)
(0.4972773000, -0.8636603000, -0.0824634200)
(0.4889008000, -0.8697088000, -0.0674907100)
(0.4859189000, -0.8713839000, -0.0675066100)
(0.4760521000, -0.8763467000, -0.0733652300)
(0.4406398000, -0.8963594000, -0.0485993300)
(0.4345351000, -0.8996142000, -0.0431274800)
(0.4848720000, -0.8716722000, -0.0712657800)
(0.5006559000, -0.8618530000, -0.0807787000)
(0.3938053000, -0.9185249000, -0.0349759300)
(0.3959540000, -0.9179041000, -0.0256145000)
(0.4278625000, -0.9033092000, -0.0305989900)
(0.4262449000, -0.9036713000, -0.0410609500)
(0.5116380000, -0.8551303000, -0.0834747000)
(0.5113663000, -0.8553060000, -0.0832360100)
(0.5135507000, -0.8537955000, -0.0853511200)
(0.5193825000, -0.8502365000, -0.0856434000)
(0.5134079000, -0.8541237000, -0.0829099000)
(0.5171554000, -0.8511258000, -0.0900776000)
(0.5196682000, -0.8496981000, -0.0890425300)
(0.5175711000, -0.8508682000, -0.0900923500)
(0.5190509000, -0.8500021000, -0.0898106200)
(0.5196450000, -0.8495769000, -0.0904684100)
(0.5210717000, -0.8487183000, -0.0902345700)
(0.5194571000, -0.8498262000, -0.0890795400)
(0.5183360000, -0.8505446000, -0.0887831900)
(0.5164897000, -0.8518217000, -0.0872810600)
(0.5175397000, -0.8510555000, -0.0885284100)
(0.5189152000, -0.8501996000, -0.0886720000)
(0.5179256000, -0.8509294000, -0.0875619100)
(0.5168238000, -0.8516843000, -0.0867244700)
(0.5009018000, -0.8619637000, -0.0780248600)
(0.4979247000, -0.8637753000, -0.0771743400)
(0.5111762000, -0.8552491000, -0.0851078300)
(0.5085634000, -0.8568788000, -0.0842488600)
(0.5078588000, -0.8575581000, -0.0815047300)
(0.5066172000, -0.8582729000, -0.0818692700)
(0.5026734000, -0.8608626000, -0.0788276800)
(0.5037742000, -0.8601726000, -0.0793547800)
(0.5078136000, -0.8573868000, -0.0835653800)
(0.5070758000, -0.8582735000, -0.0789840700)
(0.5103273000, -0.8563315000, -0.0789687800)
(0.5177118000, -0.8514596000, -0.0835781700)
(0.5083802000, -0.8575223000, -0.0786247700)
(0.5169974000, -0.8519367000, -0.0830819100)
(0.5206717000, -0.8495952000, -0.0840446200)
(0.5185736000, -0.8509375000, -0.0835603500)
(0.5184187000, -0.8510398000, -0.0834167600)
(0.5065852000, -0.8587436000, -0.0768911500)
(0.4974794000, -0.8644264000, -0.0724757000)
(0.4937175000, -0.8669675000, -0.0678403900)
(0.5008357000, -0.8622308000, -0.0754504300)
(0.5114700000, -0.8564399000, -0.0700358700)
(0.5160103000, -0.8527126000, -0.0812675200)
(0.5170985000, -0.8516489000, -0.0854148800)
(0.5192923000, -0.8503497000, -0.0850782800)
(0.5196788000, -0.8502054000, -0.0840327200)
(0.5186790000, -0.8509447000, -0.0827598300)
(0.5178305000, -0.8515028000, -0.0823189500)
(0.5184758000, -0.8512407000, -0.0809194500)
(0.5250700000, -0.8468203000, -0.0848189900)
(0.5240027000, -0.8473570000, -0.0859583300)
(0.5313162000, -0.8426803000, -0.0869789600)
(0.5309129000, -0.8430746000, -0.0855968100)
(0.5318867000, -0.8424283000, -0.0859128900)
(0.5278238000, -0.8450612000, -0.0852529900)
(0.5303772000, -0.8433612000, -0.0861822600)
(0.5219396000, -0.8487859000, -0.0843443900)
(0.5254314000, -0.8468766000, -0.0818420900)
(0.5256703000, -0.8467150000, -0.0820792500)
(0.5257820000, -0.8466002000, -0.0824210300)
(0.5157357000, -0.8534245000, -0.0753119900)
(0.5022902000, -0.8626999000, -0.0585836200)
(0.5051720000, -0.8607739000, -0.0621649100)
(0.5050635000, -0.8609974000, -0.0598214300)
(0.5089725000, -0.8579407000, -0.0698745700)
(0.5245438000, -0.8470536000, -0.0856415000)
(0.5225439000, -0.8483350000, -0.0851759500)
(0.5217986000, -0.8486643000, -0.0864754900)
(0.5258753000, -0.8459197000, -0.0885686300)
(0.5325819000, -0.8415963000, -0.0898308100)
(0.5169191000, -0.8517244000, -0.0857026000)
(0.5209010000, -0.8490576000, -0.0879653300)
(0.5226817000, -0.8478713000, -0.0888107600)
(0.5249700000, -0.8464384000, -0.0890331900)
(0.5238636000, -0.8473703000, -0.0867519500)
(0.5132129000, -0.8543164000, -0.0820428600)
(0.5069930000, -0.8583251000, -0.0789119800)
(0.5132225000, -0.8543349000, -0.0819127900)
(0.5124953000, -0.8548152000, -0.0814050900)
(0.5078258000, -0.8579410000, -0.0777227600)
(0.5108845000, -0.8559236000, -0.0798387500)
(0.5069617000, -0.8583629000, -0.0787076100)
(0.5066958000, -0.8585213000, -0.0786907300)
(0.5135616000, -0.8546032000, -0.0768012600)
(0.5201895000, -0.8501590000, -0.0813016100)
(0.5269568000, -0.8454294000, -0.0869229700)
(0.5269660000, -0.8454366000, -0.0867583100)
(0.5289856000, -0.8440809000, -0.0877166100)
(0.5322285000, -0.8420194000, -0.0878887700)
(0.5314776000, -0.8424298000, -0.0884780700)
(0.5333803000, -0.8411803000, -0.0889550400)
(0.5359617000, -0.8391976000, -0.0921385700)
(0.5365229000, -0.8387485000, -0.0929406400)
(0.5272122000, -0.8446352000, -0.0929071200)
(0.5251809000, -0.8459609000, -0.0922865500)
(0.5286055000, -0.8437378000, -0.0930425800)
(0.5266212000, -0.8450075000, -0.0928551900)
(0.5195584000, -0.8494003000, -0.0925268200)
(0.5180093000, -0.8509353000, -0.0869613700)
(0.5090116000, -0.8570834000, -0.0794238200)
(0.5184515000, -0.8512945000, -0.0805399300)
(0.5251232000, -0.8468816000, -0.0838422700)
(0.5285525000, -0.8443907000, -0.0873767100)
(0.5260169000, -0.8462442000, -0.0846241100)
(0.5329338000, -0.8415974000, -0.0877165000)
(0.5333681000, -0.8412532000, -0.0882041800)
(0.5305084000, -0.8430390000, -0.0884054400)
(0.5276682000, -0.8449225000, -0.0875742000)
(0.5212209000, -0.8488261000, -0.0883699800)
(0.5073982000, -0.8576915000, -0.0830078100)
(0.4846113000, -0.8714830000, -0.0752494800)
(0.4763517000, -0.8762388000, -0.0725537700)
(0.5177847000, -0.8510172000, -0.0874421900)
(0.5277983000, -0.8443571000, -0.0920786000)
(0.5299803000, -0.8429244000, -0.0927167800)
(0.5314212000, -0.8418710000, -0.0940238500)
(0.5325609000, -0.8410645000, -0.0947638800)
(0.5114537000, -0.8554623000, -0.0811182600)
(0.5286436000, -0.8440750000, -0.0897532900)
(0.5238186000, -0.8471064000, -0.0895297800)
(0.5197003000, -0.8503263000, -0.0826840600)
(0.5345953000, -0.8397065000, -0.0953117200)
(0.5345698000, -0.8397905000, -0.0946646300)
(0.5345480000, -0.8397734000, -0.0950230800)
(0.5344947000, -0.8398209000, -0.0949022900)
(0.5264099000, -0.8450518000, -0.0936452200)
(0.5322744000, -0.8412235000, -0.0949705200)
(0.5328879000, -0.8412011000, -0.0915905500)
(0.5312920000, -0.8423027000, -0.0907166000)
(0.5331940000, -0.8410512000, -0.0911495000)
(0.5325395000, -0.8415122000, -0.0908168800)
(0.5305210000, -0.8427723000, -0.0909509400)
(0.5330980000, -0.8410599000, -0.0916838700)
(0.5323449000, -0.8415353000, -0.0917386200)
(0.5316383000, -0.8419052000, -0.0923427000)
(0.5337803000, -0.8405370000, -0.0924463000)
(0.5291967000, -0.8428150000, -0.0979502900)
(0.5316234000, -0.8421620000, -0.0901647400)
(0.5352658000, -0.8388993000, -0.0985656800)
(0.5349899000, -0.8401069000, -0.0894406800)
(0.5410181000, -0.8361170000, -0.0905413800)
(0.5354963000, -0.8404068000, -0.0833481800)
(0.5308855000, -0.8424372000, -0.0918467800)
(0.5322023000, -0.8415340000, -0.0924731500)
(0.5363337000, -0.8390473000, -0.0913356500)
(0.5345712000, -0.8389893000, -0.1015523000)
(0.5374120000, -0.8381612000, -0.0930806900)
(0.5368936000, -0.8386297000, -0.0918222700)
(0.5409405000, -0.8361896000, -0.0902514200)
(0.5402956000, -0.8366288000, -0.0900422900)
(0.5340312000, -0.8408666000, -0.0880194700)
(0.5366505000, -0.8391446000, -0.0884271400)
(0.5426823000, -0.8350804000, -0.0901060800)
(0.5406862000, -0.8356609000, -0.0965751300)
(0.5488529000, -0.8313440000, -0.0872114100)
(0.5492432000, -0.8305995000, -0.0917033300)
(0.5481291000, -0.8310857000, -0.0939348000)
(0.5545096000, -0.8274435000, -0.0885294500)
(0.5459440000, -0.8325671000, -0.0936546800)
(0.5294611000, -0.8426667000, -0.0978392900)
(0.5061800000, -0.8567944000, -0.0983070300)
(0.5230610000, -0.8475587000, -0.0897218300)
(0.5082195000, -0.8556685000, -0.0975408800)
(0.5239939000, -0.8457363000, -0.1007345000)
(0.5224006000, -0.8476945000, -0.0921042200)
(0.5282001000, -0.8441757000, -0.0914890500)
(0.5262904000, -0.8455364000, -0.0898003200)
(0.5449916000, -0.8330109000, -0.0952390500)
(0.5452101000, -0.8321973000, -0.1008974000)
(0.5028211000, -0.8506687000, -0.1533969000)
(0.4917194000, -0.8555979000, -0.1617419000)
(0.4979655000, -0.8511857000, -0.1658382000)
(0.4973976000, -0.8517886000, -0.1644114000)
(0.4239034000, -0.8882982000, -0.1766469000)
(0.2401125000, -0.9502452000, -0.1983585000)
(0.4606703000, -0.8717831000, -0.1666564000)
(0.4314646000, -0.8850636000, -0.1746021000)
(0.3841194000, -0.9048486000, -0.1834912000)
(0.3975124000, -0.8996539000, -0.1805404000)
(0.3258531000, -0.9249181000, -0.1957450000)
(0.2915869000, -0.9350666000, -0.2015225000)
(0.2840021000, -0.9375463000, -0.2007871000)
(0.4946684000, -0.8525741000, -0.1685756000)
(0.4947926000, -0.8524796000, -0.1686548000)
(0.4970095000, -0.8515773000, -0.1666836000)
(0.4985158000, -0.8508312000, -0.1659951000)
(0.4998668000, -0.8500145000, -0.1661375000)
(0.4975733000, -0.8510705000, -0.1675797000)
(0.4965515000, -0.8516837000, -0.1675375000)
(0.4290753000, -0.8853827000, -0.1788274000)
(0.4463409000, -0.8770252000, -0.1777639000)
(0.4409030000, -0.8794218000, -0.1794371000)
(0.4459558000, -0.8773389000, -0.1771364000)
(0.4414467000, -0.8789852000, -0.1802588000)
(0.4247109000, -0.8868003000, -0.1821494000)
(0.4355361000, -0.8819052000, -0.1803719000)
(0.4628961000, -0.8706293000, -0.1665263000)
(0.5017100000, -0.8521563000, -0.1486612000)
(0.3243844000, -0.9369076000, -0.1302800000)
(0.4271862000, -0.9036761000, -0.0292804700)
(0.0197832900, -0.9418620000, -0.3353803000)
(0.5781224000, -0.8082986000, -0.1114583000)
(0.5794752000, -0.8073929000, -0.1109847000)
(0.5754461000, -0.8107604000, -0.1073159000)
(0.5685677000, -0.8138909000, -0.1195388000)
(0.5615972000, -0.8191516000, -0.1165346000)
(0.5568344000, -0.8232840000, -0.1100677000)
(0.5539581000, -0.8253733000, -0.1089427000)
(0.5612178000, -0.8204770000, -0.1087706000)
(0.5654047000, -0.8170272000, -0.1129726000)
(0.5630479000, -0.8181530000, -0.1165836000)
(0.5662702000, -0.8165648000, -0.1120453000)
(0.4283492000, -0.9010198000, -0.0683995900)
(0.3877527000, -0.9198706000, -0.0589335400)
(0.4144773000, -0.9091483000, -0.0405856300)
(0.5433311000, -0.8328254000, -0.1057730000)
(0.4103265000, -0.9107272000, -0.0468416700)
(0.5323781000, -0.8415692000, -0.0912531600)
(0.5360900000, -0.8385696000, -0.0969171600)
(0.5537443000, -0.8257059000, -0.1074527000)
(0.5519881000, -0.8269687000, -0.1067743000)
(0.5514356000, -0.8272032000, -0.1078889000)
(0.5512384000, -0.8274747000, -0.1068051000)
(0.4169343000, -0.9084053000, -0.0310067100)
(0.3707882000, -0.9285070000, -0.0191339300)
(0.3712826000, -0.9284542000, -0.0093809330)
(0.5648853000, -0.8174982000, -0.1121530000)
(0.5661816000, -0.8158920000, -0.1171689000)
(0.5621189000, -0.8186044000, -0.1179153000)
(0.5667984000, -0.8158377000, -0.1145442000)
(0.5702003000, -0.8149281000, -0.1036397000)
(0.5703644000, -0.8139049000, -0.1105474000)
(0.5445005000, -0.8328438000, -0.0993075100)
(0.5352823000, -0.8382626000, -0.1037276000)
(0.5588086000, -0.8227168000, -0.1042316000)
(0.5461178000, -0.8319554000, -0.0979656900)
(0.5371818000, -0.8364624000, -0.1083464000)
(0.5429261000, -0.8334900000, -0.1024855000)
(0.5473646000, -0.8312367000, -0.0970889200)
(0.5434655000, -0.8336534000, -0.0981722600)
(0.5409420000, -0.8349355000, -0.1012665000)
(0.5457103000, -0.8314206000, -0.1044707000)
(0.5354069000, -0.8365291000, -0.1163946000)
(0.4972729000, -0.8595824000, -0.1175761000)
(0.5039555000, -0.8562922000, -0.1130394000)
(0.3487131000, -0.9247600000, -0.1522892000)
(0.3648432000, -0.9181812000, -0.1543521000)
(0.3553700000, -0.9226965000, -0.1494277000)
(0.2949793000, -0.9426454000, -0.1561651000)
(0.2828043000, -0.9487650000, -0.1408344000)
(0.2913953000, -0.9474922000, -0.1316577000)
(0.2762583000, -0.9516758000, -0.1340877000)
(0.4892899000, -0.8643355000, -0.1162284000)
(0.4756265000, -0.8738453000, -0.1007482000)
(0.5379880000, -0.8360831000, -0.1073518000)
(0.5444549000, -0.8318365000, -0.1076702000)
(0.5422404000, -0.8332162000, -0.1081646000)
(0.5432959000, -0.8324083000, -0.1091222000)
(0.5485212000, -0.8301145000, -0.1000449000)
(0.3400936000, -0.9383883000, -0.0611421200)
(0.5391702000, -0.8356540000, -0.1046808000)
(0.5372201000, -0.8372119000, -0.1023057000)
(0.5422925000, -0.8336930000, -0.1041677000)
(0.2590538000, -0.9575517000, -0.1263127000)
(0.2488196000, -0.9629484000, -0.1039620000)
(0.2445991000, -0.9629388000, -0.1136296000)
(0.2720677000, -0.9555654000, -0.1134339000)
(0.3277776000, -0.9380859000, -0.1119737000)
(0.5145137000, -0.8517228000, -0.0991485900)
(0.5230612000, -0.8415643000, -0.1347478000)
(0.5366983000, -0.8376898000, -0.1011050000)
(0.5458953000, -0.8310361000, -0.1065856000)
(0.5341978000, -0.8380635000, -0.1107840000)
(0.5261927000, -0.8435444000, -0.1073810000)
(0.5113802000, -0.8528522000, -0.1054529000)
(0.2719733000, -0.9529162000, -0.1339993000)
(0.2715747000, -0.9578722000, -0.0932879300)
(0.2743511000, -0.9563987000, -0.1000803000)
(0.2507647000, -0.9513762000, -0.1788025000)
(0.3118093000, -0.9453306000, -0.0954913000)
(0.5198953000, -0.8477049000, -0.1053537000)
(0.3069152000, -0.9467683000, -0.0970827100)
(0.2927213000, -0.9511143000, -0.0983075100)
(0.2951535000, -0.9502589000, -0.0993289300)
(0.3064100000, -0.9464149000, -0.1019800000)
(0.3187959000, -0.9423046000, -0.1020330000)
(0.3293278000, -0.9381166000, -0.1070970000)
(0.3097530000, -0.9446480000, -0.1080047000)
(0.2830551000, -0.9433715000, -0.1729530000)
(0.2910331000, -0.9410836000, -0.1721819000)
(0.5428907000, -0.8330378000, -0.1063291000)
(0.5461620000, -0.8306898000, -0.1079501000)
(0.5494422000, -0.8281283000, -0.1109074000)
(0.5524095000, -0.8263466000, -0.1093885000)
(0.5437337000, -0.8311138000, -0.1165960000)
(0.5360807000, -0.8358971000, -0.1178329000)
(0.5451586000, -0.8311219000, -0.1096313000)
(0.5445362000, -0.8319046000, -0.1067636000)
(0.5402969000, -0.8339967000, -0.1118966000)
(0.5321184000, -0.8401888000, -0.1045379000)
(0.5363442000, -0.8379738000, -0.1005744000)
(0.5416665000, -0.8344015000, -0.1017782000)
(0.5561615000, -0.8245602000, -0.1037357000)
(0.5690907000, -0.8157466000, -0.1033328000)
(0.5645114000, -0.8179487000, -0.1107104000)
(0.5577957000, -0.8221211000, -0.1139133000)
(0.5590484000, -0.8209398000, -0.1161891000)
(0.3285568000, -0.9345102000, -0.1368461000)
(0.5734589000, -0.8100610000, -0.1222265000)
(0.5801970000, -0.8084458000, -0.0987989400)
(0.5763400000, -0.8101556000, -0.1070868000)
(0.5749980000, -0.8082861000, -0.1266268000)
(0.5609624000, -0.8160268000, -0.1393341000)
(0.5460111000, -0.8275434000, -0.1304499000)
(0.5460057000, -0.8270332000, -0.1337402000)
(0.5528568000, -0.8212891000, -0.1407487000)
(0.5262246000, -0.8377736000, -0.1455778000)
(0.5637049000, -0.8156234000, -0.1302618000)
(0.5661207000, -0.8150085000, -0.1234993000)
(0.5684490000, -0.8144854000, -0.1160205000)
(0.5652808000, -0.8167311000, -0.1156926000)
(0.5659957000, -0.8160075000, -0.1172640000)
(0.5641696000, -0.8167700000, -0.1207924000)
(0.4904408000, -0.8626674000, -0.1234676000)
(0.4799951000, -0.8682811000, -0.1252291000)
(0.3150002000, -0.9396260000, -0.1336579000)
(0.5315833000, -0.8371588000, -0.1287524000)
(0.5394194000, -0.8325440000, -0.1260380000)
(0.5390247000, -0.8327471000, -0.1264142000)
(0.5400826000, -0.8318333000, -0.1278537000)
(0.5410455000, -0.8311559000, -0.1282038000)
(0.5338319000, -0.8365748000, -0.1230319000)
(0.2517284000, -0.9564435000, -0.1477750000)
(0.2203985000, -0.9647970000, -0.1434426000)
(0.1811596000, -0.9501953000, -0.2535440000)
(0.2758491000, -0.9326379000, -0.2325478000)
(0.2360740000, -0.9606637000, -0.1461640000)
(0.3101983000, -0.9415516000, -0.1312643000)
(0.1767903000, -0.9614930000, -0.2103624000)
(0.2275452000, -0.9414735000, -0.2486518000)
(0.2380696000, -0.9387785000, -0.2490064000)
(0.2347218000, -0.9398785000, -0.2479959000)
(0.2427036000, -0.9421998000, -0.2309613000)
(0.2420493000, -0.9428037000, -0.2291398000)
(0.2456715000, -0.9414276000, -0.2309546000)
(0.2517449000, -0.9403305000, -0.2288779000)
(0.2542238000, -0.9430773000, -0.2143786000)
(0.2597878000, -0.9441029000, -0.2028595000)
(0.2558404000, -0.9438886000, -0.2088287000)
(0.2581938000, -0.9444393000, -0.2033671000)
(0.2530539000, -0.9448216000, -0.2080006000)
(0.2549212000, -0.9424860000, -0.2161603000)
(0.2748036000, -0.9442609000, -0.1812313000)
(0.2851317000, -0.9423715000, -0.1750050000)
(0.2862494000, -0.9412615000, -0.1790476000)
(0.2869171000, -0.9419293000, -0.1744363000)
(0.2446643000, -0.9368017000, -0.2500291000)
(0.0832035800, -0.9448041000, -0.3168713000)
(0.1813198000, -0.9502929000, -0.2530750000)
(0.5303728000, -0.8395600000, -0.1175758000)
(0.5288426000, -0.8392017000, -0.1266502000)
(0.5294240000, -0.8388234000, -0.1268045000)
(0.5335266000, -0.8363030000, -0.1262726000)
(0.5270010000, -0.8402784000, -0.1272483000)
(0.5320230000, -0.8373277000, -0.1258189000)
(0.5325093000, -0.8363554000, -0.1301073000)
(0.4968919000, -0.8578677000, -0.1309893000)
(0.4938734000, -0.8575978000, -0.1435623000)
(0.2034955000, -0.9631850000, -0.1756236000)
(0.2024323000, -0.9643249000, -0.1705483000)
(0.5212336000, -0.8396463000, -0.1526127000)
(0.5246226000, -0.8377581000, -0.1514076000)
(0.5257483000, -0.8357729000, -0.1582464000)
(0.5255378000, -0.8356454000, -0.1596195000)
(0.5241231000, -0.8389019000, -0.1467384000)
(0.5316121000, -0.8333545000, -0.1513337000)
(0.5269399000, -0.8361478000, -0.1522021000)
(0.5246727000, -0.8376325000, -0.1518973000)
(0.5285705000, -0.8390957000, -0.1284700000)
(0.5175804000, -0.8462040000, -0.1266603000)
(0.5203727000, -0.8445453000, -0.1262147000)
(0.5231888000, -0.8429824000, -0.1250280000)
(0.5269921000, -0.8389158000, -0.1359036000)
(0.5280412000, -0.8381326000, -0.1367638000)
(0.5301983000, -0.8373487000, -0.1331293000)
(0.5273552000, -0.8321919000, -0.1712795000)
(0.2057654000, -0.9575166000, -0.2020149000)
(0.2968990000, -0.9350340000, -0.1937702000)
(0.2807841000, -0.9419836000, -0.1838641000)
(0.5295189000, -0.8380474000, -0.1314136000)
(0.2213558000, -0.9504285000, -0.2183134000)
(0.5316205000, -0.8370383000, -0.1293065000)
(0.5319748000, -0.8369499000, -0.1284473000)
(0.5379418000, -0.8320533000, -0.1352129000)
(0.5330150000, -0.8349855000, -0.1366403000)
(0.5328097000, -0.8351703000, -0.1363563000)
(0.5320379000, -0.8358814000, -0.1349400000)
(0.5341463000, -0.8345110000, -0.1351011000)
(0.5336444000, -0.8352563000, -0.1325160000)
(0.5331339000, -0.8358113000, -0.1310824000)
(0.5381317000, -0.8330682000, -0.1281025000)
(0.5435011000, -0.8291517000, -0.1307937000)
(0.2142386000, -0.9538252000, -0.2104531000)
(0.2058162000, -0.9533087000, -0.2209436000)
(0.1898685000, -0.9587646000, -0.2114222000)
(0.2101863000, -0.9573709000, -0.1981085000)
(0.4443973000, -0.8825645000, -0.1535113000)
(0.5223932000, -0.8441311000, -0.1205215000)
(0.5279931000, -0.8398114000, -0.1261732000)
(0.5290566000, -0.8396783000, -0.1225430000)
(0.5287729000, -0.8398544000, -0.1226200000)
(0.5263044000, -0.8413808000, -0.1227384000)
(0.5252289000, -0.8419960000, -0.1231706000)
(0.5270292000, -0.8410308000, -0.1219957000)
(0.5275601000, -0.8402769000, -0.1249131000)
(0.5273753000, -0.8407755000, -0.1223202000)
(0.4442295000, -0.8844763000, -0.1426436000)
(0.4255542000, -0.8918819000, -0.1530935000)
(0.5164777000, -0.8464634000, -0.1293712000)
(0.5273861000, -0.8401163000, -0.1266430000)
(0.5301202000, -0.8382377000, -0.1277133000)
(0.5302902000, -0.8380411000, -0.1283709000)
(0.5289351000, -0.8388896000, -0.1284030000)
(0.5146052000, -0.8469548000, -0.1335547000)
(0.2052519000, -0.9542219000, -0.2175321000)
(0.1644849000, -0.9668700000, -0.1951396000)
(0.2124757000, -0.9544972000, -0.2092355000)
(0.2281384000, -0.9522883000, -0.2026740000)
(0.2155601000, -0.9484966000, -0.2320819000)
(0.2316383000, -0.9466649000, -0.2239296000)
(0.2263818000, -0.9481427000, -0.2230594000)
(0.2332250000, -0.9471438000, -0.2202702000)
(0.2394828000, -0.9460711000, -0.2181496000)
(0.2307521000, -0.9478096000, -0.2199578000)
(0.2425898000, -0.9519293000, -0.1869682000)
(0.2233571000, -0.9577712000, -0.1809663000)
(0.2481370000, -0.9565455000, -0.1530112000)
(0.2674089000, -0.9515001000, -0.1520742000)
(0.4694714000, -0.8713421000, -0.1426414000)
(0.2284312000, -0.9634445000, -0.1399221000)
(0.2085669000, -0.9681597000, -0.1383148000)
(0.1914442000, -0.9719291000, -0.1367181000)
(0.1999165000, -0.9690416000, -0.1447821000)
(0.5160327000, -0.8477473000, -0.1225629000)
(0.5138571000, -0.8487115000, -0.1249466000)
(0.5084552000, -0.8518254000, -0.1258371000)
(0.5272011000, -0.8404479000, -0.1253155000)
(0.5214217000, -0.8437130000, -0.1274444000)
(0.5284426000, -0.8395301000, -0.1261868000)
(0.5403866000, -0.8317648000, -0.1270700000)
(0.5336631000, -0.8362557000, -0.1259593000)
(0.5209925000, -0.8443573000, -0.1249567000)
(0.5234362000, -0.8429763000, -0.1240357000)
(0.5206354000, -0.8449119000, -0.1226396000)
(0.4933306000, -0.8596768000, -0.1324759000)
(0.4908873000, -0.8596865000, -0.1412973000)
(0.5439986000, -0.8303549000, -0.1206569000)
(0.5424575000, -0.8312421000, -0.1215029000)
(0.5414186000, -0.8319781000, -0.1210461000)
(0.5415485000, -0.8318976000, -0.1210281000)
(0.5434111000, -0.8307835000, -0.1203352000)
(0.5252795000, -0.8417104000, -0.1248105000)
(0.5128080000, -0.8494658000, -0.1242130000)
(0.5040625000, -0.8546489000, -0.1244277000)
(0.4940254000, -0.8602985000, -0.1257024000)
(0.5070865000, -0.8522549000, -0.1284498000)
(0.4937772000, -0.8607699000, -0.1234789000)
(0.4984854000, -0.8574815000, -0.1273371000)
(0.4864646000, -0.8635813000, -0.1325359000)
(0.4902634000, -0.8617074000, -0.1306618000)
(0.4777271000, -0.8669286000, -0.1421397000)
(0.4818199000, -0.8645136000, -0.1429938000)
(0.4871563000, -0.8621022000, -0.1394704000)
(0.4893425000, -0.8610901000, -0.1380060000)
(0.4898399000, -0.8606415000, -0.1391030000)
(0.5464957000, -0.8283489000, -0.1231722000)
(0.5434079000, -0.8304110000, -0.1229040000)
(0.5380864000, -0.8337892000, -0.1235109000)
(0.5387874000, -0.8333929000, -0.1231224000)
(0.5415998000, -0.8313968000, -0.1242515000)
(0.5422256000, -0.8309852000, -0.1241970000)
(0.4901038000, -0.8603780000, -0.1397102000)
(0.4961288000, -0.8573416000, -0.1371744000)
(0.5100014000, -0.8498092000, -0.1330842000)
(0.5066515000, -0.8520851000, -0.1313161000)
(0.5441602000, -0.8300002000, -0.1223910000)
(0.5449645000, -0.8294734000, -0.1223198000)
(0.5429147000, -0.8309097000, -0.1216766000)
(0.5441882000, -0.8300412000, -0.1219694000)
(0.5435110000, -0.8306324000, -0.1210053000)
(0.5438289000, -0.8303083000, -0.1218009000)
(0.4941331000, -0.8575583000, -0.1428126000)
(0.5410774000, -0.8117876000, -0.2195941000)
(0.5397925000, -0.8171064000, -0.2023767000)
(0.5371359000, -0.8129938000, -0.2247598000)
(0.5306367000, -0.8176230000, -0.2234039000)
(0.5276581000, -0.8187998000, -0.2260887000)
(0.5424522000, -0.8109414000, -0.2192972000)
(0.5372555000, -0.8142849000, -0.2197368000)
(0.5313320000, -0.8180347000, -0.2202327000)
(0.5473858000, -0.8076974000, -0.2190498000)
(0.5517785000, -0.8079066000, -0.2068723000)
(0.5635557000, -0.7991050000, -0.2093203000)
(0.5414617000, -0.8234395000, -0.1695722000)
(0.1186147000, -0.9453526000, -0.3036768000)
(0.0808164600, -0.9593531000, -0.2703444000)
(0.0987579500, -0.9827070000, -0.1565595000)
(0.1935416000, -0.9810109000, -0.0115620900)
(0.1904240000, -0.9807793000, -0.0422273600)
(0.2303182000, -0.9711046000, -0.0624455900)
(0.2340939000, -0.9703013000, -0.0608205400)
(0.2351732000, -0.9706515000, -0.0501246200)
(0.2282641000, -0.9715813000, -0.0624478400)
(0.2278571000, -0.9714096000, -0.0665785400)
(0.4853121000, -0.8708111000, -0.0784818700)
(0.4819397000, -0.8722923000, -0.0826628200)
(0.3368219000, -0.9366935000, -0.0955335300)
(0.3603573000, -0.9270556000, -0.1033517000)
(0.3235016000, -0.9388040000, -0.1181861000)
(0.3230017000, -0.9406331000, -0.1042056000)
(0.2895005000, -0.9541275000, -0.0761423200)
(0.2831607000, -0.9534202000, -0.1038620000)
(0.3076212000, -0.9447337000, -0.1132053000)
(0.4919241000, -0.8643258000, -0.1045713000)
(0.5114153000, -0.8529771000, -0.1043083000)
(0.2102091000, -0.9699920000, -0.1220759000)
(0.2231952000, -0.9663640000, -0.1277250000)
(0.2285139000, -0.9460732000, -0.2296072000)
(0.2395271000, -0.9673204000, -0.0831317700)
(0.2211092000, -0.9719700000, -0.0798408800)
(0.5240633000, -0.8425029000, -0.1246148000)
(0.5260456000, -0.8413876000, -0.1238236000)
(0.5282014000, -0.8400030000, -0.1240607000)
(0.5284927000, -0.8396264000, -0.1252981000)
(0.5273560000, -0.8398808000, -0.1283362000)
(0.4709403000, -0.8714839000, -0.1368187000)
(0.4723749000, -0.8698688000, -0.1420522000)
(0.2783024000, -0.9454424000, -0.1692942000)
(0.2360352000, -0.9563088000, -0.1724298000)
(0.2205720000, -0.9548361000, -0.1990359000)
(0.2326892000, -0.9572933000, -0.1714843000)
(0.4566761000, -0.8786979000, -0.1389839000)
(0.4506047000, -0.8818685000, -0.1387517000)
(0.4423536000, -0.8849671000, -0.1453912000)
(0.4598967000, -0.8758238000, -0.1463418000)
(0.4776228000, -0.8677034000, -0.1376455000)
(0.4617526000, -0.8749696000, -0.1456063000)
(0.4503809000, -0.8797628000, -0.1522080000)
(0.1843628000, -0.9582009000, -0.2187261000)
(0.1405979000, -0.9521303000, -0.2713659000)
(0.1760592000, -0.9553088000, -0.2373874000)
(0.1689546000, -0.9574767000, -0.2338259000)
(0.1635537000, -0.9588968000, -0.2318116000)
(0.1516789000, -0.9620246000, -0.2268930000)
(0.2094407000, -0.9513846000, -0.2257953000)
(0.5075563000, -0.8496562000, -0.1429965000)
(0.5230482000, -0.8406091000, -0.1406576000)
(0.5158235000, -0.8504588000, -0.1031307000)
(0.1505796000, -0.9437506000, -0.2943285000)
(0.2849402000, -0.9584650000, -0.0112477800)
(0.2810429000, -0.9595883000, -0.0142195300)
(0.2758705000, -0.9609941000, -0.0188178300)
(0.5128946000, -0.8525174000, -0.1007007000)
(0.5152271000, -0.8528398000, -0.0848624900)
(0.5078583000, -0.8564230000, -0.0927729800)
(0.5065864000, -0.8573755000, -0.0909077500)
(0.5107173000, -0.8546196000, -0.0937418000)
(0.5095476000, -0.8551621000, -0.0951013600)
(0.5080654000, -0.8559555000, -0.0958299600)
(0.5113124000, -0.8540883000, -0.0953053000)
(0.5122675000, -0.8535031000, -0.0954589800)
(0.5174509000, -0.8503064000, -0.0960343200)
(0.5163512000, -0.8510445000, -0.0952537100)
(0.5173694000, -0.8504872000, -0.0947934600)
(0.5240017000, -0.8468117000, -0.0912291600)
(0.5275252000, -0.8445064000, -0.0921652200)
(0.5278934000, -0.8407726000, -0.1200696000)
(0.3756671000, -0.9244129000, -0.0656369400)
(0.5173451000, -0.8477396000, -0.1168880000)
(0.5144249000, -0.8493085000, -0.1184933000)
(0.5156426000, -0.8485291000, -0.1186806000)
(0.5051989000, -0.8550958000, -0.1164797000)
(0.5025900000, -0.8565212000, -0.1173086000)
(0.5136195000, -0.8496813000, -0.1192132000)
(0.5144039000, -0.8490240000, -0.1205887000)
(0.5281279000, -0.8402233000, -0.1228163000)
(0.5287158000, -0.8399331000, -0.1222693000)
(0.5293921000, -0.8396731000, -0.1211880000)
(0.5311045000, -0.8383066000, -0.1230987000)
(0.5306288000, -0.8388093000, -0.1216592000)
(0.5299303000, -0.8392957000, -0.1214068000)
(0.5206236000, -0.8453516000, -0.1195895000)
(0.5158135000, -0.8484465000, -0.1185547000)
(0.5255963000, -0.8420506000, -0.1211786000)
(0.5228503000, -0.8435689000, -0.1224863000)
(0.5225424000, -0.8436223000, -0.1234409000)
(0.5249568000, -0.8420749000, -0.1237560000)
(0.5249706000, -0.8419773000, -0.1243363000)
(0.5127451000, -0.8494308000, -0.1246952000)
(0.5076649000, -0.8521951000, -0.1265559000)
(0.5142902000, -0.8481716000, -0.1268498000)
(0.2124035000, -0.9680337000, -0.1333079000)
(0.2399566000, -0.9601827000, -0.1430237000)
(0.2684575000, -0.9541289000, -0.1325043000)
(0.2891067000, -0.9541393000, -0.0776448300)
(0.5067063000, -0.8525607000, -0.1279082000)
(0.5098221000, -0.8505530000, -0.1289956000)
(0.5068391000, -0.8524674000, -0.1280701000)
(0.4906488000, -0.8625025000, -0.1238808000)
(0.2870376000, -0.9553840000, -0.0695680300)
(0.2896546000, -0.9545440000, -0.0701078100)
(0.1147960000, -0.9548278000, -0.2740289000)
(0.1013335000, -0.9595881000, -0.2624826000)
(0.4960455000, -0.8551528000, -0.1504235000)
(0.4905729000, -0.8571246000, -0.1570756000)
(0.1924376000, -0.9519780000, -0.2381024000)
(0.2132272000, -0.9483892000, -0.2346609000)
(0.4526687000, -0.8753832000, -0.1696689000)
(0.4508889000, -0.8749132000, -0.1767022000)
(0.4851914000, -0.8596287000, -0.1600378000)
(0.4842368000, -0.8607945000, -0.1565821000)
(0.4794598000, -0.8624044000, -0.1623314000)
(0.5041050000, -0.8508142000, -0.1482284000)
(0.5023152000, -0.8514294000, -0.1507240000)
(0.5028952000, -0.8510993000, -0.1507131000)
(0.5152277000, -0.8486997000, -0.1193143000)
(0.5208272000, -0.8433855000, -0.1319512000)
(0.2608583000, -0.9625961000, -0.0730582500)
(0.2746677000, -0.9578013000, -0.0845357800)
(0.5093089000, -0.8513675000, -0.1255989000)
(0.5113853000, -0.8502528000, -0.1247036000)
(0.5188635000, -0.8457982000, -0.1240633000)
(0.5183383000, -0.8460627000, -0.1244705000)
(0.5153410000, -0.8477751000, -0.1252527000)
(0.5126934000, -0.8490313000, -0.1276213000)
(0.5063936000, -0.8536822000, -0.1215625000)
(0.5006214000, -0.8574078000, -0.1192401000)
(0.5010761000, -0.8575551000, -0.1161664000)
(0.5022743000, -0.8568062000, -0.1165785000)
(0.4956692000, -0.8613026000, -0.1116081000)
(0.5021126000, -0.8568205000, -0.1170897000)
(0.4997413000, -0.8583134000, -0.1164187000)
(0.4933470000, -0.8621174000, -0.1155773000)
(0.4970301000, -0.8596969000, -0.1177687000)
(0.5040776000, -0.8553221000, -0.1196618000)
(0.5072334000, -0.8532068000, -0.1213510000)
(0.5027624000, -0.8561211000, -0.1194824000)
(0.4970246000, -0.8590903000, -0.1220763000)
(0.5019782000, -0.8569982000, -0.1164735000)
(0.4959661000, -0.8609430000, -0.1129809000)
(0.4945849000, -0.8616517000, -0.1136607000)
(0.3318641000, -0.9421914000, -0.0459672800)
(0.3216956000, -0.9461427000, -0.0361776300)
(0.3202751000, -0.9466457000, -0.0357695100)
(0.3109208000, -0.9496413000, -0.0386637700)
(0.3122190000, -0.9467317000, -0.0786582800)
(0.4870392000, -0.8663914000, -0.1101370000)
(0.4891785000, -0.8652616000, -0.1096274000)
(0.5005812000, -0.8585188000, -0.1111346000)
(0.5024253000, -0.8567606000, -0.1163090000)
(0.5130143000, -0.8501961000, -0.1182464000)
(0.5062135000, -0.8541901000, -0.1187142000)
(0.2543117000, -0.9584959000, -0.1288333000)
(0.2502004000, -0.9585643000, -0.1361787000)
(0.5123731000, -0.8458516000, -0.1482861000)
(0.5110298000, -0.8463207000, -0.1502577000)
(0.5098231000, -0.8480144000, -0.1447257000)
(0.5082788000, -0.8479233000, -0.1505261000)
(0.5068600000, -0.8488306000, -0.1501699000)
(0.5028214000, -0.8506677000, -0.1533783000)
(0.4509940000, -0.8774587000, -0.1632773000)
(0.4411984000, -0.8822278000, -0.1643387000)
(0.4474256000, -0.8803087000, -0.1576275000)
(0.4574126000, -0.8762547000, -0.1514492000)
(0.2702352000, -0.9531396000, -0.1359050000)
(0.2296360000, -0.9630935000, -0.1403413000)
(0.2579437000, -0.9599728000, -0.1090933000)
(0.2465618000, -0.9636085000, -0.1031486000)
(0.2331535000, -0.9632884000, -0.1330789000)
(0.3186676000, -0.9409225000, -0.1144112000)
(0.5134908000, -0.8500096000, -0.1175014000)
(0.5080625000, -0.8527606000, -0.1210418000)
(0.5083191000, -0.8529013000, -0.1189600000)
(0.5147578000, -0.8505769000, -0.1074236000)
(0.5184364000, -0.8471123000, -0.1166504000)
(0.5063586000, -0.8542153000, -0.1178638000)
(0.2726807000, -0.9565662000, -0.1030666000)
(0.2437678000, -0.9649334000, -0.0971959900)
(0.2370387000, -0.9657182000, -0.1057389000)
(0.2353143000, -0.9646646000, -0.1184876000)
(0.2311662000, -0.9654449000, -0.1202335000)
(0.2364217000, -0.9639773000, -0.1218047000)
(0.2306888000, -0.9648383000, -0.1258631000)
(0.2618615000, -0.9546144000, -0.1418732000)
(0.2718214000, -0.9538618000, -0.1274396000)
(0.2784670000, -0.9519835000, -0.1271579000)
(0.4565524000, -0.8828576000, -0.1100668000)
(0.4765102000, -0.8719029000, -0.1127028000)
(0.4867021000, -0.8656098000, -0.1176054000)
(0.4877122000, -0.8651508000, -0.1167753000)
(0.1481766000, -0.9704370000, -0.1904335000)
(0.2996355000, -0.9307815000, -0.2093706000)
(0.2014545000, -0.9673078000, -0.1539650000)
(0.2333321000, -0.9551151000, -0.1824969000)
(0.2412580000, -0.9510639000, -0.1929730000)
(0.2384818000, -0.9512475000, -0.1955479000)
(0.1692442000, -0.9489168000, -0.2662384000)
(0.1681728000, -0.9571825000, -0.2355751000)
(0.1538528000, -0.9545326000, -0.2552842000)
(0.1589419000, -0.9543443000, -0.2528835000)
(0.4474392000, -0.8789706000, -0.1648618000)
(0.4062453000, -0.8967447000, -0.1754946000)
(0.3771495000, -0.9075467000, -0.1846759000)
(0.3832766000, -0.9057626000, -0.1807973000)
(0.0914044500, -0.9562340000, -0.2779125000)
(0.1426945000, -0.9397966000, -0.3104789000)
(0.1171842000, -0.9825463000, -0.1443968000)
(0.0951027300, -0.9780426000, -0.1853593000)
(0.1529500000, -0.9776843000, -0.1439718000)
(0.5176557000, -0.8469255000, -0.1213988000)
(0.5129779000, -0.8498002000, -0.1211255000)
(0.5153241000, -0.8483232000, -0.1216024000)
(0.5024934000, -0.8557318000, -0.1232955000)
(0.2419175000, -0.9515807000, -0.1895744000)
(0.5018871000, -0.8560224000, -0.1237343000)
(0.5052972000, -0.8541387000, -0.1229413000)
(0.5025971000, -0.8553914000, -0.1252295000)
(0.2017018000, -0.9646915000, -0.1693024000)
(0.2099622000, -0.9423978000, -0.2603376000)
(0.1409672000, -0.9750208000, -0.1715530000)
(0.1419353000, -0.9742778000, -0.1749765000)
(0.1225118000, -0.9744956000, -0.1879633000)
(0.1269114000, -0.9738627000, -0.1883037000)
(0.3961152000, -0.9019618000, -0.1718850000)
(0.3992867000, -0.9003267000, -0.1731039000)
(0.3942560000, -0.9023737000, -0.1739561000)
(0.3948652000, -0.9022084000, -0.1734125000)
(0.3979914000, -0.9014040000, -0.1704338000)
(0.3879453000, -0.9054801000, -0.1720135000)
(0.3860187000, -0.9049851000, -0.1788190000)
(0.3800585000, -0.9078509000, -0.1770334000)
(0.4244440000, -0.8899376000, -0.1668252000)
(0.4202336000, -0.8918907000, -0.1671326000)
(0.2014324000, -0.9567488000, -0.2098236000)
(0.1841245000, -0.9585248000, -0.2175054000)
(0.1697140000, -0.9608823000, -0.2188459000)
(0.1618778000, -0.9584784000, -0.2347268000)
(0.1497978000, -0.9501489000, -0.2734169000)
(0.3913754000, -0.9195908000, -0.0341591800)
(0.3626147000, -0.9291054000, -0.0724786800)
(0.2083019000, -0.9656478000, -0.1552969000)
(0.4906815000, -0.8605843000, -0.1364100000)
(0.4867449000, -0.8631169000, -0.1344825000)
(0.4769318000, -0.8682036000, -0.1368968000)
(0.4845916000, -0.8639369000, -0.1370027000)
(0.4764518000, -0.8681680000, -0.1387721000)
(0.4924245000, -0.8591267000, -0.1393075000)
(0.5017338000, -0.8538359000, -0.1385973000)
(0.5010406000, -0.8546084000, -0.1363695000)
(0.4710942000, -0.8714631000, -0.1363954000)
(0.4754060000, -0.8692827000, -0.1353148000)
(0.4758113000, -0.8693830000, -0.1332572000)
(0.4691164000, -0.8707340000, -0.1474476000)
(0.4814799000, -0.8659737000, -0.1351451000)
(0.4904043000, -0.8614041000, -0.1321937000)
(0.5061411000, -0.8520352000, -0.1335160000)
(0.4962084000, -0.8577399000, -0.1343498000)
(0.1244665000, -0.9438392000, -0.3060250000)
(0.1208831000, -0.9681735000, -0.2191269000)
(0.1029874000, -0.9668448000, -0.2336477000)
(0.1214496000, -0.9604462000, -0.2505373000)
(0.1323293000, -0.9545114000, -0.2671556000)
(0.3949875000, -0.9022389000, -0.1729676000)
(0.3947763000, -0.9018174000, -0.1756597000)
(0.4371257000, -0.8850567000, -0.1599704000)
(0.4290168000, -0.8887782000, -0.1612875000)
(0.4611042000, -0.8744084000, -0.1508842000)
(0.4632972000, -0.8735409000, -0.1492481000)
(0.4642941000, -0.8733031000, -0.1475466000)
(0.4593216000, -0.8761523000, -0.1461812000)
(0.4564437000, -0.8772422000, -0.1486659000)
(0.1460540000, -0.9623640000, -0.2291265000)
(0.1289900000, -0.9642808000, -0.2312776000)
(0.1505727000, -0.9590130000, -0.2399976000)
(0.1495895000, -0.9568174000, -0.2492106000)
(0.5015646000, -0.8523838000, -0.1478866000)
(0.5141519000, -0.8456817000, -0.1430584000)
(0.5141954000, -0.8457322000, -0.1425804000)
(0.5108091000, -0.8486302000, -0.1374090000)
(0.5156780000, -0.8454036000, -0.1390930000)
(0.2169165000, -0.9461858000, -0.2401026000)
(0.1812862000, -0.9524618000, -0.2447765000)
(0.2761710000, -0.9311224000, -0.2381644000)
(0.4228245000, -0.8958941000, -0.1362914000)
(0.1901960000, -0.9753376000, -0.1119237000)
(0.2118959000, -0.9608163000, -0.1786359000)
(0.2167779000, -0.9649087000, -0.1480989000)
(0.1639199000, -0.9770290000, -0.1360516000)
(0.1879570000, -0.9722432000, -0.1392854000)
(0.4915428000, -0.8608111000, -0.1317998000)
(0.4862505000, -0.8637179000, -0.1324620000)
(0.4971051000, -0.8571131000, -0.1349908000)
(0.4847953000, -0.8644841000, -0.1327033000)
(0.5062361000, -0.8521747000, -0.1323589000)
(0.5041876000, -0.8535206000, -0.1315023000)
(0.4958895000, -0.8585373000, -0.1303994000)
(0.5049257000, -0.8532186000, -0.1305806000)
(0.1522704000, -0.9779341000, -0.1429641000)
(0.1525194000, -0.9787642000, -0.1369049000)
(0.1870529000, -0.9737176000, -0.1298135000)
(0.5045425000, -0.8539847000, -0.1270300000)
(0.4816398000, -0.8662614000, -0.1326846000)
(0.4903450000, -0.8616554000, -0.1307846000)
(0.1319713000, -0.9526884000, -0.2737818000)
(0.1154549000, -0.9318030000, -0.3440818000)
(0.0812006000, -0.9399164000, -0.3315414000)
(0.0795368600, -0.9398670000, -0.3321163000)
(0.3829531000, -0.9019199000, -0.1996746000)
(0.4801209000, -0.8634014000, -0.1548955000)
(0.4980265000, -0.8547393000, -0.1462348000)
(0.4982114000, -0.8547671000, -0.1453794000)
(0.4940434000, -0.8567157000, -0.1481513000)
(0.4882161000, -0.8597425000, -0.1498586000)
(0.4681444000, -0.8719501000, -0.1432783000)
(0.4758929000, -0.8686361000, -0.1377602000)
(0.4801414000, -0.8667228000, -0.1350906000)
(0.2006298000, -0.9716116000, -0.1253539000)
(0.2032920000, -0.9709072000, -0.1264401000)
(0.2055338000, -0.9684537000, -0.1407982000)
(0.4588045000, -0.8772952000, -0.1408052000)
(0.4781483000, -0.8660514000, -0.1459583000)
(0.2501098000, -0.9546605000, -0.1613866000)
(0.2428607000, -0.9557588000, -0.1659148000)
(0.2451727000, -0.9560408000, -0.1607711000)
(0.1788095000, -0.9629745000, -0.2017139000)
(0.1636943000, -0.9678211000, -0.1911047000)
(0.2146386000, -0.9600456000, -0.1795180000)
(0.0850026900, -0.9768753000, -0.1961657000)
(0.0258500800, -0.9640067000, -0.2645640000)
(0.0627226300, -0.9582250000, -0.2790068000)
(0.0719518100, -0.9667156000, -0.2454943000)
(0.0793240400, -0.9750665000, -0.2071551000)
(0.0749623200, -0.9762304000, -0.2033237000)
(0.0776670000, -0.9775690000, -0.1957306000)
(0.0746420800, -0.9778916000, -0.1952270000)
(0.0809390400, -0.9785699000, -0.1893029000)
(0.0808468400, -0.9795974000, -0.1839713000)
(0.0692184000, -0.9812513000, -0.1798419000)
(0.0581731800, -0.9827803000, -0.1753029000)
(0.0812405200, -0.9825424000, -0.1673253000)
(0.0902049600, -0.9814492000, -0.1691423000)
(0.1310411000, -0.9776146000, -0.1645293000)
(0.4911906000, -0.8622622000, -0.1233289000)
(0.4903561000, -0.8629307000, -0.1219487000)
(0.4919909000, -0.8642672000, -0.1047655000)
(0.4853734000, -0.8669073000, -0.1134448000)
(0.2595670000, -0.9602350000, -0.1027719000)
(0.2583960000, -0.9585208000, -0.1201977000)
(0.4555942000, -0.8823488000, -0.1178017000)
(0.4771212000, -0.8713263000, -0.1145278000)
(0.4853409000, -0.8669592000, -0.1131373000)
(0.4799151000, -0.8701165000, -0.1121296000)
(0.4571187000, -0.8821819000, -0.1130464000)
(0.4561551000, -0.8819982000, -0.1182241000)
(0.4686641000, -0.8754120000, -0.1182958000)
(0.4669721000, -0.8748810000, -0.1284696000)
(0.4696138000, -0.8743314000, -0.1223842000)
(0.4696171000, -0.8741115000, -0.1239278000)
(0.4778956000, -0.8698676000, -0.1222236000)
(0.4589079000, -0.8793311000, -0.1270887000)
(0.4490997000, -0.8839993000, -0.1297176000)
(0.1338321000, -0.9750278000, -0.1771462000)
(0.0777006600, -0.9513063000, -0.2982638000)
(0.0578992300, -0.9554098000, -0.2894888000)
(0.0691260500, -0.9646270000, -0.2543675000)
(0.0611606800, -0.9631832000, -0.2617253000)
(0.4401572000, -0.8854111000, -0.1493276000)
(0.4300381000, -0.8898489000, -0.1523908000)
(0.4193328000, -0.8946518000, -0.1540614000)
(0.4302507000, -0.8896477000, -0.1529487000)
(0.4045325000, -0.9016937000, -0.1525522000)
(0.4101809000, -0.8992809000, -0.1518000000)
(0.4143780000, -0.8974624000, -0.1511208000)
(0.4407591000, -0.8850402000, -0.1497462000)
(0.4330031000, -0.8883185000, -0.1529289000)
(0.4403439000, -0.8852873000, -0.1494680000)
(0.4434319000, -0.8840501000, -0.1476882000)
(0.4174612000, -0.8962636000, -0.1497225000)
(0.4644453000, -0.8741712000, -0.1417409000)
(0.4447486000, -0.8836502000, -0.1461005000)
(0.4550953000, -0.8782809000, -0.1466398000)
(0.4478403000, -0.8814495000, -0.1498598000)
(0.4197879000, -0.8940972000, -0.1560852000)
(0.3971272000, -0.9029471000, -0.1642080000)
(0.4365900000, -0.8864186000, -0.1536980000)
(0.4731106000, -0.8693020000, -0.1430517000)
(0.4985430000, -0.8567209000, -0.1321847000)
(0.4996396000, -0.8562301000, -0.1311483000)
(0.5031002000, -0.8541278000, -0.1316925000)
(0.4878971000, -0.8623216000, -0.1354881000)
(0.4542910000, -0.8792204000, -0.1434666000)
(0.4535876000, -0.8792282000, -0.1456435000)
(0.4336659000, -0.8888798000, -0.1476359000)
(0.4503087000, -0.8807470000, -0.1466377000)
(0.4580888000, -0.8776345000, -0.1410226000)
(0.4430039000, -0.8849420000, -0.1435436000)
(0.4439295000, -0.8845980000, -0.1428215000)
(0.4510175000, -0.8807107000, -0.1446240000)
(0.4391944000, -0.8869497000, -0.1429213000)
(0.4324239000, -0.8885068000, -0.1534799000)
(0.4132946000, -0.8963885000, -0.1602073000)
(0.4006203000, -0.9013341000, -0.1645701000)
(0.4251517000, -0.8919957000, -0.1534947000)
(0.4355612000, -0.8884945000, -0.1443429000)
(0.4343953000, -0.8903965000, -0.1358889000)
(0.4219855000, -0.8958648000, -0.1390115000)
(0.3977067000, -0.9067394000, -0.1401288000)
(0.4155553000, -0.8992853000, -0.1362755000)
(0.4167075000, -0.8994424000, -0.1317305000)
(0.4163381000, -0.8989624000, -0.1360098000)
(0.4373609000, -0.8893095000, -0.1335647000)
(0.4468717000, -0.8845256000, -0.1337874000)
(0.4666692000, -0.8748796000, -0.1295749000)
(0.4832904000, -0.8662477000, -0.1266011000)
(0.4892307000, -0.8627743000, -0.1275457000)
(0.0775095900, -0.9823755000, -0.1700434000)
(0.1151704000, -0.9763209000, -0.1830797000)
(0.0802369400, -0.9817690000, -0.1722619000)
(0.0081390280, -0.9786140000, -0.2054787000)
(0.5107467000, -0.8511460000, -0.1210725000)
(0.0229615600, -0.9782386000, -0.2061481000)
(0.0275866700, -0.9789705000, -0.2020629000)
(0.5010385000, -0.8546710000, -0.1360041000)
(0.4937007000, -0.8590830000, -0.1349481000)
(0.0471558200, -0.9832387000, -0.1760196000)
(0.0750021500, -0.9903091000, -0.1168115000)
(0.5002394000, -0.8563276000, -0.1282795000)
(0.5007023000, -0.8562910000, -0.1266962000)
(0.4937658000, -0.8610793000, -0.1213288000)
(0.5040952000, -0.8547492000, -0.1236269000)
(0.5054820000, -0.8536707000, -0.1253980000)
(0.4988639000, -0.8573248000, -0.1269387000)
(0.4948794000, -0.8597075000, -0.1263910000)
(0.4444562000, -0.8860524000, -0.1317703000)
(0.4477444000, -0.8844560000, -0.1313656000)
(0.4272322000, -0.8945655000, -0.1312025000)
(0.1253124000, -0.9847386000, -0.1206528000)
(0.1176939000, -0.9857169000, -0.1203943000)
(0.1331929000, -0.9833797000, -0.1233378000)
(0.5065719000, -0.8524055000, -0.1294824000)
(0.1283077000, -0.9731686000, -0.1909592000)
(0.1486457000, -0.9725340000, -0.1790762000)
(0.1524762000, -0.9719517000, -0.1789575000)
(0.5081221000, -0.8508176000, -0.1337898000)
(0.5076387000, -0.8507186000, -0.1362763000)
(0.5040779000, -0.8532038000, -0.1338727000)
(0.4971653000, -0.8570375000, -0.1353244000)
(0.4826176000, -0.8657712000, -0.1322540000)
(0.4782734000, -0.8681272000, -0.1326245000)
(0.4387129000, -0.8882089000, -0.1363928000)
(0.4255775000, -0.8949134000, -0.1341973000)
(0.4645043000, -0.8757148000, -0.1317264000)
(0.4911461000, -0.8611773000, -0.1309388000)
(0.4945777000, -0.8591557000, -0.1312811000)
(0.4961087000, -0.8582956000, -0.1311341000)
(0.5016791000, -0.8552012000, -0.1301267000)
(0.4996913000, -0.8564650000, -0.1294255000)
(0.4992965000, -0.8564842000, -0.1308017000)
(0.5046929000, -0.8531715000, -0.1318041000)
(0.5093825000, -0.8504097000, -0.1315906000)
(0.4967534000, -0.8572761000, -0.1352945000)
(0.5010218000, -0.8555892000, -0.1300699000)
(0.4986672000, -0.8572039000, -0.1284825000)
(0.4934956000, -0.8597433000, -0.1314704000)
(0.4904819000, -0.8613779000, -0.1320688000)
(0.4979376000, -0.8570552000, -0.1322431000)
(0.4418207000, -0.8854650000, -0.1439559000)
(0.4493932000, -0.8819915000, -0.1418175000)
(0.4512703000, -0.8810570000, -0.1416935000)
(0.4602989000, -0.8761441000, -0.1430679000)
(0.4453769000, -0.8835548000, -0.1447934000)
(0.4412360000, -0.8869666000, -0.1363346000)
(0.4286474000, -0.8909221000, -0.1500337000)
(0.4408851000, -0.8853585000, -0.1474916000)
(0.4445990000, -0.8836167000, -0.1467497000)
(0.4527973000, -0.8806716000, -0.1392311000)
(0.4310011000, -0.8888870000, -0.1552532000)
(0.4331042000, -0.8893929000, -0.1462419000)
(0.4109172000, -0.8972642000, -0.1613413000)
(0.4120865000, -0.8964144000, -0.1630784000)
(0.3901258000, -0.9036899000, -0.1764547000)
(0.4004340000, -0.8996896000, -0.1737286000)
(0.3997540000, -0.9003503000, -0.1718736000)
(0.4043355000, -0.8992643000, -0.1668305000)
(0.4060230000, -0.8982449000, -0.1681368000)
(0.4165366000, -0.8939475000, -0.1653164000)
(0.4122405000, -0.8944168000, -0.1733622000)
(0.4219351000, -0.8903921000, -0.1707387000)
(0.4059252000, -0.8970122000, -0.1748225000)
(0.4217108000, -0.8907994000, -0.1692093000)
(0.4207465000, -0.8913763000, -0.1685003000)
(0.4439582000, -0.8818968000, -0.1586128000)
(0.4463638000, -0.8810064000, -0.1567569000)
(0.4515543000, -0.8791466000, -0.1522966000)
(0.4199658000, -0.8929190000, -0.1621908000)
(0.4500948000, -0.8806841000, -0.1476424000)
(0.4328775000, -0.8884030000, -0.1528012000)
(0.4495989000, -0.8810447000, -0.1469682000)
(0.4584008000, -0.8772370000, -0.1424584000)
(0.1186082000, -0.9679821000, -0.2211975000)
(0.1411401000, -0.9710636000, -0.1925778000)
(0.4585811000, -0.8767858000, -0.1446643000)
(0.1121484000, -0.9542379000, -0.2771830000)
(0.1302896000, -0.9722768000, -0.1940978000)
(0.1171467000, -0.9659079000, -0.2308336000)
(0.1212785000, -0.9648843000, -0.2329429000)
(0.2192904000, -0.9529244000, -0.2093404000)
(0.3920461000, -0.9047518000, -0.1664114000)
(0.3755179000, -0.9090574000, -0.1805193000)
(0.3943227000, -0.9027589000, -0.1717632000)
(0.3986608000, -0.9025640000, -0.1625972000)
(0.1993174000, -0.9518861000, -0.2327088000)
(0.1459525000, -0.9579357000, -0.2470571000)
(0.1033165000, -0.9633591000, -0.2474672000)
(0.0912510200, -0.9648845000, -0.2462589000)
(0.0820947700, -0.9665105000, -0.2430876000)
(0.0967475300, -0.9638982000, -0.2480014000)
(0.4197511000, -0.8925650000, -0.1646344000)
(0.4289019000, -0.8894252000, -0.1579309000)
(0.4244681000, -0.8919591000, -0.1556204000)
(0.4346346000, -0.8888142000, -0.1452525000)
(0.4442948000, -0.8848644000, -0.1400223000)
(0.4315479000, -0.8899947000, -0.1471846000)
(0.4068073000, -0.9010592000, -0.1502302000)
(0.4104793000, -0.8992986000, -0.1508473000)
(0.3958746000, -0.9053020000, -0.1539020000)
(0.3645208000, -0.9157318000, -0.1689460000)
(0.3810760000, -0.9081088000, -0.1735217000)
(0.3813407000, -0.9074612000, -0.1762464000)
(0.4014713000, -0.8996714000, -0.1714486000)
(0.4528351000, -0.8779271000, -0.1554236000)
(0.4602843000, -0.8744991000, -0.1528830000)
(0.4649934000, -0.8719284000, -0.1532649000)
(0.4475539000, -0.8802103000, -0.1578171000)
(0.4435336000, -0.8830711000, -0.1531664000)
(0.4123867000, -0.8965729000, -0.1615230000)
(0.4212667000, -0.8934148000, -0.1559831000)
(0.4114477000, -0.8969344000, -0.1618428000)
(0.3980907000, -0.9016355000, -0.1689850000)
(0.3729185000, -0.9105610000, -0.1783312000)
(0.3853062000, -0.9065185000, -0.1724663000)
(0.3673871000, -0.9123518000, -0.1806286000)
(0.0923048500, -0.9631842000, -0.2524375000)
(0.0731219600, -0.9638154000, -0.2562987000)
(0.1098933000, -0.9805019000, -0.1628321000)
(0.0506878100, -0.9734836000, -0.2230032000)
(0.0423261500, -0.9750002000, -0.2181076000)
(0.5065973000, -0.8492675000, -0.1486418000)
(0.5061118000, -0.8496403000, -0.1481638000)
(0.5065370000, -0.8493981000, -0.1481074000)
(0.5070723000, -0.8492830000, -0.1468589000)
(0.3952237000, -0.8996616000, -0.1854694000)
(0.4384708000, -0.8826399000, -0.1693045000)
(0.4372248000, -0.8835571000, -0.1678052000)
(0.4294405000, -0.8874672000, -0.1672003000)
(0.4254727000, -0.8889901000, -0.1693114000)
(0.4230433000, -0.8912363000, -0.1634538000)
(0.4185089000, -0.8928063000, -0.1664824000)
(0.4046931000, -0.8989589000, -0.1675753000)
(0.4025752000, -0.8996627000, -0.1689235000)
(0.4118647000, -0.8948591000, -0.1719917000)
(0.4082841000, -0.8962324000, -0.1733623000)
(0.4118161000, -0.8945826000, -0.1735079000)
(0.4039476000, -0.8979012000, -0.1749009000)
(0.4071900000, -0.8965709000, -0.1742182000)
(0.4042792000, -0.8981773000, -0.1726561000)
(0.3986839000, -0.9002102000, -0.1750538000)
(0.4137179000, -0.8943436000, -0.1701782000)
(0.4280509000, -0.8884569000, -0.1655094000)
(0.4424655000, -0.8819688000, -0.1622846000)
(0.4411899000, -0.8830058000, -0.1601150000)
(0.4685214000, -0.8701701000, -0.1525623000)
(0.4873416000, -0.8605531000, -0.1480898000)
(0.4861413000, -0.8617359000, -0.1450974000)
(0.4860740000, -0.8618894000, -0.1444776000)
(0.5037661000, -0.8514472000, -0.1457864000)
(0.5150507000, -0.8450453000, -0.1435581000)
(0.5154444000, -0.8450933000, -0.1418126000)
(0.5150067000, -0.8454881000, -0.1410725000)
(0.5145625000, -0.8458617000, -0.1404592000)
(0.5151069000, -0.8454117000, -0.1411451000)
(0.4206677000, -0.8917893000, -0.1664952000)
(0.4226947000, -0.8902714000, -0.1694715000)
(0.4244682000, -0.8892032000, -0.1706943000)
(0.4659600000, -0.8715344000, -0.1525818000)
(0.4804898000, -0.8658151000, -0.1395450000)
(0.0503450000, -0.9851823000, -0.1639169000)
(0.0376528900, -0.9803097000, -0.1937572000)
(0.0477063700, -0.9793647000, -0.1963479000)
(0.0459076100, -0.9711848000, -0.2338124000)
(0.1072568000, -0.9693127000, -0.2211462000)
(0.4147886000, -0.8984106000, -0.1442290000)
(0.4204510000, -0.8967022000, -0.1383394000)
(0.4207996000, -0.8973346000, -0.1330481000)
(0.4212085000, -0.8960360000, -0.1403229000)
(0.4639525000, -0.8780096000, -0.1175550000)
(0.4651241000, -0.8776276000, -0.1158090000)
(0.4690750000, -0.8749825000, -0.1198713000)
(0.4714377000, -0.8738886000, -0.1185849000)
(0.4787444000, -0.8707734000, -0.1119913000)
(0.4476325000, -0.8850147000, -0.1279465000)
(0.4779590000, -0.8700876000, -0.1203640000)
(0.5128857000, -0.8509022000, -0.1136168000)
(0.4810908000, -0.8665724000, -0.1326500000)
(0.0873569800, -0.9794250000, -0.1818166000)
(0.0106877600, -0.9650253000, -0.2618785000)
(0.5250071000, -0.8436785000, -0.1120330000)
(0.5200024000, -0.8469779000, -0.1105622000)
(0.5094208000, -0.8540376000, -0.1053399000)
(0.5175991000, -0.8477390000, -0.1158129000)
(0.5149034000, -0.8495419000, -0.1146549000)
(0.5200789000, -0.8462002000, -0.1159155000)
(0.4885539000, -0.8632054000, -0.1272224000)
(0.4221907000, -0.8931705000, -0.1548486000)
(0.4255745000, -0.8918254000, -0.1533654000)
(0.0410337600, -0.9559895000, -0.2905066000)
(0.0693200600, -0.9582435000, -0.2773975000)
(0.0505038800, -0.9616086000, -0.2697019000)
(0.1592940000, -0.9553080000, -0.2489865000)
(0.4861660000, -0.8650697000, -0.1235832000)
(0.5121484000, -0.8516697000, -0.1111526000)
(0.5146880000, -0.8507750000, -0.1060531000)
(0.5206792000, -0.8473148000, -0.1046270000)
(0.5242276000, -0.8430814000, -0.1199688000)
(0.5216740000, -0.8460746000, -0.1095024000)
(0.5040481000, -0.8562556000, -0.1128347000)
(0.1388245000, -0.9484083000, -0.2849736000)
(0.0455531600, -0.9617987000, -0.2699205000)
(0.0576463600, -0.9691353000, -0.2396188000)
(0.0980030600, -0.9652455000, -0.2422140000)
(0.4738621000, -0.8718905000, -0.1234802000)
(0.0803431700, -0.9762273000, -0.2012269000)
(0.0454877500, -0.9704542000, -0.2369178000)
(0.0848735300, -0.9646513000, -0.2494439000)
(0.1626509000, -0.9649227000, -0.2060622000)
(0.2018136000, -0.9551702000, -0.2165334000)
(0.4405684000, -0.8824185000, -0.1649494000)
(0.4657991000, -0.8700173000, -0.1614940000)
(0.4753161000, -0.8648255000, -0.1616296000)
(0.4635285000, -0.8705906000, -0.1649365000)
(0.4532772000, -0.8753302000, -0.1682611000)
(0.3832942000, -0.9042387000, -0.1882230000)
(0.3675335000, -0.9090043000, -0.1965121000)
(0.0842850800, -0.9651803000, -0.2476259000)
(0.0612206100, -0.9703326000, -0.2338206000)
(0.0615089500, -0.9700081000, -0.2351435000)
(0.0757786300, -0.9682700000, -0.2380987000)
(0.3621650000, -0.9121708000, -0.1917249000)
(0.3855816000, -0.9041064000, -0.1841275000)
(0.3692303000, -0.9095875000, -0.1905320000)
(0.3668568000, -0.9104012000, -0.1912597000)
(0.3635783000, -0.9118350000, -0.1906278000)
(0.2513093000, -0.9444501000, -0.2117056000)
(0.1995114000, -0.9567748000, -0.2115837000)
(0.1299531000, -0.9666624000, -0.2205664000)
(0.1422475000, -0.9729288000, -0.1820664000)
(0.1414197000, -0.9682491000, -0.2061043000)
(0.5010701000, -0.8560604000, -0.1268392000)
(0.5425167000, -0.8295974000, -0.1319915000)
(0.5410013000, -0.8311175000, -0.1286046000)
(0.5354775000, -0.8348868000, -0.1272732000)
(0.5362914000, -0.8343010000, -0.1277023000)
(0.5081174000, -0.8508341000, -0.1337520000)
(0.5123931000, -0.8484317000, -0.1326477000)
(0.5196214000, -0.8445044000, -0.1295484000)
(0.5237042000, -0.8420277000, -0.1292153000)
(0.5374195000, -0.8337073000, -0.1268151000)
(0.5208604000, -0.8436548000, -0.1301515000)
(0.5313227000, -0.8363916000, -0.1346520000)
(0.5307614000, -0.8375808000, -0.1293332000)
(0.5251637000, -0.8413275000, -0.1279350000)
(0.1386481000, -0.9693713000, -0.2026685000)
(0.1462555000, -0.9693397000, -0.1973968000)
(0.1517265000, -0.9653946000, -0.2120595000)
(0.4376692000, -0.8868992000, -0.1477460000)
(0.4384124000, -0.8858053000, -0.1520802000)
(0.4258708000, -0.8911626000, -0.1563182000)
(0.4220704000, -0.8924562000, -0.1592850000)
(0.4263608000, -0.8907997000, -0.1570946000)
(0.4182266000, -0.8935739000, -0.1631054000)
(0.4230752000, -0.8915300000, -0.1617181000)
(0.5125510000, -0.8476707000, -0.1368961000)
(0.5284822000, -0.8385131000, -0.1325736000)
(0.5273694000, -0.8392855000, -0.1321854000)
(0.5271949000, -0.8394662000, -0.1316897000)
(0.5283900000, -0.8386135000, -0.1323386000)
(0.5384297000, -0.8322494000, -0.1320489000)
(0.0841541400, -0.9519650000, -0.2944002000)
(0.0910565900, -0.9607963000, -0.2618093000)
(0.5128515000, -0.8474681000, -0.1369537000)
(0.5072910000, -0.8505706000, -0.1384062000)
(0.5018411000, -0.8533477000, -0.1412299000)
(0.5003828000, -0.8538775000, -0.1431711000)
(0.4987585000, -0.8540276000, -0.1478422000)
(0.4856983000, -0.8607507000, -0.1522553000)
(0.5023140000, -0.8526337000, -0.1438068000)
(0.5020983000, -0.8528448000, -0.1433061000)
(0.5046317000, -0.8513229000, -0.1434428000)
(0.4859779000, -0.8613114000, -0.1481552000)
(0.4732614000, -0.8676002000, -0.1525908000)
(0.4582425000, -0.8754045000, -0.1537978000)
(0.4522373000, -0.8774396000, -0.1599028000)
(0.4550389000, -0.8760318000, -0.1596332000)
(0.4469920000, -0.8791941000, -0.1649234000)
(0.4184401000, -0.8911919000, -0.1751292000)
(0.4142171000, -0.8938590000, -0.1715408000)
(0.1912655000, -0.9548306000, -0.2273974000)
(0.1129125000, -0.9631943000, -0.2438805000)
(0.1006502000, -0.9644262000, -0.2444244000)
(0.1126188000, -0.9626181000, -0.2463241000)
(0.1438458000, -0.9605058000, -0.2381294000)
(0.4309084000, -0.8879213000, -0.1609574000)
(0.4099000000, -0.8962588000, -0.1693696000)
(0.4082972000, -0.8960757000, -0.1740951000)
(0.2432442000, -0.9425516000, -0.2288990000)
(0.1920292000, -0.9472090000, -0.2567186000)
(0.1708486000, -0.9494538000, -0.2633185000)
(0.2156779000, -0.9441086000, -0.2492235000)
(0.0883576200, -0.9566882000, -0.2773606000)
(0.0947294200, -0.9555033000, -0.2793282000)
(0.0999225500, -0.9602488000, -0.2606181000)
(0.1000147000, -0.9590572000, -0.2649177000)
(0.1169897000, -0.9575465000, -0.2634124000)
(0.1335776000, -0.9549072000, -0.2650990000)
(0.1887120000, -0.9481214000, -0.2558102000)
(0.1806268000, -0.9467209000, -0.2665994000)
(0.4325461000, -0.8849057000, -0.1727281000)
(0.4394009000, -0.8811309000, -0.1746826000)
(0.4867829000, -0.8598412000, -0.1539118000)
(0.4957807000, -0.8593498000, -0.1252827000)
(0.5006846000, -0.8559514000, -0.1289770000)
(0.5143670000, -0.8478270000, -0.1288985000)
(0.5086248000, -0.8501658000, -0.1360543000)
(0.1421766000, -0.9619566000, -0.2332319000)
(0.1327303000, -0.9617836000, -0.2394483000)
(0.1277595000, -0.9588985000, -0.2533422000)
(0.1463194000, -0.9167379000, -0.3716829000)
(0.0733204200, -0.9670734000, -0.2436726000)
(0.4315595000, -0.8828700000, -0.1851474000)
(0.4199511000, -0.8885423000, -0.1847459000)
(0.4276796000, -0.8849729000, -0.1841397000)
(0.4274025000, -0.8845386000, -0.1868578000)
(0.4385467000, -0.8797617000, -0.1835470000)
(0.4530305000, -0.8732430000, -0.1794680000)
(0.4459938000, -0.8764848000, -0.1812053000)
(0.4646470000, -0.8676004000, -0.1770571000)
(0.4672804000, -0.8654925000, -0.1804456000)
(0.4484675000, -0.8746781000, -0.1838371000)
(0.4540753000, -0.8728086000, -0.1789326000)
(0.4594874000, -0.8709840000, -0.1739096000)
(0.4323605000, -0.8827730000, -0.1837011000)
(0.1421559000, -0.9466211000, -0.2892720000)
(0.1257027000, -0.9585226000, -0.2557648000)
(0.1594917000, -0.9493579000, -0.2706696000)
(0.1441121000, -0.9536781000, -0.2640285000)
(0.1855730000, -0.9495603000, -0.2527481000)
(0.4423014000, -0.8738686000, -0.2017379000)
(0.4399179000, -0.8737949000, -0.2071864000)
(0.4680610000, -0.8622310000, -0.1935451000)
(0.4746979000, -0.8587441000, -0.1929175000)
(0.4841129000, -0.8542315000, -0.1895234000)
(0.4849630000, -0.8540501000, -0.1881583000)
(0.4770596000, -0.8575663000, -0.1922999000)
(0.4671648000, -0.8634241000, -0.1903533000)
(0.1656928000, -0.9647652000, -0.2043358000)
(0.3322608000, -0.9369137000, -0.1085055000)
(0.3236500000, -0.9366919000, -0.1336012000)
(0.3701788000, -0.9166184000, -0.1509093000)
(0.5442728000, -0.8266240000, -0.1429695000)
(0.5494791000, -0.8205708000, -0.1572017000)
(0.3054451000, -0.9272276000, -0.2166514000)
(0.2963013000, -0.9277185000, -0.2269718000)
(0.2715219000, -0.9346524000, -0.2295183000)
(0.5377845000, -0.8285478000, -0.1557839000)
(0.5265847000, -0.8348869000, -0.1601717000)
(0.5233613000, -0.8367136000, -0.1612017000)
(0.5179664000, -0.8403985000, -0.1594094000)
(0.5316150000, -0.8320413000, -0.1583458000)
(0.5262787000, -0.8351546000, -0.1597711000)
(0.5298097000, -0.8333641000, -0.1574314000)
(0.5208237000, -0.8391133000, -0.1569089000)
(0.5209503000, -0.8389843000, -0.1571707000)
(0.4705510000, -0.8671932000, -0.1629412000)
(0.4588601000, -0.8741001000, -0.1593214000)
(0.4509840000, -0.8774343000, -0.1633939000)
(0.4784505000, -0.8635588000, -0.1592086000)
(0.4877140000, -0.8584502000, -0.1586969000)
(0.4696948000, -0.8679568000, -0.1613211000)
(0.4652385000, -0.8701091000, -0.1626191000)
(0.4579250000, -0.8739731000, -0.1626731000)
(0.4369400000, -0.8835523000, -0.1685354000)
(0.4992253000, -0.8517367000, -0.1590428000)
(0.5104085000, -0.8451893000, -0.1585292000)
(0.5124347000, -0.8443903000, -0.1562218000)
(0.5228864000, -0.8386723000, -0.1522902000)
(0.5203496000, -0.8394035000, -0.1569462000)
(0.5219874000, -0.8393939000, -0.1514449000)
(0.5353303000, -0.8307893000, -0.1522536000)
(0.5406536000, -0.8270714000, -0.1536798000)
(0.5263229000, -0.8356643000, -0.1569192000)
(0.5308425000, -0.8330823000, -0.1554846000)
(0.5174053000, -0.8408945000, -0.1586392000)
(0.4153660000, -0.8932204000, -0.1720782000)
(0.4632707000, -0.8706550000, -0.1652530000)
(0.4780765000, -0.8626372000, -0.1651437000)
(0.4885600000, -0.8572760000, -0.1623629000)
(0.4908490000, -0.8555117000, -0.1648017000)
(0.4908286000, -0.8562452000, -0.1609771000)
(0.4969980000, -0.8532003000, -0.1582192000)
(0.5172235000, -0.8418170000, -0.1543427000)
(0.5251846000, -0.8371826000, -0.1526459000)
(0.5315148000, -0.8337497000, -0.1494170000)
(0.5408638000, -0.8288544000, -0.1430454000)
(0.5316593000, -0.8341798000, -0.1465458000)
(0.5173772000, -0.8433112000, -0.1453379000)
(0.5277938000, -0.8363813000, -0.1479284000)
(0.5259426000, -0.8375626000, -0.1478136000)
(0.4332776000, -0.8886458000, -0.1502261000)
(0.2633212000, -0.9505128000, -0.1648375000)
(0.2325270000, -0.9587296000, -0.1635133000)
(0.2491273000, -0.9542965000, -0.1650477000)
(0.4578458000, -0.8721086000, -0.1725570000)
(0.4555603000, -0.8729861000, -0.1742114000)
(0.4714270000, -0.8649951000, -0.1718559000)
(0.5026318000, -0.8472593000, -0.1717562000)
(0.5070834000, -0.8445041000, -0.1722527000)
(0.5151464000, -0.8397459000, -0.1715901000)
(0.5217775000, -0.8355419000, -0.1720213000)
(0.5178404000, -0.8386058000, -0.1690582000)
(0.5052853000, -0.8463809000, -0.1682216000)
(0.4822327000, -0.8595853000, -0.1689352000)
(0.4762952000, -0.8628849000, -0.1689885000)
(0.4519204000, -0.8758072000, -0.1694957000)
(0.5177869000, -0.8383912000, -0.1702562000)
(0.5101508000, -0.8431017000, -0.1700565000)
(0.5231314000, -0.8350998000, -0.1700581000)
(0.5214973000, -0.8351075000, -0.1749682000)
(0.2523934000, -0.9489954000, -0.1889208000)
(0.5375799000, -0.8253019000, -0.1728383000)
(0.5365643000, -0.8261436000, -0.1719455000)
(0.5419505000, -0.8225553000, -0.1722960000)
(0.5419062000, -0.8223644000, -0.1733444000)
(0.5402461000, -0.8235497000, -0.1728833000)
(0.5403739000, -0.8234692000, -0.1728843000)
(0.5351616000, -0.8269598000, -0.1723664000)
(0.1954097000, -0.9717328000, -0.1324210000)
(0.1937213000, -0.9717323000, -0.1349045000)
(0.2378027000, -0.9597913000, -0.1490970000)
(0.2366704000, -0.9601039000, -0.1489002000)
(0.5257944000, -0.8323966000, -0.1750740000)
(0.2353967000, -0.9598694000, -0.1523668000)
(0.2290142000, -0.9588247000, -0.1679011000)
(0.2202011000, -0.9612280000, -0.1659066000)
(0.2015823000, -0.9664457000, -0.1591486000)
(0.5098917000, -0.8458449000, -0.1566772000)
(0.5110176000, -0.8449929000, -0.1575570000)
(0.5188267000, -0.8402047000, -0.1576650000)
(0.5412426000, -0.8259401000, -0.1577189000)
(0.5344355000, -0.8301905000, -0.1585820000)
(0.5279953000, -0.8341948000, -0.1591539000)
(0.5289915000, -0.8333293000, -0.1603455000)
(0.5007385000, -0.8502130000, -0.1624181000)
(0.4811612000, -0.8611649000, -0.1639395000)
(0.4856319000, -0.8590622000, -0.1616997000)
(0.4996407000, -0.8505032000, -0.1642572000)
(0.5035037000, -0.8480798000, -0.1649940000)
(0.4913206000, -0.8543721000, -0.1691925000)
(0.5000658000, -0.8490545000, -0.1703910000)
(0.5098902000, -0.8438047000, -0.1673209000)
(0.5322772000, -0.8312857000, -0.1600707000)
(0.5366296000, -0.8282600000, -0.1612806000)
(0.5401871000, -0.8263097000, -0.1593932000)
(0.5406126000, -0.8258181000, -0.1605042000)
(0.5394805000, -0.8261157000, -0.1626954000)
(0.5295053000, -0.8323033000, -0.1639902000)
(0.5289330000, -0.8322909000, -0.1658663000)
(0.5286771000, -0.8327674000, -0.1643011000)
(0.5333978000, -0.8297849000, -0.1641274000)
(0.5247025000, -0.8349615000, -0.1658681000)
(0.5151186000, -0.8393723000, -0.1734700000)
(0.5301958000, -0.8310189000, -0.1681531000)
(0.5087552000, -0.8431880000, -0.1737155000)
(0.5046015000, -0.8455256000, -0.1744687000)
(0.4989888000, -0.8482185000, -0.1775709000)
(0.5028846000, -0.8459255000, -0.1774552000)
(0.5252189000, -0.8336084000, -0.1709525000)
(0.5283765000, -0.8320730000, -0.1686914000)
(0.5394198000, -0.8266158000, -0.1603274000)
(0.5420175000, -0.8251415000, -0.1592114000)
(0.5417890000, -0.8251966000, -0.1596989000)
(0.5270065000, -0.8346823000, -0.1598708000)
(0.5147880000, -0.8425300000, -0.1584523000)
(0.5330508000, -0.8313758000, -0.1570117000)
(0.5321259000, -0.8314976000, -0.1594564000)
(0.5385067000, -0.8280806000, -0.1557954000)
(0.5385516000, -0.8286042000, -0.1528754000)
(0.5489134000, -0.8208221000, -0.1578914000)
(0.3383408000, -0.9239042000, -0.1786118000)
(0.3331373000, -0.9275303000, -0.1693379000)
(0.3329338000, -0.9218313000, -0.1984262000)
(0.3097279000, -0.9204513000, -0.2383927000)
(0.3187395000, -0.9241890000, -0.2103679000)
(0.5452136000, -0.8264291000, -0.1404641000)
(0.5505811000, -0.8233667000, -0.1375073000)
(0.5582564000, -0.8181859000, -0.1375205000)
(0.5615975000, -0.8162591000, -0.1353006000)
(0.5610684000, -0.8164213000, -0.1365654000)
(0.5614205000, -0.8160930000, -0.1370588000)
(0.5646203000, -0.8141876000, -0.1352058000)
(0.5665427000, -0.8115181000, -0.1429885000)
(0.5626742000, -0.8154190000, -0.1358984000)
(0.5620642000, -0.8141267000, -0.1458221000)
(0.5634406000, -0.8137282000, -0.1427114000)
(0.5659845000, -0.8121012000, -0.1418621000)
(0.5652347000, -0.8126144000, -0.1419954000)
(0.5675774000, -0.8111177000, -0.1411811000)
(0.5672978000, -0.8114067000, -0.1406743000)
(0.5670306000, -0.8116224000, -0.1404077000)
(0.5679302000, -0.8110508000, -0.1401257000)
(0.5671844000, -0.8114473000, -0.1408240000)
(0.5660646000, -0.8121058000, -0.1415819000)
(0.5608903000, -0.8153491000, -0.1434772000)
(0.5607440000, -0.8154720000, -0.1434036000)
(0.5633197000, -0.8143929000, -0.1393481000)
(0.5636512000, -0.8143459000, -0.1382730000)
(0.5635754000, -0.8145093000, -0.1375969000)
(0.5644591000, -0.8139011000, -0.1375932000)
(0.5639849000, -0.8144393000, -0.1363461000)
(0.5642050000, -0.8142853000, -0.1363366000)
(0.5662395000, -0.8127466000, -0.1370596000)
(0.5658742000, -0.8131685000, -0.1361367000)
(0.5685034000, -0.8113828000, -0.1357938000)
(0.5672492000, -0.8125312000, -0.1342219000)
(0.5687830000, -0.8114039000, -0.1344990000)
(0.5682956000, -0.8119235000, -0.1334216000)
(0.5584507000, -0.8188844000, -0.1324268000)
(0.3317748000, -0.9285663000, -0.1663530000)
(0.3367088000, -0.9316311000, -0.1366783000)
(0.3417887000, -0.9297426000, -0.1369332000)
(0.5384604000, -0.8322412000, -0.1319464000)
(0.5416967000, -0.8299436000, -0.1331517000)
(0.5365824000, -0.8333778000, -0.1325009000)
(0.5323225000, -0.8360690000, -0.1326910000)
(0.5459566000, -0.8272904000, -0.1323283000)
(0.5490683000, -0.8252504000, -0.1321899000)
(0.5492577000, -0.8247328000, -0.1346280000)
(0.5437921000, -0.8272061000, -0.1414780000)
(0.5504025000, -0.8234770000, -0.1375578000)
(0.5457695000, -0.8261756000, -0.1398089000)
(0.5500227000, -0.8237750000, -0.1373150000)
(0.0660760500, -0.9647347000, -0.2547595000)
(0.0774367000, -0.9537130000, -0.2905502000)
(0.1785871000, -0.9310655000, -0.3181315000)
(0.2254244000, -0.9530674000, -0.2020733000)
(0.1476138000, -0.9733896000, -0.1752339000)
(0.1839453000, -0.9631655000, -0.1961217000)
(0.1738214000, -0.9590873000, -0.2234311000)
(0.1465437000, -0.9605740000, -0.2362203000)
(0.4634187000, -0.8744326000, -0.1434711000)
(0.4468844000, -0.8823516000, -0.1474000000)
(0.4623751000, -0.8745447000, -0.1461789000)
(0.4766597000, -0.8680556000, -0.1387942000)
(0.4643085000, -0.8741067000, -0.1425800000)
(0.4846624000, -0.8644360000, -0.1335130000)
(0.4976780000, -0.8575248000, -0.1301552000)
(0.5074267000, -0.8517262000, -0.1306108000)
(0.5124335000, -0.8488671000, -0.1297069000)
(0.5161088000, -0.8465825000, -0.1300929000)
(0.5058171000, -0.8526267000, -0.1310070000)
(0.5178396000, -0.8456416000, -0.1293426000)
(0.5135806000, -0.8479257000, -0.1313545000)
(0.5024100000, -0.8544927000, -0.1319687000)
(0.5188674000, -0.8449340000, -0.1297407000)
(0.5214850000, -0.8433051000, -0.1298711000)
(0.1897790000, -0.9744678000, -0.1198855000)
(0.1715573000, -0.9757997000, -0.1355404000)
(0.1620539000, -0.9793043000, -0.1211350000)
(0.1599885000, -0.9789934000, -0.1262877000)
(0.1902994000, -0.9728680000, -0.1315062000)
(0.5438359000, -0.8287077000, -0.1321743000)
(0.5456081000, -0.8274975000, -0.1325019000)
(0.5508854000, -0.8243051000, -0.1304879000)
(0.5540124000, -0.8223776000, -0.1294106000)
(0.5380701000, -0.8323647000, -0.1328140000)
(0.5170720000, -0.8448399000, -0.1373466000)
(0.5187851000, -0.8439979000, -0.1360957000)
(0.4961793000, -0.8565867000, -0.1416344000)
(0.5075672000, -0.8503256000, -0.1389787000)
(0.4983471000, -0.8559485000, -0.1377883000)
(0.5081567000, -0.8505439000, -0.1353659000)
(0.5030982000, -0.8534684000, -0.1359299000)
(0.4961657000, -0.8575361000, -0.1357332000)
(0.5458575000, -0.8278918000, -0.1289079000)
(0.5403100000, -0.8315647000, -0.1286577000)
(0.5355132000, -0.8344768000, -0.1298344000)
(0.5416636000, -0.8303537000, -0.1308017000)
(0.5421781000, -0.8300449000, -0.1306340000)
(0.4736671000, -0.8686746000, -0.1449779000)
(0.5046414000, -0.8516756000, -0.1413585000)
(0.4947501000, -0.8577416000, -0.1396433000)
(0.5140021000, -0.8469370000, -0.1359261000)
(0.5092964000, -0.8493022000, -0.1388547000)
(0.5005655000, -0.8542119000, -0.1404563000)
(0.5129346000, -0.8474964000, -0.1364980000)
(0.5016329000, -0.8537833000, -0.1393183000)
(0.5235180000, -0.8413894000, -0.1341156000)
(0.5258816000, -0.8398711000, -0.1343158000)
(0.5312480000, -0.8365709000, -0.1337865000)
(0.5579817000, -0.8199307000, -0.1278756000)
(0.5387630000, -0.8322663000, -0.1305535000)
(0.5314498000, -0.8366929000, -0.1322912000)
(0.5255823000, -0.8401867000, -0.1335235000)
(0.5279778000, -0.8397392000, -0.1267558000)
(0.5168989000, -0.8466283000, -0.1265815000)
(0.5156072000, -0.8470357000, -0.1290304000)
(0.5013781000, -0.8553322000, -0.1304531000)
(0.5350402000, -0.8352882000, -0.1265915000)
(0.5328882000, -0.8363816000, -0.1284300000)
(0.5013817000, -0.8549392000, -0.1329624000)
(0.5124825000, -0.8485834000, -0.1314023000)
(0.5133328000, -0.8482754000, -0.1299854000)
(0.4923314000, -0.8597231000, -0.1358649000)
(0.5136807000, -0.8475703000, -0.1332310000)
(0.5383322000, -0.8326452000, -0.1299642000)
(0.5441021000, -0.8290542000, -0.1289241000)
(0.5383059000, -0.8325785000, -0.1304891000)
(0.5388048000, -0.8321610000, -0.1310435000)
(0.5383619000, -0.8328492000, -0.1284707000)
(0.5175083000, -0.8457379000, -0.1300162000)
(0.4998402000, -0.8564166000, -0.1291710000)
(0.4862991000, -0.8635865000, -0.1330817000)
(0.5025322000, -0.8544810000, -0.1315558000)
(0.4963671000, -0.8563504000, -0.1423324000)
(0.5053017000, -0.8525041000, -0.1338098000)
(0.5372962000, -0.8327210000, -0.1336446000)
(0.5469512000, -0.8259614000, -0.1364565000)
(0.5454095000, -0.8266991000, -0.1381315000)
(0.5572734000, -0.8188766000, -0.1373964000)
(0.5561036000, -0.8199124000, -0.1359448000)
(0.5510612000, -0.8231682000, -0.1367705000)
(0.5606692000, -0.8167977000, -0.1359250000)
(0.5641574000, -0.8144127000, -0.1358411000)
(0.5626337000, -0.8152639000, -0.1369698000)
(0.5628429000, -0.8150392000, -0.1374592000)
(0.5685703000, -0.8111220000, -0.1370862000)
(0.5636900000, -0.8144761000, -0.1373671000)
(0.5638120000, -0.8140553000, -0.1393236000)
(0.5647812000, -0.8138321000, -0.1366550000)
(0.5552701000, -0.8201918000, -0.1376114000)
(0.5646276000, -0.8140635000, -0.1358993000)
(0.5671346000, -0.8125392000, -0.1346549000)
(0.5640092000, -0.8151969000, -0.1316857000)
(0.5618720000, -0.8170232000, -0.1294735000)
(0.5639661000, -0.8156659000, -0.1289552000)
(0.5687111000, -0.8119654000, -0.1313394000)
(0.5643855000, -0.8149511000, -0.1315737000)
(0.5558761000, -0.8201266000, -0.1356073000)
(0.5395881000, -0.8303342000, -0.1392332000)
(0.5498961000, -0.8235911000, -0.1389608000)
(0.5449517000, -0.8289854000, -0.1257265000)
(0.5446302000, -0.8291622000, -0.1259653000)
(0.5618488000, -0.8166453000, -0.1319101000)
(0.5698306000, -0.8112124000, -0.1312277000)
(0.5689180000, -0.8118551000, -0.1311775000)
(0.5706894000, -0.8104934000, -0.1319205000)
(0.5674855000, -0.8125427000, -0.1330904000)
(0.5644950000, -0.8145930000, -0.1333103000)
(0.5560142000, -0.8204013000, -0.1332701000)
(0.5479766000, -0.8251470000, -0.1372471000)
(0.4766741000, -0.8657886000, -0.1522124000)
(0.5574563000, -0.8193738000, -0.1336726000)
(0.5578518000, -0.8189519000, -0.1345130000)
(0.5527695000, -0.8220551000, -0.1365997000)
(0.5607522000, -0.8171513000, -0.1334724000)
(0.5661862000, -0.8137141000, -0.1314346000)
(0.5638507000, -0.8151402000, -0.1326643000)
(0.5623924000, -0.8160865000, -0.1330097000)
(0.5664737000, -0.8134681000, -0.1317440000)
(0.5700078000, -0.8113161000, -0.1297766000)
(0.5695012000, -0.8114660000, -0.1310339000)
(0.5686893000, -0.8122199000, -0.1298659000)
(0.5697243000, -0.8115463000, -0.1296063000)
(0.5645195000, -0.8152305000, -0.1292817000)
(0.5542614000, -0.8217651000, -0.1322517000)
(0.5563006000, -0.8203504000, -0.1323887000)
(0.5659243000, -0.8144414000, -0.1280504000)
(0.5649490000, -0.8148912000, -0.1294690000)
(0.5607422000, -0.8177341000, -0.1299133000)
(0.5655593000, -0.8144218000, -0.1298110000)
(0.5713332000, -0.8104298000, -0.1294676000)
(0.5726595000, -0.8092884000, -0.1307988000)
(0.5674379000, -0.8129361000, -0.1309414000)
(0.5738308000, -0.8085054000, -0.1305081000)
(0.5769352000, -0.8063508000, -0.1301036000)
(0.5787516000, -0.8049733000, -0.1305241000)
(0.5799432000, -0.8042419000, -0.1297387000)
(0.5785087000, -0.8049762000, -0.1316084000)
(0.5784112000, -0.8051728000, -0.1307995000)
(0.5662800000, -0.8130637000, -0.1349923000)
(0.5697219000, -0.8109496000, -0.1332319000)
(0.5686847000, -0.8122947000, -0.1294164000)
(0.5674004000, -0.8130376000, -0.1304037000)
(0.5658560000, -0.8142993000, -0.1292725000)
(0.5664250000, -0.8136868000, -0.1306104000)
(0.5607161000, -0.8173875000, -0.1321667000)
(0.5330683000, -0.8355722000, -0.1328287000)
(0.5352117000, -0.8347055000, -0.1296010000)
(0.5402568000, -0.8315048000, -0.1292427000)
(0.5400113000, -0.8318412000, -0.1280534000)
(0.5653282000, -0.8140059000, -0.1333004000)
(0.5568290000, -0.8193150000, -0.1365674000)
(0.5549712000, -0.8206484000, -0.1361672000)
(0.5508385000, -0.8240924000, -0.1320008000)
(0.5468548000, -0.8263162000, -0.1346409000)
(0.5174366000, -0.8427419000, -0.1484226000)
(0.5046560000, -0.8494697000, -0.1539732000)
(0.5321696000, -0.8346351000, -0.1420413000)
(0.5461413000, -0.8263175000, -0.1375808000)
(0.5356579000, -0.8331587000, -0.1375148000)
(0.5370826000, -0.8323579000, -0.1368230000)
(0.5288939000, -0.8375050000, -0.1372427000)
(0.5440813000, -0.8285963000, -0.1319007000)
(0.5443676000, -0.8283397000, -0.1323404000)
(0.5497323000, -0.8248378000, -0.1319650000)
(0.5442318000, -0.8283454000, -0.1327965000)
(0.5423170000, -0.8294625000, -0.1337277000)
(0.5464853000, -0.8267417000, -0.1335217000)
(0.5438551000, -0.8283463000, -0.1343452000)
(0.5294371000, -0.8367969000, -0.1394732000)
(0.5388500000, -0.8312618000, -0.1364679000)
(0.5421884000, -0.8291542000, -0.1360905000)
(0.5371922000, -0.8320389000, -0.1382632000)
(0.5181226000, -0.8430458000, -0.1442570000)
(0.5245298000, -0.8393579000, -0.1426018000)
(0.5238436000, -0.8396819000, -0.1431786000)
(0.5080674000, -0.8488029000, -0.1461911000)
(0.5190368000, -0.8419620000, -0.1472504000)
(0.5234058000, -0.8395976000, -0.1452685000)
(0.5267534000, -0.8374564000, -0.1455808000)
(0.5405505000, -0.8294708000, -0.1406217000)
(0.5367660000, -0.8314868000, -0.1431713000)
(0.5355734000, -0.8316888000, -0.1464614000)
(0.5482007000, -0.8246781000, -0.1391416000)
(0.5492429000, -0.8241107000, -0.1383751000)
(0.5508846000, -0.8231884000, -0.1374112000)
(0.5453806000, -0.8266408000, -0.1386070000)
(0.5407335000, -0.8298132000, -0.1378846000)
(0.5194938000, -0.8428435000, -0.1404532000)
(0.5264181000, -0.8385053000, -0.1406576000)
(0.5151237000, -0.8457667000, -0.1389834000)
(0.5119831000, -0.8475694000, -0.1396065000)
(0.5342383000, -0.8326343000, -0.1459075000)
(0.5282341000, -0.8366117000, -0.1450554000)
(0.5332193000, -0.8341889000, -0.1406638000)
(0.5246444000, -0.8388714000, -0.1449880000)
(0.5447097000, -0.8269525000, -0.1394176000)
(0.5306093000, -0.8352858000, -0.1439908000)
(0.5297055000, -0.8354298000, -0.1464283000)
(0.5247229000, -0.8389522000, -0.1443029000)
(0.5456008000, -0.8267582000, -0.1369920000)
(0.5330387000, -0.8338643000, -0.1432760000)
(0.5360109000, -0.8312446000, -0.1473043000)
(0.2129084000, -0.9449879000, -0.2483067000)
(0.2060161000, -0.9475675000, -0.2442528000)
(0.5418538000, -0.8287570000, -0.1397908000)
(0.5217134000, -0.8403130000, -0.1471762000)
(0.5322164000, -0.8346827000, -0.1415512000)
(0.5441126000, -0.8276855000, -0.1373842000)
(0.5460823000, -0.8265187000, -0.1365228000)
(0.5481285000, -0.8249630000, -0.1377090000)
(0.5433822000, -0.8283045000, -0.1364520000)
(0.5401399000, -0.8295742000, -0.1415635000)
(0.5452164000, -0.8266197000, -0.1393730000)
(0.5051118000, -0.8495200000, -0.1522285000)
(0.4965360000, -0.8544589000, -0.1528075000)
(0.4917977000, -0.8569894000, -0.1539612000)
(0.5266001000, -0.8378258000, -0.1439502000)
(0.5432459000, -0.8286136000, -0.1351472000)
(0.5361183000, -0.8325601000, -0.1392798000)
(0.5499092000, -0.8242441000, -0.1349192000)
(0.5519134000, -0.8230962000, -0.1337837000)
(0.5558214000, -0.8205125000, -0.1334430000)
(0.5497358000, -0.8246329000, -0.1332772000)
(0.5474276000, -0.8261833000, -0.1330960000)
(0.5456628000, -0.8271666000, -0.1342387000)
(0.5463471000, -0.8264660000, -0.1357724000)
(0.5395058000, -0.8303825000, -0.1392728000)
(0.5388156000, -0.8309407000, -0.1385122000)
(0.5294827000, -0.8365467000, -0.1408384000)
(0.5372757000, -0.8316125000, -0.1405290000)
(0.5442622000, -0.8272495000, -0.1393182000)
(0.5417895000, -0.8280675000, -0.1440671000)
(0.5500864000, -0.8233021000, -0.1398307000)
(0.5518733000, -0.8223945000, -0.1381204000)
(0.5443838000, -0.8280197000, -0.1341660000)
(0.5515426000, -0.8232234000, -0.1345061000)
(0.5548370000, -0.8209740000, -0.1347053000)
(0.5567186000, -0.8198234000, -0.1339676000)
(0.5536795000, -0.8217967000, -0.1344621000)
(0.5526485000, -0.8227146000, -0.1331123000)
(0.5610791000, -0.8174725000, -0.1300775000)
(0.5612975000, -0.8170375000, -0.1318199000)
(0.5549223000, -0.8213425000, -0.1321053000)
(0.5559324000, -0.8205709000, -0.1326448000)
(0.5600438000, -0.8181549000, -0.1302480000)
(0.5438923000, -0.8280866000, -0.1358363000)
(0.5323719000, -0.8349962000, -0.1390909000)
(0.5309538000, -0.8359660000, -0.1386576000)
(0.5236282000, -0.8402149000, -0.1408529000)
(0.5263849000, -0.8389241000, -0.1382521000)
(0.4869464000, -0.8607507000, -0.1482590000)
(0.4780086000, -0.8656117000, -0.1490087000)
(0.4995778000, -0.8538526000, -0.1460605000)
(0.5087055000, -0.8490209000, -0.1426754000)
(0.5141020000, -0.8457866000, -0.1425817000)
(0.5250631000, -0.8400642000, -0.1363094000)
(0.5258366000, -0.8392001000, -0.1386101000)
(0.5236734000, -0.8402278000, -0.1405512000)
(0.5106548000, -0.8483700000, -0.1395609000)
(0.5387668000, -0.8311253000, -0.1376952000)
(0.5369043000, -0.8323544000, -0.1374505000)
(0.5424469000, -0.8289812000, -0.1361413000)
(0.5499098000, -0.8241143000, -0.1356935000)
(0.5474584000, -0.8254154000, -0.1377212000)
(0.5475703000, -0.8254058000, -0.1373088000)
(0.5449129000, -0.8272046000, -0.1370932000)
(0.5576144000, -0.8187281000, -0.1368755000)
(0.5357474000, -0.8321791000, -0.1430076000)
(0.5139865000, -0.8445527000, -0.1501186000)
(0.5227519000, -0.8396976000, -0.1470119000)
(0.5069352000, -0.8482408000, -0.1532240000)
(0.5351962000, -0.8320420000, -0.1457532000)
(0.5471706000, -0.8250633000, -0.1409085000)
(0.5447214000, -0.8269126000, -0.1395959000)
(0.5629708000, -0.8151276000, -0.1364270000)
(0.5620285000, -0.8159233000, -0.1355084000)
(0.5587410000, -0.8182951000, -0.1349051000)
(0.5600442000, -0.8171741000, -0.1361881000)
(0.5375252000, -0.8319957000, -0.1371946000)
(0.5310215000, -0.8361819000, -0.1370600000)
(0.5167385000, -0.8439929000, -0.1437252000)
(0.5179598000, -0.8433895000, -0.1428657000)
(0.4976890000, -0.8547384000, -0.1473450000)
(0.4961486000, -0.8555682000, -0.1477085000)
(0.4358438000, -0.8857507000, -0.1596350000)
(0.4353397000, -0.8860874000, -0.1590803000)
(0.4676579000, -0.8704893000, -0.1533900000)
(0.4667331000, -0.8709215000, -0.1537154000)
(0.4786050000, -0.8649938000, -0.1506607000)
(0.5365338000, -0.8321037000, -0.1403865000)
(0.5419406000, -0.8285837000, -0.1404822000)
(0.5473415000, -0.8252419000, -0.1392041000)
(0.5435148000, -0.8276699000, -0.1398114000)
(0.5407082000, -0.8295643000, -0.1394798000)
(0.5197956000, -0.8422198000, -0.1430760000)
(0.5368490000, -0.8322178000, -0.1385207000)
(0.5435138000, -0.8282440000, -0.1363985000)
(0.5355036000, -0.8333294000, -0.1370069000)
(0.5465438000, -0.8261878000, -0.1366929000)
(0.5443420000, -0.8276315000, -0.1367984000)
(0.5352272000, -0.8335129000, -0.1370317000)
(0.5361633000, -0.8329995000, -0.1364676000)
(0.5380537000, -0.8317708000, -0.1364766000)
(0.5365447000, -0.8326213000, -0.1372852000)
(0.5432944000, -0.8286895000, -0.1345275000)
(0.5433553000, -0.8284376000, -0.1357731000)
(0.5224764000, -0.8413619000, -0.1382102000)
(0.5313067000, -0.8358080000, -0.1382817000)
(0.5114205000, -0.8475568000, -0.1417347000)
(0.5073749000, -0.8498108000, -0.1427620000)
(0.4941170000, -0.8573495000, -0.1442214000)
(0.5021017000, -0.8534787000, -0.1394480000)
(0.5079323000, -0.8497572000, -0.1411010000)
(0.5074404000, -0.8497015000, -0.1431230000)
(0.5040480000, -0.8516560000, -0.1435196000)
(0.5079732000, -0.8499873000, -0.1395194000)
(0.5066431000, -0.8509183000, -0.1387215000)
(0.5208688000, -0.8422477000, -0.1389627000)
(0.5068681000, -0.8507904000, -0.1386874000)
(0.5309942000, -0.8361791000, -0.1372000000)
(0.5482089000, -0.8254604000, -0.1344658000)
(0.5503516000, -0.8231468000, -0.1397048000)
(0.5585046000, -0.8179430000, -0.1379202000)
(0.5572576000, -0.8185679000, -0.1392342000)
(0.5629176000, -0.8150027000, -0.1374114000)
(0.5636415000, -0.8148302000, -0.1354268000)
(0.5615734000, -0.8163184000, -0.1350843000)
(0.5595997000, -0.8175571000, -0.1357721000)
(0.5601974000, -0.8172005000, -0.1354078000)
(0.5483204000, -0.8251213000, -0.1360172000)
(0.5484087000, -0.8248645000, -0.1372705000)
(0.5478743000, -0.8253867000, -0.1361831000)
(0.5564303000, -0.8195390000, -0.1368838000)
(0.5562198000, -0.8196595000, -0.1370038000)
(0.5537046000, -0.8211992000, -0.1379229000)
(0.5603490000, -0.8168918000, -0.1367028000)
(0.5618997000, -0.8160405000, -0.1353505000)
(0.5637120000, -0.8148080000, -0.1352893000)
(0.5637578000, -0.8147254000, -0.1355883000)
(0.5630289000, -0.8152817000, -0.1352337000)
(0.5628305000, -0.8154516000, -0.1350180000)
(0.5613734000, -0.8162355000, -0.1363481000)
(0.5589231000, -0.8178671000, -0.1367157000)
(0.5508995000, -0.8230195000, -0.1382837000)
(0.5571781000, -0.8191291000, -0.1362304000)
(0.5605313000, -0.8171527000, -0.1344077000)
(0.5594536000, -0.8178924000, -0.1343263000)
(0.5575017000, -0.8191602000, -0.1346959000)
(0.5593877000, -0.8178486000, -0.1348426000)
(0.5595945000, -0.8175423000, -0.1359112000)
(0.5573967000, -0.8188354000, -0.1370907000)
(0.5531654000, -0.8214483000, -0.1386482000)
(0.5534998000, -0.8211705000, -0.1389621000)
(0.5492831000, -0.8238930000, -0.1395022000)
(0.5412710000, -0.8288606000, -0.1414059000)
(0.5521505000, -0.8221397000, -0.1385856000)
(0.5449814000, -0.8265007000, -0.1409983000)
(0.5499676000, -0.8234067000, -0.1396952000)
(0.5529478000, -0.8213795000, -0.1399062000)
(0.5578761000, -0.8184046000, -0.1377196000)
(0.5606507000, -0.8166713000, -0.1367592000)
(0.5597298000, -0.8176318000, -0.1347435000)
(0.5609269000, -0.8169410000, -0.1340182000)
(0.5650905000, -0.8140908000, -0.1338157000)
(0.5608131000, -0.8172430000, -0.1326407000)
(0.5651089000, -0.8142973000, -0.1325357000)
(0.5669498000, -0.8132069000, -0.1313813000)
(0.5653594000, -0.8141348000, -0.1324466000)
(0.5643963000, -0.8144685000, -0.1344245000)
(0.5643333000, -0.8143926000, -0.1351581000)
(0.5412948000, -0.8280876000, -0.1457865000)
(0.4876743000, -0.8566390000, -0.1683459000)
(0.5429987000, -0.8270628000, -0.1452585000)
(0.5323926000, -0.8331497000, -0.1496841000)
(0.5517779000, -0.8217117000, -0.1425720000)
(0.5521392000, -0.8215576000, -0.1420247000)
(0.5621973000, -0.8153852000, -0.1380856000)
(0.5491018000, -0.8235015000, -0.1425406000)
(0.5656506000, -0.8131887000, -0.1369519000)
(0.5674062000, -0.8122817000, -0.1350122000)
(0.5634688000, -0.8148727000, -0.1358785000)
(0.5686901000, -0.8111156000, -0.1366096000)
(0.5625334000, -0.8152636000, -0.1374264000)
(0.5559450000, -0.8197719000, -0.1373829000)
(0.5556320000, -0.8198745000, -0.1380771000)
(0.5442020000, -0.8270116000, -0.1410314000)
(0.5288666000, -0.8356618000, -0.1481804000)
(0.5347078000, -0.8326157000, -0.1443109000)
(0.5705588000, -0.8097854000, -0.1367472000)
(0.5680239000, -0.8114989000, -0.1370984000)
(0.5606253000, -0.8169848000, -0.1349429000)
(0.5617381000, -0.8160129000, -0.1362047000)
(0.5507852000, -0.8227295000, -0.1404863000)
(0.5611257000, -0.8162884000, -0.1371219000)
(0.5419458000, -0.8279524000, -0.1441291000)
(0.5482873000, -0.8238668000, -0.1435234000)
(0.5532179000, -0.8209558000, -0.1413174000)
(0.5587863000, -0.8184654000, -0.1336203000)
(0.5609220000, -0.8167370000, -0.1352244000)
(0.5594649000, -0.8179711000, -0.1337864000)
(0.5655041000, -0.8133652000, -0.1364713000)
(0.5612300000, -0.8164948000, -0.1354344000)
(0.5566013000, -0.8200480000, -0.1330663000)
(0.5391433000, -0.8315691000, -0.1333704000)
(0.5406975000, -0.8304055000, -0.1343773000)
(0.5372984000, -0.8321413000, -0.1372558000)
(0.5213351000, -0.8407550000, -0.1460044000)
(0.4973267000, -0.8549715000, -0.1472178000)
(0.4999855000, -0.8522533000, -0.1537845000)
(0.5138540000, -0.8447753000, -0.1493525000)
(0.5374354000, -0.8313305000, -0.1415763000)
(0.5373434000, -0.8311183000, -0.1431259000)
(0.5432336000, -0.8279693000, -0.1390938000)
(0.5358959000, -0.8325886000, -0.1399348000)
(0.5309190000, -0.8355041000, -0.1416007000)
(0.5370913000, -0.8314621000, -0.1421183000)
(0.5081109000, -0.8479589000, -0.1508901000)
(0.5395463000, -0.8299661000, -0.1415315000)
(0.5569373000, -0.8193969000, -0.1356032000)
(0.5689071000, -0.8116581000, -0.1324857000)
(0.5691334000, -0.8114406000, -0.1328374000)
(0.5687349000, -0.8115519000, -0.1338351000)
(0.5666671000, -0.8132250000, -0.1324508000)
(0.5680113000, -0.8124158000, -0.1316491000)
(0.5686424000, -0.8119419000, -0.1318390000)
(0.5651528000, -0.8146292000, -0.1302880000)
(0.5649917000, -0.8148142000, -0.1297853000)
(0.5581999000, -0.8194549000, -0.1299321000)
(0.5579103000, -0.8192383000, -0.1325031000)
(0.5512332000, -0.8238114000, -0.1321910000)
(0.5494075000, -0.8252330000, -0.1308119000)
(0.5503750000, -0.8246348000, -0.1305568000)
(0.5503518000, -0.8246488000, -0.1305828000)
(0.5508869000, -0.8246072000, -0.1285693000)
(0.5329497000, -0.8376114000, -0.1198491000)
(0.5318907000, -0.8388600000, -0.1156949000)
(0.5294408000, -0.8403990000, -0.1157939000)
(0.5377293000, -0.8347244000, -0.1186275000)
(0.5412667000, -0.8322048000, -0.1202499000)
(0.5659418000, -0.8138816000, -0.1315158000)
(0.5676607000, -0.8125197000, -0.1324583000)
(0.5681040000, -0.8120005000, -0.1337388000)
(0.5661519000, -0.8135424000, -0.1326480000)
(0.5679930000, -0.8122771000, -0.1326007000)
(0.5640189000, -0.8153499000, -0.1306648000)
(0.5673000000, -0.8125811000, -0.1336856000)
(0.5697364000, -0.8121347000, -0.1257218000)
(0.5780282000, -0.8054302000, -0.1309586000)
(0.5718524000, -0.8098408000, -0.1308858000)
(0.5743064000, -0.8077480000, -0.1330217000)
(0.5694290000, -0.8113590000, -0.1320294000)
(0.5723125000, -0.8092608000, -0.1323761000)
(0.5684927000, -0.8118982000, -0.1327297000)
(0.5620928000, -0.8163065000, -0.1330065000)
(0.5520277000, -0.8229487000, -0.1341437000)
(0.5553964000, -0.8209980000, -0.1322103000)
(0.5361234000, -0.8334343000, -0.1339080000)
(0.5464410000, -0.8272287000, -0.1307174000)
(0.5555124000, -0.8214760000, -0.1287432000)
(0.5590059000, -0.8190715000, -0.1288773000)
(0.5657540000, -0.8142269000, -0.1301384000)
(0.5616783000, -0.8165468000, -0.1331985000)
(0.4226725000, -0.9021460000, -0.0863733400)
(0.4285758000, -0.8997994000, -0.0816670700)
(0.4356279000, -0.8954970000, -0.0911334500)
(0.5718883000, -0.8098267000, -0.1307461000)
(0.5746956000, -0.8081154000, -0.1290316000)
(0.5721259000, -0.8100338000, -0.1284850000)
(0.5691011000, -0.8117089000, -0.1312648000)
(0.5736436000, -0.8084422000, -0.1316716000)
(0.5522363000, -0.8243426000, -0.1244151000)
(0.5566750000, -0.8202303000, -0.1316385000)
(0.5627123000, -0.8164861000, -0.1291327000)
(0.5859210000, -0.7987737000, -0.1365765000)
(0.5875100000, -0.7974801000, -0.1372751000)
(0.5885176000, -0.7966275000, -0.1379382000)
(0.5868286000, -0.7979379000, -0.1375511000)
(0.5714847000, -0.8091847000, -0.1364033000)
(0.5682697000, -0.8116277000, -0.1352992000)
(0.5746709000, -0.8067604000, -0.1373547000)
(0.5757702000, -0.8059181000, -0.1377450000)
(0.5857838000, -0.7978210000, -0.1425454000)
(0.5819640000, -0.8010772000, -0.1399451000)
(0.5828897000, -0.8003333000, -0.1403011000)
(0.5787888000, -0.8030761000, -0.1415945000)
(0.5783696000, -0.8038889000, -0.1387316000)
(0.5789837000, -0.8030782000, -0.1407745000)
(0.5819244000, -0.8010967000, -0.1400113000)
(0.5712187000, -0.8086674000, -0.1404848000)
(0.5806462000, -0.8018064000, -0.1412054000)
(0.5844416000, -0.7994071000, -0.1391394000)
(0.5924768000, -0.7935588000, -0.1386018000)
(0.5924587000, -0.7938801000, -0.1368612000)
(0.5944142000, -0.7918537000, -0.1401041000)
(0.5998861000, -0.7877365000, -0.1400141000)
(0.5994051000, -0.7877037000, -0.1422498000)
(0.6039802000, -0.7846367000, -0.1397967000)
(0.6008010000, -0.7869617000, -0.1404352000)
(0.5879344000, -0.7958034000, -0.1449348000)
(0.5841941000, -0.7982191000, -0.1467410000)
(0.5955535000, -0.7906986000, -0.1417758000)
(0.5924029000, -0.7933829000, -0.1399146000)
(0.5907540000, -0.7944592000, -0.1408155000)
(0.5921564000, -0.7936023000, -0.1397234000)
(0.5876688000, -0.7966825000, -0.1411140000)
(0.5890238000, -0.7958485000, -0.1402618000)
(0.5977018000, -0.7899755000, -0.1366539000)
(0.6002918000, -0.7878776000, -0.1373950000)
(0.5985134000, -0.7889852000, -0.1388262000)
(0.6006911000, -0.7870260000, -0.1405546000)
(0.5696586000, -0.8088037000, -0.1459543000)
(0.5617377000, -0.8131262000, -0.1525079000)
(0.5981347000, -0.7887945000, -0.1414511000)
(0.6045198000, -0.7841137000, -0.1403867000)
(0.6029666000, -0.7849478000, -0.1423901000)
(0.6060221000, -0.7824863000, -0.1429871000)
(0.6080501000, -0.7810858000, -0.1419664000)
(0.6069635000, -0.7816964000, -0.1433060000)
(0.6077234000, -0.7809241000, -0.1442460000)
(0.6094378000, -0.7795619000, -0.1443901000)
(0.6070142000, -0.7814345000, -0.1444630000)
(0.6077172000, -0.7809116000, -0.1443526000)
(0.6072582000, -0.7813472000, -0.1439812000)
(0.6034883000, -0.7843435000, -0.1434912000)
(0.6017705000, -0.7855805000, -0.1438879000)
(0.5987104000, -0.7880895000, -0.1430187000)
(0.5997435000, -0.7880686000, -0.1386540000)
(0.5987045000, -0.7888029000, -0.1390559000)
(0.5966598000, -0.7902798000, -0.1394398000)
(0.5954544000, -0.7912049000, -0.1393758000)
(0.5871195000, -0.7976875000, -0.1376953000)
(0.5803756000, -0.8026847000, -0.1372392000)
(0.5887419000, -0.7944431000, -0.1490401000)
(0.5899702000, -0.7939200000, -0.1469865000)
(0.5951481000, -0.7909892000, -0.1418774000)
(0.5993226000, -0.7885928000, -0.1375262000)
(0.5989466000, -0.7887290000, -0.1383995000)
(0.5980809000, -0.7894675000, -0.1379289000)
(0.5935620000, -0.7926438000, -0.1392791000)
(0.5924173000, -0.7934084000, -0.1397195000)
(0.5938849000, -0.7930371000, -0.1355844000)
(0.6004338000, -0.7878527000, -0.1369498000)
(0.6024882000, -0.7861745000, -0.1374998000)
(0.5998716000, -0.7882705000, -0.1370025000)
(0.5963991000, -0.7910289000, -0.1362057000)
(0.5977322000, -0.7900643000, -0.1360174000)
(0.5983898000, -0.7895693000, -0.1359723000)
(0.5983343000, -0.7892472000, -0.1380960000)
(0.5964965000, -0.7906992000, -0.1377197000)
(0.5975069000, -0.7898491000, -0.1382397000)
(0.5939365000, -0.7927374000, -0.1371169000)
(0.5969607000, -0.7907780000, -0.1352598000)
(0.5948377000, -0.7924362000, -0.1348957000)
(0.5957710000, -0.7917016000, -0.1350444000)
(0.5951261000, -0.7921405000, -0.1353039000)
(0.5947290000, -0.7924961000, -0.1350544000)
(0.5935801000, -0.7936696000, -0.1332125000)
(0.5915917000, -0.7952013000, -0.1329317000)
(0.5804143000, -0.8026043000, -0.1375471000)
(0.5888007000, -0.7965813000, -0.1369629000)
(0.5848418000, -0.7994430000, -0.1372628000)
(0.5780498000, -0.8042799000, -0.1377899000)
(0.5886139000, -0.7973383000, -0.1333425000)
(0.5875054000, -0.7974162000, -0.1376970000)
(0.5866189000, -0.7980858000, -0.1376004000)
(0.5869643000, -0.7982320000, -0.1351840000)
(0.5887007000, -0.7971688000, -0.1338891000)
(0.5863883000, -0.7981948000, -0.1378502000)
(0.5855325000, -0.7990876000, -0.1363608000)
(0.5876433000, -0.7971723000, -0.1384942000)
(0.5881019000, -0.7981689000, -0.1305330000)
(0.5939885000, -0.7935259000, -0.1322243000)
(0.5922997000, -0.7949733000, -0.1310616000)
(0.5922063000, -0.7955927000, -0.1277242000)
(0.5847959000, -0.8011928000, -0.1268287000)
(0.5828762000, -0.8027441000, -0.1258899000)
(0.5832631000, -0.8024196000, -0.1261899000)
(0.5772022000, -0.8060388000, -0.1309100000)
(0.5807705000, -0.8037285000, -0.1292645000)
(0.5754573000, -0.8070471000, -0.1322968000)
(0.5740948000, -0.8074372000, -0.1358421000)
(0.5687602000, -0.8107654000, -0.1384498000)
(0.5611435000, -0.8150293000, -0.1443118000)
(0.5444289000, -0.8245754000, -0.1538387000)
(0.5685177000, -0.8103575000, -0.1417743000)
(0.5597155000, -0.8156413000, -0.1464438000)
(0.5637815000, -0.8132263000, -0.1441607000)
(0.5682746000, -0.8110657000, -0.1386076000)
(0.5620508000, -0.8151366000, -0.1401475000)
(0.5601104000, -0.8173459000, -0.1348961000)
(0.5502165000, -0.8237904000, -0.1363911000)
(0.5662239000, -0.8137602000, -0.1310800000)
(0.5704750000, -0.8113016000, -0.1277417000)
(0.5708424000, -0.8112457000, -0.1265301000)
(0.5678183000, -0.8132325000, -0.1273548000)
(0.5803964000, -0.8041667000, -0.1282583000)
(0.5839661000, -0.8015232000, -0.1285696000)
(0.5831025000, -0.8021216000, -0.1287003000)
(0.5844024000, -0.8013139000, -0.1278868000)
(0.5773341000, -0.8058171000, -0.1316108000)
(0.5865349000, -0.7996634000, -0.1283985000)
(0.5853661000, -0.8005820000, -0.1280632000)
(0.5841722000, -0.8015884000, -0.1271899000)
(0.5826852000, -0.8027742000, -0.1265638000)
(0.5762174000, -0.8070729000, -0.1288408000)
(0.5768750000, -0.8063722000, -0.1301946000)
(0.5724069000, -0.8090244000, -0.1334189000)
(0.5680519000, -0.8125008000, -0.1309263000)
(0.5635790000, -0.8149109000, -0.1352410000)
(0.5661447000, -0.8134527000, -0.1333114000)
(0.5735562000, -0.8085663000, -0.1312553000)
(0.5770928000, -0.8058959000, -0.1321792000)
(0.5768762000, -0.8063872000, -0.1301059000)
(0.5799142000, -0.8045710000, -0.1278277000)
(0.5808864000, -0.8038438000, -0.1280263000)
(0.5817264000, -0.8033156000, -0.1275073000)
(0.5839204000, -0.8020204000, -0.1256558000)
(0.5834566000, -0.8023053000, -0.1259689000)
(0.5843143000, -0.8017178000, -0.1257044000)
(0.5824124000, -0.8029741000, -0.1265820000)
(0.5791273000, -0.8051984000, -0.1274316000)
(0.5766621000, -0.8065090000, -0.1303368000)
(0.5805304000, -0.8038210000, -0.1298158000)
(0.5767017000, -0.8068736000, -0.1279283000)
(0.5806433000, -0.8041601000, -0.1271001000)
(0.5787892000, -0.8055494000, -0.1268396000)
(0.5759481000, -0.8067838000, -0.1317692000)
(0.5740310000, -0.8083813000, -0.1303940000)
(0.5788705000, -0.8055133000, -0.1266080000)
(0.5812620000, -0.8042153000, -0.1239083000)
(0.5829231000, -0.8034492000, -0.1210152000)
(0.5803574000, -0.8048846000, -0.1238650000)
(0.5874087000, -0.8001464000, -0.1212330000)
(0.5889724000, -0.7989639000, -0.1215028000)
(0.5912034000, -0.7972181000, -0.1220827000)
(0.5910432000, -0.7972044000, -0.1229403000)
(0.5902684000, -0.7979711000, -0.1216592000)
(0.5924838000, -0.7962131000, -0.1224469000)
(0.5928620000, -0.7957752000, -0.1233998000)
(0.5858348000, -0.8007931000, -0.1246026000)
(0.5820202000, -0.8039232000, -0.1222797000)
(0.5785276000, -0.8065780000, -0.1213387000)
(0.5831137000, -0.8031388000, -0.1221436000)
(0.5778529000, -0.8070464000, -0.1213797000)
(0.5740922000, -0.8098084000, -0.1209023000)
(0.5775332000, -0.8072987000, -0.1212501000)
(0.4963557000, -0.8592732000, -0.1235956000)
(0.4755675000, -0.8718458000, -0.1171063000)
(0.3884582000, -0.9096676000, -0.1469014000)
(0.3875848000, -0.9089907000, -0.1533075000)
(0.5634115000, -0.8154317000, -0.1327926000)
(0.5767416000, -0.8076894000, -0.1223872000)
(0.5753413000, -0.8084247000, -0.1241789000)
(0.5842769000, -0.8018833000, -0.1247942000)
(0.5849242000, -0.8014535000, -0.1245602000)
(0.5869688000, -0.7999650000, -0.1244790000)
(0.5836732000, -0.8023368000, -0.1247894000)
(0.5752339000, -0.8080739000, -0.1269337000)
(0.5597178000, -0.8179075000, -0.1331372000)
(0.5689902000, -0.8115800000, -0.1325118000)
(0.5817758000, -0.8033417000, -0.1270941000)
(0.5843391000, -0.8015862000, -0.1264652000)
(0.5829527000, -0.8022814000, -0.1284607000)
(0.5831270000, -0.8026386000, -0.1253836000)
(0.5870772000, -0.8001391000, -0.1228203000)
(0.5726489000, -0.8091360000, -0.1316827000)
(0.5778353000, -0.8059482000, -0.1286275000)
(0.5816707000, -0.8037236000, -0.1251974000)
(0.5885267000, -0.7985364000, -0.1262736000)
(0.5826753000, -0.8026917000, -0.1271468000)
(0.5854557000, -0.8004056000, -0.1287892000)
(0.5865902000, -0.8001584000, -0.1250203000)
(0.5861016000, -0.8004732000, -0.1253742000)
(0.5847496000, -0.8013157000, -0.1263024000)
(0.5743680000, -0.8086415000, -0.1272578000)
(0.5663555000, -0.8132038000, -0.1339162000)
(0.5787331000, -0.8054380000, -0.1277652000)
(0.5783200000, -0.8055226000, -0.1290880000)
(0.5688386000, -0.8116152000, -0.1329366000)
(0.5775931000, -0.8060749000, -0.1288814000)
(0.5734231000, -0.8086796000, -0.1311886000)
(0.5613689000, -0.8157340000, -0.1393708000)
(0.5494724000, -0.8228461000, -0.1448512000)
(0.5525609000, -0.8210206000, -0.1434744000)
(0.5827116000, -0.7991931000, -0.1474099000)
(0.5843058000, -0.8008684000, -0.1310631000)
(0.5845454000, -0.8008966000, -0.1298541000)
(0.5917658000, -0.7959160000, -0.1277007000)
(0.5938225000, -0.7951869000, -0.1226459000)
(0.5932900000, -0.7960326000, -0.1196415000)
(0.5895143000, -0.7982478000, -0.1235330000)
(0.5883542000, -0.7991014000, -0.1235022000)
(0.5904115000, -0.7975364000, -0.1238044000)
(0.5811733000, -0.8039621000, -0.1259581000)
(0.5778176000, -0.8060406000, -0.1280852000)
(0.5816990000, -0.8031988000, -0.1283443000)
(0.5786067000, -0.8056986000, -0.1266209000)
(0.5774962000, -0.8058451000, -0.1307754000)
(0.5821388000, -0.8020504000, -0.1334847000)
(0.5778137000, -0.8051618000, -0.1335328000)
(0.5842241000, -0.8012136000, -0.1293308000)
(0.5842078000, -0.8010014000, -0.1306808000)
(0.5770748000, -0.8053828000, -0.1353265000)
(0.5822631000, -0.8020169000, -0.1331242000)
(0.5794048000, -0.8039962000, -0.1337005000)
(0.5868602000, -0.7989909000, -0.1311270000)
(0.5911652000, -0.7961240000, -0.1292054000)
(0.5936956000, -0.7943512000, -0.1284666000)
(0.5931538000, -0.7948350000, -0.1279702000)
(0.5950069000, -0.7936381000, -0.1268407000)
(0.5958270000, -0.7929412000, -0.1273838000)
(0.5961186000, -0.7927115000, -0.1274461000)
(0.5965461000, -0.7921953000, -0.1286086000)
(0.5955858000, -0.7928472000, -0.1290965000)
(0.5954258000, -0.7928331000, -0.1298643000)
(0.5948476000, -0.7928162000, -0.1326147000)
(0.5917447000, -0.7949188000, -0.1338889000)
(0.5949283000, -0.7927501000, -0.1326478000)
(0.5954330000, -0.7921175000, -0.1341118000)
(0.5985060000, -0.7898512000, -0.1338789000)
(0.5857614000, -0.7988895000, -0.1365190000)
(0.5972013000, -0.7909526000, -0.1332010000)
(0.5963773000, -0.7914406000, -0.1339128000)
(0.6010332000, -0.7881013000, -0.1328156000)
(0.6011250000, -0.7879822000, -0.1331257000)
(0.6014358000, -0.7875153000, -0.1344383000)
(0.6014206000, -0.7875278000, -0.1344868000)
(0.6014047000, -0.7875341000, -0.1344675000)
(0.6017656000, -0.7873169000, -0.1340978000)
(0.6008794000, -0.7879477000, -0.1344297000)
(0.6004881000, -0.7884822000, -0.1330012000)
(0.6013896000, -0.7878078000, -0.1329469000)
(0.6022973000, -0.7872388000, -0.1322008000)
(0.6047938000, -0.7851110000, -0.1334402000)
(0.6082758000, -0.7823580000, -0.1338194000)
(0.6057605000, -0.7844124000, -0.1331926000)
(0.6050368000, -0.7848638000, -0.1337796000)
(0.6022063000, -0.7865167000, -0.1368032000)
(0.6073569000, -0.7830328000, -0.1340073000)
(0.6084597000, -0.7823372000, -0.1330450000)
(0.6090049000, -0.7819422000, -0.1328933000)
(0.6089296000, -0.7819983000, -0.1329103000)
(0.6082739000, -0.7825198000, -0.1327915000)
(0.6066323000, -0.7839490000, -0.1319725000)
(0.6064371000, -0.7843760000, -0.1302668000)
(0.6062799000, -0.7843562000, -0.1311736000)
(0.6072924000, -0.7835398000, -0.1313232000)
(0.6059183000, -0.7848688000, -0.1297121000)
(0.6042614000, -0.7862479000, -0.1291488000)
(0.5987830000, -0.7901045000, -0.1310572000)
(0.5924395000, -0.7942342000, -0.1348352000)
(0.5912353000, -0.7942263000, -0.1401215000)
(0.5912025000, -0.7943254000, -0.1397025000)
(0.5911461000, -0.7946804000, -0.1378933000)
(0.5922701000, -0.7937028000, -0.1387155000)
(0.5876173000, -0.7974098000, -0.1371880000)
(0.5714213000, -0.8082511000, -0.1420719000)
(0.5821378000, -0.8013330000, -0.1376811000)
(0.5782167000, -0.8040483000, -0.1384505000)
(0.5765349000, -0.8051718000, -0.1388609000)
(0.5820878000, -0.8015080000, -0.1369087000)
(0.5972522000, -0.7909157000, -0.1331593000)
(0.5957632000, -0.7918346000, -0.1343562000)
(0.6011760000, -0.7881489000, -0.1318373000)
(0.6036480000, -0.7866791000, -0.1293893000)
(0.6032646000, -0.7869055000, -0.1297789000)
(0.6031925000, -0.7869113000, -0.1300628000)
(0.6022218000, -0.7875944000, -0.1303896000)
(0.5979438000, -0.7907361000, -0.1310322000)
(0.5896496000, -0.7969285000, -0.1311468000)
(0.5974064000, -0.7916778000, -0.1278531000)
(0.6123243000, -0.7805371000, -0.1257696000)
(0.6069890000, -0.7849948000, -0.1238388000)
(0.6044039000, -0.7862206000, -0.1285504000)
(0.5982991000, -0.7903374000, -0.1318643000)
(0.6081458000, -0.7840992000, -0.1238127000)
(0.6137464000, -0.7796234000, -0.1244637000)
(0.6132393000, -0.7787508000, -0.1321628000)
(0.6144376000, -0.7784225000, -0.1285222000)
(0.6176384000, -0.7755231000, -0.1306299000)
(0.6111841000, -0.7811997000, -0.1271317000)
(0.6116360000, -0.7805171000, -0.1291584000)
(0.5971346000, -0.7891707000, -0.1436208000)
(0.6044407000, -0.7843767000, -0.1392094000)
(0.6066850000, -0.7819095000, -0.1433363000)
(0.6085740000, -0.7812729000, -0.1387139000)
(0.6062130000, -0.7832743000, -0.1377365000)
(0.6100833000, -0.7810704000, -0.1330883000)
(0.6146167000, -0.7782146000, -0.1288723000)
(0.6105197000, -0.7815222000, -0.1282930000)
(0.6173781000, -0.7766984000, -0.1247830000)
(0.6197461000, -0.7749772000, -0.1236661000)
(0.6207427000, -0.7742568000, -0.1232903000)
(0.6203266000, -0.7747993000, -0.1219019000)
(0.6205418000, -0.7745354000, -0.1225538000)
(0.6197439000, -0.7748188000, -0.1246896000)
(0.6185423000, -0.7757084000, -0.1250977000)
(0.6183884000, -0.7760332000, -0.1238580000)
(0.6181082000, -0.7762135000, -0.1242311000)
(0.6195770000, -0.7750402000, -0.1241464000)
(0.6170086000, -0.7768952000, -0.1253308000)
(0.6116331000, -0.7807300000, -0.1278859000)
(0.6096213000, -0.7816090000, -0.1319805000)
(0.6241711000, -0.7708095000, -0.1274201000)
(0.6182466000, -0.7754823000, -0.1279468000)
(0.6227252000, -0.7723933000, -0.1248935000)
(0.6210496000, -0.7734636000, -0.1266236000)
(0.6216509000, -0.7732340000, -0.1250715000)
(0.6227359000, -0.7726025000, -0.1236022000)
(0.6226968000, -0.7726502000, -0.1235212000)
(0.6218583000, -0.7733322000, -0.1234156000)
(0.6236202000, -0.7720506000, -0.1226119000)
(0.6233181000, -0.7722461000, -0.1228553000)
(0.6231427000, -0.7724869000, -0.1222527000)
(0.6199970000, -0.7749727000, -0.1225390000)
(0.6150504000, -0.7787714000, -0.1233481000)
(0.6027188000, -0.7875602000, -0.1283588000)
(0.6072105000, -0.7839326000, -0.1293514000)
(0.6086482000, -0.7829350000, -0.1286474000)
(0.6168663000, -0.7768667000, -0.1262829000)
(0.6185937000, -0.7756229000, -0.1254875000)
(0.6165287000, -0.7768327000, -0.1280714000)
(0.5641999000, -0.8160925000, -0.1251144000)
(0.5667511000, -0.8145421000, -0.1237145000)
(0.5590219000, -0.8198690000, -0.1237227000)
(0.5497590000, -0.8279334000, -0.1107579000)
(0.5601202000, -0.8198006000, -0.1190044000)
(0.5565042000, -0.8221837000, -0.1195723000)
(0.5594733000, -0.8206412000, -0.1162244000)
(0.3477270000, -0.9369590000, -0.0343021100)
(0.3584976000, -0.9321786000, -0.0501895000)
(0.3423332000, -0.9338461000, -0.1034871000)
(0.3258590000, -0.9396593000, -0.1040623000)
(0.5615419000, -0.8192377000, -0.1162538000)
(0.5638943000, -0.8176926000, -0.1157103000)
(0.5630263000, -0.8185433000, -0.1138309000)
(0.5620395000, -0.8192547000, -0.1137130000)
(0.5609892000, -0.8196829000, -0.1156975000)
(0.5533724000, -0.8251577000, -0.1134721000)
(0.5478737000, -0.8289630000, -0.1124170000)
(0.5478207000, -0.8289655000, -0.1126775000)
(0.5565774000, -0.8223599000, -0.1180845000)
(0.5501785000, -0.8258702000, -0.1234422000)
(0.5572403000, -0.8213745000, -0.1216593000)
(0.5591834000, -0.8201506000, -0.1210872000)
(0.5567982000, -0.8216597000, -0.1217657000)
(0.5528210000, -0.8242117000, -0.1226222000)
(0.5558310000, -0.8223636000, -0.1214154000)
(0.5674981000, -0.8143003000, -0.1217830000)
(0.3473832000, -0.9282690000, -0.1327184000)
(0.3652577000, -0.9209735000, -0.1355304000)
(0.3907441000, -0.9133719000, -0.1142200000)
(0.5619017000, -0.8183407000, -0.1206372000)
(0.4114029000, -0.9042071000, -0.1146350000)
(0.4330444000, -0.8934419000, -0.1191744000)
(0.4227200000, -0.8984914000, -0.1182824000)
(0.4388365000, -0.8945120000, -0.0851988900)
(0.5511441000, -0.8263731000, -0.1154640000)
(0.5506575000, -0.8267801000, -0.1149148000)
(0.5533484000, -0.8251815000, -0.1133845000)
(0.5544591000, -0.8245458000, -0.1126293000)
(0.5511733000, -0.8268096000, -0.1121308000)
(0.5471045000, -0.8298646000, -0.1095156000)
(0.5552114000, -0.8240541000, -0.1124978000)
(0.5579367000, -0.8221740000, -0.1128408000)
(0.5581732000, -0.8221433000, -0.1119056000)
(0.5553783000, -0.8240392000, -0.1117830000)
(0.5435504000, -0.8323233000, -0.1085259000)
(0.5447124000, -0.8316348000, -0.1079314000)
(0.5480294000, -0.8294389000, -0.1081008000)
(0.5521650000, -0.8267741000, -0.1073945000)
(0.4168096000, -0.9081068000, -0.0397534900)
(0.4094205000, -0.9115931000, -0.0368742300)
(0.4191070000, -0.9071560000, -0.0375503400)
(0.4204576000, -0.9064972000, -0.0380639700)
(0.5477024000, -0.8294640000, -0.1094965000)
(0.4952073000, -0.8564319000, -0.1458303000)
(0.5141457000, -0.8470206000, -0.1349376000)
(0.5234184000, -0.8405740000, -0.1394212000)
(0.5256866000, -0.8402330000, -0.1328864000)
(0.5262251000, -0.8390504000, -0.1380839000)
(0.5160313000, -0.8451381000, -0.1394462000)
(0.4831455000, -0.8638798000, -0.1424099000)
(0.4478053000, -0.8818799000, -0.1474655000)
(0.4361990000, -0.8877200000, -0.1472407000)
(0.4082409000, -0.9002715000, -0.1511136000)
(0.4164034000, -0.8969812000, -0.1484190000)
(0.4182224000, -0.8961558000, -0.1482837000)
(0.4163900000, -0.8969687000, -0.1484604000)
(0.4282764000, -0.8916475000, -0.1466925000)
(0.4312458000, -0.8909800000, -0.1420529000)
(0.4302440000, -0.8901562000, -0.1499945000)
(0.4549036000, -0.8785007000, -0.1458713000)
(0.4792149000, -0.8667024000, -0.1384286000)
(0.4716684000, -0.8700604000, -0.1432405000)
(0.4739134000, -0.8693498000, -0.1401257000)
(0.4689935000, -0.8720365000, -0.1399757000)
(0.4761772000, -0.8680655000, -0.1403660000)
(0.4484210000, -0.8826109000, -0.1410691000)
(0.4424333000, -0.8857129000, -0.1404964000)
(0.4586737000, -0.8776020000, -0.1393463000)
(0.4643855000, -0.8744529000, -0.1401641000)
(0.4876285000, -0.8619523000, -0.1387337000)
(0.4911958000, -0.8599196000, -0.1386990000)
(0.4929859000, -0.8589171000, -0.1386429000)
(0.4958937000, -0.8581187000, -0.1330620000)
(0.5008281000, -0.8550892000, -0.1340569000)
(0.4927936000, -0.8597188000, -0.1343039000)
(0.4591289000, -0.8781492000, -0.1342735000)
(0.4584476000, -0.8788117000, -0.1322952000)
(0.4483313000, -0.8832212000, -0.1374395000)
(0.4491827000, -0.8833113000, -0.1341245000)
(0.4417517000, -0.8868255000, -0.1356128000)
(0.4378095000, -0.8823280000, -0.1726449000)
(0.4735009000, -0.8753247000, -0.0978759000)
(0.4372663000, -0.8929089000, -0.1071933000)
(0.4664598000, -0.8783152000, -0.1047015000)
(0.4796365000, -0.8711508000, -0.1050684000)
(0.4854711000, -0.8682426000, -0.1022017000)
(0.4786920000, -0.8717310000, -0.1044972000)
(0.4699700000, -0.8764429000, -0.1047479000)
(0.4748561000, -0.8737723000, -0.1050145000)
(0.4734377000, -0.8742606000, -0.1073055000)
(0.4852491000, -0.8674546000, -0.1097093000)
(0.4825243000, -0.8694243000, -0.1060625000)
(0.5014365000, -0.8585140000, -0.1072029000)
(0.5012454000, -0.8580745000, -0.1116180000)
(0.2053644000, -0.9685886000, -0.1401321000)
(0.1938097000, -0.9717642000, -0.1345126000)
(0.1832369000, -0.9721684000, -0.1459591000)
(0.1887112000, -0.9729845000, -0.1329196000)
(0.2317463000, -0.9631469000, -0.1364551000)
(0.5005183000, -0.8580109000, -0.1152145000)
(0.5017899000, -0.8568344000, -0.1183774000)
(0.4971900000, -0.8594075000, -0.1191833000)
(0.5007688000, -0.8569098000, -0.1221671000)
(0.4888088000, -0.8635906000, -0.1235108000)
(0.4680140000, -0.8751328000, -0.1228688000)
(0.4639499000, -0.8769595000, -0.1252378000)
(0.4453975000, -0.8850924000, -0.1349335000)
(0.4540372000, -0.8809255000, -0.1334060000)
(0.4496987000, -0.8839867000, -0.1277897000)
(0.4743774000, -0.8718345000, -0.1218569000)
(0.4792010000, -0.8696426000, -0.1185890000)
(0.4926857000, -0.8623821000, -0.1163222000)
(0.5182125000, -0.8479314000, -0.1116498000)
(0.5203345000, -0.8463757000, -0.1134839000)
(0.5222653000, -0.8456169000, -0.1102264000)
(0.5043444000, -0.8569002000, -0.1065033000)
(0.4973322000, -0.8611079000, -0.1054905000)
(0.5102682000, -0.8532718000, -0.1074629000)
(0.5006490000, -0.8588885000, -0.1079692000)
(0.5121719000, -0.8519495000, -0.1087835000)
(0.5099329000, -0.8534324000, -0.1077562000)
(0.5225259000, -0.8456153000, -0.1089604000)
(0.5247194000, -0.8442079000, -0.1093739000)
(0.5111129000, -0.8525061000, -0.1094572000)
(0.5076689000, -0.8541573000, -0.1125339000)
(0.5079807000, -0.8539278000, -0.1129402000)
(0.4768729000, -0.8708223000, -0.1192886000)
(0.4763229000, -0.8710081000, -0.1202424000)
(0.4478821000, -0.8850980000, -0.1264181000)
(0.4497115000, -0.8839579000, -0.1278720000)
(0.5074705000, -0.8537155000, -0.1167566000)
(0.5012910000, -0.8570375000, -0.1191314000)
(0.5288811000, -0.8390380000, -0.1276596000)
(0.1481240000, -0.9441054000, -0.2944331000)
(0.1345520000, -0.9723905000, -0.1905879000)
(0.1207544000, -0.9602512000, -0.2516215000)
(0.1234411000, -0.9618705000, -0.2440097000)
(0.1054528000, -0.9662709000, -0.2349015000)
(0.4519644000, -0.8742507000, -0.1771639000)
(0.4576714000, -0.8713988000, -0.1765797000)
(0.4751552000, -0.8625490000, -0.1738612000)
(0.5065156000, -0.8457130000, -0.1679402000)
(0.5005587000, -0.8490578000, -0.1688813000)
(0.5061153000, -0.8462556000, -0.1663520000)
(0.5015271000, -0.8491058000, -0.1657916000)
(0.4977050000, -0.8508016000, -0.1685459000)
(0.4894387000, -0.8549222000, -0.1718891000)
(0.4744284000, -0.8633074000, -0.1720667000)
(0.4792587000, -0.8612652000, -0.1688330000)
(0.4666490000, -0.8678171000, -0.1706022000)
(0.4518565000, -0.8752480000, -0.1725068000)
(0.4471353000, -0.8769656000, -0.1760326000)
(0.4610578000, -0.8699646000, -0.1748859000)
(0.4378670000, -0.8814192000, -0.1771045000)
(0.4272871000, -0.8871702000, -0.1741810000)
(0.4491654000, -0.8757204000, -0.1770820000)
(0.4287271000, -0.8870152000, -0.1713884000)
(0.2359567000, -0.9535114000, -0.1873915000)
(0.1259503000, -0.9713655000, -0.2014067000)
(0.1303312000, -0.9730036000, -0.1904080000)
(0.1301270000, -0.9697930000, -0.2062527000)
(0.1499221000, -0.9649163000, -0.2155350000)
(0.2018827000, -0.9623168000, -0.1821280000)
(0.1798386000, -0.9663821000, -0.1836851000)
(0.2275113000, -0.9557365000, -0.1864738000)
(0.2202363000, -0.9577498000, -0.1849378000)
(0.5305709000, -0.8369141000, -0.1343672000)
(0.4976379000, -0.8557181000, -0.1417508000)
(0.4966566000, -0.8553888000, -0.1470591000)
(0.4473220000, -0.8801929000, -0.1585906000)
(0.4421086000, -0.8816803000, -0.1648560000)
(0.4429681000, -0.8806052000, -0.1682404000)
(0.5259107000, -0.8390858000, -0.1390164000)
(0.5273465000, -0.8381680000, -0.1391361000)
(0.5306113000, -0.8359359000, -0.1401346000)
(0.5344635000, -0.8338090000, -0.1381965000)
(0.5359436000, -0.8330852000, -0.1368326000)
(0.4784248000, -0.8656392000, -0.1474711000)
(0.5105223000, -0.8481426000, -0.1414258000)
(0.4971471000, -0.8554733000, -0.1448708000)
(0.5038556000, -0.8517368000, -0.1437221000)
(0.5153924000, -0.8453601000, -0.1404110000)
(0.5177134000, -0.8437857000, -0.1413389000)
(0.5135565000, -0.8462855000, -0.1415644000)
(0.5177721000, -0.8437424000, -0.1413661000)
(0.5030625000, -0.8521839000, -0.1438054000)
(0.4981018000, -0.8549370000, -0.1447947000)
(0.5091007000, -0.8486579000, -0.1435020000)
(0.5121399000, -0.8469554000, -0.1427442000)
(0.5037663000, -0.8516437000, -0.1446302000)
(0.4973652000, -0.8552710000, -0.1453749000)
(0.4895505000, -0.8599671000, -0.1442056000)
(0.4579665000, -0.8755840000, -0.1535879000)
(0.4585083000, -0.8753911000, -0.1531056000)
(0.5056723000, -0.8506141000, -0.1439810000)
(0.5068071000, -0.8500736000, -0.1432344000)
(0.5060283000, -0.8503169000, -0.1445343000)
(0.5135090000, -0.8461673000, -0.1424770000)
(0.5087633000, -0.8481334000, -0.1477126000)
(0.5046310000, -0.8502176000, -0.1498919000)
(0.5059727000, -0.8497877000, -0.1478218000)
(0.5046288000, -0.8500732000, -0.1506703000)
(0.5031857000, -0.8511909000, -0.1492492000)
(0.5023957000, -0.8517600000, -0.1486387000)
(0.5043740000, -0.8506729000, -0.1481421000)
(0.4800546000, -0.8631084000, -0.1567426000)
(0.4827235000, -0.8622468000, -0.1532890000)
(0.4874008000, -0.8597738000, -0.1523458000)
(0.5182721000, -0.8424491000, -0.1471576000)
(0.5205336000, -0.8416446000, -0.1437269000)
(0.5120001000, -0.8475137000, -0.1398366000)
(0.5160030000, -0.8453589000, -0.1381754000)
(0.5006682000, -0.8525717000, -0.1497989000)
(0.4994382000, -0.8535443000, -0.1483385000)
(0.4890652000, -0.8603437000, -0.1435922000)
(0.4787056000, -0.8651191000, -0.1496885000)
(0.4613440000, -0.8742704000, -0.1510240000)
(0.4873058000, -0.8604366000, -0.1488895000)
(0.4719260000, -0.8687486000, -0.1501136000)
(0.4774999000, -0.8657439000, -0.1498401000)
(0.4846066000, -0.8619014000, -0.1491820000)
(0.4592395000, -0.8744408000, -0.1562851000)
(0.4573552000, -0.8759228000, -0.1535628000)
(0.4271914000, -0.8898342000, -0.1603094000)
(0.4350149000, -0.8858149000, -0.1614967000)
(0.2126929000, -0.9580983000, -0.1918229000)
(0.1310660000, -0.9714301000, -0.1977488000)
(0.1338744000, -0.9760237000, -0.1715706000)
(0.1320350000, -0.9761325000, -0.1723555000)
(0.1342138000, -0.9760801000, -0.1709915000)
(0.4359889000, -0.8867703000, -0.1534358000)
(0.3998436000, -0.9029738000, -0.1573536000)
(0.4419971000, -0.8843693000, -0.1500209000)
(0.4760748000, -0.8669901000, -0.1471485000)
(0.4775197000, -0.8660727000, -0.1479454000)
(0.4668393000, -0.8714036000, -0.1506957000)
(0.4712577000, -0.8691114000, -0.1501858000)
(0.4695439000, -0.8694830000, -0.1533236000)
(0.4655434000, -0.8714797000, -0.1541964000)
(0.4433369000, -0.8823445000, -0.1577829000)
(0.4444872000, -0.8818600000, -0.1572630000)
(0.4449816000, -0.8814787000, -0.1580210000)
(0.4307155000, -0.8881245000, -0.1603044000)
(0.4346046000, -0.8852167000, -0.1658154000)
(0.4299212000, -0.8873829000, -0.1664817000)
(0.4487247000, -0.8791229000, -0.1605708000)
(0.1872639000, -0.9650133000, -0.1834932000)
(0.1485690000, -0.9711201000, -0.1866321000)
(0.1737173000, -0.9649872000, -0.1964589000)
(0.4995044000, -0.8512506000, -0.1607710000)
(0.5229482000, -0.8381257000, -0.1550708000)
(0.5315271000, -0.8324557000, -0.1564835000)
(0.5122221000, -0.8440444000, -0.1587108000)
(0.5182479000, -0.8405642000, -0.1576476000)
(0.5065588000, -0.8472452000, -0.1599040000)
(0.1477188000, -0.9680867000, -0.2023749000)
(0.1252495000, -0.9737841000, -0.1898240000)
(0.1439888000, -0.9742950000, -0.1732323000)
(0.1734869000, -0.9680923000, -0.1807641000)
(0.4136172000, -0.8953732000, -0.1650001000)
(0.4486214000, -0.8786811000, -0.1632206000)
(0.4564595000, -0.8744204000, -0.1643526000)
(0.2086881000, -0.9591151000, -0.1911240000)
(0.2075751000, -0.9593289000, -0.1912723000)
(0.4786645000, -0.8621650000, -0.1659302000)
(0.4645500000, -0.8686346000, -0.1721931000)
(0.4689028000, -0.8652617000, -0.1772759000)
(0.4720128000, -0.8650761000, -0.1698147000)
(0.5043769000, -0.8473337000, -0.1661929000)
(0.4998901000, -0.8506973000, -0.1624944000)
(0.4795964000, -0.8614066000, -0.1672203000)
(0.4788443000, -0.8613799000, -0.1694312000)
(0.4734566000, -0.8651923000, -0.1651145000)
(0.4626713000, -0.8715510000, -0.1621828000)
(0.4655768000, -0.8704522000, -0.1598017000)
(0.4450309000, -0.8802106000, -0.1648228000)
(0.4561990000, -0.8739284000, -0.1676393000)
(0.4574187000, -0.8745319000, -0.1610406000)
(0.4698734000, -0.8683665000, -0.1585390000)
(0.4541179000, -0.8759645000, -0.1626437000)
(0.4701980000, -0.8681377000, -0.1588101000)
(0.4366755000, -0.8835809000, -0.1690187000)
(0.4315597000, -0.8857728000, -0.1706971000)
(0.4489647000, -0.8784569000, -0.1634807000)
(0.4452609000, -0.8800171000, -0.1651754000)
(0.4742934000, -0.8658538000, -0.1591558000)
(0.4417626000, -0.8798867000, -0.1749749000)
(0.4652462000, -0.8695682000, -0.1654789000)
(0.4804250000, -0.8620170000, -0.1615311000)
(0.4875498000, -0.8581589000, -0.1607716000)
(0.4866204000, -0.8585998000, -0.1612228000)
(0.4876452000, -0.8585516000, -0.1583976000)
(0.4723395000, -0.8666262000, -0.1607608000)
(0.4416761000, -0.8817295000, -0.1656959000)
(0.4680789000, -0.8693120000, -0.1586707000)
(0.4381919000, -0.8832958000, -0.1666044000)
(0.4192074000, -0.8908735000, -0.1748791000)
(0.4244288000, -0.8897192000, -0.1680542000)
(0.4678078000, -0.8685532000, -0.1635521000)
(0.4601218000, -0.8721250000, -0.1663393000)
(0.4298407000, -0.8852978000, -0.1774146000)
(0.4930179000, -0.8556052000, -0.1576205000)
(0.4901659000, -0.8571690000, -0.1580219000)
(0.4768343000, -0.8638455000, -0.1624731000)
(0.4762610000, -0.8640788000, -0.1628657000)
(0.4980481000, -0.8525991000, -0.1581109000)
(0.4760643000, -0.8633937000, -0.1670076000)
(0.4589336000, -0.8731161000, -0.1644467000)
(0.4708261000, -0.8670687000, -0.1627902000)
(0.4704377000, -0.8667335000, -0.1656317000)
(0.4804953000, -0.8632224000, -0.1547531000)
(0.5048202000, -0.8495058000, -0.1532110000)
(0.4942441000, -0.8554927000, -0.1543597000)
(0.5052416000, -0.8489863000, -0.1547628000)
(0.4963870000, -0.8536382000, -0.1577920000)
(0.4948778000, -0.8543928000, -0.1584225000)
(0.4910346000, -0.8558456000, -0.1624707000)
(0.4746179000, -0.8641180000, -0.1674189000)
(0.4732246000, -0.8640329000, -0.1717312000)
(0.4667622000, -0.8674620000, -0.1721477000)
(0.4532513000, -0.8739933000, -0.1752055000)
(0.4683501000, -0.8665441000, -0.1724251000)
(0.4598226000, -0.8701621000, -0.1771418000)
(0.4510384000, -0.8743653000, -0.1789639000)
(0.4989659000, -0.8511998000, -0.1627592000)
(0.5115904000, -0.8448625000, -0.1564328000)
(0.1826921000, -0.9621117000, -0.2023212000)
(0.1817161000, -0.9620299000, -0.2035831000)
(0.2004177000, -0.9558135000, -0.2150306000)
(0.5074840000, -0.8476495000, -0.1547138000)
(0.4633405000, -0.8702418000, -0.1673031000)
(0.4762287000, -0.8643181000, -0.1616611000)
(0.4683536000, -0.8677446000, -0.1663236000)
(0.5110268000, -0.8463885000, -0.1499024000)
(0.5185439000, -0.8415518000, -0.1513354000)
(0.5182981000, -0.8416789000, -0.1513819000)
(0.5283154000, -0.8359229000, -0.1486296000)
(0.5115876000, -0.8459187000, -0.1505971000)
(0.5249486000, -0.8380596000, -0.1485677000)
(0.5241199000, -0.8385735000, -0.1486031000)
(0.4898683000, -0.8581071000, -0.1537949000)
(0.4584922000, -0.8733246000, -0.1645402000)
(0.4678009000, -0.8675143000, -0.1690358000)
(0.4670521000, -0.8684876000, -0.1660926000)
(0.4534189000, -0.8743207000, -0.1730394000)
(0.4509028000, -0.8764234000, -0.1689452000)
(0.4848639000, -0.8599128000, -0.1595025000)
(0.4719321000, -0.8665237000, -0.1624806000)
(0.4756914000, -0.8646807000, -0.1612893000)
(0.4765236000, -0.8643999000, -0.1604123000)
(0.4752696000, -0.8651971000, -0.1598075000)
(0.4927576000, -0.8569046000, -0.1513366000)
(0.4659273000, -0.8710161000, -0.1556382000)
(0.4940565000, -0.8567636000, -0.1478644000)
(0.5043734000, -0.8511127000, -0.1455579000)
(0.5056874000, -0.8505391000, -0.1443693000)
(0.5167497000, -0.8442619000, -0.1420500000)
(0.5174438000, -0.8439155000, -0.1415933000)
(0.5206319000, -0.8418978000, -0.1418836000)
(0.5134010000, -0.8460549000, -0.1434680000)
(0.5021225000, -0.8523230000, -0.1462680000)
(0.4555172000, -0.8770220000, -0.1527347000)
(0.4907334000, -0.8588340000, -0.1469055000)
(0.4843024000, -0.8619314000, -0.1499950000)
(0.4729738000, -0.8669155000, -0.1573165000)
(0.4724093000, -0.8671162000, -0.1579002000)
(0.4737470000, -0.8666016000, -0.1567056000)
(0.4770328000, -0.8656549000, -0.1518978000)
(0.4494561000, -0.8794577000, -0.1566498000)
(0.4579185000, -0.8753998000, -0.1548439000)
(0.4727879000, -0.8679720000, -0.1519092000)
(0.4925211000, -0.8573252000, -0.1496544000)
(0.4910180000, -0.8582251000, -0.1494624000)
(0.4783523000, -0.8646385000, -0.1534750000)
(0.4572138000, -0.8749916000, -0.1591941000)
(0.4713760000, -0.8680655000, -0.1557578000)
(0.4756379000, -0.8656687000, -0.1561071000)
(0.4824008000, -0.8625515000, -0.1526026000)
(0.5066257000, -0.8496355000, -0.1464039000)
(0.5097054000, -0.8480431000, -0.1448966000)
(0.5146638000, -0.8453010000, -0.1434757000)
(0.5164469000, -0.8439346000, -0.1450830000)
(0.5208347000, -0.8414385000, -0.1438358000)
(0.5203625000, -0.8415504000, -0.1449252000)
(0.5114341000, -0.8466671000, -0.1468612000)
(0.5154444000, -0.8448057000, -0.1434923000)
(0.5227219000, -0.8407521000, -0.1410003000)
(0.5234804000, -0.8404457000, -0.1400131000)
(0.5181511000, -0.8434761000, -0.1416351000)
(0.5174215000, -0.8444900000, -0.1382128000)
(0.5047010000, -0.8520118000, -0.1390335000)
(0.5143860000, -0.8464685000, -0.1373857000)
(0.4836268000, -0.8637167000, -0.1417293000)
(0.4959225000, -0.8568560000, -0.1409055000)
(0.5115377000, -0.8479729000, -0.1387122000)
(0.5267099000, -0.8387159000, -0.1382664000)
(0.5312905000, -0.8358815000, -0.1378775000)
(0.5328451000, -0.8347359000, -0.1387907000)
(0.5326904000, -0.8349449000, -0.1381705000)
(0.5290235000, -0.8374094000, -0.1374013000)
(0.5311198000, -0.8360840000, -0.1373832000)
(0.5187219000, -0.8437863000, -0.1376098000)
(0.5231091000, -0.8411354000, -0.1371994000)
(0.5094017000, -0.8491677000, -0.1393588000)
(0.5026947000, -0.8526285000, -0.1425462000)
(0.4924883000, -0.8585622000, -0.1424811000)
(0.4934120000, -0.8580037000, -0.1426622000)
(0.4902994000, -0.8590377000, -0.1471311000)
(0.4847390000, -0.8621041000, -0.1476157000)
(0.4884753000, -0.8598863000, -0.1482000000)
(0.5197479000, -0.8423905000, -0.1422116000)
(0.4926926000, -0.8573820000, -0.1488201000)
(0.5222618000, -0.8406100000, -0.1435031000)
(0.5265681000, -0.8380058000, -0.1430116000)
(0.5263765000, -0.8379989000, -0.1437659000)
(0.5300577000, -0.8355259000, -0.1446573000)
(0.5369420000, -0.8325864000, -0.1359279000)
(0.5305064000, -0.8346822000, -0.1478306000)
(0.5275421000, -0.8374358000, -0.1427870000)
(0.5413394000, -0.8285311000, -0.1431120000)
(0.5410333000, -0.8290753000, -0.1410580000)
(0.5395795000, -0.8299791000, -0.1413755000)
(0.5379956000, -0.8307524000, -0.1428575000)
(0.5388981000, -0.8300067000, -0.1436961000)
(0.5314300000, -0.8342031000, -0.1472134000)
(0.5351190000, -0.8321471000, -0.1454816000)
(0.5364146000, -0.8312678000, -0.1457176000)
(0.5339320000, -0.8330178000, -0.1449013000)
(0.5377942000, -0.8307045000, -0.1438440000)
(0.5407886000, -0.8288441000, -0.1433640000)
(0.5413620000, -0.8286347000, -0.1423686000)
(0.5409236000, -0.8290646000, -0.1415519000)
(0.5400231000, -0.8294592000, -0.1426490000)
(0.5343177000, -0.8328366000, -0.1444636000)
(0.5367507000, -0.8315364000, -0.1428946000)
(0.5355602000, -0.8322256000, -0.1433930000)
(0.5341079000, -0.8333244000, -0.1423789000)
(0.5418903000, -0.8283914000, -0.1418128000)
(0.5442237000, -0.8267252000, -0.1426295000)
(0.5439315000, -0.8267393000, -0.1436186000)
(0.5460937000, -0.8257012000, -0.1413635000)
(0.5484062000, -0.8243904000, -0.1400461000)
(0.5458775000, -0.8262131000, -0.1391478000)
(0.5454830000, -0.8264450000, -0.1394127000)
(0.5431929000, -0.8278142000, -0.1401747000)
(0.5419183000, -0.8285240000, -0.1409324000)
(0.5398185000, -0.8296170000, -0.1425070000)
(0.5399939000, -0.8280739000, -0.1505998000)
(0.5355055000, -0.8312723000, -0.1490173000)
(0.5276242000, -0.8368124000, -0.1461017000)
(0.5364117000, -0.8312041000, -0.1460871000)
(0.5360134000, -0.8312155000, -0.1475439000)
(0.5381747000, -0.8302493000, -0.1450014000)
(0.5421640000, -0.8279866000, -0.1431586000)
(0.5427049000, -0.8276553000, -0.1430181000)
(0.5432152000, -0.8273540000, -0.1428341000)
(0.5201613000, -0.8425093000, -0.1400109000)
(0.5265077000, -0.8388709000, -0.1381398000)
(0.5282875000, -0.8367569000, -0.1439997000)
(0.5284039000, -0.8364750000, -0.1452146000)
(0.5174176000, -0.8436557000, -0.1432411000)
(0.5169108000, -0.8437656000, -0.1443575000)
(0.5188962000, -0.8426287000, -0.1438723000)
(0.5168939000, -0.8437837000, -0.1443118000)
(0.5213497000, -0.8410130000, -0.1444888000)
(0.5229484000, -0.8400177000, -0.1444640000)
(0.5153557000, -0.8445596000, -0.1453010000)
(0.4924530000, -0.8572701000, -0.1502315000)
(0.5028467000, -0.8510411000, -0.1511837000)
(0.5063554000, -0.8489650000, -0.1511796000)
(0.5004886000, -0.8522165000, -0.1523715000)
(0.5241922000, -0.8389683000, -0.1460835000)
(0.5240589000, -0.8390987000, -0.1458501000)
(0.5233646000, -0.8393773000, -0.1466718000)
(0.5253472000, -0.8379315000, -0.1478565000)
(0.5284725000, -0.8361975000, -0.1465640000)
(0.5040123000, -0.8507203000, -0.1491067000)
(0.5033616000, -0.8513606000, -0.1476441000)
(0.4902580000, -0.8586808000, -0.1493711000)
(0.4679031000, -0.8710425000, -0.1494806000)
(0.4809044000, -0.8644243000, -0.1465739000)
(0.4781823000, -0.8661000000, -0.1455884000)
(0.5049285000, -0.8511182000, -0.1436517000)
(0.5057085000, -0.8507445000, -0.1431396000)
(0.5262719000, -0.8387586000, -0.1396162000)
(0.5287786000, -0.8379014000, -0.1352323000)
(0.5282759000, -0.8377749000, -0.1380370000)
(0.5289425000, -0.8375003000, -0.1370990000)
(0.5212902000, -0.8421791000, -0.1377152000)
(0.5068427000, -0.8504239000, -0.1409393000)
(0.5064247000, -0.8505844000, -0.1414927000)
(0.5023527000, -0.8530626000, -0.1411290000)
(0.4900543000, -0.8598180000, -0.1433416000)
(0.4620518000, -0.8749060000, -0.1449865000)
(0.5004982000, -0.8544072000, -0.1395729000)
(0.4793562000, -0.8657318000, -0.1438851000)
(0.5310362000, -0.8363443000, -0.1360734000)
(0.5313350000, -0.8359771000, -0.1371254000)
(0.5359700000, -0.8332002000, -0.1359691000)
(0.5348890000, -0.8337665000, -0.1368259000)
(0.5342909000, -0.8341489000, -0.1368201000)
(0.5044699000, -0.8519691000, -0.1401774000)
(0.5061772000, -0.8510030000, -0.1398145000)
(0.4601615000, -0.8757659000, -0.1458268000)
(0.4573932000, -0.8776208000, -0.1433849000)
(0.4322076000, -0.8894789000, -0.1483076000)
(0.4422668000, -0.8844786000, -0.1486352000)
(0.4779355000, -0.8661780000, -0.1459770000)
(0.4820473000, -0.8638642000, -0.1461605000)
(0.5115271000, -0.8476764000, -0.1405675000)
(0.5253752000, -0.8394788000, -0.1387018000)
(0.5280904000, -0.8379083000, -0.1378965000)
(0.5268394000, -0.8384999000, -0.1390767000)
(0.5270358000, -0.8384471000, -0.1386245000)
(0.5272732000, -0.8380669000, -0.1400521000)
(0.5262499000, -0.8384769000, -0.1413741000)
(0.5212007000, -0.8416226000, -0.1414721000)
(0.5131736000, -0.8461407000, -0.1438151000)
(0.5293400000, -0.8365468000, -0.1413513000)
(0.5309711000, -0.8355951000, -0.1408621000)
(0.5335576000, -0.8340719000, -0.1401413000)
(0.5347325000, -0.8333894000, -0.1396713000)
(0.5350534000, -0.8333801000, -0.1384497000)
(0.5351202000, -0.8334503000, -0.1378537000)
(0.5200546000, -0.8430467000, -0.1371482000)
(0.5076716000, -0.8503840000, -0.1381793000)
(0.5238000000, -0.8407319000, -0.1371001000)
(0.5176998000, -0.8442504000, -0.1386062000)
(0.5285613000, -0.8377624000, -0.1370002000)
(0.5273605000, -0.8384531000, -0.1373264000)
(0.5279665000, -0.8379664000, -0.1379974000)
(0.5296201000, -0.8368595000, -0.1383654000)
(0.5326082000, -0.8354301000, -0.1355143000)
(0.5271340000, -0.8387289000, -0.1365219000)
(0.5322413000, -0.8354986000, -0.1365904000)
(0.5326971000, -0.8354251000, -0.1351778000)
(0.5318055000, -0.8361006000, -0.1345620000)
(0.5298765000, -0.8370157000, -0.1365086000)
(0.5319592000, -0.8357729000, -0.1359537000)
(0.5330200000, -0.8349601000, -0.1367566000)
(0.5308115000, -0.8362975000, -0.1371839000)
(0.5304829000, -0.8363026000, -0.1384655000)
(0.5285752000, -0.8375578000, -0.1382098000)
(0.5239006000, -0.8401939000, -0.1399775000)
(0.5100993000, -0.8484466000, -0.1411940000)
(0.5085206000, -0.8496848000, -0.1394203000)
(0.5115247000, -0.8470080000, -0.1445837000)
(0.5126083000, -0.8462015000, -0.1454628000)
(0.5170501000, -0.8436504000, -0.1445311000)
(0.5296618000, -0.8371891000, -0.1362800000)
(0.5333665000, -0.8345820000, -0.1377731000)
(0.5260240000, -0.8394195000, -0.1366518000)
(0.5311438000, -0.8361232000, -0.1370186000)
(0.5305224000, -0.8364887000, -0.1372195000)
(0.5249711000, -0.8399312000, -0.1375102000)
(0.5256240000, -0.8395618000, -0.1373105000)
(0.5262398000, -0.8392088000, -0.1370212000)
(0.5265365000, -0.8391477000, -0.1362664000)
(0.5194553000, -0.8435283000, -0.1363896000)
(0.5057628000, -0.8517439000, -0.1368374000)
(0.4891169000, -0.8604308000, -0.1428798000)
(0.5007454000, -0.8542302000, -0.1397048000)
(0.5110486000, -0.8483632000, -0.1381707000)
(0.5163829000, -0.8452082000, -0.1376616000)
(0.5159473000, -0.8450695000, -0.1401387000)
(0.5208229000, -0.8423161000, -0.1386357000)
(0.5176994000, -0.8442173000, -0.1388337000)
(0.5222504000, -0.8416550000, -0.1372885000)
(0.5269529000, -0.8386198000, -0.1378771000)
(0.5286620000, -0.8376425000, -0.1372880000)
(0.5335397000, -0.8349015000, -0.1351151000)
(0.5315928000, -0.8359980000, -0.1360670000)
(0.5315325000, -0.8359925000, -0.1362827000)
(0.5298988000, -0.8369077000, -0.1370498000)
(0.5245830000, -0.8398324000, -0.1396128000)
(0.5213177000, -0.8414472000, -0.1420630000)
(0.5221465000, -0.8409791000, -0.1418095000)
(0.5350778000, -0.8339478000, -0.1348813000)
(0.5236475000, -0.8410445000, -0.1357777000)
(0.5323173000, -0.8360065000, -0.1331102000)
(0.5390183000, -0.8314233000, -0.1348204000)
(0.5355898000, -0.8335719000, -0.1351776000)
(0.5247203000, -0.8394427000, -0.1413956000)
(0.5269036000, -0.8386101000, -0.1381884000)
(0.5449102000, -0.8278322000, -0.1332858000)
(0.5328858000, -0.8349307000, -0.1375189000)
(0.5384828000, -0.8314522000, -0.1367339000)
(0.5332318000, -0.8344358000, -0.1391065000)
(0.5330539000, -0.8344474000, -0.1397358000)
(0.5311655000, -0.8363432000, -0.1355522000)
(0.5339345000, -0.8349639000, -0.1331704000)
(0.5316681000, -0.8361279000, -0.1349285000)
(0.5354354000, -0.8336158000, -0.1355536000)
(0.5351524000, -0.8338799000, -0.1350824000)
(0.5346028000, -0.8341436000, -0.1355861000)
(0.5350913000, -0.8338940000, -0.1352197000)
(0.5316225000, -0.8359432000, -0.1362648000)
(0.5319238000, -0.8360125000, -0.1345870000)
(0.5302506000, -0.8369491000, -0.1354588000)
(0.5291731000, -0.8375285000, -0.1360817000)
(0.5254622000, -0.8396366000, -0.1374165000)
(0.4933174000, -0.8570144000, -0.1487842000)
(0.5042371000, -0.8513400000, -0.1447458000)
(0.5070883000, -0.8499638000, -0.1428639000)
(0.5247680000, -0.8399383000, -0.1382257000)
(0.5419219000, -0.8294165000, -0.1355883000)
(0.5394171000, -0.8312046000, -0.1346196000)
(0.5389867000, -0.8313307000, -0.1354963000)
(0.5428140000, -0.8283881000, -0.1382854000)
(0.5455858000, -0.8264778000, -0.1387535000)
(0.5434604000, -0.8277043000, -0.1397466000)
(0.5452312000, -0.8270727000, -0.1365845000)
(0.5448930000, -0.8270790000, -0.1378601000)
(0.5475805000, -0.8258877000, -0.1343996000)
(0.5391495000, -0.8307199000, -0.1385960000)
(0.5482063000, -0.8257444000, -0.1326855000)
(0.5467488000, -0.8263943000, -0.1345691000)
(0.5454580000, -0.8270627000, -0.1357706000)
(0.5444824000, -0.8276495000, -0.1360933000)
(0.5446779000, -0.8274851000, -0.1363142000)
(0.5459612000, -0.8267261000, -0.1357666000)
(0.5419065000, -0.8291982000, -0.1369662000)
(0.5331231000, -0.8345449000, -0.1389701000)
(0.5391272000, -0.8306664000, -0.1390230000)
(0.5392330000, -0.8303229000, -0.1406675000)
(0.2132576000, -0.9541467000, -0.2100040000)
(0.1166177000, -0.9674188000, -0.2247049000)
(0.1109224000, -0.9707362000, -0.2129092000)
(0.0948649600, -0.9760966000, -0.1954993000)
(0.1053141000, -0.9745979000, -0.1975815000)
(0.1851975000, -0.9653330000, -0.1838734000)
(0.1852010000, -0.9654358000, -0.1833656000)
(0.2178307000, -0.9568523000, -0.1922406000)
(0.5467401000, -0.8283626000, -0.1219554000)
(0.5534884000, -0.8241505000, -0.1200169000)
(0.5556436000, -0.8225867000, -0.1207756000)
(0.5548618000, -0.8230599000, -0.1211839000)
(0.5554597000, -0.8228658000, -0.1198049000)
(0.5583169000, -0.8209989000, -0.1192991000)
(0.5582199000, -0.8210570000, -0.1192727000)
(0.5539914000, -0.8238782000, -0.1195511000)
(0.5557227000, -0.8227720000, -0.1191778000)
(0.5562281000, -0.8223396000, -0.1198447000)
(0.5607934000, -0.8192012000, -0.1199852000)
(0.5520676000, -0.8239369000, -0.1278179000)
(0.5428714000, -0.8291701000, -0.1331989000)
(0.5302421000, -0.8377038000, -0.1307407000)
(0.5389566000, -0.8317745000, -0.1328492000)
(0.5363889000, -0.8328550000, -0.1365194000)
(0.5414476000, -0.8293163000, -0.1380479000)
(0.5455209000, -0.8269468000, -0.1362052000)
(0.5458218000, -0.8269410000, -0.1350151000)
(0.5434445000, -0.8283368000, -0.1360849000)
(0.5452058000, -0.8270932000, -0.1365523000)
(0.5457703000, -0.8266249000, -0.1371946000)
(0.5444422000, -0.8276262000, -0.1363878000)
(0.5429645000, -0.8286084000, -0.1362640000)
(0.5385388000, -0.8316950000, -0.1350758000)
(0.5373409000, -0.8324246000, -0.1353379000)
(0.5398017000, -0.8308569000, -0.1351882000)
(0.5375851000, -0.8320853000, -0.1364212000)
(0.5393651000, -0.8311067000, -0.1354294000)
(0.5391390000, -0.8314672000, -0.1340297000)
(0.5333698000, -0.8350884000, -0.1346932000)
(0.5340620000, -0.8346332000, -0.1347196000)
(0.5321194000, -0.8355646000, -0.1366115000)
(0.5307600000, -0.8360596000, -0.1388079000)
(0.5342624000, -0.8340987000, -0.1371885000)
(0.5159783000, -0.8448898000, -0.1410891000)
(0.5146289000, -0.8456581000, -0.1413858000)
(0.5111842000, -0.8464915000, -0.1487874000)
(0.5292829000, -0.8366232000, -0.1411319000)
(0.5357078000, -0.8328941000, -0.1388600000)
(0.5373325000, -0.8319452000, -0.1383224000)
(0.5393658000, -0.8309075000, -0.1366085000)
(0.5374851000, -0.8324609000, -0.1345756000)
(0.5375323000, -0.8324435000, -0.1344170000)
(0.5365247000, -0.8331112000, -0.1343323000)
(0.5382069000, -0.8318638000, -0.1353319000)
(0.5346112000, -0.8337953000, -0.1376545000)
(0.5384492000, -0.8312613000, -0.1380475000)
(0.5470461000, -0.8256387000, -0.1380053000)
(0.5462041000, -0.8260161000, -0.1390385000)
(0.5459622000, -0.8262900000, -0.1383878000)
(0.5446571000, -0.8267303000, -0.1408610000)
(0.5467277000, -0.8255375000, -0.1398268000)
(0.5438132000, -0.8274686000, -0.1397800000)
(0.5417461000, -0.8289586000, -0.1390232000)
(0.5381644000, -0.8310711000, -0.1402870000)
(0.5381835000, -0.8311377000, -0.1398781000)
(0.5252056000, -0.8390243000, -0.1420151000)
(0.5359004000, -0.8325954000, -0.1399173000)
(0.5093161000, -0.8482535000, -0.1451000000)
(0.5090604000, -0.8480707000, -0.1470103000)
(0.5047113000, -0.8506761000, -0.1469656000)
(0.4976373000, -0.8544229000, -0.1493643000)
(0.4952633000, -0.8558959000, -0.1487509000)
(0.4830007000, -0.8620498000, -0.1535248000)
(0.4846687000, -0.8619236000, -0.1488716000)
(0.4871557000, -0.8606937000, -0.1478946000)
(0.4788588000, -0.8639036000, -0.1560751000)
(0.5097615000, -0.8474176000, -0.1483347000)
(0.5166704000, -0.8435177000, -0.1466472000)
(0.5151211000, -0.8452514000, -0.1421139000)
(0.5356386000, -0.8331977000, -0.1372799000)
(0.5353117000, -0.8334162000, -0.1373035000)
(0.5341927000, -0.8340735000, -0.1376358000)
(0.5347343000, -0.8340072000, -0.1359068000)
(0.5338692000, -0.8346236000, -0.1354971000)
(0.5334225000, -0.8350179000, -0.1349030000)
(0.5366606000, -0.8327986000, -0.1357126000)
(0.5421128000, -0.8290933000, -0.1367682000)
(0.5420297000, -0.8286715000, -0.1396633000)
(0.5414127000, -0.8292145000, -0.1387463000)
(0.5436856000, -0.8279618000, -0.1373204000)
(0.5449271000, -0.8271743000, -0.1371768000)
(0.5388700000, -0.8309942000, -0.1380311000)
(0.5437398000, -0.8277927000, -0.1381403000)
(0.5416822000, -0.8290420000, -0.1387344000)
(0.5356389000, -0.8330159000, -0.1384527000)
(0.5376003000, -0.8319064000, -0.1375289000)
(0.5347603000, -0.8337561000, -0.1373047000)
(0.5322855000, -0.8357055000, -0.1350991000)
(0.5301942000, -0.8369974000, -0.1353094000)
(0.5319440000, -0.8360681000, -0.1342274000)
(0.5284279000, -0.8382463000, -0.1344588000)
(0.5292021000, -0.8378503000, -0.1338895000)
(0.5319100000, -0.8361077000, -0.1341000000)
(0.5361118000, -0.8334342000, -0.1339928000)
(0.5323510000, -0.8353856000, -0.1367815000)
(0.5370519000, -0.8327485000, -0.1344889000)
(0.5348275000, -0.8343607000, -0.1333230000)
(0.5350743000, -0.8341373000, -0.1337437000)
(0.5275784000, -0.8385947000, -0.1357212000)
(0.5320743000, -0.8358940000, -0.1348248000)
(0.5341998000, -0.8344944000, -0.1350700000)
(0.5403316000, -0.8306671000, -0.1341916000)
(0.5357056000, -0.8334588000, -0.1354152000)
(0.5293193000, -0.8376175000, -0.1349202000)
(0.5337556000, -0.8347304000, -0.1352893000)
(0.5287215000, -0.8379779000, -0.1349960000)
(0.5192151000, -0.8439095000, -0.1349370000)
(0.5286090000, -0.8380868000, -0.1348131000)
(0.5248372000, -0.8403629000, -0.1353481000)
(0.5256946000, -0.8409374000, -0.1282826000)
(0.5148291000, -0.8471277000, -0.1315722000)
(0.5170459000, -0.8458844000, -0.1308675000)
(0.5179008000, -0.8454966000, -0.1299975000)
(0.5155805000, -0.8471074000, -0.1286879000)
(0.5013101000, -0.8549311000, -0.1332525000)
(0.5097133000, -0.8501385000, -0.1320990000)
(0.5065809000, -0.8519633000, -0.1323398000)
(0.5107342000, -0.8496538000, -0.1312855000)
(0.5165659000, -0.8460134000, -0.1319775000)
(0.5293022000, -0.8386151000, -0.1286173000)
(0.5294703000, -0.8387782000, -0.1268949000)
(0.5280412000, -0.8395671000, -0.1276483000)
(0.5347711000, -0.8355868000, -0.1257161000)
(0.5400599000, -0.8318864000, -0.1276564000)
(0.5377135000, -0.8332034000, -0.1288725000)
(0.5383608000, -0.8328327000, -0.1285902000)
(0.5377201000, -0.8332821000, -0.1283419000)
(0.5380923000, -0.8330860000, -0.1281544000)
(0.0989690000, -0.9822775000, -0.1591304000)
(0.1247961000, -0.9735805000, -0.1912068000)
(0.1664253000, -0.9675893000, -0.1898715000)
(0.1347755000, -0.9751211000, -0.1759395000)
(0.1665805000, -0.9677791000, -0.1887797000)
(0.1740668000, -0.9692876000, -0.1736923000)
(0.4152547000, -0.8963795000, -0.1550399000)
(0.1784201000, -0.9697876000, -0.1663348000)
(0.1679422000, -0.9716713000, -0.1662280000)
(0.1661024000, -0.9710716000, -0.1715425000)
(0.1753680000, -0.9702184000, -0.1670095000)
(0.4963016000, -0.8570624000, -0.1382801000)
(0.5023941000, -0.8539515000, -0.1354805000)
(0.5095860000, -0.8500590000, -0.1330250000)
(0.5150470000, -0.8463503000, -0.1356757000)
(0.5115778000, -0.8481043000, -0.1378085000)
(0.5147846000, -0.8461310000, -0.1380237000)
(0.5048298000, -0.8521360000, -0.1377960000)
(0.5169619000, -0.8447785000, -0.1381940000)
(0.5199917000, -0.8429383000, -0.1380670000)
(0.5258096000, -0.8392463000, -0.1385167000)
(0.5250440000, -0.8397559000, -0.1382595000)
(0.5165585000, -0.8449722000, -0.1385214000)
(0.5171305000, -0.8443702000, -0.1399876000)
(0.5175046000, -0.8440030000, -0.1408097000)
(0.5133062000, -0.8468593000, -0.1390015000)
(0.4963262000, -0.8545443000, -0.1529424000)
(0.5160007000, -0.8434365000, -0.1494723000)
(0.5165154000, -0.8433391000, -0.1482015000)
(0.5141762000, -0.8442394000, -0.1511903000)
(0.5098202000, -0.8467882000, -0.1517615000)
(0.5098212000, -0.8470357000, -0.1503408000)
(0.4888847000, -0.8584058000, -0.1552454000)
(0.4841466000, -0.8609723000, -0.1558847000)
(0.3991519000, -0.8990619000, -0.1798178000)
(0.3922640000, -0.9020497000, -0.1800205000)
(0.3998530000, -0.8994499000, -0.1763047000)
(0.5174741000, -0.8438128000, -0.1420386000)
(0.5214764000, -0.8414105000, -0.1416388000)
(0.5264398000, -0.8384250000, -0.1410027000)
(0.5288979000, -0.8372580000, -0.1387308000)
(0.5291290000, -0.8369133000, -0.1398955000)
(0.5210292000, -0.8415517000, -0.1424973000)
(0.5185126000, -0.8430758000, -0.1426924000)
(0.5206029000, -0.8419151000, -0.1418917000)
(0.5207587000, -0.8418589000, -0.1416717000)
(0.5303534000, -0.8361457000, -0.1399126000)
(0.5328275000, -0.8343019000, -0.1414703000)
(0.5297564000, -0.8365483000, -0.1397612000)
(0.5337617000, -0.8341331000, -0.1388942000)
(0.5300310000, -0.8361840000, -0.1408741000)
(0.5246146000, -0.8394378000, -0.1418010000)
(0.5345607000, -0.8335774000, -0.1391613000)
(0.5370566000, -0.8314415000, -0.1423228000)
(0.5401497000, -0.8294480000, -0.1422150000)
(0.5400838000, -0.8294606000, -0.1424826000)
(0.5354534000, -0.8342658000, -0.1313964000)
(0.5293303000, -0.8396043000, -0.1218606000)
(0.5086801000, -0.8520550000, -0.1234427000)
(0.5039334000, -0.8549770000, -0.1226674000)
(0.4904318000, -0.8617266000, -0.1299342000)
(0.4932092000, -0.8599739000, -0.1310780000)
(0.5045332000, -0.8538976000, -0.1276197000)
(0.5118252000, -0.8504080000, -0.1217848000)
(0.5166211000, -0.8475202000, -0.1215894000)
(0.5186639000, -0.8463753000, -0.1208611000)
(0.5207395000, -0.8451017000, -0.1209404000)
(0.5237789000, -0.8434352000, -0.1193509000)
(0.5261692000, -0.8418123000, -0.1203327000)
(0.5292433000, -0.8401570000, -0.1184453000)
(0.5265515000, -0.8415056000, -0.1208551000)
(0.5307850000, -0.8390943000, -0.1190123000)
(0.5321084000, -0.8380845000, -0.1202689000)
(0.5322626000, -0.8379632000, -0.1204217000)
(0.5225127000, -0.8444517000, -0.1177868000)
(0.5247492000, -0.8431570000, -0.1170413000)
(0.1833580000, -0.9617113000, -0.2036270000)
(0.5190202000, -0.8464795000, -0.1186293000)
(0.5241572000, -0.8434072000, -0.1178843000)
(0.5228889000, -0.8442180000, -0.1178227000)
(0.5082738000, -0.8530164000, -0.1183854000)
(0.5126327000, -0.8501025000, -0.1204589000)
(0.3058059000, -0.9283035000, -0.2114791000)
(0.0755335400, -0.9894754000, -0.1233350000)
(0.1226004000, -0.9666421000, -0.2248378000)
(0.1880045000, -0.9595767000, -0.2093767000)
(0.4840929000, -0.8626906000, -0.1463470000)
(0.4901480000, -0.8590838000, -0.1473107000)
(0.4955131000, -0.8563542000, -0.1452551000)
(0.5111550000, -0.8483717000, -0.1377542000)
(0.5216619000, -0.8423678000, -0.1351869000)
(0.5221588000, -0.8420509000, -0.1352066000)
(0.5169173000, -0.8450206000, -0.1368681000)
(0.5151928000, -0.8459820000, -0.1373926000)
(0.5094862000, -0.8490984000, -0.1394498000)
(0.5085090000, -0.8495727000, -0.1401567000)
(0.5028263000, -0.8532089000, -0.1384924000)
(0.5009789000, -0.8542335000, -0.1388986000)
(0.1890487000, -0.9675171000, -0.1677914000)
(0.1648613000, -0.9686848000, -0.1856216000)
(0.1460891000, -0.9695681000, -0.1964310000)
(0.5282986000, -0.8381771000, -0.1354520000)
(0.5244310000, -0.8407644000, -0.1344132000)
(0.5198855000, -0.8433554000, -0.1358516000)
(0.5175884000, -0.8449349000, -0.1348166000)
(0.5002412000, -0.8550573000, -0.1364856000)
(0.5204073000, -0.8433456000, -0.1338861000)
(0.5144606000, -0.8469840000, -0.1338745000)
(0.5153903000, -0.8466188000, -0.1326480000)
(0.5210438000, -0.8432034000, -0.1323628000)
(0.5118324000, -0.8488125000, -0.1323494000)
(0.5231814000, -0.8420277000, -0.1313946000)
(0.5208138000, -0.8435335000, -0.1310685000)
(0.5160829000, -0.8461527000, -0.1329103000)
(0.5262491000, -0.8399360000, -0.1324991000)
(0.5254180000, -0.8407079000, -0.1308770000)
(0.5249482000, -0.8409683000, -0.1311163000)
(0.5243106000, -0.8413587000, -0.1311648000)
(0.5174784000, -0.8449118000, -0.1353950000)
(0.5137269000, -0.8474424000, -0.1337720000)
(0.5164561000, -0.8479182000, -0.1195602000)
(0.5114446000, -0.8514724000, -0.1157594000)
(0.5154118000, -0.8484015000, -0.1205765000)
(0.5119458000, -0.8503495000, -0.1216762000)
(0.5166386000, -0.8478270000, -0.1194579000)
(0.5108396000, -0.8509698000, -0.1220224000)
(0.5125458000, -0.8498493000, -0.1226383000)
(0.4842286000, -0.8654839000, -0.1282111000)
(0.4966395000, -0.8588740000, -0.1251670000)
(0.5129764000, -0.8494819000, -0.1233680000)
(0.5104805000, -0.8510462000, -0.1229672000)
(0.5162190000, -0.8475648000, -0.1230377000)
(0.5283584000, -0.8402756000, -0.1214488000)
(0.5289978000, -0.8398091000, -0.1219690000)
(0.5294588000, -0.8395253000, -0.1218746000)
(0.5302276000, -0.8390715000, -0.1217178000)
(0.5353203000, -0.8359401000, -0.1208939000)
(0.5359833000, -0.8354599000, -0.1213480000)
(0.5358143000, -0.8356367000, -0.1208625000)
(0.5317891000, -0.8380004000, -0.1221962000)
(0.5331139000, -0.8374099000, -0.1205367000)
(0.5330794000, -0.8371857000, -0.1222055000)
(0.5306154000, -0.8384610000, -0.1241273000)
(0.5305712000, -0.8385108000, -0.1239957000)
(0.5277506000, -0.8407267000, -0.1210214000)
(0.5303668000, -0.8391321000, -0.1205993000)
(0.5276382000, -0.8409331000, -0.1200230000)
(0.5205612000, -0.8454227000, -0.1194505000)
(0.5200306000, -0.8451457000, -0.1235608000)
(0.5243606000, -0.8421574000, -0.1257160000)
(0.5204837000, -0.8443521000, -0.1271293000)
(0.5202016000, -0.8445350000, -0.1269923000)
(0.5276567000, -0.8401428000, -0.1254071000)
(0.5249726000, -0.8416756000, -0.1264178000)
(0.5377835000, -0.8336884000, -0.1254863000)
(0.5355674000, -0.8348143000, -0.1273941000)
(0.5224450000, -0.8428794000, -0.1288209000)
(0.5231417000, -0.8429275000, -0.1255699000)
(0.5213050000, -0.8444182000, -0.1231795000)
(0.5272054000, -0.8407495000, -0.1231932000)
(0.5182415000, -0.8460439000, -0.1249160000)
(0.5178279000, -0.8461623000, -0.1258627000)
(0.5163197000, -0.8467346000, -0.1282425000)
(0.5223761000, -0.8432879000, -0.1264013000)
(0.5228136000, -0.8428857000, -0.1272768000)
(0.5247518000, -0.8418267000, -0.1262648000)
(0.5125922000, -0.8490828000, -0.1276142000)
(0.5210589000, -0.8440545000, -0.1267137000)
(0.5173242000, -0.8459988000, -0.1290161000)
(0.5145708000, -0.8477882000, -0.1282932000)
(0.5430288000, -0.8304536000, -0.1243035000)
(0.5426584000, -0.8307166000, -0.1241416000)
(0.5426573000, -0.8307267000, -0.1240863000)
(0.5424787000, -0.8308177000, -0.1243164000)
(0.5404230000, -0.8321207000, -0.1245193000)
(0.5195867000, -0.8448434000, -0.1275438000)
(0.5249092000, -0.8414441000, -0.1281822000)
(0.5304985000, -0.8381886000, -0.1264389000)
(0.5380518000, -0.8335299000, -0.1253804000)
(0.5367650000, -0.8343185000, -0.1256644000)
(0.5344617000, -0.8356735000, -0.1264459000)
(0.5386052000, -0.8329859000, -0.1266078000)
(0.5358123000, -0.8346112000, -0.1277719000)
(0.5383087000, -0.8330687000, -0.1273509000)
(0.5328553000, -0.8366037000, -0.1270287000)
(0.5351693000, -0.8353797000, -0.1253322000)
(0.5325502000, -0.8369964000, -0.1256901000)
(0.5326006000, -0.8369128000, -0.1260481000)
(0.5344501000, -0.8357146000, -0.1262239000)
(0.5371979000, -0.8341777000, -0.1246819000)
(0.5473990000, -0.8276200000, -0.1240910000)
(0.5470060000, -0.8279342000, -0.1236627000)
(0.5468104000, -0.8281108000, -0.1233634000)
(0.5476186000, -0.8277231000, -0.1223918000)
(0.5392544000, -0.8332088000, -0.1223068000)
(0.5448576000, -0.8297982000, -0.1205949000)
(0.5372193000, -0.8342643000, -0.1240716000)
(0.5401906000, -0.8326533000, -0.1219388000)
(0.5405973000, -0.8322626000, -0.1227468000)
(0.5420582000, -0.8313507000, -0.1225237000)
(0.5354490000, -0.8353704000, -0.1242594000)
(0.5398343000, -0.8326772000, -0.1232916000)
(0.5445353000, -0.8295743000, -0.1235581000)
(0.5451139000, -0.8295335000, -0.1212494000)
(0.5524117000, -0.8250128000, -0.1191169000)
(0.5533088000, -0.8244914000, -0.1185577000)
(0.5543660000, -0.8237107000, -0.1190383000)
(0.5546924000, -0.8233222000, -0.1201101000)
(0.5467129000, -0.8285503000, -0.1208514000)
(0.5343253000, -0.8357323000, -0.1266232000)
(0.5510533000, -0.8254626000, -0.1222443000)
(0.5529417000, -0.8243460000, -0.1212140000)
(0.5570753000, -0.8215441000, -0.1212761000)
(0.5533053000, -0.8238499000, -0.1229531000)
(0.5547876000, -0.8229312000, -0.1224491000)
(0.5564042000, -0.8215955000, -0.1240160000)
(0.5565783000, -0.8217536000, -0.1222224000)
(0.5555754000, -0.8222906000, -0.1231275000)
(0.5562738000, -0.8217051000, -0.1238121000)
(0.5403517000, -0.8288934000, -0.1446977000)
(0.5318529000, -0.8334591000, -0.1498653000)
(0.4973698000, -0.8550686000, -0.1464819000)
(0.5002567000, -0.8540004000, -0.1428560000)
(0.5109989000, -0.8477198000, -0.1422093000)
(0.4818393000, -0.8623736000, -0.1553097000)
(0.4586324000, -0.8733724000, -0.1638965000)
(0.4954501000, -0.8569002000, -0.1422649000)
(0.5090777000, -0.8492219000, -0.1401105000)
(0.5135819000, -0.8467738000, -0.1385123000)
(0.5185560000, -0.8438129000, -0.1381176000)
(0.5236753000, -0.8408388000, -0.1368836000)
(0.5244361000, -0.8402401000, -0.1376522000)
(0.5183098000, -0.8437077000, -0.1395938000)
(0.5160888000, -0.8452992000, -0.1382545000)
(0.4984153000, -0.8543128000, -0.1473695000)
(0.5053943000, -0.8508568000, -0.1435065000)
(0.4986242000, -0.8539072000, -0.1490342000)
(0.4842051000, -0.8621861000, -0.1489106000)
(0.5038619000, -0.8525137000, -0.1390709000)
(0.4773545000, -0.8672836000, -0.1412414000)
(0.5252314000, -0.8398628000, -0.1369392000)
(0.5321264000, -0.8354309000, -0.1374584000)
(0.5383679000, -0.8324404000, -0.1311354000)
(0.5357882000, -0.8340357000, -0.1315159000)
(0.5374899000, -0.8328355000, -0.1321401000)
(0.5372896000, -0.8327399000, -0.1336076000)
(0.5382015000, -0.8321420000, -0.1336589000)
(0.5346521000, -0.8353715000, -0.1276116000)
(0.5154647000, -0.8460442000, -0.1359783000)
(0.5246883000, -0.8405182000, -0.1349547000)
(0.5239232000, -0.8406268000, -0.1372192000)
(0.5288097000, -0.8376868000, -0.1364781000)
(0.5266370000, -0.8396045000, -0.1330389000)
(0.5256772000, -0.8397368000, -0.1360198000)
(0.5229313000, -0.8411897000, -0.1376201000)
(0.5227149000, -0.8416362000, -0.1356890000)
(0.5184454000, -0.8448117000, -0.1322405000)
(0.5067704000, -0.8521613000, -0.1302880000)
(0.4943137000, -0.8589239000, -0.1337820000)
(0.4710712000, -0.8713502000, -0.1371546000)
(0.4848482000, -0.8641412000, -0.1347882000)
(0.4806208000, -0.8667985000, -0.1328881000)
(0.4864047000, -0.8636332000, -0.1324086000)
(0.4779697000, -0.8678584000, -0.1354538000)
(0.5068933000, -0.8519046000, -0.1315414000)
(0.5145596000, -0.8473859000, -0.1310117000)
(0.5264342000, -0.8401760000, -0.1302168000)
(0.5329125000, -0.8357713000, -0.1321904000)
(0.5241507000, -0.8407046000, -0.1358881000)
(0.5304499000, -0.8364788000, -0.1375591000)
(0.5322409000, -0.8350964000, -0.1389480000)
(0.5261064000, -0.8386511000, -0.1409583000)
(0.5188640000, -0.8432731000, -0.1402117000)
(0.4902948000, -0.8593341000, -0.1454338000)
(0.4863668000, -0.8615435000, -0.1455007000)
(0.4835498000, -0.8624504000, -0.1494665000)
(0.4733043000, -0.8672049000, -0.1546913000)
(0.4567018000, -0.8753802000, -0.1584398000)
(0.4988514000, -0.8536568000, -0.1496724000)
(0.4925134000, -0.8570617000, -0.1511535000)
(0.4926228000, -0.8571881000, -0.1501466000)
(0.4816539000, -0.8637879000, -0.1479070000)
(0.5023329000, -0.8526976000, -0.1433289000)
(0.5231762000, -0.8411492000, -0.1368567000)
(0.5237950000, -0.8407399000, -0.1370568000)
(0.5153676000, -0.8453965000, -0.1402793000)
(0.5152953000, -0.8454191000, -0.1403939000)
(0.5073069000, -0.8503154000, -0.1399758000)
(0.4979866000, -0.8551822000, -0.1437071000)
(0.4974597000, -0.8551374000, -0.1457727000)
(0.4961438000, -0.8556945000, -0.1469952000)
(0.4933640000, -0.8573865000, -0.1465197000)
(0.5160338000, -0.8448290000, -0.1412520000)
(0.5262854000, -0.8385864000, -0.1406776000)
(0.5019447000, -0.8522008000, -0.1476027000)
(0.4961523000, -0.8553705000, -0.1488731000)
(0.4690877000, -0.8696047000, -0.1540202000)
(0.5120792000, -0.8469285000, -0.1430439000)
(0.5289363000, -0.8372843000, -0.1384820000)
(0.5228322000, -0.8408682000, -0.1399430000)
(0.5142815000, -0.8457658000, -0.1420041000)
(0.5163991000, -0.8446184000, -0.1411429000)
(0.5038911000, -0.8519914000, -0.1421108000)
(0.5101374000, -0.8483275000, -0.1416883000)
(0.5089843000, -0.8489398000, -0.1421782000)
(0.5336125000, -0.8343790000, -0.1379931000)
(0.5375794000, -0.8317165000, -0.1387452000)
(0.5372753000, -0.8320678000, -0.1378052000)
(0.5349294000, -0.8335798000, -0.1377530000)
(0.5320536000, -0.8350839000, -0.1398149000)
(0.5340623000, -0.8337670000, -0.1399281000)
(0.5232946000, -0.8401871000, -0.1422329000)
(0.4938853000, -0.8569103000, -0.1475476000)
(0.5023451000, -0.8522210000, -0.1461494000)
(0.5043952000, -0.8511401000, -0.1453682000)
(0.4911869000, -0.8585813000, -0.1468141000)
(0.5214939000, -0.8409336000, -0.1444463000)
(0.5369149000, -0.8321496000, -0.1387131000)
(0.5373424000, -0.8317556000, -0.1393909000)
(0.5373837000, -0.8317160000, -0.1394684000)
(0.5122676000, -0.8430160000, -0.1639512000)
(0.1673172000, -0.9444458000, -0.2828467000)
(0.1088941000, -0.9572349000, -0.2679832000)
(0.1127586000, -0.9598125000, -0.2569353000)
(0.1330190000, -0.9587383000, -0.2511806000)
(0.1959787000, -0.9515558000, -0.2368741000)
(0.2304102000, -0.9460431000, -0.2277793000)
(0.1593448000, -0.9567052000, -0.2435110000)
(0.1629829000, -0.9566690000, -0.2412165000)
(0.4326756000, -0.8824007000, -0.1848076000)
(0.4347312000, -0.8820935000, -0.1813608000)
(0.5038621000, -0.8479311000, -0.1646776000)
(0.5043563000, -0.8478703000, -0.1634425000)
(0.1754696000, -0.9477723000, -0.2662956000)
(0.1709508000, -0.9553918000, -0.2408085000)
(0.1691954000, -0.9562991000, -0.2383998000)
(0.4711607000, -0.8644214000, -0.1753691000)
(0.4884095000, -0.8562713000, -0.1680378000)
(0.4867507000, -0.8574678000, -0.1667764000)
(0.4847719000, -0.8586548000, -0.1663941000)
(0.4907121000, -0.8555968000, -0.1647752000)
(0.4887035000, -0.8572069000, -0.1623592000)
(0.5031227000, -0.8491873000, -0.1603689000)
(0.5322524000, -0.8327013000, -0.1526363000)
(0.5329310000, -0.8321378000, -0.1533644000)
(0.5413733000, -0.8268310000, -0.1524944000)
(0.5399842000, -0.8281987000, -0.1499311000)
(0.5376853000, -0.8306718000, -0.1444596000)
(0.5412629000, -0.8282144000, -0.1452362000)
(0.5428196000, -0.8271593000, -0.1453693000)
(0.5283183000, -0.8356749000, -0.1500474000)
(0.5346224000, -0.8320347000, -0.1479184000)
(0.5342333000, -0.8321618000, -0.1486486000)
(0.5325450000, -0.8333327000, -0.1481346000)
(0.5390553000, -0.8294248000, -0.1464700000)
(0.5413158000, -0.8278959000, -0.1467724000)
(0.5427634000, -0.8269436000, -0.1468519000)
(0.5440564000, -0.8262609000, -0.1458273000)
(0.5440609000, -0.8261122000, -0.1467112000)
(0.5292343000, -0.8352409000, -0.1492022000)
(0.5172007000, -0.8420732000, -0.1529680000)
(0.5398821000, -0.8287238000, -0.1474216000)
(0.5396299000, -0.8289523000, -0.1470297000)
(0.5043138000, -0.8502663000, -0.1506991000)
(0.5099303000, -0.8473920000, -0.1478833000)
(0.5244597000, -0.8388594000, -0.1457885000)
(0.5364363000, -0.8310198000, -0.1470677000)
(0.5257953000, -0.8377268000, -0.1474576000)
(0.5180395000, -0.8425431000, -0.1474909000)
(0.5035208000, -0.8509504000, -0.1494196000)
(0.4866357000, -0.8603646000, -0.1514844000)
(0.5143394000, -0.8445115000, -0.1491558000)
(0.5082336000, -0.8481821000, -0.1492138000)
(0.5102999000, -0.8459288000, -0.1548753000)
(0.5285816000, -0.8354307000, -0.1504604000)
(0.5201585000, -0.8405639000, -0.1512445000)
(0.5315609000, -0.8332119000, -0.1522255000)
(0.5362695000, -0.8309276000, -0.1482282000)
(0.5086211000, -0.8469147000, -0.1550208000)
(0.4915071000, -0.8555420000, -0.1626697000)
(0.5076164000, -0.8469893000, -0.1578579000)
(0.5096388000, -0.8455951000, -0.1588310000)
(0.5081310000, -0.8460388000, -0.1612746000)
(0.5352292000, -0.8306605000, -0.1533861000)
(0.5211042000, -0.8382258000, -0.1606758000)
(0.5045164000, -0.8475448000, -0.1646278000)
(0.5379294000, -0.8288207000, -0.1538829000)
(0.5464306000, -0.8235993000, -0.1518877000)
(0.5448810000, -0.8246396000, -0.1518037000)
(0.5454265000, -0.8241091000, -0.1528175000)
(0.5437986000, -0.8250872000, -0.1533093000)
(0.4728596000, -0.8651261000, -0.1671655000)
(0.4449836000, -0.8762225000, -0.1849513000)
(0.4315771000, -0.8824287000, -0.1872188000)
(0.5419580000, -0.8272827000, -0.1479186000)
(0.5393159000, -0.8288910000, -0.1485315000)
(0.5418904000, -0.8278859000, -0.1447024000)
(0.5401021000, -0.8289863000, -0.1451106000)
(0.5442889000, -0.8263027000, -0.1447568000)
(0.5444254000, -0.8260199000, -0.1458944000)
(0.5458174000, -0.8251070000, -0.1457903000)
(0.5550569000, -0.8174770000, -0.1537441000)
(0.3286088000, -0.9189216000, -0.2181682000)
(0.3058299000, -0.9266006000, -0.2187517000)
(0.3006253000, -0.9257450000, -0.2293655000)
(0.2600909000, -0.9339389000, -0.2451351000)
(0.2246982000, -0.9417626000, -0.2501705000)
(0.2241747000, -0.9483452000, -0.2244132000)
(0.1865149000, -0.9548471000, -0.2311947000)
(0.1745021000, -0.9529819000, -0.2477058000)
(0.1747011000, -0.9529062000, -0.2478564000)
(0.1451917000, -0.9593615000, -0.2419334000)
(0.2052551000, -0.9509990000, -0.2311788000)
(0.4081933000, -0.8940119000, -0.1846304000)
(0.4091690000, -0.8928490000, -0.1880857000)
(0.4045329000, -0.8948783000, -0.1884660000)
(0.3991171000, -0.8964847000, -0.1923972000)
(0.3948727000, -0.8980616000, -0.1937938000)
(0.4270581000, -0.8852337000, -0.1843088000)
(0.4568392000, -0.8707955000, -0.1816420000)
(0.4683220000, -0.8659691000, -0.1753913000)
(0.1608843000, -0.9487116000, -0.2721188000)
(0.1560737000, -0.9491913000, -0.2731943000)
(0.4616041000, -0.8697586000, -0.1744078000)
(0.4586134000, -0.8713946000, -0.1741257000)
(0.4495310000, -0.8770339000, -0.1694856000)
(0.4398511000, -0.8815334000, -0.1714668000)
(0.4523225000, -0.8763014000, -0.1657380000)
(0.4508239000, -0.8769758000, -0.1663000000)
(0.4636896000, -0.8717096000, -0.1584103000)
(0.4509048000, -0.8780403000, -0.1603889000)
(0.4587727000, -0.8727376000, -0.1668590000)
(0.4491245000, -0.8769053000, -0.1711970000)
(0.4418722000, -0.8814605000, -0.1665751000)
(0.1713925000, -0.9602127000, -0.2204777000)
(0.1777484000, -0.9569035000, -0.2296102000)
(0.1591597000, -0.9628596000, -0.2180790000)
(0.1627152000, -0.9632974000, -0.2134310000)
(0.1605729000, -0.9634677000, -0.2143040000)
(0.1547397000, -0.9633107000, -0.2192344000)
(0.1601929000, -0.9624955000, -0.2188977000)
(0.1851054000, -0.9582036000, -0.2180746000)
(0.4229490000, -0.8892190000, -0.1743004000)
(0.4164616000, -0.8905419000, -0.1830067000)
(0.4218849000, -0.8868352000, -0.1884786000)
(0.4868551000, -0.8572015000, -0.1677998000)
(0.4806271000, -0.8616262000, -0.1630472000)
(0.4912195000, -0.8563342000, -0.1592826000)
(0.4916369000, -0.8549055000, -0.1655671000)
(0.4957240000, -0.8530948000, -0.1627049000)
(0.4901456000, -0.8565334000, -0.1615615000)
(0.5090945000, -0.8467500000, -0.1543775000)
(0.4957069000, -0.8545716000, -0.1548443000)
(0.2066141000, -0.9557506000, -0.2093364000)
(0.1954798000, -0.9511179000, -0.2390424000)
(0.4780164000, -0.8645670000, -0.1549209000)
(0.4790406000, -0.8629919000, -0.1604783000)
(0.4786519000, -0.8629992000, -0.1616129000)
(0.4365478000, -0.8826017000, -0.1743785000)
(0.4214631000, -0.8893932000, -0.1770171000)
(0.4517086000, -0.8765624000, -0.1660961000)
(0.4544457000, -0.8757001000, -0.1631595000)
(0.4761988000, -0.8646062000, -0.1602636000)
(0.4724060000, -0.8668514000, -0.1593663000)
(0.4653830000, -0.8703156000, -0.1610657000)
(0.4947889000, -0.8544056000, -0.1586200000)
(0.4991390000, -0.8516670000, -0.1596747000)
(0.1409277000, -0.9604344000, -0.2401866000)
(0.1446857000, -0.9589559000, -0.2438271000)
(0.4666474000, -0.8682898000, -0.1682594000)
(0.4719652000, -0.8655710000, -0.1674107000)
(0.4272105000, -0.8866265000, -0.1771196000)
(0.4393228000, -0.8815074000, -0.1729878000)
(0.4222447000, -0.8889827000, -0.1771879000)
(0.3980566000, -0.8982110000, -0.1863930000)
(0.3948223000, -0.8995650000, -0.1867674000)
(0.4062028000, -0.8951764000, -0.1833780000)
(0.4701017000, -0.8673932000, -0.1631656000)
(0.4918257000, -0.8561914000, -0.1582094000)
(0.4940114000, -0.8554061000, -0.1555726000)
(0.5190895000, -0.8413880000, -0.1503009000)
(0.5161245000, -0.8430513000, -0.1512400000)
(0.5002613000, -0.8521990000, -0.1531928000)
(0.4884472000, -0.8583038000, -0.1572632000)
(0.4933493000, -0.8557032000, -0.1560447000)
(0.4287553000, -0.8871101000, -0.1708303000)
(0.4464492000, -0.8795248000, -0.1646335000)
(0.5002833000, -0.8516324000, -0.1562521000)
(0.1496556000, -0.9689062000, -0.1969856000)
(0.1615652000, -0.9684514000, -0.1897037000)
(0.5093447000, -0.8464770000, -0.1550215000)
(0.5066760000, -0.8472776000, -0.1593702000)
(0.5042372000, -0.8490150000, -0.1577844000)
(0.5050438000, -0.8479136000, -0.1611367000)
(0.2367846000, -0.9488848000, -0.2086539000)
(0.2363267000, -0.9483048000, -0.2117657000)
(0.2286014000, -0.9512870000, -0.2068345000)
(0.5022914000, -0.8513849000, -0.1510545000)
(0.4808348000, -0.8632497000, -0.1535683000)
(0.4417001000, -0.8832554000, -0.1573406000)
(0.4705816000, -0.8689613000, -0.1530956000)
(0.4719490000, -0.8688415000, -0.1495040000)
(0.5032648000, -0.8518615000, -0.1450848000)
(0.5027871000, -0.8517845000, -0.1471767000)
(0.5142955000, -0.8451585000, -0.1455353000)
(0.5051270000, -0.8504017000, -0.1471551000)
(0.5055004000, -0.8504280000, -0.1456641000)
(0.2178068000, -0.9661610000, -0.1380497000)
(0.2240551000, -0.9637807000, -0.1446148000)
(0.1725675000, -0.9746221000, -0.1425058000)
(0.1696860000, -0.9740922000, -0.1494746000)
(0.2483319000, -0.9518152000, -0.1799152000)
(0.1487272000, -0.9695473000, -0.1945057000)
(0.4958042000, -0.8559560000, -0.1466398000)
(0.4940476000, -0.8568845000, -0.1470919000)
(0.5017405000, -0.8520983000, -0.1489411000)
(0.4982814000, -0.8540007000, -0.1495814000)
(0.5180737000, -0.8428940000, -0.1453072000)
(0.5110796000, -0.8470794000, -0.1457520000)
(0.5194643000, -0.8424218000, -0.1430724000)
(0.5243348000, -0.8395059000, -0.1424460000)
(0.5248971000, -0.8390126000, -0.1433005000)
(0.5255162000, -0.8387111000, -0.1427510000)
(0.5206997000, -0.8416288000, -0.1432853000)
(0.5180282000, -0.8430741000, -0.1443978000)
(0.5232617000, -0.8400273000, -0.1432636000)
(0.5224852000, -0.8405439000, -0.1431059000)
(0.5275534000, -0.8372576000, -0.1437888000)
(0.5244877000, -0.8390082000, -0.1447803000)
(0.5270904000, -0.8377999000, -0.1423454000)
(0.5228460000, -0.8404883000, -0.1420877000)
(0.5280541000, -0.8372275000, -0.1420822000)
(0.5275531000, -0.8375141000, -0.1422249000)
(0.5252840000, -0.8385032000, -0.1448153000)
(0.5205397000, -0.8412677000, -0.1459217000)
(0.5251821000, -0.8385714000, -0.1447865000)
(0.5229318000, -0.8398587000, -0.1454330000)
(0.5123214000, -0.8462005000, -0.1464817000)
(0.5166144000, -0.8439125000, -0.1446292000)
(0.5081290000, -0.8491297000, -0.1440952000)
(0.5292094000, -0.8358106000, -0.1460432000)
(0.5354047000, -0.8320080000, -0.1452477000)
(0.5361912000, -0.8312240000, -0.1467984000)
(0.5356668000, -0.8318514000, -0.1451014000)
(0.5382059000, -0.8301895000, -0.1453069000)
(0.5378660000, -0.8305106000, -0.1447196000)
(0.5311500000, -0.8343788000, -0.1471969000)
(0.5360569000, -0.8315830000, -0.1452302000)
(0.5367129000, -0.8310816000, -0.1457243000)
(0.5344921000, -0.8321834000, -0.1475405000)
(0.5410103000, -0.8284178000, -0.1449992000)
(0.5394462000, -0.8293764000, -0.1453029000)
(0.5366462000, -0.8312707000, -0.1448365000)
(0.5356259000, -0.8320952000, -0.1438535000)
(0.5384911000, -0.8306172000, -0.1417008000)
(0.5382884000, -0.8305914000, -0.1426993000)
(0.5385939000, -0.8301862000, -0.1438369000)
(0.5391935000, -0.8293323000, -0.1464724000)
(0.5389190000, -0.8295749000, -0.1461874000)
(0.5481089000, -0.8236365000, -0.1455014000)
(0.5440534000, -0.8262736000, -0.1457769000)
(0.5471841000, -0.8244016000, -0.1447061000)
(0.5465001000, -0.8247111000, -0.1454627000)
(0.5464850000, -0.8245348000, -0.1465273000)
(0.5459322000, -0.8249187000, -0.1464255000)
(0.5369184000, -0.8312481000, -0.1439627000)
(0.5406953000, -0.8292018000, -0.1416700000)
(0.5401845000, -0.8295844000, -0.1413360000)
(0.5465476000, -0.8254712000, -0.1409501000)
(0.5446510000, -0.8268505000, -0.1402449000)
(0.5446368000, -0.8266635000, -0.1413627000)
(0.5429242000, -0.8277951000, -0.1413433000)
(0.5445899000, -0.8266597000, -0.1415401000)
(0.5449052000, -0.8265039000, -0.1412086000)
(0.5384229000, -0.8314786000, -0.1368344000)
(0.5386294000, -0.8312762000, -0.1372243000)
(0.5435483000, -0.8274583000, -0.1408631000)
(0.5445001000, -0.8268594000, -0.1406919000)
(0.5450592000, -0.8265181000, -0.1406280000)
(0.5417366000, -0.8287815000, -0.1401312000)
(0.5454038000, -0.8263288000, -0.1403992000)
(0.5443953000, -0.8272052000, -0.1390730000)
(0.5433643000, -0.8282512000, -0.1368508000)
(0.5440528000, -0.8281233000, -0.1349080000)
(0.5416604000, -0.8297126000, -0.1347512000)
(0.5434083000, -0.8286737000, -0.1341769000)
(0.5429839000, -0.8290148000, -0.1336941000)
(0.5460927000, -0.8267009000, -0.1354484000)
(0.5416957000, -0.8299513000, -0.1331893000)
(0.5371550000, -0.8331478000, -0.1316094000)
(0.5396021000, -0.8312933000, -0.1332392000)
(0.5134765000, -0.8490689000, -0.1240731000)
(0.5358946000, -0.8332059000, -0.1362923000)
(0.5359382000, -0.8332063000, -0.1361348000)
(0.5280645000, -0.8378566000, -0.1383060000)
(0.5343336000, -0.8339116000, -0.1381238000)
(0.5476607000, -0.8253550000, -0.1372439000)
(0.5468757000, -0.8257735000, -0.1378542000)
(0.5457018000, -0.8265813000, -0.1377325000)
(0.5493986000, -0.8241800000, -0.1373453000)
(0.5465536000, -0.8261178000, -0.1370697000)
(0.5451985000, -0.8268178000, -0.1382856000)
(0.5375707000, -0.8318381000, -0.1380388000)
(0.5413608000, -0.8294276000, -0.1376812000)
(0.5420628000, -0.8289245000, -0.1380180000)
(0.5425162000, -0.8285016000, -0.1387639000)
(0.5294858000, -0.8367231000, -0.1396814000)
(0.5000018000, -0.8541638000, -0.1427289000)
(0.5133449000, -0.8460994000, -0.1434984000)
(0.5167665000, -0.8446376000, -0.1397750000)
(0.5393257000, -0.8303738000, -0.1400054000)
(0.5405919000, -0.8294738000, -0.1404597000)
(0.5422789000, -0.8282940000, -0.1409276000)
(0.5450655000, -0.8266680000, -0.1396931000)
(0.5461467000, -0.8260126000, -0.1393023000)
(0.5489293000, -0.8241850000, -0.1391786000)
(0.5468884000, -0.8258352000, -0.1374104000)
(0.5481834000, -0.8250895000, -0.1367477000)
(0.5478169000, -0.8254341000, -0.1361465000)
(0.5495715000, -0.8241414000, -0.1368719000)
(0.5510121000, -0.8231023000, -0.1374008000)
(0.5340235000, -0.8339391000, -0.1390947000)
(0.5156378000, -0.8449981000, -0.1417000000)
(0.5164096000, -0.8448009000, -0.1400783000)
(0.5108501000, -0.8480292000, -0.1409658000)
(0.5412772000, -0.8293141000, -0.1387253000)
(0.5465193000, -0.8259810000, -0.1380314000)
(0.5461583000, -0.8266305000, -0.1355954000)
(0.5412941000, -0.8299195000, -0.1349738000)
(0.5310161000, -0.8358209000, -0.1392833000)
(0.5348550000, -0.8335660000, -0.1381106000)
(0.5423059000, -0.8288718000, -0.1373680000)
(0.5405089000, -0.8299375000, -0.1380072000)
(0.5405768000, -0.8300479000, -0.1370064000)
(0.5393172000, -0.8306223000, -0.1385283000)
(0.4668579000, -0.8725196000, -0.1439746000)
(0.5209345000, -0.8423784000, -0.1379105000)
(0.5021184000, -0.8530501000, -0.1420167000)
(0.5246193000, -0.8398352000, -0.1394540000)
(0.5311654000, -0.8354262000, -0.1410997000)
(0.5219961000, -0.8413559000, -0.1401057000)
(0.5282831000, -0.8375434000, -0.1393476000)
(0.5288903000, -0.8370307000, -0.1401316000)
(0.5306459000, -0.8354315000, -0.1429909000)
(0.5334210000, -0.8330479000, -0.1465085000)
(0.5211180000, -0.8405421000, -0.1480311000)
(0.4497905000, -0.8763157000, -0.1724325000)
(0.4778393000, -0.8626778000, -0.1656647000)
(0.4771667000, -0.8628892000, -0.1664916000)
(0.5134306000, -0.8440756000, -0.1546517000)
(0.5346922000, -0.8317383000, -0.1493545000)
(0.5287841000, -0.8347695000, -0.1533936000)
(0.5356091000, -0.8314566000, -0.1476016000)
(0.5094373000, -0.8470701000, -0.1514548000)
(0.4776786000, -0.8636961000, -0.1607718000)
(0.4767589000, -0.8634992000, -0.1645079000)
(0.4718882000, -0.8657919000, -0.1664464000)
(0.5265552000, -0.8367766000, -0.1500543000)
(0.5504671000, -0.8218723000, -0.1466483000)
(0.5645424000, -0.8126838000, -0.1442468000)
(0.5635474000, -0.8135212000, -0.1434464000)
(0.5654179000, -0.8123183000, -0.1428652000)
(0.5653388000, -0.8124010000, -0.1427473000)
(0.5621181000, -0.8145763000, -0.1431193000)
(0.5665357000, -0.8110750000, -0.1455091000)
(0.5665529000, -0.8112709000, -0.1443246000)
(0.5665579000, -0.8113382000, -0.1439428000)
(0.5665193000, -0.8113272000, -0.1442049000)
(0.5282423000, -0.8361544000, -0.1476539000)
(0.5338557000, -0.8322400000, -0.1495665000)
(0.5356331000, -0.8309877000, -0.1500875000)
(0.5310944000, -0.8334948000, -0.1523699000)
(0.5064657000, -0.8474013000, -0.1593216000)
(0.5086987000, -0.8454711000, -0.1624439000)
(0.4730335000, -0.8648455000, -0.1681096000)
(0.4787799000, -0.8624164000, -0.1642818000)
(0.4827843000, -0.8601698000, -0.1643371000)
(0.4891433000, -0.8567753000, -0.1632381000)
(0.4870521000, -0.8591661000, -0.1568163000)
(0.5276608000, -0.8365768000, -0.1473411000)
(0.5263370000, -0.8374337000, -0.1472100000)
(0.5439364000, -0.8268804000, -0.1428350000)
(0.5569003000, -0.8184162000, -0.1415377000)
(0.5540749000, -0.8203809000, -0.1413114000)
(0.5536403000, -0.8207331000, -0.1409276000)
(0.5525329000, -0.8215853000, -0.1403234000)
(0.5459055000, -0.8254695000, -0.1434762000)
(0.5388772000, -0.8296741000, -0.1457029000)
(0.5494623000, -0.8228923000, -0.1446768000)
(0.5560870000, -0.8183763000, -0.1449240000)
(0.5610004000, -0.8148323000, -0.1459486000)
(0.5593766000, -0.8158153000, -0.1467204000)
(0.5523763000, -0.8209101000, -0.1448548000)
(0.5248100000, -0.8392596000, -0.1421878000)
(0.4540279000, -0.8768969000, -0.1577629000)
(0.4510904000, -0.8785606000, -0.1569307000)
(0.4731086000, -0.8665166000, -0.1590403000)
(0.4765342000, -0.8640531000, -0.1622393000)
(0.5423332000, -0.8267656000, -0.1493706000)
(0.5529648000, -0.8201743000, -0.1467483000)
(0.5561801000, -0.8178222000, -0.1476721000)
(0.5621471000, -0.8144647000, -0.1436130000)
(0.5649377000, -0.8125109000, -0.1437580000)
(0.5676411000, -0.8105077000, -0.1443918000)
(0.5605048000, -0.8159908000, -0.1413049000)
(0.5614278000, -0.8153106000, -0.1415886000)
(0.5522340000, -0.8209135000, -0.1453600000)
(0.5536750000, -0.8199697000, -0.1451435000)
(0.5426646000, -0.8271124000, -0.1462044000)
(0.5534058000, -0.8204116000, -0.1437086000)
(0.5512326000, -0.8216319000, -0.1450471000)
(0.5567191000, -0.8181550000, -0.1438182000)
(0.5570074000, -0.8179363000, -0.1439509000)
(0.5523951000, -0.8207237000, -0.1457663000)
(0.5204231000, -0.8403791000, -0.1513186000)
(0.5347397000, -0.8315783000, -0.1500278000)
(0.5354333000, -0.8313939000, -0.1486058000)
(0.5286812000, -0.8354622000, -0.1499510000)
(0.5113990000, -0.8447989000, -0.1574069000)
(0.5137929000, -0.8433440000, -0.1573510000)
(0.5618159000, -0.8141612000, -0.1466267000)
(0.5660182000, -0.8112295000, -0.1466719000)
(0.5662164000, -0.8112049000, -0.1460746000)
(0.5657032000, -0.8115097000, -0.1463400000)
(0.5652630000, -0.8118089000, -0.1463792000)
(0.5374661000, -0.8298410000, -0.1498958000)
(0.5528911000, -0.8201580000, -0.1470734000)
(0.5568380000, -0.8176531000, -0.1461641000)
(0.5610001000, -0.8149095000, -0.1455278000)
(0.5649614000, -0.8117688000, -0.1477757000)
(0.5654156000, -0.8117818000, -0.1459287000)
(0.1310110000, -0.9478539000, -0.2904755000)
(0.1167196000, -0.9487098000, -0.2937602000)
(0.1236423000, -0.9597369000, -0.2521767000)
(0.5333261000, -0.8313561000, -0.1561946000)
(0.5300379000, -0.8340198000, -0.1531887000)
(0.5177465000, -0.8409667000, -0.1572040000)
(0.5690650000, -0.8096032000, -0.1438831000)
(0.5719301000, -0.8074017000, -0.1448994000)
(0.5752275000, -0.8054338000, -0.1427717000)
(0.5751394000, -0.8054731000, -0.1428299000)
(0.5743183000, -0.8058441000, -0.1440973000)
(0.5736090000, -0.8058858000, -0.1466879000)
(0.5700653000, -0.8083031000, -0.1471549000)
(0.5704579000, -0.8079274000, -0.1476508000)
(0.5722887000, -0.8068665000, -0.1464339000)
(0.5744485000, -0.8055121000, -0.1454085000)
(0.5739010000, -0.8056703000, -0.1466649000)
(0.5738745000, -0.8056304000, -0.1469765000)
(0.5746527000, -0.8052842000, -0.1458461000)
(0.5746095000, -0.8052544000, -0.1461926000)
(0.5763200000, -0.8041074000, -0.1457763000)
(0.5525377000, -0.8221477000, -0.1369652000)
(0.1338613000, -0.9531621000, -0.2711898000)
(0.0802264100, -0.9858558000, -0.1471181000)
(0.1000127000, -0.9819980000, -0.1601938000)
(0.4080125000, -0.9029905000, -0.1346446000)
(0.3995681000, -0.9060696000, -0.1391122000)
(0.3980633000, -0.9064804000, -0.1407471000)
(0.4093732000, -0.9019234000, -0.1375477000)
(0.3989086000, -0.9065109000, -0.1381433000)
(0.4102347000, -0.9018798000, -0.1353090000)
(0.4012464000, -0.9061136000, -0.1339497000)
(0.4007631000, -0.9064817000, -0.1329186000)
(0.3997400000, -0.9067869000, -0.1339003000)
(0.4033283000, -0.9055325000, -0.1315974000)
(0.3999759000, -0.9059203000, -0.1389184000)
(0.3964774000, -0.9069859000, -0.1420405000)
(0.3984032000, -0.9062891000, -0.1410673000)
(0.4076441000, -0.9029037000, -0.1362900000)
(0.3789913000, -0.9140482000, -0.1444601000)
(0.3858803000, -0.9107322000, -0.1471332000)
(0.3813353000, -0.9128416000, -0.1459048000)
(0.3910795000, -0.9088991000, -0.1446574000)
(0.3996265000, -0.9056093000, -0.1419773000)
(0.4176682000, -0.8987766000, -0.1331421000)
(0.2259818000, -0.9583365000, -0.1746652000)
(0.1866960000, -0.9695742000, -0.1582890000)
(0.1737195000, -0.9718679000, -0.1590187000)
(0.1750234000, -0.9685838000, -0.1765982000)
(0.1994236000, -0.9619434000, -0.1867752000)
(0.4320876000, -0.8922215000, -0.1312725000)
(0.4302942000, -0.8934188000, -0.1289790000)
(0.4291535000, -0.8935013000, -0.1321377000)
(0.4492773000, -0.8844081000, -0.1263774000)
(0.4527440000, -0.8827332000, -0.1256866000)
(0.4471319000, -0.8851707000, -0.1285199000)
(0.4922649000, -0.8624424000, -0.1177265000)
(0.4929166000, -0.8620645000, -0.1177503000)
(0.4947695000, -0.8610389000, -0.1174195000)
(0.4937156000, -0.8616255000, -0.1175512000)
(0.4940491000, -0.8614451000, -0.1175660000)
(0.4936377000, -0.8617180000, -0.1172425000)
(0.4936018000, -0.8616586000, -0.1177888000)
(0.4951352000, -0.8607003000, -0.1184249000)
(0.4953119000, -0.8607203000, -0.1175799000)
(0.4998794000, -0.8579774000, -0.1182070000)
(0.4999674000, -0.8579035000, -0.1184166000)
(0.4988675000, -0.8585910000, -0.1180392000)
(0.4926221000, -0.8606790000, -0.1286044000)
(0.4858359000, -0.8628904000, -0.1392227000)
(0.4908808000, -0.8613377000, -0.1308720000)
(0.4940294000, -0.8604284000, -0.1247840000)
(0.4944624000, -0.8603728000, -0.1235044000)
(0.4970521000, -0.8595188000, -0.1189079000)
(0.4971782000, -0.8594605000, -0.1188150000)
(0.4958929000, -0.8600618000, -0.1198080000)
(0.4930633000, -0.8613571000, -0.1222614000)
(0.4821042000, -0.8673704000, -0.1234395000)
(0.4804628000, -0.8681369000, -0.1244236000)
(0.4821182000, -0.8673903000, -0.1232451000)
(0.4843713000, -0.8653561000, -0.1286148000)
(0.4865603000, -0.8645652000, -0.1255552000)
(0.4920754000, -0.8621835000, -0.1203166000)
(0.4946575000, -0.8606468000, -0.1207084000)
(0.4920960000, -0.8617079000, -0.1236148000)
(0.4972290000, -0.8593501000, -0.1194804000)
(0.4976096000, -0.8590646000, -0.1199107000)
(0.4981339000, -0.8586746000, -0.1205662000)
(0.4979429000, -0.8588687000, -0.1199423000)
(0.4980367000, -0.8590670000, -0.1181543000)
(0.4777297000, -0.8699439000, -0.1222750000)
(0.4754981000, -0.8711616000, -0.1223867000)
(0.3701994000, -0.9186609000, -0.1378004000)
(0.3679708000, -0.9213418000, -0.1253493000)
(0.3884490000, -0.9116708000, -0.1340153000)
(0.4305674000, -0.8927076000, -0.1329632000)
(0.4759589000, -0.8704736000, -0.1253629000)
(0.4516374000, -0.8827580000, -0.1294341000)
(0.4286050000, -0.8934815000, -0.1341004000)
(0.4158920000, -0.8988305000, -0.1382302000)
(0.4196533000, -0.8969381000, -0.1392012000)
(0.4152466000, -0.8985966000, -0.1416433000)
(0.4355901000, -0.8899185000, -0.1352284000)
(0.4436778000, -0.8859085000, -0.1352728000)
(0.1761222000, -0.9657535000, -0.1904502000)
(0.1576317000, -0.9737899000, -0.1638475000)
(0.1601724000, -0.9757805000, -0.1488939000)
(0.3905981000, -0.9099372000, -0.1393538000)
(0.2316751000, -0.9619513000, -0.1447637000)
(0.1785392000, -0.9714266000, -0.1563012000)
(0.1918150000, -0.9707946000, -0.1440074000)
(0.3946670000, -0.9091991000, -0.1325461000)
(0.4078661000, -0.9041045000, -0.1273810000)
(0.3992303000, -0.9081629000, -0.1258780000)
(0.4066438000, -0.9044922000, -0.1284666000)
(0.4036501000, -0.9059420000, -0.1277454000)
(0.4206646000, -0.8984168000, -0.1259945000)
(0.4119183000, -0.9024667000, -0.1259408000)
(0.4071112000, -0.9046371000, -0.1260309000)
(0.4292389000, -0.8932792000, -0.1333446000)
(0.4306099000, -0.8928984000, -0.1314460000)
(0.4355023000, -0.8909176000, -0.1287716000)
(0.4066697000, -0.9043208000, -0.1296044000)
(0.3957296000, -0.9086670000, -0.1330929000)
(0.3925442000, -0.9101586000, -0.1323525000)
(0.3861100000, -0.9131083000, -0.1309036000)
(0.4022134000, -0.9061180000, -0.1309892000)
(0.4233591000, -0.8961601000, -0.1327879000)
(0.4064382000, -0.9038419000, -0.1336643000)
(0.3981996000, -0.9079785000, -0.1303261000)
(0.4075764000, -0.9038911000, -0.1298115000)
(0.3974552000, -0.9081608000, -0.1313790000)
(0.4117006000, -0.9018422000, -0.1309973000)
(0.4131816000, -0.8998085000, -0.1399783000)
(0.4116417000, -0.9005560000, -0.1397430000)
(0.4295668000, -0.8932894000, -0.1322879000)
(0.4209487000, -0.8973989000, -0.1321601000)
(0.4083273000, -0.9039297000, -0.1271584000)
(0.4288122000, -0.8943694000, -0.1273094000)
(0.4348326000, -0.8911847000, -0.1292558000)
(0.4372607000, -0.8900794000, -0.1286148000)
(0.2036404000, -0.9656071000, -0.1615455000)
(0.1805170000, -0.9698037000, -0.1639413000)
(0.4014238000, -0.9063513000, -0.1317927000)
(0.4115875000, -0.9019557000, -0.1306111000)
(0.4072423000, -0.9040101000, -0.1299724000)
(0.4452325000, -0.8862168000, -0.1279884000)
(0.4413225000, -0.8875214000, -0.1324016000)
(0.4366674000, -0.8899072000, -0.1317496000)
(0.4296602000, -0.8932261000, -0.1323611000)
(0.4058927000, -0.9035084000, -0.1374601000)
(0.3939440000, -0.9087102000, -0.1379571000)
(0.4438865000, -0.8870758000, -0.1266156000)
(0.4546912000, -0.8810027000, -0.1306381000)
(0.4772277000, -0.8706182000, -0.1194742000)
(0.4597351000, -0.8810744000, -0.1110116000)
(0.4373370000, -0.8896724000, -0.1312179000)
(0.1755330000, -0.9665154000, -0.1871233000)
(0.1992087000, -0.9509676000, -0.2365511000)
(0.1268150000, -0.9875405000, -0.0930465200)
(0.0730408600, -0.9860463000, -0.1495103000)
(0.0724032100, -0.9821752000, -0.1734011000)
(0.2209217000, -0.9710267000, -0.0910284400)
(0.1003460000, -0.9869754000, -0.1256370000)
(0.1094350000, -0.9874094000, -0.1140993000)
(0.1244535000, -0.9836773000, -0.1299229000)
(0.1685879000, -0.9771729000, -0.1291336000)
(0.0784047800, -0.9818966000, -0.1723325000)
(0.0862732300, -0.9811182000, -0.1730542000)
(0.0971782700, -0.9805722000, -0.1703745000)
(0.4514850000, -0.8821862000, -0.1338016000)
(0.4593087000, -0.8780637000, -0.1342108000)
(0.4507661000, -0.8823938000, -0.1348465000)
(0.4529504000, -0.8816036000, -0.1325927000)
(0.4202948000, -0.8960403000, -0.1429899000)
(0.4186124000, -0.8958398000, -0.1490478000)
(0.4091265000, -0.8990246000, -0.1560983000)
(0.0726075100, -0.9735498000, -0.2165601000)
(0.1009383000, -0.9677796000, -0.2306214000)
(0.0778000100, -0.9772334000, -0.1973076000)
(0.1237093000, -0.9712791000, -0.2032290000)
(0.0893456400, -0.9762151000, -0.1974724000)
(0.0804236200, -0.9737365000, -0.2129545000)
(0.1593547000, -0.9664207000, -0.2015041000)
(0.4303498000, -0.8913268000, -0.1425087000)
(0.4309210000, -0.8909541000, -0.1431624000)
(0.2235450000, -0.9544271000, -0.1977057000)
(0.5107031000, -0.8519090000, -0.1158288000)
(0.5127848000, -0.8496732000, -0.1228192000)
(0.5175129000, -0.8464226000, -0.1254389000)
(0.5038224000, -0.8561894000, -0.1144560000)
(0.5278646000, -0.8430001000, -0.1033863000)
(0.5140349000, -0.8498182000, -0.1164976000)
(0.5178718000, -0.8487139000, -0.1070712000)
(0.4840033000, -0.8671742000, -0.1172234000)
(0.3707714000, -0.9185733000, -0.1369184000)
(0.3697506000, -0.9192777000, -0.1348362000)
(0.4243973000, -0.8965331000, -0.1268298000)
(0.4389058000, -0.8897789000, -0.1250482000)
(0.4380190000, -0.8899616000, -0.1268371000)
(0.4463555000, -0.8857853000, -0.1269744000)
(0.4748697000, -0.8715534000, -0.1219484000)
(0.4592873000, -0.8792934000, -0.1259980000)
(0.3973443000, -0.9062725000, -0.1440740000)
(0.3770750000, -0.9136091000, -0.1520081000)
(0.5027432000, -0.8562505000, -0.1185837000)
(0.5051588000, -0.8547754000, -0.1189714000)
(0.5143482000, -0.8499019000, -0.1143969000)
(0.5158603000, -0.8489217000, -0.1148836000)
(0.5024350000, -0.8555804000, -0.1245480000)
(0.4975779000, -0.8571491000, -0.1330143000)
(0.1091636000, -0.9612882000, -0.2529404000)
(0.1763187000, -0.9596159000, -0.2191415000)
(0.4176843000, -0.8958075000, -0.1518410000)
(0.4835512000, -0.8647305000, -0.1356253000)
(0.4279127000, -0.8906062000, -0.1539280000)
(0.3863475000, -0.9076504000, -0.1639916000)
(0.3791319000, -0.9109759000, -0.1623336000)
(0.3807319000, -0.9092887000, -0.1679971000)
(0.3937081000, -0.9041284000, -0.1659415000)
(0.3859487000, -0.9062335000, -0.1725328000)
(0.3584509000, -0.9152219000, -0.1840304000)
(0.3588315000, -0.9150124000, -0.1842904000)
(0.3966290000, -0.9014994000, -0.1730811000)
(0.3962621000, -0.9011005000, -0.1760218000)
(0.3993836000, -0.8991428000, -0.1789602000)
(0.3916090000, -0.9022194000, -0.1805996000)
(0.4426665000, -0.8818729000, -0.1622577000)
(0.4674771000, -0.8713568000, -0.1489925000)
(0.0791709900, -0.9795895000, -0.1847121000)
(0.1257756000, -0.9702799000, -0.2067077000)
(0.4629670000, -0.8723778000, -0.1568174000)
(0.4262404000, -0.8899767000, -0.1620320000)
(0.1544199000, -0.9668276000, -0.2034101000)
(0.3943247000, -0.9034791000, -0.1679699000)
(0.4100687000, -0.8967953000, -0.1660982000)
(0.3885110000, -0.9050753000, -0.1728949000)
(0.3969637000, -0.9017026000, -0.1712527000)
(0.4165168000, -0.8936869000, -0.1667591000)
(0.4192219000, -0.8924807000, -0.1665143000)
(0.3985558000, -0.9001716000, -0.1756171000)
(0.3744622000, -0.9093098000, -0.1813872000)
(0.3909685000, -0.9028561000, -0.1787808000)
(0.3981787000, -0.9018888000, -0.1673968000)
(0.3969242000, -0.9019097000, -0.1702601000)
(0.4199015000, -0.8924116000, -0.1651522000)
(0.4100384000, -0.8971425000, -0.1643120000)
(0.4102994000, -0.8964695000, -0.1672589000)
(0.3981751000, -0.9031361000, -0.1605990000)
(0.4032019000, -0.9008614000, -0.1607864000)
(0.4204634000, -0.8932180000, -0.1592297000)
(0.4161831000, -0.8954318000, -0.1580876000)
(0.4218073000, -0.8913386000, -0.1660875000)
(0.5112467000, -0.8497791000, -0.1283458000)
(0.5144867000, -0.8475619000, -0.1301505000)
(0.5136864000, -0.8481058000, -0.1296836000)
(0.5129406000, -0.8486213000, -0.1293329000)
(0.5139336000, -0.8480109000, -0.1293816000)
(0.5138059000, -0.8482047000, -0.1285645000)
(0.5137537000, -0.8482660000, -0.1283989000)
(0.5146515000, -0.8477373000, -0.1282529000)
(0.5136359000, -0.8484540000, -0.1275877000)
(0.5124808000, -0.8492109000, -0.1272417000)
(0.5111890000, -0.8500474000, -0.1268115000)
(0.5122584000, -0.8494542000, -0.1264679000)
(0.5136521000, -0.8485315000, -0.1270489000)
(0.4381150000, -0.8868985000, -0.1464063000)
(0.3918931000, -0.9053486000, -0.1635213000)
(0.4205486000, -0.8923247000, -0.1639435000)
(0.4301696000, -0.8901387000, -0.1503047000)
(0.3974248000, -0.9037784000, -0.1587658000)
(0.4118411000, -0.8973233000, -0.1586378000)
(0.4044979000, -0.9012427000, -0.1552993000)
(0.4040807000, -0.9016946000, -0.1537629000)
(0.1917417000, -0.9616429000, -0.1961294000)
(0.1289686000, -0.9629089000, -0.2370020000)
(0.1173586000, -0.9627781000, -0.2434141000)
(0.4409182000, -0.8852047000, -0.1482839000)
(0.4195323000, -0.8946773000, -0.1534087000)
(0.2039886000, -0.9658859000, -0.1595074000)
(0.1280361000, -0.9773650000, -0.1683039000)
(0.1280931000, -0.9750422000, -0.1812532000)
(0.2089046000, -0.9537202000, -0.2162630000)
(0.4299755000, -0.8912486000, -0.1441516000)
(0.4311102000, -0.8901033000, -0.1477947000)
(0.2054726000, -0.9621810000, -0.1787906000)
(0.2057124000, -0.9616824000, -0.1811527000)
(0.1909198000, -0.9608796000, -0.2006182000)
(0.1201951000, -0.9700239000, -0.2111549000)
(0.0900458600, -0.9717356000, -0.2181591000)
(0.0890505000, -0.9669948000, -0.2386714000)
(0.0935627100, -0.9669740000, -0.2370669000)
(0.0930512400, -0.9667902000, -0.2380100000)
(0.0684046100, -0.9665995000, -0.2469675000)
(0.0852402200, -0.9676621000, -0.2373659000)
(0.0986004000, -0.9661890000, -0.2382047000)
(0.1158633000, -0.9689666000, -0.2183073000)
(0.1163954000, -0.9683556000, -0.2207136000)
(0.4990095000, -0.8565464000, -0.1314873000)
(0.4961834000, -0.8582335000, -0.1311860000)
(0.5012005000, -0.8554815000, -0.1301535000)
(0.4495791000, -0.8811062000, -0.1466762000)
(0.4100869000, -0.8974345000, -0.1625461000)
(0.3967575000, -0.9029079000, -0.1652776000)
(0.4078745000, -0.8983277000, -0.1632083000)
(0.3842454000, -0.9063730000, -0.1756177000)
(0.3295671000, -0.9198971000, -0.2124847000)
(0.3281611000, -0.9200183000, -0.2141301000)
(0.3586299000, -0.9111302000, -0.2029707000)
(0.3765787000, -0.9052056000, -0.1969159000)
(0.1703139000, -0.9451852000, -0.2785851000)
(0.1866191000, -0.9488067000, -0.2547771000)
(0.1858404000, -0.9520821000, -0.2428757000)
(0.1864890000, -0.9538230000, -0.2354281000)
(0.4019265000, -0.8990930000, -0.1734103000)
(0.3985753000, -0.9006168000, -0.1731903000)
(0.3686460000, -0.9096655000, -0.1912827000)
(0.1132110000, -0.9547385000, -0.2750002000)
(0.1026443000, -0.9516325000, -0.2895534000)
(0.1132595000, -0.9506804000, -0.2886980000)
(0.3802752000, -0.9044010000, -0.1935128000)
(0.3718471000, -0.9073340000, -0.1961141000)
(0.3669639000, -0.9078225000, -0.2028966000)
(0.1550390000, -0.9473731000, -0.2800604000)
(0.1172474000, -0.9532690000, -0.2784238000)
(0.1700501000, -0.9494702000, -0.2637706000)
(0.4009514000, -0.8968136000, -0.1869002000)
(0.3930474000, -0.8998596000, -0.1890437000)
(0.0902882100, -0.9530388000, -0.2890515000)
(0.0802936600, -0.9515471000, -0.2967904000)
(0.0778353700, -0.9542590000, -0.2886164000)
(0.0827878000, -0.9567254000, -0.2789086000)
(0.0847428400, -0.9592383000, -0.2695577000)
(0.0993194800, -0.9618363000, -0.2548885000)
(0.1636244000, -0.9580139000, -0.2353685000)
(0.4129857000, -0.8934256000, -0.1766787000)
(0.3955165000, -0.9003954000, -0.1811644000)
(0.3894646000, -0.9032060000, -0.1803129000)
(0.3953613000, -0.9007522000, -0.1797469000)
(0.3951582000, -0.9002954000, -0.1824363000)
(0.3951286000, -0.9004295000, -0.1818831000)
(0.3841327000, -0.9039159000, -0.1880162000)
(0.3841836000, -0.9030210000, -0.1922234000)
(0.3947767000, -0.8989841000, -0.1896547000)
(0.4007984000, -0.8968351000, -0.1871636000)
(0.4022613000, -0.8959153000, -0.1883850000)
(0.3972920000, -0.8966918000, -0.1951270000)
(0.4173886000, -0.8899195000, -0.1838432000)
(0.4041158000, -0.8959749000, -0.1841468000)
(0.4181218000, -0.8902311000, -0.1807077000)
(0.4173049000, -0.8903355000, -0.1820562000)
(0.4140204000, -0.8910728000, -0.1859293000)
(0.4019471000, -0.8958729000, -0.1892640000)
(0.3946754000, -0.8981876000, -0.1936185000)
(0.3948927000, -0.8985234000, -0.1915638000)
(0.3647831000, -0.9094921000, -0.1993700000)
(0.3730560000, -0.9063947000, -0.1981063000)
(0.3695496000, -0.9075060000, -0.1996170000)
(0.3750085000, -0.9057710000, -0.1973092000)
(0.2752071000, -0.9325142000, -0.2337694000)
(0.2439085000, -0.9397247000, -0.2395871000)
(0.1887223000, -0.9464324000, -0.2619874000)
(0.1477941000, -0.9533337000, -0.2632416000)
(0.1321095000, -0.9519202000, -0.2763485000)
(0.1343331000, -0.9518052000, -0.2756665000)
(0.1168189000, -0.9468685000, -0.2996321000)
(0.1452727000, -0.9470789000, -0.2861958000)
(0.1441391000, -0.9536161000, -0.2642235000)
(0.1709656000, -0.9537193000, -0.2473185000)
(0.3964386000, -0.9022988000, -0.1693209000)
(0.3882982000, -0.9055182000, -0.1709839000)
(0.3854627000, -0.9067143000, -0.1710701000)
(0.3850627000, -0.9070664000, -0.1700804000)
(0.3824137000, -0.9081144000, -0.1704788000)
(0.4134927000, -0.8958411000, -0.1627600000)
(0.4207135000, -0.8926356000, -0.1618481000)
(0.4234129000, -0.8909695000, -0.1639342000)
(0.4324208000, -0.8868209000, -0.1629016000)
(0.4142427000, -0.8947084000, -0.1669504000)
(0.3884712000, -0.9037012000, -0.1799701000)
(0.3763003000, -0.9084847000, -0.1817306000)
(0.3914274000, -0.9035027000, -0.1744968000)
(0.3966683000, -0.9017916000, -0.1715260000)
(0.2148726000, -0.9637769000, -0.1579506000)
(-0.0247028800, -0.9587119000, -0.2832780000)
(0.0702646100, -0.9719763000, -0.2242913000)
(0.1214629000, -0.9651200000, -0.2318617000)
(0.3826442000, -0.9083766000, -0.1685474000)
(0.3591992000, -0.9176573000, -0.1698854000)
(0.3613096000, -0.9152054000, -0.1784468000)
(0.3645036000, -0.9142979000, -0.1765523000)
(0.3481029000, -0.9191937000, -0.1840782000)
(0.3612085000, -0.9149293000, -0.1800187000)
(0.3689570000, -0.9118878000, -0.1797178000)
(0.3923623000, -0.9026970000, -0.1765612000)
(0.3844298000, -0.9057733000, -0.1782158000)
(0.3621123000, -0.9136864000, -0.1844618000)
(0.3718022000, -0.9084054000, -0.1911733000)
(0.1940317000, -0.9459941000, -0.2596536000)
(0.1209030000, -0.9804128000, -0.1554498000)
(0.1420339000, -0.9453387000, -0.2934987000)
(0.1387804000, -0.9438277000, -0.2998698000)
(0.1847394000, -0.9469655000, -0.2628626000)
(0.4100524000, -0.8993214000, -0.1518719000)
(0.3937244000, -0.9054545000, -0.1584814000)
(0.4111076000, -0.8999695000, -0.1449591000)
(0.3957789000, -0.9068979000, -0.1444520000)
(0.3797927000, -0.9131607000, -0.1478962000)
(0.0960636100, -0.9696256000, -0.2249082000)
(0.0980390100, -0.9660508000, -0.2389893000)
(0.1022249000, -0.9627851000, -0.2501302000)
(0.1336178000, -0.9620031000, -0.2380627000)
(0.4268816000, -0.8940336000, -0.1358195000)
(0.4114774000, -0.9004740000, -0.1407327000)
(0.4097352000, -0.9012089000, -0.1411721000)
(0.4209382000, -0.8969989000, -0.1348608000)
(0.4240509000, -0.8967832000, -0.1262560000)
(0.4162503000, -0.9001935000, -0.1278923000)
(0.1500938000, -0.9542029000, -0.2587391000)
(0.1124447000, -0.9684920000, -0.2221660000)
(0.1239628000, -0.9562426000, -0.2649833000)
(0.1349013000, -0.9576462000, -0.2543517000)
(0.3590161000, -0.9160420000, -0.1787717000)
(0.3730415000, -0.9121969000, -0.1695045000)
(0.4574746000, -0.8769687000, -0.1470415000)
(0.4843554000, -0.8641708000, -0.1363512000)
(0.4803801000, -0.8665680000, -0.1352068000)
(0.4781099000, -0.8679293000, -0.1344834000)
(0.4431977000, -0.8838170000, -0.1497186000)
(0.1212557000, -0.9551130000, -0.2702760000)
(0.4804174000, -0.8663934000, -0.1361595000)
(0.4882918000, -0.8625635000, -0.1324942000)
(0.4895190000, -0.8617800000, -0.1329505000)
(0.4880123000, -0.8625668000, -0.1334816000)
(0.4801124000, -0.8662692000, -0.1380254000)
(0.4251620000, -0.8901437000, -0.1638870000)
(0.3961330000, -0.9008875000, -0.1774138000)
(0.4133928000, -0.8941521000, -0.1719940000)
(0.4509515000, -0.8792643000, -0.1533980000)
(0.4560692000, -0.8774298000, -0.1486323000)
(0.4512290000, -0.8795474000, -0.1509040000)
(0.4018875000, -0.9007356000, -0.1647775000)
(0.1179969000, -0.9593111000, -0.2564475000)
(0.1442702000, -0.9709387000, -0.1909073000)
(0.1939498000, -0.9737751000, -0.1187995000)
(0.4382912000, -0.8924047000, -0.1072334000)
(0.4434444000, -0.8896516000, -0.1088304000)
(0.4489726000, -0.8868670000, -0.1089004000)
(0.2200873000, -0.9700066000, -0.1031357000)
(0.2264552000, -0.9704441000, -0.0833117100)
(0.2621707000, -0.9609244000, -0.0886631600)
(0.4530371000, -0.8845726000, -0.1107531000)
(0.4461040000, -0.8881872000, -0.1099308000)
(0.4590474000, -0.8814602000, -0.1108116000)
(0.4704398000, -0.8755959000, -0.1095997000)
(0.4772969000, -0.8714484000, -0.1129736000)
(0.2153738000, -0.9708152000, -0.1054651000)
(0.2112890000, -0.9708226000, -0.1132937000)
(0.2012659000, -0.9727692000, -0.1148236000)
(0.1654153000, -0.9690865000, -0.1829984000)
(0.1798888000, -0.9669304000, -0.1807420000)
(0.4326915000, -0.8890197000, -0.1496598000)
(0.4259125000, -0.8911476000, -0.1563158000)
(0.4264726000, -0.8907412000, -0.1571511000)
(0.3702209000, -0.9121596000, -0.1757520000)
(0.3671680000, -0.9144956000, -0.1699161000)
(0.3648801000, -0.9137366000, -0.1786660000)
(0.3494996000, -0.9203183000, -0.1756535000)
(0.3604086000, -0.9168587000, -0.1715832000)
(0.3682677000, -0.9136383000, -0.1721402000)
(0.4542909000, -0.8788748000, -0.1455254000)
(0.4551150000, -0.8782246000, -0.1468397000)
(0.4646363000, -0.8736064000, -0.1445928000)
(0.4645981000, -0.8737935000, -0.1436041000)
(0.4071168000, -0.8987363000, -0.1628292000)
(0.3971608000, -0.9028613000, -0.1646108000)
(0.3755307000, -0.9113051000, -0.1687683000)
(0.3713980000, -0.9126531000, -0.1706372000)
(0.3538507000, -0.9191609000, -0.1729934000)
(0.3680280000, -0.9148821000, -0.1659245000)
(0.0298686500, -0.9654188000, -0.2589183000)
(0.1302074000, -0.9674169000, -0.2170985000)
(0.0903703500, -0.9769137000, -0.1935032000)
(0.0729043000, -0.9718854000, -0.2238443000)
(0.0937609900, -0.9772580000, -0.1901465000)
(0.1689580000, -0.9704979000, -0.1719728000)
(0.2068772000, -0.9633366000, -0.1707444000)
(0.4048055000, -0.9042469000, -0.1358765000)
(0.4448352000, -0.8860326000, -0.1306259000)
(0.4268246000, -0.8955304000, -0.1258075000)
(0.4526253000, -0.8829882000, -0.1243370000)
(0.4636875000, -0.8780487000, -0.1183693000)
(0.4641107000, -0.8781199000, -0.1161559000)
(0.4700828000, -0.8747167000, -0.1178197000)
(0.4635522000, -0.8779536000, -0.1196115000)
(0.4613389000, -0.8792384000, -0.1186807000)
(0.4613032000, -0.8790236000, -0.1204423000)
(0.4380388000, -0.8905962000, -0.1222596000)
(0.4319137000, -0.8934861000, -0.1229159000)
(0.4139270000, -0.9018546000, -0.1236738000)
(0.4504867000, -0.8841881000, -0.1235178000)
(0.4623742000, -0.8784199000, -0.1207283000)
(0.4742724000, -0.8717276000, -0.1230597000)
(0.4987933000, -0.8583149000, -0.1203517000)
(0.5007234000, -0.8572369000, -0.1200520000)
(0.5011834000, -0.8569068000, -0.1204187000)
(0.5071319000, -0.8528230000, -0.1245071000)
(0.5038885000, -0.8544884000, -0.1262298000)
(0.5036998000, -0.8544136000, -0.1274715000)
(0.5028200000, -0.8549598000, -0.1272904000)
(0.4875547000, -0.8628749000, -0.1331760000)
(0.4615789000, -0.8754286000, -0.1433994000)
(0.4568523000, -0.8784573000, -0.1399482000)
(0.4440880000, -0.8847996000, -0.1410210000)
(0.4333223000, -0.8910928000, -0.1348067000)
(0.4428392000, -0.8867642000, -0.1324330000)
(0.4364969000, -0.8898773000, -0.1325286000)
(0.4247317000, -0.8954293000, -0.1333964000)
(0.5123713000, -0.8501691000, -0.1211586000)
(0.5120596000, -0.8503698000, -0.1210422000)
(0.5120752000, -0.8503255000, -0.1212542000)
(0.5129098000, -0.8500804000, -0.1195109000)
(0.5126004000, -0.8502353000, -0.1196752000)
(0.5131954000, -0.8498581000, -0.1198134000)
(0.5129748000, -0.8499528000, -0.1200693000)
(0.5070806000, -0.8531649000, -0.1223664000)
(0.4709262000, -0.8725646000, -0.1298157000)
(0.4982980000, -0.8580078000, -0.1245219000)
(0.4966972000, -0.8589601000, -0.1243626000)
(0.4931028000, -0.8608042000, -0.1258540000)
(0.5033961000, -0.8551548000, -0.1235842000)
(0.5055186000, -0.8538655000, -0.1238908000)
(0.5021316000, -0.8559343000, -0.1233468000)
(0.4998402000, -0.8574541000, -0.1221581000)
(0.4917676000, -0.8620886000, -0.1223365000)
(0.4874727000, -0.8642848000, -0.1239546000)
(0.4876640000, -0.8643870000, -0.1225416000)
(0.4831450000, -0.8666080000, -0.1246432000)
(0.4965824000, -0.8590415000, -0.1242747000)
(0.5014403000, -0.8563916000, -0.1229923000)
(0.4994668000, -0.8575580000, -0.1229123000)
(0.4924552000, -0.8611842000, -0.1257958000)
(0.4881037000, -0.8639497000, -0.1238087000)
(0.4940296000, -0.8606903000, -0.1229749000)
(0.4839282000, -0.8661159000, -0.1251074000)
(0.4955468000, -0.8598567000, -0.1227875000)
(0.4673352000, -0.8749658000, -0.1265279000)
(0.4765961000, -0.8699071000, -0.1269441000)
(0.4794141000, -0.8687224000, -0.1243600000)
(0.4862217000, -0.8653569000, -0.1213333000)
(0.4861782000, -0.8654507000, -0.1209298000)
(0.4886518000, -0.8636115000, -0.1240246000)
(0.4664120000, -0.8745289000, -0.1328648000)
(0.4728600000, -0.8709974000, -0.1332787000)
(0.4742614000, -0.8706278000, -0.1305955000)
(0.4723721000, -0.8720000000, -0.1283440000)
(0.4781943000, -0.8692676000, -0.1252804000)
(0.4879387000, -0.8642150000, -0.1225501000)
(0.4903201000, -0.8631352000, -0.1207495000)
(0.4741481000, -0.8718166000, -0.1228974000)
(0.5000767000, -0.8575152000, -0.1207182000)
(0.4870268000, -0.8645833000, -0.1235757000)
(0.4905186000, -0.8624670000, -0.1246624000)
(0.4821362000, -0.8669879000, -0.1259090000)
(0.4732304000, -0.8715607000, -0.1280888000)
(0.5019089000, -0.8557559000, -0.1254797000)
(0.1833168000, -0.9737817000, -0.1346592000)
(0.1637737000, -0.9777107000, -0.1312616000)
(0.1820841000, -0.9743527000, -0.1321573000)
(0.1957990000, -0.9736270000, -0.1170710000)
(0.4814540000, -0.8685240000, -0.1177546000)
(0.4693883000, -0.8743230000, -0.1233594000)
(0.4877265000, -0.8637495000, -0.1267011000)
(0.4956633000, -0.8594774000, -0.1248720000)
(0.4696760000, -0.8730841000, -0.1308565000)
(0.4572852000, -0.8794357000, -0.1321377000)
(0.4534450000, -0.8817149000, -0.1301554000)
(0.4442912000, -0.8857509000, -0.1342533000)
(0.4435551000, -0.8855546000, -0.1379570000)
(0.4741366000, -0.8705856000, -0.1313648000)
(0.4857595000, -0.8660088000, -0.1185678000)
(0.4903494000, -0.8630834000, -0.1208930000)
(0.4842819000, -0.8662048000, -0.1230397000)
(0.4832862000, -0.8666617000, -0.1237870000)
(0.4791641000, -0.8689381000, -0.1238781000)
(0.4782246000, -0.8692634000, -0.1251801000)
(0.4699700000, -0.8742013000, -0.1220214000)
(0.4527687000, -0.8834687000, -0.1202422000)
(0.4891563000, -0.8636830000, -0.1214689000)
(0.4851233000, -0.8655559000, -0.1243346000)
(0.4916264000, -0.8617960000, -0.1248583000)
(0.5046337000, -0.8546171000, -0.1222995000)
(0.4844591000, -0.8657048000, -0.1258487000)
(0.5062557000, -0.8534102000, -0.1240281000)
(0.5047219000, -0.8540400000, -0.1259437000)
(0.4916469000, -0.8619135000, -0.1239462000)
(0.4745811000, -0.8714254000, -0.1239510000)
(0.4629864000, -0.8777289000, -0.1233742000)
(0.4285353000, -0.8949504000, -0.1240794000)
(0.4221430000, -0.8987148000, -0.1186433000)
(0.4300227000, -0.8949970000, -0.1185361000)
(0.4562652000, -0.8818743000, -0.1187347000)
(0.4487832000, -0.8858953000, -0.1173393000)
(0.4588774000, -0.8802915000, -0.1204546000)
(0.4698325000, -0.8746734000, -0.1191644000)
(0.4689883000, -0.8753140000, -0.1177428000)
(0.4945647000, -0.8606828000, -0.1209145000)
(0.4888670000, -0.8644150000, -0.1173559000)
(0.4909792000, -0.8630948000, -0.1183365000)
(0.4696195000, -0.8753005000, -0.1153280000)
(0.4725158000, -0.8719868000, -0.1279145000)
(0.4637347000, -0.8773474000, -0.1232811000)
(0.4854590000, -0.8649465000, -0.1272587000)
(0.5021803000, -0.8553529000, -0.1271787000)
(0.4804932000, -0.8680070000, -0.1252368000)
(0.4996220000, -0.8576019000, -0.1219606000)
(0.5052060000, -0.8544067000, -0.1213951000)
(0.5157431000, -0.8476568000, -0.1243589000)
(0.5143225000, -0.8488192000, -0.1222826000)
(0.4964196000, -0.8588595000, -0.1260920000)
(0.4851016000, -0.8653652000, -0.1256883000)
(0.4874997000, -0.8640408000, -0.1255145000)
(0.4957885000, -0.8594992000, -0.1242798000)
(0.5000624000, -0.8570254000, -0.1241541000)
(0.4575913000, -0.8797167000, -0.1291604000)
(0.4643493000, -0.8758260000, -0.1314615000)
(0.4602421000, -0.8776979000, -0.1334590000)
(0.2629124000, -0.9515221000, -0.1595493000)
(0.1562033000, -0.9760333000, -0.1515044000)
(0.1254421000, -0.9803978000, -0.1518792000)
(0.4133058000, -0.9015930000, -0.1276595000)
(0.4198639000, -0.8985028000, -0.1280040000)
(0.1140504000, -0.9812590000, -0.1552238000)
(0.1117398000, -0.9812305000, -0.1571032000)
(0.1352376000, -0.9776078000, -0.1611581000)
(0.1161735000, -0.9810600000, -0.1549214000)
(0.1369084000, -0.9764901000, -0.1664347000)
(0.1589161000, -0.9733016000, -0.1655470000)
(0.4519598000, -0.8833515000, -0.1240957000)
(0.4581756000, -0.8803042000, -0.1230405000)
(0.4556970000, -0.8815482000, -0.1232936000)
(0.4362879000, -0.8909851000, -0.1256731000)
(0.4232957000, -0.8973071000, -0.1250597000)
(0.4819988000, -0.8677509000, -0.1211645000)
(0.4853608000, -0.8653337000, -0.1249805000)
(0.4882934000, -0.8636979000, -0.1248724000)
(0.4989029000, -0.8577589000, -0.1238492000)
(0.4605125000, -0.8783458000, -0.1281072000)
(0.4812692000, -0.8669207000, -0.1296131000)
(0.4731146000, -0.8696538000, -0.1409025000)
(0.4884603000, -0.8626551000, -0.1311770000)
(0.4668787000, -0.8735922000, -0.1373158000)
(0.4739650000, -0.8697232000, -0.1376145000)
(0.4516826000, -0.8816347000, -0.1366805000)
(0.4927072000, -0.8610094000, -0.1260595000)
(0.5039781000, -0.8544436000, -0.1261603000)
(0.5199854000, -0.8450557000, -0.1244482000)
(0.5261404000, -0.8412507000, -0.1243421000)
(0.5199506000, -0.8443326000, -0.1293199000)
(0.5245837000, -0.8414972000, -0.1291843000)
(0.4815211000, -0.8649961000, -0.1410496000)
(0.4382854000, -0.8857816000, -0.1525856000)
(0.4240200000, -0.8901007000, -0.1670578000)
(0.4122070000, -0.8953004000, -0.1688070000)
(0.4192405000, -0.8920310000, -0.1688123000)
(0.4356424000, -0.8847778000, -0.1654607000)
(0.4862297000, -0.8614535000, -0.1464989000)
(0.0576577100, -0.9584137000, -0.2794534000)
(0.0331783400, -0.9516767000, -0.3052806000)
(0.0442272400, -0.9502761000, -0.3081963000)
(0.0681018500, -0.9670979000, -0.2450604000)
(0.0490499500, -0.9716096000, -0.2313846000)
(0.0650857300, -0.9708122000, -0.2307643000)
(0.0437198300, -0.9762668000, -0.2120810000)
(0.0475242000, -0.9722343000, -0.2290906000)
(0.0657501400, -0.9426194000, -0.3272911000)
(0.0579198400, -0.9829467000, -0.1744451000)
(0.0549222300, -0.9833595000, -0.1731503000)
(0.1228138000, -0.9786757000, -0.1645852000)
(0.1761506000, -0.9690474000, -0.1729051000)
(0.4347716000, -0.8889112000, -0.1441823000)
(0.3975199000, -0.9052438000, -0.1499985000)
(0.3785313000, -0.9128305000, -0.1531217000)
(0.4023977000, -0.9029771000, -0.1506248000)
(0.4053010000, -0.9020251000, -0.1485723000)
(0.4382426000, -0.8872128000, -0.1441401000)
(0.4457571000, -0.8843702000, -0.1385000000)
(0.4431961000, -0.8848981000, -0.1431949000)
(0.4584075000, -0.8761373000, -0.1490993000)
(0.4590965000, -0.8758588000, -0.1486436000)
(0.4418687000, -0.8837459000, -0.1540010000)
(0.4535896000, -0.8778316000, -0.1537933000)
(0.4472603000, -0.8804579000, -0.1572314000)
(0.4307263000, -0.8884385000, -0.1585325000)
(0.4527012000, -0.8785518000, -0.1522444000)
(0.4447567000, -0.8818083000, -0.1568558000)
(0.4122023000, -0.8963773000, -0.1630711000)
(0.3959495000, -0.9044326000, -0.1587899000)
(0.4421903000, -0.8840377000, -0.1514007000)
(0.4429068000, -0.8837833000, -0.1508281000)
(0.5322523000, -0.8363205000, -0.1313635000)
(0.5320289000, -0.8367004000, -0.1299031000)
(0.5323160000, -0.8363197000, -0.1311519000)
(0.5321442000, -0.8363924000, -0.1313654000)
(0.5321854000, -0.8363594000, -0.1313996000)
(0.5329436000, -0.8360699000, -0.1301210000)
(0.5340305000, -0.8354506000, -0.1296956000)
(0.5307648000, -0.8377739000, -0.1281259000)
(0.5342351000, -0.8355554000, -0.1281697000)
(0.5383995000, -0.8329425000, -0.1277942000)
(0.5368356000, -0.8336138000, -0.1299199000)
(0.5181335000, -0.8443980000, -0.1360757000)
(0.4098429000, -0.8965160000, -0.1681546000)
(0.4091855000, -0.8965027000, -0.1697945000)
(0.4597105000, -0.8747506000, -0.1531914000)
(0.4601211000, -0.8748021000, -0.1516309000)
(0.4214630000, -0.8924692000, -0.1607550000)
(0.4577923000, -0.8760796000, -0.1513504000)
(0.4243198000, -0.8902964000, -0.1652729000)
(0.4143616000, -0.8946224000, -0.1671069000)
(0.3859523000, -0.9038441000, -0.1846010000)
(0.3753949000, -0.9094453000, -0.1787785000)
(0.3679092000, -0.9105529000, -0.1884909000)
(0.5346834000, -0.8355051000, -0.1266200000)
(0.5352475000, -0.8351203000, -0.1268060000)
(0.5358880000, -0.8349729000, -0.1250488000)
(0.5358845000, -0.8348148000, -0.1260845000)
(0.5291503000, -0.8385327000, -0.1298148000)
(0.5075356000, -0.8582686000, -0.0759654800)
(0.4986924000, -0.8635975000, -0.0740553800)
(0.5005310000, -0.8629412000, -0.0691618800)
(0.4557513000, -0.8875260000, -0.0676920300)
(0.4310211000, -0.8991517000, -0.0757953600)
(0.4121918000, -0.9077650000, -0.0776583900)
(0.5023406000, -0.8620660000, -0.0669040000)
(0.5015864000, -0.8625072000, -0.0668169000)
(0.5006954000, -0.8629611000, -0.0678207400)
(0.3933862000, -0.9163062000, -0.0749667500)
(0.3940867000, -0.9166451000, -0.0666930300)
(0.3780264000, -0.9233791000, -0.0667256500)
(0.3790179000, -0.9225945000, -0.0717075900)
(0.3765814000, -0.9239881000, -0.0663374400)
(0.3709292000, -0.9261248000, -0.0684703800)
(0.3854147000, -0.9198247000, -0.0732193900)
(0.3793865000, -0.9225913000, -0.0698134900)
(0.1908014000, -0.9633155000, -0.1886953000)
(0.0725041500, -0.9754084000, -0.2080497000)
(0.5003687000, -0.8473625000, -0.1777179000)
(0.5016046000, -0.8464260000, -0.1786787000)
(0.4961222000, -0.8475394000, -0.1884938000)
(-0.0482776800, -0.9713125000, -0.2327780000)
(-0.0016906650, -0.9753709000, -0.2205309000)
(-0.0126637700, -0.9770193000, -0.2126940000)
(-0.0414451800, -0.9711650000, -0.2347422000)
(-0.0380862600, -0.9710102000, -0.2359444000)
(0.0353033600, -0.9719863000, -0.2323427000)
(0.0454337700, -0.9744194000, -0.2200312000)
(0.0413289600, -0.9750465000, -0.2180861000)
(-0.0017671090, -0.9759270000, -0.2180180000)
(0.0144733000, -0.9729291000, -0.2305911000)
(-0.0270223400, -0.9815146000, -0.1894087000)
(0.0243342500, -0.9815562000, -0.1895569000)
(-0.0096186970, -0.9791696000, -0.2027347000)
(-0.0130256300, -0.9635762000, -0.2670877000)
(0.0526437500, -0.9758188000, -0.2121086000)
(0.1319225000, -0.9609365000, -0.2432675000)
(0.4600031000, -0.8780255000, -0.1320800000)
(0.5129648000, -0.8512880000, -0.1102266000)
(0.5108281000, -0.8520007000, -0.1145641000)
(0.5088012000, -0.8532658000, -0.1142014000)
(0.5047014000, -0.8551677000, -0.1180727000)
(0.4919311000, -0.8625112000, -0.1185722000)
(0.4922488000, -0.8624824000, -0.1174089000)
(0.4467714000, -0.8843283000, -0.1354393000)
(0.4464422000, -0.8846396000, -0.1345201000)
(0.4144901000, -0.8983328000, -0.1455582000)
(0.0518830800, -0.9702235000, -0.2365400000)
(0.0557422600, -0.9767747000, -0.2068266000)
(0.0725593600, -0.9759634000, -0.2054472000)
(0.1017752000, -0.9783397000, -0.1802125000)
(0.0954094600, -0.9753402000, -0.1989524000)
(0.3622229000, -0.9175542000, -0.1639475000)
(0.3894385000, -0.9073823000, -0.1580515000)
(0.3869484000, -0.9084354000, -0.1581396000)
(0.4083148000, -0.9000354000, -0.1523524000)
(0.4388048000, -0.8881497000, -0.1364845000)
(0.4204172000, -0.8968983000, -0.1371105000)
(0.4301439000, -0.8910826000, -0.1446772000)
(0.4367706000, -0.8879402000, -0.1440975000)
(0.1467825000, -0.9719049000, -0.1839457000)
(0.1480051000, -0.9661400000, -0.2112962000)
(0.1609150000, -0.9630022000, -0.2161557000)
(0.1296959000, -0.9658155000, -0.2244164000)
(0.1991983000, -0.9557264000, -0.2165091000)
(0.3419186000, -0.9237462000, -0.1725262000)
(0.3495168000, -0.9198311000, -0.1781300000)
(0.3676645000, -0.9147548000, -0.1673838000)
(0.3650334000, -0.9156373000, -0.1683793000)
(0.3570013000, -0.9185104000, -0.1699231000)
(0.3423457000, -0.9233143000, -0.1739615000)
(0.4769700000, -0.8688068000, -0.1329365000)
(0.4774100000, -0.8685806000, -0.1327673000)
(0.4831980000, -0.8665218000, -0.1251192000)
(0.4883640000, -0.8660945000, -0.1065473000)
(0.0707143500, -0.9747047000, -0.2119303000)
(0.1665332000, -0.9663259000, -0.1961136000)
(0.3899298000, -0.9092773000, -0.1454835000)
(0.4096011000, -0.9015713000, -0.1391571000)
(0.4078497000, -0.9026306000, -0.1375192000)
(0.4214709000, -0.8961916000, -0.1385389000)
(0.4298057000, -0.8923258000, -0.1378562000)
(0.3859986000, -0.9086979000, -0.1588917000)
(0.4080175000, -0.8998950000, -0.1538925000)
(0.3718816000, -0.9124237000, -0.1708069000)
(0.4040837000, -0.9014873000, -0.1549781000)
(0.4031353000, -0.9017504000, -0.1558776000)
(0.3807411000, -0.9099445000, -0.1644141000)
(0.3576533000, -0.9177436000, -0.1726187000)
(0.3389315000, -0.9237833000, -0.1781046000)
(0.3780711000, -0.9112374000, -0.1633279000)
(0.4114016000, -0.8990844000, -0.1496042000)
(0.4352362000, -0.8892586000, -0.1406247000)
(0.4274360000, -0.8928393000, -0.1418728000)
(0.4035606000, -0.9007735000, -0.1603797000)
(0.4280854000, -0.8912097000, -0.1499313000)
(0.1170602000, -0.9678836000, -0.2224373000)
(0.0264203100, -0.9641888000, -0.2638414000)
(0.4492256000, -0.8832436000, -0.1343582000)
(0.4345645000, -0.8900927000, -0.1374135000)
(0.4145409000, -0.8991489000, -0.1402563000)
(0.4052827000, -0.9025186000, -0.1455846000)
(0.4165395000, -0.8977584000, -0.1432004000)
(0.4447348000, -0.8852423000, -0.1361394000)
(0.4451664000, -0.8844602000, -0.1397849000)
(0.4234006000, -0.8937557000, -0.1480635000)
(0.4269114000, -0.8922693000, -0.1468935000)
(0.3934973000, -0.9060347000, -0.1557111000)
(0.4356474000, -0.8895388000, -0.1375136000)
(0.4272612000, -0.8929384000, -0.1417242000)
(0.4515148000, -0.8814802000, -0.1382959000)
(0.4542027000, -0.8808407000, -0.1334495000)
(0.4237871000, -0.8948295000, -0.1402655000)
(0.0592150100, -0.9804124000, -0.1878065000)
(0.0474653200, -0.9787548000, -0.1993904000)
(0.0522928400, -0.9833069000, -0.1742288000)
(0.4552863000, -0.8757207000, -0.1606708000)
(0.4056084000, -0.8967103000, -0.1771442000)
(0.4108726000, -0.8922659000, -0.1871927000)
(0.3967573000, -0.8987831000, -0.1864014000)
(0.3884417000, -0.9015059000, -0.1907142000)
(0.3926399000, -0.9001108000, -0.1887531000)
(0.4005696000, -0.8979933000, -0.1820137000)
(0.1191227000, -0.9625325000, -0.2435211000)
(0.1177198000, -0.9622172000, -0.2454411000)
(0.4349702000, -0.8842596000, -0.1699061000)
(0.4194939000, -0.8909262000, -0.1739382000)
(0.4064396000, -0.8963513000, -0.1770769000)
(0.3778663000, -0.9066919000, -0.1873982000)
(0.3964104000, -0.9009459000, -0.1764534000)
(0.3793165000, -0.9076698000, -0.1795652000)
(0.3955351000, -0.9007748000, -0.1792973000)
(0.4046432000, -0.8970557000, -0.1775941000)
(0.4230005000, -0.8902161000, -0.1690070000)
(0.4262845000, -0.8869594000, -0.1776373000)
(0.4071466000, -0.8941221000, -0.1864213000)
(0.3929300000, -0.9008378000, -0.1846125000)
(0.4026346000, -0.8970661000, -0.1820097000)
(0.4083474000, -0.8947285000, -0.1808142000)
(0.3944918000, -0.8990717000, -0.1898173000)
(0.3914815000, -0.9004157000, -0.1897004000)
(0.3720940000, -0.9065823000, -0.1990682000)
(0.2250771000, -0.9418289000, -0.2495177000)
(0.1893534000, -0.9409075000, -0.2807519000)
(0.1383538000, -0.9601136000, -0.2429306000)
(0.0299934600, -0.9624249000, -0.2698180000)
(0.0238743400, -0.9617587000, -0.2728239000)
(0.0280911200, -0.9633838000, -0.2666167000)
(0.1061448000, -0.9620042000, -0.2515209000)
(0.1205696000, -0.9628554000, -0.2415670000)
(0.3982314000, -0.9050439000, -0.1493304000)
(0.0821622400, -0.9640738000, -0.2525677000)
(0.5011517000, -0.8587904000, -0.1063105000)
(0.4959359000, -0.8618126000, -0.1064003000)
(0.5030337000, -0.8578397000, -0.1051739000)
(0.5048666000, -0.8573183000, -0.1005100000)
(0.0642548000, -0.9691487000, -0.2379163000)
(0.0675955200, -0.9687638000, -0.2385339000)
(0.1136075000, -0.9603227000, -0.2546451000)
(0.4887484000, -0.8615887000, -0.1370658000)
(0.4481928000, -0.8808607000, -0.1522903000)
(0.4009543000, -0.9013634000, -0.1635667000)
(0.4327646000, -0.8883520000, -0.1533524000)
(0.4416428000, -0.8850017000, -0.1473054000)
(0.4638155000, -0.8751499000, -0.1377438000)
(0.1086235000, -0.9723458000, -0.2066554000)
(0.1328902000, -0.9752514000, -0.1766175000)
(0.1690479000, -0.9687152000, -0.1816735000)
(0.1666129000, -0.9691880000, -0.1813568000)
(0.4841066000, -0.8644634000, -0.1354176000)
(0.4115921000, -0.8975492000, -0.1580900000)
(0.4175682000, -0.8948603000, -0.1576121000)
(0.0910803400, -0.9640497000, -0.2495625000)
(0.0887475200, -0.9638154000, -0.2513408000)
(0.0854144900, -0.9615545000, -0.2609459000)
(0.0892688900, -0.9637529000, -0.2513693000)
(0.0837259400, -0.9603097000, -0.2660358000)
(0.1013744000, -0.9535335000, -0.2836942000)
(0.4270262000, -0.8987352000, -0.0994560700)
(0.0090620280, -0.9784830000, -0.2060450000)
(0.0652320200, -0.9624697000, -0.2633950000)
(0.4835753000, -0.8701861000, -0.0943808200)
(0.4857460000, -0.8687081000, -0.0968908400)
(0.4318754000, -0.8958245000, -0.1046968000)
(0.4002942000, -0.9089358000, -0.1165969000)
(0.4114833000, -0.9042437000, -0.1140341000)
(0.3851179000, -0.9147456000, -0.1221536000)
(0.4172424000, -0.9011446000, -0.1175926000)
(0.1377731000, -0.9744648000, -0.1772085000)
(0.1343370000, -0.9720338000, -0.1926008000)
(0.1334887000, -0.9552379000, -0.2639799000)
(0.0762860300, -0.9688551000, -0.2355495000)
(0.1046337000, -0.9592025000, -0.2626097000)
(0.1245503000, -0.9573078000, -0.2608238000)
(0.2025482000, -0.9547198000, -0.2179052000)
(0.4068036000, -0.9036238000, -0.1340377000)
(0.4149944000, -0.9003848000, -0.1306271000)
(0.4038905000, -0.9036679000, -0.1422219000)
(0.2003395000, -0.9576849000, -0.2065724000)
(0.1141566000, -0.9667180000, -0.2289083000)
(0.1137781000, -0.9668404000, -0.2285666000)
(0.4375166000, -0.8909486000, -0.1214958000)
(0.4530418000, -0.8840398000, -0.1148953000)
(0.4330868000, -0.8932547000, -0.1204817000)
(0.4497173000, -0.8859255000, -0.1134890000)
(0.4359960000, -0.8931863000, -0.1100994000)
(0.4450658000, -0.8886558000, -0.1104188000)
(0.4536527000, -0.8840543000, -0.1123548000)
(0.4301390000, -0.8925893000, -0.1351176000)
(0.4375184000, -0.8872431000, -0.1461057000)
(0.4077189000, -0.8998207000, -0.1551740000)
(0.4153344000, -0.8959611000, -0.1572853000)
(0.4625887000, -0.8752647000, -0.1411137000)
(0.4495668000, -0.8807328000, -0.1489611000)
(0.4601252000, -0.8759636000, -0.1447448000)
(0.4578851000, -0.8770258000, -0.1454037000)
(0.4192870000, -0.8934723000, -0.1609367000)
(0.4111911000, -0.8970370000, -0.1619185000)
(0.4239635000, -0.8919451000, -0.1571169000)
(0.4897197000, -0.8611519000, -0.1363049000)
(0.4911933000, -0.8601444000, -0.1373999000)
(0.4856584000, -0.8624671000, -0.1423671000)
(0.4786068000, -0.8715003000, -0.1067676000)
(0.4728020000, -0.8743327000, -0.1094156000)
(0.4765212000, -0.8722058000, -0.1102923000)
(0.4807529000, -0.8680565000, -0.1238733000)
(0.4584458000, -0.8807172000, -0.1189205000)
(0.4873454000, -0.8658243000, -0.1133169000)
(0.4742474000, -0.8721628000, -0.1199646000)
(0.4813800000, -0.8694197000, -0.1112482000)
(0.4814535000, -0.8693495000, -0.1114877000)
(0.4535026000, -0.8835264000, -0.1169945000)
(0.4728638000, -0.8742843000, -0.1095956000)
(0.4762487000, -0.8725206000, -0.1090426000)
(0.4692902000, -0.8766630000, -0.1059225000)
(0.4698849000, -0.8761995000, -0.1070999000)
(0.4482792000, -0.8875105000, -0.1065915000)
(0.4312144000, -0.8953253000, -0.1114798000)
(0.4277605000, -0.8974985000, -0.1073034000)
(0.4630392000, -0.8798515000, -0.1070282000)
(0.4840528000, -0.8680981000, -0.1099507000)
(0.4947760000, -0.8622998000, -0.1078207000)
(0.4955392000, -0.8618509000, -0.1079273000)
(0.4953679000, -0.8618972000, -0.1082547000)
(0.4948494000, -0.8621472000, -0.1086823000)
(0.4797580000, -0.8702642000, -0.1116012000)
(0.4772895000, -0.8717313000, -0.1107046000)
(0.4922745000, -0.8633577000, -0.1107887000)
(0.4946879000, -0.8620229000, -0.1104256000)
(0.4944902000, -0.8620808000, -0.1108778000)
(0.4948230000, -0.8618079000, -0.1114536000)
(0.4666261000, -0.8772964000, -0.1122625000)
(0.4399294000, -0.8911489000, -0.1109642000)
(0.4415475000, -0.8904937000, -0.1097621000)
(0.4441027000, -0.8895726000, -0.1069045000)
(0.3961041000, -0.9117279000, -0.1088211000)
(0.4322296000, -0.8948988000, -0.1109755000)
(0.4285313000, -0.8964391000, -0.1128994000)
(0.4420317000, -0.8899861000, -0.1118292000)
(0.4441492000, -0.8883011000, -0.1168180000)
(0.4419022000, -0.8892875000, -0.1177558000)
(0.4412269000, -0.8896894000, -0.1172770000)
(0.4592197000, -0.8806484000, -0.1164379000)
(0.1824346000, -0.9705413000, -0.1573359000)
(0.1516989000, -0.9775159000, -0.1463865000)
(0.1569276000, -0.9699699000, -0.1857259000)
(0.4936078000, -0.8604567000, -0.1262538000)
(0.4972220000, -0.8584318000, -0.1259197000)
(0.4943531000, -0.8599818000, -0.1265951000)
(0.4900424000, -0.8624547000, -0.1265319000)
(0.4977243000, -0.8583121000, -0.1247740000)
(0.4805214000, -0.8663791000, -0.1358818000)
(0.1430843000, -0.9737562000, -0.1769315000)
(0.0938452800, -0.9687016000, -0.2297876000)
(0.0570778600, -0.9775469000, -0.2027952000)
(0.4061418000, -0.9010689000, -0.1520330000)
(0.4085858000, -0.9001421000, -0.1509689000)
(0.4269471000, -0.8921946000, -0.1472525000)
(0.1142529000, -0.9665861000, -0.2294392000)
(0.1140274000, -0.9666451000, -0.2292891000)
(0.1170188000, -0.9665447000, -0.2281939000)
(0.1500036000, -0.9725851000, -0.1775945000)
(0.4832903000, -0.8647367000, -0.1365011000)
(0.4810038000, -0.8657201000, -0.1383379000)
(0.4713745000, -0.8700587000, -0.1441874000)
(0.4145563000, -0.8957294000, -0.1605958000)
(0.4133316000, -0.8964233000, -0.1599307000)
(0.4048436000, -0.8998404000, -0.1623569000)
(0.3899617000, -0.9061418000, -0.1637874000)
(0.4817576000, -0.8649868000, -0.1402800000)
(0.5026888000, -0.8540154000, -0.1340105000)
(0.5029660000, -0.8541449000, -0.1321205000)
(0.5066257000, -0.8519195000, -0.1324235000)
(0.5050941000, -0.8526656000, -0.1334644000)
(0.5056408000, -0.8523394000, -0.1335809000)
(0.4901541000, -0.8603550000, -0.1397633000)
(0.4042840000, -0.9007853000, -0.1584926000)
(0.4378498000, -0.8856791000, -0.1543691000)
(0.4458861000, -0.8823953000, -0.1501618000)
(0.4399194000, -0.8859746000, -0.1466222000)
(0.4335164000, -0.8897233000, -0.1429177000)
(0.3632701000, -0.9199750000, -0.1471450000)
(0.0965587600, -0.9806290000, -0.1703639000)
(0.0941740000, -0.9797054000, -0.1768475000)
(0.0980634500, -0.9773653000, -0.1873837000)
(0.1097993000, -0.9743598000, -0.1963300000)
(0.1138443000, -0.9740053000, -0.1957634000)
(0.1283525000, -0.9685578000, -0.2130852000)
(0.4670781000, -0.8747029000, -0.1293095000)
(0.4637433000, -0.8769449000, -0.1260293000)
(0.4693583000, -0.8741820000, -0.1245000000)
(0.2144227000, -0.9696539000, -0.1173293000)
(0.2229683000, -0.9672908000, -0.1209076000)
(0.2246954000, -0.9675811000, -0.1152227000)
(0.1876826000, -0.9699022000, -0.1550140000)
(0.4839154000, -0.8658117000, -0.1272101000)
(0.4835792000, -0.8664756000, -0.1238605000)
(0.4841912000, -0.8662246000, -0.1233343000)
(0.2472943000, -0.9624113000, -0.1122250000)
(0.2484367000, -0.9620517000, -0.1127214000)
(0.2603207000, -0.9611318000, -0.0919254900)
(0.1879868000, -0.9781680000, -0.0885563400)
(0.2402196000, -0.9646013000, -0.1086893000)
(0.2531209000, -0.9614114000, -0.1077511000)
(0.2833202000, -0.9544538000, -0.0935149600)
(0.4677637000, -0.8755618000, -0.1206577000)
(0.4740401000, -0.8719203000, -0.1225834000)
(0.4622233000, -0.8785254000, -0.1204989000)
(0.4801908000, -0.8682406000, -0.1247410000)
(0.4783603000, -0.8693422000, -0.1240876000)
(0.4950462000, -0.8595052000, -0.1270920000)
(0.2419149000, -0.9644966000, -0.1058264000)
(0.2362051000, -0.9661885000, -0.1032504000)
(0.2225361000, -0.9698347000, -0.0994387900)
(0.5082079000, -0.8495851000, -0.1410941000)
(0.5072447000, -0.8501944000, -0.1408672000)
(0.5114748000, -0.8478483000, -0.1397591000)
(0.5192056000, -0.8429356000, -0.1409078000)
(0.5189768000, -0.8433318000, -0.1394662000)
(0.5192838000, -0.8433120000, -0.1383644000)
(0.5197819000, -0.8429601000, -0.1386611000)
(0.5096720000, -0.8489420000, -0.1397525000)
(0.4315362000, -0.8876353000, -0.1608355000)
(0.4254141000, -0.8922489000, -0.1512876000)
(0.4485704000, -0.8813587000, -0.1482900000)
(0.4428997000, -0.8841698000, -0.1485815000)
(0.4496834000, -0.8808673000, -0.1477349000)
(0.4447048000, -0.8831055000, -0.1494384000)
(0.4461665000, -0.8824889000, -0.1487619000)
(0.4719072000, -0.8696292000, -0.1450777000)
(0.4281203000, -0.8909987000, -0.1510909000)
(0.4930525000, -0.8587508000, -0.1394466000)
(0.4905819000, -0.8602648000, -0.1388264000)
(0.4913287000, -0.8599097000, -0.1383291000)
(0.4930089000, -0.8592736000, -0.1362991000)
(0.4565551000, -0.8798461000, -0.1319249000)
(0.2487443000, -0.9614921000, -0.1167331000)
(0.2092808000, -0.9713241000, -0.1127087000)
(0.2389856000, -0.9658594000, -0.0998958100)
(0.2524186000, -0.9621972000, -0.1021726000)
(0.4660098000, -0.8732473000, -0.1422973000)
(0.4987875000, -0.8546807000, -0.1439138000)
(0.5049253000, -0.8509950000, -0.1443201000)
(0.4979361000, -0.8552969000, -0.1431778000)
(0.3886705000, -0.9188465000, -0.0680608600)
(0.4130011000, -0.9066923000, -0.0855028300)
(0.3959633000, -0.9150642000, -0.0765960500)
(0.4704206000, -0.8745031000, -0.1180832000)
(0.4820571000, -0.8677915000, -0.1205426000)
(0.3667441000, -0.9278513000, -0.0676319600)
(0.3506131000, -0.9336658000, -0.0729915600)
(0.3418417000, -0.9378631000, -0.0594328500)
(0.3434828000, -0.9357018000, -0.0803885700)
(0.4948697000, -0.8585709000, -0.1340041000)
(0.4888738000, -0.8622221000, -0.1325492000)
(0.4973999000, -0.8569024000, -0.1352723000)
(0.5034497000, -0.8530222000, -0.1373792000)
(0.5072068000, -0.8507643000, -0.1375545000)
(0.5097804000, -0.8495415000, -0.1356014000)
(0.5113961000, -0.8483936000, -0.1367049000)
(0.5021286000, -0.8538166000, -0.1373039000)
(0.4883546000, -0.8618865000, -0.1365330000)
(0.5002499000, -0.8546245000, -0.1391430000)
(0.2137343000, -0.9650139000, -0.1518213000)
(0.2932734000, -0.9469266000, -0.1315513000)
(0.2564571000, -0.9522941000, -0.1653984000)
(0.4943890000, -0.8584727000, -0.1363411000)
(0.2424407000, -0.9569748000, -0.1594055000)
(0.2281477000, -0.9574228000, -0.1768135000)
(0.2626307000, -0.9589276000, -0.1071478000)
(0.4810388000, -0.8670830000, -0.1294132000)
(0.4572082000, -0.8804334000, -0.1255887000)
(0.2612583000, -0.9591154000, -0.1087652000)
(0.2751853000, -0.9547285000, -0.1129364000)
(0.4998830000, -0.8565727000, -0.1279847000)
(0.5052662000, -0.8529948000, -0.1307549000)
(0.4921124000, -0.8602933000, -0.1330496000)
(0.4868951000, -0.8632023000, -0.1334136000)
(0.4869636000, -0.8640754000, -0.1274268000)
(0.5004351000, -0.8562815000, -0.1277854000)
(0.4913285000, -0.8618205000, -0.1258285000)
(0.4995164000, -0.8568490000, -0.1276218000)
(0.5005339000, -0.8563243000, -0.1271573000)
(0.5043584000, -0.8534881000, -0.1310654000)
(0.5051048000, -0.8529753000, -0.1315241000)
(0.4934441000, -0.8596581000, -0.1322151000)
(0.5016927000, -0.8543124000, -0.1358184000)
(0.4908401000, -0.8616569000, -0.1288835000)
(0.5045080000, -0.8535374000, -0.1300700000)
(0.5089296000, -0.8510135000, -0.1294570000)
(0.5074921000, -0.8522121000, -0.1271777000)
(0.5122913000, -0.8490528000, -0.1290614000)
(0.5115522000, -0.8499349000, -0.1261308000)
(0.5122038000, -0.8495371000, -0.1261934000)
(0.5140684000, -0.8481398000, -0.1279322000)
(0.5081306000, -0.8523640000, -0.1235724000)
(0.5084146000, -0.8521954000, -0.1235925000)
(0.5093634000, -0.8515514000, -0.1240466000)
(0.4996661000, -0.8578438000, -0.1201227000)
(0.4951711000, -0.8607344000, -0.1179794000)
(0.5034279000, -0.8557358000, -0.1194709000)
(0.4990248000, -0.8571808000, -0.1273159000)
(0.4982559000, -0.8576004000, -0.1274867000)
(0.4901110000, -0.8618029000, -0.1306775000)
(0.5025396000, -0.8550293000, -0.1278664000)
(0.4980289000, -0.8581353000, -0.1246663000)
(0.4903698000, -0.8619670000, -0.1285786000)
(0.5010515000, -0.8558360000, -0.1283675000)
(0.4987071000, -0.8571211000, -0.1288761000)
(0.5026261000, -0.8549545000, -0.1280511000)
(0.5158122000, -0.8471740000, -0.1273751000)
(0.3049892000, -0.9474742000, -0.0961455200)
(0.3373085000, -0.9390682000, -0.0660915900)
(0.5160161000, -0.8462803000, -0.1323857000)
(0.5133822000, -0.8480545000, -0.1312578000)
(0.5043191000, -0.8539667000, -0.1279758000)
(0.5054671000, -0.8531262000, -0.1291301000)
(0.5029876000, -0.8547385000, -0.1281057000)
(0.5047535000, -0.8534989000, -0.1293981000)
(0.5013954000, -0.8555046000, -0.1292103000)
(0.4976969000, -0.8577726000, -0.1284785000)
(0.3663622000, -0.9264991000, -0.0857646200)
(0.3628573000, -0.9278011000, -0.0865902000)
(0.4874495000, -0.8640088000, -0.1259525000)
(0.4879665000, -0.8639044000, -0.1247003000)
(0.2075739000, -0.9739802000, -0.0908453400)
(0.2432153000, -0.9643839000, -0.1038598000)
(0.2672006000, -0.9593574000, -0.0906543700)
(0.4680076000, -0.8756994000, -0.1187420000)
(0.4725966000, -0.8731895000, -0.1191004000)
(0.4566749000, -0.8808978000, -0.1242773000)
(0.4443855000, -0.8875598000, -0.1213605000)
(0.4590019000, -0.8804638000, -0.1186507000)
(0.4545844000, -0.8825813000, -0.1199963000)
(0.4499399000, -0.8864914000, -0.1079843000)
(0.3662417000, -0.9245772000, -0.1049116000)
(0.3493791000, -0.9326570000, -0.0897514300)
(0.3265198000, -0.9416998000, -0.0810411100)
(0.3096962000, -0.9485121000, -0.0662294000)
(0.4632983000, -0.8788407000, -0.1139611000)
(0.4368466000, -0.8909640000, -0.1238125000)
(0.4428093000, -0.8879672000, -0.1241478000)
(0.4354928000, -0.8916501000, -0.1236478000)
(0.2210483000, -0.9661233000, -0.1331325000)
(0.2072594000, -0.9688293000, -0.1356356000)
(0.2374182000, -0.9658781000, -0.1034106000)
(0.4711909000, -0.8738781000, -0.1195607000)
(0.2677157000, -0.9593127000, -0.0896119400)
(0.2488025000, -0.9556072000, -0.1577727000)
(0.1830336000, -0.9735535000, -0.1365908000)
(0.1179746000, -0.9827761000, -0.1421535000)
(0.4575452000, -0.8798321000, -0.1285216000)
(0.4238212000, -0.8959197000, -0.1329745000)
(0.4367590000, -0.8884357000, -0.1410422000)
(0.4232941000, -0.8956144000, -0.1366588000)
(0.4381171000, -0.8888809000, -0.1338604000)
(0.4261629000, -0.8949999000, -0.1316398000)
(0.4508236000, -0.8829100000, -0.1311780000)
(0.4799501000, -0.8683172000, -0.1251154000)
(0.0978097900, -0.9806085000, -0.1697365000)
(0.0929677000, -0.9810694000, -0.1698433000)
(0.0917456600, -0.9813986000, -0.1685761000)
(0.4779142000, -0.8694259000, -0.1251996000)
(0.4610985000, -0.8773931000, -0.1324922000)
(0.4163441000, -0.8971241000, -0.1476310000)
(0.3632516000, -0.9169844000, -0.1648747000)
(0.3929613000, -0.9051102000, -0.1623244000)
(0.4010603000, -0.9018676000, -0.1605597000)
(0.4369988000, -0.8877289000, -0.1447285000)
(0.4685370000, -0.8736295000, -0.1312450000)
(0.1672955000, -0.9738744000, -0.1534860000)
(0.2125272000, -0.9653272000, -0.1515312000)
(0.4988441000, -0.8617935000, -0.0919347300)
(0.4955906000, -0.8633717000, -0.0947515900)
(0.4978656000, -0.8623446000, -0.0921301000)
(0.4971258000, -0.8628923000, -0.0909840800)
(0.4942510000, -0.8646395000, -0.0900437500)
(0.4914277000, -0.8661378000, -0.0910066800)
(0.2459567000, -0.9669955000, 0.0663723100)
(0.2394018000, -0.9698829000, 0.0446030500)
(0.2590902000, -0.9651884000, 0.0354814300)
(0.4854805000, -0.8692475000, -0.0932829200)
(0.4753372000, -0.8749286000, -0.0924557100)
(0.4803758000, -0.8719041000, -0.0949698800)
(0.4939329000, -0.8633644000, -0.1029873000)
(0.4917717000, -0.8646870000, -0.1022408000)
(0.4949099000, -0.8626353000, -0.1043824000)
(0.4892959000, -0.8655602000, -0.1066364000)
(0.4904310000, -0.8651699000, -0.1045639000)
(0.4853674000, -0.8676723000, -0.1073806000)
(0.4768634000, -0.8723497000, -0.1077143000)
(0.4722962000, -0.8743641000, -0.1113620000)
(0.4878933000, -0.8657451000, -0.1114307000)
(0.4871798000, -0.8660108000, -0.1125212000)
(0.4910227000, -0.8637818000, -0.1129586000)
(0.4953718000, -0.8614753000, -0.1116397000)
(0.4952716000, -0.8608295000, -0.1169245000)
(0.4974928000, -0.8595396000, -0.1168858000)
(0.4976984000, -0.8595972000, -0.1155922000)
(0.4966390000, -0.8600352000, -0.1169755000)
(0.4940547000, -0.8615404000, -0.1168168000)
(0.4972674000, -0.8595778000, -0.1175652000)
(0.4982974000, -0.8586558000, -0.1199987000)
(0.5006837000, -0.8573955000, -0.1190891000)
(0.5010991000, -0.8567049000, -0.1222537000)
(0.5004873000, -0.8570318000, -0.1224607000)
(0.5017238000, -0.8565494000, -0.1207450000)
(0.5020922000, -0.8566508000, -0.1185051000)
(0.5029464000, -0.8558375000, -0.1206514000)
(0.4966233000, -0.8593358000, -0.1219859000)
(0.5093451000, -0.8535817000, -0.1092661000)
(0.1672128000, -0.9729109000, -0.1595308000)
(0.1615509000, -0.9764847000, -0.1426431000)
(0.4924900000, -0.8637962000, -0.1062790000)
(0.4987016000, -0.8606800000, -0.1025187000)
(0.4916477000, -0.8644785000, -0.1046334000)
(0.4985228000, -0.8605223000, -0.1047355000)
(0.5087579000, -0.8544170000, -0.1054644000)
(0.5082027000, -0.8551921000, -0.1017280000)
(0.5096639000, -0.8541224000, -0.1034134000)
(0.5066831000, -0.8557978000, -0.1042844000)
(0.4808964000, -0.8661522000, -0.1360230000)
(0.1188415000, -0.9684945000, -0.2188130000)
(0.1110585000, -0.9804595000, -0.1622894000)
(0.1292799000, -0.9690365000, -0.2103078000)
(0.1873626000, -0.9661410000, -0.1773613000)
(0.4343487000, -0.8880883000, -0.1503764000)
(0.4248199000, -0.8931407000, -0.1476749000)
(0.1820481000, -0.9716976000, -0.1504785000)
(0.1953093000, -0.9712518000, -0.1360552000)
(0.4521053000, -0.8821002000, -0.1322213000)
(0.4697136000, -0.8727041000, -0.1331439000)
(0.4863622000, -0.8637660000, -0.1317291000)
(0.4742872000, -0.8698824000, -0.1354575000)
(0.4617150000, -0.8759041000, -0.1399816000)
(0.4950975000, -0.8581492000, -0.1358109000)
(0.1411739000, -0.9743044000, -0.1754629000)
(0.1404575000, -0.9744146000, -0.1753787000)
(0.3672169000, -0.9193676000, -0.1410607000)
(-0.0090286210, -0.9802017000, -0.1977543000)
(0.4695690000, -0.8756852000, -0.1125975000)
(0.4919124000, -0.8631848000, -0.1136542000)
(0.4829180000, -0.8684512000, -0.1120997000)
(0.4805619000, -0.8697554000, -0.1121311000)
(0.4841169000, -0.8678985000, -0.1112360000)
(0.4814575000, -0.8692499000, -0.1122551000)
(0.4868092000, -0.8661470000, -0.1130397000)
(0.4921920000, -0.8630328000, -0.1135666000)
(0.4833038000, -0.8681504000, -0.1127867000)
(0.4639449000, -0.8784674000, -0.1141808000)
(0.4652947000, -0.8775401000, -0.1158447000)
(0.2206963000, -0.9660237000, -0.1343878000)
(0.1886232000, -0.9739254000, -0.1260332000)
(0.4901516000, -0.8640125000, -0.1149082000)
(0.4948580000, -0.8616482000, -0.1125673000)
(0.4879374000, -0.8652669000, -0.1149573000)
(0.4475928000, -0.8846854000, -0.1303014000)
(0.4840202000, -0.8666043000, -0.1212860000)
(0.4873497000, -0.8647704000, -0.1210270000)
(0.4895540000, -0.8630284000, -0.1244752000)
(0.4949014000, -0.8604309000, -0.1212566000)
(0.4958222000, -0.8605955000, -0.1162305000)
(0.4801180000, -0.8661647000, -0.1386892000)
(0.4746856000, -0.8705293000, -0.1297314000)
(0.4835398000, -0.8652935000, -0.1320314000)
(0.4790010000, -0.8679985000, -0.1308325000)
(0.4573610000, -0.8780346000, -0.1409820000)
(0.4033936000, -0.8997353000, -0.1665053000)
(0.4249940000, -0.8925230000, -0.1508866000)
(0.4665066000, -0.8740010000, -0.1358758000)
(0.4815136000, -0.8667855000, -0.1296046000)
(0.4800294000, -0.8677634000, -0.1286733000)
(0.4845366000, -0.8658218000, -0.1247193000)
(0.1023010000, -0.9755381000, -0.1945319000)
(0.1101449000, -0.9667439000, -0.2307670000)
(0.4211275000, -0.8943675000, -0.1508090000)
(0.4008597000, -0.9022440000, -0.1589438000)
(0.4425089000, -0.8848459000, -0.1456956000)
(0.0845222000, -0.9627607000, -0.2567309000)
(0.0543139400, -0.9656720000, -0.2540018000)
(0.0475311100, -0.9672623000, -0.2492423000)
(0.0411969600, -0.9662020000, -0.2543972000)
(0.0378516200, -0.9658046000, -0.2564369000)
(-0.0027909330, -0.9697176000, -0.2441913000)
(-0.0080800960, -0.9652475000, -0.2611712000)
(-0.0144831300, -0.9699652000, -0.2427685000)
(0.4686934000, -0.8741009000, -0.1274672000)
(0.4746004000, -0.8715026000, -0.1233348000)
(0.4717531000, -0.8727770000, -0.1253045000)
(0.4511338000, -0.8831559000, -0.1284400000)
(0.4551372000, -0.8818246000, -0.1234153000)
(0.4959714000, -0.8596728000, -0.1223277000)
(0.4948664000, -0.8604419000, -0.1213918000)
(0.4974056000, -0.8588338000, -0.1224000000)
(0.4989838000, -0.8580503000, -0.1214873000)
(0.4961686000, -0.8596227000, -0.1218907000)
(0.4691423000, -0.8733878000, -0.1307060000)
(0.4877596000, -0.8651364000, -0.1166831000)
(0.4893817000, -0.8641502000, -0.1171811000)
(0.4927015000, -0.8621007000, -0.1183844000)
(0.4945785000, -0.8608840000, -0.1194478000)
(0.4937565000, -0.8612130000, -0.1204183000)
(0.4623078000, -0.8775103000, -0.1274147000)
(0.4603124000, -0.8780479000, -0.1308302000)
(0.4313583000, -0.8917970000, -0.1363812000)
(0.4164330000, -0.8982513000, -0.1404225000)
(0.4242520000, -0.8940620000, -0.1436995000)
(0.4021724000, -0.9010595000, -0.1622555000)
(0.4109987000, -0.8978119000, -0.1581383000)
(0.4162983000, -0.8957301000, -0.1560113000)
(0.4125372000, -0.8971843000, -0.1576223000)
(0.4283455000, -0.8904413000, -0.1537157000)
(0.4253497000, -0.8921229000, -0.1522532000)
(0.4152507000, -0.8965161000, -0.1542977000)
(0.4241707000, -0.8935760000, -0.1469605000)
(0.1425649000, -0.9633901000, -0.2270081000)
(0.1337023000, -0.9626122000, -0.2355408000)
(0.2348939000, -0.9638115000, -0.1259215000)
(0.4897310000, -0.8626487000, -0.1264469000)
(0.4955641000, -0.8593839000, -0.1259867000)
(0.4604451000, -0.8776779000, -0.1329192000)
(0.4542971000, -0.8805243000, -0.1351646000)
(0.4794458000, -0.8679060000, -0.1298120000)
(0.4761841000, -0.8697192000, -0.1296833000)
(0.4892556000, -0.8626836000, -0.1280123000)
(0.4841027000, -0.8654573000, -0.1289328000)
(0.4670236000, -0.8733474000, -0.1383375000)
(0.4350559000, -0.8901575000, -0.1353517000)
(0.4199382000, -0.8951770000, -0.1492993000)
(0.4696630000, -0.8729288000, -0.1318756000)
(0.4510249000, -0.8812257000, -0.1414198000)
(0.4644412000, -0.8759646000, -0.1302933000)
(0.4620888000, -0.8765011000, -0.1349629000)
(0.4435889000, -0.8861110000, -0.1342343000)
(0.4483837000, -0.8835608000, -0.1350726000)
(0.4342210000, -0.8901510000, -0.1380941000)
(0.1348286000, -0.9783961000, -0.1566190000)
(0.1325370000, -0.9783408000, -0.1589429000)
(0.1257739000, -0.9796996000, -0.1560217000)
(0.1204716000, -0.9744903000, -0.1893046000)
(0.4797126000, -0.8677669000, -0.1297304000)
(0.4236692000, -0.8956641000, -0.1352240000)
(0.4282500000, -0.8935180000, -0.1349284000)
(0.4557104000, -0.8802852000, -0.1319482000)
(0.4328035000, -0.8910561000, -0.1366424000)
(0.4743415000, -0.8702087000, -0.1330913000)
(0.4718982000, -0.8715360000, -0.1331342000)
(0.4716379000, -0.8714825000, -0.1343739000)
(0.4893020000, -0.8623759000, -0.1298965000)
(0.4786870000, -0.8679535000, -0.1322577000)
(0.4786556000, -0.8679164000, -0.1325915000)
(0.4922608000, -0.8609111000, -0.1284060000)
(0.4902915000, -0.8625983000, -0.1246237000)
(0.4931255000, -0.8604082000, -0.1285298000)
(0.4877791000, -0.8646805000, -0.1199709000)
(0.2133138000, -0.9615434000, -0.1729596000)
(0.1688050000, -0.9711490000, -0.1683615000)
(0.4887010000, -0.8608093000, -0.1420205000)
(0.5028501000, -0.8539392000, -0.1338349000)
(0.5047356000, -0.8523442000, -0.1368710000)
(0.5026594000, -0.8543119000, -0.1322034000)
(0.5058125000, -0.8530471000, -0.1282051000)
(0.4985878000, -0.8564334000, -0.1338574000)
(0.5043176000, -0.8535975000, -0.1304934000)
(0.5085951000, -0.8512307000, -0.1292892000)
(0.5113834000, -0.8493686000, -0.1306048000)
(0.5114423000, -0.8493087000, -0.1307037000)
(0.5180378000, -0.8451979000, -0.1313583000)
(0.5001953000, -0.8550074000, -0.1369755000)
(0.5010545000, -0.8555994000, -0.1299283000)
(0.5036010000, -0.8541486000, -0.1295909000)
(0.5069557000, -0.8520444000, -0.1303703000)
(0.5067214000, -0.8517103000, -0.1333960000)
(0.5009816000, -0.8549188000, -0.1345926000)
(0.1763699000, -0.9720715000, -0.1547297000)
(0.1428334000, -0.9768561000, -0.1591741000)
(0.1621344000, -0.9732959000, -0.1624710000)
(0.5005187000, -0.8554364000, -0.1330162000)
(0.4984240000, -0.8571342000, -0.1298765000)
(0.2551468000, -0.9658005000, -0.0459180000)
(0.2541478000, -0.9650751000, -0.0634308800)
(0.2670943000, -0.9623429000, -0.0502579300)
(0.4922866000, -0.8622198000, -0.1191721000)
(0.4920786000, -0.8619482000, -0.1219920000)
(0.4927610000, -0.8615232000, -0.1223091000)
(0.4595001000, -0.8796436000, -0.1227470000)
(0.4793256000, -0.8690449000, -0.1224817000)
(0.4926063000, -0.8612558000, -0.1246869000)
(0.4988891000, -0.8576865000, -0.1243124000)
(0.5012631000, -0.8561890000, -0.1251128000)
(0.5005609000, -0.8567921000, -0.1237543000)
(0.4941222000, -0.8608289000, -0.1217200000)
(0.4956125000, -0.8601890000, -0.1201302000)
(0.4947678000, -0.8607817000, -0.1194115000)
(0.4853516000, -0.8666502000, -0.1154346000)
(0.4871405000, -0.8655440000, -0.1162936000)
(0.4877467000, -0.8658890000, -0.1109916000)
(0.4958458000, -0.8600615000, -0.1201244000)
(0.4961868000, -0.8599160000, -0.1196307000)
(0.4932978000, -0.8608143000, -0.1250529000)
(0.4718248000, -0.8720154000, -0.1301610000)
(0.4784807000, -0.8685355000, -0.1291335000)
(0.4792768000, -0.8680558000, -0.1294773000)
(0.2566437000, -0.9559962000, -0.1420411000)
(0.1815799000, -0.9438765000, -0.2758527000)
(0.4983234000, -0.8585607000, -0.1205360000)
(0.4966508000, -0.8610654000, -0.1089618000)
(0.4860151000, -0.8660669000, -0.1170017000)
(0.4862353000, -0.8663358000, -0.1140984000)
(0.4863587000, -0.8667165000, -0.1105972000)
(0.4969997000, -0.8606510000, -0.1107593000)
(0.4933008000, -0.8625223000, -0.1126616000)
(0.4912868000, -0.8633633000, -0.1149965000)
(0.4879256000, -0.8652983000, -0.1147716000)
(0.5058885000, -0.8553699000, -0.1113750000)
(0.5020266000, -0.8576729000, -0.1110780000)
(0.4979601000, -0.8600410000, -0.1110730000)
(0.4796408000, -0.8703771000, -0.1112416000)
(0.4834805000, -0.8678104000, -0.1146058000)
(0.4870910000, -0.8662446000, -0.1110689000)
(0.4852074000, -0.8672975000, -0.1111945000)
(0.2365259000, -0.9659787000, -0.1045566000)
(0.2590795000, -0.9618271000, -0.0880015900)
(0.3087085000, -0.9509140000, -0.0211190700)
(0.4711109000, -0.8769016000, -0.0953676600)
(0.4783463000, -0.8725807000, -0.0988497100)
(0.4881764000, -0.8642095000, -0.1216567000)
(0.4938554000, -0.8613971000, -0.1186320000)
(0.1398447000, -0.9756694000, -0.1687626000)
(0.1620208000, -0.9757147000, -0.1473079000)
(0.2229431000, -0.9646676000, -0.1403852000)
(0.2481285000, -0.9589529000, -0.1371378000)
(0.4895272000, -0.8637019000, -0.1199051000)
(0.4953254000, -0.8603125000, -0.1203533000)
(0.4948628000, -0.8604446000, -0.1213696000)
(0.4961176000, -0.8596112000, -0.1221223000)
(0.5044168000, -0.8550659000, -0.1200858000)
(0.4915068000, -0.8621649000, -0.1228399000)
(0.5036930000, -0.8561092000, -0.1155376000)
(0.4980521000, -0.8587227000, -0.1205669000)
(0.4941069000, -0.8613195000, -0.1181468000)
(0.4933169000, -0.8602373000, -0.1288452000)
(0.1421411000, -0.9660494000, -0.2157222000)
(-0.0922110900, -0.9503281000, -0.2972333000)
(-0.0831638700, -0.9479879000, -0.3072201000)
(0.5058018000, -0.8514323000, -0.1385952000)
(0.5066110000, -0.8509034000, -0.1388894000)
(0.5008817000, -0.8553131000, -0.1324763000)
(0.4991800000, -0.8547276000, -0.1423310000)
(0.4957893000, -0.8578412000, -0.1351949000)
(0.4886079000, -0.8614520000, -0.1383233000)
(0.4468837000, -0.8832333000, -0.1420841000)
(0.4397377000, -0.8860753000, -0.1465418000)
(0.4338808000, -0.8903575000, -0.1378244000)
(0.4188233000, -0.8958210000, -0.1485653000)
(0.5010682000, -0.8544490000, -0.1372472000)
(0.5004172000, -0.8547941000, -0.1375057000)
(0.5031128000, -0.8528602000, -0.1396420000)
(0.5048764000, -0.8517663000, -0.1398901000)
(0.1511726000, -0.9746855000, -0.1646363000)
(0.1837328000, -0.9577450000, -0.2212401000)
(0.1455934000, -0.9737945000, -0.1746519000)
(0.1137531000, -0.9789211000, -0.1695556000)
(0.1674142000, -0.9692504000, -0.1802841000)
(0.4832679000, -0.8670781000, -0.1208635000)
(0.4853999000, -0.8657891000, -0.1215682000)
(0.4815643000, -0.8675263000, -0.1244083000)
(0.4831795000, -0.8663066000, -0.1266714000)
(0.1883608000, -0.9698933000, -0.1542830000)
(0.2142274000, -0.9699489000, -0.1153015000)
(0.2310206000, -0.9654598000, -0.1203531000)
(0.4910681000, -0.8625826000, -0.1215764000)
(0.4811962000, -0.8679816000, -0.1226740000)
(0.4580459000, -0.8797219000, -0.1274962000)
(0.4768173000, -0.8703070000, -0.1232492000)
(0.4771948000, -0.8701190000, -0.1231154000)
(0.4621303000, -0.8782017000, -0.1232284000)
(0.4684932000, -0.8747232000, -0.1239795000)
(0.4799171000, -0.8688577000, -0.1214240000)
(0.4903865000, -0.8633621000, -0.1187841000)
(0.4936134000, -0.8614719000, -0.1191374000)
(0.4952326000, -0.8606031000, -0.1187302000)
(0.4902265000, -0.8638279000, -0.1160605000)
(0.4901708000, -0.8641957000, -0.1135299000)
(0.4946338000, -0.8613856000, -0.1155096000)
(0.4873307000, -0.8658613000, -0.1130433000)
(0.5018699000, -0.8574507000, -0.1135767000)
(0.4939030000, -0.8615574000, -0.1172851000)
(0.4928019000, -0.8616463000, -0.1212428000)
(0.2849152000, -0.9515059000, -0.1159121000)
(0.3123866000, -0.9435763000, -0.1098581000)
(0.4822792000, -0.8673859000, -0.1226578000)
(0.4939664000, -0.8606220000, -0.1237302000)
(0.5008018000, -0.8569320000, -0.1218322000)
(0.5017858000, -0.8560231000, -0.1241408000)
(0.5020367000, -0.8557229000, -0.1251862000)
(0.4989824000, -0.8575345000, -0.1250456000)
(0.4873976000, -0.8637117000, -0.1282110000)
(0.4684796000, -0.8739246000, -0.1295340000)
(0.4657298000, -0.8745356000, -0.1351892000)
(0.4697633000, -0.8728105000, -0.1323309000)
(0.4545674000, -0.8805839000, -0.1339310000)
(0.4736791000, -0.8708115000, -0.1314835000)
(0.4790445000, -0.8684376000, -0.1277773000)
(0.4869616000, -0.8643248000, -0.1257383000)
(0.4975275000, -0.8582619000, -0.1258426000)
(0.5040293000, -0.8550216000, -0.1219655000)
(0.5056081000, -0.8540760000, -0.1220169000)
(0.5077594000, -0.8525591000, -0.1237026000)
(0.5031431000, -0.8549230000, -0.1262318000)
(0.5029950000, -0.8544397000, -0.1299924000)
(0.4955187000, -0.8585641000, -0.1315982000)
(0.4636623000, -0.8734216000, -0.1487882000)
(0.4618880000, -0.8765284000, -0.1354141000)
(0.4423701000, -0.8866352000, -0.1348052000)
(0.3760651000, -0.9091066000, -0.1791221000)
(0.3546581000, -0.9306548000, -0.0898502300)
(-0.0451872900, -0.9732217000, -0.2253110000)
(0.4929065000, -0.8592048000, -0.1371471000)
(0.4954377000, -0.8582079000, -0.1341996000)
(0.0869254500, -0.9706103000, -0.2243576000)
(0.4941332000, -0.8585093000, -0.1369998000)
(0.5065483000, -0.8507109000, -0.1402627000)
(0.5095927000, -0.8503714000, -0.1310831000)
(0.5128736000, -0.8486121000, -0.1295956000)
(0.5136991000, -0.8473802000, -0.1342953000)
(0.5169203000, -0.8448636000, -0.1377529000)
(0.5056646000, -0.8521085000, -0.1348687000)
(0.5102807000, -0.8488811000, -0.1378759000)
(0.5083864000, -0.8499212000, -0.1384512000)
(0.5012875000, -0.8545283000, -0.1358836000)
(0.5014055000, -0.8542278000, -0.1373521000)
(0.5022612000, -0.8535966000, -0.1381818000)
(0.5039834000, -0.8524858000, -0.1387798000)
(0.5011342000, -0.8542731000, -0.1381197000)
(0.4984442000, -0.8559725000, -0.1372909000)
(0.5037966000, -0.8521616000, -0.1413580000)
(0.5033662000, -0.8522426000, -0.1424318000)
(0.5008875000, -0.8536415000, -0.1428479000)
(0.4999268000, -0.8542164000, -0.1427392000)
(0.4988338000, -0.8549935000, -0.1418644000)
(0.4957124000, -0.8569281000, -0.1411840000)
(0.4951124000, -0.8574882000, -0.1398364000)
(0.4904069000, -0.8605424000, -0.1377009000)
(0.4970845000, -0.8562486000, -0.1404208000)
(0.4945914000, -0.8574202000, -0.1420615000)
(0.4946731000, -0.8573973000, -0.1420142000)
(0.4949190000, -0.8571707000, -0.1424807000)
(0.4944179000, -0.8575959000, -0.1416260000)
(0.3786539000, -0.9211944000, -0.0895232400)
(0.4570768000, -0.8806598000, -0.1245070000)
(0.4686210000, -0.8738704000, -0.1293523000)
(0.4708562000, -0.8721970000, -0.1324454000)
(0.4732883000, -0.8707551000, -0.1332969000)
(0.4642048000, -0.8762546000, -0.1291206000)
(0.4676345000, -0.8743325000, -0.1297698000)
(0.4644432000, -0.8752229000, -0.1351495000)
(0.4725582000, -0.8709317000, -0.1347033000)
(0.4851137000, -0.8635413000, -0.1376946000)
(0.4949696000, -0.8582084000, -0.1359338000)
(0.4968937000, -0.8550110000, -0.1484953000)
(0.5157708000, -0.8467804000, -0.1301230000)
(0.4838026000, -0.8687353000, -0.1058857000)
(0.4814069000, -0.8687335000, -0.1163467000)
(0.4905634000, -0.8646088000, -0.1085827000)
(0.4750566000, -0.8732232000, -0.1085941000)
(0.4919754000, -0.8630759000, -0.1141966000)
(0.4887133000, -0.8652512000, -0.1116930000)
(0.5005471000, -0.8583645000, -0.1124320000)
(0.4999168000, -0.8582902000, -0.1157938000)
(0.4917907000, -0.8633037000, -0.1132945000)
(0.2862566000, -0.9569237000, -0.0482889400)
(0.2494889000, -0.9668221000, -0.0545681300)
(0.4859313000, -0.8649131000, -0.1255958000)
(0.4848812000, -0.8651375000, -0.1281458000)
(0.4861440000, -0.8645748000, -0.1271180000)
(0.4860831000, -0.8643708000, -0.1287074000)
(0.4883784000, -0.8628612000, -0.1301487000)
(0.4862585000, -0.8640471000, -0.1302042000)
(0.4859771000, -0.8641998000, -0.1302686000)
(0.4873580000, -0.8633502000, -0.1307321000)
(0.4784435000, -0.8688701000, -0.1270133000)
(0.4739535000, -0.8717315000, -0.1242545000)
(0.4836755000, -0.8656301000, -0.1293855000)
(0.4897430000, -0.8622299000, -0.1292411000)
(0.4924516000, -0.8602141000, -0.1323513000)
(0.4965251000, -0.8582174000, -0.1300171000)
(0.4924237000, -0.8605964000, -0.1299551000)
(0.4876700000, -0.8630284000, -0.1316580000)
(0.4853732000, -0.8642351000, -0.1322262000)
(0.4780031000, -0.8678131000, -0.1356427000)
(0.4890665000, -0.8622431000, -0.1316127000)
(0.4856422000, -0.8646261000, -0.1286477000)
(0.4795274000, -0.8679411000, -0.1292481000)
(0.4920150000, -0.8612021000, -0.1274734000)
(0.5017253000, -0.8556499000, -0.1269910000)
(0.5005941000, -0.8554925000, -0.1323576000)
(0.4975677000, -0.8569052000, -0.1345834000)
(0.4951024000, -0.8583977000, -0.1341796000)
(0.4781728000, -0.8668569000, -0.1410692000)
(0.4708019000, -0.8705227000, -0.1432588000)
(0.4891173000, -0.8613621000, -0.1370985000)
(0.4841174000, -0.8642641000, -0.1366460000)
(0.4767177000, -0.8688347000, -0.1335714000)
(0.4569377000, -0.8791502000, -0.1352459000)
(0.4344497000, -0.8908070000, -0.1330365000)
(0.4286684000, -0.8936320000, -0.1328455000)
(0.4514554000, -0.8821384000, -0.1342125000)
(0.4638845000, -0.8753079000, -0.1364674000)
(0.4692233000, -0.8721359000, -0.1385576000)
(0.4854760000, -0.8634243000, -0.1370692000)
(0.4883498000, -0.8616717000, -0.1379269000)
(0.4955873000, -0.8576145000, -0.1374092000)
(0.5011547000, -0.8537365000, -0.1413109000)
(0.5016475000, -0.8534477000, -0.1413276000)
(0.5006412000, -0.8541169000, -0.1408507000)
(0.4995243000, -0.8547488000, -0.1409581000)
(0.1805080000, -0.9748393000, -0.1307120000)
(0.1811320000, -0.9745843000, -0.1317630000)
(0.1749283000, -0.9752887000, -0.1348190000)
(0.4973712000, -0.8595711000, -0.1172898000)
(0.5063022000, -0.8545208000, -0.1159145000)
(0.3016354000, -0.9446068000, -0.1293116000)
(0.4613548000, -0.8790477000, -0.1200139000)
(0.2938465000, -0.9468841000, -0.1305651000)
(0.2892238000, -0.9482498000, -0.1310143000)
(0.3161727000, -0.9396366000, -0.1308058000)
(0.4900980000, -0.8628480000, -0.1236615000)
(0.4859492000, -0.8654761000, -0.1215785000)
(0.4862897000, -0.8652691000, -0.1217193000)
(0.4890925000, -0.8639721000, -0.1197219000)
(0.4930156000, -0.8617948000, -0.1193418000)
(0.4956235000, -0.8603937000, -0.1186052000)
(0.5013247000, -0.8571732000, -0.1179298000)
(0.5032374000, -0.8558626000, -0.1193215000)
(0.5075081000, -0.8528084000, -0.1230434000)
(0.5084417000, -0.8521715000, -0.1235853000)
(0.5089629000, -0.8517621000, -0.1242156000)
(0.5088314000, -0.8518305000, -0.1243313000)
(0.5107017000, -0.8505058000, -0.1257294000)
(0.5062078000, -0.8535638000, -0.1231474000)
(0.4809937000, -0.8669352000, -0.1306315000)
(0.4644758000, -0.8760756000, -0.1294179000)
(0.5080737000, -0.8505225000, -0.1358630000)
(0.5062883000, -0.8503647000, -0.1432848000)
(0.5089195000, -0.8494082000, -0.1396321000)
(0.5091187000, -0.8492551000, -0.1398078000)
(0.5096119000, -0.8487992000, -0.1407917000)
(0.5056118000, -0.8512848000, -0.1401880000)
(0.5039415000, -0.8518993000, -0.1424808000)
(0.4787925000, -0.8655710000, -0.1467057000)
(0.4921727000, -0.8587463000, -0.1425429000)
(0.4917569000, -0.8588486000, -0.1433554000)
(0.4929766000, -0.8577729000, -0.1455091000)
(0.4903294000, -0.8591411000, -0.1464270000)
(0.4620351000, -0.8725150000, -0.1588175000)
(0.4320028000, -0.8858185000, -0.1693761000)
(0.1996081000, -0.9512332000, -0.2351376000)
(0.1799259000, -0.9547828000, -0.2366487000)
(0.1902123000, -0.9677854000, -0.1649021000)
(0.1987076000, -0.9686762000, -0.1488456000)
(0.2209161000, -0.9640394000, -0.1477127000)
(0.4818336000, -0.8671030000, -0.1262708000)
(0.4878289000, -0.8639833000, -0.1246834000)
(0.4913052000, -0.8618491000, -0.1258315000)
(0.4873214000, -0.8635525000, -0.1295511000)
(0.4859453000, -0.8636132000, -0.1341875000)
(0.4870800000, -0.8629447000, -0.1343918000)
(0.4818361000, -0.8658279000, -0.1347059000)
(0.4850998000, -0.8635800000, -0.1374826000)
(0.4963059000, -0.8572517000, -0.1370360000)
(0.4978457000, -0.8568386000, -0.1339853000)
(0.5044244000, -0.8531184000, -0.1331590000)
(0.2121620000, -0.9652347000, -0.1525918000)
(0.1719368000, -0.9767503000, -0.1279845000)
(0.2000402000, -0.9695885000, -0.1408894000)
(0.4847827000, -0.8631653000, -0.1410713000)
(0.4865756000, -0.8619577000, -0.1422786000)
(0.4978093000, -0.8556718000, -0.1414507000)
(0.4966272000, -0.8557724000, -0.1449171000)
(0.4951632000, -0.8565145000, -0.1454961000)
(0.4813282000, -0.8633611000, -0.1514222000)
(0.4768442000, -0.8656402000, -0.1525660000)
(0.4941494000, -0.8573236000, -0.1442367000)
(0.4825653000, -0.8629115000, -0.1499598000)
(0.4720773000, -0.8690448000, -0.1479033000)
(0.4792968000, -0.8658676000, -0.1433369000)
(0.4636684000, -0.8738877000, -0.1460280000)
(0.4602815000, -0.8759702000, -0.1442681000)
(0.4753443000, -0.8688340000, -0.1384094000)
(0.4680955000, -0.8726404000, -0.1392074000)
(0.4754431000, -0.8686111000, -0.1394275000)
(0.4709661000, -0.8707923000, -0.1410028000)
(0.4782514000, -0.8673270000, -0.1378351000)
(0.4842560000, -0.8643882000, -0.1353758000)
(0.4811930000, -0.8650588000, -0.1418331000)
(0.4823700000, -0.8648597000, -0.1390155000)
(0.4899829000, -0.8603341000, -0.1405014000)
(0.4949171000, -0.8576669000, -0.1394346000)
(0.4926032000, -0.8591323000, -0.1386105000)
(0.4930789000, -0.8589105000, -0.1383220000)
(0.4918851000, -0.8593313000, -0.1398865000)
(0.4892299000, -0.8606859000, -0.1408808000)
(0.4892516000, -0.8610711000, -0.1384799000)
(0.4753576000, -0.8689909000, -0.1373465000)
(0.4845553000, -0.8635979000, -0.1392434000)
(0.4645506000, -0.8752983000, -0.1342425000)
(0.4618476000, -0.8771802000, -0.1313382000)
(0.4684413000, -0.8737183000, -0.1309980000)
(0.2875643000, -0.9500865000, -0.1209379000)
(0.2872296000, -0.9493783000, -0.1271506000)
(0.2867485000, -0.9510189000, -0.1154196000)
(0.2956687000, -0.9445913000, -0.1425530000)
(0.4681836000, -0.8733881000, -0.1341134000)
(0.4728931000, -0.8708133000, -0.1343437000)
(0.4761751000, -0.8691034000, -0.1337624000)
(0.4742240000, -0.8711994000, -0.1268843000)
(0.4838686000, -0.8655279000, -0.1293250000)
(0.4801289000, -0.8676432000, -0.1290527000)
(0.4789740000, -0.8682050000, -0.1295691000)
(0.4888990000, -0.8623205000, -0.1317921000)
(0.4812100000, -0.8669257000, -0.1298574000)
(0.4739496000, -0.8700825000, -0.1353644000)
(0.4924224000, -0.8597427000, -0.1354566000)
(0.4902182000, -0.8610795000, -0.1349747000)
(0.4729955000, -0.8698875000, -0.1397811000)
(0.4860847000, -0.8632145000, -0.1362906000)
(0.4731619000, -0.8698074000, -0.1397850000)
(0.4591298000, -0.8765429000, -0.1443955000)
(0.4958433000, -0.8577549000, -0.1355920000)
(0.4936950000, -0.8587686000, -0.1370136000)
(0.4874262000, -0.8625585000, -0.1356022000)
(0.4851050000, -0.8637170000, -0.1365923000)
(0.4458594000, -0.8836830000, -0.1425042000)
(0.4503424000, -0.8817060000, -0.1406286000)
(0.4539843000, -0.8795164000, -0.1425460000)
(0.4677230000, -0.8721349000, -0.1435075000)
(0.5013131000, -0.8544570000, -0.1362728000)
(0.5012259000, -0.8548391000, -0.1341884000)
(0.4965303000, -0.8575551000, -0.1343470000)
(0.5132405000, -0.8478071000, -0.1333493000)
(0.5023895000, -0.8545523000, -0.1316930000)
(0.5083122000, -0.8507133000, -0.1337106000)
(0.2214487000, -0.9559608000, -0.1925582000)
(0.2289080000, -0.9534971000, -0.1960206000)
(0.2308993000, -0.9528888000, -0.1966703000)
(0.5004265000, -0.8534384000, -0.1455774000)
(0.4962015000, -0.8561420000, -0.1441866000)
(0.5110484000, -0.8479813000, -0.1404655000)
(0.5071540000, -0.8500894000, -0.1418312000)
(0.5138086000, -0.8457181000, -0.1440016000)
(0.5084454000, -0.8490018000, -0.1437162000)
(0.5119389000, -0.8466074000, -0.1455074000)
(0.5026821000, -0.8515155000, -0.1490204000)
(0.5011721000, -0.8522072000, -0.1502275000)
(0.4989201000, -0.8533423000, -0.1511868000)
(0.4843605000, -0.8618137000, -0.1505616000)
(0.4528980000, -0.8771910000, -0.1593837000)
(0.4384271000, -0.8847175000, -0.1582146000)
(0.4658696000, -0.8722281000, -0.1488424000)
(0.4702314000, -0.8698466000, -0.1491558000)
(0.4895819000, -0.8592629000, -0.1481799000)
(0.4969085000, -0.8551338000, -0.1477201000)
(0.4846169000, -0.8617788000, -0.1498626000)
(0.4948783000, -0.8559527000, -0.1497182000)
(0.4920792000, -0.8572967000, -0.1513084000)
(0.4974190000, -0.8541246000, -0.1517912000)
(0.4925566000, -0.8568436000, -0.1523344000)
(0.4939929000, -0.8558699000, -0.1530662000)
(0.5085145000, -0.8478940000, -0.1499173000)
(0.5142766000, -0.8445906000, -0.1489057000)
(0.5044881000, -0.8500191000, -0.1514875000)
(0.4768277000, -0.8633537000, -0.1650013000)
(0.4683921000, -0.8671923000, -0.1690483000)
(0.5012934000, -0.8519177000, -0.1513879000)
(0.5099211000, -0.8476146000, -0.1467023000)
(0.5114179000, -0.8472111000, -0.1438015000)
(0.5135265000, -0.8462049000, -0.1421225000)
(0.5118772000, -0.8473982000, -0.1409945000)
(0.5058746000, -0.8511515000, -0.1400581000)
(0.2213411000, -0.9635402000, -0.1502634000)
(0.1676883000, -0.9702339000, -0.1746721000)
(0.1623764000, -0.9656771000, -0.2026779000)
(0.4885461000, -0.8590372000, -0.1528112000)
(0.5025287000, -0.8519534000, -0.1470242000)
(0.5102823000, -0.8474679000, -0.1462694000)
(0.4990997000, -0.8538226000, -0.1479338000)
(0.4474948000, -0.8792972000, -0.1630011000)
(0.4428911000, -0.8831064000, -0.1547893000)
(0.5078409000, -0.8492242000, -0.1446046000)
(0.5159574000, -0.8448796000, -0.1412804000)
(0.5193168000, -0.8429462000, -0.1405165000)
(0.5136744000, -0.8464987000, -0.1398771000)
(0.5153712000, -0.8451802000, -0.1415504000)
(0.5136463000, -0.8461851000, -0.1418377000)
(0.5078310000, -0.8495231000, -0.1428414000)
(0.5047369000, -0.8512630000, -0.1433954000)
(0.4974398000, -0.8552608000, -0.1451906000)
(0.4972983000, -0.8549891000, -0.1472571000)
(0.5081771000, -0.8490790000, -0.1442061000)
(0.5032690000, -0.8517455000, -0.1457357000)
(0.4950765000, -0.8560475000, -0.1485451000)
(0.4796894000, -0.8629198000, -0.1589452000)
(0.4534839000, -0.8743089000, -0.1729897000)
(0.4668982000, -0.8700666000, -0.1579869000)
(0.4771264000, -0.8647019000, -0.1569320000)
(0.5021349000, -0.8520770000, -0.1476851000)
(0.5122215000, -0.8469135000, -0.1427039000)
(0.5131466000, -0.8466743000, -0.1407719000)
(0.5090151000, -0.8490684000, -0.1413201000)
(0.5084359000, -0.8489288000, -0.1441807000)
(0.5033335000, -0.8514737000, -0.1471310000)
(0.4814463000, -0.8635285000, -0.1500161000)
(0.4956685000, -0.8558207000, -0.1478834000)
(0.4903954000, -0.8581982000, -0.1516649000)
(0.4932826000, -0.8569669000, -0.1492590000)
(0.4968752000, -0.8555140000, -0.1455534000)
(0.2632659000, -0.9391818000, -0.2204398000)
(0.0973542900, -0.9667750000, -0.2363240000)
(0.2323639000, -0.9557208000, -0.1805511000)
(0.2013538000, -0.9296751000, -0.3084641000)
(0.2198520000, -0.9724163000, -0.0777747200)
(0.1851973000, -0.9541220000, -0.2352227000)
(0.5058206000, -0.8513622000, -0.1389498000)
(0.4806378000, -0.8662261000, -0.1364351000)
(0.4907938000, -0.8585190000, -0.1484461000)
(0.4909938000, -0.8588094000, -0.1461669000)
(0.4908108000, -0.8589433000, -0.1459176000)
(0.4998393000, -0.8542122000, -0.1430206000)
(0.4696776000, -0.8680236000, -0.1609968000)
(0.4551891000, -0.8774770000, -0.1510771000)
(0.3342073000, -0.9327773000, -0.1349574000)
(0.4355361000, -0.8865143000, -0.1561538000)
(0.4518016000, -0.8789753000, -0.1525146000)
(0.1956163000, -0.9691534000, -0.1498971000)
(0.1881979000, -0.9698668000, -0.1547013000)
(0.1676877000, -0.9743273000, -0.1502132000)
(0.1217040000, -0.9829644000, -0.1376530000)
(0.1278426000, -0.9824693000, -0.1355854000)
(0.1200491000, -0.9811751000, -0.1512395000)
(0.4276943000, -0.9036847000, 0.0204762000)
(0.3019241000, -0.9509435000, -0.0672390200)
(0.4651381000, -0.8735386000, -0.1433464000)
(0.4576233000, -0.8768768000, -0.1471666000)
(0.4664535000, -0.8725279000, -0.1452101000)
(0.4663664000, -0.8725988000, -0.1451575000)
(0.4784254000, -0.8666053000, -0.1417608000)
(0.4824962000, -0.8637248000, -0.1454372000)
(0.2685028000, -0.9600333000, -0.0788415500)
(0.2623172000, -0.9617593000, -0.0787870400)
(0.3006137000, -0.9531241000, -0.0342501200)
(0.3347148000, -0.9418351000, -0.0296656600)
(0.4737950000, -0.8755131000, -0.0947743600)
(0.4694273000, -0.8770366000, -0.1021235000)
(0.4782033000, -0.8721124000, -0.1035407000)
(0.4827335000, -0.8695679000, -0.1039107000)
(0.3930489000, -0.9109320000, -0.1253309000)
(0.1612020000, -0.9800509000, -0.1161775000)
(0.4458789000, -0.8868037000, -0.1214036000)
(0.4475949000, -0.8857735000, -0.1226688000)
(0.4539715000, -0.8828863000, -0.1200673000)
(0.4572185000, -0.8798658000, -0.1295208000)
(0.4338502000, -0.8910525000, -0.1332914000)
(0.2048574000, -0.9747023000, -0.0892992400)
(0.2226267000, -0.9706915000, -0.0903654900)
(0.1990374000, -0.9754930000, -0.0936578800)
(0.4539900000, -0.8799942000, -0.1396023000)
(0.2040904000, -0.9755542000, -0.0813932300)
(0.2295136000, -0.9697787000, -0.0827078400)
(0.4543331000, -0.8901585000, 0.0341604100)
(0.4696097000, -0.8759796000, -0.1099983000)
(0.4690159000, -0.8766639000, -0.1071115000)
(0.4850734000, -0.8681747000, -0.1047588000)
(0.4940751000, -0.8632141000, -0.1036188000)
(0.2995473000, -0.9494519000, -0.0937072100)
(0.2461942000, -0.9499982000, -0.1920045000)
(0.2637470000, -0.9543395000, -0.1402005000)
(0.4919463000, -0.8643373000, -0.1044384000)
(0.4885421000, -0.8654537000, -0.1109588000)
(0.2380473000, -0.9708563000, 0.0274441700)
(0.4507710000, -0.8856236000, -0.1116754000)
(0.4476979000, -0.8863289000, -0.1182112000)
(0.4421860000, -0.8901061000, -0.1103036000)
(0.4531218000, -0.8829269000, -0.1228915000)
(0.4560931000, -0.8819273000, -0.1190526000)
(0.4567089000, -0.8814496000, -0.1202380000)
(0.4652268000, -0.8766307000, -0.1227174000)
(0.4498736000, -0.8833773000, -0.1313211000)
(0.4423472000, -0.8884463000, -0.1223544000)
(0.4585510000, -0.8797708000, -0.1253491000)
(0.4688669000, -0.8743165000, -0.1253695000)
(0.4893238000, -0.8636618000, -0.1209818000)
(0.4980818000, -0.8586715000, -0.1208100000)
(0.4930272000, -0.8610045000, -0.1248342000)
(0.4369881000, -0.8938912000, -0.0998946600)
(0.2737909000, -0.9598886000, -0.0602243500)
(0.2827663000, -0.9577320000, -0.0526592700)
(0.4253223000, -0.8997735000, -0.0973827200)
(0.4385932000, -0.8922960000, -0.1069550000)
(0.4370585000, -0.8922308000, -0.1135250000)
(0.4137752000, -0.9045932000, -0.1023642000)
(0.2315633000, -0.9679840000, -0.0967307200)
(0.1986606000, -0.9747760000, -0.1015877000)
(0.1989777000, -0.9747527000, -0.1011743000)
(0.4045857000, -0.9048520000, -0.1324437000)
(0.4070003000, -0.9032687000, -0.1357869000)
(0.4235689000, -0.8957509000, -0.1349709000)
(0.4369564000, -0.8885295000, -0.1399096000)
(0.4469002000, -0.8837842000, -0.1385378000)
(0.4451391000, -0.8843803000, -0.1404344000)
(0.4403818000, -0.8868639000, -0.1396787000)
(0.4490203000, -0.8885608000, -0.0938525900)
(0.1476502000, -0.9863424000, -0.0728980600)
(0.2810084000, -0.9596176000, -0.0117692900)
(0.2793131000, -0.9598169000, -0.0266465800)
(0.3172601000, -0.9478253000, -0.0309897700)
(0.3228415000, -0.9459563000, -0.0302317600)
(0.3191248000, -0.9385644000, -0.1312928000)
(0.4541455000, -0.8844601000, -0.1071229000)
(0.4255827000, -0.8975448000, -0.1152127000)
(0.4432119000, -0.8879431000, -0.1228706000)
(0.4412273000, -0.8901799000, -0.1135298000)
(0.4371856000, -0.8916345000, -0.1176201000)
(0.4470116000, -0.8849725000, -0.1303337000)
(0.4473366000, -0.8848299000, -0.1301981000)
(0.4555610000, -0.8812745000, -0.1257038000)
(0.4360755000, -0.8925414000, -0.1149202000)
(0.4294080000, -0.8959283000, -0.1135821000)
(0.4260947000, -0.8976586000, -0.1123939000)
(0.4440154000, -0.8886256000, -0.1148279000)
(0.2304381000, -0.9730417000, -0.0083706500)
(0.4518659000, -0.8850874000, -0.1114361000)
(0.4440202000, -0.8889685000, -0.1121078000)
(0.4471764000, -0.8869511000, -0.1154379000)
(0.4482025000, -0.8861169000, -0.1179268000)
(0.4608038000, -0.8778654000, -0.1303991000)
(0.4396672000, -0.8890087000, -0.1278072000)
(0.4526502000, -0.8818149000, -0.1322568000)
(0.4650917000, -0.8747383000, -0.1359893000)
(0.4638758000, -0.8755481000, -0.1350281000)
(0.4591747000, -0.8781691000, -0.1339733000)
(0.4332279000, -0.8905197000, -0.1387851000)
(0.0776547000, -0.9828656000, -0.1670810000)
(0.0506262800, -0.9813973000, -0.1851423000)
(0.1279649000, -0.9834578000, -0.1281196000)
(0.4350904000, -0.8899154000, -0.1368158000)
(0.4463325000, -0.8825722000, -0.1478141000)
(0.4535086000, -0.8793351000, -0.1452239000)
(0.4613613000, -0.8747836000, -0.1479388000)
(0.4623007000, -0.8730924000, -0.1548678000)
(0.4502741000, -0.8821860000, -0.1377970000)
(0.4153718000, -0.9035454000, -0.1051845000)
(0.4277058000, -0.8982059000, -0.1013733000)
(0.4346589000, -0.8951994000, -0.0983864400)
(0.4410231000, -0.8915824000, -0.1028017000)
(0.4440209000, -0.8890641000, -0.1113611000)
(0.4593478000, -0.8808779000, -0.1141476000)
(0.4746221000, -0.8719032000, -0.1204527000)
(0.4231608000, -0.8996833000, -0.1071390000)
(0.3653546000, -0.9259776000, -0.0952019000)
(0.3962969000, -0.9125960000, -0.1004673000)
(0.1597842000, -0.9824780000, -0.0959023700)
(0.1461754000, -0.9815440000, -0.1232288000)
(0.1340712000, -0.9845503000, -0.1125932000)
(0.1404607000, -0.9852111000, -0.0980680000)
(0.1694073000, -0.9819196000, -0.0843889900)
(0.4448770000, -0.8889399000, -0.1088998000)
(0.4523491000, -0.8851320000, -0.1091802000)
(0.4099462000, -0.9043021000, -0.1190488000)
(0.3989619000, -0.9106523000, -0.1072854000)
(0.4023536000, -0.9075031000, -0.1205597000)
(0.4076177000, -0.9058291000, -0.1152976000)
(0.3955454000, -0.9110841000, -0.1160102000)
(0.3796763000, -0.9212489000, -0.0844515900)
(0.3769418000, -0.9224108000, -0.0839941000)
(0.3926672000, -0.9156185000, -0.0862005900)
(0.3980724000, -0.9140041000, -0.0781908900)
(0.4089028000, -0.9077987000, -0.0932549500)
(0.4043114000, -0.9107616000, -0.0838106600)
(0.4031539000, -0.9103468000, -0.0934204000)
(0.4147013000, -0.9043668000, -0.1006067000)
(0.4203790000, -0.9019365000, -0.0987991400)
(0.2138282000, -0.9703821000, -0.1122744000)
(0.2308608000, -0.9672996000, -0.1050038000)
(0.2233197000, -0.9690080000, -0.1054802000)
(0.4343136000, -0.8934819000, -0.1142240000)
(0.4673890000, -0.8750763000, -0.1255984000)
(0.4671047000, -0.8764123000, -0.1170071000)
(0.4456613000, -0.8921829000, -0.0733720100)
(0.4058943000, -0.9106903000, -0.0766618400)
(0.4247894000, -0.9022921000, -0.0736253700)
(0.4397151000, -0.8945580000, -0.0799907400)
(0.4577219000, -0.8846338000, -0.0888091500)
(0.4647340000, -0.8805755000, -0.0926532400)
(0.4634105000, -0.8811317000, -0.0940455300)
(0.4665658000, -0.8786261000, -0.1015756000)
(0.4751914000, -0.8733438000, -0.1069988000)
(0.4436505000, -0.8884914000, -0.1171740000)
(0.4436274000, -0.8884810000, -0.1174419000)
(0.4415379000, -0.8880556000, -0.1279482000)
(0.4531696000, -0.8820181000, -0.1290766000)
(0.4541085000, -0.8816743000, -0.1280966000)
(0.4523724000, -0.8815226000, -0.1351631000)
(0.0961060200, -0.9750627000, -0.1999815000)
(0.4409161000, -0.8832080000, -0.1597340000)
(0.4566083000, -0.8764447000, -0.1527501000)
(0.4803171000, -0.8640354000, -0.1506977000)
(0.4922439000, -0.8574885000, -0.1496267000)
(0.4949117000, -0.8564475000, -0.1467887000)
(0.4792723000, -0.8665699000, -0.1390388000)
(0.4348678000, -0.8936487000, -0.1107247000)
(0.4496616000, -0.8850128000, -0.1205448000)
(0.4438983000, -0.8887364000, -0.1143284000)
(0.4518527000, -0.8843657000, -0.1170591000)
(0.4519506000, -0.8844970000, -0.1156781000)
(0.4633358000, -0.8778136000, -0.1214395000)
(0.4684092000, -0.8745472000, -0.1254347000)
(0.4743187000, -0.8705817000, -0.1307693000)
(0.4816545000, -0.8672643000, -0.1258334000)
(0.4846627000, -0.8654969000, -0.1265485000)
(0.4839581000, -0.8651403000, -0.1315320000)
(0.4925545000, -0.8602572000, -0.1316102000)
(0.4930118000, -0.8606742000, -0.1271062000)
(0.4929146000, -0.8596727000, -0.1341515000)
(0.4841533000, -0.8647738000, -0.1332010000)
(0.4941348000, -0.8584522000, -0.1373516000)
(0.5008450000, -0.8544835000, -0.1377907000)
(0.4795240000, -0.8666965000, -0.1373740000)
(0.4464735000, -0.8892090000, -0.0997022000)
(0.4290239000, -0.8980276000, -0.0973164500)
(0.4492324000, -0.8884264000, -0.0941744500)
(0.4516731000, -0.8873947000, -0.0922010200)
(0.4494695000, -0.8876595000, -0.1001144000)
(0.4595785000, -0.8812640000, -0.1101662000)
(0.1043270000, -0.9888418000, -0.1062656000)
(0.1898704000, -0.9794011000, -0.0684359700)
(0.4713141000, -0.8743690000, -0.1154949000)
(0.4781814000, -0.8709508000, -0.1129880000)
(0.3994879000, -0.9109709000, -0.1026362000)
(0.3765146000, -0.9236543000, -0.0713390700)
(0.3797980000, -0.9219881000, -0.0753844400)
(0.3350296000, -0.9366901000, -0.1017693000)
(0.3065162000, -0.9448861000, -0.1149987000)
(0.3487378000, -0.9317832000, -0.1007739000)
(0.3956283000, -0.9129621000, -0.0997634600)
(0.4011016000, -0.9108622000, -0.0971562000)
(0.4026572000, -0.9092728000, -0.1052172000)
(0.4085444000, -0.9076365000, -0.0962471800)
(0.4238343000, -0.9001106000, -0.1007148000)
(0.4041868000, -0.9085187000, -0.1058036000)
(0.4015038000, -0.9132118000, -0.0694983600)
(0.3646396000, -0.9295177000, -0.0548436300)
(0.3673071000, -0.9285381000, -0.0537807900)
(0.3760941000, -0.9249905000, -0.0541475200)
(0.3926306000, -0.9179448000, -0.0565466000)
(0.3924842000, -0.9172619000, -0.0675397700)
(0.3720597000, -0.9238613000, -0.0896035100)
(-0.1128917000, -0.9619709000, -0.2486779000)
(-0.1213379000, -0.9612998000, -0.2472915000)
(0.0430105900, -0.9877965000, -0.1496151000)
(0.1322025000, -0.9828827000, -0.1282132000)
(0.1354066000, -0.9824934000, -0.1278732000)
(0.4060583000, -0.9060563000, -0.1189957000)
(0.4053952000, -0.9059643000, -0.1219776000)
(0.4111411000, -0.9050366000, -0.1089504000)
(0.4245252000, -0.8985253000, -0.1113668000)
(0.4243993000, -0.8985447000, -0.1117157000)
(0.4276553000, -0.8961988000, -0.1179880000)
(0.4339391000, -0.8944093000, -0.1082084000)
(0.4219224000, -0.8993252000, -0.1148614000)
(0.4294358000, -0.8947925000, -0.1221372000)
(0.4376550000, -0.8900869000, -0.1272656000)
(0.4663399000, -0.8754331000, -0.1270045000)
(0.4765226000, -0.8688683000, -0.1340407000)
(0.4576803000, -0.8791162000, -0.1329157000)
(0.4727994000, -0.8698480000, -0.1407357000)
(0.4849805000, -0.8627412000, -0.1430386000)
(0.4879170000, -0.8608333000, -0.1444852000)
(0.2177303000, -0.9521663000, -0.2144073000)
(0.4727042000, -0.8745911000, -0.1077535000)
(0.4187447000, -0.9045588000, -0.0799833900)
(0.4227833000, -0.9018741000, -0.0886302700)
(0.4345662000, -0.8958287000, -0.0929543900)
(0.4324525000, -0.8971016000, -0.0903856300)
(0.4297533000, -0.8982998000, -0.0913099900)
(0.4302845000, -0.8978707000, -0.0930301100)
(0.4450076000, -0.8911186000, -0.0887084600)
(0.4074180000, -0.9088415000, -0.0894614500)
(0.4001838000, -0.9139521000, -0.0671709300)
(0.5774582000, -0.8077485000, -0.1185978000)
(0.3022548000, -0.9526914000, -0.0314575800)
(0.3629075000, -0.9301015000, -0.0564040900)
(0.3872134000, -0.9198239000, -0.0631420100)
(0.3844922000, -0.9209641000, -0.0629811600)
(0.2931556000, -0.9549088000, -0.0468802900)
(0.3688936000, -0.9269530000, -0.0682028600)
(0.3879223000, -0.9194504000, -0.0640364400)
(0.4036404000, -0.9120541000, -0.0721675000)
(0.4168364000, -0.9062807000, -0.0698009700)
(0.4222223000, -0.9037716000, -0.0701342100)
(0.4290748000, -0.9003132000, -0.0729156500)
(0.4380172000, -0.8952450000, -0.0816075700)
(0.4410022000, -0.8931430000, -0.0882068200)
(0.1199524000, -0.9873121000, -0.1040201000)
(0.1023735000, -0.9901965000, -0.0949773600)
(0.1066106000, -0.9896938000, -0.0954812700)
(0.4000992000, -0.9142334000, -0.0637603300)
(0.3614744000, -0.9294770000, -0.0733280500)
(0.3889946000, -0.9171444000, -0.0867028200)
(0.3990189000, -0.9137473000, -0.0763358300)
(0.1801541000, -0.9786884000, -0.0984396800)
(0.0718557700, -0.9752795000, -0.2089209000)
(0.3662676000, -0.9252276000, -0.0988824400)
(0.4215909000, -0.9011642000, -0.1007259000)
(0.4391722000, -0.8936023000, -0.0926889600)
(0.0232561500, -0.9742442000, -0.2242272000)
(0.0489488200, -0.9720777000, -0.2294291000)
(0.4571225000, -0.8828451000, -0.1077247000)
(0.4196385000, -0.9020199000, -0.1011789000)
(0.3754567000, -0.9220961000, -0.0935930700)
(0.3756274000, -0.9215619000, -0.0980252000)
(0.3854789000, -0.9169855000, -0.1025570000)
(0.4107863000, -0.9068462000, -0.0941748800)
(0.4118941000, -0.9063887000, -0.0937915100)
(0.4150599000, -0.9041288000, -0.1012774000)
(0.4113398000, -0.9039825000, -0.1165722000)
(0.4213213000, -0.8986144000, -0.1222855000)
(0.4229836000, -0.8984076000, -0.1180769000)
(0.4020955000, -0.9141015000, -0.0520140400)
(0.3890206000, -0.9196641000, -0.0536183000)
(0.3948526000, -0.9174780000, -0.0479181900)
(0.4079519000, -0.9112267000, -0.0566271700)
(0.4004897000, -0.9150441000, -0.0478982000)
(0.4216840000, -0.9053650000, -0.0497379400)
(0.4200746000, -0.9054864000, -0.0601603900)
(0.0707628700, -0.9951178000, -0.0686430900)
(-0.0360853400, -0.9540197000, -0.2975375000)
(0.4374240000, -0.8965601000, -0.0694226300)
(0.4391365000, -0.8948672000, -0.0797895700)
(0.4281599000, -0.9001623000, -0.0797954400)
(0.3593903000, -0.9300750000, -0.0759725000)
(0.3578459000, -0.9293472000, -0.0907502600)
(0.3630908000, -0.9288293000, -0.0737274200)
(0.3524134000, -0.9310420000, -0.0946612100)
(-0.0481954200, -0.9810084000, -0.1878127000)
(-0.0563083800, -0.9808933000, -0.1861620000)
(0.4130991000, -0.9052963000, -0.0988740700)
(0.4270788000, -0.8992025000, -0.0950057700)
(0.4295213000, -0.8976437000, -0.0986223000)
(0.4251609000, -0.8993339000, -0.1020889000)
(0.4412068000, -0.8905672000, -0.1104818000)
(0.4396565000, -0.8910406000, -0.1129024000)
(0.4448335000, -0.8893189000, -0.1059215000)
(0.4578623000, -0.8822944000, -0.1090499000)
(0.4736110000, -0.8721313000, -0.1226753000)
(0.4708735000, -0.8732783000, -0.1251163000)
(0.4767653000, -0.8697548000, -0.1273310000)
(0.4792556000, -0.8690222000, -0.1228227000)
(0.4912438000, -0.8619255000, -0.1254335000)
(0.4757343000, -0.8706089000, -0.1252903000)
(0.4181651000, -0.9055411000, -0.0715712800)
(0.4154646000, -0.9065936000, -0.0739867800)
(0.4149460000, -0.9064592000, -0.0782936600)
(0.4199653000, -0.9039453000, -0.0805189300)
(0.4131944000, -0.9065851000, -0.0857543000)
(0.4183728000, -0.9053656000, -0.0726258600)
(0.4377844000, -0.8947982000, -0.0875420800)
(0.4385597000, -0.8935074000, -0.0964441600)
(0.4535007000, -0.8863363000, -0.0934789600)
(0.4546639000, -0.8866144000, -0.0848099100)
(0.4071507000, -0.9119745000, -0.0502399600)
(0.3612166000, -0.9322154000, -0.0217476300)
(0.3846125000, -0.9226675000, -0.0273864300)
(0.3850427000, -0.9227129000, -0.0181078700)
(0.4005242000, -0.9158645000, -0.0275233300)
(0.4002796000, -0.9156987000, -0.0352543300)
(0.4161611000, -0.9080589000, -0.0471523500)
(0.4210545000, -0.9058215000, -0.0467992300)
(0.4188076000, -0.9063026000, -0.0564540400)
(0.4264610000, -0.9029744000, -0.0525171100)
(0.4349582000, -0.8986928000, -0.0561873800)
(0.4335646000, -0.8991433000, -0.0594263800)
(0.4466572000, -0.8927948000, -0.0583158800)
(0.3877544000, -0.9180616000, -0.0823380500)
(0.0717387600, -0.9908342000, -0.1144174000)
(0.0649669500, -0.9926288000, -0.1022482000)
(0.0959641300, -0.9909361000, -0.0938670300)
(0.3849349000, -0.9165834000, -0.1081116000)
(0.4119100000, -0.9033293000, -0.1195538000)
(0.3910416000, -0.9130595000, -0.1157203000)
(0.4116711000, -0.9036340000, -0.1181062000)
(0.4145833000, -0.9029992000, -0.1126833000)
(0.4153152000, -0.9020529000, -0.1174380000)
(0.4301639000, -0.8939904000, -0.1253541000)
(0.4316461000, -0.8980474000, -0.0847000000)
(0.4006610000, -0.9131233000, -0.0751504100)
(0.1127122000, -0.9867487000, -0.1166266000)
(0.0996909900, -0.9837075000, -0.1495662000)
(0.4310847000, -0.8991016000, -0.0758358500)
(0.4411882000, -0.8937789000, -0.0805274500)
(0.4434595000, -0.8919817000, -0.0877962900)
(0.4625610000, -0.8818032000, -0.0919127400)
(0.4594804000, -0.8826532000, -0.0989868000)
(0.4685043000, -0.8779665000, -0.0983413300)
(0.4729067000, -0.8761879000, -0.0928926400)
(0.4331507000, -0.8984813000, -0.0714598100)
(0.4030076000, -0.9137852000, -0.0506099000)
(0.4225613000, -0.9047076000, -0.0540650700)
(0.4281484000, -0.9015955000, -0.0615153200)
(0.4365100000, -0.8976263000, -0.0608514400)
(0.4368866000, -0.8971865000, -0.0644977000)
(0.4506102000, -0.8903286000, -0.0651629800)
(0.4355437000, -0.8977932000, -0.0651196200)
(0.4220760000, -0.9038452000, -0.0700627800)
(0.4299475000, -0.8997660000, -0.0745689900)
(0.4167745000, -0.9058586000, -0.0754936200)
(0.1993396000, -0.9797500000, 0.0179300800)
(0.3699923000, -0.9281788000, -0.0396039800)
(0.3617234000, -0.9307929000, -0.0524495000)
(0.3662498000, -0.9285388000, -0.0603939400)
(0.3243158000, -0.9398264000, -0.1073675000)
(0.3656442000, -0.9275690000, -0.0769122000)
(0.0418232200, -0.9659082000, -0.2554411000)
(0.4167040000, -0.9070048000, -0.0606769500)
(0.4211026000, -0.9048155000, -0.0630259400)
(0.4336676000, -0.8987396000, -0.0646649800)
(0.4415697000, -0.8944263000, -0.0706428600)
(0.4392822000, -0.8957478000, -0.0682636100)
(0.4446397000, -0.8927377000, -0.0728444700)
(0.3703620000, -0.9225506000, -0.1082882000)
(0.3580149000, -0.9280884000, -0.1022654000)
(0.3745353000, -0.9202566000, -0.1132392000)
(0.3785008000, -0.9189081000, -0.1110132000)
(0.3906820000, -0.9140967000, -0.1085231000)
(0.4057706000, -0.9068465000, -0.1139074000)
(0.4146875000, -0.9024369000, -0.1166556000)
(0.4250685000, -0.8972759000, -0.1191590000)
(0.4345669000, -0.8913645000, -0.1288590000)
(0.4397504000, -0.8891714000, -0.1263725000)
(0.4445081000, -0.8873798000, -0.1222265000)
(0.3948298000, -0.9111219000, -0.1181187000)
(0.3793396000, -0.9167829000, -0.1249024000)
(0.3772960000, -0.9183220000, -0.1196452000)
(0.3771923000, -0.9173252000, -0.1273866000)
(0.3899653000, -0.9128391000, -0.1209750000)
(0.3916891000, -0.9102665000, -0.1340591000)
(0.4158130000, -0.8979321000, -0.1442048000)
(0.4221490000, -0.8957254000, -0.1394750000)
(0.4241818000, -0.8929661000, -0.1505480000)
(0.4319241000, -0.8882065000, -0.1565786000)
