(0.3936146000, -0.7357078000, 0.5511667000)
(0.3903316000, -0.7407565000, 0.5467269000)
(0.3889105000, -0.7412784000, 0.5470341000)
(0.3940863000, -0.7382069000, 0.5474581000)
(0.3925717000, -0.7373858000, 0.5496693000)
(0.3948857000, -0.7395008000, 0.5451584000)
(0.3941219000, -0.7367913000, 0.5493401000)
(0.3952619000, -0.7406291000, 0.5433286000)
(0.3968399000, -0.7388377000, 0.5446188000)
(0.3932401000, -0.7408919000, 0.5444320000)
(0.3696679000, -0.7443574000, 0.5561034000)
(0.2366585000, -0.7648761000, 0.5991037000)
(0.1859904000, -0.7565486000, 0.6269125000)
(0.1850456000, -0.7529934000, 0.6314514000)
(0.1821955000, -0.7568328000, 0.6276824000)
(0.1841596000, -0.7539917000, 0.6305327000)
(0.1839416000, -0.7484006000, 0.6372206000)
(0.1825264000, -0.7316943000, 0.6567336000)
(0.1812160000, -0.7349671000, 0.6534299000)
(0.1751228000, -0.7311242000, 0.6593747000)
(0.1883753000, -0.7231531000, 0.6644831000)
(0.1857876000, -0.7233880000, 0.6649753000)
(0.1859778000, -0.7242134000, 0.6640174000)
(0.1862855000, -0.7210734000, 0.6673405000)
(0.1849666000, -0.7205652000, 0.6682566000)
(0.1852088000, -0.7179557000, 0.6709959000)
(0.1884859000, -0.7119173000, 0.6764823000)
(0.1906010000, -0.7067335000, 0.6812997000)
(0.1896220000, -0.7004329000, 0.6880535000)
(0.1895014000, -0.6982208000, 0.6903445000)
(0.1941865000, -0.7221545000, 0.6639040000)
(0.2035086000, -0.7775716000, 0.5949441000)
(0.1995760000, -0.7723623000, 0.6029977000)
(0.2058084000, -0.7734022000, 0.5995629000)
(0.1986939000, -0.7659890000, 0.6113716000)
(0.2125095000, -0.7488847000, 0.6276945000)
(0.2038683000, -0.7422369000, 0.6383717000)
(0.2114870000, -0.7426400000, 0.6354182000)
(0.2173887000, -0.7350971000, 0.6421600000)
(0.2132906000, -0.7307159000, 0.6484895000)
(0.2144781000, -0.7379019000, 0.6398979000)
(0.2191646000, -0.7247359000, 0.6532177000)
(0.2186928000, -0.7253575000, 0.6527059000)
(0.2097999000, -0.7278042000, 0.6529031000)
(0.2125512000, -0.7253132000, 0.6547701000)
(0.2159897000, -0.7227169000, 0.6565231000)
(0.1935005000, -0.7720006000, 0.6054328000)
(0.1903103000, -0.7976584000, 0.5722843000)
(0.1977748000, -0.7894369000, 0.5810751000)
(0.1994828000, -0.7864441000, 0.5845371000)
(0.2037581000, -0.7885333000, 0.5802515000)
(0.2030745000, -0.7857749000, 0.5842001000)
(0.2061168000, -0.7790300000, 0.5921320000)
(0.2031902000, -0.7808247000, 0.5907759000)
(0.2094725000, -0.7717230000, 0.6004591000)
(0.2069074000, -0.7621478000, 0.6134357000)
(0.2017825000, -0.7597089000, 0.6181508000)
(0.2042446000, -0.7587812000, 0.6184814000)
(0.2021258000, -0.7569973000, 0.6213434000)
(0.2100653000, -0.7477282000, 0.6298777000)
(0.2117051000, -0.7486243000, 0.6282743000)
(0.2152997000, -0.7503934000, 0.6249315000)
(0.2161415000, -0.7491672000, 0.6261131000)
(0.2188170000, -0.7443554000, 0.6308976000)
(0.2239137000, -0.7411335000, 0.6329017000)
(0.2250890000, -0.7429759000, 0.6303151000)
(0.2255425000, -0.7359834000, 0.6383023000)
(0.2304093000, -0.7298242000, 0.6436173000)
(0.2306620000, -0.7250748000, 0.6488822000)
(0.2258817000, -0.7231382000, 0.6527015000)
(0.2247805000, -0.7213902000, 0.6550114000)
(0.2258784000, -0.7312433000, 0.6436064000)
(0.0000000000, 0.0000000000, 0.0000000000)
(0.0000000000, 0.0000000000, 0.0000000000)
(0.0000000000, 0.0000000000, 0.0000000000)
(0.0000000000, 0.0000000000, 0.0000000000)
(0.1932491000, -0.7577328000, 0.6232874000)
(0.1962112000, -0.7710244000, 0.6057988000)
(0.1975189000, -0.7554930000, 0.6246619000)
(0.1983095000, -0.7542598000, 0.6259097000)
(0.1997830000, -0.7490143000, 0.6317077000)
(0.2011359000, -0.7521875000, 0.6274949000)
(0.2056265000, -0.7512411000, 0.6271595000)
(0.2055929000, -0.7502315000, 0.6283772000)
(0.1952770000, -0.7480407000, 0.6342517000)
(0.0000000000, 0.0000000000, 0.0000000000)
(0.0000000000, 0.0000000000, 0.0000000000)
(0.0000000000, 0.0000000000, 0.0000000000)
(0.0000000000, 0.0000000000, 0.0000000000)
(0.0000000000, 0.0000000000, 0.0000000000)
(0.0000000000, 0.0000000000, 0.0000000000)
(0.0000000000, 0.0000000000, 0.0000000000)
(0.0000000000, 0.0000000000, 0.0000000000)
(0.0000000000, 0.0000000000, 0.0000000000)
(0.1949564000, -0.7563959000, 0.6243837000)
(0.1916899000, -0.7543218000, 0.6278778000)
(0.1959388000, -0.7589405000, 0.6209771000)
(0.2000591000, -0.7586211000, 0.6200382000)
(0.2067934000, -0.7591202000, 0.6172132000)
(0.2045540000, -0.7561947000, 0.6215454000)
(0.2058553000, -0.7511372000, 0.6272221000)
(0.1965355000, -0.7507908000, 0.6306023000)
(0.2022615000, -0.7426602000, 0.6383848000)
(0.2041801000, -0.7422667000, 0.6382310000)
(0.2033694000, -0.7467324000, 0.6332515000)
(0.2114815000, -0.7495849000, 0.6271910000)
(0.2104758000, -0.7492649000, 0.6279163000)
(0.2133174000, -0.7453719000, 0.6315863000)
(0.2115142000, -0.7432841000, 0.6346464000)
(0.2033738000, -0.7410674000, 0.6398641000)
(0.2087077000, -0.7405928000, 0.6387191000)
(0.2088270000, -0.7416636000, 0.6374276000)
(0.2081150000, -0.7387525000, 0.6410301000)
(0.2036486000, -0.7373158000, 0.6441194000)
(0.2104757000, -0.7358652000, 0.6435809000)
(0.1967014000, -0.7249457000, 0.6601065000)
(0.0000000000, 0.0000000000, 0.0000000000)
(0.0000000000, 0.0000000000, 0.0000000000)
(0.0000000000, 0.0000000000, 0.0000000000)
(0.0000000000, 0.0000000000, 0.0000000000)
(0.0000000000, 0.0000000000, 0.0000000000)
(0.0000000000, 0.0000000000, 0.0000000000)
(0.0000000000, 0.0000000000, 0.0000000000)
(0.0000000000, 0.0000000000, 0.0000000000)
(0.1651013000, -0.7898144000, 0.5907010000)
(0.1670444000, -0.8006523000, 0.5753560000)
(0.1703166000, -0.7967573000, 0.5797763000)
(0.1657301000, -0.7991263000, 0.5778484000)
(0.1706402000, -0.7944115000, 0.5829016000)
(0.1696945000, -0.7924424000, 0.5858468000)
(0.1695798000, -0.7843599000, 0.5966707000)
(0.1634775000, -0.7831582000, 0.5999368000)
(0.1633884000, -0.7822587000, 0.6011205000)
(0.1770265000, -0.7796270000, 0.6006913000)
(0.1744686000, -0.7796478000, 0.6014079000)
(0.1769743000, -0.7755120000, 0.6059994000)
(0.1749344000, -0.7748449000, 0.6074429000)
(0.1835921000, -0.7748755000, 0.6048630000)
(0.1831753000, -0.7743119000, 0.6057056000)
(0.1850808000, -0.7711787000, 0.6090954000)
(0.1888818000, -0.7596787000, 0.6222579000)
(0.1833856000, -0.7586710000, 0.6251088000)
(0.1784830000, -0.7617160000, 0.6228195000)
(0.1831238000, -0.7601213000, 0.6234242000)
(0.1845015000, -0.7570362000, 0.6267746000)
(0.1948982000, -0.7357185000, 0.6486178000)
(0.1976458000, -0.7363968000, 0.6470281000)
(0.1995868000, -0.7375243000, 0.6451301000)
(0.1857882000, -0.7335655000, 0.6537259000)
(0.1921173000, -0.7346641000, 0.6506565000)
(0.1977948000, -0.7363254000, 0.6470599000)
(0.1980924000, -0.7380712000, 0.6449716000)
(0.1995306000, -0.7338341000, 0.6493588000)
(0.1896186000, -0.7197483000, 0.6678227000)
(0.1982211000, -0.7025714000, 0.6834339000)
(0.1953790000, -0.7162414000, 0.6699231000)
(0.2211817000, -0.7647150000, 0.6052028000)
(0.2143402000, -0.7657170000, 0.6064056000)
(0.2195807000, -0.7590150000, 0.6129094000)
(0.2242934000, -0.7528440000, 0.6187875000)
(0.2218236000, -0.7449535000, 0.6291327000)
(0.2218812000, -0.7450219000, 0.6290322000)
(0.2259874000, -0.7424691000, 0.6306043000)
(0.2205230000, -0.7352861000, 0.6408574000)
(0.2267303000, -0.7300996000, 0.6446082000)
(0.2340577000, -0.7264425000, 0.6461316000)
(0.2393236000, -0.7194525000, 0.6520020000)
(0.2364426000, -0.7161812000, 0.6566377000)
(0.2309729000, -0.7187260000, 0.6557844000)
(0.2207446000, -0.7169160000, 0.6612749000)
(0.0000000000, 0.0000000000, 0.0000000000)
(0.0000000000, 0.0000000000, 0.0000000000)
(0.0000000000, 0.0000000000, 0.0000000000)
(0.0000000000, 0.0000000000, 0.0000000000)
(0.0000000000, 0.0000000000, 0.0000000000)
(0.0000000000, 0.0000000000, 0.0000000000)
(0.1714406000, -0.7452701000, 0.6443359000)
(0.1739694000, -0.7437845000, 0.6453722000)
(0.1785781000, -0.7477538000, 0.6394871000)
(0.1834637000, -0.7436781000, 0.6428576000)
(0.1780268000, -0.7373976000, 0.6515580000)
(0.1813629000, -0.7353901000, 0.6529077000)
(0.1811058000, -0.7296643000, 0.6593865000)
(0.1847552000, -0.7179444000, 0.6711183000)
(0.1825701000, -0.7198315000, 0.6696939000)
(0.0000000000, 0.0000000000, 0.0000000000)
(0.0000000000, 0.0000000000, 0.0000000000)
(0.0000000000, 0.0000000000, 0.0000000000)
(0.0000000000, 0.0000000000, 0.0000000000)
(0.0000000000, 0.0000000000, 0.0000000000)
(0.0000000000, 0.0000000000, 0.0000000000)
(0.1567733000, -0.7570509000, 0.6342431000)
(0.1613149000, -0.7493901000, 0.6421751000)
(0.1633450000, -0.7491134000, 0.6419784000)
(0.1695184000, -0.7501791000, 0.6391270000)
(0.1684443000, -0.7474896000, 0.6425510000)
(0.1723423000, -0.7400090000, 0.6501321000)
(0.1738620000, -0.7394429000, 0.6503615000)
(0.1726313000, -0.7322868000, 0.6587358000)
(0.1723585000, -0.7336139000, 0.6573219000)
(0.1729106000, -0.7322956000, 0.6586512000)
(0.1782616000, -0.7285329000, 0.6614041000)
(0.2069548000, -0.7450358000, 0.6340877000)
(0.2106302000, -0.7521163000, 0.6244496000)
(0.2128428000, -0.7484363000, 0.6281182000)
(0.2194541000, -0.7471458000, 0.6273620000)
(0.2165110000, -0.7453146000, 0.6305571000)
(0.2182878000, -0.7464665000, 0.6285766000)
(0.2178324000, -0.7469531000, 0.6281725000)
(0.2136891000, -0.7383604000, 0.6396461000)
(0.2195867000, -0.7285689000, 0.6487987000)
(0.2202219000, -0.7328668000, 0.6437438000)
(0.2306216000, -0.7344515000, 0.6382662000)
(0.2297999000, -0.7277737000, 0.6461551000)
(0.2279982000, -0.7217802000, 0.6534842000)
(0.2293363000, -0.7150863000, 0.6603231000)
(0.2262356000, -0.7102824000, 0.6665500000)
(0.2235814000, -0.7074443000, 0.6704516000)
(0.2253599000, -0.7054745000, 0.6719446000)
(0.2186958000, -0.7028471000, 0.6768699000)
(0.0000000000, 0.0000000000, 0.0000000000)
(0.0000000000, 0.0000000000, 0.0000000000)
(0.0000000000, 0.0000000000, 0.0000000000)
(0.0000000000, 0.0000000000, 0.0000000000)
(0.0000000000, 0.0000000000, 0.0000000000)
(0.0000000000, 0.0000000000, 0.0000000000)
(0.0000000000, 0.0000000000, 0.0000000000)
(0.1943101000, -0.7810174000, 0.5935047000)
(0.1946224000, -0.7772464000, 0.5983276000)
(0.1991273000, -0.7739214000, 0.6011552000)
(0.2053620000, -0.7753503000, 0.5971923000)
(0.2032752000, -0.7739211000, 0.5997556000)
(0.2018844000, -0.7693557000, 0.6060575000)
(0.2000425000, -0.7693952000, 0.6066197000)
(0.2037003000, -0.7674297000, 0.6079113000)
(0.2082943000, -0.7625509000, 0.6124580000)
(0.2016681000, -0.7582605000, 0.6199614000)
(0.2060574000, -0.7577174000, 0.6191911000)
(0.2073337000, -0.7591611000, 0.6169853000)
(0.2065110000, -0.7553533000, 0.6219203000)
(0.2075539000, -0.7541225000, 0.6230615000)
(0.2013680000, -0.7468950000, 0.6337043000)
(0.0000000000, 0.0000000000, 0.0000000000)
(0.0000000000, 0.0000000000, 0.0000000000)
(0.0000000000, 0.0000000000, 0.0000000000)
(0.0000000000, 0.0000000000, 0.0000000000)
(0.0000000000, 0.0000000000, 0.0000000000)
(0.0000000000, 0.0000000000, 0.0000000000)
(0.0000000000, 0.0000000000, 0.0000000000)
(0.0000000000, 0.0000000000, 0.0000000000)
(0.0000000000, 0.0000000000, 0.0000000000)
(0.0000000000, 0.0000000000, 0.0000000000)
(0.1806650000, -0.7668265000, 0.6158953000)
(0.1781897000, -0.7668649000, 0.6165695000)
(0.1778252000, -0.7653076000, 0.6186128000)
(0.1882085000, -0.7592984000, 0.6229234000)
(0.1890224000, -0.7631019000, 0.6180158000)
(0.1863590000, -0.7596252000, 0.6230797000)
(0.1919047000, -0.7593176000, 0.6217704000)
(0.1838994000, -0.7589077000, 0.6246868000)
(0.1881232000, -0.7565796000, 0.6262404000)
(0.1886428000, -0.7537726000, 0.6294612000)
(0.1899689000, -0.7433476000, 0.6413563000)
(0.1919428000, -0.7387075000, 0.6460992000)
(0.1913737000, -0.7389978000, 0.6459394000)
(0.1910487000, -0.7377093000, 0.6475158000)
(0.2023354000, -0.7405139000, 0.6408346000)
(0.0000000000, 0.0000000000, 0.0000000000)
(0.0000000000, 0.0000000000, 0.0000000000)
(0.0000000000, 0.0000000000, 0.0000000000)
(0.0000000000, 0.0000000000, 0.0000000000)
(0.0000000000, 0.0000000000, 0.0000000000)
(0.0000000000, 0.0000000000, 0.0000000000)
(0.0000000000, 0.0000000000, 0.0000000000)
(0.0000000000, 0.0000000000, 0.0000000000)
(0.0000000000, 0.0000000000, 0.0000000000)
(0.0000000000, 0.0000000000, 0.0000000000)
(0.2109514000, -0.7346252000, 0.6448300000)
(0.2094610000, -0.7290768000, 0.6515825000)
(0.2383547000, -0.7438377000, 0.6243973000)
(0.2316434000, -0.7349702000, 0.6372864000)
(0.2356730000, -0.7335476000, 0.6374607000)
(0.2331249000, -0.7299944000, 0.6424412000)
(0.2336690000, -0.7306567000, 0.6415063000)
(0.2350988000, -0.7372507000, 0.6333745000)
(0.2387700000, -0.7335814000, 0.6362590000)
(0.2464375000, -0.7303955000, 0.6370084000)
(0.2412807000, -0.7340765000, 0.6347378000)
(0.2399504000, -0.7250889000, 0.6454746000)
(0.2472633000, -0.7264917000, 0.6411300000)
(0.2459795000, -0.7207999000, 0.6480225000)
(0.2432035000, -0.7080576000, 0.6629500000)
(0.2478741000, -0.7006584000, 0.6690390000)
(0.2470879000, -0.7022114000, 0.6676998000)
(0.2432639000, -0.7065065000, 0.6645625000)
(0.1806060000, -0.7913346000, 0.5840898000)
(0.1540852000, -0.8001622000, 0.5796458000)
(0.1512671000, -0.8037919000, 0.5753330000)
(0.1596128000, -0.7993246000, 0.5792905000)
(0.1585852000, -0.7872930000, 0.5958168000)
(0.1629174000, -0.7825925000, 0.6008191000)
(0.1694325000, -0.7685390000, 0.6169477000)
(0.1690465000, -0.7608858000, 0.6264656000)
(0.1674779000, -0.7630323000, 0.6242832000)
(0.1658582000, -0.7609425000, 0.6272588000)
(0.1649110000, -0.7584365000, 0.6305215000)
(0.1662316000, -0.7514918000, 0.6384352000)
(0.1700100000, -0.7490649000, 0.6403000000)
(0.1721493000, -0.7422023000, 0.6476696000)
(0.1747174000, -0.7429883000, 0.6460934000)
(0.1740195000, -0.7350102000, 0.6553255000)
(0.1770705000, -0.7339073000, 0.6557519000)
(0.1789811000, -0.7338220000, 0.6553190000)
(0.1839775000, -0.7245304000, 0.6642117000)
(0.1865095000, -0.7163889000, 0.6723054000)
(0.1903862000, -0.7178158000, 0.6696767000)
(0.1845293000, -0.7208593000, 0.6680576000)
(0.1834730000, -0.7211116000, 0.6680734000)
(0.1882318000, -0.7084169000, 0.6802105000)
(0.1847948000, -0.7036694000, 0.6860751000)
(0.1915577000, -0.7040104000, 0.6838489000)
(0.1921077000, -0.7068831000, 0.6807390000)
(0.0000000000, 0.0000000000, 0.0000000000)
(0.0000000000, 0.0000000000, 0.0000000000)
(0.0000000000, 0.0000000000, 0.0000000000)
(0.0000000000, 0.0000000000, 0.0000000000)
(0.0000000000, 0.0000000000, 0.0000000000)
(0.1902759000, -0.7504161000, 0.6329768000)
(0.1974935000, -0.7460158000, 0.6359636000)
(0.2011612000, -0.7408125000, 0.6408626000)
(0.2017509000, -0.7691337000, 0.6063851000)
(0.2043644000, -0.7650782000, 0.6106373000)
(0.2037939000, -0.7448294000, 0.6353499000)
(0.2061467000, -0.7327031000, 0.6485562000)
(0.2022258000, -0.7339810000, 0.6483456000)
(0.2081527000, -0.7440029000, 0.6349107000)
(0.2095292000, -0.7313952000, 0.6489457000)
(0.2116727000, -0.7321635000, 0.6473796000)
(0.2099127000, -0.7265744000, 0.6542228000)
(0.2138769000, -0.7206311000, 0.6594923000)
(0.2123871000, -0.7181703000, 0.6626396000)
(0.2098749000, -0.7132533000, 0.6687307000)
(0.2129279000, -0.7033659000, 0.6781644000)
(0.2157169000, -0.6990625000, 0.6817257000)
(0.2115688000, -0.7019362000, 0.6800694000)
(0.2159356000, -0.7042781000, 0.6762822000)
(0.2129380000, -0.7058695000, 0.6755604000)
(0.2188358000, -0.6960422000, 0.6838171000)
(0.2024192000, -0.7644718000, 0.6120356000)
(0.2072298000, -0.7502861000, 0.6277800000)
(0.2064003000, -0.7518477000, 0.6261871000)
(0.2081451000, -0.7388247000, 0.6409410000)
(0.2077245000, -0.7351319000, 0.6453114000)
(0.2177667000, -0.7375111000, 0.6392446000)
(0.2184314000, -0.7376514000, 0.6388537000)
(0.2107255000, -0.7379863000, 0.6410476000)
(0.2173670000, -0.7343925000, 0.6429670000)
(0.2122248000, -0.7287616000, 0.6510289000)
(0.2162900000, -0.7249411000, 0.6539701000)
(0.2188393000, -0.7242945000, 0.6538368000)
(0.2196077000, -0.7201816000, 0.6580999000)
(0.2191080000, -0.7122853000, 0.6668102000)
(0.2128766000, -0.7082946000, 0.6730471000)
(0.2145190000, -0.7075167000, 0.6733506000)
(0.2237123000, -0.7106138000, 0.6670471000)
(0.2186461000, -0.7053577000, 0.6742851000)
(0.0000000000, 0.0000000000, 0.0000000000)
(0.0000000000, 0.0000000000, 0.0000000000)
(0.0000000000, 0.0000000000, 0.0000000000)
(0.0000000000, 0.0000000000, 0.0000000000)
(0.0000000000, 0.0000000000, 0.0000000000)
(0.0000000000, 0.0000000000, 0.0000000000)
(0.0000000000, 0.0000000000, 0.0000000000)
(0.1930439000, -0.7753997000, 0.6012343000)
(0.1946864000, -0.7740898000, 0.6023915000)
(0.1949969000, -0.7733531000, 0.6032202000)
(0.2004929000, -0.7699227000, 0.6058102000)
(0.1999458000, -0.7667945000, 0.6099440000)
(0.2029717000, -0.7695398000, 0.6054611000)
(0.1997697000, -0.7706984000, 0.6050510000)
(0.2025702000, -0.7728286000, 0.6014011000)
(0.2030569000, -0.7692279000, 0.6058261000)
(0.2017328000, -0.7664577000, 0.6097729000)
(0.2096937000, -0.7453451000, 0.6328275000)
(0.0000000000, 0.0000000000, 0.0000000000)
(0.0000000000, 0.0000000000, 0.0000000000)
(0.0000000000, 0.0000000000, 0.0000000000)
(0.0000000000, 0.0000000000, 0.0000000000)
(0.0000000000, 0.0000000000, 0.0000000000)
(0.0000000000, 0.0000000000, 0.0000000000)
(0.0000000000, 0.0000000000, 0.0000000000)
(0.0000000000, 0.0000000000, 0.0000000000)
(0.1928335000, -0.7938750000, 0.5766790000)
(0.1821317000, -0.7978911000, 0.5745979000)
(0.1974448000, -0.7835904000, 0.5890464000)
(0.1953222000, -0.7876682000, 0.5843006000)
(0.1895025000, -0.7861784000, 0.5882175000)
(0.1953097000, -0.7792976000, 0.5954216000)
(0.1970080000, -0.7772914000, 0.5974902000)
(0.1984308000, -0.7769096000, 0.5975097000)
(0.1960403000, -0.7754645000, 0.6001709000)
(0.2039884000, -0.7652072000, 0.6105875000)
(0.1995339000, -0.7595227000, 0.6191104000)
(0.1924965000, -0.7600793000, 0.6206397000)
(0.2041779000, -0.7554318000, 0.6225964000)
(0.2043733000, -0.7558667000, 0.6219993000)
(0.2022233000, -0.7534732000, 0.6256012000)
(0.2054349000, -0.7489735000, 0.6299445000)
(0.2108724000, -0.7492300000, 0.6278267000)
(0.2058046000, -0.7452432000, 0.6342155000)
(0.2091960000, -0.7436071000, 0.6350260000)
(0.2080701000, -0.7393940000, 0.6403106000)
(0.2079729000, -0.7382482000, 0.6416640000)
(0.2126595000, -0.7377577000, 0.6406854000)
(0.2096556000, -0.7380137000, 0.6413803000)
(0.2172819000, -0.7262502000, 0.6521784000)
(0.2174904000, -0.7169780000, 0.6622981000)
(0.2137928000, -0.7132179000, 0.6675279000)
(0.2191622000, -0.7153915000, 0.6634433000)
(0.2234560000, -0.7160892000, 0.6612548000)
(0.2184077000, -0.7174274000, 0.6614930000)
(0.2239443000, -0.7067961000, 0.6710303000)
(0.0000000000, 0.0000000000, 0.0000000000)
(0.0000000000, 0.0000000000, 0.0000000000)
(0.0000000000, 0.0000000000, 0.0000000000)
(0.0000000000, 0.0000000000, 0.0000000000)
(0.0000000000, 0.0000000000, 0.0000000000)
(0.0000000000, 0.0000000000, 0.0000000000)
(0.0000000000, 0.0000000000, 0.0000000000)
(0.0000000000, 0.0000000000, 0.0000000000)
(0.0000000000, 0.0000000000, 0.0000000000)
(0.0000000000, 0.0000000000, 0.0000000000)
(0.0000000000, 0.0000000000, 0.0000000000)
(0.0000000000, 0.0000000000, 0.0000000000)
(0.1923307000, -0.7625400000, 0.6176753000)
(0.1942650000, -0.7535269000, 0.6280538000)
(0.1922379000, -0.7547690000, 0.6271821000)
(0.1970255000, -0.7510142000, 0.6301917000)
(0.1943332000, -0.7444293000, 0.6387854000)
(0.1954557000, -0.7377632000, 0.6461271000)
(0.2036603000, -0.7397267000, 0.6413267000)
(0.1983270000, -0.7369546000, 0.6461908000)
(0.2005044000, -0.7334154000, 0.6495232000)
(0.2019123000, -0.7341118000, 0.6482979000)
(0.1986970000, -0.7335696000, 0.6499053000)
(0.1961289000, -0.7238569000, 0.6614694000)
(0.2005420000, -0.7248515000, 0.6590601000)
(0.1970551000, -0.7231342000, 0.6619956000)
(0.2067732000, -0.7245862000, 0.6574100000)
(0.2065960000, -0.7171531000, 0.6655855000)
(0.2039090000, -0.7099931000, 0.6740200000)
(0.2044981000, -0.7336565000, 0.6480143000)
(0.2050000000, -0.7563551000, 0.6211923000)
(0.2022874000, -0.7523344000, 0.6269382000)
(0.2099231000, -0.7497317000, 0.6275586000)
(0.1987002000, -0.7489660000, 0.6321062000)
(0.1967231000, -0.7411065000, 0.6419017000)
(0.1982978000, -0.7363784000, 0.6468381000)
(0.1976611000, -0.7341765000, 0.6495308000)
(0.1986511000, -0.7268727000, 0.6573982000)
(0.1993475000, -0.7204770000, 0.6641932000)
(0.2032413000, -0.7206287000, 0.6628547000)
(0.2065141000, -0.7108345000, 0.6723523000)
(0.2062273000, -0.7124088000, 0.6707668000)
(0.2062688000, -0.7101834000, 0.6731063000)
(0.2089008000, -0.7074952000, 0.6751179000)
(0.2076901000, -0.7075740000, 0.6754118000)
(0.2063158000, -0.7065818000, 0.6768845000)
(0.2090543000, -0.7007497000, 0.6820714000)
(0.2112778000, -0.6837640000, 0.6984363000)
(0.2119813000, -0.6696001000, 0.7118261000)
(0.1954939000, -0.7351077000, 0.6491398000)
(0.1908937000, -0.7831844000, 0.5917508000)
(0.2010295000, -0.7866597000, 0.5837352000)
(0.2016750000, -0.7706939000, 0.6044294000)
(0.2025433000, -0.7694767000, 0.6056980000)
(0.2089012000, -0.7658955000, 0.6080737000)
(0.2047338000, -0.7649769000, 0.6106406000)
(0.2072707000, -0.7619684000, 0.6135231000)
(0.2064284000, -0.7621341000, 0.6136099000)
(0.2057821000, -0.7583462000, 0.6185004000)
(0.2043945000, -0.7547473000, 0.6233387000)
(0.2035483000, -0.7543504000, 0.6241052000)
(0.2027709000, -0.7529801000, 0.6259965000)
(0.2054486000, -0.7493896000, 0.6294304000)
(0.2089740000, -0.7504124000, 0.6270599000)
(0.2095074000, -0.7506288000, 0.6266173000)
(0.2099545000, -0.7492996000, 0.6280445000)
(0.2093512000, -0.7463956000, 0.6317047000)
(0.2082121000, -0.7460263000, 0.6325086000)
(0.2089961000, -0.7443608000, 0.6342210000)
(0.2117786000, -0.7440115000, 0.6337098000)
(0.2139945000, -0.7407131000, 0.6368231000)
(0.2140122000, -0.7357693000, 0.6425219000)
(0.2124147000, -0.7373225000, 0.6412677000)
(0.2137014000, -0.7352244000, 0.6432388000)
(0.2142453000, -0.7311171000, 0.6477245000)
(0.2151606000, -0.7272616000, 0.6517590000)
(0.2163716000, -0.7251487000, 0.6537096000)
(0.2166443000, -0.7242023000, 0.6546643000)
(0.2176633000, -0.7241731000, 0.6543449000)
(0.2183307000, -0.7197428000, 0.6590070000)
(0.2173606000, -0.7160815000, 0.6632940000)
(0.2222434000, -0.7162375000, 0.6614999000)
(0.2247744000, -0.7097970000, 0.6675574000)
(0.2214934000, -0.6918820000, 0.6871968000)
(0.2234089000, -0.6935111000, 0.6849182000)
(0.2377413000, -0.6868982000, 0.6867608000)
(0.0000000000, 0.0000000000, 0.0000000000)
(0.0000000000, 0.0000000000, 0.0000000000)
(0.2147024000, -0.7233887000, 0.6561868000)
(0.2078748000, -0.7402127000, 0.6394099000)
(0.2061286000, -0.7381365000, 0.6423692000)
(0.2099538000, -0.7412231000, 0.6375745000)
(0.2131645000, -0.7223516000, 0.6578309000)
(0.1826218000, -0.8634083000, 0.4702735000)
(0.0000000000, 0.0000000000, 0.0000000000)
(0.0000000000, 0.0000000000, 0.0000000000)
(0.0000000000, 0.0000000000, 0.0000000000)
(0.0000000000, 0.0000000000, 0.0000000000)
(0.0000000000, 0.0000000000, 0.0000000000)
(0.0000000000, 0.0000000000, 0.0000000000)
(0.1762945000, -0.7361714000, 0.6534082000)
(0.1646645000, -0.7460946000, 0.6451503000)
(0.1684652000, -0.7431983000, 0.6475079000)
(0.1723801000, -0.7454673000, 0.6438622000)
(0.1742956000, -0.7431113000, 0.6460670000)
(0.1684791000, -0.7368429000, 0.6547198000)
(0.1744959000, -0.7317118000, 0.6588886000)
(0.1765195000, -0.7266533000, 0.6639187000)
(0.1764972000, -0.7273639000, 0.6631474000)
(0.1703471000, -0.7295159000, 0.6624017000)
(0.0891293100, -0.8591541000, 0.5038640000)
(0.0000000000, 0.0000000000, 0.0000000000)
(0.0000000000, 0.0000000000, 0.0000000000)
(0.0000000000, 0.0000000000, 0.0000000000)
(0.0000000000, 0.0000000000, 0.0000000000)
(0.0000000000, 0.0000000000, 0.0000000000)
(0.1425899000, -0.8225285000, 0.5505386000)
(0.1437414000, -0.8091631000, 0.5697128000)
(0.1570365000, -0.7997280000, 0.5794302000)
(0.1571237000, -0.7993453000, 0.5799552000)
(0.1536680000, -0.8059106000, 0.5717257000)
(0.1581283000, -0.7913111000, 0.5905909000)
(0.1597991000, -0.7962250000, 0.5834893000)
(0.1531391000, -0.7971238000, 0.5840449000)
(0.1617525000, -0.7904133000, 0.5908127000)
(0.1601773000, -0.7838774000, 0.5998962000)
(0.1676257000, -0.7801374000, 0.6027174000)
(0.1767464000, -0.7717999000, 0.6107957000)
(0.1666627000, -0.7744114000, 0.6103205000)
(0.1725686000, -0.7761700000, 0.6064309000)
(0.1683334000, -0.7601219000, 0.6275837000)
(0.0000000000, 0.0000000000, 0.0000000000)
(0.0000000000, 0.0000000000, 0.0000000000)
(0.0000000000, 0.0000000000, 0.0000000000)
(0.0000000000, 0.0000000000, 0.0000000000)
(0.0000000000, 0.0000000000, 0.0000000000)
(0.0000000000, 0.0000000000, 0.0000000000)
(0.0000000000, 0.0000000000, 0.0000000000)
(0.0000000000, 0.0000000000, 0.0000000000)
(0.0000000000, 0.0000000000, 0.0000000000)
(0.0000000000, 0.0000000000, 0.0000000000)
(0.1992372000, -0.8057092000, 0.5577819000)
(0.1949338000, -0.8022293000, 0.5642729000)
(0.2017076000, -0.7939876000, 0.5734795000)
(0.1967808000, -0.7844651000, 0.5881157000)
(0.1970268000, -0.7825770000, 0.5905384000)
(0.2001581000, -0.7760043000, 0.5981081000)
(0.2006108000, -0.7753616000, 0.5987812000)
(0.2059839000, -0.7740744000, 0.5986464000)
(0.2115828000, -0.7694943000, 0.6025773000)
(0.2055277000, -0.7677175000, 0.6069276000)
(0.2141602000, -0.7603777000, 0.6131505000)
(0.2146934000, -0.7564670000, 0.6177857000)
(0.2168971000, -0.7493483000, 0.6256254000)
(0.2149166000, -0.7536825000, 0.6210949000)
(0.2181469000, -0.7554581000, 0.6177963000)
(0.2165537000, -0.7505869000, 0.6242636000)
(0.2164085000, -0.7501758000, 0.6247980000)
(0.2179241000, -0.7465537000, 0.6286013000)
(0.2068977000, -0.7474380000, 0.6312824000)
(0.2099067000, -0.7434248000, 0.6350121000)
(0.2155919000, -0.7441239000, 0.6322821000)
(0.2181050000, -0.7416709000, 0.6342965000)
(0.2136037000, -0.7326487000, 0.6462086000)
(0.2123920000, -0.7357268000, 0.6431111000)
(0.0000000000, 0.0000000000, 0.0000000000)
(0.0000000000, 0.0000000000, 0.0000000000)
(0.0000000000, 0.0000000000, 0.0000000000)
(0.0000000000, 0.0000000000, 0.0000000000)
(0.0000000000, 0.0000000000, 0.0000000000)
(0.0000000000, 0.0000000000, 0.0000000000)
(0.1625712000, -0.7411984000, 0.6512925000)
(0.1692254000, -0.7350233000, 0.6565821000)
(0.1795503000, -0.7303600000, 0.6590208000)
(0.1747406000, -0.7363812000, 0.6535919000)
(0.1790768000, -0.7289014000, 0.6607638000)
(0.1783208000, -0.7285373000, 0.6613649000)
(0.1807077000, -0.7270734000, 0.6623443000)
(0.1800123000, -0.7253021000, 0.6644772000)
(0.1765479000, -0.7265230000, 0.6640542000)
(0.1765863000, -0.7281687000, 0.6622463000)
(0.1779715000, -0.7216493000, 0.6689678000)
(0.1766488000, -0.7227404000, 0.6681578000)
(0.0000000000, 0.0000000000, 0.0000000000)
(0.0000000000, 0.0000000000, 0.0000000000)
(0.0000000000, 0.0000000000, 0.0000000000)
(0.0000000000, 0.0000000000, 0.0000000000)
(0.0000000000, 0.0000000000, 0.0000000000)
(0.0000000000, 0.0000000000, 0.0000000000)
(0.0000000000, 0.0000000000, 0.0000000000)
(0.0000000000, 0.0000000000, 0.0000000000)
(0.1602442000, -0.7687469000, 0.6191453000)
(0.1670474000, -0.7655644000, 0.6212867000)
(0.1675905000, -0.7625555000, 0.6248266000)
(0.1640621000, -0.7625372000, 0.6257745000)
(0.1649999000, -0.7644846000, 0.6231565000)
(0.1713814000, -0.7591025000, 0.6279927000)
(0.1725636000, -0.7586814000, 0.6281822000)
(0.1718829000, -0.7547598000, 0.6330724000)
(0.1639197000, -0.7534158000, 0.6367666000)
(0.1676449000, -0.7545759000, 0.6344339000)
(0.1647285000, -0.7535455000, 0.6364128000)
(0.1684350000, -0.7547695000, 0.6339941000)
(0.1735059000, -0.7557376000, 0.6314468000)
(0.1705469000, -0.7567546000, 0.6310421000)
(0.1658918000, -0.7531374000, 0.6365854000)
(0.1531462000, -0.7743486000, 0.6139249000)
(0.0000000000, 0.0000000000, 0.0000000000)
(0.0000000000, 0.0000000000, 0.0000000000)
(0.0000000000, 0.0000000000, 0.0000000000)
(0.0000000000, 0.0000000000, 0.0000000000)
(0.0000000000, 0.0000000000, 0.0000000000)
(0.0000000000, 0.0000000000, 0.0000000000)
(0.0000000000, 0.0000000000, 0.0000000000)
(0.0000000000, 0.0000000000, 0.0000000000)
(0.1752236000, -0.7284381000, 0.6623038000)
(0.1732363000, -0.7323459000, 0.6585161000)
(0.1733735000, -0.7309421000, 0.6600411000)
(0.1650286000, -0.7416122000, 0.6502086000)
(0.1875626000, -0.7452411000, 0.6398485000)
(0.1911025000, -0.7466641000, 0.6371461000)
(0.1944855000, -0.7437533000, 0.6395252000)
(0.1925751000, -0.7377819000, 0.6469809000)
(0.1954497000, -0.7351282000, 0.6491333000)
(0.1942473000, -0.7363424000, 0.6481169000)
(0.1914927000, -0.7374633000, 0.6476504000)
(0.1912947000, -0.7333130000, 0.6524218000)
(0.1939967000, -0.7301297000, 0.6551677000)
(0.1947292000, -0.7291000000, 0.6561009000)
(0.1947636000, -0.7268796000, 0.6585612000)
(0.1983990000, -0.7221819000, 0.6626312000)
(0.1975580000, -0.7206395000, 0.6645635000)
(0.1996482000, -0.7142418000, 0.6708047000)
(0.1964688000, -0.7069663000, 0.6793973000)
(0.1984967000, -0.7149916000, 0.6703489000)
(0.0000000000, 0.0000000000, 0.0000000000)
(0.0000000000, 0.0000000000, 0.0000000000)
(0.0000000000, 0.0000000000, 0.0000000000)
(0.0000000000, 0.0000000000, 0.0000000000)
(0.0000000000, 0.0000000000, 0.0000000000)
(0.0000000000, 0.0000000000, 0.0000000000)
(0.0000000000, 0.0000000000, 0.0000000000)
(0.1716839000, -0.7661319000, 0.6193116000)
(0.1782496000, -0.7636832000, 0.6204887000)
(0.1735280000, -0.7621461000, 0.6237031000)
(0.1811049000, -0.7588750000, 0.6255347000)
(0.1799240000, -0.7588561000, 0.6258930000)
(0.1804172000, -0.7500098000, 0.6363246000)
(0.1822494000, -0.7538474000, 0.6312559000)
(0.1792680000, -0.7473161000, 0.6398098000)
(0.1788393000, -0.7449204000, 0.6427117000)
(0.1838893000, -0.7428457000, 0.6437062000)
(0.1905094000, -0.7427564000, 0.6418678000)
(0.1903090000, -0.7433504000, 0.6412380000)
(0.1899812000, -0.7434857000, 0.6411920000)
(0.1930025000, -0.7451411000, 0.6383489000)
(0.1916126000, -0.7387664000, 0.6461452000)
(0.1878413000, -0.7368289000, 0.6494401000)
(0.1866415000, -0.7406035000, 0.6454816000)
(0.1923983000, -0.7470348000, 0.6363254000)
(0.1888983000, -0.7464296000, 0.6380730000)
(0.1917700000, -0.7456588000, 0.6381328000)
(0.1945277000, -0.7357144000, 0.6487495000)
(0.1949146000, -0.7334294000, 0.6512152000)
(0.1942800000, -0.7374308000, 0.6468703000)
(0.1957503000, -0.7338758000, 0.6504543000)
(0.1970601000, -0.7304641000, 0.6538820000)
(0.1977057000, -0.7210014000, 0.6641163000)
(0.1985903000, -0.7207875000, 0.6640878000)
(0.1977376000, -0.7198976000, 0.6653012000)
(0.1983052000, -0.7139511000, 0.6715096000)
(0.2018855000, -0.7150845000, 0.6692393000)
(0.2011023000, -0.7177408000, 0.6666204000)
(0.2021973000, -0.7158555000, 0.6683145000)
(0.2011237000, -0.7137640000, 0.6708702000)
(0.2087179000, -0.7052876000, 0.6774894000)
(0.2029770000, -0.7014651000, 0.6831849000)
(0.1980717000, -0.7028511000, 0.6832010000)
(0.0000000000, 0.0000000000, 0.0000000000)
(0.0000000000, 0.0000000000, 0.0000000000)
(0.0000000000, 0.0000000000, 0.0000000000)
(0.0000000000, 0.0000000000, 0.0000000000)
(0.0000000000, 0.0000000000, 0.0000000000)
(0.0000000000, 0.0000000000, 0.0000000000)
(0.0000000000, 0.0000000000, 0.0000000000)
(0.0000000000, 0.0000000000, 0.0000000000)
(0.0000000000, 0.0000000000, 0.0000000000)
(0.0000000000, 0.0000000000, 0.0000000000)
(0.0000000000, 0.0000000000, 0.0000000000)
(0.0000000000, 0.0000000000, 0.0000000000)
(0.0000000000, 0.0000000000, 0.0000000000)
(0.0000000000, 0.0000000000, 0.0000000000)
(0.0000000000, 0.0000000000, 0.0000000000)
(0.0000000000, 0.0000000000, 0.0000000000)
(0.0000000000, 0.0000000000, 0.0000000000)
(0.0000000000, 0.0000000000, 0.0000000000)
(0.0000000000, 0.0000000000, 0.0000000000)
(0.0000000000, 0.0000000000, 0.0000000000)
(0.1911311000, -0.7410405000, 0.6436616000)
(0.1873511000, -0.7470294000, 0.6378279000)
(0.1877797000, -0.7467119000, 0.6380708000)
(0.1891636000, -0.7509413000, 0.6326875000)
(0.1867835000, -0.7436696000, 0.6419102000)
(0.1907931000, -0.7430272000, 0.6414881000)
(0.1971970000, -0.7364313000, 0.6471299000)
(0.2001743000, -0.7287243000, 0.6548853000)
(0.2003333000, -0.7203981000, 0.6639891000)
(0.2005371000, -0.7165369000, 0.6680859000)
(0.1960832000, -0.7224824000, 0.6629965000)
(0.1959825000, -0.7223570000, 0.6631601000)
(0.1962191000, -0.7213383000, 0.6642002000)
(0.2009648000, -0.7193527000, 0.6649230000)
(0.1989388000, -0.7173806000, 0.6676608000)
(0.2002736000, -0.7109735000, 0.6740797000)
(0.1985924000, -0.7115191000, 0.6740093000)
(0.1894736000, -0.7224591000, 0.6649374000)
(0.0000000000, 0.0000000000, 0.0000000000)
(0.0000000000, 0.0000000000, 0.0000000000)
(0.0000000000, 0.0000000000, 0.0000000000)
(0.0000000000, 0.0000000000, 0.0000000000)
(0.0000000000, 0.0000000000, 0.0000000000)
(0.0000000000, 0.0000000000, 0.0000000000)
(0.0000000000, 0.0000000000, 0.0000000000)
(0.0000000000, 0.0000000000, 0.0000000000)
(0.1514711000, -0.7810236000, 0.6058263000)
(0.1486321000, -0.7802618000, 0.6075211000)
(0.1525695000, -0.7810146000, 0.6055717000)
(0.1571874000, -0.7759823000, 0.6108440000)
(0.1656337000, -0.7775210000, 0.6066448000)
(0.1640529000, -0.7709324000, 0.6154143000)
(0.1653481000, -0.7740907000, 0.6110940000)
(0.1636379000, -0.7703134000, 0.6163056000)
(0.1653465000, -0.7681604000, 0.6185246000)
(0.1508654000, -0.7731286000, 0.6160434000)
(0.1491328000, -0.7730685000, 0.6165302000)
(0.1535254000, -0.7700814000, 0.6191722000)
(0.1607684000, -0.7641684000, 0.6246583000)
(0.1683504000, -0.7606763000, 0.6268992000)
(0.1677183000, -0.7604966000, 0.6272851000)
(0.1658945000, -0.7615160000, 0.6265491000)
(0.1616457000, -0.7541844000, 0.6364461000)
(0.1609046000, -0.7614579000, 0.6279044000)
(0.1567260000, -0.7642180000, 0.6256042000)
(0.1628443000, -0.7599928000, 0.6291873000)
(0.1600334000, -0.7636895000, 0.6254309000)
(0.1623651000, -0.7583833000, 0.6312598000)
(0.1628077000, -0.7571302000, 0.6326405000)
(0.1631283000, -0.7580110000, 0.6314883000)
(0.1629772000, -0.7568949000, 0.6328841000)
(0.1653829000, -0.7548441000, 0.6347054000)
(0.1628205000, -0.7567692000, 0.6330611000)
(0.1630164000, -0.7567039000, 0.6330941000)
(0.1641144000, -0.7552887000, 0.6344953000)
(0.1655272000, -0.7520261000, 0.6379905000)
(0.1659037000, -0.7495202000, 0.6408504000)
(0.1686185000, -0.7429243000, 0.6477715000)
(0.1398420000, -0.7642658000, 0.6295524000)
(0.1352523000, -0.7630205000, 0.6320574000)
(0.1315967000, -0.7627565000, 0.6331396000)
(0.1343678000, -0.7556821000, 0.6410013000)
(0.1383331000, -0.7532873000, 0.6429613000)
(0.1362777000, -0.7510346000, 0.6460283000)
(0.1361247000, -0.7625700000, 0.6324090000)
(0.0000000000, 0.0000000000, 0.0000000000)
(0.0000000000, 0.0000000000, 0.0000000000)
(0.0000000000, 0.0000000000, 0.0000000000)
(0.0000000000, 0.0000000000, 0.0000000000)
(0.0000000000, 0.0000000000, 0.0000000000)
(0.0000000000, 0.0000000000, 0.0000000000)
(0.0000000000, 0.0000000000, 0.0000000000)
(0.1868060000, -0.7424531000, 0.6432989000)
(0.1963856000, -0.7321809000, 0.6521701000)
(0.2008854000, -0.7304282000, 0.6527613000)
(0.1973723000, -0.7313402000, 0.6528193000)
(0.1977751000, -0.7328433000, 0.6510019000)
(0.1943387000, -0.7323278000, 0.6526225000)
(0.2004856000, -0.7357150000, 0.6469145000)
(0.1967506000, -0.7332755000, 0.6508249000)
(0.1974875000, -0.7250250000, 0.6597981000)
(0.1947445000, -0.7389606000, 0.6449871000)
(0.1959954000, -0.7361782000, 0.6477803000)
(0.1973249000, -0.7331590000, 0.6507823000)
(0.1973555000, -0.7334352000, 0.6504732000)
(0.2007898000, -0.7291188000, 0.6542583000)
(0.1928294000, -0.7279884000, 0.6579068000)
(0.1962927000, -0.7299131000, 0.6547389000)
(0.1888991000, -0.7333589000, 0.6530588000)
(0.0000000000, 0.0000000000, 0.0000000000)
(0.0000000000, 0.0000000000, 0.0000000000)
(0.0000000000, 0.0000000000, 0.0000000000)
(0.0000000000, 0.0000000000, 0.0000000000)
(0.0000000000, 0.0000000000, 0.0000000000)
(0.0000000000, 0.0000000000, 0.0000000000)
(0.0000000000, 0.0000000000, 0.0000000000)
(0.1449415000, -0.7595472000, 0.6340866000)
(0.1465123000, -0.7577730000, 0.6358358000)
(0.1437185000, -0.7618765000, 0.6315590000)
(0.1470391000, -0.7616573000, 0.6310703000)
(0.1541013000, -0.7581638000, 0.6335765000)
(0.1440795000, -0.7617475000, 0.6316442000)
(0.1412630000, -0.7699665000, 0.6222343000)
(0.1452401000, -0.7673118000, 0.6246035000)
(0.1415218000, -0.7644448000, 0.6289545000)
(0.1398720000, -0.7668543000, 0.6263739000)
(0.1428457000, -0.7628970000, 0.6305384000)
(0.1445564000, -0.7583786000, 0.6355749000)
(0.1482567000, -0.7559154000, 0.6376513000)
(0.1428409000, -0.7584740000, 0.6358423000)
(0.1487768000, -0.7492378000, 0.6453591000)
(0.1558622000, -0.7617880000, 0.6287770000)
(0.0000000000, 0.0000000000, 0.0000000000)
(0.0000000000, 0.0000000000, 0.0000000000)
(0.0000000000, 0.0000000000, 0.0000000000)
(0.0000000000, 0.0000000000, 0.0000000000)
(0.0000000000, 0.0000000000, 0.0000000000)
(0.0000000000, 0.0000000000, 0.0000000000)
(0.0000000000, 0.0000000000, 0.0000000000)
(0.0000000000, 0.0000000000, 0.0000000000)
(0.0000000000, 0.0000000000, 0.0000000000)
(0.0000000000, 0.0000000000, 0.0000000000)
(0.2074825000, -0.7487473000, 0.6295415000)
(0.2097988000, -0.7482613000, 0.6293491000)
(0.2071501000, -0.7474368000, 0.6312035000)
(0.2133695000, -0.7491031000, 0.6271402000)
(0.2088738000, -0.7452660000, 0.6331982000)
(0.2087084000, -0.7460180000, 0.6323639000)
(0.2076152000, -0.7471099000, 0.6314337000)
(0.2096037000, -0.7491618000, 0.6283346000)
(0.2095864000, -0.7475898000, 0.6302084000)
(0.2058405000, -0.7546866000, 0.6229510000)
(0.1756482000, -0.7938600000, 0.5821673000)
(0.0000000000, 0.0000000000, 0.0000000000)
(0.0000000000, 0.0000000000, 0.0000000000)
(0.0000000000, 0.0000000000, 0.0000000000)
(0.0000000000, 0.0000000000, 0.0000000000)
(0.0000000000, 0.0000000000, 0.0000000000)
(0.0000000000, 0.0000000000, 0.0000000000)
(0.0000000000, 0.0000000000, 0.0000000000)
(0.0000000000, 0.0000000000, 0.0000000000)
(0.0000000000, 0.0000000000, 0.0000000000)
(0.0000000000, 0.0000000000, 0.0000000000)
(0.0000000000, 0.0000000000, 0.0000000000)
(0.0000000000, 0.0000000000, 0.0000000000)
(0.1582999000, -0.7848501000, 0.5991026000)
(0.1631755000, -0.7816050000, 0.6020420000)
(0.1674443000, -0.7795505000, 0.6035347000)
(0.1627940000, -0.7843860000, 0.5985085000)
(0.1661326000, -0.7738349000, 0.6112105000)
(0.1668299000, -0.7728696000, 0.6122319000)
(0.1712400000, -0.7771811000, 0.6055146000)
(0.1705288000, -0.7709292000, 0.6136554000)
(0.1684458000, -0.7771054000, 0.6064075000)
(0.1803816000, -0.7729548000, 0.6082598000)
(0.1723153000, -0.7713552000, 0.6126143000)
(0.1720029000, -0.7791218000, 0.6027907000)
(0.1714294000, -0.7835408000, 0.5972144000)
(0.1752309000, -0.7812408000, 0.5991154000)
(0.1717690000, -0.7813842000, 0.5999265000)
(0.1734286000, -0.7746455000, 0.6081396000)
(0.1525460000, -0.7717519000, 0.6173315000)
(0.0000000000, 0.0000000000, 0.0000000000)
(0.0000000000, 0.0000000000, 0.0000000000)
(0.0000000000, 0.0000000000, 0.0000000000)
(0.0000000000, 0.0000000000, 0.0000000000)
(0.0000000000, 0.0000000000, 0.0000000000)
(0.0000000000, 0.0000000000, 0.0000000000)
(0.0000000000, 0.0000000000, 0.0000000000)
(0.0000000000, 0.0000000000, 0.0000000000)
(0.2293411000, -0.7369889000, 0.6357974000)
(0.2250345000, -0.7353119000, 0.6392761000)
(0.2300453000, -0.7361828000, 0.6364798000)
(0.2377469000, -0.7384132000, 0.6310428000)
(0.2360040000, -0.7388529000, 0.6311702000)
(0.2360003000, -0.7420181000, 0.6274482000)
(0.2370577000, -0.7436186000, 0.6251521000)
(0.2393878000, -0.7417160000, 0.6265233000)
(0.2357439000, -0.7431661000, 0.6261897000)
(0.2361914000, -0.7372649000, 0.6329616000)
(0.2363608000, -0.7376395000, 0.6324629000)
(0.2395953000, -0.7381185000, 0.6306695000)
(0.2398263000, -0.7412796000, 0.6268851000)
(0.2387928000, -0.7353075000, 0.6342474000)
(0.2363159000, -0.7328975000, 0.6379731000)
(0.2333034000, -0.7356314000, 0.6359160000)
(0.2378151000, -0.7277012000, 0.6433212000)
(0.2352421000, -0.7285462000, 0.6433270000)
(0.2359026000, -0.7277123000, 0.6440242000)
(0.2388816000, -0.7262931000, 0.6445203000)
(0.2385236000, -0.7255201000, 0.6455276000)
(0.2365396000, -0.7259961000, 0.6457345000)
(0.2376550000, -0.7277367000, 0.6433536000)
(0.2389894000, -0.7272402000, 0.6434122000)
(0.2357235000, -0.7234681000, 0.6488492000)
(0.2373746000, -0.7223465000, 0.6495088000)
(0.2371930000, -0.7216890000, 0.6502953000)
(0.2377046000, -0.7186569000, 0.6534513000)
(0.2408195000, -0.7138131000, 0.6576217000)
(0.1778651000, -0.7582774000, 0.6271963000)
(0.1211301000, -0.7944712000, 0.5950980000)
(0.1239959000, -0.7911103000, 0.5989643000)
(0.1157023000, -0.7886614000, 0.6038174000)
(0.1170183000, -0.7912723000, 0.6001480000)
(0.1140397000, -0.7893826000, 0.6032056000)
(0.1132551000, -0.7861961000, 0.6074955000)
(0.1207025000, -0.7864284000, 0.6057476000)
(0.1190366000, -0.7811259000, 0.6129080000)
(0.1227114000, -0.7811197000, 0.6121870000)
(0.1231935000, -0.7739065000, 0.6211768000)
(0.1279013000, -0.7708334000, 0.6240501000)
(0.1314617000, -0.7667344000, 0.6283466000)
(0.1331885000, -0.7696853000, 0.6243694000)
(0.1334720000, -0.7706016000, 0.6231588000)
(0.1350489000, -0.7714530000, 0.6217747000)
(0.1385019000, -0.7697859000, 0.6230866000)
(0.1363762000, -0.7674397000, 0.6264312000)
(0.1328146000, -0.7654288000, 0.6296596000)
(0.1335422000, -0.7673659000, 0.6271259000)
(0.1339609000, -0.7674934000, 0.6268857000)
(0.1340942000, -0.7682600000, 0.6259102000)
(0.1346283000, -0.7667045000, 0.6277230000)
(0.1318592000, -0.7674915000, 0.6273332000)
(0.1325902000, -0.7654709000, 0.6296543000)
(0.1362237000, -0.7583234000, 0.6374606000)
(0.1384914000, -0.7501339000, 0.6465973000)
(0.1429962000, -0.7413036000, 0.6557570000)
(0.0000000000, 0.0000000000, 0.0000000000)
(0.0000000000, 0.0000000000, 0.0000000000)
(0.0000000000, 0.0000000000, 0.0000000000)
(0.0000000000, 0.0000000000, 0.0000000000)
(0.0000000000, 0.0000000000, 0.0000000000)
(0.0000000000, 0.0000000000, 0.0000000000)
(0.0000000000, 0.0000000000, 0.0000000000)
(0.2066704000, -0.7262794000, 0.6555930000)
(0.2078896000, -0.7229329000, 0.6588894000)
(0.2068034000, -0.7390023000, 0.6411732000)
(0.2052956000, -0.7389596000, 0.6417054000)
(0.2044978000, -0.7195210000, 0.6636730000)
(0.2058210000, -0.7280263000, 0.6539187000)
(0.2102635000, -0.7253368000, 0.6554761000)
(0.2105563000, -0.7229062000, 0.6580765000)
(0.2102411000, -0.7232065000, 0.6578488000)
(0.2093786000, -0.7270719000, 0.6538511000)
(0.2101670000, -0.7297211000, 0.6506257000)
(0.2063233000, -0.7343651000, 0.6466324000)
(0.2108864000, -0.7224106000, 0.6585016000)
(0.2058460000, -0.7237617000, 0.6586223000)
(0.0000000000, 0.0000000000, 0.0000000000)
(0.0000000000, 0.0000000000, 0.0000000000)
(0.0000000000, 0.0000000000, 0.0000000000)
(0.0000000000, 0.0000000000, 0.0000000000)
(0.0000000000, 0.0000000000, 0.0000000000)
(0.0000000000, 0.0000000000, 0.0000000000)
(0.0000000000, 0.0000000000, 0.0000000000)
(0.0000000000, 0.0000000000, 0.0000000000)
(0.0000000000, 0.0000000000, 0.0000000000)
(0.1812325000, -0.7569392000, 0.6278477000)
(0.1812703000, -0.7580330000, 0.6265006000)
(0.1777495000, -0.7584245000, 0.6270536000)
(0.1673119000, -0.7590084000, 0.6291946000)
(0.1752886000, -0.7559673000, 0.6306875000)
(0.1767567000, -0.7556540000, 0.6306513000)
(0.1743712000, -0.7632447000, 0.6221163000)
(0.1773641000, -0.7544578000, 0.6319135000)
(0.1735341000, -0.7586969000, 0.6278850000)
(0.1721823000, -0.7576966000, 0.6294743000)
(0.1724993000, -0.7572178000, 0.6299598000)
(0.1758489000, -0.7514626000, 0.6358949000)
(0.1739871000, -0.7507692000, 0.6372268000)
(0.1727154000, -0.7506618000, 0.6376993000)
(0.1748676000, -0.7517172000, 0.6358556000)
(0.1794435000, -0.7442378000, 0.6433523000)
(0.1760866000, -0.7483177000, 0.6395298000)
(0.1753308000, -0.7439445000, 0.6448098000)
(0.1848657000, -0.7384944000, 0.6484147000)
(0.1770627000, -0.7396312000, 0.6492986000)
(0.1824246000, -0.7361783000, 0.6517354000)
(0.1822973000, -0.7368757000, 0.6509778000)
(0.1864548000, -0.7342440000, 0.6527630000)
(0.1868822000, -0.7327814000, 0.6542810000)
(0.1829329000, -0.7348745000, 0.6530420000)
(0.1863685000, -0.7349533000, 0.6519999000)
(0.1872708000, -0.7326857000, 0.6542834000)
(0.1863108000, -0.7347119000, 0.6522872000)
(0.1856849000, -0.7363383000, 0.6506311000)
(0.1815450000, -0.7394220000, 0.6482807000)
(0.1846879000, -0.7356755000, 0.6516599000)
(0.1858302000, -0.7296945000, 0.6580184000)
(0.1851906000, -0.7347565000, 0.6525580000)
(0.1841313000, -0.7259919000, 0.6625720000)
(0.1858119000, -0.7251216000, 0.6630747000)
(0.1819243000, -0.7321185000, 0.6564109000)
(0.0000000000, 0.0000000000, 0.0000000000)
(0.0000000000, 0.0000000000, 0.0000000000)
(0.0000000000, 0.0000000000, 0.0000000000)
(0.0000000000, 0.0000000000, 0.0000000000)
(0.0000000000, 0.0000000000, 0.0000000000)
(0.0000000000, 0.0000000000, 0.0000000000)
(0.0000000000, 0.0000000000, 0.0000000000)
(0.0000000000, 0.0000000000, 0.0000000000)
(0.0000000000, 0.0000000000, 0.0000000000)
(0.0000000000, 0.0000000000, 0.0000000000)
(0.1552245000, -0.7587861000, 0.6325559000)
(0.1613130000, -0.7561729000, 0.6341755000)
(0.1558646000, -0.7575558000, 0.6338738000)
(0.1548329000, -0.7553450000, 0.6367717000)
(0.1540455000, -0.7560330000, 0.6361297000)
(0.1570775000, -0.7590089000, 0.6318413000)
(0.1595498000, -0.7628139000, 0.6266083000)
(0.1610366000, -0.7606004000, 0.6289222000)
(0.1634732000, -0.7594311000, 0.6296975000)
(0.1623809000, -0.7595213000, 0.6298839000)
(0.1636431000, -0.7608572000, 0.6279280000)
(0.1582142000, -0.7594294000, 0.6310522000)
(0.1539371000, -0.7542486000, 0.6382759000)
(0.1488719000, -0.7498631000, 0.6446216000)
(0.1539939000, -0.7452662000, 0.6487342000)
(0.1590910000, -0.7507534000, 0.6411251000)
(0.1620095000, -0.7522843000, 0.6385886000)
(0.1614867000, -0.7542269000, 0.6364403000)
(0.1699710000, -0.7400588000, 0.6507081000)
(0.1718512000, -0.7334445000, 0.6576616000)
(0.1702074000, -0.7402234000, 0.6504406000)
(0.1740970000, -0.7342331000, 0.6561751000)
(0.1716423000, -0.7385606000, 0.6519643000)
(0.1670698000, -0.7438603000, 0.6471048000)
(0.1655640000, -0.7408229000, 0.6509683000)
(0.1626793000, -0.7445694000, 0.6474044000)
(0.1619691000, -0.7445772000, 0.6475677000)
(0.1621295000, -0.7456478000, 0.6463072000)
(0.1666712000, -0.7372398000, 0.6547372000)
(0.1642613000, -0.7354343000, 0.6573828000)
(0.1648947000, -0.7312163000, 0.6618932000)
(0.1624607000, -0.7335981000, 0.6598565000)
(0.0000000000, 0.0000000000, 0.0000000000)
(0.0000000000, 0.0000000000, 0.0000000000)
(0.0000000000, 0.0000000000, 0.0000000000)
(0.0000000000, 0.0000000000, 0.0000000000)
(0.0000000000, 0.0000000000, 0.0000000000)
(0.0000000000, 0.0000000000, 0.0000000000)
(0.0000000000, 0.0000000000, 0.0000000000)
(0.0000000000, 0.0000000000, 0.0000000000)
(0.0000000000, 0.0000000000, 0.0000000000)
(0.0000000000, 0.0000000000, 0.0000000000)
(0.0000000000, 0.0000000000, 0.0000000000)
(0.0000000000, 0.0000000000, 0.0000000000)
(0.0000000000, 0.0000000000, 0.0000000000)
(0.0000000000, 0.0000000000, 0.0000000000)
(0.0000000000, 0.0000000000, 0.0000000000)
(0.0000000000, 0.0000000000, 0.0000000000)
(0.0000000000, 0.0000000000, 0.0000000000)
(0.0000000000, 0.0000000000, 0.0000000000)
(0.0000000000, 0.0000000000, 0.0000000000)
(0.1708394000, -0.7518225000, 0.6368394000)
(0.1741751000, -0.7513864000, 0.6364415000)
(0.1646486000, -0.7555544000, 0.6340439000)
(0.1711522000, -0.7491568000, 0.6398906000)
(0.1755915000, -0.7468752000, 0.6413400000)
(0.1732461000, -0.7504505000, 0.6378152000)
(0.1756608000, -0.7435426000, 0.6451952000)
(0.1766921000, -0.7402442000, 0.6487035000)
(0.1785949000, -0.7405762000, 0.6477817000)
(0.1697922000, -0.7597054000, 0.6276916000)
(0.1677817000, -0.7654510000, 0.6212219000)
(0.1617722000, -0.7668032000, 0.6211534000)
(0.1772026000, -0.7476714000, 0.6399783000)
(0.1799363000, -0.7456674000, 0.6415454000)
(0.1768329000, -0.7424307000, 0.6461516000)
(0.1755929000, -0.7547842000, 0.6320223000)
(0.1790760000, -0.7512197000, 0.6352926000)
(0.0000000000, 0.0000000000, 0.0000000000)
(0.0000000000, 0.0000000000, 0.0000000000)
(0.0000000000, 0.0000000000, 0.0000000000)
(0.0000000000, 0.0000000000, 0.0000000000)
(0.0000000000, 0.0000000000, 0.0000000000)
(0.0000000000, 0.0000000000, 0.0000000000)
(0.0000000000, 0.0000000000, 0.0000000000)
(0.0000000000, 0.0000000000, 0.0000000000)
(0.0000000000, 0.0000000000, 0.0000000000)
(0.0000000000, 0.0000000000, 0.0000000000)
(0.0000000000, 0.0000000000, 0.0000000000)
(0.0000000000, 0.0000000000, 0.0000000000)
(0.1892464000, -0.8019316000, 0.5666237000)
(0.1941539000, -0.7908683000, 0.5803600000)
(0.2018352000, -0.7975006000, 0.5685251000)
(0.1867687000, -0.7968681000, 0.5745320000)
(0.1900423000, -0.7931153000, 0.5786364000)
(0.1847340000, -0.7923210000, 0.5814477000)
(0.1824912000, -0.7769809000, 0.6024883000)
(0.1803188000, -0.8013877000, 0.5703062000)
(0.1739453000, -0.7909498000, 0.5866103000)
(0.1765820000, -0.7988909000, 0.5749465000)
(0.1686881000, -0.7856472000, 0.5952181000)
(0.1772097000, -0.7800021000, 0.6001455000)
(0.1322440000, -0.8643916000, 0.4851046000)
(0.1790465000, -0.7701647000, 0.6121797000)
(0.1854203000, -0.7755305000, 0.6034618000)
(0.1939936000, -0.7701114000, 0.6076730000)
(0.1875403000, -0.7778901000, 0.5997471000)
(0.1876450000, -0.7795897000, 0.5975052000)
(0.1772448000, -0.7812811000, 0.5984774000)
(0.1871851000, -0.7769455000, 0.6010878000)
(0.1810800000, -0.7816616000, 0.5968193000)
(0.1774693000, -0.7749756000, 0.6065454000)
(0.1797547000, -0.7779971000, 0.6019878000)
(0.1801950000, -0.7781817000, 0.6016168000)
(0.1839038000, -0.7766339000, 0.6024935000)
(0.1776062000, -0.7863767000, 0.5916588000)
(0.1743096000, -0.7893052000, 0.5887339000)
(0.1736878000, -0.7875077000, 0.5913056000)
(0.1740864000, -0.7824876000, 0.5978156000)
(0.1682849000, -0.7845466000, 0.5967733000)
(0.1718761000, -0.7792596000, 0.6026640000)
(0.1756443000, -0.7745800000, 0.6075782000)
(0.1805492000, -0.7708047000, 0.6109353000)
(0.1833861000, -0.7720593000, 0.6085105000)
(0.1828528000, -0.7673912000, 0.6145339000)
(0.1816469000, -0.7703841000, 0.6111326000)
(0.1845810000, -0.7669575000, 0.6145721000)
(0.1863043000, -0.7588562000, 0.6240376000)
(0.1911512000, -0.7541038000, 0.6283111000)
(0.1907168000, -0.7519698000, 0.6310034000)
(0.1895466000, -0.7545162000, 0.6283006000)
(0.1919384000, -0.7550819000, 0.6268800000)
(0.1917772000, -0.7543865000, 0.6277677000)
(0.1928263000, -0.7502840000, 0.6323608000)
(0.1913650000, -0.7491955000, 0.6340772000)
(0.1962254000, -0.7460268000, 0.6363313000)
(0.1940574000, -0.7433192000, 0.6401666000)
(0.1962747000, -0.7455252000, 0.6369139000)
(0.1966728000, -0.7445684000, 0.6379063000)
(0.1957784000, -0.7442712000, 0.6385256000)
(0.1922055000, -0.7387941000, 0.6459184000)
(0.1938897000, -0.7384660000, 0.6458100000)
(0.1920635000, -0.7411624000, 0.6432607000)
(0.1955075000, -0.7368701000, 0.6471303000)
(0.1913328000, -0.7361956000, 0.6491506000)
(0.1968025000, -0.7343308000, 0.6496223000)
(0.1971129000, -0.7325593000, 0.6515211000)
(0.2024762000, -0.7303433000, 0.6523638000)
(0.1978837000, -0.7284203000, 0.6559100000)
(0.1968493000, -0.7264477000, 0.6584032000)
(0.1973037000, -0.7296663000, 0.6547168000)
(0.1973381000, -0.7261668000, 0.6585813000)
(0.1969919000, -0.7261107000, 0.6587475000)
(0.1951620000, -0.7287970000, 0.6563197000)
(0.1975323000, -0.7275255000, 0.6570260000)
(0.1974800000, -0.7271002000, 0.6575070000)
(0.1944719000, -0.7282903000, 0.6570731000)
(0.1995873000, -0.7287671000, 0.6550117000)
(0.1982964000, -0.7246830000, 0.6599308000)
(0.2010125000, -0.7240221000, 0.6598171000)
(0.2025251000, -0.7249192000, 0.6583837000)
(0.2047347000, -0.7292169000, 0.6529251000)
(0.2034817000, -0.7300513000, 0.6523901000)
(0.2138989000, -0.7212679000, 0.6587969000)
(0.2057444000, -0.7156633000, 0.6674402000)
(0.2084612000, -0.7210180000, 0.6608049000)
(0.2107253000, -0.7293680000, 0.6508361000)
(0.2098810000, -0.7232774000, 0.6578791000)
(0.2118725000, -0.7219561000, 0.6586798000)
(0.1985109000, -0.7140589000, 0.6713461000)
(0.2017940000, -0.7117845000, 0.6727861000)
(0.2091028000, -0.7065991000, 0.6759907000)
(0.2040845000, -0.7121252000, 0.6717265000)
(0.2116046000, -0.7073666000, 0.6744239000)
(0.2143474000, -0.7072023000, 0.6737297000)
(0.2139991000, -0.7089368000, 0.6720167000)
(0.2077898000, -0.7029800000, 0.6801689000)
(0.2074584000, -0.6983946000, 0.6849639000)
(0.2135085000, -0.6875430000, 0.6940432000)
(0.2093007000, -0.6833106000, 0.6994793000)
(0.2050163000, -0.6928275000, 0.6913328000)
(0.2154272000, -0.6973969000, 0.6835366000)
(0.0000000000, 0.0000000000, 0.0000000000)
(0.0000000000, 0.0000000000, 0.0000000000)
(0.0000000000, 0.0000000000, 0.0000000000)
(0.0000000000, 0.0000000000, 0.0000000000)
(0.1841730000, -0.7540858000, 0.6304015000)
(0.1915917000, -0.7467981000, 0.6368542000)
(0.1877923000, -0.7466141000, 0.6381859000)
(0.1842499000, -0.7496589000, 0.6356411000)
(0.1863639000, -0.7578536000, 0.6252375000)
(0.1830701000, -0.7548288000, 0.6298423000)
(0.1893532000, -0.7528515000, 0.6303617000)
(0.1896572000, -0.7447013000, 0.6398791000)
(0.1836506000, -0.7503254000, 0.6350314000)
(0.1874031000, -0.7456930000, 0.6393798000)
(0.1876293000, -0.7491649000, 0.6352436000)
(0.1845010000, -0.7512787000, 0.6336612000)
(0.1895940000, -0.7504427000, 0.6331428000)
(0.1892948000, -0.7512916000, 0.6322335000)
(0.1914508000, -0.7511224000, 0.6317698000)
(0.1898931000, -0.7463177000, 0.6379074000)
(0.1911047000, -0.7466673000, 0.6371378000)
(0.1901087000, -0.7455468000, 0.6387607000)
(0.1894047000, -0.7446536000, 0.6400002000)
(0.1881498000, -0.7474852000, 0.6370598000)
(0.1886284000, -0.7472930000, 0.6371480000)
(0.1896833000, -0.7465302000, 0.6377179000)
(0.1910502000, -0.7496156000, 0.6336932000)
(0.1951379000, -0.7509282000, 0.6308772000)
(0.1972232000, -0.7516241000, 0.6293956000)
(0.1984716000, -0.7508376000, 0.6299451000)
(0.1964914000, -0.7508199000, 0.6305841000)
(0.1937220000, -0.7485737000, 0.6341144000)
(0.1948036000, -0.7484642000, 0.6338936000)
(0.1961424000, -0.7482975000, 0.6336929000)
(0.1971478000, -0.7428417000, 0.6397600000)
(0.1969536000, -0.7399630000, 0.6431578000)
(0.1995299000, -0.7359495000, 0.6469557000)
(0.1980515000, -0.7335138000, 0.6501720000)
(0.1978490000, -0.7321568000, 0.6517631000)
(0.1967099000, -0.7328958000, 0.6512688000)
(0.1955863000, -0.7330225000, 0.6514611000)
(0.1948936000, -0.7317979000, 0.6530470000)
(0.1952623000, -0.7306203000, 0.6542611000)
(0.1949103000, -0.7312048000, 0.6537102000)
(0.1953635000, -0.7313942000, 0.6533651000)
(0.1965370000, -0.7303270000, 0.6542097000)
(0.1969030000, -0.7286286000, 0.6559822000)
(0.1971542000, -0.7277846000, 0.6568438000)
(0.1957971000, -0.7243605000, 0.6610268000)
(0.1978603000, -0.7197690000, 0.6654167000)
(0.1952700000, -0.7207972000, 0.6650645000)
(0.1992887000, -0.7182434000, 0.6666388000)
(0.1928650000, -0.7185310000, 0.6682134000)
(0.1950663000, -0.7152998000, 0.6710388000)
(0.1947211000, -0.7332960000, 0.6514289000)
(0.0000000000, 0.0000000000, 0.0000000000)
(0.0000000000, 0.0000000000, 0.0000000000)
(0.0000000000, 0.0000000000, 0.0000000000)
(0.1899984000, -0.7683959000, 0.6110961000)
(0.1915691000, -0.7498964000, 0.6331907000)
(0.1910509000, -0.7469631000, 0.6368062000)
(0.1968279000, -0.7592661000, 0.6202798000)
(0.1949787000, -0.7567644000, 0.6239144000)
(0.1954324000, -0.7498990000, 0.6320162000)
(0.1989615000, -0.7496125000, 0.6312403000)
(0.1951059000, -0.7485108000, 0.6337478000)
(0.1969218000, -0.7506430000, 0.6306698000)
(0.1995995000, -0.7459179000, 0.6354248000)
(0.2008876000, -0.7493128000, 0.6310048000)
(0.1946623000, -0.7465634000, 0.6361790000)
(0.1921362000, -0.7463625000, 0.6372004000)
(0.1916605000, -0.7440459000, 0.6400293000)
(0.1921896000, -0.7406403000, 0.6438031000)
(0.1921633000, -0.7406525000, 0.6438160000)
(0.1942773000, -0.7436013000, 0.6397524000)
(0.1961023000, -0.7458909000, 0.6365406000)
(0.1963029000, -0.7450988000, 0.6374039000)
(0.1951233000, -0.7439150000, 0.6391432000)
(0.2009193000, -0.7429857000, 0.6384349000)
(0.1926258000, -0.7438706000, 0.6399403000)
(0.1940583000, -0.7379121000, 0.6463891000)
(0.1977121000, -0.7356495000, 0.6478636000)
(0.1988171000, -0.7362463000, 0.6468293000)
(0.1988429000, -0.7382460000, 0.6445538000)
(0.1997651000, -0.7404945000, 0.6416686000)
(0.2020458000, -0.7405225000, 0.6409330000)
(0.2033797000, -0.7379068000, 0.6435152000)
(0.2033487000, -0.7368388000, 0.6447550000)
(0.2028752000, -0.7360280000, 0.6458312000)
(0.2051407000, -0.7371709000, 0.6437915000)
(0.1984477000, -0.7358837000, 0.6473624000)
(0.2061871000, -0.7365220000, 0.6442053000)
(0.2060900000, -0.7356822000, 0.6452068000)
(0.2066837000, -0.7283877000, 0.6532362000)
(0.2011257000, -0.7330749000, 0.6497099000)
(0.2053844000, -0.7299266000, 0.6519167000)
(0.0000000000, 0.0000000000, 0.0000000000)
(0.0000000000, 0.0000000000, 0.0000000000)
(0.0000000000, 0.0000000000, 0.0000000000)
(0.0000000000, 0.0000000000, 0.0000000000)
(0.1675086000, -0.7650322000, 0.6218203000)
(0.1696740000, -0.7488345000, 0.6406566000)
(0.1700387000, -0.7515420000, 0.6373889000)
(0.1719432000, -0.7482157000, 0.6407679000)
(0.1703433000, -0.7602881000, 0.6268464000)
(0.1663178000, -0.7745939000, 0.6101916000)
(0.1734733000, -0.7623385000, 0.6234902000)
(0.1718816000, -0.7617359000, 0.6246662000)
(0.1716093000, -0.7576176000, 0.6297224000)
(0.1736593000, -0.7548718000, 0.6324397000)
(0.1760194000, -0.7570173000, 0.6292254000)
(0.1749498000, -0.7613067000, 0.6243170000)
(0.1739073000, -0.7582152000, 0.6283749000)
(0.1769794000, -0.7601170000, 0.6251969000)
(0.1778819000, -0.7517061000, 0.6350531000)
(0.1741567000, -0.7542609000, 0.6330437000)
(0.1777091000, -0.7552654000, 0.6308437000)
(0.1757717000, -0.7539282000, 0.6329808000)
(0.1771705000, -0.7553189000, 0.6309326000)
(0.1761587000, -0.7505875000, 0.6368394000)
(0.1776708000, -0.7548340000, 0.6313758000)
(0.1736828000, -0.7517011000, 0.6362133000)
(0.1729728000, -0.7450093000, 0.6442223000)
(0.1756812000, -0.7537553000, 0.6332251000)
(0.1735064000, -0.7529433000, 0.6347876000)
(0.1765902000, -0.7492450000, 0.6383051000)
(0.1798358000, -0.7506666000, 0.6357158000)
(0.1780498000, -0.7470215000, 0.6404886000)
(0.1784967000, -0.7387991000, 0.6498398000)
(0.1762870000, -0.7400057000, 0.6490767000)
(0.1737531000, -0.7457231000, 0.6431980000)
(0.1760942000, -0.7433572000, 0.6452763000)
(0.1853642000, -0.7519470000, 0.6326100000)
(0.1814656000, -0.7473524000, 0.6391472000)
(0.1801965000, -0.7446271000, 0.6426801000)
(0.1843638000, -0.7432287000, 0.6431246000)
(0.1832923000, -0.7445562000, 0.6418997000)
(0.1833709000, -0.7341290000, 0.6537620000)
(0.1791841000, -0.7377040000, 0.6509053000)
(0.1890943000, -0.7409560000, 0.6443762000)
(0.1885689000, -0.7413456000, 0.6440860000)
(0.1885051000, -0.7399338000, 0.6457239000)
(0.1821117000, -0.7377897000, 0.6499914000)
(0.1800113000, -0.7378435000, 0.6505108000)
(0.1822078000, -0.7374006000, 0.6504005000)
(0.1778346000, -0.7440398000, 0.6440231000)
(0.1769576000, -0.7442841000, 0.6439766000)
(0.1803872000, -0.7424232000, 0.6451660000)
(0.1830203000, -0.7419863000, 0.6449425000)
(0.1822848000, -0.7420709000, 0.6450562000)
(0.1810673000, -0.7418989000, 0.6455865000)
(0.1823012000, -0.7418431000, 0.6452953000)
(0.1824641000, -0.7422565000, 0.6447857000)
(0.1821761000, -0.7421358000, 0.6450005000)
(0.1796177000, -0.7406306000, 0.6474405000)
(0.1770178000, -0.7413378000, 0.6473479000)
(0.1701081000, -0.7294171000, 0.6625674000)
(0.1678759000, -0.7284377000, 0.6642042000)
(0.1669054000, -0.7286846000, 0.6641831000)
(0.1664800000, -0.7338111000, 0.6586162000)
(0.1670321000, -0.7331935000, 0.6591645000)
(0.1667476000, -0.7326343000, 0.6598588000)
(0.1679493000, -0.7307665000, 0.6616238000)
(0.1683716000, -0.7304544000, 0.6618610000)
(0.1674441000, -0.7318440000, 0.6605614000)
(0.1676423000, -0.7309052000, 0.6615504000)
(0.1679662000, -0.7298951000, 0.6625979000)
(0.1685411000, -0.7296537000, 0.6627163000)
(0.1681943000, -0.7289217000, 0.6636020000)
(0.1668109000, -0.7293978000, 0.6634355000)
(0.1686848000, -0.7289723000, 0.6634252000)
(0.1673872000, -0.7272521000, 0.6656426000)
(0.1664148000, -0.7273491000, 0.6657835000)
(0.1648055000, -0.7285897000, 0.6648201000)
(0.1642212000, -0.7291051000, 0.6643896000)
(0.1648624000, -0.7285526000, 0.6648481000)
(0.1648056000, -0.7281604000, 0.6652845000)
(0.1653312000, -0.7273358000, 0.6660677000)
(0.1664299000, -0.7258059000, 0.6674488000)
(0.1661954000, -0.7255185000, 0.6678124000)
(0.1663881000, -0.7251971000, 0.6681230000)
(0.1657230000, -0.7258424000, 0.6675785000)
(0.1654761000, -0.7260587000, 0.6674151000)
(0.1655412000, -0.7267772000, 0.6666116000)
(0.1663690000, -0.7254289000, 0.6678838000)
(0.1666873000, -0.7272899000, 0.6657690000)
(0.1674382000, -0.7239567000, 0.6691989000)
(0.1653556000, -0.7247984000, 0.6688195000)
(0.1642757000, -0.7238107000, 0.6701472000)
(0.1657853000, -0.7206078000, 0.6732249000)
(0.1717484000, -0.7230841000, 0.6690463000)
(0.1762595000, -0.7982371000, 0.5759581000)
(0.1760906000, -0.7945206000, 0.5811274000)
(0.1809740000, -0.7910205000, 0.5843836000)
(0.1810962000, -0.7865257000, 0.5904036000)
(0.1832204000, -0.7864500000, 0.5898362000)
(0.1873858000, -0.7826537000, 0.5935752000)
(0.1868283000, -0.7774011000, 0.6006035000)
(0.1918191000, -0.7739632000, 0.6034548000)
(0.1891961000, -0.7755690000, 0.6022178000)
(0.1862812000, -0.7783825000, 0.5994890000)
(0.1870030000, -0.7757333000, 0.6026991000)
(0.1899822000, -0.7698827000, 0.6092335000)
(0.1872288000, -0.7653260000, 0.6157931000)
(0.1962236000, -0.7610136000, 0.6183205000)
(0.1960219000, -0.7608714000, 0.6185769000)
(0.1928242000, -0.7620574000, 0.6181104000)
(0.1904930000, -0.7639160000, 0.6165487000)
(0.1905012000, -0.7633150000, 0.6172796000)
(0.1922128000, -0.7593455000, 0.6216438000)
(0.1917052000, -0.7582604000, 0.6231171000)
(0.1914624000, -0.7588679000, 0.6224446000)
(0.1939363000, -0.7571028000, 0.6238294000)
(0.1941072000, -0.7559952000, 0.6251115000)
(0.1943879000, -0.7548419000, 0.6264294000)
(0.1912923000, -0.7558972000, 0.6261011000)
(0.1987426000, -0.7518516000, 0.6286417000)
(0.1969215000, -0.7526997000, 0.6282204000)
(0.1970107000, -0.7567917000, 0.6232427000)
(0.2053638000, -0.7399598000, 0.6405197000)
(0.2025062000, -0.7389334000, 0.6426070000)
(0.2039468000, -0.7372558000, 0.6440797000)
(0.2068023000, -0.7321479000, 0.6489760000)
(0.2031571000, -0.7336140000, 0.6484857000)
(0.2030381000, -0.7314517000, 0.6509565000)
(0.2010130000, -0.7325984000, 0.6502966000)
(0.2013792000, -0.7311566000, 0.6517898000)
(0.2038297000, -0.7281820000, 0.6543603000)
(0.2039836000, -0.7258544000, 0.6568889000)
(0.2042250000, -0.7250680000, 0.6576936000)
(0.2039875000, -0.7244653000, 0.6584351000)
(0.2019535000, -0.7242327000, 0.6592994000)
(0.2030861000, -0.7227645000, 0.6605687000)
(0.2009379000, -0.7230489000, 0.6609163000)
(0.1962020000, -0.7263328000, 0.6587226000)
(0.1962123000, -0.7238547000, 0.6614600000)
(0.1966290000, -0.7227392000, 0.6625489000)
(0.1971224000, -0.7223740000, 0.6627951000)
(0.2015864000, -0.7177947000, 0.6664143000)
(0.2019045000, -0.7167204000, 0.6674865000)
(0.2012725000, -0.7164887000, 0.6679233000)
(0.1983640000, -0.7141848000, 0.6712516000)
(0.2024696000, -0.7124249000, 0.6719032000)
(0.1717322000, -0.7705567000, 0.6137761000)
(0.1528035000, -0.8027562000, 0.5763769000)
(0.1424008000, -0.8043419000, 0.5768318000)
(0.1487385000, -0.8095800000, 0.5678382000)
(0.1432525000, -0.8012187000, 0.5809427000)
(0.1443266000, -0.8018799000, 0.5797818000)
(0.1560334000, -0.7817955000, 0.6036828000)
(0.1548283000, -0.7956274000, 0.5856407000)
(0.1539369000, -0.7990708000, 0.5811809000)
(0.1530626000, -0.7963208000, 0.5851686000)
(0.1580153000, -0.7868994000, 0.5965045000)
(0.1581844000, -0.7864401000, 0.5970590000)
(0.1589757000, -0.7863172000, 0.5970134000)
(0.1597448000, -0.7826625000, 0.6015942000)
(0.1612300000, -0.7778177000, 0.6074558000)
(0.1611887000, -0.7804219000, 0.6041164000)
(0.1629671000, -0.7781231000, 0.6065934000)
(0.1635064000, -0.7767743000, 0.6081760000)
(0.1620806000, -0.7735695000, 0.6126140000)
(0.1632477000, -0.7709749000, 0.6155616000)
(0.1665678000, -0.7662680000, 0.6205360000)
(0.1643913000, -0.7660816000, 0.6213608000)
(0.1650446000, -0.7709476000, 0.6151255000)
(0.1666999000, -0.7716596000, 0.6137825000)
(0.1666253000, -0.7696812000, 0.6162818000)
(0.1649119000, -0.7647116000, 0.6228917000)
(0.1601240000, -0.7631089000, 0.6261057000)
(0.1610301000, -0.7633807000, 0.6255350000)
(0.1606323000, -0.7643734000, 0.6244289000)
(0.1609805000, -0.7635947000, 0.6252909000)
(0.1630517000, -0.7611485000, 0.6277356000)
(0.1638121000, -0.7592843000, 0.6297804000)
(0.1617289000, -0.7602572000, 0.6291419000)
(0.1614298000, -0.7604472000, 0.6290023000)
(0.1597787000, -0.7617203000, 0.6278896000)
(0.1601512000, -0.7535588000, 0.6375676000)
(0.1638625000, -0.7579369000, 0.6314092000)
(0.1709163000, -0.7500785000, 0.6388793000)
(0.1680828000, -0.7483315000, 0.6416601000)
(0.1733399000, -0.7429646000, 0.6464882000)
(0.1715766000, -0.7347150000, 0.6562971000)
(0.1659318000, -0.7385320000, 0.6534683000)
(0.1636941000, -0.7375188000, 0.6551692000)
(0.1661210000, -0.7348739000, 0.6575208000)
(0.1684560000, -0.7316369000, 0.6605486000)
(0.1696249000, -0.7295121000, 0.6625826000)
(0.1702956000, -0.7280301000, 0.6640446000)
(0.1701290000, -0.7275770000, 0.6645786000)
(0.1715376000, -0.7240830000, 0.6680207000)
(0.1719900000, -0.7234505000, 0.6686046000)
(0.1746341000, -0.7209840000, 0.6705656000)
(0.1735052000, -0.7195361000, 0.6724087000)
(0.1736377000, -0.7192222000, 0.6727108000)
(0.1559095000, -0.7814639000, 0.6041560000)
(0.1543524000, -0.7857115000, 0.5990173000)
(0.1568078000, -0.7943787000, 0.5868307000)
(0.1580176000, -0.7949355000, 0.5857470000)
(0.1586289000, -0.7927659000, 0.5885217000)
(0.1562144000, -0.7924217000, 0.5896259000)
(0.1551291000, -0.7926100000, 0.5896437000)
(0.1596470000, -0.7867457000, 0.5962695000)
(0.1572592000, -0.7879582000, 0.5952867000)
(0.1582822000, -0.7874102000, 0.5957376000)
(0.1591859000, -0.7874585000, 0.5954525000)
(0.1595349000, -0.7877517000, 0.5949506000)
(0.1633582000, -0.7792590000, 0.6050250000)
(0.1618445000, -0.7838493000, 0.5994758000)
(0.1651421000, -0.7800193000, 0.6035668000)
(0.1649624000, -0.7761881000, 0.6085367000)
(0.1654957000, -0.7743061000, 0.6107782000)
(0.1662392000, -0.7739313000, 0.6110576000)
(0.1671752000, -0.7704102000, 0.6152205000)
(0.1687026000, -0.7671058000, 0.6189151000)
(0.1688804000, -0.7665722000, 0.6195264000)
(0.1702885000, -0.7618597000, 0.6249506000)
(0.1693494000, -0.7615432000, 0.6255862000)
(0.1689024000, -0.7614906000, 0.6257676000)
(0.1650976000, -0.7648232000, 0.6227115000)
(0.1650990000, -0.7620196000, 0.6261359000)
(0.1677168000, -0.7622964000, 0.6251045000)
(0.1700284000, -0.7607234000, 0.6264051000)
(0.1706459000, -0.7617363000, 0.6250059000)
(0.1700571000, -0.7612753000, 0.6257050000)
(0.1714462000, -0.7441452000, 0.6456361000)
(0.1835015000, -0.7387770000, 0.6484801000)
(0.1816727000, -0.7304411000, 0.6583514000)
(0.1797152000, -0.7348690000, 0.6539454000)
(0.1784871000, -0.7348874000, 0.6542767000)
(0.1747598000, -0.7329258000, 0.6574736000)
(0.1783329000, -0.7306311000, 0.6590586000)
(0.1782191000, -0.7277465000, 0.6622633000)
(0.1832099000, -0.7215863000, 0.6676201000)
(0.1788560000, -0.7275509000, 0.6623285000)
(0.1791977000, -0.7266880000, 0.6631685000)
(0.1801991000, -0.7236440000, 0.6662166000)
(0.1806685000, -0.7226123000, 0.6672068000)
(0.1808542000, -0.7226241000, 0.6671602000)
(0.1809553000, -0.7207505000, 0.6691419000)
(0.1840343000, -0.7190675000, 0.6701065000)
(0.1848193000, -0.7188593000, 0.6701137000)
(0.1844293000, -0.7195446000, 0.6694912000)
(0.1843258000, -0.7175506000, 0.6716499000)
(0.1848034000, -0.7170011000, 0.6721105000)
(0.1851669000, -0.7149316000, 0.6742283000)
(0.1848975000, -0.7146991000, 0.6745303000)
(0.1850755000, -0.7153373000, 0.6738082000)
(0.1856672000, -0.7140822000, 0.6749699000)
(0.1870009000, -0.7120690000, 0.6767410000)
(0.1871949000, -0.7124444000, 0.6762927000)
(0.1866700000, -0.7116021000, 0.6773185000)
(0.1852376000, -0.7138020000, 0.6753920000)
(0.1853776000, -0.7142920000, 0.6748407000)
(0.1865135000, -0.7122245000, 0.6767049000)
(0.1874428000, -0.7100781000, 0.6787048000)
(0.1871589000, -0.7113260000, 0.6774812000)
(0.1901465000, -0.7109756000, 0.6770042000)
(0.1926085000, -0.7082729000, 0.6791372000)
(0.1927916000, -0.7070716000, 0.6803419000)
(0.1938276000, -0.7057732000, 0.6813900000)
(0.1942227000, -0.7056732000, 0.6813958000)
(0.1953348000, -0.7046106000, 0.6821586000)
(0.1951153000, -0.7037656000, 0.6831121000)
(0.1947384000, -0.7008296000, 0.6862157000)
(0.1983698000, -0.6984503000, 0.6876113000)
(0.1981854000, -0.6951082000, 0.6910314000)
(0.1984978000, -0.6932735000, 0.6927842000)
(0.1965414000, -0.6976315000, 0.6889707000)
(0.1963072000, -0.6982365000, 0.6884159000)
(0.1981343000, -0.6962219000, 0.6899320000)
(0.1964727000, -0.6969451000, 0.6896730000)
(0.2072568000, -0.6891242000, 0.6943516000)
(0.2011986000, -0.6854827000, 0.6997213000)
(0.2014436000, -0.6810881000, 0.7039299000)
(0.1949577000, -0.7544858000, 0.6266893000)
(0.1848364000, -0.7896689000, 0.5850006000)
(0.1866983000, -0.7927117000, 0.5802984000)
(0.1933222000, -0.7901883000, 0.5815601000)
(0.1892632000, -0.7888235000, 0.5847282000)
(0.1868684000, -0.7880459000, 0.5865514000)
(0.1870198000, -0.7903692000, 0.5833586000)
(0.1912202000, -0.7877226000, 0.5855789000)
(0.1948332000, -0.7833807000, 0.5901912000)
(0.1996317000, -0.7795308000, 0.5936764000)
(0.1975555000, -0.7793114000, 0.5946674000)
(0.2012111000, -0.7778495000, 0.5953456000)
(0.2006271000, -0.7752569000, 0.5989231000)
(0.2011742000, -0.7708003000, 0.6044591000)
(0.1961505000, -0.7741193000, 0.6018781000)
(0.1988884000, -0.7731542000, 0.6022049000)
(0.1983564000, -0.7745658000, 0.6005780000)
(0.1971522000, -0.7742489000, 0.6013775000)
(0.1983035000, -0.7716859000, 0.6042694000)
(0.1990008000, -0.7697465000, 0.6065312000)
(0.2011332000, -0.7640243000, 0.6130184000)
(0.2026467000, -0.7619189000, 0.6151447000)
(0.2046072000, -0.7591256000, 0.6179372000)
(0.2071137000, -0.7552218000, 0.6218717000)
(0.2090757000, -0.7556918000, 0.6206544000)
(0.2062603000, -0.7556738000, 0.6216094000)
(0.2076434000, -0.7515211000, 0.6261655000)
(0.2117156000, -0.7496825000, 0.6270056000)
(0.2054131000, -0.7466441000, 0.6326896000)
(0.2096904000, -0.7455095000, 0.6326257000)
(0.2100354000, -0.7443545000, 0.6338769000)
(0.2036630000, -0.7428004000, 0.6377642000)
(0.2074065000, -0.7382242000, 0.6418577000)
(0.2054695000, -0.7382451000, 0.6424547000)
(0.1933724000, -0.7792525000, 0.5961190000)
(0.0000000000, 0.0000000000, 0.0000000000)
(0.0000000000, 0.0000000000, 0.0000000000)
(0.0000000000, 0.0000000000, 0.0000000000)
(0.0000000000, 0.0000000000, 0.0000000000)
(0.0000000000, 0.0000000000, 0.0000000000)
(0.1781932000, -0.7379155000, 0.6509386000)
(0.1748808000, -0.7363942000, 0.6535406000)
(0.1765566000, -0.7356411000, 0.6539474000)
(0.1777565000, -0.7358085000, 0.6534271000)
(0.1822679000, -0.7346162000, 0.6535248000)
(0.1788790000, -0.7313374000, 0.6581348000)
(0.1856797000, -0.7322288000, 0.6552373000)
(0.1832402000, -0.7306072000, 0.6577331000)
(0.1861102000, -0.7301302000, 0.6574723000)
(0.1875355000, -0.7259167000, 0.6617072000)
(0.1864609000, -0.7274707000, 0.6603107000)
(0.1858216000, -0.7260653000, 0.6620350000)
(0.1854409000, -0.7257828000, 0.6624554000)
(0.1856326000, -0.7259309000, 0.6622224000)
(0.1861770000, -0.7253838000, 0.6626718000)
(0.1868372000, -0.7245061000, 0.6634540000)
(0.1874335000, -0.7224667000, 0.6654924000)
(0.1885372000, -0.7213508000, 0.6664120000)
(0.1881262000, -0.7220106000, 0.6657981000)
(0.1888565000, -0.7198091000, 0.6679736000)
(0.1862325000, -0.7201583000, 0.6683304000)
(0.1887622000, -0.7189000000, 0.6689762000)
(0.1891278000, -0.7179067000, 0.6699467000)
(0.1880159000, -0.7176927000, 0.6704897000)
(0.1883142000, -0.7188129000, 0.6691951000)
(0.1873401000, -0.7178096000, 0.6705581000)
(0.1865268000, -0.7171901000, 0.6714442000)
(0.1897624000, -0.7155291000, 0.6723068000)
(0.1893008000, -0.7144052000, 0.6736268000)
(0.1893989000, -0.7130604000, 0.6750304000)
(0.1907351000, -0.7127721000, 0.6749406000)
(0.1902365000, -0.7138302000, 0.6739694000)
(0.1904418000, -0.7135592000, 0.6742030000)
(0.1909745000, -0.7110409000, 0.6767063000)
(0.1908151000, -0.7102761000, 0.6775461000)
(0.1919770000, -0.7084898000, 0.6790973000)
(0.1934569000, -0.7066728000, 0.6805751000)
(0.1936178000, -0.7052765000, 0.6819624000)
(0.1952350000, -0.6995060000, 0.6874186000)
(0.1956494000, -0.6995312000, 0.6872939000)
(0.1957458000, -0.7008071000, 0.6859613000)
(0.1962728000, -0.6968710000, 0.6897991000)
(0.1959311000, -0.6974555000, 0.6893066000)
(0.1958277000, -0.6973016000, 0.6895010000)
(0.1934902000, -0.6986960000, 0.6887400000)
(0.1918927000, -0.6965486000, 0.6913605000)
(0.1868786000, -0.6974084000, 0.6918671000)
(0.1900104000, -0.6957330000, 0.6927080000)
(0.1923407000, -0.6856781000, 0.7020267000)
(0.1940552000, -0.6857752000, 0.7014564000)
(0.1979263000, -0.6831304000, 0.7029507000)
(0.1995308000, -0.6820194000, 0.7035812000)
(0.1956714000, -0.6819339000, 0.7047505000)
(0.1955893000, -0.6869175000, 0.6999183000)
(0.2018427000, -0.6795210000, 0.7053326000)
(0.2067831000, -0.6769444000, 0.7063714000)
(0.1990572000, -0.6801750000, 0.7055030000)
(0.1965764000, -0.6783057000, 0.7079833000)
(0.1968100000, -0.6796334000, 0.7066503000)
(0.2216377000, -0.7115543000, 0.6667533000)
(0.2250414000, -0.7508059000, 0.6209857000)
(0.2231244000, -0.7501813000, 0.6224265000)
(0.2254548000, -0.7502029000, 0.6215600000)
(0.2277576000, -0.7487888000, 0.6224424000)
(0.2253342000, -0.7467979000, 0.6257111000)
(0.2331362000, -0.7459145000, 0.6238834000)
(0.2301856000, -0.7457296000, 0.6251949000)
(0.2299111000, -0.7454471000, 0.6256509000)
(0.2308197000, -0.7442514000, 0.6267362000)
(0.2310566000, -0.7456467000, 0.6249935000)
(0.2323798000, -0.7463211000, 0.6237004000)
(0.2333449000, -0.7438580000, 0.6262599000)
(0.2282383000, -0.7450010000, 0.6267872000)
(0.2271903000, -0.7446916000, 0.6275488000)
(0.2285499000, -0.7432195000, 0.6287802000)
(0.2320831000, -0.7397619000, 0.6315600000)
(0.2335766000, -0.7370101000, 0.6342137000)
(0.2309845000, -0.7346060000, 0.6379527000)
(0.2286970000, -0.7405298000, 0.6318859000)
(0.2311089000, -0.7363938000, 0.6358492000)
(0.2352785000, -0.7320285000, 0.6393418000)
(0.2370361000, -0.7312781000, 0.6395426000)
(0.2376499000, -0.7298875000, 0.6409243000)
(0.2380951000, -0.7287346000, 0.6420669000)
(0.2381508000, -0.7279528000, 0.6429228000)
(0.2386566000, -0.7273895000, 0.6433858000)
(0.2386675000, -0.7242999000, 0.6468352000)
(0.2380305000, -0.7236184000, 0.6478530000)
(0.2372952000, -0.7236874000, 0.6480325000)
(0.2359666000, -0.7231567000, 0.6491192000)
(0.2375138000, -0.7226885000, 0.6490585000)
(0.2390462000, -0.7190305000, 0.6525574000)
(0.2388716000, -0.7167526000, 0.6551155000)
(0.2383942000, -0.7178280000, 0.6541275000)
(0.2359085000, -0.7203305000, 0.6522663000)
(0.2342065000, -0.7220739000, 0.6509461000)
(0.2392500000, -0.7188665000, 0.6526730000)
(0.2318705000, -0.7223939000, 0.6514362000)
(0.2370568000, -0.7119689000, 0.6609721000)
(0.2271035000, -0.7186336000, 0.6572371000)
(0.0000000000, 0.0000000000, 0.0000000000)
(0.0000000000, 0.0000000000, 0.0000000000)
(0.0000000000, 0.0000000000, 0.0000000000)
(0.0000000000, 0.0000000000, 0.0000000000)
(0.0000000000, 0.0000000000, 0.0000000000)
(0.0000000000, 0.0000000000, 0.0000000000)
(0.1640429000, -0.7366106000, 0.6561080000)
(0.1686594000, -0.7296694000, 0.6626615000)
(0.1640683000, -0.7316411000, 0.6616475000)
(0.1682835000, -0.7347174000, 0.6571521000)
(0.1698391000, -0.7348284000, 0.6566362000)
(0.1705093000, -0.7325479000, 0.6590009000)
(0.1732144000, -0.7289564000, 0.6622729000)
(0.1747574000, -0.7295038000, 0.6612533000)
(0.1745363000, -0.7279503000, 0.6630318000)
(0.1738548000, -0.7274107000, 0.6638098000)
(0.1811242000, -0.7243453000, 0.6652030000)
(0.1805212000, -0.7249001000, 0.6647754000)
(0.1805969000, -0.7253893000, 0.6642091000)
(0.1793451000, -0.7257355000, 0.6641743000)
(0.1771696000, -0.7267520000, 0.6636487000)
(0.1760674000, -0.7272221000, 0.6634204000)
(0.1759425000, -0.7264428000, 0.6643177000)
(0.1746051000, -0.7265720000, 0.6645144000)
(0.1756144000, -0.7261305000, 0.6647412000)
(0.1750723000, -0.7261859000, 0.6648116000)
(0.1757111000, -0.7279994000, 0.6626619000)
(0.1774517000, -0.7252778000, 0.6651759000)
(0.1774315000, -0.7243483000, 0.6661918000)
(0.1776031000, -0.7229871000, 0.6676192000)
(0.1793478000, -0.7206144000, 0.6697367000)
(0.1798697000, -0.7192456000, 0.6710654000)
(0.2063317000, -0.7278425000, 0.6539512000)
(0.2320874000, -0.7358683000, 0.6361060000)
(0.2373612000, -0.7414838000, 0.6275798000)
(0.2378280000, -0.7429410000, 0.6256779000)
(0.2376612000, -0.7400022000, 0.6292092000)
(0.2382755000, -0.7396492000, 0.6293772000)
(0.2412665000, -0.7369338000, 0.6314241000)
(0.2382575000, -0.7366756000, 0.6328644000)
(0.2397524000, -0.7356690000, 0.6334828000)
(0.2400969000, -0.7330458000, 0.6363904000)
(0.2406586000, -0.7323385000, 0.6369925000)
(0.2403676000, -0.7333184000, 0.6359608000)
(0.2403592000, -0.7330963000, 0.6362301000)
(0.2403779000, -0.7304305000, 0.6392722000)
(0.2403477000, -0.7300822000, 0.6396853000)
(0.2426113000, -0.7272190000, 0.6420952000)
(0.2421469000, -0.7257723000, 0.6439058000)
(0.2412076000, -0.7246146000, 0.6455391000)
(0.2400936000, -0.7214828000, 0.6494551000)
(0.2399473000, -0.7185736000, 0.6527398000)
(0.2410169000, -0.7172617000, 0.6537710000)
(0.2386634000, -0.7213425000, 0.6501474000)
(0.2390957000, -0.7184231000, 0.6532179000)
(0.2391151000, -0.7187691000, 0.6528148000)
(0.2401937000, -0.7173136000, 0.6540329000)
(0.2407146000, -0.7171842000, 0.6539678000)
(0.2268647000, -0.7208483000, 0.6548964000)
(0.1689740000, -0.7255349000, 0.6671067000)
(0.1686617000, -0.7283521000, 0.6641193000)
(0.1668255000, -0.7333127000, 0.6591058000)
(0.1624140000, -0.7354266000, 0.6578469000)
(0.1646721000, -0.7335488000, 0.6593769000)
(0.1663931000, -0.7327477000, 0.6598408000)
(0.1652983000, -0.7320053000, 0.6609340000)
(0.1662213000, -0.7295205000, 0.6634508000)
(0.1667377000, -0.7287025000, 0.6642152000)
(0.1675044000, -0.7297748000, 0.6628459000)
(0.1673879000, -0.7288879000, 0.6638415000)
(0.1693442000, -0.7272202000, 0.6651811000)
(0.1705674000, -0.7266643000, 0.6654611000)
(0.1707582000, -0.7274437000, 0.6645706000)
(0.1723869000, -0.7239435000, 0.6679591000)
(0.1736200000, -0.7227271000, 0.6689478000)
(0.1743808000, -0.7229078000, 0.6685708000)
(0.1748649000, -0.7211999000, 0.6702854000)
(0.1748423000, -0.7212121000, 0.6702642000)
(0.1741370000, -0.7211506000, 0.6705281000)
(0.1735474000, -0.7191219000, 0.6728566000)
(0.1737322000, -0.7201210000, 0.6717281000)
(0.1747350000, -0.7191522000, 0.6725039000)
(0.1730957000, -0.7210273000, 0.6709301000)
(0.1739166000, -0.7179945000, 0.6739631000)
(0.1761210000, -0.7166128000, 0.6748669000)
(0.1767912000, -0.7153403000, 0.6760377000)
(0.1763965000, -0.7150040000, 0.6764804000)
(0.1767991000, -0.7147254000, 0.6766840000)
(0.2052493000, -0.7281442000, 0.6539589000)
(0.2078106000, -0.7353839000, 0.6449922000)
(0.2168032000, -0.7365334000, 0.6407036000)
(0.2174616000, -0.7352908000, 0.6419131000)
(0.2166574000, -0.7340357000, 0.6436134000)
(0.2166868000, -0.7326229000, 0.6452171000)
(0.2172747000, -0.7330782000, 0.6445006000)
(0.2182529000, -0.7325857000, 0.6447326000)
(0.2177012000, -0.7322218000, 0.6453213000)
(0.2182408000, -0.7327564000, 0.6445320000)
(0.2185224000, -0.7326183000, 0.6446053000)
(0.2186567000, -0.7319891000, 0.6452608000)
(0.2182296000, -0.7307290000, 0.6468423000)
(0.2201967000, -0.7306740000, 0.6462220000)
(0.2182455000, -0.7303315000, 0.6472737000)
(0.2193879000, -0.7275894000, 0.6499766000)
(0.2195538000, -0.7260144000, 0.6516705000)
(0.2200073000, -0.7243954000, 0.6533205000)
(0.2215800000, -0.7203557000, 0.6572474000)
(0.2203089000, -0.7212182000, 0.6567268000)
(0.2208610000, -0.7190922000, 0.6588734000)
(0.2212833000, -0.7179443000, 0.6599865000)
(0.2224223000, -0.7177213000, 0.6598477000)
(0.2244585000, -0.7196346000, 0.6570576000)
(0.2258112000, -0.7182159000, 0.6581413000)
(0.2265720000, -0.7181186000, 0.6579942000)
(0.2263261000, -0.7171319000, 0.6591504000)
(0.2267970000, -0.7172140000, 0.6588899000)
(0.2267432000, -0.7172691000, 0.6588494000)
(0.2275772000, -0.7159036000, 0.6600511000)
(0.2280720000, -0.7149642000, 0.6609032000)
(0.2282461000, -0.7152028000, 0.6605918000)
(0.2207237000, -0.7168167000, 0.6613853000)
(0.1601919000, -0.7538784000, 0.6371794000)
(0.1577880000, -0.7534330000, 0.6383003000)
(0.1618552000, -0.7507309000, 0.6404498000)
(0.1674753000, -0.7546567000, 0.6343693000)
(0.1684566000, -0.7555879000, 0.6330087000)
(0.1656335000, -0.7545611000, 0.6349646000)
(0.1655922000, -0.7540707000, 0.6355643000)
(0.1644127000, -0.7537850000, 0.6362025000)
(0.1643385000, -0.7528414000, 0.6373463000)
(0.1631715000, -0.7506731000, 0.6401986000)
(0.1615804000, -0.7508110000, 0.6404240000)
(0.1608620000, -0.7495100000, 0.6421444000)
(0.1614158000, -0.7499418000, 0.6414946000)
(0.1626211000, -0.7487519000, 0.6425892000)
(0.1640873000, -0.7479324000, 0.6431499000)
(0.1643901000, -0.7436934000, 0.6479864000)
(0.1638550000, -0.7450372000, 0.6465685000)
(0.1641635000, -0.7459210000, 0.6454631000)
(0.1642113000, -0.7457076000, 0.6457015000)
(0.1649742000, -0.7452690000, 0.6460090000)
(0.1644728000, -0.7454442000, 0.6459562000)
(0.1646044000, -0.7447241000, 0.6467491000)
(0.1642547000, -0.7441663000, 0.6474648000)
(0.1647940000, -0.7435017000, 0.6481027000)
(0.1650785000, -0.7426196000, 0.6490244000)
(0.1666082000, -0.7420002000, 0.6493545000)
(0.1681554000, -0.7420326000, 0.6489140000)
(0.1683488000, -0.7417048000, 0.6492314000)
(0.1679553000, -0.7406476000, 0.6505473000)
(0.1686936000, -0.7401760000, 0.6508848000)
(0.1687382000, -0.7395277000, 0.6516254000)
(0.1699091000, -0.7388225000, 0.6521043000)
(0.1698759000, -0.7391546000, 0.6517559000)
(0.1703091000, -0.7394260000, 0.6513160000)
(0.1714497000, -0.7385979000, 0.6519598000)
(0.1767182000, -0.7324211000, 0.6574994000)
(0.1719439000, -0.7345664000, 0.6563830000)
(0.1717051000, -0.7349868000, 0.6559567000)
(0.1717051000, -0.7333879000, 0.6577537000)
(0.1730397000, -0.7306735000, 0.6604116000)
(0.1737716000, -0.7307542000, 0.6601431000)
(0.1747084000, -0.7315183000, 0.6590384000)
(0.1752473000, -0.7325394000, 0.6577646000)
(0.1735702000, -0.7309409000, 0.6599773000)
(0.1731022000, -0.7326439000, 0.6582088000)
(0.1747162000, -0.7328477000, 0.6575608000)
(0.1727008000, -0.7342050000, 0.6565880000)
(0.1750997000, -0.7311081000, 0.6593895000)
(0.1755164000, -0.7313010000, 0.6590767000)
(0.1756206000, -0.7302302000, 0.6602399000)
(0.1760748000, -0.7298981000, 0.6604807000)
(0.1797125000, -0.7259895000, 0.6638067000)
(0.1791852000, -0.7272992000, 0.6625062000)
(0.1800080000, -0.7228624000, 0.6671202000)
(0.1806824000, -0.7210895000, 0.6688650000)
(0.1816542000, -0.7179308000, 0.6719849000)
(0.1797790000, -0.7219208000, 0.6682011000)
(0.1765077000, -0.7272133000, 0.6633151000)
(0.1746810000, -0.7300943000, 0.6606211000)
(0.1739316000, -0.7313854000, 0.6593955000)
(0.1750873000, -0.7270516000, 0.6638672000)
(0.1753633000, -0.7243845000, 0.6667134000)
(0.1760168000, -0.7239620000, 0.6669908000)
(0.1765015000, -0.7210506000, 0.6700057000)
(0.1768918000, -0.7200187000, 0.6710140000)
(0.1771921000, -0.7208323000, 0.6700742000)
(0.1768091000, -0.7223148000, 0.6685662000)
(0.1785783000, -0.7199166000, 0.6706714000)
(0.1779750000, -0.7177976000, 0.6731098000)
(0.1782618000, -0.7157369000, 0.6752138000)
(0.1791627000, -0.7138482000, 0.6769881000)
(0.1795197000, -0.7135820000, 0.6771716000)
(0.1792107000, -0.7164720000, 0.6741838000)
(0.1791171000, -0.7207308000, 0.6696640000)
(0.1791334000, -0.7211666000, 0.6691986000)
(0.1801309000, -0.7209895000, 0.6691126000)
(0.1803843000, -0.7211145000, 0.6689096000)
(0.1804394000, -0.7194848000, 0.6706409000)
(0.1805991000, -0.7187790000, 0.6713575000)
(0.1818660000, -0.7171409000, 0.6727735000)
(0.1822688000, -0.7176622000, 0.6720951000)
(0.1825827000, -0.7159341000, 0.6738644000)
(0.1833509000, -0.7142192000, 0.6754736000)
(0.1833834000, -0.7139309000, 0.6757726000)
(0.1837457000, -0.7133814000, 0.6762428000)
(0.1815991000, -0.7142859000, 0.6758613000)
(0.1823888000, -0.7126667000, 0.6773573000)
(0.1833946000, -0.7124839000, 0.6772928000)
(0.1842055000, -0.7127271000, 0.6768146000)
(0.1856878000, -0.7120451000, 0.6771268000)
(0.1843589000, -0.7123904000, 0.6771163000)
(0.1839351000, -0.7117645000, 0.6779000000)
(0.1845433000, -0.7107567000, 0.6787788000)
(0.1848900000, -0.7106406000, 0.6788076000)
(0.1849474000, -0.7101303000, 0.6793442000)
(0.1853776000, -0.7102093000, 0.6791426000)
(0.1865327000, -0.7096084000, 0.6794486000)
(0.1872264000, -0.7074682000, 0.6814878000)
(0.1874590000, -0.7070509000, 0.6818439000)
(0.1878677000, -0.7057417000, 0.6830996000)
(0.1875327000, -0.7067599000, 0.6821246000)
(0.1863772000, -0.7071421000, 0.6820582000)
(0.1861255000, -0.7069994000, 0.6822731000)
(0.1854392000, -0.7075437000, 0.6818880000)
(0.1843499000, -0.7087620000, 0.6809176000)
(0.1849009000, -0.7076379000, 0.6819513000)
(0.1853963000, -0.7067232000, 0.6827598000)
(0.1870000000, -0.7040147000, 0.6851076000)
(0.1870568000, -0.7033491000, 0.6857854000)
(0.1861869000, -0.7035046000, 0.6858628000)
(0.1861546000, -0.7027270000, 0.6866620000)
(0.1842994000, -0.7012879000, 0.6886245000)
(0.1835466000, -0.7011732000, 0.6889434000)
(0.1834202000, -0.7003770000, 0.6897871000)
(0.1825153000, -0.6971235000, 0.6933159000)
(0.1826184000, -0.6958790000, 0.6945395000)
(0.1825741000, -0.6952511000, 0.6951915000)
(0.1825325000, -0.6957496000, 0.6946955000)
(0.1827675000, -0.6957557000, 0.6946305000)
(0.1826897000, -0.6956580000, 0.6947479000)
(0.1825342000, -0.6956381000, 0.6948104000)
(0.1828222000, -0.6949703000, 0.6953898000)
(0.1838994000, -0.6943933000, 0.6956935000)
(0.1847578000, -0.6936392000, 0.6962063000)
(0.1851836000, -0.6934569000, 0.6962801000)
(0.1855159000, -0.6934663000, 0.6961834000)
(0.1844242000, -0.6941625000, 0.6957902000)
(0.1845457000, -0.6939844000, 0.6959292000)
(0.1846941000, -0.6935947000, 0.6962645000)
(0.1846994000, -0.6932930000, 0.6965827000)
(0.1840835000, -0.6925541000, 0.6974764000)
(0.1825262000, -0.6921699000, 0.6982610000)
(0.1814929000, -0.6922557000, 0.6984379000)
(0.1816683000, -0.6920143000, 0.6986334000)
(0.1823903000, -0.6908149000, 0.6996447000)
(0.1818382000, -0.6915064000, 0.6990998000)
(0.1818997000, -0.6915772000, 0.6990019000)
(0.1817887000, -0.6909562000, 0.6996530000)
(0.1808938000, -0.6933012000, 0.6975684000)
(0.1805427000, -0.6940426000, 0.6969194000)
(0.1808022000, -0.6946784000, 0.6962223000)
(0.1805108000, -0.6947613000, 0.6962109000)
(0.1813688000, -0.6933771000, 0.6973668000)
(0.1832500000, -0.6894821000, 0.7007276000)
(0.1874830000, -0.6873022000, 0.7017384000)
(0.1895995000, -0.6845730000, 0.7038456000)
(0.1878711000, -0.6840634000, 0.7047979000)
(0.1863434000, -0.6836611000, 0.7055874000)
(0.1895295000, -0.6825867000, 0.7057846000)
(0.1873839000, -0.6837655000, 0.7052275000)
(0.1837528000, -0.6845071000, 0.7054641000)
(0.1820295000, -0.6838358000, 0.7065600000)
(0.1822204000, -0.6831080000, 0.7072178000)
(0.1816976000, -0.6830372000, 0.7074158000)
(0.1829777000, -0.6815680000, 0.7084999000)
(0.1839879000, -0.6820453000, 0.7077670000)
(0.1847941000, -0.6811693000, 0.7084166000)
(0.1852553000, -0.6815252000, 0.7079391000)
(0.1861120000, -0.6810456000, 0.7081861000)
(0.1866402000, -0.6806409000, 0.7084312000)
(0.1873284000, -0.6768875000, 0.7118476000)
(0.1846871000, -0.6802120000, 0.7093595000)
(0.1876589000, -0.6785634000, 0.7101600000)
(0.1895150000, -0.6779155000, 0.7102777000)
(0.1893100000, -0.6773703000, 0.7108529000)
(0.1858630000, -0.6796018000, 0.7096273000)
(0.1859521000, -0.6794984000, 0.7097118000)
(0.1863447000, -0.6789500000, 0.7101415000)
(0.1866879000, -0.6790482000, 0.7099504000)
(0.1876363000, -0.6782742000, 0.7104408000)
(0.1889733000, -0.6775650000, 0.7107663000)
(0.1887599000, -0.6766749000, 0.7116608000)
(0.1899926000, -0.6757805000, 0.7121857000)
(0.1900212000, -0.6766426000, 0.7113497000)
(0.1910570000, -0.6751934000, 0.7124485000)
(0.1938194000, -0.6760356000, 0.7109015000)
(0.1924669000, -0.6742575000, 0.7129545000)
(0.1927528000, -0.6664996000, 0.7201434000)
(0.1922756000, -0.6752793000, 0.7120388000)
(0.1904331000, -0.6748548000, 0.7129397000)
(0.1938083000, -0.6766369000, 0.7103505000)
(0.1950934000, -0.6746572000, 0.7118795000)
(0.1893311000, -0.6693619000, 0.7184032000)
(0.1926799000, -0.6723950000, 0.7146540000)
(0.1948696000, -0.6735862000, 0.7129360000)
(0.1976793000, -0.6738936000, 0.7118877000)
(0.1969476000, -0.6747169000, 0.7113070000)
(0.1977008000, -0.6756425000, 0.7102049000)
(0.1975419000, -0.6756599000, 0.7102380000)
(0.1976653000, -0.6753011000, 0.7105444000)
(0.1964160000, -0.6713732000, 0.7146007000)
(0.1961610000, -0.6727962000, 0.7133383000)
(0.1953675000, -0.6722628000, 0.7140490000)
(0.1960700000, -0.6718217000, 0.7142741000)
(0.1964419000, -0.6723897000, 0.7136513000)
(0.1951312000, -0.6726362000, 0.7137634000)
(0.1969497000, -0.6704493000, 0.7153335000)
(0.1966447000, -0.6720920000, 0.7138634000)
(0.1968377000, -0.6707401000, 0.7150830000)
(0.1965878000, -0.6710889000, 0.7148167000)
(0.1983138000, -0.6719490000, 0.7135419000)
(0.1987867000, -0.6720536000, 0.7133051000)
(0.1945297000, -0.6724430000, 0.7141175000)
(0.1949839000, -0.6699517000, 0.7163355000)
(0.1958678000, -0.6694489000, 0.7165597000)
(0.1962445000, -0.6704714000, 0.7155065000)
(0.1968093000, -0.6701041000, 0.7156934000)
(0.1978020000, -0.6697736000, 0.7157267000)
(0.1963148000, -0.6693060000, 0.7165648000)
(0.1965206000, -0.6650980000, 0.7204151000)
(0.2004703000, -0.6632518000, 0.7210327000)
(0.1916397000, -0.6678371000, 0.7191948000)
(0.0000000000, 0.0000000000, 0.0000000000)
(0.0000000000, 0.0000000000, 0.0000000000)
(0.0000000000, 0.0000000000, 0.0000000000)
(0.0000000000, 0.0000000000, 0.0000000000)
(0.2058957000, -0.6988808000, 0.6849601000)
(0.2011627000, -0.7132357000, 0.6714363000)
(0.2043183000, -0.7055866000, 0.6785185000)
(0.2087998000, -0.7056630000, 0.6770763000)
(0.2088172000, -0.7053113000, 0.6774422000)
(0.2110018000, -0.7019761000, 0.6802191000)
(0.2124178000, -0.7052589000, 0.6763640000)
(0.2120118000, -0.7034532000, 0.6783751000)
(0.2139949000, -0.6981736000, 0.6831938000)
(0.2143556000, -0.6973942000, 0.6838650000)
(0.2141830000, -0.6942512000, 0.6871040000)
(0.2156221000, -0.6955031000, 0.6853960000)
(0.2130862000, -0.6948392000, 0.6868644000)
(0.2119885000, -0.6987892000, 0.6831739000)
(0.2114329000, -0.6990908000, 0.6830357000)
(0.2132588000, -0.6972072000, 0.6844113000)
(0.2138321000, -0.6956657000, 0.6857898000)
(0.2138494000, -0.6952865000, 0.6861625000)
(0.2128426000, -0.6952942000, 0.6864688000)
(0.2151983000, -0.6969644000, 0.6840411000)
(0.2144546000, -0.6971455000, 0.6840947000)
(0.2144303000, -0.6982191000, 0.6830007000)
(0.2166016000, -0.6968645000, 0.6836964000)
(0.2139909000, -0.6958899000, 0.6855204000)
(0.2153757000, -0.6935184000, 0.6874869000)
(0.2074544000, -0.7047048000, 0.6784781000)
(0.0000000000, 0.0000000000, 0.0000000000)
(0.0000000000, 0.0000000000, 0.0000000000)
(0.0000000000, 0.0000000000, 0.0000000000)
(0.0000000000, 0.0000000000, 0.0000000000)
(0.0000000000, 0.0000000000, 0.0000000000)
(0.0000000000, 0.0000000000, 0.0000000000)
(0.0000000000, 0.0000000000, 0.0000000000)
(0.1933872000, -0.7016745000, 0.6857379000)
(0.1920733000, -0.7038839000, 0.6838439000)
(0.1866870000, -0.7062581000, 0.6828886000)
(0.1897617000, -0.7039811000, 0.6843780000)
(0.1937021000, -0.7017052000, 0.6856112000)
(0.1883864000, -0.7025077000, 0.6862748000)
(0.1898394000, -0.6995115000, 0.6889249000)
(0.1917598000, -0.7000584000, 0.6878431000)
(0.1924469000, -0.7008614000, 0.6868298000)
(0.1888872000, -0.7011192000, 0.6875591000)
(0.1915246000, -0.6992429000, 0.6887425000)
(0.1894325000, -0.6968404000, 0.6917403000)
(0.1900895000, -0.6983036000, 0.6900917000)
(0.1903737000, -0.6982022000, 0.6901086000)
(0.1897850000, -0.6967531000, 0.6917332000)
(0.1907039000, -0.6959493000, 0.6922866000)
(0.1908758000, -0.6955336000, 0.6926569000)
(0.1905916000, -0.6969888000, 0.6912861000)
(0.1914419000, -0.6969041000, 0.6911337000)
(0.1906168000, -0.6985937000, 0.6896490000)
(0.1904293000, -0.6953451000, 0.6929710000)
(0.1896903000, -0.6931731000, 0.6953395000)
(0.1909710000, -0.6938392000, 0.6943456000)
(0.1909042000, -0.6946483000, 0.6935455000)
(0.1906014000, -0.6948628000, 0.6934176000)
(0.1914305000, -0.6948600000, 0.6931839000)
(0.1921857000, -0.6922297000, 0.6956164000)
(0.1895868000, -0.6928652000, 0.6956909000)
(0.1898352000, -0.6927967000, 0.6956908000)
(0.1911438000, -0.6918659000, 0.6962612000)
(0.1911177000, -0.6908547000, 0.6972545000)
(0.1890085000, -0.6938147000, 0.6948998000)
(0.1885329000, -0.6953369000, 0.6934977000)
(0.1888839000, -0.6939735000, 0.6947781000)
(0.1890178000, -0.6898602000, 0.6988143000)
(0.1894850000, -0.6894712000, 0.6990860000)
(0.1895289000, -0.6896369000, 0.6988952000)
(0.1910474000, -0.6928723000, 0.6952867000)
(0.1916441000, -0.6923960000, 0.6955841000)
(0.1912454000, -0.6912208000, 0.6968735000)
(0.1920830000, -0.6906389000, 0.6972201000)
(0.1924465000, -0.6911119000, 0.6966338000)
(0.1930498000, -0.6915765000, 0.6960096000)
(0.1930608000, -0.6913586000, 0.6962211000)
(0.1925453000, -0.6919375000, 0.6957943000)
(0.1921490000, -0.6912467000, 0.6965870000)
(0.1930860000, -0.6901682000, 0.6974088000)
(0.1927803000, -0.6912155000, 0.6964521000)
(0.1921255000, -0.6916932000, 0.6961555000)
(0.1909873000, -0.6949196000, 0.6932597000)
(0.1962059000, -0.6896217000, 0.6970714000)
(0.1919786000, -0.6865153000, 0.7012993000)
(0.1920017000, -0.6898996000, 0.6979593000)
(0.1874210000, -0.6927205000, 0.6964177000)
(0.0000000000, 0.0000000000, 0.0000000000)
(0.0000000000, 0.0000000000, 0.0000000000)
(0.0000000000, 0.0000000000, 0.0000000000)
(0.0000000000, 0.0000000000, 0.0000000000)
(0.0000000000, 0.0000000000, 0.0000000000)
(0.1641415000, -0.7180166000, 0.6763818000)
(0.1698744000, -0.7190648000, 0.6738575000)
(0.1682501000, -0.7189704000, 0.6743622000)
(0.1715570000, -0.7095227000, 0.6834714000)
(0.1698488000, -0.7113202000, 0.6820176000)
(0.1668750000, -0.7119527000, 0.6821099000)
(0.1654780000, -0.7139511000, 0.6803572000)
(0.1674636000, -0.7079827000, 0.6860718000)
(0.1697663000, -0.7063947000, 0.6871552000)
(0.1697289000, -0.7064231000, 0.6871371000)
(0.1699917000, -0.7056535000, 0.6878558000)
(0.1711371000, -0.7071940000, 0.6859770000)
(0.1704697000, -0.7085688000, 0.6847343000)
(0.1695763000, -0.7073881000, 0.6861783000)
(0.1719936000, -0.7052853000, 0.6877413000)
(0.1738404000, -0.7041258000, 0.6884548000)
(0.1740028000, -0.7034086000, 0.6891514000)
(0.1738633000, -0.7027729000, 0.6898380000)
(0.1739775000, -0.7025616000, 0.6900098000)
(0.1741284000, -0.7015727000, 0.6909803000)
(0.1739717000, -0.7006555000, 0.6919550000)
(0.1739789000, -0.6998036000, 0.6928227000)
(0.1734549000, -0.6995599000, 0.6931809000)
(0.1735896000, -0.6983105000, 0.6944174000)
(0.1743531000, -0.6995623000, 0.6929602000)
(0.1749451000, -0.6973817000, 0.6950130000)
(0.1767184000, -0.6956496000, 0.6962982000)
(0.1754146000, -0.6954454000, 0.6968283000)
(0.1753665000, -0.6944571000, 0.6978282000)
(0.1755877000, -0.6924478000, 0.6997682000)
(0.1754609000, -0.6926998000, 0.6995519000)
(0.1750036000, -0.6938214000, 0.6985461000)
(0.1746572000, -0.6929191000, 0.6995316000)
(0.1747640000, -0.6936728000, 0.6987497000)
(0.1757691000, -0.6933896000, 0.6987954000)
(0.1761994000, -0.6950617000, 0.6970049000)
(0.1755065000, -0.6934569000, 0.6987910000)
(0.1759422000, -0.6917978000, 0.7003220000)
(0.1766658000, -0.6936900000, 0.6982596000)
(0.1785561000, -0.6936916000, 0.6977789000)
(0.1792011000, -0.6948278000, 0.6964721000)
(0.1774611000, -0.6954834000, 0.6962684000)
(0.1789549000, -0.6945366000, 0.6968384000)
(0.1787393000, -0.6950944000, 0.6963410000)
(0.1800583000, -0.6924822000, 0.6985826000)
(0.1787065000, -0.6918710000, 0.6995339000)
(0.1779893000, -0.6911586000, 0.7004355000)
(0.1767126000, -0.6913200000, 0.7005875000)
(0.1770802000, -0.6917986000, 0.7000247000)
(0.1769240000, -0.6905575000, 0.7012833000)
(0.1764707000, -0.6912003000, 0.7007766000)
(0.1761618000, -0.6917923000, 0.7002733000)
(0.1757345000, -0.6917535000, 0.7004158000)
(0.1756239000, -0.6903824000, 0.7017863000)
(0.1755184000, -0.6897733000, 0.7024068000)
(0.1756504000, -0.6899161000, 0.7022387000)
(0.1760193000, -0.6887766000, 0.7032770000)
(0.1768366000, -0.6861441000, 0.7056276000)
(0.1764213000, -0.6856318000, 0.7062283000)
(0.1763743000, -0.6845741000, 0.7072759000)
(0.1770510000, -0.6843510000, 0.7073225000)
(0.1765230000, -0.6841599000, 0.7076390000)
(0.1759498000, -0.6849903000, 0.7069782000)
(0.1706645000, -0.6860374000, 0.7072646000)
(0.1690229000, -0.6860500000, 0.7076457000)
(0.1691666000, -0.6894080000, 0.7043316000)
(0.1731352000, -0.6894866000, 0.7032956000)
(0.1736327000, -0.6888866000, 0.7037598000)
(0.1752831000, -0.6865125000, 0.7056683000)
(0.1760685000, -0.6868887000, 0.7050949000)
(0.1754744000, -0.6860493000, 0.7060596000)
(0.1760608000, -0.6856472000, 0.7063185000)
(0.1763361000, -0.6855732000, 0.7063102000)
(0.1768161000, -0.6855899000, 0.7061800000)
(0.1767943000, -0.6856657000, 0.7061160000)
(0.1764278000, -0.6875376000, 0.7043768000)
(0.1772219000, -0.6871470000, 0.7045547000)
(0.1775329000, -0.6874642000, 0.7041788000)
(0.1767008000, -0.6891484000, 0.7027389000)
(0.1764195000, -0.6896109000, 0.7023451000)
(0.1791892000, -0.6887575000, 0.7024917000)
(0.1795636000, -0.6889923000, 0.7021657000)
(0.1784035000, -0.6851313000, 0.7062200000)
(0.1795578000, -0.6864856000, 0.7046171000)
(0.1794087000, -0.6867296000, 0.7044079000)
(0.1774674000, -0.6864298000, 0.7051970000)
(0.1793838000, -0.6859373000, 0.7051926000)
(0.1802215000, -0.6850282000, 0.7058546000)
(0.1807292000, -0.6857995000, 0.7049792000)
(0.1812754000, -0.6853952000, 0.7052393000)
(0.1811143000, -0.6841046000, 0.7065196000)
(0.1807016000, -0.6845177000, 0.7062238000)
(0.1797948000, -0.6826086000, 0.7083137000)
(0.1802404000, -0.6816061000, 0.7091715000)
(0.1793085000, -0.6812767000, 0.7097218000)
(0.1783570000, -0.6851191000, 0.7062505000)
(0.1788196000, -0.6851560000, 0.7061006000)
(0.1784531000, -0.6848204000, 0.7065111000)
(0.1805675000, -0.6822580000, 0.7084411000)
(0.1811530000, -0.6826112000, 0.7079529000)
(0.1831309000, -0.6810910000, 0.7089117000)
(0.1843340000, -0.6797769000, 0.7098702000)
(0.1826089000, -0.6798592000, 0.7102258000)
(0.1819236000, -0.6796318000, 0.7106246000)
(0.1845679000, -0.6808438000, 0.7087902000)
(0.1848944000, -0.6761287000, 0.7131894000)
(0.1888447000, -0.6800032000, 0.7084635000)
(0.1899719000, -0.6797289000, 0.7084262000)
(0.1875282000, -0.6801713000, 0.7086506000)
(0.1870278000, -0.6821745000, 0.7068433000)
(0.1891374000, -0.6833928000, 0.7051236000)
(0.1886427000, -0.6826559000, 0.7059528000)
(0.1861580000, -0.6807430000, 0.7084566000)
(0.1799017000, -0.6815030000, 0.7093394000)
(0.1807696000, -0.6827590000, 0.7079156000)
(0.1881565000, -0.6781388000, 0.7104383000)
(0.1869507000, -0.6766427000, 0.7121676000)
(0.1843924000, -0.6774511000, 0.7120771000)
(0.1842767000, -0.6751521000, 0.7142872000)
(0.1851911000, -0.6749812000, 0.7142152000)
(0.1853315000, -0.6734571000, 0.7156106000)
(0.1849696000, -0.6723440000, 0.7167473000)
(0.1869059000, -0.6724269000, 0.7161728000)
(0.1874495000, -0.6726478000, 0.7158170000)
(0.1882870000, -0.6726273000, 0.7156222000)
(0.1905917000, -0.6700427000, 0.7174325000)
(0.1906473000, -0.6706599000, 0.7168393000)
(0.1917681000, -0.6670671000, 0.7198852000)
(0.1919018000, -0.6661960000, 0.7206552000)
(0.1925318000, -0.6615942000, 0.7247211000)
(0.1919692000, -0.6616825000, 0.7247823000)
(0.1917697000, -0.6619586000, 0.7245904000)
(0.1928238000, -0.6581453000, 0.7277709000)
(0.1928979000, -0.6576097000, 0.7282356000)
(0.1920606000, -0.6596565000, 0.7265931000)
(0.1924862000, -0.6636153000, 0.7228745000)
(0.1929231000, -0.6634321000, 0.7229369000)
(0.1930693000, -0.6634697000, 0.7228624000)
(0.1932049000, -0.6589000000, 0.7269764000)
(0.1933510000, -0.6588281000, 0.7270191000)
(0.1937931000, -0.6585410000, 0.7271523000)
(0.1939197000, -0.6611723000, 0.7247280000)
(0.1946335000, -0.6600413000, 0.7255692000)
(0.1945822000, -0.6605727000, 0.7251067000)
(0.1944498000, -0.6605121000, 0.7251962000)
(0.1942941000, -0.6614506000, 0.7243670000)
(0.1959166000, -0.6590464000, 0.7261285000)
(0.1959179000, -0.6583293000, 0.7267763000)
(0.1962369000, -0.6588995000, 0.7261696000)
(0.1957873000, -0.6599793000, 0.7253155000)
(0.1940156000, -0.6590424000, 0.7266332000)
(0.1939840000, -0.6588425000, 0.7268282000)
(0.1935448000, -0.6581994000, 0.7275378000)
(0.1935075000, -0.6573640000, 0.7282850000)
(0.1938524000, -0.6568666000, 0.7286612000)
(0.1958233000, -0.6568334000, 0.7281607000)
(0.1955453000, -0.6536214000, 0.7311147000)
(0.1950700000, -0.6545429000, 0.7304174000)
(0.1950248000, -0.6542470000, 0.7307010000)
(0.1956521000, -0.6533074000, 0.7313719000)
(0.1952830000, -0.6536607000, 0.7311404000)
(0.1968404000, -0.6501429000, 0.7338650000)
(0.1952456000, -0.6554135000, 0.7295778000)
(0.1939694000, -0.6609756000, 0.7248936000)
(0.0000000000, 0.0000000000, 0.0000000000)
(0.0000000000, 0.0000000000, 0.0000000000)
(0.0000000000, 0.0000000000, 0.0000000000)
(0.0000000000, 0.0000000000, 0.0000000000)
(0.0000000000, 0.0000000000, 0.0000000000)
(0.0000000000, 0.0000000000, 0.0000000000)
(0.0000000000, 0.0000000000, 0.0000000000)
(0.2067834000, -0.6856599000, 0.6979203000)
(0.2060332000, -0.6896771000, 0.6941649000)
(0.1960997000, -0.6794286000, 0.7070321000)
(0.2076603000, -0.6832620000, 0.7000163000)
(0.2098752000, -0.6821586000, 0.7004195000)
(0.2069189000, -0.6766478000, 0.7066323000)
(0.2028193000, -0.6811584000, 0.7034647000)
(0.2149359000, -0.6790630000, 0.7018946000)
(0.2151002000, -0.6786829000, 0.7022154000)
(0.2079007000, -0.6810135000, 0.7021340000)
(0.2122725000, -0.6760329000, 0.7056295000)
(0.2123210000, -0.6754217000, 0.7061892000)
(0.2141825000, -0.6757525000, 0.7053084000)
(0.2126734000, -0.6763031000, 0.7052392000)
(0.2067730000, -0.6788172000, 0.7045923000)
(0.2062330000, -0.6778638000, 0.7056579000)
(0.2017598000, -0.6796872000, 0.7052003000)
(0.1997624000, -0.6807370000, 0.7047615000)
(0.2004741000, -0.6810590000, 0.7042432000)
(0.2022152000, -0.6809641000, 0.7038264000)
(0.2026241000, -0.6811922000, 0.7035028000)
(0.2034120000, -0.6796411000, 0.7047696000)
(0.2056146000, -0.6777039000, 0.7060007000)
(0.2070316000, -0.6781843000, 0.7051083000)
(0.2082417000, -0.6770658000, 0.7058378000)
(0.2095028000, -0.6740382000, 0.7083557000)
(0.2104108000, -0.6734477000, 0.7086524000)
(0.2137418000, -0.6653397000, 0.7152721000)
(0.2090998000, -0.6731382000, 0.7093317000)
(0.2112318000, -0.6709283000, 0.7107915000)
(0.2085156000, -0.6739050000, 0.7087689000)
(0.2069784000, -0.6720883000, 0.7109427000)
(0.2071066000, -0.6737198000, 0.7093592000)
(0.2098780000, -0.6734887000, 0.7087741000)
(0.2094719000, -0.6728277000, 0.7095055000)
(0.2134617000, -0.6730174000, 0.7081441000)
(0.2089912000, -0.6745235000, 0.7080437000)
(0.2100910000, -0.6733657000, 0.7088214000)
(0.2110347000, -0.6738316000, 0.7081050000)
(0.2149757000, -0.6739090000, 0.7068372000)
(0.2131157000, -0.6734630000, 0.7078277000)
(0.2066721000, -0.6709626000, 0.7120976000)
(0.2105286000, -0.6718566000, 0.7101244000)
(0.2122336000, -0.6673349000, 0.7138677000)
(0.2105957000, -0.6712974000, 0.7106352000)
(0.2132504000, -0.6605022000, 0.7198901000)
(0.2056881000, -0.6690650000, 0.7141622000)
(0.0000000000, 0.0000000000, 0.0000000000)
(0.0000000000, 0.0000000000, 0.0000000000)
(0.0000000000, 0.0000000000, 0.0000000000)
(0.0000000000, 0.0000000000, 0.0000000000)
(0.0000000000, 0.0000000000, 0.0000000000)
(0.0000000000, 0.0000000000, 0.0000000000)
(0.1917445000, -0.7266769000, 0.6596649000)
(0.2141024000, -0.6931245000, 0.6882801000)
(0.2113302000, -0.6951586000, 0.6870807000)
(0.2142515000, -0.6948342000, 0.6865133000)
(0.2122896000, -0.6942425000, 0.6877172000)
(0.2144153000, -0.6911231000, 0.6901841000)
(0.2124368000, -0.6944366000, 0.6874729000)
(0.2146746000, -0.6969175000, 0.6842470000)
(0.2161298000, -0.6931347000, 0.6876392000)
(0.2137857000, -0.6946048000, 0.6868798000)
(0.2151889000, -0.6940864000, 0.6869636000)
(0.2171145000, -0.6934817000, 0.6869739000)
(0.2107374000, -0.6936904000, 0.6887516000)
(0.2106103000, -0.6986501000, 0.6837509000)
(0.2145866000, -0.6919127000, 0.6893337000)
(0.0000000000, 0.0000000000, 0.0000000000)
(0.0000000000, 0.0000000000, 0.0000000000)
(0.0000000000, 0.0000000000, 0.0000000000)
(0.0000000000, 0.0000000000, 0.0000000000)
(0.0000000000, 0.0000000000, 0.0000000000)
(0.0000000000, 0.0000000000, 0.0000000000)
(0.0000000000, 0.0000000000, 0.0000000000)
(0.0000000000, 0.0000000000, 0.0000000000)
(0.0000000000, 0.0000000000, 0.0000000000)
(0.0000000000, 0.0000000000, 0.0000000000)
(0.0000000000, 0.0000000000, 0.0000000000)
(0.0000000000, 0.0000000000, 0.0000000000)
(0.1939811000, -0.7269087000, 0.6587654000)
(0.1937075000, -0.7193766000, 0.6670491000)
(0.1950766000, -0.7166194000, 0.6696228000)
(0.2018926000, -0.7145503000, 0.6698028000)
(0.1972067000, -0.7130771000, 0.6727760000)
(0.1958312000, -0.7179426000, 0.6679769000)
(0.1999995000, -0.7215991000, 0.6627870000)
(0.2008530000, -0.7231246000, 0.6608519000)
(0.2007446000, -0.7191182000, 0.6652471000)
(0.1940389000, -0.7223394000, 0.6637403000)
(0.1985834000, -0.7202281000, 0.6646911000)
(0.1973178000, -0.7165323000, 0.6690468000)
(0.1911474000, -0.7233419000, 0.6634948000)
(0.1947453000, -0.7182316000, 0.6679932000)
(0.2004399000, -0.7142354000, 0.6705824000)
(0.1965448000, -0.7142515000, 0.6717221000)
(0.1925493000, -0.7162564000, 0.6707400000)
(0.1981784000, -0.7125188000, 0.6730637000)
(0.1968049000, -0.7091507000, 0.6770178000)
(0.2001427000, -0.7149981000, 0.6698616000)
(0.2023614000, -0.7186141000, 0.6653132000)
(0.2048001000, -0.7124190000, 0.6711919000)
(0.2022487000, -0.7096705000, 0.6748785000)
(0.2005001000, -0.7111406000, 0.6738392000)
(0.2025656000, -0.7090995000, 0.6753796000)
(0.2049367000, -0.7113070000, 0.6723221000)
(0.1973181000, -0.7133084000, 0.6724947000)
(0.2043726000, -0.7060122000, 0.6780558000)
(0.2006870000, -0.7069693000, 0.6781666000)
(0.2009554000, -0.7092416000, 0.6757004000)
(0.2021532000, -0.7087963000, 0.6758215000)
(0.2011278000, -0.7072006000, 0.6777791000)
(0.2029734000, -0.7082694000, 0.6761293000)
(0.2031325000, -0.7079226000, 0.6764348000)
(0.2049836000, -0.7062925000, 0.6775900000)
(0.2061085000, -0.7059051000, 0.6776363000)
(0.2064368000, -0.7042422000, 0.6792730000)
(0.2061350000, -0.7051815000, 0.6783908000)
(0.2073803000, -0.7045400000, 0.6786798000)
(0.2072622000, -0.7049174000, 0.6783293000)
(0.2059621000, -0.7031724000, 0.6805192000)
(0.2069607000, -0.7027965000, 0.6806154000)
(0.2068446000, -0.7022559000, 0.6812036000)
(0.2091493000, -0.7019255000, 0.6808327000)
(0.2092190000, -0.7027987000, 0.6799134000)
(0.2083932000, -0.7042419000, 0.6786642000)
(0.2076852000, -0.7049226000, 0.6781752000)
(0.2072166000, -0.7079688000, 0.6751539000)
(0.2072692000, -0.7098776000, 0.6731254000)
(0.2062558000, -0.7071720000, 0.6762657000)
(0.2058855000, -0.7035221000, 0.6801865000)
(0.2083476000, -0.7032250000, 0.6797351000)
(0.2070857000, -0.7064220000, 0.6768019000)
(0.2056126000, -0.7028539000, 0.6809572000)
(0.2056288000, -0.7031563000, 0.6806309000)
(0.2078350000, -0.7022636000, 0.6808883000)
(0.2094021000, -0.6992248000, 0.6835421000)
(0.2091904000, -0.6979566000, 0.6848910000)
(0.2097367000, -0.6981043000, 0.6845662000)
(0.2094465000, -0.6982750000, 0.6844902000)
(0.2094897000, -0.6983078000, 0.6844499000)
(0.2094342000, -0.6979498000, 0.6848180000)
(0.2098283000, -0.6987435000, 0.6838979000)
(0.2095680000, -0.7008134000, 0.6818439000)
(0.2102113000, -0.7012308000, 0.6812255000)
(0.2090946000, -0.7021291000, 0.6806361000)
(0.2090599000, -0.7028897000, 0.6798595000)
(0.2082212000, -0.7050225000, 0.6779127000)
(0.2112867000, -0.7009690000, 0.6811680000)
(0.2140259000, -0.7013283000, 0.6799461000)
(0.2135307000, -0.6994690000, 0.6820019000)
(0.2130698000, -0.6995955000, 0.6820211000)
(0.2110154000, -0.7016418000, 0.6805484000)
(0.2104935000, -0.7016119000, 0.6807404000)
(0.2105834000, -0.7043035000, 0.6779425000)
(0.2110819000, -0.7005923000, 0.6816139000)
(0.2086015000, -0.7051664000, 0.6776608000)
(0.1979449000, -0.7136103000, 0.6719878000)
(0.0000000000, 0.0000000000, 0.0000000000)
(0.0000000000, 0.0000000000, 0.0000000000)
(0.0000000000, 0.0000000000, 0.0000000000)
(0.0000000000, 0.0000000000, 0.0000000000)
(0.0000000000, 0.0000000000, 0.0000000000)
(0.0000000000, 0.0000000000, 0.0000000000)
(0.0000000000, 0.0000000000, 0.0000000000)
(0.0000000000, 0.0000000000, 0.0000000000)
(0.0000000000, 0.0000000000, 0.0000000000)
(0.0000000000, 0.0000000000, 0.0000000000)
(0.0000000000, 0.0000000000, 0.0000000000)
(0.0000000000, 0.0000000000, 0.0000000000)
(0.0000000000, 0.0000000000, 0.0000000000)
(0.0000000000, 0.0000000000, 0.0000000000)
(0.0000000000, 0.0000000000, 0.0000000000)
(0.0000000000, 0.0000000000, 0.0000000000)
(0.0000000000, 0.0000000000, 0.0000000000)
(0.0000000000, 0.0000000000, 0.0000000000)
(0.1884877000, -0.7225786000, 0.6650834000)
(0.1887797000, -0.7159012000, 0.6721771000)
(0.3035878000, -0.5270223000, 0.7937619000)
(0.1910907000, -0.7221752000, 0.6647720000)
(0.1662867000, -0.4640397000, 0.8700516000)
(0.2760318000, -0.5944880000, 0.7552352000)
(0.2900738000, -0.4757974000, 0.8303421000)
(0.3311622000, -0.4895264000, 0.8066473000)
(0.3394607000, -0.4713980000, 0.8139685000)
(0.3381415000, -0.4862112000, 0.8057470000)
(0.3357336000, -0.4665492000, 0.8182842000)
(0.3377900000, -0.4671732000, 0.8170917000)
(0.2041530000, -0.7086248000, 0.6753976000)
(0.2068602000, -0.7078419000, 0.6753880000)
(0.2080260000, -0.7062321000, 0.6767060000)
(0.2051655000, -0.7077497000, 0.6760038000)
(0.1992854000, -0.7127216000, 0.6725359000)
(0.2042414000, -0.7131996000, 0.6705267000)
(0.2023568000, -0.7088364000, 0.6757001000)
(0.2058402000, -0.7051405000, 0.6785306000)
(0.2090256000, -0.7024724000, 0.6803037000)
(0.2054665000, -0.7086017000, 0.6750179000)
(0.1946728000, -0.7189063000, 0.6672727000)
(0.2019645000, -0.7146474000, 0.6696904000)
(0.2006114000, -0.7025331000, 0.6827732000)
(0.2010632000, -0.7079340000, 0.6770363000)
(0.2006464000, -0.7090397000, 0.6760054000)
(0.2019453000, -0.6997198000, 0.6852739000)
(0.2085105000, -0.7095653000, 0.6730757000)
(0.2104145000, -0.7076911000, 0.6744596000)
(0.1957824000, -0.7136269000, 0.6725886000)
(0.1977105000, -0.7111449000, 0.6746501000)
(0.2057994000, -0.7058427000, 0.6778061000)
(0.2024109000, -0.7100894000, 0.6743884000)
(0.2014141000, -0.7081832000, 0.6766695000)
(0.1986693000, -0.7085970000, 0.6770657000)
(0.2076101000, -0.7039713000, 0.6792015000)
(0.2058313000, -0.7140923000, 0.6690986000)
(0.1998401000, -0.7139130000, 0.6711022000)
(0.2005027000, -0.7150922000, 0.6696389000)
(0.1999936000, -0.7108384000, 0.6743038000)
(0.2027059000, -0.7067487000, 0.6777831000)
(0.2045703000, -0.7053580000, 0.6786673000)
(0.2005124000, -0.7119917000, 0.6729490000)
(0.1998752000, -0.7132937000, 0.6717378000)
(0.2000417000, -0.7113870000, 0.6737169000)
(0.2062757000, -0.7122365000, 0.6709350000)
(0.2061463000, -0.7043499000, 0.6792584000)
(0.1991173000, -0.7023425000, 0.6834084000)
(0.2048461000, -0.7110379000, 0.6726390000)
(0.2007894000, -0.7175738000, 0.6669023000)
(0.2050376000, -0.7198241000, 0.6631822000)
(0.2011522000, -0.7155738000, 0.6689266000)
(0.2034886000, -0.7135470000, 0.6704000000)
(0.2014087000, -0.7141799000, 0.6703517000)
(0.2030133000, -0.7114702000, 0.6727290000)
(0.2008302000, -0.7153066000, 0.6693140000)
(0.2035249000, -0.7135147000, 0.6704233000)
(0.2036056000, -0.7134560000, 0.6704582000)
(0.2060763000, -0.7169148000, 0.6659902000)
(0.2050913000, -0.7089229000, 0.6747962000)
(0.2020165000, -0.7114840000, 0.6730157000)
(0.2034796000, -0.7095237000, 0.6746517000)
(0.2041040000, -0.7076624000, 0.6764197000)
(0.2056668000, -0.7063377000, 0.6773378000)
(0.2045177000, -0.7079268000, 0.6760114000)
(0.2045702000, -0.7076530000, 0.6762766000)
(0.2060945000, -0.7085439000, 0.6748889000)
(0.2052530000, -0.7074735000, 0.6762624000)
(0.2066358000, -0.7088244000, 0.6744339000)
(0.2062107000, -0.7068642000, 0.6766148000)
(0.2087103000, -0.7063702000, 0.6763567000)
(0.2085011000, -0.7065717000, 0.6762164000)
(0.2079284000, -0.7072647000, 0.6756771000)
(0.2063033000, -0.7046893000, 0.6788436000)
(0.2122978000, -0.6998451000, 0.6820043000)
(0.2099400000, -0.7019271000, 0.6805924000)
(0.2060294000, -0.7063111000, 0.6772490000)
(0.2012237000, -0.7087663000, 0.6761159000)
(0.2026107000, -0.7074836000, 0.6770476000)
(0.2019233000, -0.7047423000, 0.6801201000)
(0.2075404000, -0.7024140000, 0.6808298000)
(0.2081069000, -0.7014291000, 0.6816607000)
(0.2068219000, -0.7023507000, 0.6811200000)
(0.2062979000, -0.7032827000, 0.6803120000)
(0.2059375000, -0.7033219000, 0.6803754000)
(0.2056379000, -0.7035371000, 0.6802552000)
(0.2055005000, -0.7040499000, 0.6797521000)
(0.2052279000, -0.7039204000, 0.6799657000)
(0.2061144000, -0.7044538000, 0.6791469000)
(0.2079852000, -0.7029065000, 0.6801744000)
(0.2081238000, -0.7026321000, 0.6804150000)
(0.2076312000, -0.7032063000, 0.6799744000)
(0.2067528000, -0.7036996000, 0.6797435000)
(0.2043705000, -0.7067374000, 0.6772936000)
(0.2077097000, -0.7040001000, 0.6791394000)
(0.2080350000, -0.7039337000, 0.6791046000)
(0.2061405000, -0.7045215000, 0.6790662000)
(0.2071563000, -0.7037491000, 0.6795635000)
(0.2060158000, -0.7047015000, 0.6789157000)
(0.2044149000, -0.7066128000, 0.6774120000)
(0.2041918000, -0.7064740000, 0.6776348000)
(0.2046981000, -0.7062988000, 0.6776560000)
(0.2042427000, -0.7063345000, 0.6777689000)
(0.2035055000, -0.7042419000, 0.6801631000)
(0.2068329000, -0.7024453000, 0.6810146000)
(0.2072245000, -0.7019984000, 0.6813452000)
(0.2051339000, -0.7028441000, 0.6811109000)
(0.2063371000, -0.7013699000, 0.6822777000)
(0.2059419000, -0.7005842000, 0.6831855000)
(0.2053731000, -0.6993286000, 0.6846558000)
(0.2062252000, -0.6987843000, 0.6849402000)
(0.2056597000, -0.6982669000, 0.6856436000)
(0.2089103000, -0.6964520000, 0.6865172000)
(0.2080601000, -0.6974347000, 0.6857681000)
(0.2084626000, -0.6973282000, 0.6857579000)
(0.2091630000, -0.6927950000, 0.6901138000)
(0.2108092000, -0.6898324000, 0.6925781000)
(0.2126323000, -0.6874510000, 0.6943960000)
(0.2120536000, -0.6872836000, 0.6947431000)
(0.2112291000, -0.6896141000, 0.6926702000)
(0.2101676000, -0.6875396000, 0.6950642000)
(0.2100693000, -0.6874001000, 0.6952198000)
(0.2107906000, -0.6883037000, 0.6941000000)
(0.2110037000, -0.6897134000, 0.6926536000)
(0.2116915000, -0.6877277000, 0.6944090000)
(0.2115927000, -0.6866718000, 0.6954743000)
(0.2116894000, -0.6850744000, 0.6970253000)
(0.2114193000, -0.6854731000, 0.6967266000)
(0.2118651000, -0.6850712000, 0.6969681000)
(0.2118312000, -0.6847467000, 0.6972945000)
(0.2112295000, -0.6847588000, 0.6974803000)
(0.2119344000, -0.6821853000, 0.6997856000)
(0.2110576000, -0.6801637000, 0.7019985000)
(0.2096562000, -0.6798773000, 0.7027090000)
(0.2108003000, -0.6769920000, 0.7051548000)
(0.2103460000, -0.6770497000, 0.7052278000)
(0.2100050000, -0.6796945000, 0.7027779000)
(0.2100594000, -0.6794275000, 0.7030267000)
(0.2095984000, -0.6819482000, 0.7007124000)
(0.2096427000, -0.6818520000, 0.7007922000)
(0.2096408000, -0.6806076000, 0.7020057000)
(0.2106615000, -0.6802838000, 0.7020107000)
(0.2105389000, -0.6801448000, 0.7021792000)
(0.2103882000, -0.6800954000, 0.7022724000)
(0.2103671000, -0.6803705000, 0.7020254000)
(0.2105560000, -0.6806574000, 0.7016885000)
(0.2103522000, -0.6806946000, 0.7017075000)
(0.2100833000, -0.6797980000, 0.7026609000)
(0.2086920000, -0.6793229000, 0.7035207000)
(0.2092903000, -0.6791929000, 0.7034845000)
(0.2085128000, -0.6798747000, 0.7030578000)
(0.2082393000, -0.6799421000, 0.7030569000)
(0.2076783000, -0.6795828000, 0.7035832000)
(0.2065332000, -0.6792028000, 0.7042861000)
(0.2054197000, -0.6790075000, 0.7047872000)
(0.2056040000, -0.6790477000, 0.7046981000)
(0.2087131000, -0.6808661000, 0.7020370000)
(0.2097789000, -0.6796606000, 0.7028749000)
(0.2093879000, -0.6785352000, 0.7040744000)
(0.2105183000, -0.6747628000, 0.7073693000)
(0.2099537000, -0.6735772000, 0.7086526000)
(0.2079220000, -0.6755145000, 0.7074093000)
(0.2080236000, -0.6738313000, 0.7089782000)
(0.2101975000, -0.6727485000, 0.7093838000)
(0.2105988000, -0.6727329000, 0.7092783000)
(0.2108250000, -0.6725560000, 0.7093791000)
(0.2103135000, -0.6741450000, 0.7080145000)
(0.2062629000, -0.6744636000, 0.7088952000)
(0.2066588000, -0.6750653000, 0.7082098000)
(0.2086130000, -0.6745341000, 0.7081514000)
(0.2100330000, -0.6743864000, 0.7078553000)
(0.2099424000, -0.6744284000, 0.7078432000)
(0.2097394000, -0.6742734000, 0.7080654000)
(0.2101348000, -0.6743034000, 0.7079217000)
(0.2090675000, -0.6765496000, 0.7060950000)
(0.2087788000, -0.6767076000, 0.7060183000)
(0.2086416000, -0.6759055000, 0.7068236000)
(0.2085444000, -0.6758444000, 0.7069107000)
(0.2079974000, -0.6764969000, 0.7064571000)
(0.2091787000, -0.6754475000, 0.7070973000)
(0.2091915000, -0.6749806000, 0.7075586000)
(0.2096719000, -0.6746939000, 0.7076787000)
(0.2085965000, -0.6768160000, 0.7059717000)
(0.2102977000, -0.6751581000, 0.7070543000)
(0.2113123000, -0.6750754000, 0.7068331000)
(0.1784087000, -0.7013861000, 0.6900911000)
(0.1759430000, -0.7081609000, 0.6837719000)
(0.1713009000, -0.7085859000, 0.6845117000)
(0.1698728000, -0.7108091000, 0.6825451000)
(0.1771754000, -0.7087192000, 0.6828762000)
(0.1767166000, -0.7089474000, 0.6827471000)
(0.1724779000, -0.7101774000, 0.6825585000)
(0.1731312000, -0.7101641000, 0.6823965000)
(0.1728702000, -0.7111360000, 0.6814575000)
(0.1732900000, -0.7112886000, 0.6811906000)
(0.1747189000, -0.7112641000, 0.6808447000)
(0.1759319000, -0.7108590000, 0.6809614000)
(0.1757063000, -0.7110236000, 0.6808530000)
(0.1730896000, -0.7113310000, 0.6812086000)
(0.1726016000, -0.7100464000, 0.6826558000)
(0.1736060000, -0.7094306000, 0.6830565000)
(0.1756095000, -0.7091225000, 0.6828547000)
(0.1766017000, -0.7081766000, 0.6835821000)
(0.1764731000, -0.7075381000, 0.6842734000)
(0.1761788000, -0.7075177000, 0.6843699000)
(0.1734030000, -0.7108324000, 0.6816481000)
(0.1751128000, -0.7083287000, 0.6838136000)
(0.1767563000, -0.7073959000, 0.6843573000)
(0.1758153000, -0.7038016000, 0.6882752000)
(0.1748556000, -0.7045346000, 0.6877899000)
(0.1774166000, -0.7069694000, 0.6846274000)
(0.0000000000, 0.0000000000, 0.0000000000)
(0.0000000000, 0.0000000000, 0.0000000000)
(0.0000000000, 0.0000000000, 0.0000000000)
(0.0000000000, 0.0000000000, 0.0000000000)
(0.0000000000, 0.0000000000, 0.0000000000)
(0.0000000000, 0.0000000000, 0.0000000000)
(0.0000000000, 0.0000000000, 0.0000000000)
(0.0000000000, 0.0000000000, 0.0000000000)
(0.2064663000, -0.6895010000, 0.6942300000)
(0.2163561000, -0.6948969000, 0.6857899000)
(0.2077518000, -0.6987779000, 0.6844905000)
(0.2081617000, -0.6977403000, 0.6854211000)
(0.2101418000, -0.6974792000, 0.6850855000)
(0.2110116000, -0.6990870000, 0.6831862000)
(0.2125624000, -0.6951711000, 0.6866769000)
(0.2143127000, -0.6923881000, 0.6889530000)
(0.2145131000, -0.6935800000, 0.6876816000)
(0.2141573000, -0.6895952000, 0.6917974000)
(0.2128066000, -0.6855831000, 0.6961758000)
(0.2074654000, -0.6849087000, 0.6984625000)
(0.2072919000, -0.6862944000, 0.6971473000)
(0.2099202000, -0.6880184000, 0.6946482000)
(0.2093883000, -0.6892097000, 0.6936278000)
(0.2115516000, -0.6865689000, 0.6955893000)
(0.2096825000, -0.6846305000, 0.6980569000)
(0.2117867000, -0.6851999000, 0.6968635000)
(0.2099158000, -0.6822047000, 0.7003682000)
(0.2109441000, -0.6823460000, 0.6999304000)
(0.2096952000, -0.6829886000, 0.6996814000)
(0.2082502000, -0.6817495000, 0.7013133000)
(0.2085615000, -0.6812024000, 0.7017451000)
(0.2091755000, -0.6826333000, 0.7001750000)
(0.2095234000, -0.6823327000, 0.7003555000)
(0.2102480000, -0.6820209000, 0.7004583000)
(0.2099183000, -0.6820566000, 0.7005038000)
(0.2099322000, -0.6822231000, 0.7003497000)
(0.2090725000, -0.6838892000, 0.6989860000)
(0.2083881000, -0.6838258000, 0.6992465000)
(0.2079292000, -0.6833277000, 0.6998631000)
(0.2084470000, -0.6827419000, 0.7002879000)
(0.2084377000, -0.6835277000, 0.6995138000)
(0.2076845000, -0.6830937000, 0.7001746000)
(0.2083166000, -0.6826415000, 0.7004313000)
(0.2085298000, -0.6811342000, 0.7018259000)
(0.2081278000, -0.6819165000, 0.7011825000)
(0.2086766000, -0.6816648000, 0.7012569000)
(0.2079973000, -0.6805764000, 0.7025279000)
(0.2082461000, -0.6790516000, 0.7039301000)
(0.2087590000, -0.6783849000, 0.7044076000)
(0.2084598000, -0.6799112000, 0.7030317000)
(0.2082905000, -0.6795278000, 0.7034544000)
(0.2085585000, -0.6790641000, 0.7038231000)
(0.2087959000, -0.6787436000, 0.7040477000)
(0.2086924000, -0.6786939000, 0.7041354000)
(0.2089629000, -0.6774108000, 0.7052883000)
(0.2086748000, -0.6783734000, 0.7044557000)
(0.2081146000, -0.6795651000, 0.7034569000)
(0.2070111000, -0.6802081000, 0.7031800000)
(0.2072201000, -0.6789998000, 0.7042684000)
(0.2060155000, -0.6792305000, 0.7044085000)
(0.2058547000, -0.6790205000, 0.7046617000)
(0.2058269000, -0.6787672000, 0.7049012000)
(0.2046303000, -0.6789637000, 0.7050627000)
(0.2046769000, -0.6785343000, 0.7054610000)
(0.2052120000, -0.6779215000, 0.7058900000)
(0.2060967000, -0.6783206000, 0.7052507000)
(0.2077583000, -0.6764421000, 0.7065689000)
(0.2076454000, -0.6748355000, 0.7081411000)
(0.2074942000, -0.6750516000, 0.7079884000)
(0.2075595000, -0.6759763000, 0.7070704000)
(0.2082831000, -0.6767005000, 0.7061669000)
(0.2090243000, -0.6754929000, 0.7071077000)
(0.2084137000, -0.6763573000, 0.7064520000)
(0.2079973000, -0.6754704000, 0.7074285000)
(0.2094309000, -0.6747817000, 0.7076610000)
(0.2096976000, -0.6762967000, 0.7061472000)
(0.2120093000, -0.6778474000, 0.7039654000)
(0.2111955000, -0.6766357000, 0.7053654000)
(0.2121657000, -0.6743925000, 0.7072328000)
(0.2117977000, -0.6748685000, 0.7068784000)
(0.2126390000, -0.6733247000, 0.7080941000)
(0.2131887000, -0.6727596000, 0.7084693000)
(0.2136340000, -0.6729845000, 0.7081123000)
(0.2131355000, -0.6735879000, 0.7077093000)
(0.2133328000, -0.6744296000, 0.7068412000)
(0.2131994000, -0.6738372000, 0.7074503000)
(0.2131633000, -0.6739574000, 0.7073450000)
(0.2128814000, -0.6744533000, 0.7069601000)
(0.2130012000, -0.6741927000, 0.7071539000)
(0.2143021000, -0.6724216000, 0.7084581000)
(0.2139480000, -0.6729287000, 0.7080768000)
(0.2139114000, -0.6724116000, 0.7085750000)
(0.2132800000, -0.6711890000, 0.7099355000)
(0.2128999000, -0.6701395000, 0.7110412000)
(0.2128763000, -0.6701807000, 0.7110114000)
(0.2138452000, -0.6701865000, 0.7107092000)
(0.2144347000, -0.6700763000, 0.7106383000)
(0.2144287000, -0.6697074000, 0.7109931000)
(0.2139291000, -0.6702794000, 0.7106007000)
(0.2137502000, -0.6700168000, 0.7108933000)
(0.2140578000, -0.6692375000, 0.7115357000)
(0.2156665000, -0.6684762000, 0.7117614000)
(0.2160258000, -0.6677201000, 0.7123701000)
(0.2161141000, -0.6682462000, 0.7118426000)
(0.2158976000, -0.6693810000, 0.7108537000)
(0.2158463000, -0.6700100000, 0.7102699000)
(0.2155862000, -0.6709571000, 0.7094430000)
(0.2151521000, -0.6712816000, 0.7092754000)
(0.2149788000, -0.6710967000, 0.7095083000)
(0.2150383000, -0.6703705000, 0.7101727000)
(0.2141784000, -0.6706297000, 0.7101859000)
(0.2131798000, -0.6705063000, 0.7106066000)
(0.2128710000, -0.6707400000, 0.7104884000)
(0.2137421000, -0.6707709000, 0.7101865000)
(0.2128639000, -0.6709337000, 0.7102911000)
(0.2135650000, -0.6725286000, 0.7085707000)
(0.2133656000, -0.6731298000, 0.7080662000)
(0.2132789000, -0.6725451000, 0.7086436000)
(0.2135008000, -0.6723609000, 0.7087509000)
(0.2134462000, -0.6727239000, 0.7084301000)
(0.2133922000, -0.6724936000, 0.7086524000)
(0.2144455000, -0.6722197000, 0.7085984000)
(0.2140485000, -0.6716299000, 0.7092758000)
(0.2149358000, -0.6709391000, 0.7096707000)
(0.2150832000, -0.6710180000, 0.7095518000)
(0.2153561000, -0.6701317000, 0.7103054000)
(0.2148270000, -0.6715524000, 0.7091198000)
(0.2150090000, -0.6728717000, 0.7078025000)
(0.2158263000, -0.6731027000, 0.7073396000)
(0.2154523000, -0.6731274000, 0.7074444000)
(0.2162034000, -0.6719875000, 0.7082846000)
(0.2155864000, -0.6729363000, 0.7075800000)
(0.2151327000, -0.6730745000, 0.7075790000)
(0.2149944000, -0.6724685000, 0.7081954000)
(0.2146669000, -0.6728171000, 0.7079718000)
(0.2145745000, -0.6728292000, 0.7079943000)
(0.2145904000, -0.6728013000, 0.7080103000)
(0.2150739000, -0.6725112000, 0.7081323000)
(0.2149144000, -0.6732260000, 0.7075049000)
(0.2112500000, -0.6778281000, 0.7042020000)
(0.2087682000, -0.6775985000, 0.7051725000)
(0.2092766000, -0.6764773000, 0.7060925000)
(0.2114159000, -0.6775000000, 0.7044823000)
(0.2120578000, -0.6770349000, 0.7047165000)
(0.2110919000, -0.6774350000, 0.7046349000)
(0.2113944000, -0.6755543000, 0.7063467000)
(0.2111908000, -0.6759012000, 0.7060674000)
(0.2110087000, -0.6758409000, 0.7061929000)
(0.2111183000, -0.6749954000, 0.7069539000)
(0.2109354000, -0.6750072000, 0.7070100000)
(0.2115014000, -0.6739656000, 0.7078397000)
(0.2104499000, -0.6738538000, 0.7082468000)
(0.2103079000, -0.6730497000, 0.7090575000)
(0.2104335000, -0.6732692000, 0.7088169000)
(0.2096338000, -0.6727898000, 0.7095085000)
(0.2117409000, -0.6685778000, 0.7128422000)
(0.2121549000, -0.6674639000, 0.7137596000)
(0.2116655000, -0.6672797000, 0.7140856000)
(0.2119991000, -0.6676178000, 0.7136819000)
(0.2124561000, -0.6665715000, 0.7145032000)
(0.2126409000, -0.6658701000, 0.7151130000)
(0.2126348000, -0.6655185000, 0.7154361000)
(0.2130062000, -0.6659271000, 0.7149556000)
(0.2140237000, -0.6655042000, 0.7150475000)
(0.2147698000, -0.6648980000, 0.7153850000)
(0.2151497000, -0.6650545000, 0.7151116000)
(0.2155339000, -0.6648189000, 0.7152346000)
(0.2147771000, -0.6642184000, 0.7160030000)
(0.2147016000, -0.6644383000, 0.7158228000)
(0.2143966000, -0.6643311000, 0.7160089000)
(0.2097997000, -0.6674646000, 0.7144569000)
(0.2032168000, -0.6683567000, 0.7155259000)
(0.1936433000, -0.6670433000, 0.7193936000)
(0.2187075000, -0.6807421000, 0.6990903000)
(0.0000000000, 0.0000000000, 0.0000000000)
(0.0000000000, 0.0000000000, 0.0000000000)
(0.0000000000, 0.0000000000, 0.0000000000)
(0.0000000000, 0.0000000000, 0.0000000000)
(0.1796519000, -0.6675509000, 0.7225494000)
(0.1745433000, -0.6918748000, 0.7006011000)
(0.1764296000, -0.6807594000, 0.7109268000)
(0.1846706000, -0.6804131000, 0.7091766000)
(0.1862749000, -0.6757060000, 0.7132358000)
(0.1723373000, -0.6860449000, 0.7068483000)
(0.1845779000, -0.6744053000, 0.7149016000)
(0.1842090000, -0.6737832000, 0.7155952000)
(0.1899525000, -0.6767995000, 0.7112355000)
(0.1881569000, -0.6770842000, 0.7114304000)
(0.1883798000, -0.6765794000, 0.7118541000)
(0.1890435000, -0.6767406000, 0.7115321000)
(0.1877610000, -0.6779016000, 0.7107592000)
(0.1876000000, -0.6780518000, 0.7106497000)
(0.1832683000, -0.6814821000, 0.7084975000)
(0.1829430000, -0.6816223000, 0.7084444000)
(0.1829544000, -0.6807798000, 0.7092716000)
(0.1843805000, -0.6805779000, 0.7090873000)
(0.1858213000, -0.6800516000, 0.7092080000)
(0.1850574000, -0.6798079000, 0.7096546000)
(0.1840483000, -0.6809308000, 0.7088318000)
(0.1834167000, -0.6803945000, 0.7095082000)
(0.1823844000, -0.6792467000, 0.7108762000)
(0.1819233000, -0.6801643000, 0.7101148000)
(0.1821615000, -0.6790028000, 0.7111672000)
(0.1829646000, -0.6781816000, 0.7117382000)
(0.1822495000, -0.6789243000, 0.7112121000)
(0.1822284000, -0.6788179000, 0.7113150000)
(0.1823464000, -0.6785958000, 0.7115048000)
(0.1792074000, -0.6818998000, 0.7091399000)
(0.1797552000, -0.6814652000, 0.7094271000)
(0.1853591000, -0.6743590000, 0.7147511000)
(0.1820460000, -0.6824428000, 0.7079015000)
(0.1912813000, -0.6767325000, 0.7109359000)
(0.1778215000, -0.6909950000, 0.7006395000)
(0.1792987000, -0.7037972000, 0.6873830000)
(0.0000000000, 0.0000000000, 0.0000000000)
(0.0000000000, 0.0000000000, 0.0000000000)
(0.0000000000, 0.0000000000, 0.0000000000)
(0.0000000000, 0.0000000000, 0.0000000000)
(0.0000000000, 0.0000000000, 0.0000000000)
(0.0000000000, 0.0000000000, 0.0000000000)
(0.0000000000, 0.0000000000, 0.0000000000)
(0.0000000000, 0.0000000000, 0.0000000000)
(0.1789907000, -0.7030637000, 0.6882305000)
(0.1853586000, -0.6996481000, 0.6900175000)
(0.1774465000, -0.6994049000, 0.6923463000)
(0.1803791000, -0.6889352000, 0.7020119000)
(0.1856034000, -0.6896000000, 0.6999996000)
(0.1834468000, -0.6875241000, 0.7025981000)
(0.1822772000, -0.6916255000, 0.6988570000)
(0.1813853000, -0.6937642000, 0.6969690000)
(0.1755742000, -0.6929116000, 0.6993103000)
(0.1815980000, -0.6855700000, 0.7049820000)
(0.1804313000, -0.6931494000, 0.6978346000)
(0.1780013000, -0.6958757000, 0.6957327000)
(0.1813530000, -0.6960610000, 0.6946846000)
(0.1779578000, -0.6951151000, 0.6965177000)
(0.1807815000, -0.6926094000, 0.6982828000)
(0.1773928000, -0.6947935000, 0.6969863000)
(0.1768786000, -0.6949186000, 0.6969781000)
(0.1764003000, -0.6952835000, 0.6967387000)
(0.1748538000, -0.6939499000, 0.6984628000)
(0.1760485000, -0.6941001000, 0.6980098000)
(0.1812538000, -0.6902438000, 0.7005030000)
(0.1849007000, -0.6832939000, 0.7063392000)
(0.1752374000, -0.6839648000, 0.7081518000)
(0.1738415000, -0.6764888000, 0.7156257000)
(0.0989608500, -0.7585239000, 0.6440795000)
(0.1245182000, -0.7888681000, 0.6018025000)
(0.0000000000, 0.0000000000, 0.0000000000)
(0.0000000000, 0.0000000000, 0.0000000000)
(0.0000000000, 0.0000000000, 0.0000000000)
(0.0000000000, 0.0000000000, 0.0000000000)
(0.0000000000, 0.0000000000, 0.0000000000)
(0.0000000000, 0.0000000000, 0.0000000000)
(0.0000000000, 0.0000000000, 0.0000000000)
(0.1932355000, -0.7107362000, 0.6763812000)
(0.1844730000, -0.7066337000, 0.6830924000)
(0.1924173000, -0.7030438000, 0.6846151000)
(0.1952402000, -0.6999887000, 0.6869415000)
(0.1867319000, -0.7016866000, 0.6875578000)
(0.1837660000, -0.7004647000, 0.6896186000)
(0.1915087000, -0.6948374000, 0.6931844000)
(0.1809756000, -0.7002671000, 0.6905594000)
(0.1806513000, -0.7016555000, 0.6892202000)
(0.1883213000, -0.6997824000, 0.6890701000)
(0.1846153000, -0.6975271000, 0.6923535000)
(0.1866286000, -0.6998294000, 0.6894966000)
(0.1860631000, -0.6998523000, 0.6896176000)
(0.1857900000, -0.7009384000, 0.6885844000)
(0.1836196000, -0.7002410000, 0.6898680000)
(0.1844176000, -0.7007163000, 0.6891887000)
(0.1857543000, -0.6991574000, 0.6904097000)
(0.1835774000, -0.7017077000, 0.6883956000)
(0.1851495000, -0.7019056000, 0.6877831000)
(0.1860835000, -0.6994232000, 0.6900436000)
(0.1872361000, -0.6951305000, 0.6940569000)
(0.1856034000, -0.6969183000, 0.6927084000)
(0.1850587000, -0.6969611000, 0.6928039000)
(0.1873887000, -0.6974031000, 0.6917288000)
(0.1875278000, -0.6973279000, 0.6917816000)
(0.1858835000, -0.6988603000, 0.6906756000)
(0.1867432000, -0.6985295000, 0.6907763000)
(0.1869029000, -0.6989061000, 0.6903509000)
(0.1871453000, -0.6982592000, 0.6909473000)
(0.1863324000, -0.6986504000, 0.6907717000)
(0.1864505000, -0.6987025000, 0.6906710000)
(0.1872645000, -0.6981086000, 0.6910607000)
(0.1875112000, -0.6980001000, 0.6911067000)
(0.1876216000, -0.6980026000, 0.6910688000)
(0.1875962000, -0.6982536000, 0.6908143000)
(0.1876532000, -0.6980538000, 0.6910035000)
(0.1875052000, -0.6978418000, 0.6912710000)
(0.1871346000, -0.6984535000, 0.6907468000)
(0.1861144000, -0.6981644000, 0.6913226000)
(0.1866250000, -0.6983511000, 0.6909791000)
(0.1887936000, -0.6974454000, 0.6913214000)
(0.1892640000, -0.6966535000, 0.6919824000)
(0.1899841000, -0.6967724000, 0.6916535000)
(0.1897058000, -0.6966839000, 0.6918374000)
(0.1896771000, -0.6964007000, 0.6921322000)
(0.1889055000, -0.6963049000, 0.6924211000)
(0.1893900000, -0.6972067000, 0.6913805000)
(0.1897327000, -0.6971028000, 0.6913958000)
(0.1903350000, -0.6960717000, 0.6922827000)
(0.1919039000, -0.6951586000, 0.6927579000)
(0.1924310000, -0.6943072000, 0.6934733000)
(0.1924893000, -0.6940278000, 0.6937172000)
(0.1932680000, -0.6933293000, 0.6942059000)
(0.1930326000, -0.6934333000, 0.6941602000)
(0.1918836000, -0.6948929000, 0.6930217000)
(0.1915923000, -0.6942977000, 0.6937076000)
(0.1906038000, -0.6938432000, 0.6944285000)
(0.1909703000, -0.6932176000, 0.6949661000)
(0.1916261000, -0.6932215000, 0.6947726000)
(0.1909574000, -0.6937014000, 0.6944658000)
(0.1908516000, -0.6927764000, 0.6954281000)
(0.1911098000, -0.6923465000, 0.6957846000)
(0.1914844000, -0.6914870000, 0.6965349000)
(0.1910270000, -0.6909940000, 0.6971616000)
(0.1907020000, -0.6891701000, 0.6990492000)
(0.1908130000, -0.6897144000, 0.6984805000)
(0.1913259000, -0.6897092000, 0.6983487000)
(0.1914921000, -0.6896914000, 0.6983180000)
(0.1918112000, -0.6904958000, 0.6974278000)
(0.1921735000, -0.6897959000, 0.6980186000)
(0.1911376000, -0.6904371000, 0.6976762000)
(0.1916368000, -0.6903692000, 0.6975964000)
(0.1907650000, -0.6904240000, 0.6977956000)
(0.1903998000, -0.6907254000, 0.6975918000)
(0.1898849000, -0.6911569000, 0.6973076000)
(0.1894673000, -0.6899337000, 0.6986256000)
(0.1888717000, -0.6902834000, 0.6984338000)
(0.1898617000, -0.6893185000, 0.6991290000)
(0.1894752000, -0.6888183000, 0.6997164000)
(0.1896756000, -0.6879781000, 0.7005047000)
(0.1895300000, -0.6882275000, 0.7002813000)
(0.1910684000, -0.6872988000, 0.7007874000)
(0.1908419000, -0.6882470000, 0.6999041000)
(0.1907711000, -0.6871914000, 0.7009608000)
(0.1909900000, -0.6872422000, 0.7008674000)
(0.1913868000, -0.6865172000, 0.7014557000)
(0.1899977000, -0.6873423000, 0.7010375000)
(0.1895534000, -0.6876637000, 0.7008309000)
(0.1892530000, -0.6882486000, 0.7003402000)
(0.1896614000, -0.6877862000, 0.7006849000)
(0.1895954000, -0.6880309000, 0.7004548000)
(0.1895494000, -0.6880578000, 0.7004614000)
(0.1892490000, -0.6881961000, 0.7004065000)
(0.1902806000, -0.6851749000, 0.7030798000)
(0.1925670000, -0.6860175000, 0.7016299000)
(0.1893050000, -0.6840215000, 0.7044551000)
(0.1912003000, -0.6832256000, 0.7047108000)
(0.1885645000, -0.6877698000, 0.7010050000)
(0.1917683000, -0.6847573000, 0.7030712000)
(0.0000000000, 0.0000000000, 0.0000000000)
(0.0000000000, 0.0000000000, 0.0000000000)
(0.0000000000, 0.0000000000, 0.0000000000)
(0.0000000000, 0.0000000000, 0.0000000000)
(0.0000000000, 0.0000000000, 0.0000000000)
(0.0000000000, 0.0000000000, 0.0000000000)
(0.0000000000, 0.0000000000, 0.0000000000)
(0.0000000000, 0.0000000000, 0.0000000000)
(0.0000000000, 0.0000000000, 0.0000000000)
(0.0000000000, 0.0000000000, 0.0000000000)
(0.0000000000, 0.0000000000, 0.0000000000)
(0.0000000000, 0.0000000000, 0.0000000000)
(0.0000000000, 0.0000000000, 0.0000000000)
(0.0000000000, 0.0000000000, 0.0000000000)
(0.1913991000, -0.7050754000, 0.6828031000)
(0.1973723000, -0.7044145000, 0.6817881000)
(0.1959279000, -0.7083517000, 0.6781068000)
(0.1943963000, -0.7064141000, 0.6805741000)
(0.1928730000, -0.7071129000, 0.6802785000)
(0.1912421000, -0.7086452000, 0.6791477000)
(0.1873891000, -0.7031283000, 0.6859096000)
(0.1980843000, -0.7046558000, 0.6813208000)
(0.1868517000, -0.7105095000, 0.6784075000)
(0.1892222000, -0.7104325000, 0.6778367000)
(0.1864733000, -0.7162241000, 0.6724920000)
(0.1917767000, -0.7141516000, 0.6731952000)
(0.1931100000, -0.7145658000, 0.6723678000)
(0.1872753000, -0.7178266000, 0.6705453000)
(0.1936159000, -0.7151114000, 0.6716587000)
(0.1890512000, -0.7174011000, 0.6705088000)
(0.1915606000, -0.7166460000, 0.6705939000)
(0.1932188000, -0.7170574000, 0.6696796000)
(0.1901980000, -0.7137313000, 0.6740992000)
(0.1881723000, -0.7131281000, 0.6753025000)
(0.1849550000, -0.7135062000, 0.6757884000)
(0.1885194000, -0.7103851000, 0.6780919000)
(0.1870422000, -0.7057709000, 0.6832895000)
(0.1877298000, -0.7056912000, 0.6831941000)
(0.1900072000, -0.7030699000, 0.6852508000)
(0.1897628000, -0.7033957000, 0.6849833000)
(0.1895052000, -0.7043085000, 0.6841114000)
(0.1815746000, -0.7106275000, 0.6797332000)
(0.1890122000, -0.7144863000, 0.6736315000)
(0.1859590000, -0.7141411000, 0.6748339000)
(0.1965626000, -0.7109107000, 0.6752376000)
(0.1900373000, -0.7130294000, 0.6748813000)
(0.2004358000, -0.7027550000, 0.6826089000)
(0.1948292000, -0.7038124000, 0.6831360000)
(0.1883981000, -0.7103142000, 0.6781856000)
(0.1878464000, -0.7107770000, 0.6778698000)
(0.1923887000, -0.7053903000, 0.6821951000)
(0.1929051000, -0.7051898000, 0.6822496000)
(0.1918066000, -0.7061151000, 0.6816064000)
(0.1926317000, -0.7081180000, 0.6792905000)
(0.1898645000, -0.7119345000, 0.6760907000)
(0.1869101000, -0.7093810000, 0.6795747000)
(0.1989902000, -0.6988608000, 0.6870103000)
(0.1934298000, -0.7038459000, 0.6834964000)
(0.1854224000, -0.7067411000, 0.6827260000)
(0.1832789000, -0.7049874000, 0.6851112000)
(0.1855115000, -0.7029400000, 0.6866275000)
(0.1893820000, -0.7122354000, 0.6759026000)
(0.1840404000, -0.7059554000, 0.6839048000)
(0.1903121000, -0.7065111000, 0.6816158000)
(0.2060774000, -0.6968114000, 0.6869944000)
(0.0000000000, 0.0000000000, 0.0000000000)
(0.0000000000, 0.0000000000, 0.0000000000)
(0.0000000000, 0.0000000000, 0.0000000000)
(0.0000000000, 0.0000000000, 0.0000000000)
(0.0000000000, 0.0000000000, 0.0000000000)
(0.0000000000, 0.0000000000, 0.0000000000)
(0.0000000000, 0.0000000000, 0.0000000000)
(0.1660728000, -0.7270651000, 0.6661593000)
(0.1636069000, -0.7208337000, 0.6735064000)
(0.1654126000, -0.7246073000, 0.6689931000)
(0.1606719000, -0.7199165000, 0.6752014000)
(0.1673018000, -0.7226398000, 0.6706507000)
(0.1702038000, -0.7206709000, 0.6720478000)
(0.1679488000, -0.7208764000, 0.6723874000)
(0.1680118000, -0.7210534000, 0.6721931000)
(0.1744441000, -0.7119693000, 0.6801822000)
(0.1722021000, -0.7157390000, 0.6768025000)
(0.1651724000, -0.7247372000, 0.6689139000)
(0.1704422000, -0.7191094000, 0.6736676000)
(0.1596859000, -0.7226498000, 0.6725016000)
(0.1673970000, -0.7103454000, 0.6836374000)
(0.1682299000, -0.7138007000, 0.6798345000)
(0.1687881000, -0.7217322000, 0.6712747000)
(0.1618479000, -0.7143871000, 0.6807595000)
(0.1735091000, -0.7141435000, 0.6781511000)
(0.1742512000, -0.7261363000, 0.6650906000)
(0.1752069000, -0.7090427000, 0.6830420000)
(0.1669161000, -0.7071861000, 0.6870375000)
(0.1712288000, -0.7157413000, 0.6770383000)
(0.1800527000, -0.7208605000, 0.6692682000)
(0.1790613000, -0.7225988000, 0.6676531000)
(0.1760588000, -0.7244784000, 0.6664143000)
(0.1942735000, -0.7222888000, 0.6637248000)
(0.1770193000, -0.7231234000, 0.6676435000)
(0.1489638000, -0.7663795000, 0.6248642000)
(0.1366867000, -0.8019409000, 0.5815364000)
(0.0000000000, 0.0000000000, 0.0000000000)
(0.0000000000, 0.0000000000, 0.0000000000)
(0.0000000000, 0.0000000000, 0.0000000000)
(0.0000000000, 0.0000000000, 0.0000000000)
(0.0000000000, 0.0000000000, 0.0000000000)
(0.0000000000, 0.0000000000, 0.0000000000)
(0.0000000000, 0.0000000000, 0.0000000000)
(0.0000000000, 0.0000000000, 0.0000000000)
(0.1595859000, -0.7170157000, 0.6785337000)
(0.1451146000, -0.7223954000, 0.6760746000)
(0.1478049000, -0.7266478000, 0.6709163000)
(0.1470837000, -0.7211406000, 0.6769865000)
(0.1503833000, -0.7247953000, 0.6723305000)
(0.1432302000, -0.7249334000, 0.6737444000)
(0.1425070000, -0.7341562000, 0.6638345000)
(0.1407966000, -0.7397634000, 0.6579505000)
(0.1122036000, -0.7107357000, 0.6944501000)
(0.1501158000, -0.7259839000, 0.6711126000)
(0.1432187000, -0.7340160000, 0.6638416000)
(0.1486442000, -0.7315782000, 0.6653370000)
(0.1649701000, -0.7331752000, 0.6597120000)
(0.1534867000, -0.7331212000, 0.6625497000)
(0.1537334000, -0.7333705000, 0.6621940000)
(0.1442322000, -0.7363068000, 0.6610818000)
(0.1420429000, -0.7190989000, 0.6802288000)
(0.1528631000, -0.7170213000, 0.6800802000)
(0.1478010000, -0.7270001000, 0.6705282000)
(0.1479306000, -0.7366812000, 0.6598495000)
(0.1461132000, -0.7355087000, 0.6615618000)
(0.1498165000, -0.7358637000, 0.6603338000)
(0.1448282000, -0.7255548000, 0.6727477000)
(0.1611536000, -0.7285236000, 0.6657841000)
(0.1601534000, -0.7328255000, 0.6612937000)
(0.1596702000, -0.7288565000, 0.6657637000)
(0.1563178000, -0.7316303000, 0.6635296000)
(0.1468448000, -0.7553161000, 0.6386925000)
(0.1433964000, -0.7534207000, 0.6417090000)
(0.0000000000, 0.0000000000, 0.0000000000)
(0.0000000000, 0.0000000000, 0.0000000000)
(0.0000000000, 0.0000000000, 0.0000000000)
(0.0000000000, 0.0000000000, 0.0000000000)
(0.0000000000, 0.0000000000, 0.0000000000)
(0.0000000000, 0.0000000000, 0.0000000000)
(0.0000000000, 0.0000000000, 0.0000000000)
(0.2125124000, -0.6949666000, 0.6869090000)
(0.2118190000, -0.7015553000, 0.6804017000)
(0.2096419000, -0.7069489000, 0.6754671000)
(0.2075547000, -0.7145846000, 0.6680462000)
(0.2018504000, -0.7037095000, 0.6811888000)
(0.2087247000, -0.7077742000, 0.6748980000)
(0.2149204000, -0.7013071000, 0.6796849000)
(0.2166190000, -0.7004426000, 0.6800368000)
(0.2105410000, -0.7000763000, 0.6823190000)
(0.2100143000, -0.6973552000, 0.6852647000)
(0.2088400000, -0.6935980000, 0.6894220000)
(0.2084182000, -0.6956061000, 0.6875188000)
(0.2043085000, -0.6971323000, 0.6872028000)
(0.2103311000, -0.6958414000, 0.6867039000)
(0.2058100000, -0.6994660000, 0.6843721000)
(0.2095846000, -0.6993554000, 0.6833541000)
(0.2147483000, -0.6955442000, 0.6856169000)
(0.2135007000, -0.7001125000, 0.6813513000)
(0.2184432000, -0.6930003000, 0.6870365000)
(0.2158546000, -0.6897297000, 0.6911399000)
(0.2186818000, -0.6913654000, 0.6886025000)
(0.2082218000, -0.7081677000, 0.6746379000)
(0.2110038000, -0.7060235000, 0.6760029000)
(0.2115730000, -0.7069989000, 0.6748205000)
(0.2142644000, -0.7120053000, 0.6686791000)
(0.2138116000, -0.7100438000, 0.6709077000)
(0.2139730000, -0.7085081000, 0.6724660000)
(0.2118133000, -0.7118281000, 0.6696416000)
(0.2111546000, -0.7136785000, 0.6678764000)
(0.2073751000, -0.7101551000, 0.6727965000)
(0.2087898000, -0.7111844000, 0.6712628000)
(0.2073806000, -0.7064771000, 0.6766680000)
(0.2026880000, -0.7063265000, 0.6782466000)
(0.2024934000, -0.7050728000, 0.6796068000)
(0.2049809000, -0.7036209000, 0.6803581000)
(0.2060773000, -0.7032890000, 0.6803620000)
(0.2080895000, -0.7075791000, 0.6752937000)
(0.2058199000, -0.7045518000, 0.6791306000)
(0.2035167000, -0.7011402000, 0.6833416000)
(0.2075332000, -0.6991870000, 0.6841431000)
(0.1997948000, -0.6964827000, 0.6891806000)
(0.2044748000, -0.6896034000, 0.6947101000)
(0.2016295000, -0.6961452000, 0.6889873000)
(0.2049894000, -0.6970170000, 0.6871129000)
(0.2063705000, -0.7033969000, 0.6801722000)
(0.0000000000, 0.0000000000, 0.0000000000)
(0.0000000000, 0.0000000000, 0.0000000000)
(0.0000000000, 0.0000000000, 0.0000000000)
(0.0000000000, 0.0000000000, 0.0000000000)
(0.0000000000, 0.0000000000, 0.0000000000)
(0.0000000000, 0.0000000000, 0.0000000000)
(0.0000000000, 0.0000000000, 0.0000000000)
(0.0000000000, 0.0000000000, 0.0000000000)
(0.0000000000, 0.0000000000, 0.0000000000)
(0.1944964000, -0.7178448000, 0.6684718000)
(0.1984194000, -0.7038442000, 0.6820728000)
(0.1925479000, -0.7065336000, 0.6809662000)
(0.1914254000, -0.7120666000, 0.6754915000)
(0.1917506000, -0.7116786000, 0.6758100000)
(0.1926163000, -0.7071202000, 0.6803436000)
(0.1972312000, -0.7103161000, 0.6756715000)
(0.1948175000, -0.7161558000, 0.6701912000)
(0.2014103000, -0.7214095000, 0.6625677000)
(0.1969934000, -0.7248299000, 0.6601573000)
(0.1981874000, -0.7240143000, 0.6606827000)
(0.1983500000, -0.7158875000, 0.6694469000)
(0.2004737000, -0.7217794000, 0.6624331000)
(0.1997764000, -0.7239316000, 0.6602989000)
(0.1971037000, -0.7200294000, 0.6653463000)
(0.1951495000, -0.7209357000, 0.6649365000)
(0.1959269000, -0.7188937000, 0.6669347000)
(0.1956478000, -0.7246361000, 0.6607727000)
(0.0000000000, 0.0000000000, 0.0000000000)
(0.0000000000, 0.0000000000, 0.0000000000)
(0.0000000000, 0.0000000000, 0.0000000000)
(0.0000000000, 0.0000000000, 0.0000000000)
(0.0000000000, 0.0000000000, 0.0000000000)
(0.0000000000, 0.0000000000, 0.0000000000)
(0.0000000000, 0.0000000000, 0.0000000000)
(0.1821348000, -0.7109693000, 0.6792060000)
(0.1734892000, -0.7284698000, 0.6627448000)
(0.1758240000, -0.7302790000, 0.6601255000)
(0.1712625000, -0.7293305000, 0.6623691000)
(0.1718157000, -0.7214152000, 0.6708397000)
(0.1717265000, -0.7214214000, 0.6708509000)
(0.1751261000, -0.7155377000, 0.6762487000)
(0.1773620000, -0.7147266000, 0.6765242000)
(0.1726464000, -0.7171667000, 0.6751624000)
(0.1754406000, -0.7137682000, 0.6780485000)
(0.1759654000, -0.7168059000, 0.6746928000)
(0.1755653000, -0.7174941000, 0.6740586000)
(0.1760778000, -0.7141501000, 0.6774672000)
(0.1766886000, -0.7115726000, 0.6800098000)
(0.1763184000, -0.7115868000, 0.6800926000)
(0.1739360000, -0.7153579000, 0.6767528000)
(0.1720896000, -0.7178110000, 0.6746305000)
(0.1722620000, -0.7179126000, 0.6744745000)
(0.1714949000, -0.7162243000, 0.6764497000)
(0.1736784000, -0.7161965000, 0.6759214000)
(0.1745251000, -0.7163481000, 0.6755414000)
(0.1739307000, -0.7166328000, 0.6753986000)
(0.1735238000, -0.7162110000, 0.6759514000)
(0.1734434000, -0.7157347000, 0.6764758000)
(0.1750848000, -0.7144308000, 0.6774434000)
(0.1726712000, -0.7103853000, 0.6822848000)
(0.1739155000, -0.7101009000, 0.6822629000)
(0.1745790000, -0.7108201000, 0.6813564000)
(0.1744992000, -0.7107415000, 0.6814489000)
(0.1741727000, -0.7111683000, 0.6811027000)
(0.1753112000, -0.7120444000, 0.6798898000)
(0.1747039000, -0.7108458000, 0.6812966000)
(0.1742178000, -0.7107469000, 0.6815283000)
(0.1711816000, -0.7119866000, 0.6809901000)
(0.1768121000, -0.7097030000, 0.6819330000)
(0.1755452000, -0.7161846000, 0.6754560000)
(0.1762256000, -0.7143724000, 0.6772075000)
(0.1752446000, -0.7126010000, 0.6793100000)
(0.1747553000, -0.7128519000, 0.6791875000)
(0.1770878000, -0.7104647000, 0.6810802000)
(0.1747164000, -0.7167678000, 0.6750531000)
(0.1711585000, -0.7119374000, 0.6810539000)
(0.1742182000, -0.7144272000, 0.6776708000)
(0.1713648000, -0.7131655000, 0.6797075000)
(0.1657445000, -0.7100205000, 0.6843852000)
(0.1742034000, -0.6963792000, 0.6962011000)
(0.1638106000, -0.7067032000, 0.6882721000)
(0.1694108000, -0.7037405000, 0.6899484000)
(0.1643754000, -0.7090338000, 0.6857405000)
(0.1647071000, -0.7084634000, 0.6862495000)
(0.1663731000, -0.7070824000, 0.6872690000)
(0.1693309000, -0.7075235000, 0.6860967000)
(0.1637861000, -0.7100655000, 0.6848084000)
(0.1747348000, -0.7099674000, 0.6821941000)
(0.1771981000, -0.7060181000, 0.6856619000)
(0.1685359000, -0.7132949000, 0.6802861000)
(0.1688382000, -0.7128329000, 0.6806881000)
(0.1675274000, -0.7096274000, 0.6843653000)
(0.1806606000, -0.7108898000, 0.6796830000)
(0.1810266000, -0.7116791000, 0.6787731000)
(0.1805476000, -0.7092539000, 0.6814355000)
(0.1769417000, -0.7118267000, 0.6796790000)
(0.1728778000, -0.7067880000, 0.6859592000)
(0.1709434000, -0.7062560000, 0.6869908000)
(0.1737715000, -0.7042262000, 0.6883801000)
(0.1701203000, -0.7023565000, 0.6911895000)
(0.1739668000, -0.6971513000, 0.6954941000)
(0.1758061000, -0.7003353000, 0.6918054000)
(0.1660095000, -0.7056471000, 0.6888363000)
(0.1688775000, -0.7019169000, 0.6919332000)
(0.1779184000, -0.7193633000, 0.6714531000)
(0.0000000000, 0.0000000000, 0.0000000000)
(0.0000000000, 0.0000000000, 0.0000000000)
(0.0000000000, 0.0000000000, 0.0000000000)
(0.0000000000, 0.0000000000, 0.0000000000)
(0.0000000000, 0.0000000000, 0.0000000000)
(0.0000000000, 0.0000000000, 0.0000000000)
(0.0000000000, 0.0000000000, 0.0000000000)
(0.0000000000, 0.0000000000, 0.0000000000)
(0.1573617000, -0.7130681000, 0.6831961000)
(0.1555531000, -0.7073627000, 0.6895005000)
(0.1411478000, -0.7147915000, 0.6849296000)
(0.1448567000, -0.7213079000, 0.6772873000)
(0.1466779000, -0.7154299000, 0.6830919000)
(0.1367512000, -0.7232551000, 0.6769010000)
(0.1472970000, -0.7168477000, 0.6814713000)
(0.1453746000, -0.7101924000, 0.6888200000)
(0.1457581000, -0.7028242000, 0.6962606000)
(0.1493226000, -0.7140462000, 0.6839882000)
(0.1434588000, -0.7131322000, 0.6861916000)
(0.1332314000, -0.7336400000, 0.6663375000)
(0.1328048000, -0.7258445000, 0.6749028000)
(0.0818202600, -0.8209999000, 0.5650079000)
(0.0000000000, 0.0000000000, 0.0000000000)
(0.0000000000, 0.0000000000, 0.0000000000)
(0.0000000000, 0.0000000000, 0.0000000000)
(0.0000000000, 0.0000000000, 0.0000000000)
(0.0000000000, 0.0000000000, 0.0000000000)
(0.0000000000, 0.0000000000, 0.0000000000)
(0.1874693000, -0.7354308000, 0.6511416000)
(0.1776234000, -0.7474866000, 0.6400856000)
(0.1764223000, -0.7146842000, 0.6768202000)
(0.1785844000, -0.7234668000, 0.6668500000)
(0.1664867000, -0.7087634000, 0.6855077000)
(0.1717929000, -0.7124659000, 0.6803337000)
(0.1693584000, -0.7045553000, 0.6891286000)
(0.1673291000, -0.6961802000, 0.6980719000)
(0.1570916000, -0.6995440000, 0.6971023000)
(0.1570559000, -0.7117892000, 0.6845871000)
(0.1652869000, -0.7145032000, 0.6798250000)
(0.1699863000, -0.7135298000, 0.6796897000)
(0.1666682000, -0.7144076000, 0.6795814000)
(0.1675548000, -0.7009315000, 0.6932564000)
(0.1644425000, -0.7066866000, 0.6881430000)
(0.1617730000, -0.7167758000, 0.6782554000)
(0.0000000000, 0.0000000000, 0.0000000000)
(0.0000000000, 0.0000000000, 0.0000000000)
(0.0000000000, 0.0000000000, 0.0000000000)
(0.0000000000, 0.0000000000, 0.0000000000)
(0.0000000000, 0.0000000000, 0.0000000000)
(0.0000000000, 0.0000000000, 0.0000000000)
(0.0000000000, 0.0000000000, 0.0000000000)
(0.0000000000, 0.0000000000, 0.0000000000)
(0.0000000000, 0.0000000000, 0.0000000000)
(0.1584202000, -0.7601147000, 0.6301771000)
(0.1645943000, -0.7503569000, 0.6401971000)
(0.1657403000, -0.7547399000, 0.6347246000)
(0.1626746000, -0.7523202000, 0.6383915000)
(0.1620174000, -0.7466431000, 0.6451861000)
(0.1501602000, -0.7588931000, 0.6336600000)
(0.1491356000, -0.7597784000, 0.6328226000)
(0.1533041000, -0.7482265000, 0.6454697000)
(0.1546137000, -0.7557806000, 0.6362997000)
(0.1579021000, -0.7532803000, 0.6384412000)
(0.1582135000, -0.7498952000, 0.6423504000)
(0.1635622000, -0.7438681000, 0.6479848000)
(0.1619275000, -0.7425116000, 0.6499451000)
(0.1524131000, -0.7403462000, 0.6547193000)
(0.1543743000, -0.7364390000, 0.6586379000)
(0.1561318000, -0.7351415000, 0.6596868000)
(0.1566845000, -0.7336022000, 0.6612481000)
(0.1585732000, -0.7324152000, 0.6621327000)
(0.1570536000, -0.7318188000, 0.6631333000)
(0.1575297000, -0.7315044000, 0.6633832000)
(0.1824329000, -0.7253994000, 0.6637045000)
(0.2040274000, -0.7268164000, 0.6558091000)
(0.2071654000, -0.7210510000, 0.6611822000)
(0.2006052000, -0.7279115000, 0.6556471000)
(0.2029013000, -0.7248129000, 0.6583803000)
(0.2066711000, -0.7221782000, 0.6600963000)
(0.2080823000, -0.7212903000, 0.6606333000)
(0.2064642000, -0.7226068000, 0.6596952000)
(0.2047618000, -0.7219051000, 0.6609834000)
(0.2100120000, -0.7205276000, 0.6608530000)
(0.2102164000, -0.7197101000, 0.6616756000)
(0.2061422000, -0.7192108000, 0.6634827000)
(0.2081415000, -0.7174327000, 0.6647950000)
(0.2055961000, -0.7195215000, 0.6633356000)
(0.2077743000, -0.7203353000, 0.6617596000)
(0.2011284000, -0.7217122000, 0.6623102000)
(0.2055832000, -0.7265837000, 0.6555926000)
(0.2074327000, -0.7247931000, 0.6569875000)
(0.2062886000, -0.7246979000, 0.6574587000)
(0.2087211000, -0.7247167000, 0.6566728000)
(0.2085868000, -0.7248096000, 0.6566036000)
(0.2086577000, -0.7251255000, 0.6562408000)
(0.2095456000, -0.7240655000, 0.6571155000)
(0.2098934000, -0.7239172000, 0.6571740000)
(0.2103053000, -0.7236078000, 0.6573766000)
(0.2102478000, -0.7262550000, 0.6544644000)
(0.2102085000, -0.7228810000, 0.6582191000)
(0.2151528000, -0.7214513000, 0.6581902000)
(0.2143344000, -0.7215806000, 0.6583064000)
(0.2134614000, -0.7201925000, 0.6601154000)
(0.2110037000, -0.7190418000, 0.6621559000)
(0.2055631000, -0.7190002000, 0.6638907000)
(0.2051110000, -0.7120057000, 0.6715421000)
(0.1924974000, -0.7296345000, 0.6561694000)
(0.0000000000, 0.0000000000, 0.0000000000)
(0.0000000000, 0.0000000000, 0.0000000000)
(0.0000000000, 0.0000000000, 0.0000000000)
(0.0000000000, 0.0000000000, 0.0000000000)
(0.0000000000, 0.0000000000, 0.0000000000)
(0.0000000000, 0.0000000000, 0.0000000000)
(0.0000000000, 0.0000000000, 0.0000000000)
(0.0000000000, 0.0000000000, 0.0000000000)
(0.2219062000, -0.7169683000, 0.6608410000)
(0.2250151000, -0.7133502000, 0.6636990000)
(0.2213061000, -0.7172091000, 0.6607631000)
(0.2248946000, -0.7162287000, 0.6606343000)
(0.2218213000, -0.7130902000, 0.6650319000)
(0.2243983000, -0.7184411000, 0.6583817000)
(0.2234605000, -0.7121197000, 0.6655239000)
(0.2231728000, -0.7127993000, 0.6648991000)
(0.2129363000, -0.7154702000, 0.6653969000)
(0.2215622000, -0.7197980000, 0.6578589000)
(0.2244308000, -0.7145795000, 0.6625701000)
(0.2249472000, -0.7117535000, 0.6654127000)
(0.2252455000, -0.7155442000, 0.6612360000)
(0.2231669000, -0.7154161000, 0.6620879000)
(0.2216364000, -0.7177194000, 0.6601114000)
(0.2262712000, -0.7154821000, 0.6609669000)
(0.2275285000, -0.7115384000, 0.6647797000)
(0.2230185000, -0.7126495000, 0.6651221000)
(0.2173914000, -0.7120142000, 0.6676427000)
(0.2130097000, -0.7142958000, 0.6666169000)
(0.2185303000, -0.7105811000, 0.6687989000)
(0.2188590000, -0.7101188000, 0.6691900000)
(0.2159169000, -0.7089500000, 0.6713706000)
(0.2231698000, -0.7076824000, 0.6703472000)
(0.2279883000, -0.7073621000, 0.6690684000)
(0.2271351000, -0.7084731000, 0.6681837000)
(0.2258080000, -0.7080264000, 0.6690892000)
(0.2254957000, -0.7070048000, 0.6702773000)
(0.2225328000, -0.7056298000, 0.6727182000)
(0.2209390000, -0.7061754000, 0.6726755000)
(0.2212852000, -0.7058148000, 0.6729262000)
(0.2230840000, -0.7045070000, 0.6737137000)
(0.2233805000, -0.7035162000, 0.6746570000)
(0.2229924000, -0.7049780000, 0.6732387000)
(0.2236347000, -0.7041698000, 0.6738706000)
(0.2187155000, -0.7063985000, 0.6731732000)
(0.2182485000, -0.7049541000, 0.6748264000)
(0.2188792000, -0.7032490000, 0.6764061000)
(0.2221405000, -0.7032654000, 0.6753243000)
(0.2232208000, -0.7035318000, 0.6746745000)
(0.2240007000, -0.7025247000, 0.6754751000)
(0.2241390000, -0.7024205000, 0.6755443000)
(0.2249576000, -0.7028557000, 0.6748020000)
(0.2235706000, -0.7011455000, 0.6770568000)
(0.2231478000, -0.7014083000, 0.6769180000)
(0.2244052000, -0.7012262000, 0.6766822000)
(0.2263114000, -0.7004969000, 0.6768113000)
(0.2238177000, -0.7007123000, 0.6774168000)
(0.2232560000, -0.7008116000, 0.6774926000)
(0.2226338000, -0.7007183000, 0.6778054000)
(0.2156593000, -0.7022018000, 0.6785249000)
(0.2147089000, -0.7043539000, 0.6765820000)
(0.2167190000, -0.7046870000, 0.6756002000)
(0.2221841000, -0.7015758000, 0.6770617000)
(0.2262294000, -0.6988975000, 0.6784850000)
(0.2338384000, -0.7036111000, 0.6710032000)
(0.2329734000, -0.7096056000, 0.6649475000)
(0.2307731000, -0.7077901000, 0.6676571000)
(0.2287944000, -0.7067289000, 0.6694454000)
(0.2270073000, -0.7066822000, 0.6701182000)
(0.2289195000, -0.7081442000, 0.6679249000)
(0.2286609000, -0.7095851000, 0.6664694000)
(0.2243465000, -0.7107338000, 0.6667164000)
(0.2208051000, -0.7093538000, 0.6693541000)
(0.2203423000, -0.7089972000, 0.6698902000)
(0.2204469000, -0.7079921000, 0.6709218000)
(0.2228984000, -0.7041429000, 0.6741472000)
(0.2261321000, -0.7008809000, 0.6764734000)
(0.2264473000, -0.6989066000, 0.6784014000)
(0.2266154000, -0.6987209000, 0.6785355000)
(0.2289841000, -0.6954101000, 0.6811467000)
(0.2289560000, -0.6965986000, 0.6799390000)
(0.2263109000, -0.6973379000, 0.6800722000)
(0.2268489000, -0.6990859000, 0.6780943000)
(0.2273000000, -0.7008144000, 0.6761445000)
(0.2250396000, -0.6994716000, 0.6782974000)
(0.2269865000, -0.7048893000, 0.6720139000)
(0.2274154000, -0.7035571000, 0.6732529000)
(0.2265777000, -0.7022063000, 0.6749562000)
(0.2270278000, -0.7020022000, 0.6750094000)
(0.2279915000, -0.7038922000, 0.6727048000)
(0.2276842000, -0.7028301000, 0.6739339000)
(0.2282293000, -0.7013370000, 0.6752892000)
(0.2257367000, -0.7018425000, 0.6755993000)
(0.2286367000, -0.7023458000, 0.6741003000)
(0.2239735000, -0.7000164000, 0.6780743000)
(0.2273913000, -0.7006648000, 0.6762661000)
(0.2235584000, -0.6994996000, 0.6787458000)
(0.2222916000, -0.7016001000, 0.6769907000)
(0.2225051000, -0.7004133000, 0.6781568000)
(0.2213859000, -0.6924082000, 0.6866792000)
(0.2253805000, -0.6913552000, 0.6864473000)
(0.2165984000, -0.7050671000, 0.6752312000)
(0.0000000000, 0.0000000000, 0.0000000000)
(0.0000000000, 0.0000000000, 0.0000000000)
(0.0000000000, 0.0000000000, 0.0000000000)
(0.0000000000, 0.0000000000, 0.0000000000)
(0.0000000000, 0.0000000000, 0.0000000000)
(0.0000000000, 0.0000000000, 0.0000000000)
(0.0000000000, 0.0000000000, 0.0000000000)
(0.0000000000, 0.0000000000, 0.0000000000)
(0.2145773000, -0.6973491000, 0.6838443000)
(0.2199237000, -0.6983088000, 0.6811652000)
(0.2249346000, -0.7010722000, 0.6766826000)
(0.2260364000, -0.6999441000, 0.6774819000)
(0.2163898000, -0.6992764000, 0.6813123000)
(0.2140473000, -0.6975084000, 0.6838544000)
(0.2072223000, -0.7101457000, 0.6728647000)
(0.2047446000, -0.7133441000, 0.6702168000)
(0.2118820000, -0.7097212000, 0.6718505000)
(0.2135953000, -0.7026370000, 0.6787281000)
(0.2167056000, -0.7000226000, 0.6804295000)
(0.2168355000, -0.7036936000, 0.6765945000)
(0.2116474000, -0.7078580000, 0.6738994000)
(0.2191297000, -0.7071059000, 0.6722781000)
(0.2153518000, -0.7081206000, 0.6724294000)
(0.2135493000, -0.7063034000, 0.6749171000)
(0.2121607000, -0.7089316000, 0.6725989000)
(0.2152480000, -0.7039771000, 0.6767987000)
(0.2133443000, -0.6997475000, 0.6817713000)
(0.2093701000, -0.6989794000, 0.6837987000)
(0.2151080000, -0.6906903000, 0.6904085000)
(0.2132571000, -0.7046764000, 0.6767169000)
(0.2063836000, -0.7016350000, 0.6819827000)
(0.2057405000, -0.6970717000, 0.6868384000)
(0.2090148000, -0.6964400000, 0.6864809000)
(0.2059258000, -0.6951257000, 0.6887454000)
(0.2050534000, -0.6954733000, 0.6886629000)
(0.2019754000, -0.6988631000, 0.6861256000)
(0.2052768000, -0.6998503000, 0.6841487000)
(0.2082184000, -0.7015117000, 0.6815402000)
(0.2096471000, -0.7014976000, 0.6811337000)
(0.2090138000, -0.7016842000, 0.6811270000)
(0.2073312000, -0.7007651000, 0.6825837000)
(0.2065286000, -0.6995991000, 0.6840342000)
(0.2072014000, -0.6981037000, 0.6853576000)
(0.2065945000, -0.6988482000, 0.6847654000)
(0.2056079000, -0.7010263000, 0.6828317000)
(0.2055737000, -0.7011126000, 0.6827635000)
(0.2076489000, -0.7029804000, 0.6802119000)
(0.2098511000, -0.7028700000, 0.6796557000)
(0.2063906000, -0.7086308000, 0.6746984000)
(0.0000000000, 0.0000000000, 0.0000000000)
(0.0000000000, 0.0000000000, 0.0000000000)
(0.0000000000, 0.0000000000, 0.0000000000)
(0.0000000000, 0.0000000000, 0.0000000000)
(0.0000000000, 0.0000000000, 0.0000000000)
(0.0000000000, 0.0000000000, 0.0000000000)
(0.0000000000, 0.0000000000, 0.0000000000)
(0.0000000000, 0.0000000000, 0.0000000000)
(0.0000000000, 0.0000000000, 0.0000000000)
(0.2045234000, -0.7041301000, 0.6799687000)
(0.2020965000, -0.7068888000, 0.6778340000)
(0.2054866000, -0.7027900000, 0.6810731000)
(0.2035758000, -0.7036318000, 0.6807706000)
(0.2018683000, -0.7051782000, 0.6796811000)
(0.2106831000, -0.7040753000, 0.6781414000)
(0.2067237000, -0.7131436000, 0.6698335000)
(0.2131568000, -0.7120557000, 0.6689625000)
(0.1976849000, -0.7112171000, 0.6745918000)
(0.1933008000, -0.7142721000, 0.6726254000)
(0.1952181000, -0.7133279000, 0.6730910000)
(0.1971282000, -0.7127810000, 0.6730997000)
(0.1970023000, -0.7117620000, 0.6742164000)
(0.1959410000, -0.7138422000, 0.6723225000)
(0.1983436000, -0.7120025000, 0.6735598000)
(0.2014498000, -0.7140617000, 0.6704689000)
(0.2027141000, -0.7144396000, 0.6696756000)
(0.1916549000, -0.7164791000, 0.6707522000)
(0.1917728000, -0.7168178000, 0.6703520000)
(0.1930207000, -0.7180333000, 0.6686927000)
(0.1956634000, -0.7172781000, 0.6687385000)
(0.2029966000, -0.7155287000, 0.6684349000)
(0.1999535000, -0.7164292000, 0.6683882000)
(0.1983522000, -0.7161505000, 0.6691471000)
(0.1973981000, -0.7145855000, 0.6711165000)
(0.1975068000, -0.7148572000, 0.6707799000)
(0.1978691000, -0.7156485000, 0.6698442000)
(0.1975431000, -0.7191706000, 0.6661588000)
(0.1973371000, -0.7187228000, 0.6666930000)
(0.1996219000, -0.7162535000, 0.6686741000)
(0.2001252000, -0.7135522000, 0.6714064000)
(0.2031025000, -0.7149577000, 0.6690095000)
(0.2012683000, -0.7161282000, 0.6683000000)
(0.2019043000, -0.7143357000, 0.6700233000)
(0.2053124000, -0.7122763000, 0.6711985000)
(0.2068665000, -0.7122613000, 0.6707242000)
(0.2094498000, -0.7140792000, 0.6679850000)
(0.2052071000, -0.7165975000, 0.6666002000)
(0.2025404000, -0.7130722000, 0.6711812000)
(0.2082586000, -0.7136765000, 0.6687979000)
(0.2022675000, -0.7122408000, 0.6721434000)
(0.2013853000, -0.7115897000, 0.6731119000)
(0.1885491000, -0.7216536000, 0.6660780000)
(0.0000000000, 0.0000000000, 0.0000000000)
(0.0000000000, 0.0000000000, 0.0000000000)
(0.0000000000, 0.0000000000, 0.0000000000)
(0.0000000000, 0.0000000000, 0.0000000000)
(0.0000000000, 0.0000000000, 0.0000000000)
(0.0000000000, 0.0000000000, 0.0000000000)
(0.0000000000, 0.0000000000, 0.0000000000)
(0.0000000000, 0.0000000000, 0.0000000000)
(0.0000000000, 0.0000000000, 0.0000000000)
(0.0000000000, 0.0000000000, 0.0000000000)
(0.1993893000, -0.7305351000, 0.6531057000)
(0.1948101000, -0.7192659000, 0.6668503000)
(0.1940412000, -0.7305740000, 0.6546813000)
(0.1888800000, -0.7376975000, 0.6481546000)
(0.1991235000, -0.7302262000, 0.6535217000)
(0.1960962000, -0.7278672000, 0.6570629000)
(0.1981535000, -0.7244895000, 0.6601747000)
(0.2013281000, -0.7233281000, 0.6604913000)
(0.2047894000, -0.7211981000, 0.6617574000)
(0.2019990000, -0.7279432000, 0.6551982000)
(0.2044169000, -0.7223123000, 0.6606451000)
(0.2029596000, -0.7179706000, 0.6658179000)
(0.2036972000, -0.7210076000, 0.6622978000)
(0.1790143000, -0.7205941000, 0.6698416000)
(0.1838659000, -0.7184331000, 0.6708375000)
(0.1767762000, -0.7192713000, 0.6718440000)
(0.1769186000, -0.7208597000, 0.6701175000)
(0.1796708000, -0.7219679000, 0.6681864000)
(0.1774475000, -0.7237626000, 0.6668350000)
(0.1779336000, -0.7194633000, 0.6713330000)
(0.1753604000, -0.7268102000, 0.6640638000)
(0.1784586000, -0.7383693000, 0.6503491000)
(0.1796345000, -0.7396572000, 0.6485591000)
(0.1799897000, -0.7401519000, 0.6478926000)
(0.1801950000, -0.7404289000, 0.6475219000)
(0.1756427000, -0.7386572000, 0.6507750000)
(0.1854981000, -0.7311455000, 0.6565109000)
(0.1794024000, -0.7266114000, 0.6632054000)
(0.1765926000, -0.7286953000, 0.6616681000)
(0.1758370000, -0.7308835000, 0.6594579000)
(0.1766297000, -0.7310391000, 0.6590687000)
(0.1794342000, -0.7351291000, 0.6537412000)
(0.1803608000, -0.7300228000, 0.6591889000)
(0.1792849000, -0.7270793000, 0.6627150000)
(0.1824438000, -0.7323031000, 0.6560598000)
(0.1846960000, -0.7329856000, 0.6546687000)
(0.1837947000, -0.7342460000, 0.6535278000)
(0.1838925000, -0.7331433000, 0.6547197000)
(0.1837415000, -0.7316917000, 0.6563788000)
(0.1768246000, -0.7313856000, 0.6586375000)
(0.1730749000, -0.7305292000, 0.6605783000)
(0.1731695000, -0.7291636000, 0.6620581000)
(0.1687248000, -0.7321327000, 0.6599336000)
(0.1746877000, -0.7279036000, 0.6630503000)
(0.1724685000, -0.7283835000, 0.6631001000)
(0.1713241000, -0.7247648000, 0.6673426000)
(0.1711736000, -0.7278267000, 0.6640387000)
(0.1795470000, -0.7233816000, 0.6666805000)
(0.1758125000, -0.7355917000, 0.6542077000)
(0.0000000000, 0.0000000000, 0.0000000000)
(0.0000000000, 0.0000000000, 0.0000000000)
(0.0000000000, 0.0000000000, 0.0000000000)
(0.0000000000, 0.0000000000, 0.0000000000)
(0.0000000000, 0.0000000000, 0.0000000000)
(0.0000000000, 0.0000000000, 0.0000000000)
(0.0000000000, 0.0000000000, 0.0000000000)
(0.1755082000, -0.7190554000, 0.6724062000)
(0.1662830000, -0.7188823000, 0.6749315000)
(0.1649807000, -0.7191067000, 0.6750155000)
(0.1693614000, -0.7166393000, 0.6765631000)
(0.1737073000, -0.7173427000, 0.6746950000)
(0.1814965000, -0.7203917000, 0.6693827000)
(0.1790181000, -0.7201613000, 0.6703061000)
(0.1839133000, -0.7238834000, 0.6649357000)
(0.1817634000, -0.7272542000, 0.6618461000)
(0.1722963000, -0.7209800000, 0.6711791000)
(0.1716277000, -0.7213707000, 0.6709362000)
(0.1697002000, -0.7234259000, 0.6692184000)
(0.1758872000, -0.7237819000, 0.6672255000)
(0.1751445000, -0.7248687000, 0.6662416000)
(0.1778088000, -0.7261033000, 0.6641745000)
(0.1849003000, -0.7196957000, 0.6692058000)
(0.1806059000, -0.7260593000, 0.6634679000)
(0.1795518000, -0.7246528000, 0.6652936000)
(0.1797906000, -0.7209897000, 0.6691996000)
(0.1667739000, -0.7507719000, 0.6391425000)
(0.0000000000, 0.0000000000, 0.0000000000)
(0.0000000000, 0.0000000000, 0.0000000000)
(0.0000000000, 0.0000000000, 0.0000000000)
(0.0000000000, 0.0000000000, 0.0000000000)
(0.0000000000, 0.0000000000, 0.0000000000)
(0.0000000000, 0.0000000000, 0.0000000000)
(0.0000000000, 0.0000000000, 0.0000000000)
(0.0000000000, 0.0000000000, 0.0000000000)
(0.0000000000, 0.0000000000, 0.0000000000)
(0.1710512000, -0.7227554000, 0.6695815000)
(0.1720878000, -0.7153233000, 0.6772608000)
(0.1785395000, -0.7167394000, 0.6740816000)
(0.1767784000, -0.7159410000, 0.6753973000)
(0.1729302000, -0.7236291000, 0.6681685000)
(0.1782666000, -0.7208928000, 0.6697103000)
(0.1727530000, -0.7284769000, 0.6629293000)
(0.1700716000, -0.7257171000, 0.6666273000)
(0.1761774000, -0.7292061000, 0.6612183000)
(0.1621148000, -0.7159109000, 0.6790937000)
(0.1659849000, -0.7151954000, 0.6789176000)
(0.1731550000, -0.7242081000, 0.6674839000)
(0.1718056000, -0.7221166000, 0.6700870000)
(0.1730483000, -0.7179053000, 0.6742780000)
(0.1741095000, -0.7254873000, 0.6658452000)
(0.1733323000, -0.7264735000, 0.6649702000)
(0.1739270000, -0.7265850000, 0.6646919000)
(0.1745619000, -0.7278559000, 0.6631240000)
(0.1701529000, -0.7281144000, 0.6639842000)
(0.1705029000, -0.7265893000, 0.6655589000)
(0.1702405000, -0.7241881000, 0.6682427000)
(0.1696249000, -0.7230413000, 0.6696529000)
(0.1695207000, -0.7228885000, 0.6698334000)
(0.1659032000, -0.7219521000, 0.6717409000)
(0.1674967000, -0.7235375000, 0.6696527000)
(0.1653376000, -0.7232348000, 0.6704977000)
(0.1682233000, -0.7271710000, 0.6655118000)
(0.1745825000, -0.7254281000, 0.6657764000)
(0.1753193000, -0.7259541000, 0.6649989000)
(0.1764779000, -0.7249371000, 0.6658140000)
(0.1774286000, -0.7251409000, 0.6653306000)
(0.1776796000, -0.7247941000, 0.6656443000)
(0.1767281000, -0.7255562000, 0.6650680000)
(0.1760852000, -0.7241237000, 0.6668098000)
(0.1748226000, -0.7233976000, 0.6679089000)
(0.1744057000, -0.7237627000, 0.6676270000)
(0.1732088000, -0.7213544000, 0.6705445000)
(0.1715869000, -0.7190686000, 0.6734094000)
(0.1602535000, -0.7219723000, 0.6731039000)
(0.1581602000, -0.7234135000, 0.6720361000)
(0.1590863000, -0.7231321000, 0.6721189000)
(0.1674745000, -0.7202650000, 0.6731702000)
(0.1766022000, -0.7171552000, 0.6741643000)
(0.1747149000, -0.7203138000, 0.6712696000)
(0.1747008000, -0.7196096000, 0.6720363000)
(0.1687574000, -0.7150168000, 0.6784207000)
(0.1706543000, -0.7136807000, 0.6793512000)
(0.1673136000, -0.7141498000, 0.6796976000)
(0.1723530000, -0.7108787000, 0.6818523000)
(0.1723134000, -0.7148241000, 0.6777315000)
(0.1744251000, -0.7115303000, 0.6806437000)
(0.1724262000, -0.7133973000, 0.6791951000)
(0.1677252000, -0.7141322000, 0.6796004000)
(0.1698630000, -0.7350130000, 0.6564128000)
(0.0000000000, 0.0000000000, 0.0000000000)
(0.0000000000, 0.0000000000, 0.0000000000)
(0.0000000000, 0.0000000000, 0.0000000000)
(0.0000000000, 0.0000000000, 0.0000000000)
(0.1689055000, -0.7621617000, 0.6249501000)
(0.1638749000, -0.7396029000, 0.6527764000)
(0.1560919000, -0.7277898000, 0.6677832000)
(0.1578303000, -0.7385901000, 0.6554064000)
(0.1590166000, -0.7351459000, 0.6589859000)
(0.1559046000, -0.7248047000, 0.6710702000)
(0.1553105000, -0.7351382000, 0.6598660000)
(0.1589152000, -0.7313924000, 0.6631683000)
(0.1634299000, -0.7334991000, 0.6597344000)
(0.1596303000, -0.7366742000, 0.6571249000)
(0.1554828000, -0.7350352000, 0.6599482000)
(0.1571282000, -0.7375559000, 0.6567469000)
(0.1557418000, -0.7665323000, 0.6230306000)
(0.0983812600, -0.8892695000, 0.4466463000)
(0.0000000000, 0.0000000000, 0.0000000000)
(0.0000000000, 0.0000000000, 0.0000000000)
(0.0000000000, 0.0000000000, 0.0000000000)
(0.0000000000, 0.0000000000, 0.0000000000)
(0.0000000000, 0.0000000000, 0.0000000000)
(0.0000000000, 0.0000000000, 0.0000000000)
(0.0000000000, 0.0000000000, 0.0000000000)
(0.0000000000, 0.0000000000, 0.0000000000)
(0.0000000000, 0.0000000000, 0.0000000000)
(0.0000000000, 0.0000000000, 0.0000000000)
(0.1697871000, -0.7273828000, 0.6648816000)
(0.1684681000, -0.7250289000, 0.6677819000)
(0.1712268000, -0.7215270000, 0.6708639000)
(0.1675000000, -0.7278605000, 0.6649479000)
(0.1682681000, -0.7349874000, 0.6568503000)
(0.1709671000, -0.7348519000, 0.6563235000)
(0.1716449000, -0.7320029000, 0.6593192000)
(0.1714485000, -0.7333730000, 0.6578357000)
(0.1608244000, -0.7336587000, 0.6602066000)
(0.1722534000, -0.7299400000, 0.6614258000)
(0.1732606000, -0.7324923000, 0.6583501000)
(0.1757136000, -0.7318658000, 0.6584007000)
(0.1754881000, -0.7331576000, 0.6570123000)
(0.1728133000, -0.7331210000, 0.6577536000)
(0.1736368000, -0.7297735000, 0.6612543000)
(0.1704038000, -0.7369244000, 0.6541308000)
(0.1722219000, -0.7377737000, 0.6527076000)
(0.1695210000, -0.7419115000, 0.6487110000)
(0.1695494000, -0.7420742000, 0.6485102000)
(0.1728819000, -0.7449805000, 0.6442925000)
(0.1753872000, -0.7407821000, 0.6484362000)
(0.1691101000, -0.7410346000, 0.6498196000)
(0.1709242000, -0.7397013000, 0.6508489000)
(0.1705863000, -0.7350316000, 0.6562080000)
(0.1712204000, -0.7347817000, 0.6563212000)
(0.1736924000, -0.7321026000, 0.6586611000)
(0.1701130000, -0.7334859000, 0.6580510000)
(0.1701373000, -0.7335971000, 0.6579296000)
(0.1699691000, -0.7342258000, 0.6572787000)
(0.1704653000, -0.7336379000, 0.6577982000)
(0.1707217000, -0.7341330000, 0.6571836000)
(0.1705170000, -0.7320308000, 0.6595718000)
(0.1728782000, -0.7273316000, 0.6641431000)
(0.1745308000, -0.7272571000, 0.6637910000)
(0.1772265000, -0.7278317000, 0.6624391000)
(0.1744048000, -0.7355940000, 0.6545826000)
(0.1742909000, -0.7329331000, 0.6575846000)
(0.1757566000, -0.7310279000, 0.6593204000)
(0.1782553000, -0.7223535000, 0.6681428000)
(0.1731631000, -0.7232164000, 0.6685373000)
(0.1723154000, -0.7301415000, 0.6611885000)
(0.1709959000, -0.7279044000, 0.6640115000)
(0.1684286000, -0.7219288000, 0.6711389000)
(0.1721787000, -0.7231680000, 0.6688619000)
(0.1717851000, -0.7368580000, 0.6538374000)
(0.0000000000, 0.0000000000, 0.0000000000)
(0.0000000000, 0.0000000000, 0.0000000000)
(0.0000000000, 0.0000000000, 0.0000000000)
(0.0000000000, 0.0000000000, 0.0000000000)
(0.0000000000, 0.0000000000, 0.0000000000)
(0.0000000000, 0.0000000000, 0.0000000000)
(0.0000000000, 0.0000000000, 0.0000000000)
(0.0000000000, 0.0000000000, 0.0000000000)
(0.0000000000, 0.0000000000, 0.0000000000)
(0.0000000000, 0.0000000000, 0.0000000000)
(0.0000000000, 0.0000000000, 0.0000000000)
(0.0000000000, 0.0000000000, 0.0000000000)
(0.1677662000, -0.7298015000, 0.6627441000)
(0.1665780000, -0.7297367000, 0.6631072000)
(0.1713811000, -0.7283487000, 0.6634147000)
(0.1705741000, -0.7263579000, 0.6658113000)
(0.1716465000, -0.7303945000, 0.6610848000)
(0.1734284000, -0.7296345000, 0.6614668000)
(0.1707787000, -0.7259920000, 0.6661580000)
(0.1690768000, -0.7269524000, 0.6655250000)
(0.1687748000, -0.7269907000, 0.6655603000)
(0.1689704000, -0.7263460000, 0.6662284000)
(0.1760793000, -0.7222533000, 0.6688366000)
(0.1749922000, -0.7215554000, 0.6698629000)
(0.1712282000, -0.7227589000, 0.6695446000)
(0.1753127000, -0.7194762000, 0.6720098000)
(0.1741538000, -0.7173836000, 0.6745462000)
(0.1745405000, -0.7193054000, 0.6723869000)
(0.1735690000, -0.7229180000, 0.6687742000)
(0.1697962000, -0.7256188000, 0.6668036000)
(0.1724634000, -0.7238654000, 0.6680342000)
(0.1713536000, -0.7249430000, 0.6671465000)
(0.1711735000, -0.7252663000, 0.6668349000)
(0.1717082000, -0.7265235000, 0.6653198000)
(0.1708955000, -0.7270959000, 0.6649068000)
(0.1704748000, -0.7281258000, 0.6638835000)
(0.1725788000, -0.7286976000, 0.6627256000)
(0.1705102000, -0.7312650000, 0.6604368000)
(0.1707915000, -0.7324103000, 0.6590792000)
(0.1721211000, -0.7305287000, 0.6608310000)
(0.1718763000, -0.7303982000, 0.6610266000)
(0.1724320000, -0.7276886000, 0.6638724000)
(0.1724475000, -0.7270972000, 0.6645129000)
(0.1715578000, -0.7269861000, 0.6648645000)
(0.1721513000, -0.7268633000, 0.6648552000)
(0.1721343000, -0.7255257000, 0.6663189000)
(0.1712980000, -0.7257681000, 0.6662512000)
(0.1707675000, -0.7258984000, 0.6662512000)
(0.1711929000, -0.7250397000, 0.6670678000)
(0.1712836000, -0.7253044000, 0.6667740000)
(0.1712599000, -0.7252250000, 0.6668673000)
(0.1706013000, -0.7257708000, 0.6664424000)
(0.1701543000, -0.7257931000, 0.6665140000)
(0.1702294000, -0.7255376000, 0.6667902000)
(0.1701584000, -0.7249471000, 0.6674418000)
(0.1692256000, -0.7251818000, 0.6674238000)
(0.1694395000, -0.7269100000, 0.6654924000)
(0.1693068000, -0.7263947000, 0.6660737000)
(0.1691632000, -0.7261008000, 0.6664479000)
(0.1685482000, -0.7263757000, 0.6662881000)
(0.1681968000, -0.7268836000, 0.6658258000)
(0.1699027000, -0.7261672000, 0.6661783000)
(0.1695807000, -0.7247231000, 0.6678251000)
(0.1696376000, -0.7258602000, 0.6665809000)
(0.1691762000, -0.7254705000, 0.6671203000)
(0.1688185000, -0.7256151000, 0.6670684000)
(0.1689044000, -0.7261924000, 0.6664185000)
(0.1686529000, -0.7256777000, 0.6670257000)
(0.1685904000, -0.7261034000, 0.6665760000)
(0.1699444000, -0.7250376000, 0.6673978000)
(0.1705490000, -0.7247312000, 0.6675853000)
(0.1704028000, -0.7250118000, 0.6673068000)
(0.1697078000, -0.7239376000, 0.6686466000)
(0.1700787000, -0.7242052000, 0.6682735000)
(0.1703852000, -0.7238030000, 0.6686184000)
(0.1698225000, -0.7238467000, 0.6687142000)
(0.1702839000, -0.7232735000, 0.6692342000)
(0.1699881000, -0.7232414000, 0.6693405000)
(0.1691768000, -0.7233578000, 0.6694053000)
(0.1691342000, -0.7223146000, 0.6705496000)
(0.1686967000, -0.7232977000, 0.6696016000)
(0.1669236000, -0.7236323000, 0.6696879000)
(0.1673925000, -0.7252300000, 0.6678245000)
(0.1683102000, -0.7242507000, 0.6686662000)
(0.1682864000, -0.7244200000, 0.6684918000)
(0.1684379000, -0.7249056000, 0.6679175000)
(0.1687358000, -0.7250777000, 0.6676555000)
(0.1684833000, -0.7259385000, 0.6668015000)
(0.1681713000, -0.7262361000, 0.6665519000)
(0.1679944000, -0.7266256000, 0.6661572000)
(0.1681688000, -0.7260427000, 0.6667553000)
(0.1686088000, -0.7256118000, 0.6671140000)
(0.1686068000, -0.7254163000, 0.6673179000)
(0.1691027000, -0.7253931000, 0.6672212000)
(0.1693115000, -0.7256346000, 0.6669064000)
(0.1685885000, -0.7250825000, 0.6676937000)
(0.1677731000, -0.7269649000, 0.6658614000)
(0.1681838000, -0.7265640000, 0.6661746000)
(0.1680920000, -0.7268505000, 0.6658889000)
(0.1684708000, -0.7263508000, 0.6663489000)
(0.1676878000, -0.7259541000, 0.6669818000)
(0.1671991000, -0.7258363000, 0.6672314000)
(0.1672535000, -0.7263668000, 0.6666442000)
(0.1672429000, -0.7252607000, 0.6678355000)
(0.1672007000, -0.7249084000, 0.6682429000)
(0.1671777000, -0.7244806000, 0.6687071000)
(0.1670406000, -0.7242795000, 0.6689570000)
(0.1675196000, -0.7243128000, 0.6687980000)
(0.1675987000, -0.7246108000, 0.6684482000)
(0.1699277000, -0.7227248000, 0.6699007000)
(0.1726106000, -0.7207235000, 0.6713736000)
(0.1721171000, -0.7256410000, 0.6661948000)
(0.1078944000, -0.8595694000, 0.4994636000)
(0.0000000000, 0.0000000000, 0.0000000000)
(0.0000000000, 0.0000000000, 0.0000000000)
(0.0000000000, 0.0000000000, 0.0000000000)
(0.0000000000, 0.0000000000, 0.0000000000)
(0.0000000000, 0.0000000000, 0.0000000000)
(0.0000000000, 0.0000000000, 0.0000000000)
(0.0000000000, 0.0000000000, 0.0000000000)
(0.0000000000, 0.0000000000, 0.0000000000)
(0.0000000000, 0.0000000000, 0.0000000000)
(0.1448710000, -0.7351535000, 0.6622266000)
(0.1517223000, -0.7306826000, 0.6656336000)
(0.1602268000, -0.7307261000, 0.6635799000)
(0.1549229000, -0.7319242000, 0.6635245000)
(0.1591545000, -0.7310788000, 0.6634684000)
(0.1524116000, -0.7258285000, 0.6707633000)
(0.1610943000, -0.7302842000, 0.6638550000)
(0.1517631000, -0.7275339000, 0.6690511000)
(0.1481130000, -0.7232241000, 0.6745291000)
(0.1525434000, -0.7323605000, 0.6636085000)
(0.1550902000, -0.7326776000, 0.6626599000)
(0.1527596000, -0.7304428000, 0.6656696000)
(0.1501884000, -0.7307181000, 0.6659362000)
(0.1511439000, -0.7313185000, 0.6650666000)
(0.1510064000, -0.7328843000, 0.6633758000)
(0.1497407000, -0.7315358000, 0.6651365000)
(0.1481620000, -0.7313787000, 0.6656684000)
(0.1492233000, -0.7277002000, 0.6694571000)
(0.1470275000, -0.7264162000, 0.6713279000)
(0.1466459000, -0.7267638000, 0.6710446000)
(0.1467053000, -0.7269102000, 0.6708668000)
(0.1459763000, -0.7294995000, 0.6682167000)
(0.1477521000, -0.7287078000, 0.6686920000)
(0.1488804000, -0.7287033000, 0.6684389000)
(0.1528245000, -0.7328613000, 0.6629840000)
(0.1530846000, -0.7343324000, 0.6613005000)
(0.1529027000, -0.7319110000, 0.6640087000)
(0.1525233000, -0.7289422000, 0.6673619000)
(0.1513707000, -0.7279578000, 0.6686884000)
(0.1505131000, -0.7273238000, 0.6695662000)
(0.1488095000, -0.7260190000, 0.6713582000)
(0.1478025000, -0.7256752000, 0.6719622000)
(0.1470678000, -0.7254595000, 0.6723587000)
(0.1474134000, -0.7254280000, 0.6723064000)
(0.1481359000, -0.7238532000, 0.6738451000)
(0.1464664000, -0.7242596000, 0.6737694000)
(0.1458718000, -0.7240120000, 0.6741722000)
(0.1458379000, -0.7250433000, 0.6730652000)
(0.1457084000, -0.7254118000, 0.6727129000)
(0.1468228000, -0.7252507000, 0.6726452000)
(0.1472279000, -0.7249041000, 0.6729200000)
(0.1473268000, -0.7248095000, 0.6730036000)
(0.1475851000, -0.7245861000, 0.6731840000)
(0.1479802000, -0.7237419000, 0.6739993000)
(0.1479678000, -0.7248295000, 0.6728326000)
(0.1497676000, -0.7202743000, 0.6773209000)
(0.1501769000, -0.7202401000, 0.6772600000)
(0.1504118000, -0.7197003000, 0.6777842000)
(0.1504085000, -0.7200952000, 0.6773533000)
(0.1505844000, -0.7211117000, 0.6762522000)
(0.1523855000, -0.7195365000, 0.6775098000)
(0.1515509000, -0.7189701000, 0.6782992000)
(0.1519398000, -0.7199886000, 0.6771369000)
(0.1521727000, -0.7195398000, 0.6775518000)
(0.1504391000, -0.7203022000, 0.6771359000)
(0.1523667000, -0.7184435000, 0.6786763000)
(0.1508934000, -0.7172019000, 0.6803119000)
(0.1491948000, -0.7166389000, 0.6812785000)
(0.1500713000, -0.7169275000, 0.6807909000)
(0.1512085000, -0.7173722000, 0.6800751000)
(0.1527666000, -0.7176598000, 0.6794184000)
(0.1529549000, -0.7179235000, 0.6790991000)
(0.1533125000, -0.7183223000, 0.6786023000)
(0.1532915000, -0.7172908000, 0.6796944000)
(0.1557317000, -0.7166435000, 0.6798180000)
(0.1551351000, -0.7155015000, 0.6811497000)
(0.1492124000, -0.7171949000, 0.6806949000)
(0.1495915000, -0.7194768000, 0.6781981000)
(0.1480969000, -0.7202539000, 0.6777121000)
(0.1465872000, -0.7220342000, 0.6761284000)
(0.1451353000, -0.7217137000, 0.6768010000)
(0.1440912000, -0.7219322000, 0.6767914000)
(0.1443907000, -0.7209373000, 0.6777711000)
(0.1444699000, -0.7200087000, 0.6787376000)
(0.1439444000, -0.7201247000, 0.6787287000)
(0.1438509000, -0.7197606000, 0.6791511000)
(0.1439545000, -0.7207515000, 0.6780597000)
(0.1435289000, -0.7207964000, 0.6781200000)
(0.1437144000, -0.7221680000, 0.6766174000)
(0.1429490000, -0.7223872000, 0.6765335000)
(0.1416175000, -0.7225479000, 0.6766439000)
(0.1418847000, -0.7222911000, 0.6768638000)
(0.1438625000, -0.7218504000, 0.6769164000)
(0.1455942000, -0.7213740000, 0.6770558000)
(0.1452348000, -0.7218695000, 0.6766123000)
(0.1453522000, -0.7212761000, 0.6772209000)
(0.1453950000, -0.7207728000, 0.6777422000)
(0.1456295000, -0.7206663000, 0.6777925000)
(0.1459569000, -0.7204034000, 0.6780041000)
(0.1459335000, -0.7199991000, 0.6784530000)
(0.1446428000, -0.7196797000, 0.6790678000)
(0.1446368000, -0.7199481000, 0.6787800000)
(0.1452966000, -0.7200310000, 0.6785418000)
(0.1449934000, -0.7192886000, 0.6793894000)
(0.1447410000, -0.7197801000, 0.6789273000)
(0.1450478000, -0.7200351000, 0.6785971000)
(0.1456812000, -0.7201405000, 0.6783474000)
(0.1456704000, -0.7206513000, 0.6778194000)
(0.1469002000, -0.7195522000, 0.6786997000)
(0.1471443000, -0.7187141000, 0.6795388000)
(0.1480420000, -0.7200357000, 0.6779463000)
(0.1481450000, -0.7203139000, 0.6776245000)
(0.1494530000, -0.7197338000, 0.6779520000)
(0.1483406000, -0.7195143000, 0.6784461000)
(0.1482277000, -0.7193712000, 0.6786029000)
(0.1483627000, -0.7194748000, 0.6784831000)
(0.1501266000, -0.7204051000, 0.6770888000)
(0.1513400000, -0.7203055000, 0.6769289000)
(0.1500911000, -0.7201688000, 0.6773449000)
(0.1498557000, -0.7203382000, 0.6772314000)
(0.1506471000, -0.7205529000, 0.6768327000)
(0.1508660000, -0.7206901000, 0.6766403000)
(0.1539073000, -0.7203510000, 0.6763064000)
(0.1538973000, -0.7203083000, 0.6763614000)
(0.1557046000, -0.7199821000, 0.6762776000)
(0.1558318000, -0.7197698000, 0.6764746000)
(0.1554923000, -0.7199864000, 0.6763396000)
(0.1554777000, -0.7200944000, 0.6762161000)
(0.1545762000, -0.7194890000, 0.6770706000)
(0.1544246000, -0.7196208000, 0.6769564000)
(0.1536055000, -0.7195383000, 0.6772370000)
(0.1535012000, -0.7189952000, 0.6778334000)
(0.1538653000, -0.7186476000, 0.6781284000)
(0.1542628000, -0.7183374000, 0.6783611000)
(0.1533986000, -0.7189115000, 0.6779473000)
(0.1533148000, -0.7191744000, 0.6776953000)
(0.1535599000, -0.7192307000, 0.6775694000)
(0.1535221000, -0.7182798000, 0.6785894000)
(0.1523712000, -0.7167642000, 0.6804497000)
(0.1518258000, -0.7201724000, 0.6769665000)
(0.1524182000, -0.7188577000, 0.6782213000)
(0.1484332000, -0.7158775000, 0.6822435000)
(0.1373018000, -0.7178335000, 0.6825234000)
(0.1422628000, -0.7317030000, 0.6665946000)
(0.1512094000, -0.7211313000, 0.6760803000)
(0.1471077000, -0.7213755000, 0.6767313000)
(0.1523003000, -0.7140947000, 0.6832713000)
(0.1527474000, -0.7216535000, 0.6751735000)
(0.1568341000, -0.7248337000, 0.6708260000)
(0.1611814000, -0.7225405000, 0.6722632000)
(0.1441367000, -0.7246020000, 0.6739158000)
(0.1483482000, -0.7198967000, 0.6780353000)
(0.1546447000, -0.7166058000, 0.6801072000)
(0.1489805000, -0.7187157000, 0.6791475000)
(0.1491984000, -0.7136874000, 0.6843694000)
(0.1496007000, -0.7164261000, 0.6814260000)
(0.1545706000, -0.7173177000, 0.6793686000)
(0.1575755000, -0.7222884000, 0.6733913000)
(0.1572915000, -0.7236779000, 0.6719567000)
(0.1577962000, -0.7237622000, 0.6717581000)
(0.1566762000, -0.7238370000, 0.6719380000)
(0.1559041000, -0.7240145000, 0.6719143000)
(0.1562397000, -0.7192160000, 0.6769764000)
(0.1557097000, -0.7188315000, 0.6775005000)
(0.1529770000, -0.7182994000, 0.6787006000)
(0.1513806000, -0.7172477000, 0.6801549000)
(0.1548419000, -0.7171174000, 0.6795218000)
(0.1549320000, -0.7183574000, 0.6781886000)
(0.1549022000, -0.7190734000, 0.6774422000)
(0.1551232000, -0.7185218000, 0.6779663000)
(0.1550722000, -0.7192771000, 0.6771828000)
(0.1538493000, -0.7177971000, 0.6790239000)
(0.1545844000, -0.7181659000, 0.6784627000)
(0.1541886000, -0.7188290000, 0.6778632000)
(0.1531524000, -0.7192304000, 0.6776704000)
(0.1522700000, -0.7169591000, 0.6802807000)
(0.1518889000, -0.7152445000, 0.6821653000)
(0.1513204000, -0.7149280000, 0.6826078000)
(0.1497603000, -0.7159523000, 0.6818905000)
(0.1506215000, -0.7165269000, 0.6810881000)
(0.1510097000, -0.7165174000, 0.6810088000)
(0.1510444000, -0.7166187000, 0.6809102000)
(0.1510399000, -0.7163268000, 0.6812006000)
(0.1514547000, -0.7161136000, 0.6813508000)
(0.1512592000, -0.7156453000, 0.6818791000)
(0.1508831000, -0.7159318000, 0.6816554000)
(0.1500627000, -0.7157574000, 0.6820302000)
(0.1495556000, -0.7166886000, 0.6811497000)
(0.1499477000, -0.7145789000, 0.6832768000)
(0.1509067000, -0.7152468000, 0.6823633000)
(0.1514314000, -0.7144749000, 0.6830738000)
(0.1514548000, -0.7161149000, 0.6813458000)
(0.1518790000, -0.7163100000, 0.6810338000)
(0.1528538000, -0.7162901000, 0.6808336000)
(0.1533159000, -0.7161769000, 0.6808577000)
(0.1531347000, -0.7161019000, 0.6809720000)
(0.1528132000, -0.7148643000, 0.6823431000)
(0.1511162000, -0.7152500000, 0.6823245000)
(0.1506189000, -0.7147348000, 0.6829637000)
(0.1508676000, -0.7138749000, 0.6838259000)
(0.1509582000, -0.7143517000, 0.6832875000)
(0.1509101000, -0.7141769000, 0.6834893000)
(0.1507510000, -0.7136936000, 0.6840330000)
(0.1498818000, -0.7135819000, 0.6843399000)
(0.1499094000, -0.7134415000, 0.6844705000)
(0.1507270000, -0.7140006000, 0.6837229000)
(0.1504629000, -0.7140417000, 0.6837236000)
(0.1500183000, -0.7144760000, 0.6833802000)
(0.1500324000, -0.7144964000, 0.6833578000)
(0.1497205000, -0.7147509000, 0.6831475000)
(0.1490835000, -0.7149381000, 0.6831074000)
(0.1486140000, -0.7142327000, 0.6839465000)
(0.1485551000, -0.7140403000, 0.6841473000)
(0.1491795000, -0.7141157000, 0.6839289000)
(0.1497579000, -0.7131538000, 0.6848153000)
(0.1488228000, -0.7132419000, 0.6849170000)
(0.1482273000, -0.7128234000, 0.6854946000)
(0.1479906000, -0.7128717000, 0.6854925000)
(0.1483250000, -0.7127639000, 0.6855176000)
(0.1474358000, -0.7145787000, 0.6838226000)
(0.1475275000, -0.7145875000, 0.6837980000)
(0.1477157000, -0.7141626000, 0.6842123000)
(0.1482122000, -0.7141973000, 0.6840534000)
(0.1486959000, -0.7146068000, 0.6835250000)
(0.1483727000, -0.7149949000, 0.6832007000)
(0.1493353000, -0.7151859000, 0.6827815000)
(0.1493709000, -0.7148007000, 0.6831766000)
(0.1491574000, -0.7147527000, 0.6832785000)
(0.1487961000, -0.7142293000, 0.6839058000)
(0.1479755000, -0.7157900000, 0.6824527000)
(0.1480325000, -0.7152089000, 0.6830428000)
(0.1482120000, -0.7150564000, 0.6831592000)
(0.1477897000, -0.7160562000, 0.6821964000)
(0.1469371000, -0.7177221000, 0.6806427000)
(0.1476859000, -0.7177162000, 0.6804916000)
(0.1484018000, -0.7176918000, 0.6803478000)
(0.1481702000, -0.7183372000, 0.6797253000)
(0.1486347000, -0.7184874000, 0.6794614000)
(0.1490813000, -0.7176132000, 0.6802816000)
(0.1501849000, -0.7175863000, 0.6800752000)
(0.1496900000, -0.7173645000, 0.6804182000)
(0.1493820000, -0.7179545000, 0.6798633000)
(0.1485760000, -0.7175285000, 0.6804898000)
(0.1482529000, -0.7178868000, 0.6801705000)
(0.1493833000, -0.7168182000, 0.6810600000)
(0.1498814000, -0.7165916000, 0.6811965000)
(0.1498638000, -0.7168398000, 0.6809198000)
(0.1505772000, -0.7170279000, 0.6805707000)
(0.1512011000, -0.7157116000, 0.6818160000)
(0.1515760000, -0.7142935000, 0.6832101000)
(0.1504510000, -0.7148032000, 0.6829344000)
(0.1478931000, -0.7179657000, 0.6801693000)
(0.1466344000, -0.7179427000, 0.6804662000)
(0.1461799000, -0.7183182000, 0.6801747000)
(0.1470486000, -0.7174590000, 0.6808904000)
(0.1488054000, -0.7153317000, 0.6827384000)
(0.1498119000, -0.7159393000, 0.6818916000)
(0.1497270000, -0.7158315000, 0.6820169000)
(0.1495027000, -0.7160603000, 0.6818373000)
(0.1490701000, -0.7159407000, 0.6820523000)
(0.1483576000, -0.7163920000, 0.6817267000)
(0.1489618000, -0.7164619000, 0.6815223000)
(0.1492209000, -0.7164643000, 0.6814606000)
(0.1498518000, -0.7152025000, 0.6826494000)
(0.1496698000, -0.7148151000, 0.6831010000)
(0.1500533000, -0.7160033000, 0.6817708000)
(0.1501829000, -0.7162762000, 0.6814477000)
(0.1505249000, -0.7156886000, 0.6819872000)
(0.1507921000, -0.7149951000, 0.6826500000)
(0.1518127000, -0.7137648000, 0.6837305000)
(0.1526614000, -0.7130596000, 0.6842614000)
(0.1553138000, -0.7134214000, 0.6832963000)
(0.1561085000, -0.7133459000, 0.6832003000)
(0.1561492000, -0.7120944000, 0.6844774000)
(0.1552043000, -0.7118647000, 0.6849402000)
(0.1528803000, -0.7142509000, 0.6829836000)
(0.1527454000, -0.7136590000, 0.6836150000)
(0.1525523000, -0.7183100000, 0.6787837000)
(0.1544731000, -0.7162830000, 0.6804855000)
(0.1554767000, -0.7152703000, 0.6813262000)
(0.1565870000, -0.7150975000, 0.6812438000)
(0.1566709000, -0.7142143000, 0.6821570000)
(0.1586162000, -0.7125536000, 0.6834495000)
(0.1516150000, -0.7174486000, 0.6798996000)
(0.1531583000, -0.7170512000, 0.6799698000)
(0.1537611000, -0.7175000000, 0.6793744000)
(0.1558522000, -0.7151517000, 0.6813605000)
(0.1563451000, -0.7151992000, 0.6811875000)
(0.1579797000, -0.7138262000, 0.6822503000)
(0.1582907000, -0.7136356000, 0.6823978000)
(0.1604131000, -0.7104555000, 0.6851926000)
(0.1589857000, -0.7129900000, 0.6828924000)
(0.1604340000, -0.7172825000, 0.6780429000)
(0.1584064000, -0.7121083000, 0.6839494000)
(0.1547906000, -0.7097272000, 0.6872582000)
(0.1562091000, -0.7069861000, 0.6897490000)
(0.1633866000, -0.7057976000, 0.6892944000)
(0.1612731000, -0.7081693000, 0.6873575000)
(0.1599454000, -0.7077201000, 0.6881384000)
(0.1627439000, -0.7050338000, 0.6902340000)
(0.1673261000, -0.7045460000, 0.6896478000)
(0.1646605000, -0.7040968000, 0.6907370000)
(0.1635502000, -0.7105867000, 0.6843218000)
(0.1691520000, -0.7056641000, 0.6880422000)
(0.1681522000, -0.7066116000, 0.6873145000)
(0.1654125000, -0.7039533000, 0.6906978000)
(0.1693504000, -0.7059167000, 0.6877304000)
(0.1688536000, -0.7057530000, 0.6880378000)
(0.1687616000, -0.7067217000, 0.6870652000)
(0.1692777000, -0.7076792000, 0.6859355000)
(0.1673035000, -0.7083895000, 0.6857061000)
(0.1685233000, -0.7075797000, 0.6862279000)
(0.1693325000, -0.7081458000, 0.6854416000)
(0.1676646000, -0.7080793000, 0.6859220000)
(0.1658934000, -0.7064924000, 0.6879868000)
(0.1645809000, -0.7058231000, 0.6889862000)
(0.1623360000, -0.7069186000, 0.6883973000)
(0.1583066000, -0.7093344000, 0.6868550000)
(0.1602021000, -0.7100382000, 0.6856909000)
(0.1606223000, -0.7080571000, 0.6876313000)
(0.1624796000, -0.7086361000, 0.6865926000)
(0.1655440000, -0.7088398000, 0.6856649000)
(0.1641036000, -0.7088182000, 0.6860161000)
(0.1633314000, -0.7086509000, 0.6863864000)
(0.1614818000, -0.7071304000, 0.6883836000)
(0.1597376000, -0.7061014000, 0.6898500000)
(0.1604437000, -0.7092205000, 0.6864759000)
(0.1598979000, -0.7055652000, 0.6903519000)
(0.1559804000, -0.7038791000, 0.6929753000)
(0.0000000000, 0.0000000000, 0.0000000000)
(0.0000000000, 0.0000000000, 0.0000000000)
(0.0000000000, 0.0000000000, 0.0000000000)
(0.0000000000, 0.0000000000, 0.0000000000)
(0.0000000000, 0.0000000000, 0.0000000000)
(0.0000000000, 0.0000000000, 0.0000000000)
(0.0000000000, 0.0000000000, 0.0000000000)
(0.0000000000, 0.0000000000, 0.0000000000)
(0.1368991000, -0.7108285000, 0.6899099000)
(0.1432700000, -0.6975955000, 0.7020090000)
(0.1449438000, -0.6956480000, 0.7036011000)
(0.1435973000, -0.7034352000, 0.6960849000)
(0.1403043000, -0.7196062000, 0.6800547000)
(0.1380155000, -0.7076871000, 0.6928949000)
(0.1441342000, -0.7062927000, 0.6930787000)
(0.1498507000, -0.7078645000, 0.6902626000)
(0.1451109000, -0.7100614000, 0.6890101000)
(0.1473124000, -0.7062166000, 0.6924925000)
(0.1400269000, -0.7112098000, 0.6888857000)
(0.1398083000, -0.7104159000, 0.6897436000)
(0.1384113000, -0.7113697000, 0.6890332000)
(0.1403912000, -0.7132672000, 0.6866833000)
(0.1436589000, -0.7104952000, 0.6888705000)
(0.1424044000, -0.7116349000, 0.6879464000)
(0.1415440000, -0.7101410000, 0.6896656000)
(0.1411822000, -0.7090932000, 0.6908158000)
(0.1405662000, -0.7072218000, 0.6928704000)
(0.1420702000, -0.7086463000, 0.6910926000)
(0.1396068000, -0.7084486000, 0.6918082000)
(0.1393793000, -0.7094484000, 0.6908309000)
(0.1396987000, -0.7097334000, 0.6904777000)
(0.1396822000, -0.7110710000, 0.6890824000)
(0.1402837000, -0.7119712000, 0.6880515000)
(0.1404863000, -0.7129718000, 0.6869573000)
(0.1406764000, -0.7125288000, 0.6873877000)
(0.1390441000, -0.7132680000, 0.6869532000)
(0.1387209000, -0.7134407000, 0.6868460000)
(0.1388550000, -0.7140709000, 0.6861636000)
(0.1389519000, -0.7132689000, 0.6869678000)
(0.1392063000, -0.7110195000, 0.6892327000)
(0.1427806000, -0.7097117000, 0.6898690000)
(0.1413873000, -0.7094446000, 0.6904165000)
(0.1418853000, -0.7092131000, 0.6905619000)
(0.1411427000, -0.7079650000, 0.6919959000)
(0.1416560000, -0.7058963000, 0.6939836000)
(0.1417685000, -0.7064475000, 0.6934142000)
(0.1414068000, -0.7068127000, 0.6931075000)
(0.1412922000, -0.7070528000, 0.6928917000)
(0.1410178000, -0.7075188000, 0.6924677000)
(0.1416750000, -0.7064290000, 0.6934403000)
(0.1419074000, -0.7047215000, 0.6951370000)
(0.1424074000, -0.7070279000, 0.6926863000)
(0.1423938000, -0.7098016000, 0.6898506000)
(0.1421674000, -0.7084286000, 0.6913062000)
(0.1416153000, -0.7089653000, 0.6908689000)
(0.1413040000, -0.7088342000, 0.6910564000)
(0.1410487000, -0.7088953000, 0.6910488000)
(0.1416265000, -0.7083830000, 0.6914709000)
(0.1422737000, -0.7071109000, 0.6926366000)
(0.1422359000, -0.7058063000, 0.6939709000)
(0.1419748000, -0.7060331000, 0.6937877000)
(0.1423025000, -0.7064248000, 0.6933324000)
(0.1435456000, -0.7073411000, 0.6921334000)
(0.1436758000, -0.7067536000, 0.6926966000)
(0.1437886000, -0.7061625000, 0.6932893000)
(0.1442956000, -0.7051506000, 0.6942173000)
(0.1433336000, -0.7063982000, 0.6931403000)
(0.1444242000, -0.7066432000, 0.6926526000)
(0.1451526000, -0.7066109000, 0.6925384000)
(0.1438920000, -0.7066499000, 0.6927561000)
(0.1420191000, -0.7063475000, 0.6934575000)
(0.1423524000, -0.7086502000, 0.6910290000)
(0.1462090000, -0.7092968000, 0.6895640000)
(0.1482583000, -0.7108165000, 0.6875608000)
(0.1439904000, -0.7104777000, 0.6888158000)
(0.1402143000, -0.7100525000, 0.6900247000)
(0.1489929000, -0.7110918000, 0.6871118000)
(0.0000000000, 0.0000000000, 0.0000000000)
(0.0000000000, 0.0000000000, 0.0000000000)
(0.0000000000, 0.0000000000, 0.0000000000)
(0.0000000000, 0.0000000000, 0.0000000000)
(0.0000000000, 0.0000000000, 0.0000000000)
(0.0000000000, 0.0000000000, 0.0000000000)
(0.0000000000, 0.0000000000, 0.0000000000)
(0.0000000000, 0.0000000000, 0.0000000000)
(0.0000000000, 0.0000000000, 0.0000000000)
(0.1736340000, -0.7073643000, 0.6851801000)
(0.1714201000, -0.7110344000, 0.6819368000)
(0.1756226000, -0.7102060000, 0.6817184000)
(0.1672222000, -0.7244674000, 0.6687102000)
(0.1757379000, -0.7125164000, 0.6792688000)
(0.1668370000, -0.7171022000, 0.6766942000)
(0.1828149000, -0.7159543000, 0.6737727000)
(0.1845816000, -0.7154750000, 0.6738096000)
(0.1795943000, -0.7183822000, 0.6720556000)
(0.1842389000, -0.7143577000, 0.6750896000)
(0.1817407000, -0.7184708000, 0.6713837000)
(0.1751779000, -0.7202593000, 0.6711988000)
(0.1677860000, -0.7225246000, 0.6706719000)
(0.1651833000, -0.7189395000, 0.6751374000)
(0.1717291000, -0.7176309000, 0.6749123000)
(0.1721446000, -0.7205868000, 0.6716324000)
(0.1773487000, -0.7196782000, 0.6712630000)
(0.1747816000, -0.7170957000, 0.6746795000)
(0.1774765000, -0.7185266000, 0.6724558000)
(0.1781669000, -0.7187469000, 0.6720481000)
(0.1778225000, -0.7198021000, 0.6709983000)
(0.1762179000, -0.7189631000, 0.6723154000)
(0.1752924000, -0.7171450000, 0.6745090000)
(0.1760187000, -0.7175260000, 0.6739060000)
(0.1763966000, -0.7182672000, 0.6730274000)
(0.1773112000, -0.7178392000, 0.6732388000)
(0.1776027000, -0.7175069000, 0.6735209000)
(0.1752350000, -0.7123678000, 0.6795616000)
(0.1784780000, -0.7110316000, 0.6801113000)
(0.1784022000, -0.7194235000, 0.6712682000)
(0.1481364000, -0.7651056000, 0.6266120000)
(0.0000000000, 0.0000000000, 0.0000000000)
(0.0000000000, 0.0000000000, 0.0000000000)
(0.0000000000, 0.0000000000, 0.0000000000)
(0.0000000000, 0.0000000000, 0.0000000000)
(0.0000000000, 0.0000000000, 0.0000000000)
(0.0000000000, 0.0000000000, 0.0000000000)
(0.0000000000, 0.0000000000, 0.0000000000)
(0.0000000000, 0.0000000000, 0.0000000000)
(0.0000000000, 0.0000000000, 0.0000000000)
(0.0000000000, 0.0000000000, 0.0000000000)
(0.1536956000, -0.7174535000, 0.6794164000)
(0.1495379000, -0.7156456000, 0.6822492000)
(0.1563260000, -0.7165774000, 0.6797483000)
(0.1612071000, -0.7188748000, 0.6761854000)
(0.1663730000, -0.7154362000, 0.6785627000)
(0.1593281000, -0.7184652000, 0.6770538000)
(0.1606283000, -0.7159910000, 0.6793614000)
(0.1572071000, -0.7158173000, 0.6803465000)
(0.1669829000, -0.7096888000, 0.6844289000)
(0.1725603000, -0.7124045000, 0.6802169000)
(0.1708617000, -0.7165352000, 0.6762828000)
(0.1732516000, -0.7092930000, 0.6832833000)
(0.1696860000, -0.7117933000, 0.6815626000)
(0.1675135000, -0.7067065000, 0.6873833000)
(0.1674143000, -0.7092568000, 0.6847611000)
(0.1674234000, -0.7120765000, 0.6818255000)
(0.1686966000, -0.7122463000, 0.6813349000)
(0.1686870000, -0.7127936000, 0.6807681000)
(0.1696454000, -0.7126849000, 0.6806518000)
(0.1694991000, -0.7124078000, 0.6809837000)
(0.1692890000, -0.7123842000, 0.6810499000)
(0.1694413000, -0.7114655000, 0.6819660000)
(0.1688503000, -0.7118552000, 0.6817194000)
(0.1691768000, -0.7106392000, 0.6828916000)
(0.1688501000, -0.7107806000, 0.6828254000)
(0.1683038000, -0.7108001000, 0.6829523000)
(0.1685803000, -0.7104668000, 0.6832293000)
(0.1682080000, -0.7114250000, 0.6823172000)
(0.1684337000, -0.7124797000, 0.6811571000)
(0.1679245000, -0.7126667000, 0.6810948000)
(0.1678474000, -0.7119125000, 0.6819088000)
(0.1658529000, -0.7116758000, 0.6826451000)
(0.1654903000, -0.7120282000, 0.6823470000)
(0.1647750000, -0.7121389000, 0.6824058000)
(0.1664462000, -0.7104496000, 0.6837696000)
(0.1631524000, -0.7103887000, 0.6846181000)
(0.1661477000, -0.7090675000, 0.6852713000)
(0.1632558000, -0.7117332000, 0.6831930000)
(0.1629448000, -0.7113713000, 0.6836440000)
(0.1571707000, -0.7164605000, 0.6796876000)
(0.1576235000, -0.7165277000, 0.6794982000)
(0.1601695000, -0.7144653000, 0.6810807000)
(0.1604134000, -0.7152546000, 0.6801835000)
(0.1590238000, -0.7147676000, 0.6810328000)
(0.1601867000, -0.7145437000, 0.6809844000)
(0.1612244000, -0.7166295000, 0.6785609000)
(0.1602851000, -0.7167456000, 0.6786454000)
(0.1601397000, -0.7189866000, 0.6763021000)
(0.1514581000, -0.7212796000, 0.6758593000)
(0.1552787000, -0.7223404000, 0.6738583000)
(0.1563362000, -0.7188604000, 0.6773400000)
(0.0977019000, -0.8630226000, 0.4956086000)
(0.0000000000, 0.0000000000, 0.0000000000)
(0.0000000000, 0.0000000000, 0.0000000000)
(0.0000000000, 0.0000000000, 0.0000000000)
(0.0000000000, 0.0000000000, 0.0000000000)
(0.0000000000, 0.0000000000, 0.0000000000)
(0.0000000000, 0.0000000000, 0.0000000000)
(0.0000000000, 0.0000000000, 0.0000000000)
(0.0000000000, 0.0000000000, 0.0000000000)
(0.0472296500, -0.8754179000, 0.4810327000)
(0.1729249000, -0.7323420000, 0.6585989000)
(0.1605281000, -0.7505870000, 0.6409599000)
(0.1665819000, -0.7414612000, 0.6499836000)
(0.1649653000, -0.7364836000, 0.6560202000)
(0.1687402000, -0.7453477000, 0.6449591000)
(0.1742784000, -0.7415783000, 0.6478154000)
(0.1724420000, -0.7399589000, 0.6501643000)
(0.1676499000, -0.7522199000, 0.6372048000)
(0.1763522000, -0.7400675000, 0.6489852000)
(0.1709284000, -0.7380911000, 0.6526762000)
(0.1666713000, -0.7365955000, 0.6554703000)
(0.1711943000, -0.7352648000, 0.6557999000)
(0.1759971000, -0.7379209000, 0.6515195000)
(0.1655773000, -0.7366365000, 0.6556882000)
(0.1616390000, -0.7372659000, 0.6559681000)
(0.1652006000, -0.7326211000, 0.6602648000)
(0.1635837000, -0.7331600000, 0.6600726000)
(0.1657347000, -0.7351705000, 0.6572952000)
(0.1693244000, -0.7330841000, 0.6587040000)
(0.1629827000, -0.7343917000, 0.6588539000)
(0.1660587000, -0.7356766000, 0.6566438000)
(0.1630249000, -0.7330686000, 0.6603057000)
(0.1645232000, -0.7339070000, 0.6590211000)
(0.1674649000, -0.7353084000, 0.6567098000)
(0.1590697000, -0.7404923000, 0.6529579000)
(0.1644899000, -0.7420293000, 0.6498541000)
(0.1655941000, -0.7414643000, 0.6502287000)
(0.1678961000, -0.7380025000, 0.6535611000)
(0.1722181000, -0.7386717000, 0.6516789000)
(0.1709987000, -0.7388390000, 0.6518120000)
(0.1722963000, -0.7380080000, 0.6524193000)
(0.1797268000, -0.7315896000, 0.6576092000)
(0.1879389000, -0.7223836000, 0.6654468000)
(0.1854579000, -0.7285287000, 0.6594104000)
(0.1796531000, -0.7353781000, 0.6534025000)
(0.1809359000, -0.7403940000, 0.6473515000)
(0.1831137000, -0.7431621000, 0.6435485000)
(0.1826902000, -0.7356714000, 0.6522234000)
(0.1793390000, -0.7362695000, 0.6524714000)
(0.1852366000, -0.7328526000, 0.6546655000)
(0.1833474000, -0.7286905000, 0.6598322000)
(0.1857731000, -0.7301376000, 0.6575489000)
(0.1823456000, -0.7315090000, 0.6569885000)
(0.1839579000, -0.7307882000, 0.6573282000)
(0.1779630000, -0.7316293000, 0.6580566000)
(0.1878110000, -0.7223486000, 0.6655210000)
(0.1885086000, -0.7229648000, 0.6646509000)
(0.1895069000, -0.7295489000, 0.6571451000)
(0.1871350000, -0.7261292000, 0.6615810000)
(0.1840563000, -0.7313235000, 0.6567147000)
(0.1858381000, -0.7326614000, 0.6547257000)
(0.1837769000, -0.7304553000, 0.6577576000)
(0.1833118000, -0.7329500000, 0.6551026000)
(0.1820585000, -0.7286646000, 0.6602136000)
(0.1829799000, -0.7263296000, 0.6625320000)
(0.1820089000, -0.7282071000, 0.6607373000)
(0.1817303000, -0.7286266000, 0.6603413000)
(0.1823030000, -0.7316963000, 0.6567908000)
(0.1786589000, -0.7364872000, 0.6524110000)
(0.1829651000, -0.7322087000, 0.6560314000)
(0.1839840000, -0.7324800000, 0.6554409000)
(0.1832276000, -0.7332370000, 0.6548198000)
(0.1837833000, -0.7312035000, 0.6569197000)
(0.1845875000, -0.7305723000, 0.6573972000)
(0.1836623000, -0.7310593000, 0.6571164000)
(0.2279543000, -0.7239751000, 0.6510525000)
(0.2439377000, -0.7118180000, 0.6586182000)
(0.0000000000, 0.0000000000, 0.0000000000)
(0.0000000000, 0.0000000000, 0.0000000000)
(0.0000000000, 0.0000000000, 0.0000000000)
(0.0000000000, 0.0000000000, 0.0000000000)
(0.0000000000, 0.0000000000, 0.0000000000)
(0.0000000000, 0.0000000000, 0.0000000000)
(0.0000000000, 0.0000000000, 0.0000000000)
(0.2467308000, -0.7037333000, 0.6662225000)
(0.2576124000, -0.6919390000, 0.6744140000)
(0.2566789000, -0.6994545000, 0.6669736000)
(0.2609074000, -0.6918017000, 0.6732997000)
(0.2547596000, -0.6980307000, 0.6692037000)
(0.2505009000, -0.6984277000, 0.6704052000)
(0.2530473000, -0.7051431000, 0.6623605000)
(0.2514689000, -0.7035396000, 0.6646737000)
(0.2508621000, -0.7022927000, 0.6662194000)
(0.2497231000, -0.7039995000, 0.6648401000)
(0.2439303000, -0.7065546000, 0.6642751000)
(0.0000000000, 0.0000000000, 0.0000000000)
(0.0000000000, 0.0000000000, 0.0000000000)
(0.0000000000, 0.0000000000, 0.0000000000)
(0.0000000000, 0.0000000000, 0.0000000000)
(0.0000000000, 0.0000000000, 0.0000000000)
(0.0000000000, 0.0000000000, 0.0000000000)
(0.0000000000, 0.0000000000, 0.0000000000)
(0.0000000000, 0.0000000000, 0.0000000000)
(0.0000000000, 0.0000000000, 0.0000000000)
(0.1916531000, -0.7215187000, 0.6653250000)
(0.1981999000, -0.7177112000, 0.6675183000)
(0.1972058000, -0.7178893000, 0.6676363000)
(0.1915928000, -0.7138356000, 0.6735923000)
(0.1998686000, -0.7086922000, 0.6766083000)
(0.1965714000, -0.7094274000, 0.6767967000)
(0.2004124000, -0.7070917000, 0.6781178000)
(0.1925492000, -0.7177824000, 0.6691071000)
(0.1980096000, -0.7132235000, 0.6723765000)
(0.1950966000, -0.7139097000, 0.6725060000)
(0.1981804000, -0.7148980000, 0.6705494000)
(0.1965120000, -0.7149592000, 0.6709671000)
(0.1900133000, -0.7200192000, 0.6674106000)
(0.1870124000, -0.7204161000, 0.6678400000)
(0.1935359000, -0.7196018000, 0.6668621000)
(0.1911907000, -0.7179091000, 0.6693593000)
(0.1951682000, -0.7170392000, 0.6691311000)
(0.1941677000, -0.7165658000, 0.6699339000)
(0.1961753000, -0.7151404000, 0.6708819000)
(0.1974220000, -0.7147949000, 0.6708832000)
(0.1985427000, -0.7150404000, 0.6702781000)
(0.1987259000, -0.7147715000, 0.6705272000)
(0.1895565000, -0.7146280000, 0.6733212000)
(0.1955071000, -0.7154043000, 0.6707872000)
(0.1909254000, -0.7231210000, 0.6637866000)
(0.0000000000, 0.0000000000, 0.0000000000)
(0.0000000000, 0.0000000000, 0.0000000000)
(0.0000000000, 0.0000000000, 0.0000000000)
(0.0000000000, 0.0000000000, 0.0000000000)
(0.0000000000, 0.0000000000, 0.0000000000)
(0.0000000000, 0.0000000000, 0.0000000000)
(0.0000000000, 0.0000000000, 0.0000000000)
(0.0000000000, 0.0000000000, 0.0000000000)
(0.0000000000, 0.0000000000, 0.0000000000)
(0.0000000000, 0.0000000000, 0.0000000000)
(0.0000000000, 0.0000000000, 0.0000000000)
(0.0000000000, 0.0000000000, 0.0000000000)
(0.0000000000, 0.0000000000, 0.0000000000)
(0.0000000000, 0.0000000000, 0.0000000000)
(0.1680779000, -0.7263113000, 0.6664779000)
(0.1710019000, -0.7289888000, 0.6628022000)
(0.1793606000, -0.7222552000, 0.6679521000)
(0.1672894000, -0.7275692000, 0.6653107000)
(0.1708042000, -0.7234726000, 0.6688695000)
(0.1723408000, -0.7235978000, 0.6683480000)
(0.1788536000, -0.7285321000, 0.6612468000)
(0.1795818000, -0.7286895000, 0.6608577000)
(0.1607513000, -0.7358721000, 0.6577480000)
(0.0000000000, 0.0000000000, 0.0000000000)
(0.0000000000, 0.0000000000, 0.0000000000)
(0.0000000000, 0.0000000000, 0.0000000000)
(0.0000000000, 0.0000000000, 0.0000000000)
(0.0000000000, 0.0000000000, 0.0000000000)
(0.0000000000, 0.0000000000, 0.0000000000)
(0.0000000000, 0.0000000000, 0.0000000000)
(0.0000000000, 0.0000000000, 0.0000000000)
(0.0000000000, 0.0000000000, 0.0000000000)
(0.0000000000, 0.0000000000, 0.0000000000)
(0.0000000000, 0.0000000000, 0.0000000000)
(0.0000000000, 0.0000000000, 0.0000000000)
(0.0000000000, 0.0000000000, 0.0000000000)
(0.1874725000, -0.7228159000, 0.6651132000)
(0.1897126000, -0.7210800000, 0.6663711000)
(0.1876962000, -0.7187721000, 0.6694102000)
(0.1885712000, -0.7238765000, 0.6636389000)
(0.1853754000, -0.7205873000, 0.6681077000)
(0.1927206000, -0.7206325000, 0.6659753000)
(0.1873528000, -0.7225260000, 0.6654526000)
(0.1873763000, -0.7243902000, 0.6634347000)
(0.1936987000, -0.7186260000, 0.6678705000)
(0.1866741000, -0.7212219000, 0.6670747000)
(0.1835780000, -0.7139879000, 0.6756458000)
(0.1818465000, -0.7132176000, 0.6769393000)
(0.1803378000, -0.7178161000, 0.6724497000)
(0.1845372000, -0.7167075000, 0.6725104000)
(0.1908454000, -0.7114138000, 0.6763576000)
(0.1895352000, -0.7142758000, 0.6736875000)
(0.1888109000, -0.7138111000, 0.6743983000)
(0.1881628000, -0.7144230000, 0.6739166000)
(0.1887691000, -0.7137945000, 0.6744218000)
(0.1886369000, -0.7133809000, 0.6749002000)
(0.1874245000, -0.7126908000, 0.6759604000)
(0.1893736000, -0.7140401000, 0.6739939000)
(0.1875059000, -0.7138692000, 0.6746943000)
(0.1877869000, -0.7147195000, 0.6737182000)
(0.1908683000, -0.7143111000, 0.6732945000)
(0.1904860000, -0.7137873000, 0.6739424000)
(0.1904705000, -0.7125220000, 0.6752808000)
(0.1911072000, -0.7129004000, 0.6747198000)
(0.1918738000, -0.7132637000, 0.6741036000)
(0.1915077000, -0.7132263000, 0.6742432000)
(0.1914504000, -0.7144235000, 0.6730007000)
(0.1908830000, -0.7143855000, 0.6732008000)
(0.1918473000, -0.7137611000, 0.6735971000)
(0.1912715000, -0.7139657000, 0.6735424000)
(0.1911138000, -0.7136364000, 0.6739188000)
(0.1901189000, -0.7126586000, 0.6752430000)
(0.1908995000, -0.7111048000, 0.6766676000)
(0.1881526000, -0.7123628000, 0.6761131000)
(0.1831178000, -0.7155142000, 0.6741527000)
(0.1800296000, -0.7275509000, 0.6620076000)
(0.0000000000, 0.0000000000, 0.0000000000)
(0.0000000000, 0.0000000000, 0.0000000000)
(0.0000000000, 0.0000000000, 0.0000000000)
(0.0000000000, 0.0000000000, 0.0000000000)
(0.0000000000, 0.0000000000, 0.0000000000)
(0.0000000000, 0.0000000000, 0.0000000000)
(0.0000000000, 0.0000000000, 0.0000000000)
(0.0000000000, 0.0000000000, 0.0000000000)
(0.0000000000, 0.0000000000, 0.0000000000)
(0.0000000000, 0.0000000000, 0.0000000000)
(0.0000000000, 0.0000000000, 0.0000000000)
(0.0000000000, 0.0000000000, 0.0000000000)
(0.0000000000, 0.0000000000, 0.0000000000)
(0.0000000000, 0.0000000000, 0.0000000000)
(0.0000000000, 0.0000000000, 0.0000000000)
(0.0000000000, 0.0000000000, 0.0000000000)
(0.0000000000, 0.0000000000, 0.0000000000)
(0.1266931000, -0.7384491000, 0.6622770000)
(0.1322070000, -0.7309386000, 0.6695008000)
(0.1345561000, -0.7319415000, 0.6679328000)
(0.1301125000, -0.7253892000, 0.6759176000)
(0.1278164000, -0.7340266000, 0.6669748000)
(0.1272356000, -0.7294677000, 0.6720726000)
(0.1271152000, -0.7290100000, 0.6725909000)
(0.1274181000, -0.7298070000, 0.6716566000)
(0.1267054000, -0.7285285000, 0.6731891000)
(0.1286590000, -0.7286416000, 0.6726905000)
(0.1263264000, -0.7218285000, 0.6804391000)
(0.1306704000, -0.7219281000, 0.6795046000)
(0.1337534000, -0.7206693000, 0.6802486000)
(0.1280098000, -0.7230532000, 0.6788142000)
(0.1318654000, -0.7214901000, 0.6797351000)
(0.1319635000, -0.7201346000, 0.6811601000)
(0.1324343000, -0.7203891000, 0.6807922000)
(0.1277332000, -0.7207839000, 0.6812719000)
(0.1321427000, -0.7277182000, 0.6730232000)
(0.1329132000, -0.7281072000, 0.6724371000)
(0.1281200000, -0.7216187000, 0.6803199000)
(0.1267275000, -0.7219429000, 0.6802399000)
(0.1274535000, -0.7232168000, 0.6787378000)
(0.1290866000, -0.7245718000, 0.6769798000)
(0.1327328000, -0.7272038000, 0.6734535000)
(0.1327729000, -0.7281025000, 0.6724716000)
(0.1315174000, -0.7283093000, 0.6724980000)
(0.1298238000, -0.7313696000, 0.6694990000)
(0.1390684000, -0.7312126000, 0.6678135000)
(0.1383625000, -0.7299805000, 0.6693073000)
(0.1328242000, -0.7292874000, 0.6711838000)
(0.1633058000, -0.7294607000, 0.6642231000)
(0.1826524000, -0.7226635000, 0.6666155000)
(0.0000000000, 0.0000000000, 0.0000000000)
(0.0000000000, 0.0000000000, 0.0000000000)
(0.0000000000, 0.0000000000, 0.0000000000)
(0.0000000000, 0.0000000000, 0.0000000000)
(0.0000000000, 0.0000000000, 0.0000000000)
(0.0000000000, 0.0000000000, 0.0000000000)
(0.0000000000, 0.0000000000, 0.0000000000)
(0.0000000000, 0.0000000000, 0.0000000000)
(0.0000000000, 0.0000000000, 0.0000000000)
(0.0000000000, 0.0000000000, 0.0000000000)
(0.0000000000, 0.0000000000, 0.0000000000)
(0.0000000000, 0.0000000000, 0.0000000000)
(0.0000000000, 0.0000000000, 0.0000000000)
(0.1683846000, -0.7209095000, 0.6722527000)
(0.1743416000, -0.7173317000, 0.6745515000)
(0.1749093000, -0.7203823000, 0.6711589000)
(0.1685852000, -0.7228140000, 0.6701595000)
(0.1577214000, -0.7256455000, 0.6697395000)
(0.1548516000, -0.7272564000, 0.6686465000)
(0.1622010000, -0.7196538000, 0.6751196000)
(0.1563965000, -0.7228007000, 0.6731102000)
(0.1518050000, -0.7184533000, 0.6788033000)
(0.1542026000, -0.7184953000, 0.6782065000)
(0.1529473000, -0.7174672000, 0.6795788000)
(0.1525233000, -0.7167301000, 0.6804485000)
(0.1506735000, -0.7193533000, 0.6780978000)
(0.1486594000, -0.7182355000, 0.6797282000)
(0.1494559000, -0.7186623000, 0.6790944000)
(0.1499579000, -0.7197812000, 0.6777884000)
(0.1761171000, -0.7045376000, 0.6874629000)
(0.1741176000, -0.7060538000, 0.6864147000)
(0.1795540000, -0.7005319000, 0.6906607000)
(0.1733127000, -0.7074757000, 0.6851487000)
(0.1694088000, -0.7120699000, 0.6813496000)
(0.1700841000, -0.7123652000, 0.6808829000)
(0.1715615000, -0.7113963000, 0.6815166000)
(0.1729726000, -0.7113505000, 0.6812102000)
(0.1684615000, -0.7142797000, 0.6792797000)
(0.1684120000, -0.7144834000, 0.6790604000)
(0.1715788000, -0.7109506000, 0.6819672000)
(0.1725457000, -0.7109964000, 0.6816781000)
(0.1749893000, -0.7095964000, 0.6825196000)
(0.1778680000, -0.6985223000, 0.6931210000)
(0.1714795000, -0.7043815000, 0.6887808000)
(0.1679388000, -0.7105950000, 0.6832578000)
(0.1650450000, -0.7109567000, 0.6835748000)
(0.0000000000, 0.0000000000, 0.0000000000)
(0.0000000000, 0.0000000000, 0.0000000000)
(0.0000000000, 0.0000000000, 0.0000000000)
(0.0000000000, 0.0000000000, 0.0000000000)
(0.0000000000, 0.0000000000, 0.0000000000)
(0.0000000000, 0.0000000000, 0.0000000000)
(0.0000000000, 0.0000000000, 0.0000000000)
(0.0000000000, 0.0000000000, 0.0000000000)
(0.0000000000, 0.0000000000, 0.0000000000)
(0.0000000000, 0.0000000000, 0.0000000000)
(0.0000000000, 0.0000000000, 0.0000000000)
(0.0000000000, 0.0000000000, 0.0000000000)
(0.0000000000, 0.0000000000, 0.0000000000)
(0.0000000000, 0.0000000000, 0.0000000000)
(0.0000000000, 0.0000000000, 0.0000000000)
(0.0000000000, 0.0000000000, 0.0000000000)
(0.0000000000, 0.0000000000, 0.0000000000)
(0.0000000000, 0.0000000000, 0.0000000000)
(0.0000000000, 0.0000000000, 0.0000000000)
(0.0000000000, 0.0000000000, 0.0000000000)
(0.0533039900, -0.7123129000, 0.6998167000)
(0.0663090700, -0.7018375000, 0.7092292000)
(0.0636323200, -0.7121500000, 0.6991327000)
(0.0677597100, -0.7161645000, 0.6946213000)
(0.0542172800, -0.7097917000, 0.7023093000)
(0.0582152700, -0.7030180000, 0.7087739000)
(0.0668069700, -0.6965057000, 0.7144167000)
(0.0643055400, -0.7019626000, 0.7092862000)
(0.0542283200, -0.7074130000, 0.7047110000)
(0.0691610000, -0.7117500000, 0.6990138000)
(0.0695061200, -0.7130866000, 0.6976175000)
(0.0610333700, -0.7021101000, 0.7094392000)
(0.0711023100, -0.7043284000, 0.7062840000)
(0.0687399100, -0.7052839000, 0.7055833000)
(0.0681199700, -0.7033667000, 0.7075391000)
(0.0676678300, -0.7042906000, 0.7066730000)
(0.0670976800, -0.7065510000, 0.7044651000)
(0.0690003400, -0.6928552000, 0.7177498000)
(0.0670098600, -0.7108343000, 0.7001497000)
(0.0632158000, -0.7168572000, 0.6943402000)
(0.0597476500, -0.7156109000, 0.6959213000)
(0.0647117300, -0.7147262000, 0.6963980000)
(0.0708802100, -0.7036140000, 0.7070243000)
(0.0684878900, -0.7045228000, 0.7063648000)
(0.0681237400, -0.7001742000, 0.7106931000)
(0.0682659400, -0.6995326000, 0.7113100000)
(0.0701848600, -0.7018393000, 0.7088480000)
(0.0660651800, -0.7035620000, 0.7075507000)
(0.0614796900, -0.7102078000, 0.7012895000)
(0.0639859800, -0.7096230000, 0.7016615000)
(0.0679970900, -0.7068871000, 0.7040478000)
(0.0630628400, -0.7028353000, 0.7085303000)
(0.0781321100, -0.7055113000, 0.7043661000)
(0.0646800000, -0.7400197000, 0.6694570000)
(0.0000000000, 0.0000000000, 0.0000000000)
(0.0000000000, 0.0000000000, 0.0000000000)
(0.0000000000, 0.0000000000, 0.0000000000)
(0.0000000000, 0.0000000000, 0.0000000000)
(0.0000000000, 0.0000000000, 0.0000000000)
(0.0000000000, 0.0000000000, 0.0000000000)
(0.0000000000, 0.0000000000, 0.0000000000)
(0.0000000000, 0.0000000000, 0.0000000000)
(0.0000000000, 0.0000000000, 0.0000000000)
(0.0000000000, 0.0000000000, 0.0000000000)
(0.0000000000, 0.0000000000, 0.0000000000)
(0.0000000000, 0.0000000000, 0.0000000000)
(0.0000000000, 0.0000000000, 0.0000000000)
(0.0000000000, 0.0000000000, 0.0000000000)
(0.0000000000, 0.0000000000, 0.0000000000)
(0.0000000000, 0.0000000000, 0.0000000000)
(0.1068590000, -0.7280339000, 0.6771476000)
(0.1126880000, -0.7257543000, 0.6786559000)
(0.1144144000, -0.7297120000, 0.6741102000)
(0.1143117000, -0.7236200000, 0.6806633000)
(0.1128918000, -0.7259644000, 0.6783952000)
(0.1210728000, -0.7165014000, 0.6869835000)
(0.1205452000, -0.7139900000, 0.6896924000)
(0.1215354000, -0.7168989000, 0.6864983000)
(0.1208857000, -0.7198225000, 0.6835292000)
(0.1181755000, -0.7219751000, 0.6817385000)
(0.1178445000, -0.7202114000, 0.6836701000)
(0.1170258000, -0.7269331000, 0.6766458000)
(0.1162167000, -0.7302529000, 0.6732091000)
(0.1137293000, -0.7277747000, 0.6763022000)
(0.1082571000, -0.7193235000, 0.6861793000)
(0.1141401000, -0.7249646000, 0.6792518000)
(0.1126653000, -0.7256365000, 0.6787862000)
(0.1163757000, -0.7262920000, 0.6774556000)
(0.1154851000, -0.7263907000, 0.6774881000)
(0.1132378000, -0.7247208000, 0.6796650000)
(0.1133182000, -0.7240272000, 0.6803784000)
(0.1110581000, -0.7241336000, 0.6806533000)
(0.1102911000, -0.7280706000, 0.6765652000)
(0.1178304000, -0.7228883000, 0.6808344000)
(0.1260056000, -0.7136986000, 0.6890047000)
(0.1134578000, -0.7318672000, 0.6719189000)
(0.1092585000, -0.7339838000, 0.6703190000)
(0.0000000000, 0.0000000000, 0.0000000000)
(0.0000000000, 0.0000000000, 0.0000000000)
(0.0000000000, 0.0000000000, 0.0000000000)
(0.0000000000, 0.0000000000, 0.0000000000)
(0.0000000000, 0.0000000000, 0.0000000000)
(0.0000000000, 0.0000000000, 0.0000000000)
(0.0000000000, 0.0000000000, 0.0000000000)
(0.0000000000, 0.0000000000, 0.0000000000)
(0.0000000000, 0.0000000000, 0.0000000000)
(0.0000000000, 0.0000000000, 0.0000000000)
(0.0000000000, 0.0000000000, 0.0000000000)
(0.0000000000, 0.0000000000, 0.0000000000)
(0.1146980000, -0.7346190000, 0.6686992000)
(0.1235321000, -0.7238151000, 0.6788319000)
(0.1168246000, -0.7124000000, 0.6919686000)
(0.1247401000, -0.7118559000, 0.6911430000)
(0.1154579000, -0.7199091000, 0.6843793000)
(0.1172498000, -0.7176941000, 0.6863971000)
(0.1202711000, -0.7173344000, 0.6862472000)
(0.1206832000, -0.7130505000, 0.6906331000)
(0.1176771000, -0.7191419000, 0.6848241000)
(0.1182821000, -0.7169001000, 0.6870565000)
(0.1216333000, -0.7198581000, 0.6833671000)
(0.1204187000, -0.7227024000, 0.6805713000)
(0.1196813000, -0.7236240000, 0.6797362000)
(0.1198605000, -0.7241290000, 0.6791451000)
(0.1682387000, -0.7077851000, 0.6860842000)
(0.2092547000, -0.6738997000, 0.7085657000)
(0.2478787000, -0.6371670000, 0.7297730000)
(0.2890724000, -0.6159808000, 0.7328030000)
(0.3343097000, -0.5758327000, 0.7460862000)
(0.3668497000, -0.5511619000, 0.7494195000)
(0.3694687000, -0.5555907000, 0.7448369000)
(0.3678997000, -0.5616079000, 0.7410937000)
(0.3666900000, -0.5593863000, 0.7433670000)
(0.3679010000, -0.5648817000, 0.7386145000)
(0.3686303000, -0.5664150000, 0.7370702000)
(0.4079255000, -0.5295906000, 0.7437204000)
(0.4285280000, -0.5029088000, 0.7506275000)
(0.4283055000, -0.4822836000, 0.7641492000)
(0.4234367000, -0.4925465000, 0.7603151000)
(0.4280675000, -0.4900910000, 0.7592998000)
(0.4253884000, -0.4906166000, 0.7604655000)
(0.4287336000, -0.4895120000, 0.7593113000)
(0.4313028000, -0.4967019000, 0.7531661000)
(0.4328462000, -0.4941183000, 0.7539608000)
(0.4229698000, -0.4903362000, 0.7619998000)
(0.3815917000, -0.4716699000, 0.7949296000)
(0.3792777000, -0.4672489000, 0.7986212000)
(0.3853482000, -0.4605611000, 0.7996097000)
(0.3752111000, -0.4676515000, 0.8003157000)
(0.3757410000, -0.4655765000, 0.8012686000)
(0.3762747000, -0.4643909000, 0.8017017000)
(0.3767198000, -0.4639415000, 0.8017576000)
(0.3783081000, -0.4648885000, 0.8004654000)
(0.3727081000, -0.4762720000, 0.7963863000)
(0.3793190000, -0.4674512000, 0.7984913000)
(0.3728419000, -0.4697514000, 0.8001993000)
(0.3702195000, -0.4649656000, 0.8041943000)
(0.0000000000, 0.0000000000, 0.0000000000)
(0.0000000000, 0.0000000000, 0.0000000000)
(0.0000000000, 0.0000000000, 0.0000000000)
(0.0000000000, 0.0000000000, 0.0000000000)
(0.0000000000, 0.0000000000, 0.0000000000)
(0.0000000000, 0.0000000000, 0.0000000000)
(0.0000000000, 0.0000000000, 0.0000000000)
(0.0000000000, 0.0000000000, 0.0000000000)
(0.0000000000, 0.0000000000, 0.0000000000)
(0.0000000000, 0.0000000000, 0.0000000000)
(0.0000000000, 0.0000000000, 0.0000000000)
(0.0000000000, 0.0000000000, 0.0000000000)
(0.0000000000, 0.0000000000, 0.0000000000)
(0.0000000000, 0.0000000000, 0.0000000000)
(0.0000000000, 0.0000000000, 0.0000000000)
(0.1310453000, -0.7334787000, 0.6669529000)
(0.1288541000, -0.7374976000, 0.6629387000)
(0.1288685000, -0.7384313000, 0.6618799000)
(0.1270020000, -0.7347740000, 0.6663143000)
(0.1351169000, -0.7360613000, 0.6632710000)
(0.1216444000, -0.7473691000, 0.6531727000)
(0.1166600000, -0.7444762000, 0.6573668000)
(0.1289251000, -0.7413759000, 0.6585804000)
(0.1226253000, -0.7463773000, 0.6541136000)
(0.1242773000, -0.7445797000, 0.6558396000)
(0.1243870000, -0.7456183000, 0.6546466000)
(0.1198326000, -0.7436611000, 0.6577148000)
(0.1211360000, -0.7446709000, 0.6563334000)
(0.1214137000, -0.7483722000, 0.6520678000)
(0.1213862000, -0.7504590000, 0.6496639000)
(0.1250493000, -0.7469598000, 0.6529929000)
(0.1194954000, -0.7465938000, 0.6544534000)
(0.1217115000, -0.7520733000, 0.6477403000)
(0.1230166000, -0.7507163000, 0.6490669000)
(0.1251788000, -0.7485636000, 0.6511260000)
(0.1239589000, -0.7451596000, 0.6552425000)
(0.1210598000, -0.7527846000, 0.6470278000)
(0.1240592000, -0.7524372000, 0.6468509000)
(0.1208189000, -0.7472705000, 0.6534423000)
(0.1262794000, -0.7421409000, 0.6582387000)
(0.1200084000, -0.7463598000, 0.6546106000)
(0.1223147000, -0.7600615000, 0.6382234000)
(0.1190282000, -0.7868691000, 0.6055142000)
(0.0000000000, 0.0000000000, 0.0000000000)
(0.0000000000, 0.0000000000, 0.0000000000)
(0.0000000000, 0.0000000000, 0.0000000000)
(0.0000000000, 0.0000000000, 0.0000000000)
(0.0000000000, 0.0000000000, 0.0000000000)
(0.0000000000, 0.0000000000, 0.0000000000)
(0.0000000000, 0.0000000000, 0.0000000000)
(0.0000000000, 0.0000000000, 0.0000000000)
(0.1319616000, -0.7278392000, 0.6729127000)
(0.1354916000, -0.7270471000, 0.6730798000)
(0.1279402000, -0.7250086000, 0.6767323000)
(0.1220079000, -0.7292037000, 0.6733093000)
(0.1249383000, -0.7273410000, 0.6747860000)
(0.1242980000, -0.7261377000, 0.6762184000)
(0.1297123000, -0.7231213000, 0.6784228000)
(0.1428023000, -0.7173096000, 0.6819543000)
(0.1308196000, -0.7235750000, 0.6777320000)
(0.1148447000, -0.7137219000, 0.6909324000)
(0.1195843000, -0.7173421000, 0.6863587000)
(0.1146951000, -0.7171199000, 0.6874270000)
(0.1075632000, -0.7142864000, 0.6915273000)
(0.1089822000, -0.7199529000, 0.6853973000)
(0.1035814000, -0.7146527000, 0.6917495000)
(0.1032322000, -0.7143338000, 0.6921257000)
(0.1043913000, -0.7133866000, 0.6929486000)
(0.1070931000, -0.7137298000, 0.6921800000)
(0.1073630000, -0.7136725000, 0.6921834000)
(0.1035011000, -0.7143164000, 0.6921234000)
(0.1040090000, -0.7147319000, 0.6916052000)
(0.1071602000, -0.7140384000, 0.6918489000)
(0.1108290000, -0.7144499000, 0.6908354000)
(0.1092802000, -0.7151946000, 0.6903263000)
(0.1042527000, -0.7165367000, 0.6896919000)
(0.1034716000, -0.7174772000, 0.6888430000)
(0.1029268000, -0.7154664000, 0.6910021000)
(0.1034477000, -0.7186573000, 0.6876132000)
(0.1092690000, -0.7206490000, 0.6846208000)
(0.1142354000, -0.7229947000, 0.6813239000)
(0.1189310000, -0.7177976000, 0.6860175000)
(0.1086188000, -0.7229995000, 0.6822527000)
(0.1010581000, -0.7321327000, 0.6736082000)
(0.0000000000, 0.0000000000, 0.0000000000)
(0.0000000000, 0.0000000000, 0.0000000000)
(0.0000000000, 0.0000000000, 0.0000000000)
(0.0000000000, 0.0000000000, 0.0000000000)
(0.0000000000, 0.0000000000, 0.0000000000)
(0.0000000000, 0.0000000000, 0.0000000000)
(0.0000000000, 0.0000000000, 0.0000000000)
(0.0000000000, 0.0000000000, 0.0000000000)
(0.0000000000, 0.0000000000, 0.0000000000)
(0.0000000000, 0.0000000000, 0.0000000000)
(0.0971628000, -0.7294360000, 0.6771030000)
(0.0981100200, -0.7272228000, 0.6793466000)
(0.0919489000, -0.7241834000, 0.6834368000)
(0.1017974000, -0.7297630000, 0.6760714000)
(0.0992253500, -0.7266388000, 0.6798105000)
(0.0993500500, -0.7282044000, 0.6781127000)
(0.0965902200, -0.7227899000, 0.6842788000)
(0.0940927700, -0.7266681000, 0.6805049000)
(0.0981344500, -0.7248567000, 0.6818631000)
(0.0973171100, -0.7291824000, 0.6773560000)
(0.1011383000, -0.7302196000, 0.6756749000)
(0.1013958000, -0.7307037000, 0.6751063000)
(0.1079465000, -0.7283943000, 0.6765818000)
(0.1041528000, -0.7298085000, 0.6756641000)
(0.1068004000, -0.7306132000, 0.6743808000)
(0.1016604000, -0.7268187000, 0.6792495000)
(0.1015056000, -0.7283741000, 0.6776048000)
(0.1042095000, -0.7267902000, 0.6788935000)
(0.1128921000, -0.7246464000, 0.6797988000)
(0.1147233000, -0.7243212000, 0.6798382000)
(0.1146490000, -0.7232216000, 0.6810276000)
(0.1096398000, -0.7288569000, 0.6758186000)
(0.1037327000, -0.7291929000, 0.6763923000)
(0.1022968000, -0.7338183000, 0.6715833000)
(0.1036296000, -0.7477701000, 0.6558045000)
(0.0000000000, 0.0000000000, 0.0000000000)
(0.0000000000, 0.0000000000, 0.0000000000)
(0.0000000000, 0.0000000000, 0.0000000000)
(0.0000000000, 0.0000000000, 0.0000000000)
(0.0000000000, 0.0000000000, 0.0000000000)
(0.0000000000, 0.0000000000, 0.0000000000)
(0.0000000000, 0.0000000000, 0.0000000000)
(0.0000000000, 0.0000000000, 0.0000000000)
(0.0000000000, 0.0000000000, 0.0000000000)
(0.0000000000, 0.0000000000, 0.0000000000)
(0.0000000000, 0.0000000000, 0.0000000000)
(0.0000000000, 0.0000000000, 0.0000000000)
(0.0000000000, 0.0000000000, 0.0000000000)
(0.0000000000, 0.0000000000, 0.0000000000)
(0.0000000000, 0.0000000000, 0.0000000000)
(0.0000000000, 0.0000000000, 0.0000000000)
(0.0895981300, -0.7208276000, 0.6872886000)
(0.0950518100, -0.7239522000, 0.6832536000)
(0.0994404900, -0.7272651000, 0.6791116000)
(0.0971726700, -0.7320827000, 0.6742401000)
(0.0998134800, -0.7265412000, 0.6798335000)
(0.1038963000, -0.7260013000, 0.6797774000)
(0.1019741000, -0.7269028000, 0.6791061000)
(0.1037980000, -0.7257518000, 0.6800638000)
(0.1098274000, -0.7274688000, 0.6772894000)
(0.1096154000, -0.7244868000, 0.6805143000)
(0.1050497000, -0.7289206000, 0.6764696000)
(0.1014381000, -0.7300202000, 0.6758477000)
(0.0853664600, -0.7593037000, 0.6450891000)
(0.0000000000, 0.0000000000, 0.0000000000)
(0.0000000000, 0.0000000000, 0.0000000000)
(0.0000000000, 0.0000000000, 0.0000000000)
(0.0000000000, 0.0000000000, 0.0000000000)
(0.0000000000, 0.0000000000, 0.0000000000)
(0.0000000000, 0.0000000000, 0.0000000000)
(0.0000000000, 0.0000000000, 0.0000000000)
(0.0000000000, 0.0000000000, 0.0000000000)
(0.0000000000, 0.0000000000, 0.0000000000)
(0.0000000000, 0.0000000000, 0.0000000000)
(0.0000000000, 0.0000000000, 0.0000000000)
(0.0000000000, 0.0000000000, 0.0000000000)
(0.0000000000, 0.0000000000, 0.0000000000)
(0.0000000000, 0.0000000000, 0.0000000000)
(0.0000000000, 0.0000000000, 0.0000000000)
(0.0000000000, 0.0000000000, 0.0000000000)
(0.0000000000, 0.0000000000, 0.0000000000)
(0.1867073000, -0.7279321000, 0.6597204000)
(0.1853458000, -0.7358563000, 0.6512706000)
(0.1839460000, -0.7304698000, 0.6576814000)
(0.1859254000, -0.7354289000, 0.6515741000)
(0.1869635000, -0.7404693000, 0.6455543000)
(0.1902599000, -0.7347122000, 0.6511295000)
(0.1905209000, -0.7304122000, 0.6558809000)
(0.1876652000, -0.7289215000, 0.6583560000)
(0.1894172000, -0.7329080000, 0.6534133000)
(0.1901826000, -0.7326846000, 0.6534368000)
(0.1886774000, -0.7329215000, 0.6536221000)
(0.1832913000, -0.7324789000, 0.6556502000)
(0.1892848000, -0.7313166000, 0.6552411000)
(0.1906282000, -0.7286260000, 0.6578280000)
(0.1875798000, -0.7283769000, 0.6589919000)
(0.1889751000, -0.7265700000, 0.6605735000)
(0.1884593000, -0.7268690000, 0.6604055000)
(0.1887807000, -0.7260242000, 0.6612329000)
(0.1892698000, -0.7258243000, 0.6613256000)
(0.1893049000, -0.7241641000, 0.6631276000)
(0.1896423000, -0.7228982000, 0.6644000000)
(0.1897763000, -0.7208579000, 0.6665915000)
(0.1894408000, -0.7212018000, 0.6663151000)
(0.1895488000, -0.7229900000, 0.6643366000)
(0.1892935000, -0.7240962000, 0.6631984000)
(0.1882597000, -0.7243325000, 0.6632333000)
(0.1878955000, -0.7237437000, 0.6639817000)
(0.1875395000, -0.7240914000, 0.6636950000)
(0.1869473000, -0.7235224000, 0.6644970000)
(0.1892054000, -0.7214929000, 0.6660576000)
(0.1878264000, -0.7213934000, 0.6665641000)
(0.1877154000, -0.7216488000, 0.6663104000)
(0.1878239000, -0.7224238000, 0.6654412000)
(0.1875086000, -0.7220418000, 0.6659506000)
(0.1874831000, -0.7211947000, 0.6668662000)
(0.1871619000, -0.7207026000, 0.6674851000)
(0.1877485000, -0.7200186000, 0.6680523000)
(0.1880616000, -0.7201650000, 0.6678197000)
(0.1883692000, -0.7208607000, 0.6669892000)
(0.1883228000, -0.7217869000, 0.6659843000)
(0.1885104000, -0.7212849000, 0.6664844000)
(0.1883873000, -0.7213026000, 0.6664931000)
(0.1892759000, -0.7210523000, 0.6665037000)
(0.1888548000, -0.7208384000, 0.6668642000)
(0.1892766000, -0.7200108000, 0.6676322000)
(0.1897171000, -0.7208567000, 0.6665938000)
(0.1903225000, -0.7215388000, 0.6656913000)
(0.1905705000, -0.7211342000, 0.6660570000)
(0.1906122000, -0.7214042000, 0.6657613000)
(0.1903825000, -0.7209914000, 0.6662663000)
(0.1901101000, -0.7213625000, 0.6659524000)
(0.1904494000, -0.7211514000, 0.6660680000)
(0.1904035000, -0.7217605000, 0.6654226000)
(0.1903825000, -0.7212875000, 0.6659348000)
(0.1911252000, -0.7205425000, 0.6665452000)
(0.1877653000, -0.7234734000, 0.6643257000)
(0.1905649000, -0.7186527000, 0.6687471000)
(0.1895214000, -0.7170599000, 0.6707385000)
(0.1913881000, -0.7153053000, 0.6720851000)
(0.1928557000, -0.7156526000, 0.6712978000)
(0.1898410000, -0.7204008000, 0.6670632000)
(0.1827287000, -0.7230257000, 0.6662137000)
(0.0000000000, 0.0000000000, 0.0000000000)
(0.0000000000, 0.0000000000, 0.0000000000)
(0.0000000000, 0.0000000000, 0.0000000000)
(0.0000000000, 0.0000000000, 0.0000000000)
(0.0000000000, 0.0000000000, 0.0000000000)
(0.0000000000, 0.0000000000, 0.0000000000)
(0.0000000000, 0.0000000000, 0.0000000000)
(0.0000000000, 0.0000000000, 0.0000000000)
(0.0000000000, 0.0000000000, 0.0000000000)
(0.1488918000, -0.7232211000, 0.6743557000)
(0.1433527000, -0.7233799000, 0.6753950000)
(0.1512058000, -0.7152016000, 0.6823557000)
(0.1450559000, -0.7254453000, 0.6728045000)
(0.1533751000, -0.7144988000, 0.6825943000)
(0.1429323000, -0.7150400000, 0.6843026000)
(0.1491257000, -0.7144651000, 0.6835740000)
(0.1463177000, -0.7153494000, 0.6832727000)
(0.1457554000, -0.7149770000, 0.6837773000)
(0.1480613000, -0.7148574000, 0.6834053000)
(0.1513885000, -0.7117791000, 0.6858776000)
(0.1483252000, -0.7125567000, 0.6857451000)
(0.1462294000, -0.7126513000, 0.6860903000)
(0.1462106000, -0.7182530000, 0.6802423000)
(0.1433972000, -0.7243640000, 0.6743260000)
(0.1454366000, -0.7282689000, 0.6696625000)
(0.0000000000, 0.0000000000, 0.0000000000)
(0.0000000000, 0.0000000000, 0.0000000000)
(0.0000000000, 0.0000000000, 0.0000000000)
(0.0000000000, 0.0000000000, 0.0000000000)
(0.0000000000, 0.0000000000, 0.0000000000)
(0.0000000000, 0.0000000000, 0.0000000000)
(0.0000000000, 0.0000000000, 0.0000000000)
(0.0000000000, 0.0000000000, 0.0000000000)
(0.0000000000, 0.0000000000, 0.0000000000)
(0.0000000000, 0.0000000000, 0.0000000000)
(0.0000000000, 0.0000000000, 0.0000000000)
(0.0000000000, 0.0000000000, 0.0000000000)
(0.0000000000, 0.0000000000, 0.0000000000)
(0.1264758000, -0.7282671000, 0.6735040000)
(0.1255575000, -0.7252540000, 0.6769152000)
(0.1235658000, -0.7210469000, 0.6817686000)
(0.1242878000, -0.7279922000, 0.6742116000)
(0.1253902000, -0.7231856000, 0.6791545000)
(0.1213530000, -0.7232196000, 0.6798679000)
(0.1208547000, -0.7206987000, 0.6826103000)
(0.1224201000, -0.7195452000, 0.6835575000)
(0.1199638000, -0.7194540000, 0.6840792000)
(0.1195127000, -0.7217467000, 0.6817414000)
(0.1200776000, -0.7244045000, 0.6788203000)
(0.1200412000, -0.7192092000, 0.6843253000)
(0.1247048000, -0.7224096000, 0.6801143000)
(0.1273135000, -0.7228689000, 0.6791344000)
(0.1256211000, -0.7230368000, 0.6792741000)
(0.1256588000, -0.7236523000, 0.6786133000)
(0.1238604000, -0.7264040000, 0.6760055000)
(0.1273528000, -0.7234659000, 0.6784955000)
(0.1277552000, -0.7234602000, 0.6784200000)
(0.1274695000, -0.7230554000, 0.6789206000)
(0.1252275000, -0.7230428000, 0.6793360000)
(0.1224913000, -0.7238567000, 0.6789859000)
(0.1220670000, -0.7235943000, 0.6793436000)
(0.1257683000, -0.7251700000, 0.6769825000)
(0.1657497000, -0.7047363000, 0.6898223000)
(0.1678764000, -0.6993859000, 0.6947480000)
(0.1723321000, -0.7098857000, 0.6829053000)
(0.1754793000, -0.7118058000, 0.6800840000)
(0.1758171000, -0.7141650000, 0.6775188000)
(0.1749030000, -0.7142764000, 0.6776504000)
(0.1747260000, -0.7138430000, 0.6781548000)
(0.1742700000, -0.7103546000, 0.6819063000)
(0.1743801000, -0.7091503000, 0.6831397000)
(0.1753414000, -0.7063614000, 0.6857760000)
(0.1746756000, -0.7054255000, 0.6869022000)
(0.1742328000, -0.7056847000, 0.6867630000)
(0.1766514000, -0.7068554000, 0.6849350000)
(0.1770456000, -0.7089266000, 0.6826887000)
(0.1775251000, -0.7079166000, 0.6836116000)
(0.1783097000, -0.7060052000, 0.6853762000)
(0.1774796000, -0.7049839000, 0.6866482000)
(0.1782275000, -0.7036138000, 0.6878643000)
(0.1780196000, -0.7038722000, 0.6876564000)
(0.1773305000, -0.7039629000, 0.6877416000)
(0.1767958000, -0.7047883000, 0.6870217000)
(0.1776259000, -0.7061374000, 0.6854306000)
(0.1777978000, -0.7058589000, 0.6856534000)
(0.1785917000, -0.7052249000, 0.6861114000)
(0.1783157000, -0.7056060000, 0.6857976000)
(0.1773016000, -0.7073898000, 0.6842211000)
(0.1769211000, -0.7094414000, 0.6821947000)
(0.1771354000, -0.7097929000, 0.6817667000)
(0.1768032000, -0.7089993000, 0.6826657000)
(0.1766020000, -0.7067657000, 0.6850392000)
(0.1764967000, -0.7055767000, 0.6862870000)
(0.1764112000, -0.7060105000, 0.6858717000)
(0.1763889000, -0.7052042000, 0.6866962000)
(0.1765204000, -0.7054991000, 0.6863614000)
(0.1754056000, -0.7057074000, 0.6864339000)
(0.1757579000, -0.7046352000, 0.6874533000)
(0.1763339000, -0.7049680000, 0.6869642000)
(0.1762845000, -0.7054675000, 0.6864583000)
(0.1758669000, -0.7053105000, 0.6867162000)
(0.1765870000, -0.7043296000, 0.6875516000)
(0.1769527000, -0.7037608000, 0.6880398000)
(0.1770233000, -0.7040372000, 0.6877293000)
(0.1764150000, -0.7035651000, 0.6883729000)
(0.1765891000, -0.7032115000, 0.6886785000)
(0.1767688000, -0.7037356000, 0.6881099000)
(0.1771343000, -0.7037558000, 0.6879846000)
(0.1773138000, -0.7032964000, 0.6884180000)
(0.1777114000, -0.7032247000, 0.6883817000)
(0.1776690000, -0.7027010000, 0.6889378000)
(0.1773269000, -0.7028526000, 0.6888694000)
(0.1783251000, -0.7029787000, 0.6884786000)
(0.1777458000, -0.7024582000, 0.6891606000)
(0.1769604000, -0.7011160000, 0.6907310000)
(0.1770961000, -0.7017425000, 0.6900489000)
(0.1771419000, -0.7019618000, 0.6898235000)
(0.1773403000, -0.7009058000, 0.6908359000)
(0.1770786000, -0.7003168000, 0.6915112000)
(0.1771708000, -0.7004426000, 0.6913547000)
(0.1771982000, -0.6995747000, 0.6922375000)
(0.1773581000, -0.6993675000, 0.6923925000)
(0.1765824000, -0.6994968000, 0.6924540000)
(0.1764720000, -0.6996690000, 0.6923245000)
(0.1764798000, -0.6996346000, 0.6923528000)
(0.1763796000, -0.7001512000, 0.6918514000)
(0.1760916000, -0.6995457000, 0.6925284000)
(0.1761476000, -0.6994510000, 0.6926268000)
(0.1760530000, -0.6990443000, 0.6930631000)
(0.1762604000, -0.6989954000, 0.6930428000)
(0.1751292000, -0.6996639000, 0.6926582000)
(0.1748048000, -0.6997122000, 0.6927002000)
(0.1748233000, -0.6996278000, 0.6927773000)
(0.1750367000, -0.6997026000, 0.6926520000)
(0.1748583000, -0.6998502000, 0.6925372000)
(0.1751087000, -0.6997886000, 0.6925380000)
(0.1748613000, -0.6995438000, 0.6928441000)
(0.1748566000, -0.6996737000, 0.6927254000)
(0.1747832000, -0.7000917000, 0.6923227000)
(0.1750320000, -0.7008362000, 0.6914974000)
(0.1754738000, -0.7007914000, 0.6914464000)
(0.1761238000, -0.7009701000, 0.6910899000)
(0.1761339000, -0.7010747000, 0.6909705000)
(0.1756506000, -0.7007697000, 0.6914100000)
(0.1759190000, -0.7005866000, 0.6915215000)
(0.1762075000, -0.7003528000, 0.6916971000)
(0.1763356000, -0.7004580000, 0.6915511000)
(0.1765106000, -0.6998700000, 0.6921154000)
(0.1760579000, -0.7004936000, 0.6915941000)
(0.1766467000, -0.7004469000, 0.6914772000)
(0.1757814000, -0.7016851000, 0.6904433000)
(0.1758924000, -0.7020525000, 0.6900417000)
(0.1763875000, -0.7030764000, 0.6888728000)
(0.1763302000, -0.7029726000, 0.6889959000)
(0.1750461000, -0.7015688000, 0.6907507000)
(0.1740865000, -0.7011413000, 0.6914366000)
(0.1736252000, -0.7014628000, 0.6912129000)
(0.1734534000, -0.7017144000, 0.6910006000)
(0.1732627000, -0.7020567000, 0.6907163000)
(0.1729792000, -0.7025166000, 0.6903093000)
(0.1757495000, -0.7059618000, 0.6860879000)
(0.1769887000, -0.7054548000, 0.6862804000)
(0.1786462000, -0.7063949000, 0.6848939000)
(0.1757236000, -0.7067248000, 0.6852962000)
(0.1707543000, -0.7054390000, 0.6878798000)
(0.1704857000, -0.7055306000, 0.6878572000)
(0.1702093000, -0.7046960000, 0.6887693000)
(0.1702976000, -0.7055053000, 0.6879367000)
(0.1709662000, -0.7057298000, 0.6875221000)
(0.1712393000, -0.7057308000, 0.6874543000)
(0.1721587000, -0.7058069000, 0.6871532000)
(0.1718458000, -0.7054752000, 0.6875679000)
(0.1747024000, -0.7048489000, 0.6874954000)
(0.1761463000, -0.7046439000, 0.6873296000)
(0.1752976000, -0.7049462000, 0.6872517000)
(0.1750558000, -0.7034836000, 0.6888037000)
(0.1750459000, -0.7010207000, 0.6913089000)
(0.1743495000, -0.7006820000, 0.6918329000)
(0.1747795000, -0.7001402000, 0.6922669000)
(0.1745115000, -0.6999971000, 0.6924750000)
(0.1737092000, -0.7001847000, 0.6925048000)
(0.1734116000, -0.7004340000, 0.6923148000)
(0.1736840000, -0.7005471000, 0.6921296000)
(0.1745012000, -0.7001601000, 0.6923127000)
(0.1748260000, -0.7007420000, 0.6916525000)
(0.1745640000, -0.7016208000, 0.6908234000)
(0.1742142000, -0.7012250000, 0.6913120000)
(0.1735412000, -0.6992566000, 0.6934701000)
(0.1737321000, -0.6980191000, 0.6946683000)
(0.1743854000, -0.6978595000, 0.6946769000)
(0.1745691000, -0.6983806000, 0.6941055000)
(0.1757388000, -0.6984434000, 0.6937488000)
(0.1760741000, -0.6990275000, 0.6930776000)
(0.1752240000, -0.7010591000, 0.6912196000)
(0.1750049000, -0.7016076000, 0.6907196000)
(0.1720918000, -0.7050157000, 0.6879848000)
(0.1710722000, -0.7045310000, 0.6887434000)
(0.1719959000, -0.7030399000, 0.6900303000)
(0.1721477000, -0.7002311000, 0.6928443000)
(0.1726210000, -0.6988522000, 0.6941152000)
(0.1721870000, -0.6988751000, 0.6942034000)
(0.1716066000, -0.6984947000, 0.6947279000)
(0.1713329000, -0.6986061000, 0.6946687000)
(0.1711705000, -0.6978966000, 0.6954380000)
(0.1714482000, -0.6979589000, 0.6952990000)
(0.1713567000, -0.6980879000, 0.6951933000)
(0.1710870000, -0.6976129000, 0.6957445000)
(0.1719877000, -0.6970516000, 0.6960834000)
(0.1730205000, -0.6972014000, 0.6956719000)
(0.1733070000, -0.6967089000, 0.6961036000)
(0.1732290000, -0.6988553000, 0.6939631000)
(0.1732974000, -0.6986660000, 0.6941398000)
(0.1740571000, -0.6995046000, 0.6930858000)
(0.1743235000, -0.6991591000, 0.6933848000)
(0.1741757000, -0.6999469000, 0.6926248000)
(0.1741365000, -0.6999025000, 0.6926650000)
(0.1748381000, -0.6995299000, 0.6928684000)
(0.1746418000, -0.6994177000, 0.6930457000)
(0.1750772000, -0.6996303000, 0.6927221000)
(0.1747618000, -0.6996457000, 0.6927822000)
(0.1741895000, -0.6993719000, 0.6932018000)
(0.1746679000, -0.6988887000, 0.6935610000)
(0.1748634000, -0.6989207000, 0.6934801000)
(0.1750242000, -0.6989307000, 0.6934303000)
(0.1747672000, -0.6991525000, 0.6932688000)
(0.1749769000, -0.6993461000, 0.6930230000)
(0.1748144000, -0.7014685000, 0.6909105000)
(0.1751241000, -0.7010236000, 0.6912874000)
(0.1747847000, -0.7018340000, 0.6905432000)
(0.1748932000, -0.7013549000, 0.6910087000)
(0.1749047000, -0.7015462000, 0.6908080000)
(0.1748025000, -0.7015958000, 0.6907923000)
(0.1749410000, -0.7010314000, 0.6913319000)
(0.1747165000, -0.7010335000, 0.6913871000)
(0.1747928000, -0.7006156000, 0.6917847000)
(0.1746510000, -0.7006607000, 0.6917742000)
(0.1740752000, -0.7005686000, 0.6920056000)
(0.1742928000, -0.7000302000, 0.6924942000)
(0.1745499000, -0.7001188000, 0.6923414000)
(0.1747896000, -0.6993003000, 0.6931238000)
(0.1740957000, -0.7013412000, 0.6912346000)
(0.1741191000, -0.7018918000, 0.6906583000)
(0.1743609000, -0.7017548000, 0.6907387000)
(0.1745487000, -0.7009528000, 0.6915171000)
(0.1745871000, -0.6997813000, 0.6926829000)
(0.1746535000, -0.6989487000, 0.6935076000)
(0.1749835000, -0.7004382000, 0.6919174000)
(0.1751112000, -0.7004581000, 0.6918666000)
(0.1756129000, -0.7002201000, 0.6919767000)
(0.1754949000, -0.7008387000, 0.6913912000)
(0.1745484000, -0.7018972000, 0.6905409000)
(0.1748758000, -0.7008242000, 0.6915506000)
(0.1743747000, -0.7007760000, 0.6917225000)
(0.1739596000, -0.7002948000, 0.6923125000)
(0.1751303000, -0.6997190000, 0.6926049000)
(0.1752229000, -0.6994585000, 0.6928478000)
(0.1766757000, -0.6985005000, 0.6934511000)
(0.1761074000, -0.6982811000, 0.6938111000)
(0.1750619000, -0.6980010000, 0.6943468000)
(0.1750714000, -0.6982975000, 0.6940474000)
(0.1742793000, -0.6993017000, 0.6932396000)
(0.1740911000, -0.6992023000, 0.6933946000)
(0.1764158000, -0.6977568000, 0.6942509000)
(0.1770253000, -0.6971014000, 0.6947686000)
(0.1781408000, -0.6979213000, 0.6936479000)
(0.1769929000, -0.6989027000, 0.6929583000)
(0.1759475000, -0.6990448000, 0.6930876000)
(0.1760141000, -0.6993192000, 0.6927903000)
(0.1753384000, -0.6991065000, 0.6931733000)
(0.1754979000, -0.6976478000, 0.6946012000)
(0.1750260000, -0.6974927000, 0.6948763000)
(0.1745481000, -0.6973704000, 0.6951113000)
(0.1753165000, -0.6974500000, 0.6948439000)
(0.1751915000, -0.6973546000, 0.6949658000)
(0.1757966000, -0.6979390000, 0.6942263000)
(0.1752102000, -0.6981852000, 0.6941407000)
(0.1746335000, -0.6987104000, 0.6937591000)
(0.1745308000, -0.6994608000, 0.6930237000)
(0.1749044000, -0.6989682000, 0.6934186000)
(0.1747712000, -0.6986062000, 0.6938135000)
(0.1747402000, -0.6988018000, 0.6936303000)
(0.1729463000, -0.7009890000, 0.6918815000)
(0.1730452000, -0.7008075000, 0.6920421000)
(0.1737779000, -0.7001919000, 0.6924606000)
(0.1737065000, -0.7002565000, 0.6924308000)
(0.1743797000, -0.7004324000, 0.6920835000)
(0.1740471000, -0.7015114000, 0.6910562000)
(0.1745672000, -0.7006719000, 0.6917906000)
(0.1745637000, -0.7003027000, 0.6921536000)
(0.1739970000, -0.7001686000, 0.6924447000)
(0.1739277000, -0.7004659000, 0.6921538000)
(0.1746963000, -0.7005022000, 0.6919155000)
(0.1753539000, -0.7001635000, 0.6921111000)
(0.1754573000, -0.7004718000, 0.6917727000)
(0.1750118000, -0.7008505000, 0.6914901000)
(0.1745119000, -0.7006450000, 0.6918325000)
(0.1744757000, -0.7009343000, 0.6915357000)
(0.1753691000, -0.7006057000, 0.6916621000)
(0.1754003000, -0.6998946000, 0.6923590000)
(0.1752201000, -0.7005357000, 0.6917529000)
(0.1752241000, -0.7001684000, 0.6921398000)
(0.1762151000, -0.6986634000, 0.6934039000)
(0.1762544000, -0.6984038000, 0.6936541000)
(0.1764594000, -0.6984993000, 0.6934918000)
(0.1764343000, -0.6984168000, 0.6935878000)
(0.1770119000, -0.6982811000, 0.6935785000)
(0.1764655000, -0.6985002000, 0.6934965000)
(0.1765432000, -0.6984202000, 0.6935530000)
(0.1768248000, -0.6986168000, 0.6933003000)
(0.1759783000, -0.6985903000, 0.6935425000)
(0.1759025000, -0.6985836000, 0.6935688000)
(0.1763712000, -0.6982418000, 0.6937870000)
(0.1764838000, -0.6985040000, 0.6934850000)
(0.1767707000, -0.6986316000, 0.6932986000)
(0.1775270000, -0.6982610000, 0.6934661000)
(0.1774166000, -0.6992403000, 0.6925059000)
(0.1780255000, -0.6993462000, 0.6922501000)
(0.1789772000, -0.6993114000, 0.6920327000)
(0.1845995000, -0.6984390000, 0.6914338000)
(0.1809904000, -0.6972598000, 0.6935793000)
(0.1724798000, -0.6879748000, 0.7049248000)
(0.0000000000, 0.0000000000, 0.0000000000)
(0.0000000000, 0.0000000000, 0.0000000000)
(0.0000000000, 0.0000000000, 0.0000000000)
(0.0000000000, 0.0000000000, 0.0000000000)
(0.0000000000, 0.0000000000, 0.0000000000)
(0.0000000000, 0.0000000000, 0.0000000000)
(0.0000000000, 0.0000000000, 0.0000000000)
(0.1398956000, -0.6901486000, 0.7100030000)
(0.1425064000, -0.6803985000, 0.7188426000)
(0.1481196000, -0.6896060000, 0.7088686000)
(0.1547169000, -0.6827088000, 0.7141144000)
(0.1498822000, -0.6883943000, 0.7096661000)
(0.1525607000, -0.6851576000, 0.7122240000)
(0.1530836000, -0.6890861000, 0.7083061000)
(0.1551993000, -0.6903784000, 0.7065934000)
(0.1591393000, -0.6994710000, 0.6967098000)
(0.1557938000, -0.7023106000, 0.6946084000)
(0.1554462000, -0.6985002000, 0.6985183000)
(0.1517798000, -0.6892107000, 0.7084692000)
(0.1553137000, -0.6930610000, 0.7039471000)
(0.1562065000, -0.6976078000, 0.6992243000)
(0.1559686000, -0.6990428000, 0.6978580000)
(0.1549619000, -0.6926882000, 0.7043897000)
(0.1543921000, -0.6851947000, 0.7117866000)
(0.1538971000, -0.6853031000, 0.7118094000)
(0.1538407000, -0.6854903000, 0.7116325000)
(0.1529156000, -0.6878744000, 0.7095327000)
(0.1527397000, -0.6888208000, 0.7086368000)
(0.1521814000, -0.6894523000, 0.7081508000)
(0.1520586000, -0.6894339000, 0.7081974000)
(0.1525484000, -0.6970137000, 0.7006232000)
(0.1534547000, -0.6964211000, 0.7010258000)
(0.1525193000, -0.6959702000, 0.7016826000)
(0.1520534000, -0.6962081000, 0.7015381000)
(0.1510009000, -0.6965642000, 0.7014030000)
(0.1495468000, -0.6940296000, 0.7042317000)
(0.1495583000, -0.6926405000, 0.7055905000)
(0.1489369000, -0.6932532000, 0.7051158000)
(0.1481135000, -0.6948256000, 0.7037408000)
(0.1454232000, -0.6993959000, 0.6997765000)
(0.1449942000, -0.6974336000, 0.7018166000)
(0.1463818000, -0.6930889000, 0.7058141000)
(0.1422682000, -0.7038689000, 0.6959322000)
(0.0000000000, 0.0000000000, 0.0000000000)
(0.0000000000, 0.0000000000, 0.0000000000)
(0.0000000000, 0.0000000000, 0.0000000000)
(0.0000000000, 0.0000000000, 0.0000000000)
(0.0000000000, 0.0000000000, 0.0000000000)
(0.0000000000, 0.0000000000, 0.0000000000)
(0.0000000000, 0.0000000000, 0.0000000000)
(0.0000000000, 0.0000000000, 0.0000000000)
(0.0000000000, 0.0000000000, 0.0000000000)
(0.0000000000, 0.0000000000, 0.0000000000)
(0.1310700000, -0.7220494000, 0.6792970000)
(0.1330992000, -0.7151719000, 0.6861445000)
(0.1290177000, -0.7214653000, 0.6803105000)
(0.1250808000, -0.7239612000, 0.6784025000)
(0.1211588000, -0.7152308000, 0.6882984000)
(0.1222507000, -0.7118242000, 0.6916173000)
(0.1291942000, -0.7131058000, 0.6890429000)
(0.1257085000, -0.7142022000, 0.6885386000)
(0.1251009000, -0.7180972000, 0.6845936000)
(0.1275599000, -0.7199256000, 0.6822159000)
(0.1321121000, -0.7240471000, 0.6769578000)
(0.1366181000, -0.7265515000, 0.6733844000)
(0.1372900000, -0.7275085000, 0.6722099000)
(0.1374338000, -0.7287232000, 0.6708699000)
(0.1281393000, -0.7260146000, 0.6756213000)
(0.1340275000, -0.7279376000, 0.6723940000)
(0.1331774000, -0.7273206000, 0.6732432000)
(0.1255503000, -0.7226839000, 0.6796677000)
(0.1225948000, -0.7196690000, 0.6834006000)
(0.1236046000, -0.7205831000, 0.6822574000)
(0.1257142000, -0.7204849000, 0.6819571000)
(0.1268570000, -0.7210902000, 0.6811096000)
(0.1264827000, -0.7221423000, 0.6800801000)
(0.1263605000, -0.7212902000, 0.6809975000)
(0.1277364000, -0.7203540000, 0.6817295000)
(0.1288904000, -0.7201611000, 0.6817133000)
(0.1283615000, -0.7209125000, 0.6810336000)
(0.1281438000, -0.7200975000, 0.6819287000)
(0.1266345000, -0.7187423000, 0.6836315000)
(0.1263810000, -0.7186874000, 0.6837388000)
(0.1257211000, -0.7181382000, 0.6844393000)
(0.1250759000, -0.7179235000, 0.6847872000)
(0.1248090000, -0.7179266000, 0.6848264000)
(0.1262940000, -0.7150111000, 0.6876026000)
(0.1287047000, -0.7160204000, 0.6861017000)
(0.1297533000, -0.7162327000, 0.6856855000)
(0.1281270000, -0.7146339000, 0.6876467000)
(0.1275428000, -0.7132349000, 0.6892141000)
(0.1279000000, -0.7129494000, 0.6894315000)
(0.1287106000, -0.7136655000, 0.6885515000)
(0.1290548000, -0.7126313000, 0.6895536000)
(0.1288511000, -0.7122645000, 0.6899776000)
(0.1281136000, -0.7118984000, 0.6904967000)
(0.1277706000, -0.7113436000, 0.6911176000)
(0.1275966000, -0.7115856000, 0.6909039000)
(0.1272789000, -0.7114074000, 0.6911386000)
(0.1268250000, -0.7114831000, 0.6911452000)
(0.1267459000, -0.7112696000, 0.6913895000)
(0.1267256000, -0.7111935000, 0.6914626000)
(0.1262961000, -0.7110779000, 0.6916662000)
(0.1584533000, -0.7104691000, 0.6856430000)
(0.1988022000, -0.7018720000, 0.6839898000)
(0.2084629000, -0.6877986000, 0.6953074000)
(0.2124637000, -0.6836516000, 0.6981958000)
(0.2112258000, -0.6855969000, 0.6966606000)
(0.2156195000, -0.6981106000, 0.6827336000)
(0.2162492000, -0.7015456000, 0.6790171000)
(0.2159061000, -0.6992483000, 0.6814785000)
(0.2173448000, -0.6987199000, 0.6815608000)
(0.2173943000, -0.6985471000, 0.6817338000)
(0.2174888000, -0.6988638000, 0.6813729000)
(0.2179426000, -0.6964785000, 0.6836689000)
(0.2175767000, -0.6964874000, 0.6837763000)
(0.2165990000, -0.6950888000, 0.6855038000)
(0.2154684000, -0.6950317000, 0.6859270000)
(0.2152849000, -0.6956201000, 0.6853894000)
(0.2156264000, -0.6959051000, 0.6849927000)
(0.2142805000, -0.6942139000, 0.6871150000)
(0.2138008000, -0.6908863000, 0.6906149000)
(0.2147211000, -0.6906155000, 0.6906050000)
(0.2145585000, -0.6915826000, 0.6896744000)
(0.2160810000, -0.6976641000, 0.6830592000)
(0.2161741000, -0.6975464000, 0.6831383000)
(0.2152918000, -0.6979018000, 0.6830506000)
(0.2165631000, -0.6976318000, 0.6829197000)
(0.2162637000, -0.6978189000, 0.6828318000)
(0.2162642000, -0.6974800000, 0.6831851000)
(0.2161434000, -0.6968193000, 0.6838850000)
(0.2163524000, -0.6967595000, 0.6838793000)
(0.2164970000, -0.6965268000, 0.6840674000)
(0.2164089000, -0.6964382000, 0.6842046000)
(0.2173257000, -0.6950685000, 0.6852974000)
(0.2171260000, -0.6948054000, 0.6856294000)
(0.2170953000, -0.6958978000, 0.6845255000)
(0.2167225000, -0.6957264000, 0.6848234000)
(0.2162164000, -0.6964177000, 0.6842852000)
(0.2165317000, -0.6966908000, 0.6838952000)
(0.2170167000, -0.6963716000, 0.6840622000)
(0.2171312000, -0.6973290000, 0.6830579000)
(0.2188151000, -0.6996418000, 0.6801418000)
(0.2134557000, -0.6987320000, 0.6827852000)
(0.2178508000, -0.7014236000, 0.6786318000)
(0.1973684000, -0.7144446000, 0.6712564000)
(0.0000000000, 0.0000000000, 0.0000000000)
(0.0000000000, 0.0000000000, 0.0000000000)
(0.0000000000, 0.0000000000, 0.0000000000)
(0.0000000000, 0.0000000000, 0.0000000000)
(0.0000000000, 0.0000000000, 0.0000000000)
(0.0000000000, 0.0000000000, 0.0000000000)
(0.0000000000, 0.0000000000, 0.0000000000)
(0.0000000000, 0.0000000000, 0.0000000000)
(0.0000000000, 0.0000000000, 0.0000000000)
(0.0000000000, 0.0000000000, 0.0000000000)
(0.2192713000, -0.6969379000, 0.6827742000)
(0.1988815000, -0.6894263000, 0.6965150000)
(0.2020677000, -0.7105739000, 0.6739657000)
(0.2049951000, -0.6920896000, 0.6920844000)
(0.2112529000, -0.6950456000, 0.6872073000)
(0.2133411000, -0.6924962000, 0.6891415000)
(0.2197017000, -0.6901806000, 0.6894571000)
(0.2101011000, -0.6936264000, 0.6890059000)
(0.2100084000, -0.6939387000, 0.6887163000)
(0.2071493000, -0.6946097000, 0.6888984000)
(0.2118796000, -0.6987203000, 0.6832839000)
(0.2152503000, -0.6966230000, 0.6843665000)
(0.2159224000, -0.6941448000, 0.6866673000)
(0.2127912000, -0.6973298000, 0.6844122000)
(0.2110443000, -0.6953159000, 0.6870017000)
(0.2124577000, -0.6984316000, 0.6834110000)
(0.2100157000, -0.6965224000, 0.6860914000)
(0.2139224000, -0.6966026000, 0.6848105000)
(0.2076754000, -0.6969740000, 0.6863501000)
(0.2092159000, -0.6971962000, 0.6856598000)
(0.2080725000, -0.6968428000, 0.6863692000)
(0.2060001000, -0.6985357000, 0.6852699000)
(0.2057307000, -0.6980653000, 0.6858249000)
(0.2067031000, -0.6988308000, 0.6847557000)
(0.2072444000, -0.6981529000, 0.6852966000)
(0.2056910000, -0.6968988000, 0.6870222000)
(0.2055077000, -0.6953793000, 0.6886290000)
(0.2057881000, -0.6954260000, 0.6884987000)
(0.2060487000, -0.6960845000, 0.6877509000)
(0.2055587000, -0.6962813000, 0.6876898000)
(0.2043302000, -0.6963969000, 0.6879409000)
(0.2046926000, -0.6958148000, 0.6884344000)
(0.2051625000, -0.6968530000, 0.6872394000)
(0.2036203000, -0.6977795000, 0.6867555000)
(0.2035778000, -0.6974861000, 0.6870546000)
(0.2030784000, -0.6976904000, 0.6869953000)
(0.2030623000, -0.6977983000, 0.6869034000)
(0.2033758000, -0.6983455000, 0.6862416000)
(0.2039448000, -0.6988239000, 0.6855816000)
(0.2042381000, -0.6988049000, 0.6855339000)
(0.2036369000, -0.7004808000, 0.6839936000)
(0.2090752000, -0.6950678000, 0.6878566000)
(0.2067149000, -0.6994098000, 0.6841532000)
(0.1992086000, -0.7015805000, 0.6841695000)
(0.0000000000, 0.0000000000, 0.0000000000)
(0.0000000000, 0.0000000000, 0.0000000000)
(0.0000000000, 0.0000000000, 0.0000000000)
(0.0000000000, 0.0000000000, 0.0000000000)
(0.0000000000, 0.0000000000, 0.0000000000)
(0.0000000000, 0.0000000000, 0.0000000000)
(0.0000000000, 0.0000000000, 0.0000000000)
(0.0000000000, 0.0000000000, 0.0000000000)
(0.0000000000, 0.0000000000, 0.0000000000)
(0.0000000000, 0.0000000000, 0.0000000000)
(0.0000000000, 0.0000000000, 0.0000000000)
(0.0000000000, 0.0000000000, 0.0000000000)
(0.0000000000, 0.0000000000, 0.0000000000)
(0.2129307000, -0.7149847000, 0.6659090000)
(0.2095655000, -0.7185065000, 0.6631951000)
(0.2102100000, -0.7148457000, 0.6669220000)
(0.2095426000, -0.7215735000, 0.6598551000)
(0.2073310000, -0.7169775000, 0.6655351000)
(0.2100579000, -0.7211832000, 0.6601236000)
(0.2038981000, -0.7242789000, 0.6586470000)
(0.2039391000, -0.7226275000, 0.6604629000)
(0.2093113000, -0.7205546000, 0.6610298000)
(0.2106413000, -0.7176244000, 0.6638041000)
(0.2082028000, -0.7186502000, 0.6634548000)
(0.2054863000, -0.7226021000, 0.6600022000)
(0.2044729000, -0.7202404000, 0.6628957000)
(0.2082111000, -0.7185495000, 0.6635700000)
(0.2070313000, -0.7189390000, 0.6635062000)
(0.2115179000, -0.7210018000, 0.6598377000)
(0.2077359000, -0.7124475000, 0.6702489000)
(0.2083752000, -0.7172375000, 0.6649434000)
(0.2102621000, -0.7202000000, 0.6611174000)
(0.2109424000, -0.7181479000, 0.6631280000)
(0.2082218000, -0.7191567000, 0.6629122000)
(0.2082997000, -0.7156505000, 0.6666715000)
(0.2059604000, -0.7178898000, 0.6649874000)
(0.2076329000, -0.7109156000, 0.6719108000)
(0.2055974000, -0.7065916000, 0.6770789000)
(0.2054681000, -0.7082602000, 0.6753829000)
(0.2072684000, -0.7098135000, 0.6731905000)
(0.2098559000, -0.7101541000, 0.6720203000)
(0.2100167000, -0.7127361000, 0.6692510000)
(0.2116808000, -0.7137976000, 0.6675778000)
(0.2089803000, -0.7143226000, 0.6678627000)
(0.2062758000, -0.7156853000, 0.6672592000)
(0.2068314000, -0.7165001000, 0.6662133000)
(0.2065934000, -0.7089014000, 0.6743671000)
(0.2070209000, -0.7088078000, 0.6743251000)
(0.2069719000, -0.7091148000, 0.6740267000)
(0.2067042000, -0.7092148000, 0.6739889000)
(0.2069410000, -0.7093506000, 0.6737821000)
(0.2075548000, -0.7087854000, 0.6741883000)
(0.2092168000, -0.7107204000, 0.6716402000)
(0.2091168000, -0.7127461000, 0.6695133000)
(0.2082446000, -0.7156070000, 0.6667264000)
(0.2087427000, -0.7152430000, 0.6669585000)
(0.2094134000, -0.7103658000, 0.6719499000)
(0.2107413000, -0.7086817000, 0.6732996000)
(0.2110274000, -0.7080458000, 0.6738897000)
(0.2111707000, -0.7069252000, 0.6750066000)
(0.2115583000, -0.7066888000, 0.6751370000)
(0.2111918000, -0.7068264000, 0.6751074000)
(0.2109852000, -0.7086164000, 0.6732973000)
(0.2126585000, -0.7088612000, 0.6725125000)
(0.2117323000, -0.7083306000, 0.6733640000)
(0.2115110000, -0.7076291000, 0.6741657000)
(0.2118030000, -0.7078266000, 0.6738778000)
(0.2120281000, -0.7079988000, 0.6736240000)
(0.2128923000, -0.7085757000, 0.6727381000)
(0.2123920000, -0.7096358000, 0.6717927000)
(0.2127037000, -0.7097694000, 0.6715374000)
(0.2126779000, -0.7095968000, 0.6717327000)
(0.2128489000, -0.7092328000, 0.6720631000)
(0.2141794000, -0.7083780000, 0.6725474000)
(0.2144999000, -0.7089403000, 0.6718465000)
(0.2147334000, -0.7091903000, 0.6715097000)
(0.1738213000, -0.7153703000, 0.6767731000)
(0.1764793000, -0.7151261000, 0.6763430000)
(0.1746324000, -0.7145403000, 0.6774290000)
(0.1745904000, -0.7144946000, 0.6774863000)
(0.1741582000, -0.7127922000, 0.6793849000)
(0.1744813000, -0.7106784000, 0.6815271000)
(0.1746514000, -0.7099536000, 0.6822324000)
(0.1744611000, -0.7104234000, 0.6818028000)
(0.1742687000, -0.7105086000, 0.6817480000)
(0.1749536000, -0.7100122000, 0.6820948000)
(0.1768441000, -0.7084509000, 0.6832365000)
(0.1773513000, -0.7076206000, 0.6839696000)
(0.1775332000, -0.7077487000, 0.6837915000)
(0.1778353000, -0.7078398000, 0.6836129000)
(0.1781813000, -0.7083937000, 0.6829486000)
(0.1785397000, -0.7082064000, 0.6830352000)
(0.1795819000, -0.7085978000, 0.6823553000)
(0.1794506000, -0.7071802000, 0.6838722000)
(0.1795989000, -0.7071702000, 0.6838433000)
(0.1799418000, -0.7068238000, 0.6841154000)
(0.1797530000, -0.7065753000, 0.6844131000)
(0.1800657000, -0.7053280000, 0.6856205000)
(0.1799985000, -0.7052581000, 0.6857096000)
(0.1798263000, -0.7050213000, 0.6859880000)
(0.1808232000, -0.7049219000, 0.6858326000)
(0.1806653000, -0.7045143000, 0.6863053000)
(0.1807431000, -0.7040516000, 0.6867455000)
(0.1802879000, -0.7039964000, 0.6869239000)
(0.1801026000, -0.7038355000, 0.6871426000)
(0.1802949000, -0.7039528000, 0.6869698000)
(0.1799278000, -0.7043563000, 0.6866576000)
(0.1793770000, -0.7041088000, 0.6870494000)
(0.1798665000, -0.7041449000, 0.6868892000)
(0.1797158000, -0.7043058000, 0.6867635000)
(0.1804218000, -0.7042402000, 0.6866510000)
(0.1808069000, -0.7039551000, 0.6868253000)
(0.1806703000, -0.7039204000, 0.6869144000)
(0.1803094000, -0.7032842000, 0.6876497000)
(0.1802815000, -0.7030964000, 0.6878477000)
(0.1800959000, -0.7028989000, 0.6881121000)
(0.1789542000, -0.7028525000, 0.6884421000)
(0.1789204000, -0.7032409000, 0.6880596000)
(0.1797394000, -0.7023334000, 0.6887817000)
(0.1807082000, -0.7022083000, 0.6886464000)
(0.1811713000, -0.7030488000, 0.6876697000)
(0.1815909000, -0.7021624000, 0.6884524000)
(0.1814732000, -0.7012854000, 0.6893886000)
(0.1812862000, -0.7010891000, 0.6896247000)
(0.1802886000, -0.7044860000, 0.6864225000)
(0.1812027000, -0.7047529000, 0.6859190000)
(0.1794444000, -0.7048927000, 0.6862265000)
(0.1795061000, -0.7040383000, 0.6870812000)
(0.1839202000, -0.6942534000, 0.6958126000)
(0.1828185000, -0.6956815000, 0.6946771000)
(0.1827659000, -0.6967222000, 0.6936643000)
(0.1825713000, -0.6974874000, 0.6929405000)
(0.1823218000, -0.6990416000, 0.6914302000)
(0.1817416000, -0.7001116000, 0.6905155000)
(0.1821829000, -0.6999966000, 0.6905168000)
(0.1823425000, -0.6989466000, 0.6915186000)
(0.1826002000, -0.6979243000, 0.6924953000)
(0.1831111000, -0.6992294000, 0.6910465000)
(0.1829709000, -0.6992148000, 0.6910840000)
(0.1836110000, -0.6962197000, 0.6939467000)
(0.1829178000, -0.6951923000, 0.6951472000)
(0.1820896000, -0.6959237000, 0.6946347000)
(0.1813703000, -0.6970688000, 0.6936797000)
(0.1808212000, -0.6980376000, 0.6928478000)
(0.1809836000, -0.6985639000, 0.6922690000)
(0.1814366000, -0.6980116000, 0.6927110000)
(0.1827023000, -0.6950511000, 0.6953380000)
(0.1823744000, -0.6941634000, 0.6963233000)
(0.1814835000, -0.6957744000, 0.6949342000)
(0.1763551000, -0.6994217000, 0.6925931000)
(0.1754863000, -0.7013314000, 0.6908942000)
(0.1733697000, -0.7014760000, 0.6912814000)
(0.0000000000, 0.0000000000, 0.0000000000)
(0.0000000000, 0.0000000000, 0.0000000000)
(0.0000000000, 0.0000000000, 0.0000000000)
(0.0000000000, 0.0000000000, 0.0000000000)
(0.0000000000, 0.0000000000, 0.0000000000)
(0.0000000000, 0.0000000000, 0.0000000000)
(0.0000000000, 0.0000000000, 0.0000000000)
(0.1615745000, -0.7187473000, 0.6762344000)
(0.1612331000, -0.7197424000, 0.6752521000)
(0.1631829000, -0.7202407000, 0.6742385000)
(0.1613378000, -0.7205752000, 0.6743373000)
(0.1565319000, -0.7213902000, 0.6746047000)
(0.1561267000, -0.7156394000, 0.6807749000)
(0.1547664000, -0.7134790000, 0.6833493000)
(0.1580126000, -0.7142947000, 0.6817529000)
(0.1645576000, -0.7128537000, 0.6817192000)
(0.1585353000, -0.7211444000, 0.6743993000)
(0.1599106000, -0.7209438000, 0.6742822000)
(0.1604888000, -0.7200419000, 0.6750961000)
(0.1629161000, -0.7209474000, 0.6735560000)
(0.1594452000, -0.7214257000, 0.6738747000)
(0.1634756000, -0.7236147000, 0.6705564000)
(0.1651780000, -0.7281816000, 0.6651766000)
(0.1677704000, -0.7263710000, 0.6664894000)
(0.1656234000, -0.7258143000, 0.6676497000)
(0.1655265000, -0.7254241000, 0.6680840000)
(0.1675813000, -0.7252524000, 0.6677658000)
(0.1673601000, -0.7260000000, 0.6669952000)
(0.1667688000, -0.7272527000, 0.6657922000)
(0.1672082000, -0.7278432000, 0.6650245000)
(0.1674242000, -0.7272753000, 0.6656111000)
(0.1670546000, -0.7261705000, 0.6668974000)
(0.1643174000, -0.7215359000, 0.6725743000)
(0.1640240000, -0.7205291000, 0.6737399000)
(0.1636735000, -0.7202576000, 0.6741024000)
(0.1638508000, -0.7206888000, 0.6735959000)
(0.1643489000, -0.7203137000, 0.6738846000)
(0.1637537000, -0.7208942000, 0.6734155000)
(0.1633310000, -0.7198655000, 0.6746157000)
(0.1634036000, -0.7193651000, 0.6751260000)
(0.1623283000, -0.7193860000, 0.6753598000)
(0.1627873000, -0.7181748000, 0.6765371000)
(0.1632661000, -0.7181717000, 0.6764296000)
(0.1625459000, -0.7176108000, 0.6771867000)
(0.1624929000, -0.7169724000, 0.6778963000)
(0.1632938000, -0.7170709000, 0.6775883000)
(0.1632167000, -0.7172211000, 0.6774595000)
(0.1636771000, -0.7184492000, 0.6760310000)
(0.1635702000, -0.7189180000, 0.6755639000)
(0.1644010000, -0.7193246000, 0.6749328000)
(0.1658518000, -0.7183262000, 0.6756293000)
(0.1660940000, -0.7174596000, 0.6764879000)
(0.1657241000, -0.7169117000, 0.6771685000)
(0.1659707000, -0.7166194000, 0.6774123000)
(0.1654076000, -0.7165430000, 0.6776342000)
(0.1658383000, -0.7174874000, 0.6765248000)
(0.1652882000, -0.7183276000, 0.6757631000)
(0.1648300000, -0.7190278000, 0.6751357000)
(0.1651107000, -0.7197137000, 0.6743302000)
(0.1663506000, -0.7203902000, 0.6733176000)
(0.1669058000, -0.7201606000, 0.6734101000)
(0.1670159000, -0.7204499000, 0.6730886000)
(0.1671953000, -0.7209005000, 0.6725506000)
(0.1670875000, -0.7202807000, 0.6732500000)
(0.1673726000, -0.7201347000, 0.6733294000)
(0.1672258000, -0.7182141000, 0.6754112000)
(0.1675594000, -0.7148786000, 0.6788685000)
(0.1666270000, -0.7145052000, 0.6794863000)
(0.1679769000, -0.7144108000, 0.6792604000)
(0.1684466000, -0.7183105000, 0.6750076000)
(0.1684599000, -0.7179793000, 0.6753589000)
(0.1677491000, -0.7176013000, 0.6759446000)
(0.1677121000, -0.7167103000, 0.6768867000)
(0.1662065000, -0.7164975000, 0.6774868000)
(0.1674708000, -0.7159765000, 0.6777309000)
(0.1667387000, -0.7165213000, 0.6773230000)
(0.1665826000, -0.7162654000, 0.6776364000)
(0.1665459000, -0.7170654000, 0.6768003000)
(0.1676809000, -0.7166986000, 0.6769229000)
(0.1685659000, -0.7163268000, 0.6770882000)
(0.1689025000, -0.7156547000, 0.6777204000)
(0.1690331000, -0.7148609000, 0.6785086000)
(0.1688101000, -0.7146426000, 0.6787924000)
(0.1672338000, -0.7153237000, 0.6784666000)
(0.1666363000, -0.7156914000, 0.6782345000)
(0.1667412000, -0.7147292000, 0.6792239000)
(0.1670694000, -0.7143890000, 0.6795037000)
(0.1649520000, -0.7124302000, 0.6820644000)
(0.1634818000, -0.7121022000, 0.6827646000)
(0.1628587000, -0.7116660000, 0.6833653000)
(0.1641704000, -0.7135119000, 0.6811326000)
(0.1638350000, -0.7135875000, 0.6811292000)
(0.1630011000, -0.7111824000, 0.6838288000)
(0.1622283000, -0.7106744000, 0.6845437000)
(0.1627973000, -0.7113671000, 0.6836953000)
(0.1642659000, -0.7133988000, 0.6812283000)
(0.1647960000, -0.7142008000, 0.6802436000)
(0.1651243000, -0.7144431000, 0.6799260000)
(0.1653999000, -0.7139232000, 0.6804021000)
(0.1645408000, -0.7136862000, 0.6808580000)
(0.1643742000, -0.7126565000, 0.6819740000)
(0.1637069000, -0.7129071000, 0.6818617000)
(0.1639421000, -0.7109683000, 0.6838363000)
(0.1642106000, -0.7115903000, 0.6831288000)
(0.1634540000, -0.7130374000, 0.6817952000)
(0.1631531000, -0.7140750000, 0.6807848000)
(0.1636155000, -0.7133278000, 0.6814525000)
(0.1640102000, -0.7131705000, 0.6815178000)
(0.1642901000, -0.7127669000, 0.6818658000)
(0.1638981000, -0.7127013000, 0.6820316000)
(0.1641683000, -0.7125405000, 0.6821401000)
(0.1637010000, -0.7121527000, 0.6826670000)
(0.1643164000, -0.7117656000, 0.6829074000)
(0.1646119000, -0.7121239000, 0.6824608000)
(0.1646409000, -0.7121085000, 0.6824889000)
(0.1641178000, -0.7120106000, 0.6827042000)
(0.1635988000, -0.7123887000, 0.6824408000)
(0.1628998000, -0.7123997000, 0.6825953000)
(0.1637308000, -0.7122176000, 0.6825787000)
(0.1630540000, -0.7122560000, 0.6827099000)
(0.1628271000, -0.7123305000, 0.6826867000)
(0.1625900000, -0.7134439000, 0.6815800000)
(0.1616553000, -0.7127789000, 0.6824931000)
(0.1617394000, -0.7128249000, 0.6824163000)
(0.1616891000, -0.7129596000, 0.6822909000)
(0.1611341000, -0.7123980000, 0.6830153000)
(0.1616172000, -0.7124065000, 0.6828875000)
(0.1619991000, -0.7120430000, 0.6831729000)
(0.1617486000, -0.7124314000, 0.6828259000)
(0.1621619000, -0.7123927000, 0.6827767000)
(0.1593188000, -0.7109469000, 0.6849514000)
(0.1549610000, -0.7130706000, 0.6837399000)
(0.1578167000, -0.7143151000, 0.6817889000)
(0.1591547000, -0.7106736000, 0.6852772000)
(0.1533502000, -0.7178737000, 0.6790616000)
(0.1572533000, -0.7176363000, 0.6784145000)
(0.0000000000, 0.0000000000, 0.0000000000)
(0.0000000000, 0.0000000000, 0.0000000000)
(0.0000000000, 0.0000000000, 0.0000000000)
(0.0000000000, 0.0000000000, 0.0000000000)
(0.0000000000, 0.0000000000, 0.0000000000)
(0.0000000000, 0.0000000000, 0.0000000000)
(0.0000000000, 0.0000000000, 0.0000000000)
(0.1578423000, -0.7152624000, 0.6807832000)
(0.1566446000, -0.7155229000, 0.6807958000)
(0.1594290000, -0.7137514000, 0.6819911000)
(0.1555207000, -0.7093811000, 0.6874470000)
(0.1489493000, -0.7071204000, 0.6912039000)
(0.1469066000, -0.7022074000, 0.6966305000)
(0.1481171000, -0.7028185000, 0.6957554000)
(0.1468708000, -0.7080966000, 0.6906683000)
(0.1511197000, -0.7068264000, 0.6910419000)
(0.1438041000, -0.7043014000, 0.6951777000)
(0.1464404000, -0.7049297000, 0.6939736000)
(0.1536100000, -0.7052302000, 0.6921216000)
(0.1448100000, -0.6997916000, 0.6994954000)
(0.1426612000, -0.7026590000, 0.6970558000)
(0.1504340000, -0.7070627000, 0.6909576000)
(0.1526113000, -0.7078738000, 0.6896472000)
(0.1521496000, -0.7089205000, 0.6886701000)
(0.1512304000, -0.7082095000, 0.6896092000)
(0.1509142000, -0.7085873000, 0.6892751000)
(0.1514064000, -0.7078541000, 0.6899224000)
(0.1516808000, -0.7072565000, 0.6904845000)
(0.1508976000, -0.7068811000, 0.6910422000)
(0.1508206000, -0.7064533000, 0.6914812000)
(0.1507320000, -0.7076660000, 0.6902741000)
(0.1511867000, -0.7086354000, 0.6891843000)
(0.1518086000, -0.7089815000, 0.6886736000)
(0.1521515000, -0.7083260000, 0.6892728000)
(0.1518192000, -0.7089741000, 0.6886797000)
(0.1522937000, -0.7102469000, 0.6872702000)
(0.1535992000, -0.7094875000, 0.6877549000)
(0.1536226000, -0.7098684000, 0.6873586000)
(0.1536812000, -0.7095403000, 0.6876808000)
(0.1536588000, -0.7081156000, 0.6891588000)
(0.1535747000, -0.7080049000, 0.6893041000)
(0.1541775000, -0.7073276000, 0.6898580000)
(0.1539837000, -0.7078965000, 0.6893178000)
(0.1542847000, -0.7071774000, 0.6899950000)
(0.1544590000, -0.7066306000, 0.6904979000)
(0.1548183000, -0.7068934000, 0.6901665000)
(0.1553971000, -0.7075102000, 0.6893929000)
(0.1566485000, -0.7096967000, 0.6868523000)
(0.1571682000, -0.7103139000, 0.6860916000)
(0.1579348000, -0.7096305000, 0.6866347000)
(0.1569383000, -0.7068378000, 0.6897434000)
(0.1571178000, -0.7053066000, 0.6912642000)
(0.1567919000, -0.7062370000, 0.6903881000)
(0.1563632000, -0.7063252000, 0.6903874000)
(0.1564446000, -0.7066281000, 0.6900601000)
(0.1573074000, -0.7068685000, 0.6896161000)
(0.1580080000, -0.7065982000, 0.6897391000)
(0.1584669000, -0.7069372000, 0.6892911000)
(0.1583762000, -0.7070613000, 0.6891660000)
(0.1571513000, -0.7067336000, 0.6898018000)
(0.1568248000, -0.7063069000, 0.6903138000)
(0.1569663000, -0.7058799000, 0.6907017000)
(0.1568010000, -0.7068712000, 0.6897240000)
(0.1565270000, -0.7074929000, 0.6891561000)
(0.1561370000, -0.7085820000, 0.6881346000)
(0.1562188000, -0.7092552000, 0.6874209000)
(0.1566056000, -0.7096556000, 0.6869225000)
(0.1568938000, -0.7098000000, 0.6867031000)
(0.1558047000, -0.7096475000, 0.6870950000)
(0.1554975000, -0.7097419000, 0.6870674000)
(0.1553404000, -0.7098895000, 0.6869527000)
(0.1570069000, -0.7075280000, 0.6890089000)
(0.1571494000, -0.7072539000, 0.6892584000)
(0.1578237000, -0.7073811000, 0.6889836000)
(0.1578210000, -0.7077426000, 0.6886166000)
(0.1581421000, -0.7076588000, 0.6886193000)
(0.1583058000, -0.7069485000, 0.6892996000)
(0.1581947000, -0.7074981000, 0.6887674000)
(0.1582980000, -0.7075978000, 0.6886495000)
(0.1587156000, -0.7078686000, 0.6882734000)
(0.1589926000, -0.7078228000, 0.6882545000)
(0.1581503000, -0.7107848000, 0.6853780000)
(0.1598591000, -0.7092539000, 0.6865710000)
(0.1584783000, -0.7096113000, 0.6865169000)
(0.1577557000, -0.7065144000, 0.6898756000)
(0.1586408000, -0.7046766000, 0.6915468000)
(0.1544251000, -0.7005702000, 0.6966521000)
(0.1644472000, -0.7110426000, 0.6836415000)
(0.1613744000, -0.7124096000, 0.6829515000)
(0.1598957000, -0.7178218000, 0.6775951000)
(0.0000000000, 0.0000000000, 0.0000000000)
(0.0000000000, 0.0000000000, 0.0000000000)
(0.0000000000, 0.0000000000, 0.0000000000)
(0.0000000000, 0.0000000000, 0.0000000000)
(0.0000000000, 0.0000000000, 0.0000000000)
(0.0000000000, 0.0000000000, 0.0000000000)
(0.0000000000, 0.0000000000, 0.0000000000)
(0.0000000000, 0.0000000000, 0.0000000000)
(0.1422728000, -0.7245900000, 0.6743255000)
(0.1365109000, -0.7193509000, 0.6810929000)
(0.1486365000, -0.7161130000, 0.6819714000)
(0.1448124000, -0.7142226000, 0.6847566000)
(0.1489904000, -0.7134448000, 0.6846820000)
(0.1425140000, -0.7083609000, 0.6913105000)
(0.1474910000, -0.7042707000, 0.6944330000)
(0.1482689000, -0.7071136000, 0.6913685000)
(0.1409293000, -0.7072623000, 0.6927387000)
(0.1435122000, -0.7113192000, 0.6880583000)
(0.1421567000, -0.7135886000, 0.6859884000)
(0.1416441000, -0.7140270000, 0.6856391000)
(0.1449615000, -0.7115017000, 0.6875674000)
(0.1455687000, -0.7044970000, 0.6946096000)
(0.1421435000, -0.7058758000, 0.6939110000)
(0.1428749000, -0.7094231000, 0.6901474000)
(0.1430639000, -0.7086535000, 0.6908959000)
(0.1427526000, -0.7096900000, 0.6898991000)
(0.1422431000, -0.7098693000, 0.6898105000)
(0.1420230000, -0.7096407000, 0.6900894000)
(0.1430142000, -0.7083274000, 0.6912410000)
(0.1434578000, -0.7078907000, 0.6915884000)
(0.1432733000, -0.7070400000, 0.6924952000)
(0.1436581000, -0.7069536000, 0.6925054000)
(0.1433481000, -0.7068895000, 0.6926328000)
(0.1438686000, -0.7068627000, 0.6925574000)
(0.1441208000, -0.7061156000, 0.6932613000)
(0.1433018000, -0.7088626000, 0.6906259000)
(0.1431859000, -0.7094114000, 0.6900783000)
(0.1430075000, -0.7096019000, 0.6899160000)
(0.1432678000, -0.7085698000, 0.6909320000)
(0.1431635000, -0.7055215000, 0.6940690000)
(0.1431485000, -0.7045211000, 0.6950796000)
(0.1428366000, -0.7039605000, 0.6957227000)
(0.1423541000, -0.7025958000, 0.6971998000)
(0.1424424000, -0.7019518000, 0.6978170000)
(0.1415501000, -0.7015584000, 0.6983919000)
(0.1432963000, -0.7010428000, 0.6985602000)
(0.1427653000, -0.7022646000, 0.6974428000)
(0.1427472000, -0.7017867000, 0.6979282000)
(0.1423546000, -0.7022513000, 0.6975473000)
(0.1426307000, -0.7025219000, 0.6972138000)
(0.1429857000, -0.7039181000, 0.6957248000)
(0.1423598000, -0.7042983000, 0.6954637000)
(0.1419725000, -0.7047411000, 0.6950989000)
(0.1418587000, -0.7052206000, 0.6946346000)
(0.1422046000, -0.7052244000, 0.6945606000)
(0.1422262000, -0.7052382000, 0.6945375000)
(0.1410916000, -0.7058018000, 0.6941988000)
(0.1418023000, -0.7057582000, 0.6941150000)
(0.1416651000, -0.7055450000, 0.6943524000)
(0.1418959000, -0.7050023000, 0.6948454000)
(0.1420308000, -0.7043630000, 0.6954670000)
(0.1415912000, -0.7054805000, 0.6944218000)
(0.1425796000, -0.7053815000, 0.6943231000)
(0.1423370000, -0.7055309000, 0.6942306000)
(0.1419928000, -0.7057498000, 0.6940660000)
(0.1416331000, -0.7057168000, 0.6941884000)
(0.1430964000, -0.7049177000, 0.6946993000)
(0.1433360000, -0.7053894000, 0.6941550000)
(0.1437224000, -0.7050405000, 0.6944338000)
(0.1431327000, -0.7050873000, 0.6945112000)
(0.1428744000, -0.7043997000, 0.6952701000)
(0.1433088000, -0.7067391000, 0.6927946000)
(0.1430845000, -0.7070937000, 0.6924860000)
(0.1431188000, -0.7070846000, 0.6924921000)
(0.1427825000, -0.7079372000, 0.6916879000)
(0.1433637000, -0.7071038000, 0.6924033000)
(0.1436978000, -0.7070368000, 0.6924151000)
(0.1441294000, -0.7073931000, 0.6919633000)
(0.1441784000, -0.7074949000, 0.6918519000)
(0.1435715000, -0.7052321000, 0.6942729000)
(0.1430661000, -0.7051098000, 0.6945032000)
(0.1439902000, -0.7016416000, 0.6978138000)
(0.1459157000, -0.7000295000, 0.6990257000)
(0.1447634000, -0.7008179000, 0.6984901000)
(0.1448988000, -0.7016749000, 0.6976042000)
(0.1449252000, -0.7023022000, 0.6969677000)
(0.1459222000, -0.7004614000, 0.6986032000)
(0.1447828000, -0.7009839000, 0.6983200000)
(0.1428207000, -0.6999071000, 0.6998065000)
(0.1436148000, -0.6976107000, 0.7019329000)
(0.1441434000, -0.6959361000, 0.7034799000)
(0.1446626000, -0.6979362000, 0.7013783000)
(0.1441162000, -0.7004099000, 0.6990274000)
(0.1450780000, -0.6997501000, 0.6994852000)
(0.1457783000, -0.6980027000, 0.7010790000)
(0.1486311000, -0.6988508000, 0.6996500000)
(0.1441945000, -0.6986305000, 0.7007937000)
(0.1445128000, -0.6995178000, 0.6998454000)
(0.1450003000, -0.6978667000, 0.7013807000)
(0.1466586000, -0.6972022000, 0.7016946000)
(0.1465009000, -0.6971306000, 0.7017993000)
(0.1469424000, -0.6975219000, 0.7013180000)
(0.1471612000, -0.6970432000, 0.7017632000)
(0.1475206000, -0.6962829000, 0.7024359000)
(0.1487129000, -0.6957716000, 0.7026840000)
(0.1496656000, -0.6949050000, 0.7033488000)
(0.1496450000, -0.6962718000, 0.7019899000)
(0.1500832000, -0.6960170000, 0.7021425000)
(0.1494865000, -0.6973569000, 0.7009572000)
(0.1501849000, -0.6970510000, 0.7011098000)
(0.1501504000, -0.6952608000, 0.7028888000)
(0.1511603000, -0.6917700000, 0.7061065000)
(0.1512856000, -0.6913552000, 0.7064774000)
(0.1508155000, -0.6923435000, 0.7056100000)
(0.1511792000, -0.6921599000, 0.7057135000)
(0.1510721000, -0.6923254000, 0.7055841000)
(0.1510634000, -0.6918665000, 0.7060392000)
(0.1509289000, -0.6911851000, 0.7067336000)
(0.1507559000, -0.6907243000, 0.7072077000)
(0.1505305000, -0.6903323000, 0.7076481000)
(0.1512115000, -0.6899951000, 0.7078270000)
(0.1506373000, -0.6905414000, 0.7074209000)
(0.1500398000, -0.6914377000, 0.7066822000)
(0.1500603000, -0.6917545000, 0.7063591000)
(0.1504667000, -0.6912105000, 0.7068098000)
(0.1500436000, -0.6912718000, 0.7068272000)
(0.1505046000, -0.6915585000, 0.7064533000)
(0.1504114000, -0.6912543000, 0.7067794000)
(0.1504632000, -0.6910958000, 0.7069237000)
(0.1506425000, -0.6906837000, 0.7072919000)
(0.1505963000, -0.6906858000, 0.7072812000)
(0.1501115000, -0.6910336000, 0.7070575000)
(0.1501666000, -0.6927773000, 0.7053386000)
(0.1502604000, -0.6938413000, 0.7042760000)
(0.1503920000, -0.6941218000, 0.7039513000)
(0.1499709000, -0.6946351000, 0.7035493000)
(0.1499459000, -0.6959202000, 0.7022802000)
(0.1501040000, -0.6977945000, 0.7003881000)
(0.1511543000, -0.6982579000, 0.6996964000)
(0.1506644000, -0.6980862000, 0.6999689000)
(0.1486090000, -0.6981323000, 0.7003714000)
(0.1483600000, -0.6982332000, 0.7003170000)
(0.1470069000, -0.6980604000, 0.7007802000)
(0.1469036000, -0.6967070000, 0.7021317000)
(0.1464675000, -0.6955459000, 0.7033737000)
(0.1481136000, -0.6961639000, 0.7024277000)
(0.1493109000, -0.6983510000, 0.6999918000)
(0.1482651000, -0.6982485000, 0.7003259000)
(0.1487604000, -0.6979408000, 0.7005289000)
(0.1464384000, -0.6973239000, 0.7016312000)
(0.1466310000, -0.6971247000, 0.7017747000)
(0.1481294000, -0.6970407000, 0.7015426000)
(0.1475843000, -0.6974435000, 0.7012685000)
(0.1468075000, -0.6968468000, 0.7020280000)
(0.1528247000, -0.7028731000, 0.6946820000)
(0.1436875000, -0.7040277000, 0.6954664000)
(0.1448946000, -0.7067851000, 0.6924279000)
(0.1164326000, -0.7321719000, 0.6710754000)
(0.0000000000, 0.0000000000, 0.0000000000)
(0.0000000000, 0.0000000000, 0.0000000000)
(0.0000000000, 0.0000000000, 0.0000000000)
(0.0000000000, 0.0000000000, 0.0000000000)
(0.1943198000, -0.6951889000, 0.6920594000)
(0.1928158000, -0.7027578000, 0.6847830000)
(0.1933660000, -0.6969125000, 0.6905782000)
(0.1900363000, -0.6978723000, 0.6905347000)
(0.1899250000, -0.7024395000, 0.6859185000)
(0.1926410000, -0.6993761000, 0.6882899000)
(0.1920822000, -0.6997589000, 0.6880687000)
(0.1929407000, -0.6981454000, 0.6894530000)
(0.1923249000, -0.6989502000, 0.6888233000)
(0.1948695000, -0.7010011000, 0.6860168000)
(0.1917767000, -0.7025036000, 0.6853526000)
(0.1920139000, -0.7033551000, 0.6844082000)
(0.1914964000, -0.7036076000, 0.6842847000)
(0.1916011000, -0.7034854000, 0.6843838000)
(0.1882180000, -0.7040598000, 0.6847383000)
(0.1883227000, -0.7044599000, 0.6842799000)
(0.1891833000, -0.7041069000, 0.6844217000)
(0.1905009000, -0.7036417000, 0.6845294000)
(0.1906731000, -0.7039878000, 0.6841311000)
(0.1933103000, -0.7033240000, 0.6840727000)
(0.1913531000, -0.7037497000, 0.6841928000)
(0.1927110000, -0.7047737000, 0.6827374000)
(0.1906116000, -0.7050264000, 0.6830754000)
(0.1900257000, -0.7054988000, 0.6827556000)
(0.1911653000, -0.7054092000, 0.6825143000)
(0.1914943000, -0.7050866000, 0.6827727000)
(0.1912360000, -0.7043880000, 0.6835585000)
(0.1919439000, -0.7040158000, 0.6837412000)
(0.1923431000, -0.7040303000, 0.6836207000)
(0.1926998000, -0.7031847000, 0.6843945000)
(0.1919606000, -0.7030278000, 0.6847420000)
(0.1927298000, -0.7033135000, 0.6842348000)
(0.1920484000, -0.7036280000, 0.6841101000)
(0.1922718000, -0.7034554000, 0.6842343000)
(0.1922543000, -0.7027391000, 0.6849581000)
(0.1915646000, -0.7027765000, 0.6851200000)
(0.1913867000, -0.7026045000, 0.6853579000)
(0.1916638000, -0.7023894000, 0.6854929000)
(0.1915291000, -0.7019734000, 0.6859556000)
(0.1922121000, -0.7017404000, 0.6860059000)
(0.1921405000, -0.7014088000, 0.6863607000)
(0.1922419000, -0.7011210000, 0.6866215000)
(0.1916898000, -0.7010514000, 0.6868463000)
(0.1918342000, -0.7005904000, 0.6872906000)
(0.1919724000, -0.7004299000, 0.6873972000)
(0.1924697000, -0.7002628000, 0.6874293000)
(0.1919829000, -0.7013790000, 0.6864333000)
(0.1924355000, -0.7006755000, 0.6870201000)
(0.1920759000, -0.6998649000, 0.6879572000)
(0.1906424000, -0.6991999000, 0.6890175000)
(0.1936980000, -0.6981229000, 0.6892725000)
(0.1936713000, -0.6982742000, 0.6891115000)
(0.1933728000, -0.6976328000, 0.6898566000)
(0.1935810000, -0.6980037000, 0.6894255000)
(0.1963630000, -0.6966079000, 0.6900524000)
(0.1981048000, -0.6968475000, 0.6893038000)
(0.2000171000, -0.6978449000, 0.6877373000)
(0.1990365000, -0.6978291000, 0.6880428000)
(0.1970382000, -0.6939496000, 0.6925356000)
(0.1972126000, -0.6894186000, 0.6969853000)
(0.1983555000, -0.6847736000, 0.7012237000)
(0.1961880000, -0.6861356000, 0.7005095000)
(0.1937305000, -0.6860967000, 0.7012281000)
(0.2028003000, -0.6848110000, 0.6999213000)
(0.1958355000, -0.6862395000, 0.7005131000)
(0.1957636000, -0.6890988000, 0.6977174000)
(0.1919776000, -0.6892155000, 0.6986554000)
(0.1978438000, -0.6957433000, 0.6904874000)
(0.2015357000, -0.6932872000, 0.6918863000)
(0.1997241000, -0.6960124000, 0.6896924000)
(0.2029091000, -0.6955658000, 0.6891944000)
(0.1993125000, -0.6972014000, 0.6885985000)
(0.2038201000, -0.6936173000, 0.6908980000)
(0.2028048000, -0.6955436000, 0.6892461000)
(0.2026646000, -0.6958514000, 0.6889791000)
(0.2026431000, -0.6957230000, 0.6891275000)
(0.2030275000, -0.6934596000, 0.6912970000)
(0.2036633000, -0.6931021000, 0.6914523000)
(0.1949530000, -0.6939295000, 0.6931415000)
(0.1928911000, -0.6988618000, 0.6887374000)
(0.1951954000, -0.6928923000, 0.6941033000)
(0.2054611000, -0.6845138000, 0.6994272000)
(0.2031013000, -0.6863542000, 0.6983253000)
(0.1947139000, -0.6993807000, 0.6877030000)
(0.0000000000, 0.0000000000, 0.0000000000)
(0.0000000000, 0.0000000000, 0.0000000000)
(0.0000000000, 0.0000000000, 0.0000000000)
(0.0000000000, 0.0000000000, 0.0000000000)
(0.0000000000, 0.0000000000, 0.0000000000)
(0.0000000000, 0.0000000000, 0.0000000000)
(0.0000000000, 0.0000000000, 0.0000000000)
(0.0000000000, 0.0000000000, 0.0000000000)
(0.0000000000, 0.0000000000, 0.0000000000)
(0.1486571000, -0.7289208000, 0.6682492000)
(0.1661277000, -0.7176467000, 0.6763003000)
(0.1645207000, -0.7184232000, 0.6758572000)
(0.1701431000, -0.7203283000, 0.6724398000)
(0.1631523000, -0.7147638000, 0.6800501000)
(0.1602256000, -0.7159321000, 0.6795298000)
(0.1591711000, -0.7165219000, 0.6791397000)
(0.1549084000, -0.7155119000, 0.6811990000)
(0.1605186000, -0.7155564000, 0.6798559000)
(0.1612037000, -0.7138854000, 0.6814331000)
(0.1639920000, -0.7143041000, 0.6803365000)
(0.1624529000, -0.7162199000, 0.6786914000)
(0.1656085000, -0.7189863000, 0.6749832000)
(0.1664484000, -0.7171097000, 0.6767726000)
(0.1671892000, -0.7178957000, 0.6757585000)
(0.1674169000, -0.7170839000, 0.6765574000)
(0.1673730000, -0.7172469000, 0.6764110000)
(0.1660084000, -0.7179402000, 0.6760081000)
(0.1668418000, -0.7187509000, 0.6749381000)
(0.1680636000, -0.7181865000, 0.6752421000)
(0.1680950000, -0.7185431000, 0.6748605000)
(0.1686486000, -0.7181543000, 0.6751315000)
(0.1680865000, -0.7170599000, 0.6764174000)
(0.1686324000, -0.7159852000, 0.6774219000)
(0.1683145000, -0.7156630000, 0.6778526000)
(0.1679842000, -0.7151205000, 0.6785049000)
(0.1677612000, -0.7147340000, 0.6789607000)
(0.1675344000, -0.7144157000, 0.6793556000)
(0.1674736000, -0.7140809000, 0.6797159000)
(0.1679491000, -0.7137893000, 0.6799032000)
(0.1678861000, -0.7139666000, 0.6797386000)
(0.1669146000, -0.7136714000, 0.6802951000)
(0.1661665000, -0.7133631000, 0.6808016000)
(0.1665272000, -0.7139773000, 0.6800671000)
(0.1666628000, -0.7134575000, 0.6805809000)
(0.1670862000, -0.7121990000, 0.6817860000)
(0.1678385000, -0.7119102000, 0.6819082000)
(0.1681116000, -0.7113607000, 0.6824059000)
(0.1652578000, -0.7099308000, 0.6846048000)
(0.1645663000, -0.7128503000, 0.6817315000)
(0.1648733000, -0.7126813000, 0.6818327000)
(0.1654674000, -0.7121653000, 0.6822289000)
(0.1667507000, -0.7077870000, 0.6864559000)
(0.1670159000, -0.7104173000, 0.6836630000)
(0.1667777000, -0.7109013000, 0.6832169000)
(0.1673688000, -0.7093730000, 0.6846566000)
(0.1673139000, -0.7090570000, 0.6850076000)
(0.1671214000, -0.7085429000, 0.6855714000)
(0.1663322000, -0.7110934000, 0.6831295000)
(0.1673111000, -0.7115431000, 0.6824237000)
(0.1679659000, -0.7104503000, 0.6833861000)
(0.1679967000, -0.7098204000, 0.6840354000)
(0.1681042000, -0.7094877000, 0.6843582000)
(0.1678877000, -0.7088652000, 0.6850641000)
(0.1666176000, -0.7090993000, 0.6851184000)
(0.1662991000, -0.7091362000, 0.6851571000)
(0.1661366000, -0.7091355000, 0.6852002000)
(0.1660694000, -0.7087424000, 0.6856338000)
(0.1662452000, -0.7081696000, 0.6861751000)
(0.1667428000, -0.7081738000, 0.6860511000)
(0.1667261000, -0.7082199000, 0.6860196000)
(0.1668926000, -0.7076643000, 0.6865410000)
(0.1697209000, -0.7065051000, 0.6870356000)
(0.1681951000, -0.7070871000, 0.6868298000)
(0.1670095000, -0.7068219000, 0.6873844000)
(0.1667367000, -0.7070779000, 0.6871876000)
(0.1674587000, -0.7068923000, 0.6872024000)
(0.1676219000, -0.7069051000, 0.6871507000)
(0.1680074000, -0.7057118000, 0.6882867000)
(0.1666080000, -0.7042755000, 0.6900966000)
(0.1662486000, -0.7018642000, 0.6926305000)
(0.1688852000, -0.6965903000, 0.6972994000)
(0.1702830000, -0.6988408000, 0.6946964000)
(0.1701415000, -0.7000188000, 0.6935506000)
(0.1689624000, -0.7000033000, 0.6938460000)
(0.1717607000, -0.7019290000, 0.6912162000)
(0.1716942000, -0.7018328000, 0.6913378000)
(0.1728227000, -0.7034919000, 0.6893660000)
(0.1728582000, -0.7051629000, 0.6876438000)
(0.1738377000, -0.7074583000, 0.6850362000)
(0.1750158000, -0.7099311000, 0.6821553000)
(0.1740559000, -0.7103431000, 0.6819838000)
(0.1719508000, -0.7086617000, 0.6842676000)
(0.1689872000, -0.7056732000, 0.6880750000)
(0.1677520000, -0.7043839000, 0.6896989000)
(0.1696215000, -0.7053559000, 0.6882461000)
(0.1705974000, -0.7060928000, 0.6872565000)
(0.1713548000, -0.7064673000, 0.6866785000)
(0.1713280000, -0.7055185000, 0.6876569000)
(0.1714647000, -0.7048284000, 0.6883320000)
(0.1694447000, -0.7046277000, 0.6890281000)
(0.1695090000, -0.7052423000, 0.6883963000)
(0.1699198000, -0.7056221000, 0.6879064000)
(0.1698515000, -0.7051799000, 0.6883749000)
(0.1686826000, -0.7069756000, 0.6868157000)
(0.1680375000, -0.7079489000, 0.6859676000)
(0.1686373000, -0.7078711000, 0.6858982000)
(0.1687558000, -0.7076932000, 0.6860478000)
(0.1684569000, -0.7096980000, 0.6840658000)
(0.1670923000, -0.7094773000, 0.6846290000)
(0.1669263000, -0.7090244000, 0.6851243000)
(0.1671143000, -0.7102962000, 0.6837661000)
(0.1665805000, -0.7110253000, 0.6831315000)
(0.1660376000, -0.7114018000, 0.6828795000)
(0.1660514000, -0.7117524000, 0.6825059000)
(0.1658149000, -0.7102834000, 0.6840847000)
(0.1714520000, -0.7144629000, 0.6783184000)
(0.1776281000, -0.7076004000, 0.6839144000)
(0.1713310000, -0.7050697000, 0.6881083000)
(0.1623861000, -0.7058816000, 0.6894571000)
(0.1641666000, -0.7028719000, 0.6920905000)
(0.1707083000, -0.7022598000, 0.6911440000)
(0.1739691000, -0.7002184000, 0.6923968000)
(0.1743249000, -0.6988389000, 0.6936952000)
(0.1745691000, -0.7000584000, 0.6924047000)
(0.1752055000, -0.7003638000, 0.6919475000)
(0.1738155000, -0.7002933000, 0.6923630000)
(0.1740652000, -0.7019614000, 0.6906044000)
(0.1751492000, -0.7019377000, 0.6903604000)
(0.1769749000, -0.7008037000, 0.6910374000)
(0.1777184000, -0.7002090000, 0.6914558000)
(0.1773751000, -0.6985429000, 0.6932306000)
(0.1754885000, -0.6983696000, 0.6938878000)
(0.1741393000, -0.6993179000, 0.6932656000)
(0.1744035000, -0.6988378000, 0.6936803000)
(0.1744580000, -0.6992432000, 0.6932587000)
(0.1759450000, -0.7026393000, 0.6894441000)
(0.1747605000, -0.7030303000, 0.6893408000)
(0.1745212000, -0.7036991000, 0.6887268000)
(0.1748150000, -0.7032638000, 0.6890943000)
(0.1742367000, -0.7017874000, 0.6907339000)
(0.1730359000, -0.7025359000, 0.6902768000)
(0.1724078000, -0.7031028000, 0.6898615000)
(0.1721294000, -0.7028625000, 0.6901673000)
(0.1737791000, -0.7016036000, 0.6910395000)
(0.1731069000, -0.7021881000, 0.6906046000)
(0.1736021000, -0.7015844000, 0.6911084000)
(0.1738188000, -0.7012763000, 0.6913691000)
(0.1744906000, -0.7045428000, 0.6878619000)
(0.1819513000, -0.7055985000, 0.6848482000)
(0.1827863000, -0.7014867000, 0.6888301000)
(0.1833367000, -0.7003281000, 0.6898692000)
(0.1828698000, -0.7030047000, 0.6872623000)
(0.1759502000, -0.7053925000, 0.6866174000)
(0.1761498000, -0.7030990000, 0.6889134000)
(0.1801006000, -0.7013749000, 0.6896436000)
(0.1790685000, -0.7007093000, 0.6905997000)
(0.1764433000, -0.7000108000, 0.6919785000)
(0.1768638000, -0.6996720000, 0.6922266000)
(0.1789880000, -0.6957089000, 0.6956598000)
(0.1750850000, -0.6924589000, 0.6998739000)
(0.1698146000, -0.7038023000, 0.6897959000)
(0.0000000000, 0.0000000000, 0.0000000000)
(0.0000000000, 0.0000000000, 0.0000000000)
(0.0000000000, 0.0000000000, 0.0000000000)
(0.0000000000, 0.0000000000, 0.0000000000)
(0.0000000000, 0.0000000000, 0.0000000000)
(0.1728205000, -0.6982884000, 0.6946391000)
(0.1811601000, -0.6974930000, 0.6933002000)
(0.1733168000, -0.6957468000, 0.6970497000)
(0.1545215000, -0.7017428000, 0.6954610000)
(0.1658702000, -0.6929500000, 0.7016245000)
(0.1484974000, -0.6965241000, 0.7019767000)
(0.1627330000, -0.6943323000, 0.7010120000)
(0.1692412000, -0.6953690000, 0.6984197000)
(0.1703645000, -0.6959956000, 0.6975392000)
(0.1632333000, -0.6945664000, 0.7006533000)
(0.1636934000, -0.6990832000, 0.6960292000)
(0.1652007000, -0.6993604000, 0.6954054000)
(0.1687027000, -0.7005529000, 0.6933702000)
(0.1725163000, -0.7001629000, 0.6928169000)
(0.1726824000, -0.6939325000, 0.6990099000)
(0.1717977000, -0.6966230000, 0.6965606000)
(0.1747544000, -0.6931968000, 0.6992400000)
(0.1769661000, -0.6950709000, 0.6968060000)
(0.1619067000, -0.6920559000, 0.7034320000)
(0.1604329000, -0.6908306000, 0.7049837000)
(0.1605649000, -0.6915843000, 0.7042224000)
(0.1629345000, -0.6903439000, 0.7048944000)
(0.1614727000, -0.6945518000, 0.7010860000)
(0.1658021000, -0.6909726000, 0.7036057000)
(0.1690990000, -0.6935275000, 0.7002847000)
(0.1711696000, -0.6925617000, 0.7007547000)
(0.1712956000, -0.6901276000, 0.7031139000)
(0.1740561000, -0.6945159000, 0.6981053000)
(0.1776538000, -0.6944707000, 0.6972410000)
(0.1780955000, -0.6941822000, 0.6974182000)
(0.1828201000, -0.6929362000, 0.6974245000)
(0.1783332000, -0.6917542000, 0.6997592000)
(0.1788118000, -0.6887895000, 0.7025490000)
(0.1828512000, -0.6980801000, 0.6922708000)
(0.1748661000, -0.6906557000, 0.7017058000)
(0.1698501000, -0.6818967000, 0.7114331000)
(0.1687773000, -0.6866010000, 0.7071559000)
(0.1796350000, -0.6915231000, 0.6996546000)
(0.1828895000, -0.6923637000, 0.6979817000)
(0.1823884000, -0.6917487000, 0.6987220000)
(0.1822351000, -0.6834729000, 0.7068456000)
(0.0000000000, 0.0000000000, 0.0000000000)
(0.0000000000, 0.0000000000, 0.0000000000)
(0.0000000000, 0.0000000000, 0.0000000000)
(0.0000000000, 0.0000000000, 0.0000000000)
(0.0000000000, 0.0000000000, 0.0000000000)
(0.0000000000, 0.0000000000, 0.0000000000)
(0.0000000000, 0.0000000000, 0.0000000000)
(0.0000000000, 0.0000000000, 0.0000000000)
(0.0000000000, 0.0000000000, 0.0000000000)
(0.1614883000, -0.7050987000, 0.6904536000)
(0.1577676000, -0.6995846000, 0.6969023000)
(0.1550156000, -0.6954769000, 0.7016209000)
(0.1460152000, -0.6970156000, 0.7020212000)
(0.1492736000, -0.6938623000, 0.7044554000)
(0.1519818000, -0.6944178000, 0.7033281000)
(0.1449313000, -0.6906370000, 0.7085108000)
(0.1468774000, -0.7018091000, 0.6970412000)
(0.1502045000, -0.7081290000, 0.6899106000)
(0.1590523000, -0.6999309000, 0.6962688000)
(0.1607325000, -0.7053378000, 0.6903898000)
(0.1566930000, -0.7034271000, 0.6932738000)
(0.1617940000, -0.7027096000, 0.6928208000)
(0.1579240000, -0.7024486000, 0.6939879000)
(0.1577155000, -0.6955807000, 0.7009150000)
(0.1520876000, -0.6946594000, 0.7030615000)
(0.1543528000, -0.6924961000, 0.7047043000)
(0.1538342000, -0.6872666000, 0.7099155000)
(0.1531775000, -0.6915148000, 0.7059264000)
(0.1529590000, -0.6978855000, 0.6996746000)
(0.1536383000, -0.6928226000, 0.7045311000)
(0.1552582000, -0.6906117000, 0.7063443000)
(0.1573368000, -0.6862689000, 0.7101114000)
(0.1565387000, -0.6903961000, 0.7062880000)
(0.1577831000, -0.6928868000, 0.7035539000)
(0.1595307000, -0.6983026000, 0.6977977000)
(0.1574217000, -0.6902832000, 0.7062035000)
(0.1568918000, -0.6919000000, 0.7047195000)
(0.1590173000, -0.6896733000, 0.7064264000)
(0.1562427000, -0.6942220000, 0.7025815000)
(0.1618464000, -0.6990775000, 0.6964791000)
(0.1615055000, -0.6935403000, 0.7020676000)
(0.1608454000, -0.6966701000, 0.6991192000)
(0.1624027000, -0.6899529000, 0.7053856000)
(0.1664484000, -0.6826150000, 0.7115503000)
(0.1644383000, -0.6897598000, 0.7051079000)
(0.1602063000, -0.6995484000, 0.6963761000)
(0.1601956000, -0.6964005000, 0.6995400000)
(0.1618767000, -0.6948237000, 0.7007098000)
(0.1583956000, -0.6977772000, 0.6985799000)
(0.1614410000, -0.7025697000, 0.6930488000)
(0.1594227000, -0.7077192000, 0.6882625000)
(0.1606924000, -0.7009615000, 0.6948493000)
(0.1584062000, -0.6974294000, 0.6989250000)
(0.1552813000, -0.7017786000, 0.6952473000)
(0.1543064000, -0.6993960000, 0.6978570000)
(0.1584467000, -0.6945438000, 0.7017827000)
(0.1640397000, -0.6958959000, 0.6991404000)
(0.1658388000, -0.6967361000, 0.6978741000)
(0.1653476000, -0.6960766000, 0.6986504000)
(0.1640609000, -0.6953839000, 0.6996418000)
(0.1647929000, -0.6962968000, 0.6985617000)
(0.1655947000, -0.6947364000, 0.6999256000)
(0.1645901000, -0.6962800000, 0.6986434000)
(0.1632059000, -0.6958523000, 0.6993929000)
(0.1586637000, -0.6925259000, 0.7037122000)
(0.1577804000, -0.6926461000, 0.7037944000)
(0.1585161000, -0.6934696000, 0.7028202000)
(0.1625631000, -0.6965796000, 0.6987982000)
(0.1617004000, -0.6910778000, 0.7044381000)
(0.1589791000, -0.6934226000, 0.7027613000)
(0.1603334000, -0.6938190000, 0.7020685000)
(0.1583352000, -0.6950840000, 0.7012627000)
(0.1559314000, -0.6968340000, 0.7000721000)
(0.1571633000, -0.6979697000, 0.6986470000)
(0.1599256000, -0.6958444000, 0.7001520000)
(0.1568844000, -0.6986063000, 0.6980730000)
(0.1562125000, -0.6962076000, 0.7006277000)
(0.1535829000, -0.6975789000, 0.6998435000)
(0.1536536000, -0.6980112000, 0.6993850000)
(0.1550406000, -0.6988276000, 0.6982669000)
(0.1564144000, -0.6968392000, 0.6999611000)
(0.1584351000, -0.7000873000, 0.6962417000)
(0.1587849000, -0.6996725000, 0.6965938000)
(0.1579723000, -0.6994079000, 0.6970403000)
(0.1564159000, -0.6993879000, 0.6974112000)
(0.1524712000, -0.6952130000, 0.7024301000)
(0.1549638000, -0.6929784000, 0.7040885000)
(0.1509621000, -0.6937073000, 0.7042379000)
(0.1557844000, -0.6941013000, 0.7028101000)
(0.1563804000, -0.6926169000, 0.7041442000)
(0.1573031000, -0.6932456000, 0.7033042000)
(0.1577206000, -0.6939684000, 0.7025122000)
(0.1569824000, -0.6943213000, 0.7023340000)
(0.1569944000, -0.6934798000, 0.7031489000)
(0.1569418000, -0.6956540000, 0.7010089000)
(0.1569778000, -0.6966078000, 0.7000542000)
(0.1579101000, -0.6973071000, 0.6991523000)
(0.1575513000, -0.6968278000, 0.6997185000)
(0.1592395000, -0.6940322000, 0.7021053000)
(0.1596678000, -0.6944845000, 0.7015519000)
(0.1579454000, -0.6990886000, 0.6973575000)
(0.1584232000, -0.6992255000, 0.6971087000)
(0.1628819000, -0.6974678000, 0.6978474000)
(0.1649134000, -0.6971459000, 0.6977017000)
(0.1575439000, -0.7010688000, 0.6954554000)
(0.1612631000, -0.6992124000, 0.6964683000)
(0.1607736000, -0.6986194000, 0.6971776000)
(0.1610226000, -0.6974761000, 0.6982595000)
(0.1617301000, -0.6942416000, 0.7013212000)
(0.1658981000, -0.6907204000, 0.7038327000)
(0.1648369000, -0.6853644000, 0.7092927000)
(0.1646305000, -0.6908941000, 0.7039458000)
(0.1661779000, -0.6929067000, 0.7016032000)
(0.1660109000, -0.6918176000, 0.7027143000)
(0.1655572000, -0.6921283000, 0.7025227000)
(0.1647670000, -0.6924521000, 0.7023845000)
(0.1654410000, -0.6922566000, 0.7024254000)
(0.1660277000, -0.6922133000, 0.7023243000)
(0.1661585000, -0.6914753000, 0.7030237000)
(0.1665430000, -0.6932917000, 0.7011285000)
(0.1669278000, -0.6923191000, 0.7020127000)
(0.1659443000, -0.6916903000, 0.7028586000)
(0.1651544000, -0.6912533000, 0.7034652000)
(0.1685437000, -0.6958000000, 0.6981589000)
(0.1731547000, -0.6959184000, 0.6969181000)
(0.1737268000, -0.6956519000, 0.6970525000)
(0.1741647000, -0.6956717000, 0.6969101000)
(0.1747196000, -0.6953869000, 0.6970580000)
(0.1684937000, -0.6939288000, 0.7000467000)
(0.1641138000, -0.6931650000, 0.7018283000)
(0.1640204000, -0.6962397000, 0.6988046000)
(0.1663348000, -0.6983111000, 0.6961837000)
(0.1659475000, -0.7007486000, 0.6938367000)
(0.1628188000, -0.7010155000, 0.6942925000)
(0.1633124000, -0.6994013000, 0.6958103000)
(0.1629334000, -0.6982061000, 0.6971050000)
(0.1628456000, -0.6981782000, 0.6971392000)
(0.1622383000, -0.6998710000, 0.6955835000)
(0.1627016000, -0.6973188000, 0.6980434000)
(0.1634927000, -0.6969806000, 0.6981926000)
(0.1639098000, -0.6963893000, 0.6986766000)
(0.1667180000, -0.6959229000, 0.6984900000)
(0.1671881000, -0.6944191000, 0.6998606000)
(0.1661943000, -0.6940801000, 0.7004473000)
(0.1648571000, -0.6932682000, 0.7015678000)
(0.1637685000, -0.6932635000, 0.7018194000)
(0.1642376000, -0.6928869000, 0.7020707000)
(0.1627147000, -0.6941796000, 0.7011511000)
(0.1611814000, -0.6944795000, 0.7012168000)
(0.1594521000, -0.6932699000, 0.7027963000)
(0.1576468000, -0.6911869000, 0.7052591000)
(0.1630611000, -0.6933107000, 0.7019462000)
(0.1669392000, -0.6922617000, 0.7020606000)
(0.1636316000, -0.6932748000, 0.7018381000)
(0.1574966000, -0.6925446000, 0.7039606000)
(0.1570070000, -0.6930461000, 0.7035707000)
(0.1583851000, -0.6917790000, 0.7045144000)
(0.1576176000, -0.6905738000, 0.7058674000)
(0.1594268000, -0.6909330000, 0.7051023000)
(0.1614474000, -0.6904181000, 0.7051426000)
(0.1580767000, -0.6884500000, 0.7078426000)
(0.1584447000, -0.6888102000, 0.7073987000)
(0.1620907000, -0.6893707000, 0.7060223000)
(0.1552595000, -0.6861137000, 0.7107211000)
(0.1604805000, -0.6863617000, 0.7093220000)
(0.1606930000, -0.6841883000, 0.7113726000)
(0.1624351000, -0.6857460000, 0.7094743000)
(0.1634805000, -0.6868048000, 0.7081978000)
(0.1668420000, -0.6885484000, 0.7057237000)
(0.1669350000, -0.6887397000, 0.7055271000)
(0.1673775000, -0.6877817000, 0.7063394000)
(0.1677502000, -0.6877299000, 0.7063103000)
(0.1674689000, -0.6863760000, 0.7076960000)
(0.1679288000, -0.6879478000, 0.7060627000)
(0.1693492000, -0.6885056000, 0.7051719000)
(0.1692224000, -0.6898038000, 0.7039400000)
(0.1687004000, -0.6889966000, 0.7048514000)
(0.1684730000, -0.6873158000, 0.7065379000)
(0.1688788000, -0.6870137000, 0.7067415000)
(0.1692128000, -0.6872955000, 0.7063848000)
(0.1692393000, -0.6878277000, 0.7058532000)
(0.1696043000, -0.6864908000, 0.7070747000)
(0.1695840000, -0.6871145000, 0.7064779000)
(0.1695022000, -0.6877965000, 0.7058318000)
(0.1690477000, -0.6879456000, 0.7057852000)
(0.1693428000, -0.6863104000, 0.7073168000)
(0.1696095000, -0.6856020000, 0.7079353000)
(0.1703636000, -0.6849818000, 0.7083395000)
(0.1710477000, -0.6846782000, 0.7084697000)
(0.1727179000, -0.6839187000, 0.7088031000)
(0.1702297000, -0.6842209000, 0.7091078000)
(0.1703544000, -0.6828202000, 0.7104355000)
(0.1701373000, -0.6823249000, 0.7109695000)
(0.1704761000, -0.6812900000, 0.7118729000)
(0.1694530000, -0.6830562000, 0.7104346000)
(0.1735000000, -0.6825953000, 0.7098862000)
(0.1756718000, -0.6857774000, 0.7062761000)
(0.1727080000, -0.6849872000, 0.7077727000)
(0.1706077000, -0.6853554000, 0.7079322000)
(0.1728489000, -0.6858870000, 0.7068709000)
(0.1723104000, -0.6843029000, 0.7085370000)
(0.1709554000, -0.6842560000, 0.7089086000)
(0.1712648000, -0.6837217000, 0.7093542000)
(0.1708885000, -0.6847324000, 0.7084599000)
(0.1717871000, -0.6838446000, 0.7091092000)
(0.1722948000, -0.6819651000, 0.7108009000)
(0.1730218000, -0.6820262000, 0.7105500000)
(0.1731432000, -0.6818930000, 0.7106476000)
(0.1735889000, -0.6821737000, 0.7102846000)
(0.1741199000, -0.6818247000, 0.7104706000)
(0.1729278000, -0.6822017000, 0.7104092000)
(0.1725586000, -0.6827810000, 0.7099333000)
(0.1717154000, -0.6826406000, 0.7102769000)
(0.1710436000, -0.6825639000, 0.7105070000)
(0.1700604000, -0.6823623000, 0.7109444000)
(0.1691373000, -0.6813101000, 0.7121719000)
(0.1682672000, -0.6811281000, 0.7125629000)
(0.1675130000, -0.6810604000, 0.7127867000)
(0.1671663000, -0.6807501000, 0.7131678000)
(0.1690933000, -0.6801306000, 0.7133205000)
(0.1700021000, -0.6801967000, 0.7130431000)
(0.1700516000, -0.6795574000, 0.7136390000)
(0.1700809000, -0.6793908000, 0.7137777000)
(0.1691668000, -0.6796075000, 0.7137978000)
(0.1683856000, -0.6783092000, 0.7152036000)
(0.1676304000, -0.6788766000, 0.7148431000)
(0.1646928000, -0.6796676000, 0.7147917000)
(0.1669998000, -0.6792829000, 0.7146069000)
(0.1691117000, -0.6801999000, 0.7132482000)
(0.1693819000, -0.6794204000, 0.7139106000)
(0.1679845000, -0.6804363000, 0.7132760000)
(0.1664731000, -0.6790456000, 0.7149523000)
(0.1667249000, -0.6770209000, 0.7168126000)
(0.1628550000, -0.6770833000, 0.7176527000)
(0.1637393000, -0.6773063000, 0.7172358000)
(0.1668643000, -0.6791232000, 0.7147975000)
(0.1671157000, -0.6777287000, 0.7160548000)
(0.1670940000, -0.6769561000, 0.7167990000)
(0.1665951000, -0.6765645000, 0.7172768000)
(0.1669336000, -0.6759849000, 0.7177575000)
(0.1676845000, -0.6760145000, 0.7175366000)
(0.1685955000, -0.6759999000, 0.7173353000)
(0.1686948000, -0.6757863000, 0.7175165000)
(0.1688217000, -0.6761291000, 0.7171705000)
(0.1682305000, -0.6760387000, 0.7174045000)
(0.1680488000, -0.6760842000, 0.7174033000)
(0.1698126000, -0.6748311000, 0.7181532000)
(0.1698268000, -0.6739933000, 0.7189424000)
(0.1690160000, -0.6744234000, 0.7187264000)
(0.1735150000, -0.6816391000, 0.7108143000)
(0.1738950000, -0.6777278000, 0.7144500000)
(0.1722527000, -0.6753359000, 0.7171120000)
(0.1681719000, -0.6667476000, 0.7260525000)
(0.1699494000, -0.6669464000, 0.7254443000)
(0.1714794000, -0.6694282000, 0.7228082000)
(0.1723442000, -0.6704166000, 0.7216853000)
(0.1721521000, -0.6699380000, 0.7221617000)
(0.1711074000, -0.6681368000, 0.7240925000)
(0.1712685000, -0.6676316000, 0.7245094000)
(0.1716689000, -0.6678225000, 0.7242338000)
(0.1726480000, -0.6661552000, 0.7255440000)
(0.1720150000, -0.6656013000, 0.7262076000)
(0.1719171000, -0.6659812000, 0.7258670000)
(0.1719158000, -0.6670674000, 0.7248721000)
(0.1731126000, -0.6671280000, 0.7245402000)
(0.1769280000, -0.6707535000, 0.7202486000)
(0.1720281000, -0.6686155000, 0.7234173000)
(0.1740504000, -0.6678293000, 0.7236781000)
(0.1741645000, -0.6679848000, 0.7234958000)
(0.1747961000, -0.6689833000, 0.7224113000)
(0.1746501000, -0.6688442000, 0.7225824000)
(0.1736163000, -0.6676157000, 0.7239759000)
(0.1743730000, -0.6706345000, 0.7209986000)
(0.1730034000, -0.6701077000, 0.7218105000)
(0.1735384000, -0.6705990000, 0.7212203000)
(0.1726368000, -0.6694626000, 0.7224923000)
(0.1741470000, -0.6674979000, 0.7239482000)
(0.1725636000, -0.6650589000, 0.7265682000)
(0.1716408000, -0.6646094000, 0.7271979000)
(0.1708366000, -0.6643943000, 0.7275814000)
(0.1700229000, -0.6646803000, 0.7275129000)
(0.1704951000, -0.6643106000, 0.7277318000)
(0.1704692000, -0.6653666000, 0.7267845000)
(0.1731596000, -0.6659375000, 0.7256305000)
(0.1733484000, -0.6677855000, 0.7238678000)
(0.1736645000, -0.6697658000, 0.7219688000)
(0.1735388000, -0.6696352000, 0.7221279000)
(0.1733253000, -0.6684458000, 0.7232717000)
(0.1737327000, -0.6679811000, 0.7236127000)
(0.1745662000, -0.6683269000, 0.7230858000)
(0.1748679000, -0.6693343000, 0.7220683000)
(0.1760085000, -0.6719351000, 0.7193733000)
(0.1773772000, -0.6705639000, 0.7203276000)
(0.1764377000, -0.6668931000, 0.7239554000)
(0.1751044000, -0.6654465000, 0.7256102000)
(0.1735010000, -0.6646471000, 0.7267138000)
(0.1741727000, -0.6668529000, 0.7245301000)
(0.1750168000, -0.6668508000, 0.7243350000)
(0.1740622000, -0.6664789000, 0.7248989000)
(0.1742986000, -0.6658531000, 0.7254235000)
(0.1750858000, -0.6661833000, 0.7249417000)
(0.1752255000, -0.6645327000, 0.7264190000)
(0.1743158000, -0.6636432000, 0.7274427000)
(0.1763959000, -0.6619957000, 0.7284344000)
(0.1784657000, -0.6621230000, 0.7278224000)
(0.1792372000, -0.6595771000, 0.7299380000)
(0.1800744000, -0.6599361000, 0.7294064000)
(0.1796107000, -0.6591465000, 0.7302414000)
(0.1797990000, -0.6601024000, 0.7293211000)
(0.1816815000, -0.6604623000, 0.7285340000)
(0.1822180000, -0.6610566000, 0.7278647000)
(0.1830826000, -0.6600037000, 0.7285971000)
(0.1831895000, -0.6603755000, 0.7282282000)
(0.1829566000, -0.6635605000, 0.7253985000)
(0.1827527000, -0.6636251000, 0.7253788000)
(0.1823141000, -0.6615907000, 0.7273505000)
(0.1810717000, -0.6588304000, 0.7301551000)
(0.1798865000, -0.6580684000, 0.7311476000)
(0.1800490000, -0.6604999000, 0.7289084000)
(0.1811374000, -0.6617409000, 0.7275158000)
(0.1815330000, -0.6623580000, 0.7268466000)
(0.1813993000, -0.6630279000, 0.7262706000)
(0.1810423000, -0.6640932000, 0.7253815000)
(0.1815296000, -0.6604972000, 0.7285344000)
(0.1812550000, -0.6592994000, 0.7297012000)
(0.1806474000, -0.6600394000, 0.7291746000)
(0.1809393000, -0.6605108000, 0.7286713000)
(0.1819065000, -0.6601211000, 0.7287912000)
(0.1812800000, -0.6595561000, 0.7294587000)
(0.1807519000, -0.6597403000, 0.7294173000)
(0.1805479000, -0.6579909000, 0.7310488000)
(0.1804915000, -0.6580815000, 0.7309821000)
(0.1803804000, -0.6584698000, 0.7306640000)
(0.1797763000, -0.6587665000, 0.7305446000)
(0.1796953000, -0.6582183000, 0.7310491000)
(0.1798856000, -0.6571492000, 0.7319641000)
(0.1803780000, -0.6581054000, 0.7309988000)
(0.1797313000, -0.6594243000, 0.7299622000)
(0.1795805000, -0.6588549000, 0.7305020000)
(0.1801041000, -0.6566793000, 0.7323340000)
(0.1790280000, -0.6577132000, 0.7316771000)
(0.1790746000, -0.6573524000, 0.7319964000)
(0.1804426000, -0.6555842000, 0.7332319000)
(0.1808568000, -0.6648117000, 0.7247837000)
(0.1808549000, -0.6707815000, 0.7192480000)
(0.1801630000, -0.6657874000, 0.7240592000)
(0.1788133000, -0.6619241000, 0.7279164000)
(0.1805390000, -0.6608317000, 0.7284752000)
(0.1808177000, -0.6607887000, 0.7284499000)
(0.1811372000, -0.6609809000, 0.7282099000)
(0.1806910000, -0.6618198000, 0.7275530000)
(0.1807774000, -0.6615002000, 0.7278212000)
(0.1808428000, -0.6609012000, 0.7283563000)
(0.1799755000, -0.6594921000, 0.7298367000)
(0.1805129000, -0.6600486000, 0.7292014000)
(0.1807943000, -0.6612839000, 0.7280158000)
(0.1801831000, -0.6618125000, 0.7276842000)
(0.1814131000, -0.6628810000, 0.7264067000)
(0.1811053000, -0.6632636000, 0.7261254000)
(0.1814566000, -0.6641552000, 0.7252340000)
(0.1821570000, -0.6671750000, 0.7222655000)
(0.1827009000, -0.6675295000, 0.7218088000)
(0.1819735000, -0.6656620000, 0.7237117000)
(0.1816807000, -0.6655230000, 0.7239254000)
(0.1818891000, -0.6650333000, 0.7243108000)
(0.1818925000, -0.6641477000, 0.7251344000)
(0.1821253000, -0.6628310000, 0.7262684000)
(0.1827817000, -0.6623040000, 0.7265807000)
(0.1829580000, -0.6620522000, 0.7267810000)
(0.1836210000, -0.6613222000, 0.7272760000)
(0.1835059000, -0.6619485000, 0.7267343000)
(0.1847123000, -0.6625971000, 0.7258216000)
(0.1855435000, -0.6633405000, 0.7249470000)
(0.1850303000, -0.6635017000, 0.7249256000)
(0.1836173000, -0.6553245000, 0.7326852000)
(0.1816562000, -0.6509328000, 0.7370781000)
(0.1815871000, -0.6514393000, 0.7366474000)
(0.1821243000, -0.6529399000, 0.7351755000)
(0.1850298000, -0.6610011000, 0.7271966000)
(0.1850189000, -0.6614961000, 0.7267503000)
(0.1844616000, -0.6608108000, 0.7275133000)
(0.1825817000, -0.6577693000, 0.7307375000)
(0.1824850000, -0.6572535000, 0.7312365000)
(0.1822904000, -0.6568684000, 0.7316208000)
(0.1825321000, -0.6579545000, 0.7305995000)
(0.1825871000, -0.6601354000, 0.7286049000)
(0.1809221000, -0.6655142000, 0.7241124000)
(0.1858969000, -0.6610032000, 0.7269745000)
(0.1836637000, -0.6625148000, 0.7261749000)
(0.1773496000, -0.6615500000, 0.7286130000)
(0.1692348000, -0.6541314000, 0.7371917000)
(0.1770596000, -0.7256230000, 0.6649088000)
(0.0000000000, 0.0000000000, 0.0000000000)
(0.0000000000, 0.0000000000, 0.0000000000)
(0.0000000000, 0.0000000000, 0.0000000000)
(0.0000000000, 0.0000000000, 0.0000000000)
(0.0000000000, 0.0000000000, 0.0000000000)
(0.1831738000, -0.6997240000, 0.6905233000)
(0.1854029000, -0.6948125000, 0.6948646000)
(0.1951678000, -0.7023927000, 0.6844925000)
(0.1932128000, -0.7017598000, 0.6857105000)
(0.1834061000, -0.6962416000, 0.6939653000)
(0.1723081000, -0.6811663000, 0.7115571000)
(0.1680750000, -0.6666525000, 0.7261577000)
(0.1663152000, -0.6702121000, 0.7232783000)
(0.1763400000, -0.6859029000, 0.7059832000)
(0.1774354000, -0.6838350000, 0.7077146000)
(0.1773059000, -0.6804425000, 0.7110069000)
(0.1772452000, -0.6783193000, 0.7130585000)
(0.1771149000, -0.6816998000, 0.7098485000)
(0.1762226000, -0.6881576000, 0.7038212000)
(0.1757237000, -0.6829212000, 0.7090389000)
(0.1815619000, -0.6782649000, 0.7120129000)
(0.1793795000, -0.6707312000, 0.7196807000)
(0.1786652000, -0.6680092000, 0.7223781000)
(0.1798215000, -0.6789683000, 0.7117858000)
(0.1815838000, -0.6847459000, 0.7057910000)
(0.1809283000, -0.6842119000, 0.7064624000)
(0.1800493000, -0.6796634000, 0.7110776000)
(0.1795478000, -0.6741940000, 0.7163955000)
(0.1787328000, -0.6731518000, 0.7175680000)
(0.1787384000, -0.6725406000, 0.7181468000)
(0.1785501000, -0.6724578000, 0.7182559000)
(0.1787637000, -0.6723857000, 0.7182875000)
(0.1783002000, -0.6744632000, 0.7164388000)
(0.1788417000, -0.6742992000, 0.7164638000)
(0.1788820000, -0.6750102000, 0.7157820000)
(0.1787129000, -0.6762843000, 0.7146275000)
(0.1786569000, -0.6752058000, 0.7156450000)
(0.1798212000, -0.6728435000, 0.7175845000)
(0.1799943000, -0.6798078000, 0.7109482000)
(0.1792641000, -0.6886027000, 0.7026283000)
(0.1864537000, -0.6916555000, 0.6977416000)
(0.0000000000, 0.0000000000, 0.0000000000)
(0.0000000000, 0.0000000000, 0.0000000000)
(0.0000000000, 0.0000000000, 0.0000000000)
(0.0000000000, 0.0000000000, 0.0000000000)
(0.0000000000, 0.0000000000, 0.0000000000)
(0.0000000000, 0.0000000000, 0.0000000000)
(0.0000000000, 0.0000000000, 0.0000000000)
(0.0000000000, 0.0000000000, 0.0000000000)
(0.0000000000, 0.0000000000, 0.0000000000)
(0.1628849000, -0.6867430000, 0.7083957000)
(0.1620163000, -0.6726987000, 0.7219417000)
(0.1594992000, -0.6791629000, 0.7164279000)
(0.1572754000, -0.6740720000, 0.7217220000)
(0.1678456000, -0.6759964000, 0.7175286000)
(0.1682001000, -0.6755725000, 0.7178351000)
(0.1746389000, -0.6770404000, 0.7149126000)
(0.1746608000, -0.6777633000, 0.7142184000)
(0.1644775000, -0.6722134000, 0.7218350000)
(0.1711741000, -0.6715525000, 0.7208959000)
(0.1739554000, -0.6765350000, 0.7155592000)
(0.1764020000, -0.6791562000, 0.7124753000)
(0.1773053000, -0.6824519000, 0.7090891000)
(0.1765210000, -0.6809775000, 0.7107021000)
(0.1623661000, -0.6716838000, 0.7228181000)
(0.1547501000, -0.6550336000, 0.7395645000)
(0.1541899000, -0.6547917000, 0.7399135000)
(0.1560797000, -0.6580542000, 0.7366107000)
(0.1617247000, -0.6693034000, 0.7251609000)
(0.1617765000, -0.6691189000, 0.7253284000)
(0.1597641000, -0.6701584000, 0.7248093000)
(0.1622126000, -0.6682736000, 0.7259968000)
(0.1621972000, -0.6687891000, 0.7255237000)
(0.1532204000, -0.6630625000, 0.7327093000)
(0.1564651000, -0.6573101000, 0.7371793000)
(0.1514157000, -0.6693699000, 0.7273281000)
(0.1631178000, -0.6877912000, 0.7073284000)
(0.0000000000, 0.0000000000, 0.0000000000)
(0.0000000000, 0.0000000000, 0.0000000000)
(0.0000000000, 0.0000000000, 0.0000000000)
(0.0000000000, 0.0000000000, 0.0000000000)
(0.0000000000, 0.0000000000, 0.0000000000)
(0.0000000000, 0.0000000000, 0.0000000000)
(0.0000000000, 0.0000000000, 0.0000000000)
(0.0000000000, 0.0000000000, 0.0000000000)
(0.0000000000, 0.0000000000, 0.0000000000)
(0.1887082000, -0.6855785000, 0.7030969000)
(0.1878775000, -0.6868836000, 0.7020489000)
(0.1662949000, -0.6852089000, 0.7090923000)
(0.1901088000, -0.6932158000, 0.6952018000)
(0.1948945000, -0.6874268000, 0.6996116000)
(0.1894177000, -0.6954802000, 0.6931095000)
(0.1887859000, -0.6930482000, 0.6957173000)
(0.1937370000, -0.6933066000, 0.6940951000)
(0.1913585000, -0.6927542000, 0.6953083000)
(0.1878770000, -0.6855464000, 0.7033688000)
(0.1891285000, -0.6961145000, 0.6925594000)
(0.1934581000, -0.6923764000, 0.6951112000)
(0.1279988000, -0.8081429000, 0.5748822000)
(0.0000000000, 0.0000000000, 0.0000000000)
(0.0000000000, 0.0000000000, 0.0000000000)
(0.0000000000, 0.0000000000, 0.0000000000)
(0.0000000000, 0.0000000000, 0.0000000000)
(0.0000000000, 0.0000000000, 0.0000000000)
(0.0000000000, 0.0000000000, 0.0000000000)
(0.0000000000, 0.0000000000, 0.0000000000)
(0.0000000000, 0.0000000000, 0.0000000000)
(0.1826903000, -0.7090883000, 0.6810222000)
(0.1864386000, -0.7057617000, 0.6834696000)
(0.1868976000, -0.7054092000, 0.6836985000)
(0.1877718000, -0.6928135000, 0.6962397000)
(0.1848588000, -0.6847793000, 0.7049063000)
(0.1871983000, -0.6946569000, 0.6945546000)
(0.1898537000, -0.7064924000, 0.6817690000)
(0.1867955000, -0.7010506000, 0.6881987000)
(0.1825269000, -0.6973922000, 0.6930385000)
(0.1830269000, -0.6958531000, 0.6944559000)
(0.1860862000, -0.7002348000, 0.6892309000)
(0.1852753000, -0.7005596000, 0.6891071000)
(0.1817179000, -0.6980805000, 0.6925732000)
(0.1803102000, -0.6976997000, 0.6933144000)
(0.1796240000, -0.6985578000, 0.6926390000)
(0.1798115000, -0.6981487000, 0.6929891000)
(0.1794809000, -0.6979961000, 0.6932423000)
(0.1795268000, -0.6978247000, 0.6933922000)
(0.1792746000, -0.6975623000, 0.6937174000)
(0.1799851000, -0.6972699000, 0.6938358000)
(0.1797596000, -0.6974764000, 0.6936737000)
(0.1798441000, -0.6974469000, 0.6936894000)
(0.1792602000, -0.6973637000, 0.6939220000)
(0.1804631000, -0.6974886000, 0.6934993000)
(0.1817902000, -0.6974958000, 0.6931313000)
(0.1826654000, -0.6967514000, 0.6936612000)
(0.1819862000, -0.6967229000, 0.6938651000)
(0.1833372000, -0.6958815000, 0.6943468000)
(0.1830007000, -0.6969482000, 0.6933588000)
(0.1830621000, -0.6960352000, 0.6942749000)
(0.1835625000, -0.6955182000, 0.6946532000)
(0.1842849000, -0.6955842000, 0.6943966000)
(0.1845035000, -0.6949492000, 0.6949800000)
(0.1842460000, -0.6948122000, 0.6951820000)
(0.1839746000, -0.6945686000, 0.6954951000)
(0.1848714000, -0.6926436000, 0.6971824000)
(0.1852056000, -0.6919129000, 0.6978025000)
(0.1854690000, -0.6912632000, 0.6983943000)
(0.1854050000, -0.6903680000, 0.6992902000)
(0.1854940000, -0.6901518000, 0.6994717000)
(0.1848505000, -0.6900404000, 0.6997525000)
(0.1843144000, -0.6910988000, 0.6988456000)
(0.1835054000, -0.6917096000, 0.6984708000)
(0.1829669000, -0.6915842000, 0.6987346000)
(0.1833847000, -0.6902807000, 0.6998942000)
(0.1837792000, -0.6889319000, 0.7011350000)
(0.1839405000, -0.6873143000, 0.7026749000)
(0.1836883000, -0.6864302000, 0.7035934000)
(0.1847333000, -0.6849880000, 0.7047343000)
(0.1849815000, -0.6876574000, 0.7020722000)
(0.1867054000, -0.6912547000, 0.6980554000)
(0.1865272000, -0.6911640000, 0.6981985000)
(0.1862987000, -0.6907595000, 0.6986538000)
(0.1859223000, -0.6881504000, 0.7013318000)
(0.1853232000, -0.6859815000, 0.7036095000)
(0.1858529000, -0.6843066000, 0.7051013000)
(0.1852185000, -0.6829138000, 0.7066141000)
(0.1840901000, -0.6844888000, 0.7053801000)
(0.1842807000, -0.6850014000, 0.7048423000)
(0.1851778000, -0.6835396000, 0.7060173000)
(0.1857028000, -0.6855807000, 0.7038978000)
(0.1861759000, -0.6846619000, 0.7046641000)
(0.1862611000, -0.6821253000, 0.7070938000)
(0.1861648000, -0.6847134000, 0.7046203000)
(0.1860017000, -0.6855534000, 0.7038445000)
(0.1856929000, -0.6852822000, 0.7041922000)
(0.1844593000, -0.6850504000, 0.7047349000)
(0.1825736000, -0.6860242000, 0.7042851000)
(0.1801589000, -0.6886666000, 0.7023231000)
(0.1794131000, -0.6880986000, 0.7030683000)
(0.1805885000, -0.6875876000, 0.7032794000)
(0.1840364000, -0.6863459000, 0.7035944000)
(0.1817567000, -0.6864102000, 0.7041278000)
(0.1804898000, -0.6887816000, 0.7021256000)
(0.1801124000, -0.6881169000, 0.7028891000)
(0.1846753000, -0.6911159000, 0.6987345000)
(0.1816063000, -0.6893520000, 0.7012931000)
(0.1802636000, -0.6881398000, 0.7028277000)
(0.1596661000, -0.7090474000, 0.6868383000)
(0.1558495000, -0.7134299000, 0.6831681000)
(0.0000000000, 0.0000000000, 0.0000000000)
(0.0000000000, 0.0000000000, 0.0000000000)
(0.0000000000, 0.0000000000, 0.0000000000)
(0.0000000000, 0.0000000000, 0.0000000000)
(0.0000000000, 0.0000000000, 0.0000000000)
(0.0000000000, 0.0000000000, 0.0000000000)
(0.0000000000, 0.0000000000, 0.0000000000)
(0.1924680000, -0.7138051000, 0.6733664000)
(0.1925489000, -0.7146255000, 0.6724660000)
(0.1873223000, -0.7137097000, 0.6749079000)
(0.1929265000, -0.7127330000, 0.6743788000)
(0.1912629000, -0.7074435000, 0.6803882000)
(0.1905833000, -0.7070792000, 0.6809655000)
(0.1843029000, -0.7066941000, 0.6830850000)
(0.1944496000, -0.7032049000, 0.6838681000)
(0.2021344000, -0.7112260000, 0.6732745000)
(0.2006373000, -0.7092407000, 0.6758015000)
(0.1919976000, -0.6987790000, 0.6890808000)
(0.1913489000, -0.7025986000, 0.6853558000)
(0.1952249000, -0.7035047000, 0.6833335000)
(0.1905324000, -0.7076607000, 0.6803692000)
(0.1543251000, -0.6965312000, 0.7007197000)
(0.1496067000, -0.6937679000, 0.7044851000)
(0.1445139000, -0.6976894000, 0.7016537000)
(0.1484022000, -0.7011678000, 0.6973748000)
(0.1548915000, -0.7075477000, 0.6894736000)
(0.1559238000, -0.7069665000, 0.6898330000)
(0.1559220000, -0.7072036000, 0.6895860000)
(0.1547991000, -0.7070414000, 0.6900165000)
(0.1550176000, -0.7065209000, 0.6904889000)
(0.1549400000, -0.7058782000, 0.6911598000)
(0.1543927000, -0.7054127000, 0.6917567000)
(0.1541079000, -0.7052434000, 0.6919996000)
(0.1508952000, -0.7047752000, 0.6931935000)
(0.1528521000, -0.7028675000, 0.6946822000)
(0.1527734000, -0.7030345000, 0.6945452000)
(0.1532279000, -0.7046846000, 0.6927626000)
(0.1507413000, -0.7038296000, 0.6941682000)
(0.1510804000, -0.7043984000, 0.6935178000)
(0.1512590000, -0.7041748000, 0.6937174000)
(0.1513388000, -0.7054618000, 0.6923802000)
(0.1499391000, -0.7033073000, 0.6948755000)
(0.1500811000, -0.7031208000, 0.6950343000)
(0.1493052000, -0.7033888000, 0.6949323000)
(0.1484089000, -0.7041261000, 0.6943751000)
(0.1474199000, -0.7035515000, 0.6951635000)
(0.1477857000, -0.7036601000, 0.6949920000)
(0.1485457000, -0.7043643000, 0.6941206000)
(0.1465509000, -0.7030082000, 0.6959113000)
(0.1461985000, -0.7029605000, 0.6960210000)
(0.1479545000, -0.7047221000, 0.6938778000)
(0.1487865000, -0.7023994000, 0.6960436000)
(0.1477277000, -0.7028046000, 0.6958544000)
(0.1484057000, -0.7033569000, 0.6951695000)
(0.1473023000, -0.7022524000, 0.6965083000)
(0.1484553000, -0.7016362000, 0.6968942000)
(0.1497053000, -0.7016848000, 0.6965691000)
(0.1491857000, -0.7022600000, 0.6961057000)
(0.1485320000, -0.7016652000, 0.6968335000)
(0.1472188000, -0.6995119000, 0.6992873000)
(0.1468420000, -0.7024002000, 0.6964505000)
(0.1577758000, -0.7016443000, 0.6948302000)
(0.1756315000, -0.6979472000, 0.6942716000)
(0.1765455000, -0.6881371000, 0.7037551000)
(0.1808142000, -0.6874776000, 0.7033225000)
(0.1858704000, -0.6980301000, 0.6915129000)
(0.1874203000, -0.6943684000, 0.6947724000)
(0.1799641000, -0.6893225000, 0.7017441000)
(0.1672080000, -0.7029496000, 0.6912841000)
(0.0000000000, 0.0000000000, 0.0000000000)
(0.0000000000, 0.0000000000, 0.0000000000)
(0.0000000000, 0.0000000000, 0.0000000000)
(0.0000000000, 0.0000000000, 0.0000000000)
(0.0000000000, 0.0000000000, 0.0000000000)
(0.0000000000, 0.0000000000, 0.0000000000)
(0.0000000000, 0.0000000000, 0.0000000000)
(0.2003247000, -0.6739374000, 0.7111008000)
(0.1979104000, -0.6701886000, 0.7153118000)
(0.1941209000, -0.6737149000, 0.7130231000)
(0.2007350000, -0.6762830000, 0.7087443000)
(0.1941271000, -0.6720989000, 0.7145555000)
(0.1927266000, -0.6706632000, 0.7162797000)
(0.1914782000, -0.6726315000, 0.7147708000)
(0.1911254000, -0.6755649000, 0.7120971000)
(0.1927841000, -0.6779699000, 0.7093499000)
(0.1943377000, -0.6823200000, 0.7047442000)
(0.1936969000, -0.6833469000, 0.7039211000)
(0.1912634000, -0.6807487000, 0.7070950000)
(0.1697922000, -0.6947101000, 0.6989433000)
(0.1620098000, -0.7187508000, 0.6761243000)
(0.1626693000, -0.7242438000, 0.6700639000)
(0.1570771000, -0.7299128000, 0.6652277000)
(0.1576267000, -0.7330571000, 0.6616362000)
(0.1591183000, -0.7327246000, 0.6616520000)
(0.1630947000, -0.7258049000, 0.6682708000)
(0.1652100000, -0.7222045000, 0.6716585000)
(0.1643296000, -0.7205766000, 0.6736099000)
(0.1644894000, -0.7222384000, 0.6717829000)
(0.1637790000, -0.7230778000, 0.6710557000)
(0.1649394000, -0.7183456000, 0.6758333000)
(0.1639780000, -0.7173629000, 0.6771230000)
(0.1656363000, -0.7192171000, 0.6747332000)
(0.1421172000, -0.7190980000, 0.6802041000)
(0.1665353000, -0.7304435000, 0.6623431000)
(0.1662751000, -0.7369057000, 0.6552225000)
(0.0000000000, 0.0000000000, 0.0000000000)
(0.0000000000, 0.0000000000, 0.0000000000)
(0.0000000000, 0.0000000000, 0.0000000000)
(0.0000000000, 0.0000000000, 0.0000000000)
(0.1436610000, -0.7091252000, 0.6902821000)
(0.1476709000, -0.7200416000, 0.6780351000)
(0.1499576000, -0.7030951000, 0.6950826000)
(0.1380865000, -0.7127964000, 0.6876265000)
(0.1518108000, -0.7127430000, 0.6847822000)
(0.1481157000, -0.7165688000, 0.6815931000)
(0.1465567000, -0.7123229000, 0.6863736000)
(0.1421636000, -0.7138300000, 0.6857305000)
(0.1293298000, -0.7209282000, 0.6808295000)
(0.0000000000, 0.0000000000, 0.0000000000)
(0.0000000000, 0.0000000000, 0.0000000000)
(0.0000000000, 0.0000000000, 0.0000000000)
(0.0000000000, 0.0000000000, 0.0000000000)
(0.0000000000, 0.0000000000, 0.0000000000)
(0.0000000000, 0.0000000000, 0.0000000000)
(0.0000000000, 0.0000000000, 0.0000000000)
(0.0000000000, 0.0000000000, 0.0000000000)
(0.0000000000, 0.0000000000, 0.0000000000)
(0.0000000000, 0.0000000000, 0.0000000000)
(0.0000000000, 0.0000000000, 0.0000000000)
(0.0000000000, 0.0000000000, 0.0000000000)
(0.1630034000, -0.7476839000, 0.6437151000)
(0.1619812000, -0.7485434000, 0.6429813000)
(0.1731218000, -0.7454931000, 0.6436328000)
(0.1707563000, -0.7446878000, 0.6451756000)
(0.1694989000, -0.7463274000, 0.6436131000)
(0.1652343000, -0.7490326000, 0.6415841000)
(0.1627893000, -0.7488421000, 0.6424313000)
(0.1644605000, -0.7508240000, 0.6396754000)
(0.1637209000, -0.7508417000, 0.6398611000)
(0.1624392000, -0.7467365000, 0.6449665000)
(0.1609238000, -0.7455963000, 0.6466583000)
(0.1601049000, -0.7463202000, 0.6460418000)
(0.1602002000, -0.7456270000, 0.6468169000)
(0.1598308000, -0.7456427000, 0.6468799000)
(0.1601174000, -0.7456411000, 0.6468110000)
(0.1605592000, -0.7457712000, 0.6465424000)
(0.1606877000, -0.7458716000, 0.6463962000)
(0.1616027000, -0.7497172000, 0.6417203000)
(0.1614581000, -0.7439770000, 0.6483856000)
(0.1684728000, -0.6957572000, 0.6982186000)
(0.1746190000, -0.6854087000, 0.7068898000)
(0.1689981000, -0.6948385000, 0.6990080000)
(0.1762728000, -0.6888788000, 0.7030964000)
(0.1789758000, -0.6848461000, 0.7063466000)
(0.1759240000, -0.6862130000, 0.7057930000)
(0.1837910000, -0.6792620000, 0.7105018000)
(0.1852244000, -0.6779851000, 0.7113432000)
(0.1820771000, -0.6807544000, 0.7095120000)
(0.1812693000, -0.6806545000, 0.7098148000)
(0.1808077000, -0.6787076000, 0.7117943000)
(0.1817432000, -0.6772306000, 0.7129583000)
(0.1831946000, -0.6779860000, 0.7118647000)
(0.1837668000, -0.6777737000, 0.7119245000)
(0.1846239000, -0.6774377000, 0.7120165000)
(0.1857304000, -0.6768295000, 0.7123177000)
(0.1859717000, -0.6778612000, 0.7112687000)
(0.1862942000, -0.6780853000, 0.7109636000)
(0.1856925000, -0.6757553000, 0.7133364000)
(0.1875846000, -0.6707469000, 0.7175607000)
(0.1874785000, -0.6733484000, 0.7151567000)
(0.1893429000, -0.6707160000, 0.7171225000)
(0.1892665000, -0.6690942000, 0.7186662000)
(0.1890295000, -0.6709531000, 0.7169794000)
(0.1899303000, -0.6677650000, 0.7197230000)
(0.1902800000, -0.6664040000, 0.7208829000)
(0.1903510000, -0.6658043000, 0.7214275000)
(0.1927570000, -0.6688213000, 0.7179907000)
(0.1965713000, -0.7106140000, 0.6755607000)
(0.2001224000, -0.7209202000, 0.6634741000)
(0.1955657000, -0.7205080000, 0.6652945000)
(0.1916564000, -0.7217190000, 0.6651013000)
(0.1970757000, -0.7204753000, 0.6648679000)
(0.1962186000, -0.7204348000, 0.6651667000)
(0.1963061000, -0.7197113000, 0.6659364000)
(0.1986281000, -0.7185528000, 0.6664878000)
(0.1979629000, -0.7178644000, 0.6674395000)
(0.1962341000, -0.7188632000, 0.6668752000)
(0.1963287000, -0.7194838000, 0.6661582000)
(0.1977196000, -0.7170541000, 0.6683629000)
(0.1992168000, -0.7159187000, 0.6691540000)
(0.1996133000, -0.7143431000, 0.6707006000)
(0.1983197000, -0.7177074000, 0.6674981000)
(0.1988486000, -0.7158371000, 0.6693386000)
(0.2007369000, -0.7132717000, 0.6715031000)
(0.1999801000, -0.7102555000, 0.6749242000)
(0.1998937000, -0.7112938000, 0.6738501000)
(0.2007411000, -0.7114375000, 0.6734519000)
(0.2012087000, -0.7105372000, 0.6742763000)
(0.2005505000, -0.7112043000, 0.6737521000)
(0.1995532000, -0.7111620000, 0.6741057000)
(0.2008742000, -0.7107562000, 0.6741352000)
(0.1999760000, -0.7116160000, 0.6734953000)
(0.2001811000, -0.7108585000, 0.6742265000)
(0.1996188000, -0.7105013000, 0.6747824000)
(0.1984690000, -0.7103483000, 0.6752669000)
(0.1986942000, -0.7092193000, 0.6764035000)
(0.1995422000, -0.7070863000, 0.6783839000)
(0.1986601000, -0.7078480000, 0.6778366000)
(0.1982705000, -0.7092804000, 0.6764630000)
(0.1986162000, -0.7080672000, 0.6776190000)
(0.1991153000, -0.7068799000, 0.6787205000)
(0.1994173000, -0.7041926000, 0.6814207000)
(0.1994545000, -0.7033485000, 0.6822829000)
(0.1989715000, -0.7021804000, 0.6836182000)
(0.2000829000, -0.6994298000, 0.6861173000)
(0.1975938000, -0.7073582000, 0.6786529000)
(0.1959213000, -0.7079119000, 0.6785754000)
(0.1964488000, -0.7057462000, 0.6806666000)
(0.2013364000, -0.7035156000, 0.6815537000)
(0.1981657000, -0.7033846000, 0.6826146000)
(0.1992408000, -0.7082769000, 0.6772251000)
(0.1885863000, -0.7141390000, 0.6740988000)
(0.1989042000, -0.7137028000, 0.6716084000)
(0.0000000000, 0.0000000000, 0.0000000000)
(0.0000000000, 0.0000000000, 0.0000000000)
(0.0000000000, 0.0000000000, 0.0000000000)
(0.0000000000, 0.0000000000, 0.0000000000)
(0.1809823000, -0.7365803000, 0.6516778000)
(0.1614092000, -0.7225578000, 0.6721836000)
(0.1647111000, -0.7056440000, 0.6891387000)
(0.1502371000, -0.7223523000, 0.6749995000)
(0.1568216000, -0.7206712000, 0.6753004000)
(0.1520779000, -0.7176222000, 0.6796149000)
(0.1537751000, -0.7204306000, 0.6762568000)
(0.1636265000, -0.7211937000, 0.6731139000)
(0.1594698000, -0.7225149000, 0.6726972000)
(0.1596207000, -0.7226239000, 0.6725539000)
(0.1619724000, -0.7199226000, 0.6748842000)
(0.1655186000, -0.7102743000, 0.6841738000)
(0.1471767000, -0.7108907000, 0.6877143000)
(0.1453922000, -0.7175604000, 0.6811327000)
(0.1454693000, -0.7200508000, 0.6784986000)
(0.1523779000, -0.7225671000, 0.6742790000)
(0.1536718000, -0.7173318000, 0.6795607000)
(0.1529925000, -0.7122279000, 0.6850662000)
(0.1495103000, -0.7166476000, 0.6812062000)
(0.1543902000, -0.7166910000, 0.6800644000)
(0.1534195000, -0.7152033000, 0.6818653000)
(0.1493630000, -0.7189451000, 0.6788197000)
(0.1468946000, -0.7108975000, 0.6877704000)
(0.1297747000, -0.7378977000, 0.6622999000)
(0.0000000000, 0.0000000000, 0.0000000000)
(0.0000000000, 0.0000000000, 0.0000000000)
(0.0000000000, 0.0000000000, 0.0000000000)
(0.0000000000, 0.0000000000, 0.0000000000)
(0.0000000000, 0.0000000000, 0.0000000000)
(0.0000000000, 0.0000000000, 0.0000000000)
(0.0000000000, 0.0000000000, 0.0000000000)
(0.0000000000, 0.0000000000, 0.0000000000)
(0.0000000000, 0.0000000000, 0.0000000000)
(0.0000000000, 0.0000000000, 0.0000000000)
(0.1925858000, -0.7279040000, 0.6580597000)
(0.1941808000, -0.7251632000, 0.6606075000)
(0.1932196000, -0.7264790000, 0.6594627000)
(0.1967706000, -0.7258478000, 0.6591057000)
(0.1977359000, -0.7229118000, 0.6620315000)
(0.1933073000, -0.7203301000, 0.6661401000)
(0.1925336000, -0.7265911000, 0.6595377000)
(0.1927100000, -0.7218975000, 0.6646049000)
(0.1912689000, -0.7243059000, 0.6624036000)
(0.1920503000, -0.7261761000, 0.6601393000)
(0.1925464000, -0.7230609000, 0.6634058000)
(0.1937635000, -0.7207679000, 0.6655334000)
(0.1952887000, -0.7174246000, 0.6686847000)
(0.1947847000, -0.7176267000, 0.6686309000)
(0.1938542000, -0.7209514000, 0.6653085000)
(0.1943695000, -0.7200634000, 0.6661233000)
(0.1958143000, -0.7193857000, 0.6664245000)
(0.1949202000, -0.7202892000, 0.6657141000)
(0.1973250000, -0.7209041000, 0.6643465000)
(0.1974109000, -0.7164466000, 0.6691194000)
(0.1983873000, -0.7160113000, 0.6692972000)
(0.1973795000, -0.7169256000, 0.6686149000)
(0.1968418000, -0.7189074000, 0.6666449000)
(0.1954049000, -0.7205495000, 0.6652928000)
(0.1939280000, -0.7230963000, 0.6629458000)
(0.1940336000, -0.7249354000, 0.6609166000)
(0.1939663000, -0.7232692000, 0.6627576000)
(0.2023765000, -0.7148767000, 0.6693117000)
(0.1973328000, -0.7192967000, 0.6660711000)
(0.2018099000, -0.7155311000, 0.6687759000)
(0.1966790000, -0.7258615000, 0.6591188000)
(0.1929947000, -0.7165487000, 0.6702943000)
(0.0000000000, 0.0000000000, 0.0000000000)
(0.0000000000, 0.0000000000, 0.0000000000)
(0.0000000000, 0.0000000000, 0.0000000000)
(0.0000000000, 0.0000000000, 0.0000000000)
(0.0000000000, 0.0000000000, 0.0000000000)
(0.0000000000, 0.0000000000, 0.0000000000)
(0.0000000000, 0.0000000000, 0.0000000000)
(0.0000000000, 0.0000000000, 0.0000000000)
(0.1611482000, -0.7377476000, 0.6555498000)
(0.1606996000, -0.7266592000, 0.6679174000)
(0.1592268000, -0.7341651000, 0.6600364000)
(0.1666437000, -0.7317690000, 0.6608501000)
(0.1710672000, -0.7273211000, 0.6646236000)
(0.1720710000, -0.7313712000, 0.6598946000)
(0.1618334000, -0.7294432000, 0.6646153000)
(0.1581736000, -0.7337819000, 0.6607119000)
(0.1550495000, -0.7388315000, 0.6558011000)
(0.1597121000, -0.7340696000, 0.6600137000)
(0.1599696000, -0.7339678000, 0.6600627000)
(0.1623954000, -0.7327720000, 0.6608081000)
(0.1650383000, -0.7321863000, 0.6607909000)
(0.1627697000, -0.7321116000, 0.6614289000)
(0.1682643000, -0.7327460000, 0.6593703000)
(0.1693355000, -0.7363419000, 0.6550701000)
(0.1691286000, -0.7363394000, 0.6551326000)
(0.1688168000, -0.7360524000, 0.6555195000)
(0.1694101000, -0.7351948000, 0.6563345000)
(0.1683944000, -0.7340724000, 0.6578494000)
(0.1684525000, -0.7336264000, 0.6583329000)
(0.1682405000, -0.7345555000, 0.6573566000)
(0.1679947000, -0.7361218000, 0.6556584000)
(0.1681180000, -0.7363625000, 0.6553434000)
(0.1684013000, -0.7365133000, 0.6551092000)
(0.1675715000, -0.7366976000, 0.6551191000)
(0.1674374000, -0.7363557000, 0.6555334000)
(0.1663226000, -0.7357175000, 0.6565405000)
(0.1659456000, -0.7362343000, 0.6560417000)
(0.1647201000, -0.7361274000, 0.6564885000)
(0.1588598000, -0.7380801000, 0.6557243000)
(0.1754810000, -0.7519369000, 0.6354424000)
(0.0000000000, 0.0000000000, 0.0000000000)
(0.0000000000, 0.0000000000, 0.0000000000)
(0.0000000000, 0.0000000000, 0.0000000000)
(0.0000000000, 0.0000000000, 0.0000000000)
(0.0000000000, 0.0000000000, 0.0000000000)
(0.0000000000, 0.0000000000, 0.0000000000)
(0.1496119000, -0.7288976000, 0.6680675000)
(0.1473531000, -0.7231900000, 0.6747402000)
(0.1425474000, -0.7390129000, 0.6584241000)
(0.1367795000, -0.7423475000, 0.6558879000)
(0.1348375000, -0.7372758000, 0.6619743000)
(0.1381278000, -0.7324458000, 0.6666484000)
(0.1404902000, -0.7328890000, 0.6656638000)
(0.1392170000, -0.7359474000, 0.6625649000)
(0.1425105000, -0.7313246000, 0.6669517000)
(0.1437702000, -0.7320564000, 0.6658862000)
(0.1401717000, -0.7347022000, 0.6637442000)
(0.1378991000, -0.7337074000, 0.6653160000)
(0.1394601000, -0.7346225000, 0.6639714000)
(0.1437049000, -0.7326279000, 0.6652682000)
(0.1431986000, -0.7323263000, 0.6657162000)
(0.1380219000, -0.7296739000, 0.6697084000)
(0.1396133000, -0.7378485000, 0.6603606000)
(0.1287293000, -0.7791079000, 0.6135218000)
(0.0000000000, 0.0000000000, 0.0000000000)
(0.0000000000, 0.0000000000, 0.0000000000)
(0.0000000000, 0.0000000000, 0.0000000000)
(0.0000000000, 0.0000000000, 0.0000000000)
(0.0000000000, 0.0000000000, 0.0000000000)
(0.0000000000, 0.0000000000, 0.0000000000)
(0.0000000000, 0.0000000000, 0.0000000000)
(0.0699119200, -0.8246390000, 0.5613124000)
(0.1161348000, -0.7593750000, 0.6402001000)
(0.1282083000, -0.7425687000, 0.6573709000)
(0.1258689000, -0.7442476000, 0.6559179000)
(0.1304081000, -0.7449268000, 0.6542606000)
(0.1269119000, -0.7441418000, 0.6558436000)
(0.1296314000, -0.7462004000, 0.6529661000)
(0.1300788000, -0.7403761000, 0.6594635000)
(0.1300891000, -0.7431211000, 0.6563727000)
(0.1244354000, -0.7387482000, 0.6623780000)
(0.1211610000, -0.7414190000, 0.6599967000)
(0.1192462000, -0.7405148000, 0.6613712000)
(0.1203711000, -0.7403128000, 0.6613826000)
(0.1218063000, -0.7388067000, 0.6627982000)
(0.1225032000, -0.7385916000, 0.6629165000)
(0.1215785000, -0.7395413000, 0.6620231000)
(0.1280441000, -0.7399549000, 0.6603453000)
(0.1266901000, -0.7408574000, 0.6595986000)
(0.1265596000, -0.7377362000, 0.6630988000)
(0.1260738000, -0.7373856000, 0.6635804000)
(0.1236163000, -0.7397580000, 0.6614172000)
(0.1250744000, -0.7416136000, 0.6590580000)
(0.1282959000, -0.7414813000, 0.6585853000)
(0.1287241000, -0.7414215000, 0.6585663000)
(0.1264786000, -0.7427517000, 0.6575001000)
(0.1196293000, -0.7402418000, 0.6616053000)
(0.1193406000, -0.7398443000, 0.6621025000)
(0.1201296000, -0.7409378000, 0.6607317000)
(0.1263657000, -0.7423306000, 0.6579846000)
(0.1273509000, -0.7415439000, 0.6586903000)
(0.1259815000, -0.7406005000, 0.6600255000)
(0.1250320000, -0.7390140000, 0.6619822000)
(0.1257058000, -0.7390466000, 0.6617985000)
(0.1251418000, -0.7412237000, 0.6594656000)
(0.1232974000, -0.7400199000, 0.6611745000)
(0.1241282000, -0.7400199000, 0.6610073000)
(0.1250494000, -0.7409464000, 0.6598063000)
(0.1255536000, -0.7407151000, 0.6599591000)
(0.1251197000, -0.7424543000, 0.6580935000)
(0.1253351000, -0.7426198000, 0.6578672000)
(0.1610808000, -0.7274513000, 0.6669751000)
(0.1744991000, -0.7082884000, 0.6840070000)
(0.1725002000, -0.7097728000, 0.6829794000)
(0.1747013000, -0.7102872000, 0.6818798000)
(0.1692543000, -0.7136583000, 0.6797189000)
(0.1671978000, -0.7140331000, 0.6798353000)
(0.1675519000, -0.7136438000, 0.6801552000)
(0.1675491000, -0.7138141000, 0.6799931000)
(0.1664925000, -0.7135713000, 0.6805044000)
(0.1685419000, -0.7135191000, 0.6800556000)
(0.1681384000, -0.7125998000, 0.6811015000)
(0.1675599000, -0.7127621000, 0.6810892000)
(0.1664385000, -0.7134096000, 0.6806801000)
(0.1667271000, -0.7129880000, 0.6810642000)
(0.1664442000, -0.7124299000, 0.6817164000)
(0.1661969000, -0.7118726000, 0.6823413000)
(0.1660281000, -0.7108178000, 0.6834876000)
(0.1649075000, -0.7104455000, 0.6841457000)
(0.1654088000, -0.7111816000, 0.6832622000)
(0.1660715000, -0.7100475000, 0.6842730000)
(0.1660397000, -0.7099189000, 0.6844132000)
(0.1669389000, -0.7102869000, 0.6838148000)
(0.1668997000, -0.7099638000, 0.6841637000)
(0.1684673000, -0.7088421000, 0.6849394000)
(0.1672739000, -0.7107529000, 0.6832612000)
(0.1682944000, -0.7105944000, 0.6831734000)
(0.1689955000, -0.7087427000, 0.6849220000)
(0.1687927000, -0.7086893000, 0.6850164000)
(0.1694095000, -0.7097400000, 0.6837835000)
(0.1698377000, -0.7107801000, 0.6825859000)
(0.1702904000, -0.7111009000, 0.6821337000)
(0.1695380000, -0.7143049000, 0.6789723000)
(0.1717063000, -0.7126601000, 0.6801628000)
(0.1713072000, -0.7122017000, 0.6807461000)
(0.1707836000, -0.7090699000, 0.6841376000)
(0.1392372000, -0.7077036000, 0.6926469000)
(0.1393468000, -0.7076919000, 0.6926370000)
(0.1398767000, -0.7068231000, 0.6934180000)
(0.1360159000, -0.7039603000, 0.6970916000)
(0.1368953000, -0.7054676000, 0.6953833000)
(0.1370238000, -0.7055278000, 0.6952884000)
(0.1355964000, -0.7043738000, 0.6967421000)
(0.1394491000, -0.7037774000, 0.6965926000)
(0.1377853000, -0.7029150000, 0.6978000000)
(0.1403496000, -0.7076373000, 0.6924881000)
(0.1310504000, -0.7354953000, 0.6647264000)
(0.0000000000, 0.0000000000, 0.0000000000)
(0.0000000000, 0.0000000000, 0.0000000000)
(0.0000000000, 0.0000000000, 0.0000000000)
(0.0000000000, 0.0000000000, 0.0000000000)
(0.0000000000, 0.0000000000, 0.0000000000)
(0.0000000000, 0.0000000000, 0.0000000000)
(0.1567851000, -0.7051914000, 0.6914473000)
(0.1505380000, -0.7025802000, 0.6954826000)
(0.1529673000, -0.6930522000, 0.7044640000)
(0.1552176000, -0.6855043000, 0.7113262000)
(0.0826949700, -0.8365582000, 0.5415713000)
(0.0000000000, 0.0000000000, 0.0000000000)
(0.0000000000, 0.0000000000, 0.0000000000)
(0.0000000000, 0.0000000000, 0.0000000000)
(0.0000000000, 0.0000000000, 0.0000000000)
(0.0000000000, 0.0000000000, 0.0000000000)
(0.0000000000, 0.0000000000, 0.0000000000)
(0.1419745000, -0.7006564000, 0.6992092000)
(0.1469622000, -0.6641558000, 0.7329888000)
(0.1459766000, -0.6814204000, 0.7171726000)
(0.1482526000, -0.6976684000, 0.7009034000)
(0.1501604000, -0.6983897000, 0.6997703000)
(0.1481055000, -0.6958790000, 0.7027200000)
(0.1456083000, -0.7003301000, 0.6987905000)
(0.1518550000, -0.6963298000, 0.7014611000)
(0.1494530000, -0.6939339000, 0.7043478000)
(0.1489136000, -0.6916150000, 0.7067473000)
(0.1455596000, -0.6941439000, 0.7049643000)
(0.1386382000, -0.6966802000, 0.7038447000)
(0.1458127000, -0.6939817000, 0.7050546000)
(0.1433469000, -0.6965223000, 0.7030623000)
(0.1467329000, -0.6978490000, 0.7010460000)
(0.1461817000, -0.6970479000, 0.7019614000)
(0.1452527000, -0.6967679000, 0.7024255000)
(0.1507072000, -0.6943494000, 0.7036740000)
(0.1523008000, -0.6942484000, 0.7034166000)
(0.1532885000, -0.6925423000, 0.7048913000)
(0.1518205000, -0.6943681000, 0.7034112000)
(0.1534280000, -0.6901115000, 0.7072371000)
(0.1520802000, -0.6894047000, 0.7082248000)
(0.1480938000, -0.6918803000, 0.7066467000)
(0.1486799000, -0.6913916000, 0.7070007000)
(0.1496152000, -0.6917709000, 0.7064253000)
(0.1503213000, -0.6921154000, 0.7059563000)
(0.1509238000, -0.6924169000, 0.7055322000)
(0.1499678000, -0.6933303000, 0.7048299000)
(0.1477325000, -0.6932693000, 0.7053580000)
(0.1481402000, -0.6915277000, 0.7069955000)
(0.1493359000, -0.6915197000, 0.7067378000)
(0.1482944000, -0.6877329000, 0.7106494000)
(0.1523022000, -0.6875148000, 0.7100064000)
(0.1508797000, -0.6839510000, 0.7137432000)
(0.1480257000, -0.6910449000, 0.7074847000)
(0.1409039000, -0.6772167000, 0.7221535000)
(0.1445922000, -0.6873263000, 0.7118060000)
(0.1543722000, -0.6899897000, 0.7071642000)
(0.1524085000, -0.7311196000, 0.6650042000)
(0.1599120000, -0.7354181000, 0.6584541000)
(0.1557453000, -0.7370437000, 0.6576431000)
(0.1562438000, -0.7310065000, 0.6642175000)
(0.1529183000, -0.7280346000, 0.6682554000)
(0.1493375000, -0.7225931000, 0.6749401000)
(0.1589878000, -0.7185712000, 0.6770239000)
(0.1625587000, -0.7138126000, 0.6811964000)
(0.1591530000, -0.7130916000, 0.6827500000)
(0.1613012000, -0.7144307000, 0.6808505000)
(0.1659779000, -0.7141281000, 0.6800351000)
(0.1555711000, -0.7217551000, 0.6744217000)
(0.1546392000, -0.7244877000, 0.6717100000)
(0.1556726000, -0.7245286000, 0.6714143000)
(0.1565348000, -0.7240466000, 0.6717442000)
(0.1574145000, -0.7237263000, 0.6718921000)
(0.1586368000, -0.7226876000, 0.6727193000)
(0.1582724000, -0.7224948000, 0.6729936000)
(0.1594513000, -0.7209805000, 0.6743564000)
(0.1607229000, -0.7222238000, 0.6727093000)
(0.1604568000, -0.7226338000, 0.6723439000)
(0.1606081000, -0.7221219000, 0.6728449000)
(0.1600007000, -0.7242306000, 0.6707256000)
(0.1587531000, -0.7243015000, 0.6709403000)
(0.1579433000, -0.7243360000, 0.6710989000)
(0.1571205000, -0.7242464000, 0.6713824000)
(0.1514305000, -0.7203611000, 0.6768473000)
(0.1486491000, -0.7139260000, 0.6842495000)
(0.1497210000, -0.7150485000, 0.6828486000)
(0.1502415000, -0.7143626000, 0.6834476000)
(0.1490225000, -0.7138513000, 0.6842360000)
(0.1486110000, -0.7143096000, 0.6838505000)
(0.1487337000, -0.7137040000, 0.6844723000)
(0.1503025000, -0.7128358000, 0.6850232000)
(0.1532420000, -0.7112353000, 0.6860250000)
(0.1541187000, -0.7100763000, 0.6870446000)
(0.1531183000, -0.7092232000, 0.6881518000)
(0.1545458000, -0.7091851000, 0.6878673000)
(0.1549073000, -0.7086840000, 0.6882968000)
(0.1553583000, -0.7091116000, 0.6877541000)
(0.1547080000, -0.7088953000, 0.6881202000)
(0.1544392000, -0.7086948000, 0.6883882000)
(0.1550614000, -0.7089434000, 0.6879943000)
(0.1552045000, -0.7090328000, 0.6878819000)
(0.1558954000, -0.7090909000, 0.6876652000)
(0.1551835000, -0.7069749000, 0.6899888000)
(0.1550357000, -0.7080827000, 0.6888835000)
(0.1540170000, -0.7076838000, 0.6895225000)
(0.1542455000, -0.7080392000, 0.6891127000)
(0.1547387000, -0.7092179000, 0.6877862000)
(0.1550037000, -0.7091692000, 0.6877826000)
(0.1711736000, -0.7180988000, 0.6745603000)
(0.1975679000, -0.7168512000, 0.6686452000)
(0.1954961000, -0.7162080000, 0.6699260000)
(0.1962894000, -0.7167916000, 0.6690700000)
(0.1954695000, -0.7213399000, 0.6644040000)
(0.1952195000, -0.7217120000, 0.6640829000)
(0.1969858000, -0.7191598000, 0.6663194000)
(0.1978106000, -0.7181243000, 0.6671976000)
(0.1981864000, -0.7179134000, 0.6673077000)
(0.1986161000, -0.7178333000, 0.6672818000)
(0.1986943000, -0.7177640000, 0.6673240000)
(0.1984430000, -0.7175705000, 0.6675993000)
(0.1977035000, -0.7191356000, 0.6661319000)
(0.1977799000, -0.7185906000, 0.6667150000)
(0.1982112000, -0.7173317000, 0.6679285000)
(0.1979257000, -0.7177685000, 0.6675554000)
(0.1973613000, -0.7163967000, 0.6691774000)
(0.1931807000, -0.7227728000, 0.6635224000)
(0.1972973000, -0.7233806000, 0.6616491000)
(0.1978001000, -0.7217977000, 0.6632229000)
(0.1969493000, -0.7160704000, 0.6696576000)
(0.2074825000, -0.7068063000, 0.6762758000)
(0.0000000000, 0.0000000000, 0.0000000000)
(0.0000000000, 0.0000000000, 0.0000000000)
(0.0000000000, 0.0000000000, 0.0000000000)
(0.1354152000, -0.7170721000, 0.6837016000)
(0.1193674000, -0.7397448000, 0.6621944000)
(0.1239405000, -0.7254654000, 0.6770018000)
(0.1274631000, -0.7239179000, 0.6779888000)
(0.1272713000, -0.7269071000, 0.6748171000)
(0.1274483000, -0.7253479000, 0.6764741000)
(0.1282337000, -0.7263458000, 0.6752571000)
(0.1342960000, -0.7260725000, 0.6743703000)
(0.1220566000, -0.7222819000, 0.6807241000)
(0.1254178000, -0.7262044000, 0.6759186000)
(0.1207117000, -0.7212809000, 0.6820202000)
(0.1288656000, -0.7222350000, 0.6795221000)
(0.1271116000, -0.7226233000, 0.6794353000)
(0.1292446000, -0.7137519000, 0.6883622000)
(0.1261583000, -0.7165166000, 0.6860491000)
(0.1272187000, -0.7169129000, 0.6854360000)
(0.1289753000, -0.7170657000, 0.6849517000)
(0.1268420000, -0.7178194000, 0.6845562000)
(0.1267417000, -0.7170982000, 0.6853307000)
(0.1276865000, -0.7187480000, 0.6834363000)
(0.1299626000, -0.7176904000, 0.6841134000)
(0.1295117000, -0.7183879000, 0.6834694000)
(0.1300190000, -0.7175918000, 0.6842068000)
(0.1305211000, -0.7170491000, 0.6846799000)
(0.1306391000, -0.7176739000, 0.6840112000)
(0.1304603000, -0.7173532000, 0.6843767000)
(0.1304139000, -0.7170909000, 0.6846660000)
(0.1307874000, -0.7175791000, 0.6840839000)
(0.1324561000, -0.7121471000, 0.6894104000)
(0.1349015000, -0.7121146000, 0.6889596000)
(0.1204455000, -0.7327172000, 0.6697789000)
(0.0000000000, 0.0000000000, 0.0000000000)
(0.0000000000, 0.0000000000, 0.0000000000)
(0.0000000000, 0.0000000000, 0.0000000000)
(0.0000000000, 0.0000000000, 0.0000000000)
(0.0000000000, 0.0000000000, 0.0000000000)
(0.0000000000, 0.0000000000, 0.0000000000)
(0.0000000000, 0.0000000000, 0.0000000000)
(0.1181763000, -0.7287412000, 0.6744976000)
(0.1340343000, -0.7138011000, 0.6873794000)
(0.1291518000, -0.7165642000, 0.6854534000)
(0.1269868000, -0.7207595000, 0.6814459000)
(0.1340670000, -0.7110319000, 0.6902407000)
(0.1298309000, -0.7092124000, 0.6929244000)
(0.1309220000, -0.7122584000, 0.6895866000)
(0.1296754000, -0.7111331000, 0.6909861000)
(0.1302303000, -0.7101107000, 0.6919259000)
(0.1307157000, -0.7089135000, 0.6930731000)
(0.1315559000, -0.7086083000, 0.6932272000)
(0.1291789000, -0.7106011000, 0.6916211000)
(0.1285723000, -0.7114652000, 0.6908472000)
(0.1269842000, -0.7115068000, 0.6910926000)
(0.1280096000, -0.7113481000, 0.6910682000)
(0.1277232000, -0.7098330000, 0.6926857000)
(0.1275664000, -0.7097117000, 0.6928251000)
(0.1265279000, -0.7092322000, 0.6935069000)
(0.1271641000, -0.7089000000, 0.6937467000)
(0.1289151000, -0.7095144000, 0.6927789000)
(0.1279768000, -0.7108410000, 0.6915896000)
(0.1274368000, -0.7099535000, 0.6926203000)
(0.1268845000, -0.7085670000, 0.6941340000)
(0.1270648000, -0.7081770000, 0.6945025000)
(0.1272041000, -0.7083574000, 0.6942859000)
(0.1274948000, -0.7085367000, 0.6940391000)
(0.1254864000, -0.7091386000, 0.6937967000)
(0.1267810000, -0.7081572000, 0.6945594000)
(0.1268644000, -0.7135334000, 0.6890327000)
(0.0000000000, 0.0000000000, 0.0000000000)
(0.0000000000, 0.0000000000, 0.0000000000)
(0.0000000000, 0.0000000000, 0.0000000000)
(0.0000000000, 0.0000000000, 0.0000000000)
(0.0000000000, 0.0000000000, 0.0000000000)
(0.0000000000, 0.0000000000, 0.0000000000)
(0.0000000000, 0.0000000000, 0.0000000000)
(0.0000000000, 0.0000000000, 0.0000000000)
(0.1146305000, -0.7168958000, 0.6876785000)
(0.1191399000, -0.7163377000, 0.6874964000)
(0.1153995000, -0.7197661000, 0.6845511000)
(0.1005340000, -0.6979210000, 0.7090623000)
(0.1147605000, -0.7117199000, 0.6930079000)
(0.1214319000, -0.7133455000, 0.6901940000)
(0.1166445000, -0.7182589000, 0.6859227000)
(0.1173941000, -0.7173489000, 0.6867395000)
(0.1217340000, -0.7153586000, 0.6880702000)
(0.1156784000, -0.7192443000, 0.6850542000)
(0.1177496000, -0.7190859000, 0.6848655000)
(0.1167332000, -0.7195820000, 0.6845042000)
(0.1172491000, -0.7207616000, 0.6831856000)
(0.1173332000, -0.7204792000, 0.6834623000)
(0.1155634000, -0.7203991000, 0.6838624000)
(0.1126962000, -0.7159488000, 0.6889803000)
(0.1131883000, -0.7127415000, 0.6922199000)
(0.1155270000, -0.7154843000, 0.6889976000)
(0.1190418000, -0.7084790000, 0.6956140000)
(0.1140309000, -0.7157280000, 0.6889946000)
(0.1143359000, -0.7151494000, 0.6895505000)
(0.1156910000, -0.7148393000, 0.6896386000)
(0.1151466000, -0.7153969000, 0.6891470000)
(0.1160881000, -0.7192690000, 0.6849597000)
(0.1140607000, -0.7193981000, 0.6851527000)
(0.1145066000, -0.7201369000, 0.6842944000)
(0.1144097000, -0.7212908000, 0.6831069000)
(0.1212422000, -0.7201763000, 0.6830990000)
(0.1166968000, -0.7188968000, 0.6852481000)
(0.1170083000, -0.7205680000, 0.6834387000)
(0.1155091000, -0.7241827000, 0.6798426000)
(0.1153507000, -0.7240810000, 0.6799808000)
(0.1160917000, -0.7210883000, 0.6830363000)
(0.1180617000, -0.7166875000, 0.6873160000)
(0.1196888000, -0.7143733000, 0.6894429000)
(0.1206203000, -0.7133331000, 0.6903594000)
(0.1558809000, -0.7119293000, 0.6847140000)
(0.1729954000, -0.7075161000, 0.6851921000)
(0.1735777000, -0.7111747000, 0.6812395000)
(0.1747511000, -0.7096222000, 0.6825492000)
(0.1741474000, -0.7102659000, 0.6820378000)
(0.1734692000, -0.7104826000, 0.6819980000)
(0.1734522000, -0.7100778000, 0.6824166000)
(0.1742678000, -0.7091968000, 0.6831274000)
(0.1743994000, -0.7095531000, 0.6827099000)
(0.1757960000, -0.7109783000, 0.6808748000)
(0.1754434000, -0.7109849000, 0.6809600000)
(0.1766792000, -0.7084240000, 0.6833017000)
(0.1771225000, -0.7078566000, 0.6837813000)
(0.1766440000, -0.7063791000, 0.6854228000)
(0.1761584000, -0.6915962000, 0.7004582000)
(0.1762142000, -0.6907266000, 0.7012980000)
(0.1764495000, -0.6921925000, 0.6998040000)
(0.1734807000, -0.7015343000, 0.6911916000)
(0.1738800000, -0.7003668000, 0.6922737000)
(0.1732883000, -0.7012851000, 0.6914819000)
(0.1729652000, -0.7023904000, 0.6904341000)
(0.1732106000, -0.7018259000, 0.6909482000)
(0.1728969000, -0.7031237000, 0.6897225000)
(0.1739847000, -0.7028149000, 0.6897610000)
(0.1740472000, -0.7020831000, 0.6904911000)
(0.1752931000, -0.7009768000, 0.6913002000)
(0.1762995000, -0.6988348000, 0.6932061000)
(0.1771815000, -0.6975704000, 0.6942573000)
(0.1771135000, -0.6963747000, 0.6954712000)
(0.1767649000, -0.6971433000, 0.6947830000)
(0.1769500000, -0.6970575000, 0.6948286000)
(0.1762612000, -0.6968433000, 0.6952158000)
(0.1763093000, -0.6960924000, 0.6959602000)
(0.1762756000, -0.6961783000, 0.6958820000)
(0.1771517000, -0.6953293000, 0.6965032000)
(0.1775672000, -0.6949198000, 0.6968002000)
(0.1775986000, -0.6949306000, 0.6967798000)
(0.1779516000, -0.6954687000, 0.6961706000)
(0.1779467000, -0.6962605000, 0.6953802000)
(0.1775851000, -0.6967494000, 0.6949794000)
(0.1774364000, -0.6984377000, 0.6933135000)
(0.1772863000, -0.6982852000, 0.6935024000)
(0.1773801000, -0.6987939000, 0.6929632000)
(0.1770146000, -0.6992327000, 0.6926257000)
(0.1773741000, -0.6994045000, 0.6923543000)
(0.1770260000, -0.6995376000, 0.6923198000)
(0.1767709000, -0.6991326000, 0.6927742000)
(0.1764573000, -0.6980188000, 0.6939784000)
(0.1761703000, -0.6985005000, 0.6935813000)
(0.1756393000, -0.6987913000, 0.6934071000)
(0.1752893000, -0.6990187000, 0.6932719000)
(0.1745198000, -0.6989529000, 0.6935321000)
(0.1751778000, -0.6999170000, 0.6923952000)
(0.1722764000, -0.7012414000, 0.6917821000)
(0.1732087000, -0.6996002000, 0.6932163000)
(0.1720935000, -0.6896427000, 0.7033991000)
(0.1774217000, -0.6918547000, 0.6998973000)
(0.1503761000, -0.7103592000, 0.6875801000)
(0.1541172000, -0.6947843000, 0.7024935000)
(0.1621296000, -0.6646537000, 0.7293336000)
(0.1490523000, -0.7104232000, 0.6878037000)
(0.1467719000, -0.7081393000, 0.6906282000)
(0.1556813000, -0.6855226000, 0.7112076000)
(0.1626316000, -0.6799887000, 0.7149470000)
(0.1524369000, -0.6900988000, 0.7074619000)
(0.1548593000, -0.6899034000, 0.7071224000)
(0.1558264000, -0.6885045000, 0.7082840000)
(0.1535564000, -0.6918966000, 0.7054698000)
(0.1539906000, -0.6928163000, 0.7044724000)
(0.1569155000, -0.6920008000, 0.7046325000)
(0.1556160000, -0.6847203000, 0.7119787000)
(0.1507412000, -0.6970137000, 0.7010222000)
(0.0000000000, 0.0000000000, 0.0000000000)
(0.0000000000, 0.0000000000, 0.0000000000)
(0.0000000000, 0.0000000000, 0.0000000000)
(0.0000000000, 0.0000000000, 0.0000000000)
(0.0000000000, 0.0000000000, 0.0000000000)
(0.0000000000, 0.0000000000, 0.0000000000)
(0.1578869000, -0.7508805000, 0.6412721000)
(0.1701514000, -0.7477575000, 0.6417829000)
(0.1617194000, -0.7525793000, 0.6383144000)
(0.1596722000, -0.7477713000, 0.6444549000)
(0.1747996000, -0.7460593000, 0.6425148000)
(0.1597417000, -0.7470109000, 0.6453235000)
(0.1574014000, -0.7465028000, 0.6464926000)
(0.1562262000, -0.7456264000, 0.6477793000)
(0.1604274000, -0.7463034000, 0.6459747000)
(0.1518806000, -0.7441611000, 0.6504912000)
(0.1471351000, -0.7348725000, 0.6620466000)
(0.1461745000, -0.7349389000, 0.6621745000)
(0.1489384000, -0.7380527000, 0.6580949000)
(0.1537196000, -0.7405697000, 0.6541400000)
(0.1534128000, -0.7388817000, 0.6561293000)
(0.1581336000, -0.7405552000, 0.6531143000)
(0.1570628000, -0.7389927000, 0.6551403000)
(0.1595263000, -0.7355347000, 0.6584231000)
(0.1542642000, -0.7288958000, 0.6669994000)
(0.1512793000, -0.7409697000, 0.6542712000)
(0.1566368000, -0.7431064000, 0.6505802000)
(0.1379911000, -0.7418510000, 0.6562039000)
(0.1426310000, -0.7265940000, 0.6720882000)
(0.1437085000, -0.7264405000, 0.6720126000)
(0.1432175000, -0.7232782000, 0.6755374000)
(0.1465871000, -0.7218249000, 0.6763632000)
(0.1518595000, -0.7210202000, 0.6760489000)
(0.1490221000, -0.7167687000, 0.6811867000)
(0.1526122000, -0.7186766000, 0.6783774000)
(0.1505883000, -0.7186000000, 0.6789109000)
(0.1509201000, -0.7184085000, 0.6790372000)
(0.1478174000, -0.7210990000, 0.6768692000)
(0.1505457000, -0.7200817000, 0.6773399000)
(0.1492082000, -0.7192492000, 0.6785306000)
(0.1489013000, -0.7186723000, 0.6791965000)
(0.1498159000, -0.7172142000, 0.6805359000)
(0.1502044000, -0.7178458000, 0.6798003000)
(0.1502151000, -0.7171597000, 0.6805148000)
(0.1491855000, -0.7179407000, 0.6799102000)
(0.1498320000, -0.7176139000, 0.6801265000)
(0.1490414000, -0.7167957000, 0.6811445000)
(0.1479865000, -0.7156816000, 0.6825563000)
(0.1468452000, -0.7165210000, 0.6819308000)
(0.1466613000, -0.7167649000, 0.6817152000)
(0.1467256000, -0.7170385000, 0.6813982000)
(0.1458388000, -0.7181259000, 0.6804419000)
(0.1453841000, -0.7182736000, 0.6803933000)
(0.1444937000, -0.7169617000, 0.6819584000)
(0.1543028000, -0.7169123000, 0.6798638000)
(0.1691554000, -0.7299747000, 0.6621951000)
(0.1708572000, -0.7264263000, 0.6656475000)
(0.1705939000, -0.7269763000, 0.6651107000)
(0.1697657000, -0.7275321000, 0.6647200000)
(0.1712938000, -0.7416965000, 0.6484772000)
(0.1720440000, -0.7355259000, 0.6552679000)
(0.1764171000, -0.7354087000, 0.6542461000)
(0.1802121000, -0.7333981000, 0.6554551000)
(0.1797547000, -0.7334369000, 0.6555560000)
(0.1801866000, -0.7318511000, 0.6571935000)
(0.1816137000, -0.7303823000, 0.6584486000)
(0.1826817000, -0.7292531000, 0.6593904000)
(0.1826163000, -0.7281981000, 0.6605871000)
(0.1823796000, -0.7277970000, 0.6610777000)
(0.1831484000, -0.7264941000, 0.6623010000)
(0.1842553000, -0.7255230000, 0.6630549000)
(0.1853890000, -0.7249221000, 0.6634100000)
(0.1856348000, -0.7227014000, 0.6657500000)
(0.1859607000, -0.7213646000, 0.6671087000)
(0.1578651000, -0.7144502000, 0.6816282000)
(0.1650096000, -0.7076622000, 0.6870009000)
(0.1633636000, -0.7119592000, 0.6829467000)
(0.1646018000, -0.7157920000, 0.6786157000)
(0.1649470000, -0.7124695000, 0.6820350000)
(0.1646488000, -0.7125418000, 0.6820157000)
(0.1645713000, -0.7120147000, 0.6826043000)
(0.1640706000, -0.7121876000, 0.6825271000)
(0.1644749000, -0.7107370000, 0.6839457000)
(0.1644875000, -0.7123638000, 0.6822574000)
(0.1643424000, -0.7124106000, 0.6822327000)
(0.1635123000, -0.7118824000, 0.6829765000)
(0.1638170000, -0.7119243000, 0.6828816000)
(0.1639840000, -0.7113059000, 0.6834738000)
(0.1637305000, -0.7108940000, 0.6839537000)
(0.1540585000, -0.7059495000, 0.6912907000)
(0.1601318000, -0.7051540000, 0.6907325000)
(0.1559350000, -0.7053387000, 0.6914981000)
(0.1569714000, -0.7054919000, 0.6911014000)
(0.1574232000, -0.7056562000, 0.6908354000)
(0.1579805000, -0.7053069000, 0.6910706000)
(0.1580411000, -0.7050442000, 0.6913162000)
(0.1582836000, -0.7052723000, 0.6910242000)
(0.1583339000, -0.7049866000, 0.6913062000)
(0.1588937000, -0.7052196000, 0.6909323000)
(0.1546185000, -0.7018151000, 0.6953562000)
(0.1605000000, -0.6998336000, 0.6960292000)
(0.1567906000, -0.7003534000, 0.6963574000)
(0.1538282000, -0.7003009000, 0.6970581000)
(0.1560761000, -0.6979191000, 0.6989537000)
(0.1552151000, -0.6991735000, 0.6978855000)
(0.1563642000, -0.6988166000, 0.6979891000)
(0.1619855000, -0.6979475000, 0.6975764000)
(0.1593521000, -0.6976628000, 0.6984597000)
(0.1580345000, -0.6984074000, 0.6980191000)
(0.1576572000, -0.6986821000, 0.6978381000)
(0.1624736000, -0.6956388000, 0.6997674000)
(0.1600872000, -0.6905147000, 0.7053785000)
(0.1619196000, -0.6894740000, 0.7059579000)
(0.1644544000, -0.6912106000, 0.7036853000)
(0.1640843000, -0.7009993000, 0.6940154000)
(0.1611108000, -0.7138945000, 0.6814572000)
(0.1601809000, -0.7117866000, 0.6838722000)
(0.1537142000, -0.7107403000, 0.6864367000)
(0.1434948000, -0.7096343000, 0.6897864000)
(0.1486824000, -0.7091274000, 0.6892087000)
(0.1577421000, -0.7045552000, 0.6918928000)
(0.1514761000, -0.7051945000, 0.6926327000)
(0.1317175000, -0.8235590000, 0.5517020000)
(0.0000000000, 0.0000000000, 0.0000000000)
(0.0000000000, 0.0000000000, 0.0000000000)
(0.0000000000, 0.0000000000, 0.0000000000)
(0.0000000000, 0.0000000000, 0.0000000000)
(0.0000000000, 0.0000000000, 0.0000000000)
(0.0000000000, 0.0000000000, 0.0000000000)
(0.0000000000, 0.0000000000, 0.0000000000)
(0.1564406000, -0.7111492000, 0.6853917000)
(0.1574543000, -0.6984407000, 0.6981120000)
(0.1657003000, -0.7025315000, 0.6920812000)
(0.1691634000, -0.7008646000, 0.6929440000)
(0.1663944000, -0.6976172000, 0.6968710000)
(0.1694060000, -0.6969674000, 0.6967945000)
(0.1723892000, -0.7008148000, 0.6921791000)
(0.1693989000, -0.6952907000, 0.6984694000)
(0.1712001000, -0.6933615000, 0.6999403000)
(0.1719224000, -0.6977700000, 0.6953653000)
(0.1699717000, -0.6993671000, 0.6942455000)
(0.1713527000, -0.6988797000, 0.6944016000)
(0.1712911000, -0.6991810000, 0.6941150000)
(0.1699849000, -0.6987484000, 0.6948562000)
(0.1649647000, -0.6992836000, 0.6955467000)
(0.1638223000, -0.6990120000, 0.6960835000)
(0.1657268000, -0.6974440000, 0.6971951000)
(0.1695662000, -0.6858405000, 0.7077003000)
(0.0000000000, 0.0000000000, 0.0000000000)
(0.0000000000, 0.0000000000, 0.0000000000)
(0.0000000000, 0.0000000000, 0.0000000000)
(0.0000000000, 0.0000000000, 0.0000000000)
(0.0000000000, 0.0000000000, 0.0000000000)
(0.0000000000, 0.0000000000, 0.0000000000)
(0.0000000000, 0.0000000000, 0.0000000000)
(0.0000000000, 0.0000000000, 0.0000000000)
(0.0000000000, 0.0000000000, 0.0000000000)
(0.1749498000, -0.7004833000, 0.6918809000)
(0.1756663000, -0.6939523000, 0.6982507000)
(0.1762752000, -0.6855705000, 0.7063276000)
(0.1708345000, -0.6951583000, 0.6982549000)
(0.1704346000, -0.6985985000, 0.6948979000)
(0.1710516000, -0.6936089000, 0.6997334000)
(0.1768354000, -0.6972467000, 0.6946744000)
(0.1739024000, -0.6996100000, 0.6930212000)
(0.1737507000, -0.6968827000, 0.6958063000)
(0.1749157000, -0.6993786000, 0.6930076000)
(0.1727418000, -0.7023779000, 0.6905146000)
(0.1733792000, -0.6998972000, 0.6928650000)
(0.1723171000, -0.7022200000, 0.6907806000)
(0.1708420000, -0.6952499000, 0.6981602000)
(0.1728201000, -0.6932914000, 0.6996234000)
(0.1725477000, -0.6916987000, 0.7012582000)
(0.1753750000, -0.6947561000, 0.6975352000)
(0.1726304000, -0.6923935000, 0.7005591000)
(0.1750756000, -0.6888591000, 0.7034154000)
(0.1754905000, -0.6875623000, 0.7045925000)
(0.1768497000, -0.6901397000, 0.7017168000)
(0.1753473000, -0.6900961000, 0.7021429000)
(0.1742535000, -0.6871111000, 0.7053260000)
(0.1785619000, -0.6899084000, 0.7015124000)
(0.1799310000, -0.6849083000, 0.7060524000)
(0.1874863000, -0.6837496000, 0.7051990000)
(0.1833086000, -0.6808816000, 0.7090819000)
(0.1741833000, -0.6896451000, 0.7028657000)
(0.1800717000, -0.6904882000, 0.7005612000)
(0.1772376000, -0.6847783000, 0.7068650000)
(0.1813644000, -0.6859689000, 0.7046615000)
(0.1781560000, -0.6797696000, 0.7114583000)
(0.1804031000, -0.6820551000, 0.7086797000)
(0.1774392000, -0.6825262000, 0.7089792000)
(0.1782471000, -0.6828768000, 0.7084398000)
(0.1776547000, -0.6820282000, 0.7094164000)
(0.1782496000, -0.6806690000, 0.7105657000)
(0.1798070000, -0.6818078000, 0.7090856000)
(0.1794414000, -0.6820215000, 0.7089697000)
(0.1748442000, -0.6850734000, 0.7071698000)
(0.1782604000, -0.6800628000, 0.7111352000)
(0.1799584000, -0.6845410000, 0.7064056000)
(0.1792507000, -0.6799800000, 0.7109677000)
(0.1843692000, -0.6752858000, 0.7141312000)
(0.1875786000, -0.6707771000, 0.7175328000)
(0.1775043000, -0.6818494000, 0.7096100000)
(0.1786562000, -0.6796491000, 0.7114295000)
(0.1802054000, -0.6838454000, 0.7070016000)
(0.1838241000, -0.6793592000, 0.7104035000)
(0.1912342000, -0.6719328000, 0.7154798000)
(0.1912954000, -0.6742632000, 0.7132684000)
(0.1881570000, -0.6774337000, 0.7111069000)
(0.1867030000, -0.6784371000, 0.7105343000)
(0.1883920000, -0.6775718000, 0.7109178000)
(0.1872968000, -0.6767865000, 0.7119354000)
(0.1835746000, -0.6782259000, 0.7115381000)
(0.1832573000, -0.6780747000, 0.7117741000)
(0.1826278000, -0.6775426000, 0.7124339000)
(0.1827487000, -0.6746885000, 0.7151109000)
(0.1840939000, -0.6752794000, 0.7142114000)
(0.1836167000, -0.6713514000, 0.7180164000)
(0.1828888000, -0.6752155000, 0.7145726000)
(0.1812158000, -0.6753905000, 0.7148452000)
(0.1813862000, -0.6690186000, 0.7207541000)
(0.1822095000, -0.6690578000, 0.7205175000)
(0.1849862000, -0.6674454000, 0.7213065000)
(0.1860862000, -0.6647483000, 0.7235049000)
(0.1848678000, -0.6652477000, 0.7233551000)
(0.1843679000, -0.6655685000, 0.7231890000)
(0.1877257000, -0.6623267000, 0.7253116000)
(0.1869801000, -0.6607898000, 0.7268969000)
(0.1877787000, -0.6617997000, 0.7257715000)
(0.1854431000, -0.6659176000, 0.7225963000)
(0.1846301000, -0.6664287000, 0.7223262000)
(0.1848137000, -0.6651809000, 0.7234280000)
(0.1857397000, -0.6624649000, 0.7256896000)
(0.1866584000, -0.6617187000, 0.7261265000)
(0.1861810000, -0.6607237000, 0.7271624000)
(0.1859829000, -0.6600958000, 0.7277740000)
(0.1868434000, -0.6596009000, 0.7280022000)
(0.1879076000, -0.6597591000, 0.7275906000)
(0.1918031000, -0.6553372000, 0.7305736000)
(0.1905789000, -0.6542120000, 0.7319005000)
(0.1890611000, -0.6554449000, 0.7311779000)
(0.1880282000, -0.6616398000, 0.7258453000)
(0.1871167000, -0.6608657000, 0.7267925000)
(0.1881220000, -0.6629981000, 0.7245864000)
(0.1884689000, -0.6614642000, 0.7258973000)
(0.1917337000, -0.6612205000, 0.7252658000)
(0.1906688000, -0.6553798000, 0.7308169000)
(0.1915712000, -0.6540506000, 0.7317873000)
(0.1913364000, -0.6531428000, 0.7326586000)
(0.1905682000, -0.6516883000, 0.7341534000)
(0.1901721000, -0.6520740000, 0.7338992000)
(0.1892996000, -0.6540110000, 0.7324061000)
(0.1903655000, -0.6544702000, 0.7317263000)
(0.1910268000, -0.6568344000, 0.7294294000)
(0.1906932000, -0.6572689000, 0.7291286000)
(0.1913095000, -0.6553277000, 0.7306966000)
(0.1923294000, -0.6565377000, 0.7293475000)
(0.1906721000, -0.6549883000, 0.7311684000)
(0.1926152000, -0.6559665000, 0.7297854000)
(0.1918288000, -0.6574703000, 0.7286425000)
(0.1913884000, -0.6498811000, 0.7355396000)
(0.1925520000, -0.6477830000, 0.7370877000)
(0.1937458000, -0.6462532000, 0.7381164000)
(0.1947507000, -0.6562822000, 0.7289444000)
(0.1959273000, -0.6557284000, 0.7291284000)
(0.1956171000, -0.6602770000, 0.7250838000)
(0.1968836000, -0.6558904000, 0.7287274000)
(0.1974086000, -0.6550619000, 0.7293102000)
(0.2027131000, -0.6455554000, 0.7362984000)
(0.1985607000, -0.6420227000, 0.7405185000)
(0.1880483000, -0.6678488000, 0.7201410000)
(0.1722794000, -0.7210990000, 0.6710520000)
(0.1697233000, -0.7130911000, 0.6802065000)
(0.1675095000, -0.7129295000, 0.6809308000)
(0.1744243000, -0.7136928000, 0.6783822000)
(0.1700321000, -0.7115654000, 0.6817327000)
(0.1712196000, -0.7118597000, 0.6811247000)
(0.1750625000, -0.7113013000, 0.6807162000)
(0.1738201000, -0.7106026000, 0.6817826000)
(0.1764002000, -0.7095369000, 0.6822138000)
(0.1767197000, -0.7090222000, 0.6826619000)
(0.1796515000, -0.7079313000, 0.6830352000)
(0.1793597000, -0.7020074000, 0.6892027000)
(0.1777327000, -0.7005098000, 0.6911416000)
(0.1764128000, -0.6997348000, 0.6922642000)
(0.1769352000, -0.6971683000, 0.6947237000)
(0.1768999000, -0.6954880000, 0.6964167000)
(0.1794290000, -0.6934306000, 0.6978193000)
(0.1812655000, -0.6933026000, 0.6974734000)
(0.1801862000, -0.6944999000, 0.6965593000)
(0.1813876000, -0.6916196000, 0.6990924000)
(0.1802771000, -0.6918011000, 0.6992049000)
(0.1801884000, -0.6904229000, 0.7005975000)
(0.1804660000, -0.6880329000, 0.7028651000)
(0.1819488000, -0.6883078000, 0.7022139000)
(0.1822207000, -0.6874782000, 0.7029539000)
(0.1822236000, -0.6866062000, 0.7038099000)
(0.1825412000, -0.6855902000, 0.7047265000)
(0.1835105000, -0.6822337000, 0.7077248000)
(0.1842256000, -0.6773860000, 0.7121806000)
(0.1847541000, -0.6740107000, 0.7152315000)
(0.1853850000, -0.6733298000, 0.7157118000)
(0.1842803000, -0.6753499000, 0.7140999000)
(0.1831090000, -0.6750987000, 0.7146207000)
(0.1827361000, -0.6743390000, 0.7154397000)
(0.1812918000, -0.6725182000, 0.7175308000)
(0.1840494000, -0.6726943000, 0.7166612000)
(0.1848694000, -0.6689671000, 0.7199212000)
(0.1893180000, -0.6665560000, 0.7210026000)
(0.1896289000, -0.6648510000, 0.7224888000)
(0.1891135000, -0.6650833000, 0.7224186000)
(0.1918976000, -0.6624680000, 0.7240809000)
(0.1958603000, -0.6602781000, 0.7250151000)
(0.1926020000, -0.6618423000, 0.7244622000)
(0.1957343000, -0.6568419000, 0.7281758000)
(0.1930904000, -0.6611532000, 0.7249759000)
(0.1927136000, -0.6600477000, 0.7260666000)
(0.1944428000, -0.6568356000, 0.7285285000)
(0.1940193000, -0.6552456000, 0.7300546000)
(0.1951815000, -0.6531395000, 0.7316341000)
(0.1959788000, -0.6501133000, 0.7341141000)
(0.1958676000, -0.6508998000, 0.7334508000)
(0.1968952000, -0.6497298000, 0.7342212000)
(0.1966089000, -0.6487899000, 0.7351127000)
(0.1971999000, -0.6485733000, 0.7351589000)
(0.2001772000, -0.6436813000, 0.7386399000)
(0.1994364000, -0.6392530000, 0.7426686000)
(0.2002463000, -0.6392431000, 0.7424733000)
(0.2010434000, -0.6392319000, 0.7422684000)
(0.1994752000, -0.6405926000, 0.7415054000)
(0.1820035000, -0.6833102000, 0.7070699000)
(0.1783436000, -0.6841138000, 0.7072333000)
(0.1814546000, -0.6794633000, 0.7109073000)
(0.1794109000, -0.6891560000, 0.7020292000)
(0.1882219000, -0.6839804000, 0.7047827000)
(0.1859465000, -0.6798900000, 0.7093408000)
(0.1896172000, -0.6775886000, 0.7105694000)
(0.1823496000, -0.6743764000, 0.7155015000)
(0.1808583000, -0.6744657000, 0.7158030000)
(0.1841547000, -0.6747954000, 0.7146446000)
(0.1801479000, -0.6739762000, 0.7164508000)
(0.1796327000, -0.6737947000, 0.7167434000)
(0.1800522000, -0.6736813000, 0.7167497000)
(0.1799515000, -0.6762599000, 0.7143247000)
(0.1804526000, -0.6750378000, 0.7153707000)
(0.1808935000, -0.6747868000, 0.7154800000)
(0.1806789000, -0.6751083000, 0.7152402000)
(0.1796026000, -0.6739414000, 0.7166117000)
(0.1789168000, -0.6729711000, 0.7176924000)
(0.1837978000, -0.6669931000, 0.7220219000)
(0.1838736000, -0.6652393000, 0.7236162000)
(0.1857345000, -0.6670399000, 0.7214835000)
(0.1804533000, -0.6681041000, 0.7218405000)
(0.1831744000, -0.6655442000, 0.7235178000)
(0.1825775000, -0.6658288000, 0.7234126000)
(0.1833455000, -0.6655135000, 0.7234982000)
(0.1838357000, -0.6651417000, 0.7237153000)
(0.1836886000, -0.6645533000, 0.7242913000)
(0.1859583000, -0.6627769000, 0.7253413000)
(0.1860492000, -0.6629058000, 0.7251974000)
(0.1870576000, -0.6574066000, 0.7299474000)
(0.1881746000, -0.6586251000, 0.7285603000)
(0.1914132000, -0.6565847000, 0.7295462000)
(0.1894163000, -0.6593719000, 0.7275438000)
(0.1711536000, -0.7197546000, 0.6727831000)
(0.1752545000, -0.7302822000, 0.6602803000)
(0.1674736000, -0.7313629000, 0.6611009000)
(0.1664702000, -0.7246282000, 0.6687256000)
(0.1661655000, -0.7265053000, 0.6667597000)
(0.1699749000, -0.7208157000, 0.6719427000)
(0.1682022000, -0.7193671000, 0.6739489000)
(0.1644817000, -0.7181768000, 0.6761291000)
(0.1672398000, -0.7155829000, 0.6782004000)
(0.1669383000, -0.7160542000, 0.6777816000)
(0.1666662000, -0.7142559000, 0.6797463000)
(0.1692577000, -0.7114588000, 0.6820349000)
(0.1712133000, -0.7090169000, 0.6840705000)
(0.1678505000, -0.7127343000, 0.6810320000)
(0.1658253000, -0.7139727000, 0.6802301000)
(0.1682693000, -0.7112686000, 0.6824643000)
(0.1734897000, -0.7090719000, 0.6834413000)
(0.1743995000, -0.7084281000, 0.6838776000)
(0.1761895000, -0.7072121000, 0.6846871000)
(0.1756725000, -0.7072495000, 0.6847820000)
(0.1777359000, -0.7030418000, 0.6885768000)
(0.1787759000, -0.6999100000, 0.6914758000)
(0.1797481000, -0.6973588000, 0.6938046000)
(0.1805435000, -0.6962134000, 0.6947539000)
(0.1818503000, -0.6945242000, 0.6960929000)
(0.1820849000, -0.6949109000, 0.6956419000)
(0.1818901000, -0.6909330000, 0.6996451000)
(0.1809895000, -0.6898648000, 0.7009384000)
(0.1813015000, -0.6901873000, 0.7005327000)
(0.1825254000, -0.6883740000, 0.7020105000)
(0.1828405000, -0.6855699000, 0.7046641000)
(0.1827285000, -0.6848662000, 0.7053795000)
(0.1840440000, -0.6825865000, 0.7072362000)
(0.1828947000, -0.6822885000, 0.7078196000)
(0.1820178000, -0.6819716000, 0.7083505000)
(0.1802522000, -0.6822529000, 0.7085380000)
(0.1807043000, -0.6830701000, 0.7076421000)
(0.1790462000, -0.6825300000, 0.7085689000)
(0.1785520000, -0.6814112000, 0.7097700000)
(0.1791975000, -0.6830376000, 0.7080479000)
(0.1795334000, -0.6824695000, 0.7085057000)
(0.1811739000, -0.6799993000, 0.7104731000)
(0.1825230000, -0.6811066000, 0.7090576000)
(0.1563331000, -0.7176511000, 0.6786147000)
(0.1397800000, -0.7617282000, 0.6326253000)
(0.1394669000, -0.7711047000, 0.6212222000)
(0.1414306000, -0.7724483000, 0.6191176000)
(0.1377616000, -0.7712636000, 0.6214136000)
(0.1495902000, -0.7651108000, 0.6262556000)
(0.1451271000, -0.7601340000, 0.6333416000)
(0.1406603000, -0.7569817000, 0.6380920000)
(0.1449275000, -0.7522683000, 0.6427044000)
(0.1418602000, -0.7505865000, 0.6453527000)
(0.1339529000, -0.7557172000, 0.6410369000)
(0.1372787000, -0.7575446000, 0.6381769000)
(0.1447539000, -0.7589750000, 0.6348007000)
(0.1437068000, -0.7536919000, 0.6413020000)
(0.1433066000, -0.7546685000, 0.6402487000)
(0.1452319000, -0.7609531000, 0.6323347000)
(0.1451603000, -0.7549124000, 0.6395367000)
(0.0000000000, 0.0000000000, 0.0000000000)
(0.0000000000, 0.0000000000, 0.0000000000)
(0.0000000000, 0.0000000000, 0.0000000000)
(0.0000000000, 0.0000000000, 0.0000000000)
(0.0000000000, 0.0000000000, 0.0000000000)
(0.1509192000, -0.7128523000, 0.6848648000)
(0.1513094000, -0.7173290000, 0.6800998000)
(0.1476917000, -0.7185516000, 0.6796007000)
(0.1539354000, -0.7104485000, 0.6866975000)
(0.1543652000, -0.7107002000, 0.6863322000)
(0.1492006000, -0.7138299000, 0.6842214000)
(0.1494514000, -0.7136639000, 0.6843571000)
(0.1505914000, -0.7108885000, 0.6869878000)
(0.1499221000, -0.7115358000, 0.6864573000)
(0.1442096000, -0.7121704000, 0.6870165000)
(0.1473632000, -0.7119644000, 0.6865712000)
(0.1485485000, -0.7111461000, 0.6871532000)
(0.1489528000, -0.7107235000, 0.6875099000)
(0.1494315000, -0.7096401000, 0.6885145000)
(0.1467397000, -0.7068505000, 0.6919695000)
(0.1465575000, -0.7084866000, 0.6903232000)
(0.1475175000, -0.7071127000, 0.6915228000)
(0.1482403000, -0.7069677000, 0.6915281000)
(0.1480877000, -0.7046450000, 0.6939263000)
(0.1476166000, -0.7028885000, 0.6958090000)
(0.1511714000, -0.7017809000, 0.6961632000)
(0.1512159000, -0.7010784000, 0.6968627000)
(0.1511368000, -0.7001678000, 0.6977901000)
(0.1518923000, -0.6978309000, 0.6999534000)
(0.1528684000, -0.6972707000, 0.7003126000)
(0.1530881000, -0.6958694000, 0.7016556000)
(0.1540417000, -0.6948802000, 0.7024265000)
(0.1567110000, -0.6922729000, 0.7044011000)
(0.1589101000, -0.6858773000, 0.7101439000)
(0.1568094000, -0.6874294000, 0.7091050000)
(0.1558556000, -0.6835830000, 0.7130309000)
(0.1590415000, -0.7029660000, 0.6931903000)
(0.0000000000, 0.0000000000, 0.0000000000)
(0.0000000000, 0.0000000000, 0.0000000000)
(0.0000000000, 0.0000000000, 0.0000000000)
(0.0000000000, 0.0000000000, 0.0000000000)
(0.0000000000, 0.0000000000, 0.0000000000)
(0.0000000000, 0.0000000000, 0.0000000000)
(0.1773461000, -0.7300804000, 0.6599260000)
(0.1775224000, -0.7359490000, 0.6533378000)
(0.1747832000, -0.7337795000, 0.6565043000)
(0.1755570000, -0.7303025000, 0.6601732000)
(0.1734210000, -0.7267330000, 0.6646619000)
(0.1776250000, -0.7218401000, 0.6688710000)
(0.1735259000, -0.7259259000, 0.6655205000)
(0.1752551000, -0.7285393000, 0.6622026000)
(0.1743964000, -0.7288030000, 0.6621326000)
(0.1770366000, -0.7275172000, 0.6628457000)
(0.1762028000, -0.7283058000, 0.6622017000)
(0.1755193000, -0.7267424000, 0.6640920000)
(0.1781171000, -0.7250324000, 0.6652760000)
(0.1812167000, -0.7205833000, 0.6692648000)
(0.1802040000, -0.7195800000, 0.6705971000)
(0.1807121000, -0.7199672000, 0.6700468000)
(0.1808973000, -0.7175748000, 0.6725741000)
(0.1815371000, -0.7185840000, 0.6713158000)
(0.1823671000, -0.7184317000, 0.6712549000)
(0.1838803000, -0.7177789000, 0.6715425000)
(0.1848139000, -0.7186295000, 0.6703630000)
(0.1870138000, -0.7178200000, 0.6706280000)
(0.1971444000, -0.7123131000, 0.6735991000)
(0.1901236000, -0.7059015000, 0.6823139000)
(0.1880430000, -0.7006517000, 0.6882770000)
(0.1959970000, -0.7057317000, 0.6808133000)
(0.1899701000, -0.7079362000, 0.6802322000)
(0.1848498000, -0.6987190000, 0.6910860000)
(0.1886155000, -0.7277875000, 0.6593363000)
(0.0000000000, 0.0000000000, 0.0000000000)
(0.0000000000, 0.0000000000, 0.0000000000)
(0.0000000000, 0.0000000000, 0.0000000000)
(0.0000000000, 0.0000000000, 0.0000000000)
(0.0000000000, 0.0000000000, 0.0000000000)
(0.0000000000, 0.0000000000, 0.0000000000)
(0.1738863000, -0.7093745000, 0.6830307000)
(0.1743214000, -0.7112302000, 0.6809990000)
(0.1650694000, -0.7091211000, 0.6854900000)
(0.1731376000, -0.7168434000, 0.6753729000)
(0.1665916000, -0.7081726000, 0.6861006000)
(0.1649232000, -0.7122886000, 0.6822225000)
(0.1652862000, -0.7031441000, 0.6915488000)
(0.1745913000, -0.7031275000, 0.6892850000)
(0.1715430000, -0.7010583000, 0.6921583000)
(0.1662739000, -0.6922671000, 0.7022172000)
(0.1671162000, -0.7024832000, 0.6917854000)
(0.1705883000, -0.7082236000, 0.6850498000)
(0.1685645000, -0.7025118000, 0.6914017000)
(0.1694158000, -0.7067292000, 0.6868939000)
(0.1732850000, -0.7001623000, 0.6926286000)
(0.1811815000, -0.7170753000, 0.6730134000)
(0.1770884000, -0.7132694000, 0.6781355000)
(0.0000000000, 0.0000000000, 0.0000000000)
(0.0000000000, 0.0000000000, 0.0000000000)
(0.0000000000, 0.0000000000, 0.0000000000)
(0.0000000000, 0.0000000000, 0.0000000000)
(0.0000000000, 0.0000000000, 0.0000000000)
(0.0000000000, 0.0000000000, 0.0000000000)
(0.0000000000, 0.0000000000, 0.0000000000)
(0.0000000000, 0.0000000000, 0.0000000000)
(0.0000000000, 0.0000000000, 0.0000000000)
(0.0000000000, 0.0000000000, 0.0000000000)
(0.0000000000, 0.0000000000, 0.0000000000)
(0.0000000000, 0.0000000000, 0.0000000000)
(0.0000000000, 0.0000000000, 0.0000000000)
(0.0000000000, 0.0000000000, 0.0000000000)
(0.0000000000, 0.0000000000, 0.0000000000)
(0.1879227000, -0.7182229000, 0.6699524000)
(0.1899943000, -0.7455310000, 0.6387941000)
(0.1757151000, -0.6929895000, 0.6991847000)
(0.1958211000, -0.6722729000, 0.7139339000)
(0.1989222000, -0.6853954000, 0.7004536000)
(0.1686910000, -0.6759341000, 0.7173936000)
(0.2029975000, -0.6656490000, 0.7181087000)
(0.1924404000, -0.6711576000, 0.7158856000)
(0.1953301000, -0.6651000000, 0.7207392000)
(0.1899574000, -0.7006177000, 0.6877813000)
(0.1819777000, -0.7012788000, 0.6892672000)
(0.1850271000, -0.7073314000, 0.6822204000)
(0.1945936000, -0.6769389000, 0.7098444000)
(0.1604929000, -0.7641283000, 0.6247628000)
(0.1968298000, -0.7420918000, 0.6407414000)
(0.1756695000, -0.7441042000, 0.6445483000)
(0.1675400000, -0.7442834000, 0.6464843000)
(0.1889222000, -0.7430227000, 0.6420421000)
(0.1845377000, -0.7227855000, 0.6659679000)
(0.1667444000, -0.7220507000, 0.6714305000)
(0.1816079000, -0.7241216000, 0.6653166000)
(0.2190222000, -0.7066909000, 0.6727577000)
(0.2265513000, -0.6967540000, 0.6805922000)
(0.2234303000, -0.7003385000, 0.6779193000)
(0.2360542000, -0.6750861000, 0.6989477000)
(0.2406772000, -0.6851161000, 0.6875045000)
(0.2044890000, -0.6941912000, 0.6901278000)
(0.2016499000, -0.7005480000, 0.6845089000)
(0.1971425000, -0.7019387000, 0.6844042000)
(0.2001192000, -0.6948590000, 0.6907243000)
(0.1936418000, -0.6965266000, 0.6909037000)
(0.1687156000, -0.7227569000, 0.6701713000)
(0.1967545000, -0.6933583000, 0.6932067000)
(0.2033215000, -0.6894666000, 0.6951812000)
(0.1997472000, -0.6912516000, 0.6944430000)
(0.2021790000, -0.6881528000, 0.6968242000)
(0.2084385000, -0.6799018000, 0.7030536000)
(0.1986848000, -0.6884095000, 0.6975618000)
(0.2119804000, -0.6965289000, 0.6854848000)
(0.0000000000, 0.0000000000, 0.0000000000)
(0.0000000000, 0.0000000000, 0.0000000000)
(0.0000000000, 0.0000000000, 0.0000000000)
(0.0000000000, 0.0000000000, 0.0000000000)
(0.0000000000, 0.0000000000, 0.0000000000)
(0.0000000000, 0.0000000000, 0.0000000000)
(0.0000000000, 0.0000000000, 0.0000000000)
(0.1539548000, -0.7666926000, 0.6232736000)
(0.1712396000, -0.7076930000, 0.6854353000)
(0.1950979000, -0.7002621000, 0.6867020000)
(0.2007915000, -0.6931441000, 0.6922507000)
(0.2022705000, -0.7013839000, 0.6834652000)
(0.2000136000, -0.7047833000, 0.6806201000)
(0.1993306000, -0.7065384000, 0.6790186000)
(0.1743998000, -0.7011706000, 0.6913201000)
(0.1821150000, -0.6730434000, 0.7168156000)
(0.1967450000, -0.6865785000, 0.6999147000)
(0.1822338000, -0.6868528000, 0.7035689000)
(0.1843452000, -0.6947842000, 0.6951913000)
(0.1871147000, -0.6917660000, 0.6974415000)
(0.1868894000, -0.6918047000, 0.6974732000)
(0.1942592000, -0.6816092000, 0.7054562000)
(0.1946805000, -0.6817752000, 0.7051663000)
(0.1928930000, -0.6872056000, 0.7003821000)
(0.1937037000, -0.6904370000, 0.6969672000)
(0.1878127000, -0.6822408000, 0.7065735000)
(0.1929277000, -0.6960972000, 0.6915308000)
(0.1953936000, -0.7061517000, 0.6805468000)
(0.0000000000, 0.0000000000, 0.0000000000)
(0.0000000000, 0.0000000000, 0.0000000000)
(0.0000000000, 0.0000000000, 0.0000000000)
(0.0000000000, 0.0000000000, 0.0000000000)
(0.0000000000, 0.0000000000, 0.0000000000)
(0.0000000000, 0.0000000000, 0.0000000000)
(0.2292368000, -0.7404540000, 0.6317874000)
(0.2345372000, -0.7108457000, 0.6630843000)
(0.2360093000, -0.7073121000, 0.6663386000)
(0.2326842000, -0.7038096000, 0.6711798000)
(0.2340764000, -0.7016299000, 0.6729845000)
(0.2444391000, -0.7014103000, 0.6695085000)
(0.2283576000, -0.7168569000, 0.6587506000)
(0.2231690000, -0.7209209000, 0.6560994000)
(0.2337917000, -0.7094682000, 0.6648178000)
(0.2289079000, -0.7208287000, 0.6542048000)
(0.2339144000, -0.7143431000, 0.6595415000)
(0.2369024000, -0.7114640000, 0.6615756000)
(0.2384811000, -0.7121639000, 0.6602558000)
(0.2424744000, -0.7036620000, 0.6678781000)
(0.2334720000, -0.7063868000, 0.6682075000)
(0.2298706000, -0.6974747000, 0.6787384000)
(0.2253480000, -0.7109746000, 0.6661148000)
(0.2313420000, -0.7130030000, 0.6618959000)
(0.2289593000, -0.7197336000, 0.6553858000)
(0.2460787000, -0.7373945000, 0.6290284000)
(0.0000000000, 0.0000000000, 0.0000000000)
(0.0000000000, 0.0000000000, 0.0000000000)
(0.0000000000, 0.0000000000, 0.0000000000)
(0.2417590000, -0.7821294000, 0.5742781000)
(0.2350990000, -0.7435246000, 0.6260164000)
(0.2376661000, -0.7676514000, 0.5951656000)
(0.2345680000, -0.7567493000, 0.6101418000)
(0.2371706000, -0.7448028000, 0.6237051000)
(0.2368243000, -0.7628351000, 0.6016598000)
(0.2314148000, -0.7454752000, 0.6250601000)
(0.2315860000, -0.7372401000, 0.6346888000)
(0.2348754000, -0.7336308000, 0.6376476000)
(0.2116080000, -0.7644117000, 0.6090088000)
(0.1894196000, -0.7585964000, 0.6233962000)
(0.2023236000, -0.7417967000, 0.6393683000)
(0.2014805000, -0.7576985000, 0.6207108000)
(0.1958915000, -0.7540704000, 0.6268947000)
(0.1974112000, -0.7513795000, 0.6296356000)
(0.1990971000, -0.7559794000, 0.6235616000)
(0.1994525000, -0.7395978000, 0.6427999000)
(0.1968541000, -0.7420217000, 0.6407993000)
(0.1928273000, -0.7510465000, 0.6314607000)
(0.1947654000, -0.7452859000, 0.6376418000)
(0.1975310000, -0.7434074000, 0.6389838000)
(0.1998412000, -0.7417609000, 0.6401917000)
(0.1998583000, -0.7232506000, 0.6610159000)
(0.2011228000, -0.7292041000, 0.6540678000)
(0.2006968000, -0.7265094000, 0.6571739000)
(0.1979815000, -0.7294998000, 0.6546925000)
(0.1974884000, -0.7292684000, 0.6550975000)
(0.1930907000, -0.7352574000, 0.6496871000)
(0.1974530000, -0.7246588000, 0.6601996000)
(0.1996119000, -0.7198797000, 0.6647733000)
(0.1961826000, -0.7280397000, 0.6568498000)
(0.1966360000, -0.7298164000, 0.6547442000)
(0.1985992000, -0.7197772000, 0.6651747000)
(0.1999925000, -0.7164426000, 0.6683565000)
(0.1995378000, -0.7214487000, 0.6630913000)
(0.1976331000, -0.7148989000, 0.6707028000)
(0.2034729000, -0.7158816000, 0.6678951000)
(0.2074796000, -0.7174252000, 0.6650029000)
(0.2156420000, -0.7184150000, 0.6613222000)
(0.2131384000, -0.7297505000, 0.6496416000)
(0.2050000000, -0.7343446000, 0.6470691000)
(0.2083642000, -0.7323332000, 0.6482778000)
(0.2100893000, -0.7264658000, 0.6542859000)
(0.2140580000, -0.7252541000, 0.6543428000)
(0.2132839000, -0.7263020000, 0.6534317000)
(0.2087703000, -0.7262286000, 0.6549700000)
(0.2175808000, -0.7205281000, 0.6583910000)
(0.2139576000, -0.7241513000, 0.6555912000)
(0.2128127000, -0.7216806000, 0.6586926000)
(0.2141078000, -0.7199233000, 0.6601858000)
(0.2185952000, -0.7240155000, 0.6542072000)
(0.2145302000, -0.7216066000, 0.6582199000)
(0.2107958000, -0.7431446000, 0.6350581000)
(0.1484624000, -0.8348781000, 0.5300136000)
(0.0000000000, 0.0000000000, 0.0000000000)
(0.0000000000, 0.0000000000, 0.0000000000)
(0.0000000000, 0.0000000000, 0.0000000000)
(0.2674603000, -0.7356741000, 0.6222845000)
(0.2328414000, -0.7695705000, 0.5945783000)
(0.2467268000, -0.7542314000, 0.6084788000)
(0.2246480000, -0.7675481000, 0.6003306000)
(0.2204397000, -0.7604591000, 0.6108169000)
(0.2191903000, -0.7480026000, 0.6264430000)
(0.2089925000, -0.7709095000, 0.6016729000)
(0.2142407000, -0.7605836000, 0.6128563000)
(0.1935183000, -0.7634196000, 0.6162125000)
(0.1969717000, -0.7639446000, 0.6144807000)
(0.1967492000, -0.7607139000, 0.6185439000)
(0.1986147000, -0.7616144000, 0.6168280000)
(0.1935281000, -0.7758414000, 0.6004894000)
(0.2008951000, -0.7752947000, 0.5987969000)
(0.1950411000, -0.7717633000, 0.6052496000)
(0.1888126000, -0.7738879000, 0.6044979000)
(0.1939300000, -0.7746365000, 0.6019209000)
(0.1418227000, -0.8173378000, 0.5584049000)
(0.0000000000, 0.0000000000, 0.0000000000)
(0.0000000000, 0.0000000000, 0.0000000000)
(0.0000000000, 0.0000000000, 0.0000000000)
(0.0000000000, 0.0000000000, 0.0000000000)
(0.0000000000, 0.0000000000, 0.0000000000)
(0.0000000000, 0.0000000000, 0.0000000000)
(0.0000000000, 0.0000000000, 0.0000000000)
(0.0000000000, 0.0000000000, 0.0000000000)
(0.0000000000, 0.0000000000, 0.0000000000)
(0.2079030000, -0.7674230000, 0.6064725000)
(0.1865355000, -0.7758419000, 0.6027131000)
(0.1877818000, -0.7729819000, 0.6059815000)
(0.1897841000, -0.7737144000, 0.6044258000)
(0.1865295000, -0.7638123000, 0.6178921000)
(0.1898618000, -0.7577708000, 0.6242701000)
(0.2034463000, -0.7577102000, 0.6200510000)
(0.1944779000, -0.7590637000, 0.6212870000)
(0.1995897000, -0.7596056000, 0.6189958000)
(0.2016957000, -0.7556763000, 0.6231074000)
(0.2015818000, -0.7593434000, 0.6186749000)
(0.2030567000, -0.7551390000, 0.6232972000)
(0.2078262000, -0.7552710000, 0.6215782000)
(0.2088887000, -0.7526341000, 0.6244008000)
(0.2166231000, -0.7559081000, 0.6177961000)
(0.1835745000, -0.7741229000, 0.6058192000)
(0.0000000000, 0.0000000000, 0.0000000000)
(0.0000000000, 0.0000000000, 0.0000000000)
(0.0000000000, 0.0000000000, 0.0000000000)
(0.0000000000, 0.0000000000, 0.0000000000)
(0.0000000000, 0.0000000000, 0.0000000000)
(0.0000000000, 0.0000000000, 0.0000000000)
(0.0000000000, 0.0000000000, 0.0000000000)
(0.0000000000, 0.0000000000, 0.0000000000)
(0.0000000000, 0.0000000000, 0.0000000000)
(0.0000000000, 0.0000000000, 0.0000000000)
(0.0000000000, 0.0000000000, 0.0000000000)
(0.0000000000, 0.0000000000, 0.0000000000)
(0.1956360000, -0.7199806000, 0.6658354000)
(0.1971180000, -0.7279758000, 0.6566312000)
(0.2167280000, -0.7172598000, 0.6622216000)
(0.2144243000, -0.7185469000, 0.6615916000)
(0.2145131000, -0.7191173000, 0.6609361000)
(0.2141670000, -0.7199860000, 0.6600956000)
(0.2144545000, -0.7186686000, 0.6614470000)
(0.2136079000, -0.7213564000, 0.6587967000)
(0.2135926000, -0.7223731000, 0.6576658000)
(0.2134232000, -0.7230153000, 0.6570175000)
(0.2175793000, -0.7192654000, 0.6597703000)
(0.2169682000, -0.7194990000, 0.6597133000)
(0.2186838000, -0.7173771000, 0.6614521000)
(0.2170092000, -0.7182715000, 0.6610391000)
(0.2147774000, -0.7170705000, 0.6630609000)
(0.2163433000, -0.7170220000, 0.6626063000)
(0.2166725000, -0.7153662000, 0.6642931000)
(0.2165779000, -0.7144490000, 0.6653115000)
(0.2166923000, -0.7138993000, 0.6658631000)
(0.2166254000, -0.7142361000, 0.6655197000)
(0.2189806000, -0.7126046000, 0.6664997000)
(0.2182002000, -0.7117979000, 0.6676190000)
(0.2169963000, -0.7136073000, 0.6660677000)
(0.2182342000, -0.7127985000, 0.6665397000)
(0.2182880000, -0.7123737000, 0.6669733000)
(0.2180916000, -0.7128071000, 0.6665748000)
(0.2183502000, -0.7113561000, 0.6680309000)
(0.2187923000, -0.7099801000, 0.6693568000)
(0.2204089000, -0.7082994000, 0.6706074000)
(0.2209290000, -0.7086492000, 0.6700642000)
(0.2226956000, -0.7068488000, 0.6713761000)
(0.2245188000, -0.7048348000, 0.6728988000)
(0.2247451000, -0.7052903000, 0.6723288000)
(0.2246324000, -0.7061188000, 0.6714960000)
(0.2294220000, -0.7004795000, 0.6757770000)
(0.2284452000, -0.6972598000, 0.6794320000)
(0.2222010000, -0.6973887000, 0.6813679000)
(0.0000000000, 0.0000000000, 0.0000000000)
(0.0000000000, 0.0000000000, 0.0000000000)
(0.0000000000, 0.0000000000, 0.0000000000)
(0.0000000000, 0.0000000000, 0.0000000000)
(0.0000000000, 0.0000000000, 0.0000000000)
(0.0000000000, 0.0000000000, 0.0000000000)
(0.0000000000, 0.0000000000, 0.0000000000)
(0.0000000000, 0.0000000000, 0.0000000000)
(0.0000000000, 0.0000000000, 0.0000000000)
(0.1983860000, -0.7366152000, 0.6465387000)
(0.2018345000, -0.7359974000, 0.6461802000)
(0.2006891000, -0.7343144000, 0.6484520000)
(0.2025067000, -0.7352229000, 0.6468604000)
(0.1980028000, -0.7357615000, 0.6476362000)
(0.1995140000, -0.7316995000, 0.6517588000)
(0.2010640000, -0.7379584000, 0.6441890000)
(0.1983445000, -0.7365745000, 0.6466117000)
(0.1992638000, -0.7370110000, 0.6458222000)
(0.1994812000, -0.7395425000, 0.6428617000)
(0.2000188000, -0.7406381000, 0.6414301000)
(0.2003385000, -0.7405781000, 0.6413907000)
(0.1996204000, -0.7411952000, 0.6409173000)
(0.2025574000, -0.7460095000, 0.6343587000)
(0.2016338000, -0.7484233000, 0.6318114000)
(0.2025189000, -0.7470502000, 0.6331448000)
(0.2023787000, -0.7475874000, 0.6325576000)
(0.2027965000, -0.7447407000, 0.6357768000)
(0.2008488000, -0.7432182000, 0.6381719000)
(0.2028720000, -0.7364431000, 0.6453463000)
(0.2015125000, -0.7375981000, 0.6444609000)
(0.2129982000, -0.7400533000, 0.6379200000)
(0.1944921000, -0.7464898000, 0.6363199000)
(0.1984115000, -0.7444825000, 0.6374571000)
(0.1996993000, -0.7449184000, 0.6365653000)
(0.2002457000, -0.7432232000, 0.6383565000)
(0.2009671000, -0.7411345000, 0.6405590000)
(0.2014236000, -0.7404139000, 0.6412602000)
(0.2040115000, -0.7420110000, 0.6385901000)
(0.2062421000, -0.7420690000, 0.6377893000)
(0.2069111000, -0.7404924000, 0.6394063000)
(0.2070234000, -0.7403713000, 0.6395078000)
(0.2042437000, -0.7428697000, 0.6375107000)
(0.1393889000, -0.8330067000, 0.5353994000)
(0.0000000000, 0.0000000000, 0.0000000000)
(0.0000000000, 0.0000000000, 0.0000000000)
(0.0000000000, 0.0000000000, 0.0000000000)
(0.0000000000, 0.0000000000, 0.0000000000)
(0.0000000000, 0.0000000000, 0.0000000000)
(0.0000000000, 0.0000000000, 0.0000000000)
(0.0000000000, 0.0000000000, 0.0000000000)
(0.2054098000, -0.7519280000, 0.6264206000)
(0.2065648000, -0.7427962000, 0.6368307000)
(0.2061002000, -0.7417693000, 0.6381862000)
(0.2094549000, -0.7356773000, 0.6441281000)
(0.2091808000, -0.7379841000, 0.6415610000)
(0.2065359000, -0.7360795000, 0.6446118000)
(0.2065008000, -0.7347133000, 0.6461761000)
(0.2067263000, -0.7368826000, 0.6436140000)
(0.2066510000, -0.7380877000, 0.6422542000)
(0.2126038000, -0.7396067000, 0.6385677000)
(0.2138495000, -0.7496855000, 0.6262803000)
(0.2108172000, -0.7428586000, 0.6353768000)
(0.2123067000, -0.7349010000, 0.6440719000)
(0.2117539000, -0.7364740000, 0.6424543000)
(0.2115542000, -0.7378756000, 0.6409221000)
(0.2112007000, -0.7390971000, 0.6396238000)
(0.2085497000, -0.7445766000, 0.6341107000)
(0.2089229000, -0.7465828000, 0.6316251000)
(0.2098004000, -0.7467157000, 0.6311740000)
(0.2131470000, -0.7468839000, 0.6298442000)
(0.1987173000, -0.7398201000, 0.6427669000)
(0.2016724000, -0.7338136000, 0.6487232000)
(0.0000000000, 0.0000000000, 0.0000000000)
(0.0000000000, 0.0000000000, 0.0000000000)
(0.0000000000, 0.0000000000, 0.0000000000)
(0.0000000000, 0.0000000000, 0.0000000000)
(0.0000000000, 0.0000000000, 0.0000000000)
(0.0000000000, 0.0000000000, 0.0000000000)
(0.0000000000, 0.0000000000, 0.0000000000)
(0.0000000000, 0.0000000000, 0.0000000000)
(0.0000000000, 0.0000000000, 0.0000000000)
(0.0000000000, 0.0000000000, 0.0000000000)
(0.0000000000, 0.0000000000, 0.0000000000)
(0.2074132000, -0.7590822000, 0.6170470000)
(0.2103384000, -0.7478738000, 0.6296157000)
(0.2157291000, -0.7443547000, 0.6319761000)
(0.2147968000, -0.7379755000, 0.6397138000)
(0.2138304000, -0.7446799000, 0.6322188000)
(0.2134534000, -0.7428625000, 0.6344902000)
(0.2154930000, -0.7383162000, 0.6390805000)
(0.2140626000, -0.7406867000, 0.6368136000)
(0.2131178000, -0.7405155000, 0.6373283000)
(0.2099380000, -0.7454906000, 0.6325831000)
(0.2029494000, -0.7479452000, 0.6319698000)
(0.0000000000, 0.0000000000, 0.0000000000)
(0.0000000000, 0.0000000000, 0.0000000000)
(0.0000000000, 0.0000000000, 0.0000000000)
(0.0000000000, 0.0000000000, 0.0000000000)
(0.0000000000, 0.0000000000, 0.0000000000)
(0.0000000000, 0.0000000000, 0.0000000000)
(0.0000000000, 0.0000000000, 0.0000000000)
(0.0000000000, 0.0000000000, 0.0000000000)
(0.0000000000, 0.0000000000, 0.0000000000)
(0.0000000000, 0.0000000000, 0.0000000000)
(0.0000000000, 0.0000000000, 0.0000000000)
(0.2065980000, -0.7781210000, 0.5931430000)
(0.2101340000, -0.7700142000, 0.6024269000)
(0.2183295000, -0.7611977000, 0.6106557000)
(0.2282127000, -0.7632658000, 0.6044236000)
(0.2257479000, -0.7638792000, 0.6045669000)
(0.2306805000, -0.7671691000, 0.5985213000)
(0.2215236000, -0.7913266000, 0.5698343000)
(0.2278252000, -0.7648913000, 0.6025097000)
(0.2287953000, -0.7780535000, 0.5850478000)
(0.2293814000, -0.7823012000, 0.5791011000)
(0.2250025000, -0.7759043000, 0.5893479000)
(0.2274199000, -0.7693268000, 0.5969890000)
(0.2215038000, -0.7736067000, 0.5936753000)
(0.2272432000, -0.7704090000, 0.5956640000)
(0.2271885000, -0.7707449000, 0.5952486000)
(0.2247371000, -0.7655725000, 0.6028150000)
(0.2294096000, -0.7603065000, 0.6076986000)
(0.2267210000, -0.7600669000, 0.6089965000)
(0.2258287000, -0.7696142000, 0.5972196000)
(0.2284450000, -0.7656089000, 0.6013746000)
(0.2217075000, -0.7649988000, 0.6046554000)
(0.2322747000, -0.7605621000, 0.6062680000)
(0.2324891000, -0.7549552000, 0.6131687000)
(0.2257015000, -0.7728869000, 0.5930344000)
(0.0000000000, 0.0000000000, 0.0000000000)
(0.0000000000, 0.0000000000, 0.0000000000)
(0.0000000000, 0.0000000000, 0.0000000000)
(0.0000000000, 0.0000000000, 0.0000000000)
(0.0000000000, 0.0000000000, 0.0000000000)
(0.0000000000, 0.0000000000, 0.0000000000)
(0.0000000000, 0.0000000000, 0.0000000000)
(0.0000000000, 0.0000000000, 0.0000000000)
(0.2467849000, -0.7542035000, 0.6084873000)
(0.2471181000, -0.7533337000, 0.6094383000)
(0.2483840000, -0.7520266000, 0.6105379000)
(0.2511567000, -0.7462789000, 0.6164207000)
(0.2478734000, -0.7512447000, 0.6116939000)
(0.2451711000, -0.7492305000, 0.6152474000)
(0.2468428000, -0.7509898000, 0.6124251000)
(0.2477985000, -0.7641457000, 0.5955233000)
(0.2364473000, -0.7740957000, 0.5872458000)
(0.2482162000, -0.7602156000, 0.6003760000)
(0.2478463000, -0.7589521000, 0.6021220000)
(0.2432706000, -0.7633319000, 0.5984316000)
(0.2428276000, -0.7697219000, 0.5903671000)
(0.2023738000, -0.7739430000, 0.6000264000)
(0.1724693000, -0.7664365000, 0.6187190000)
(0.1678351000, -0.7595537000, 0.6284116000)
(0.1691535000, -0.7497457000, 0.6397302000)
(0.1670587000, -0.7450135000, 0.6457785000)
(0.1647802000, -0.7580752000, 0.6309929000)
(0.1659076000, -0.7627584000, 0.6250364000)
(0.1703168000, -0.7540070000, 0.6343903000)
(0.1697884000, -0.7517101000, 0.6372506000)
(0.1709228000, -0.7544371000, 0.6337075000)
(0.1709089000, -0.7507519000, 0.6380876000)
(0.1813110000, -0.7436832000, 0.6434692000)
(0.1783210000, -0.7487903000, 0.6383556000)
(0.1821192000, -0.7409989000, 0.6463219000)
(0.1746834000, -0.7405649000, 0.6488657000)
(0.1717162000, -0.7397898000, 0.6505359000)
(0.1718961000, -0.7384944000, 0.6519600000)
(0.1775092000, -0.7374243000, 0.6516765000)
(0.1771508000, -0.7377081000, 0.6514442000)
(0.1818530000, -0.7388104000, 0.6488926000)
(0.1835591000, -0.7370327000, 0.6504364000)
(0.1850794000, -0.7377358000, 0.6492078000)
(0.1864469000, -0.7357880000, 0.6510167000)
(0.1842989000, -0.7341378000, 0.6534949000)
(0.1837404000, -0.7254792000, 0.6632437000)
(0.1840691000, -0.7238387000, 0.6649476000)
(0.2202718000, -0.7518602000, 0.6214280000)
(0.2214848000, -0.7494993000, 0.6238425000)
(0.2208641000, -0.7568005000, 0.6151778000)
(0.2247058000, -0.7512835000, 0.6205401000)
(0.2209551000, -0.7468078000, 0.6272603000)
(0.2229089000, -0.7446344000, 0.6291299000)
(0.2224109000, -0.7430550000, 0.6311846000)
(0.2235503000, -0.7428559000, 0.6310042000)
(0.2243307000, -0.7397872000, 0.6343232000)
(0.2224866000, -0.7370223000, 0.6381736000)
(0.2241735000, -0.7361404000, 0.6386147000)
(0.2299494000, -0.7375985000, 0.6348535000)
(0.2310117000, -0.7370203000, 0.6351594000)
(0.2295725000, -0.7383468000, 0.6341340000)
(0.2265829000, -0.7394658000, 0.6338931000)
(0.2265697000, -0.7358652000, 0.6380799000)
(0.2243199000, -0.7381433000, 0.6362334000)
(0.2205375000, -0.7327041000, 0.6438150000)
(0.2227696000, -0.7283524000, 0.6479669000)
(0.2220213000, -0.7262656000, 0.6505523000)
(0.2219093000, -0.7261384000, 0.6507373000)
(0.2233862000, -0.7246302000, 0.6519254000)
(0.2242610000, -0.7249513000, 0.6512602000)
(0.2251671000, -0.7242258000, 0.6517636000)
(0.2254177000, -0.7253023000, 0.6504748000)
(0.2260490000, -0.7237148000, 0.6520131000)
(0.2267516000, -0.7203003000, 0.6555436000)
(0.2269345000, -0.7169387000, 0.6591627000)
(0.2273772000, -0.7146733000, 0.6614626000)
(0.1722993000, -0.7429252000, 0.6468078000)
(0.1181781000, -0.7689959000, 0.6282276000)
(0.1206745000, -0.7652437000, 0.6323212000)
(0.1272067000, -0.7674151000, 0.6284037000)
(0.1262266000, -0.7675720000, 0.6283950000)
(0.1230292000, -0.7709596000, 0.6248638000)
(0.1220106000, -0.7608319000, 0.6373595000)
(0.1281306000, -0.7589181000, 0.6384343000)
(0.1276713000, -0.7597882000, 0.6374955000)
(0.1310594000, -0.7555479000, 0.6418301000)
(0.1280232000, -0.7497520000, 0.6492013000)
(0.1247396000, -0.7481317000, 0.6517157000)
(0.1306811000, -0.7459360000, 0.6530486000)
(0.1276473000, -0.7510508000, 0.6477649000)
(0.1287147000, -0.7490725000, 0.6498433000)
(0.1286849000, -0.7438448000, 0.6558366000)
(0.1285375000, -0.7414643000, 0.6585475000)
(0.1303426000, -0.7386537000, 0.6613404000)
(0.1379633000, -0.7220407000, 0.6779351000)
(0.1410731000, -0.7173062000, 0.6823184000)
(0.1388092000, -0.7182010000, 0.6818419000)
(0.1580391000, -0.7906542000, 0.5914911000)
(0.1692533000, -0.8242753000, 0.5402871000)
(0.1646369000, -0.8231573000, 0.5433928000)
(0.1668225000, -0.8209378000, 0.5460986000)
(0.1707322000, -0.8127666000, 0.5569913000)
(0.1705332000, -0.8043708000, 0.5690992000)
(0.1692957000, -0.7994250000, 0.5764048000)
(0.1718696000, -0.7963111000, 0.5799310000)
(0.1712850000, -0.7961020000, 0.5804011000)
(0.1718358000, -0.7952571000, 0.5814074000)
(0.1713608000, -0.7954051000, 0.5813301000)
(0.1753189000, -0.7874320000, 0.5909282000)
(0.1792285000, -0.7834434000, 0.5950462000)
(0.1832388000, -0.7831057000, 0.5942559000)
(0.1802280000, -0.7830864000, 0.5952193000)
(0.1882709000, -0.7817600000, 0.5944642000)
(0.1901965000, -0.7783812000, 0.5982748000)
(0.1878036000, -0.7693731000, 0.6105497000)
(0.1858417000, -0.7651232000, 0.6164789000)
(0.1868997000, -0.7677884000, 0.6128158000)
(0.1823727000, -0.7655342000, 0.6169999000)
(0.1851362000, -0.7610591000, 0.6216847000)
(0.1838702000, -0.7627535000, 0.6199912000)
(0.1914389000, -0.7568964000, 0.6248624000)
(0.1975728000, -0.7500926000, 0.6311086000)
(0.1606039000, -0.7627673000, 0.6264091000)
(0.1250574000, -0.7612669000, 0.6362486000)
(0.1232282000, -0.7612820000, 0.6365790000)
(0.1219857000, -0.7621732000, 0.6357628000)
(0.1285021000, -0.7565307000, 0.6411918000)
(0.1276646000, -0.7498983000, 0.6491153000)
(0.1212978000, -0.7462286000, 0.6545382000)
(0.1211345000, -0.7473319000, 0.6532937000)
(0.1309330000, -0.7393187000, 0.6604900000)
(0.1359662000, -0.7418700000, 0.6566069000)
(0.1345190000, -0.7420745000, 0.6566719000)
(0.1317781000, -0.7428520000, 0.6563463000)
(0.1330737000, -0.7416092000, 0.6574793000)
(0.1334300000, -0.7415632000, 0.6574793000)
(0.1330733000, -0.7420088000, 0.6570381000)
(0.1328760000, -0.7416372000, 0.6575059000)
(0.1327433000, -0.7404802000, 0.6588158000)
(0.1309345000, -0.7410907000, 0.6584911000)
(0.1313483000, -0.7372546000, 0.6627117000)
(0.1262766000, -0.7372579000, 0.6636868000)
(0.1301337000, -0.7373103000, 0.6628921000)
(0.1346734000, -0.7349496000, 0.6646028000)
(0.1426045000, -0.7167882000, 0.6825331000)
(0.1515823000, -0.7074531000, 0.6903036000)
(0.1541932000, -0.7223899000, 0.6740703000)
(0.2043064000, -0.7776564000, 0.5945650000)
(0.2035727000, -0.7794153000, 0.5924842000)
(0.2118415000, -0.7806304000, 0.5879826000)
(0.2090088000, -0.7767170000, 0.5941380000)
(0.2177583000, -0.7736905000, 0.5949629000)
(0.2151247000, -0.7642359000, 0.6079916000)
(0.2127132000, -0.7634485000, 0.6098212000)
(0.2115483000, -0.7622706000, 0.6117053000)
(0.2219771000, -0.7606688000, 0.6099807000)
(0.2167017000, -0.7588840000, 0.6141100000)
(0.2231688000, -0.7537715000, 0.6180738000)
(0.2202367000, -0.7496887000, 0.6240568000)
(0.2243029000, -0.7438408000, 0.6295839000)
(0.2292798000, -0.7421837000, 0.6297410000)
(0.2241065000, -0.7457038000, 0.6274472000)
(0.2301424000, -0.7477829000, 0.6227630000)
(0.1761880000, -0.7634957000, 0.6213107000)
(0.1697901000, -0.7692635000, 0.6159386000)
(0.1674690000, -0.7632294000, 0.6240397000)
(0.1741341000, -0.7614607000, 0.6243643000)
(0.1731218000, -0.7611347000, 0.6250581000)
(0.1718152000, -0.7586342000, 0.6284455000)
(0.1747703000, -0.7543086000, 0.6328223000)
(0.1761426000, -0.7510595000, 0.6362919000)
(0.1723772000, -0.7463946000, 0.6427788000)
(0.1744014000, -0.7466663000, 0.6419081000)
(0.1694437000, -0.7438412000, 0.6465127000)
(0.1773303000, -0.7396021000, 0.6492425000)
(0.1780956000, -0.7394330000, 0.6492292000)
(0.1846378000, -0.7308729000, 0.6570507000)
(0.1846562000, -0.7235284000, 0.6651328000)
(0.1897075000, -0.7155967000, 0.6722546000)
(0.1863500000, -0.7085774000, 0.6805617000)
(0.1887635000, -0.7079062000, 0.6806130000)
(0.1868581000, -0.7101181000, 0.6788154000)
(0.1884115000, -0.7094548000, 0.6790763000)
(0.1852695000, -0.7046757000, 0.6848913000)
(0.1879913000, -0.6932897000, 0.6957051000)
(0.1931888000, -0.6931218000, 0.6944349000)
(0.1938368000, -0.6907660000, 0.6965967000)
(0.1950009000, -0.6876521000, 0.6993443000)
(0.1961727000, -0.6866212000, 0.7000404000)
(0.1710103000, -0.7144891000, 0.6784068000)
(0.1485253000, -0.7743832000, 0.6150279000)
(0.1424303000, -0.7753826000, 0.6152042000)
(0.1562222000, -0.7643573000, 0.6255761000)
(0.1556507000, -0.7650013000, 0.6249185000)
(0.1549416000, -0.7565140000, 0.6353412000)
(0.1570735000, -0.7571073000, 0.6341218000)
(0.1582134000, -0.7510172000, 0.6410287000)
(0.1629852000, -0.7451758000, 0.6466412000)
(0.1643460000, -0.7431229000, 0.6486433000)
(0.1705131000, -0.7422627000, 0.6480325000)
(0.1733955000, -0.7239951000, 0.6676367000)
(0.1753933000, -0.7231157000, 0.6680755000)
(0.1758647000, -0.7165101000, 0.6750230000)
(0.1710112000, -0.7213703000, 0.6710843000)
(0.1760940000, -0.7166738000, 0.6747905000)
(0.1812953000, -0.7095138000, 0.6809657000)
(0.1686512000, -0.7224429000, 0.6705275000)
(0.1186037000, -0.7809030000, 0.6132647000)
(0.1068778000, -0.7979275000, 0.5931741000)
(0.1082677000, -0.7994690000, 0.5908654000)
(0.1116955000, -0.8000836000, 0.5893840000)
(0.1244988000, -0.7890543000, 0.6015698000)
(0.1185677000, -0.7844115000, 0.6087952000)
(0.1242102000, -0.7790669000, 0.6145057000)
(0.1171941000, -0.7725043000, 0.6240935000)
(0.1184626000, -0.7786953000, 0.6161035000)
(0.1221116000, -0.7739508000, 0.6213388000)
(0.1198559000, -0.7700562000, 0.6266131000)
(0.1217941000, -0.7663653000, 0.6307421000)
(0.1268506000, -0.7653401000, 0.6309959000)
(0.1374812000, -0.7632505000, 0.6312934000)
(0.1347442000, -0.7510170000, 0.6463638000)
(0.1322990000, -0.7505814000, 0.6473871000)
(0.1334863000, -0.7419488000, 0.6570206000)
(0.1310103000, -0.7405621000, 0.6590726000)
(0.1274591000, -0.7676674000, 0.6280218000)
(0.0000000000, 0.0000000000, 0.0000000000)
(0.0000000000, 0.0000000000, 0.0000000000)
(0.0000000000, 0.0000000000, 0.0000000000)
(0.0000000000, 0.0000000000, 0.0000000000)
(0.1649749000, -0.7588905000, 0.6299529000)
(0.1702702000, -0.7571905000, 0.6305937000)
(0.1702110000, -0.7575334000, 0.6302127000)
(0.1775294000, -0.7538494000, 0.6326012000)
(0.1765025000, -0.7519542000, 0.6351305000)
(0.1817558000, -0.7417377000, 0.6455836000)
(0.1761574000, -0.7348964000, 0.6548876000)
(0.1838813000, -0.7269633000, 0.6615965000)
(0.1874451000, -0.7235054000, 0.6643750000)
(0.1869760000, -0.7234183000, 0.6645950000)
(0.1860301000, -0.7157403000, 0.6731225000)
(0.1809965000, -0.7170588000, 0.6730898000)
(0.1862494000, -0.7190210000, 0.6695477000)
(0.1309485000, -0.7733565000, 0.6202787000)
(0.1172374000, -0.7882693000, 0.6040328000)
(0.1140547000, -0.7851156000, 0.6087283000)
(0.1230082000, -0.7741992000, 0.6208711000)
(0.1242211000, -0.7685710000, 0.6275712000)
(0.1128716000, -0.7844070000, 0.6098825000)
(0.1244620000, -0.7853193000, 0.6064294000)
(0.1213416000, -0.7747374000, 0.6205052000)
(0.1232613000, -0.7618458000, 0.6359107000)
(0.1277739000, -0.7635251000, 0.6330050000)
(0.1231706000, -0.7580556000, 0.6404408000)
(0.1256540000, -0.7619403000, 0.6353173000)
(0.0000000000, 0.0000000000, 0.0000000000)
(0.0000000000, 0.0000000000, 0.0000000000)
(0.0000000000, 0.0000000000, 0.0000000000)
(0.0000000000, 0.0000000000, 0.0000000000)
(0.0000000000, 0.0000000000, 0.0000000000)
(0.0000000000, 0.0000000000, 0.0000000000)
(0.0000000000, 0.0000000000, 0.0000000000)
(0.0000000000, 0.0000000000, 0.0000000000)
(0.1514032000, -0.7393446000, 0.6560777000)
(0.1544734000, -0.7398613000, 0.6547683000)
(0.1429930000, -0.7563294000, 0.6383621000)
(0.0000000000, 0.0000000000, 0.0000000000)
(0.0000000000, 0.0000000000, 0.0000000000)
(0.0000000000, 0.0000000000, 0.0000000000)
(0.0000000000, 0.0000000000, 0.0000000000)
(0.0000000000, 0.0000000000, 0.0000000000)
(0.0000000000, 0.0000000000, 0.0000000000)
(0.0000000000, 0.0000000000, 0.0000000000)
(0.1392291000, -0.7394307000, 0.6586620000)
(0.1422656000, -0.7377927000, 0.6598435000)
(0.1412006000, -0.7340939000, 0.6641905000)
(0.1423415000, -0.7349314000, 0.6630290000)
(0.1418895000, -0.7390842000, 0.6584819000)
(0.1476716000, -0.7320302000, 0.6650522000)
(0.1437345000, -0.7316428000, 0.6663578000)
(0.1498348000, -0.7270203000, 0.6700528000)
(0.1486704000, -0.7248186000, 0.6726942000)
(0.1551927000, -0.7167565000, 0.6798288000)
(0.1565903000, -0.7171920000, 0.6790408000)
(0.1585083000, -0.7118800000, 0.6841616000)
(0.1610529000, -0.7125693000, 0.6828477000)
(0.1556669000, -0.7215621000, 0.6746081000)
(0.1554654000, -0.7145812000, 0.6820542000)
(0.1637095000, -0.6993105000, 0.6958172000)
(0.1596890000, -0.7032530000, 0.6927609000)
(0.1556239000, -0.6979238000, 0.6990370000)
(0.1578634000, -0.6974313000, 0.6990438000)
(0.1620712000, -0.7018438000, 0.6936283000)
(0.1609903000, -0.7093041000, 0.6862657000)
(0.0000000000, 0.0000000000, 0.0000000000)
(0.0000000000, 0.0000000000, 0.0000000000)
(0.0000000000, 0.0000000000, 0.0000000000)
(0.0000000000, 0.0000000000, 0.0000000000)
(0.0000000000, 0.0000000000, 0.0000000000)
(0.0000000000, 0.0000000000, 0.0000000000)
(0.1484813000, -0.7365372000, 0.6598840000)
(0.1420114000, -0.7332647000, 0.6649456000)
(0.1443503000, -0.7460522000, 0.6500490000)
(0.1419024000, -0.7448370000, 0.6519596000)
(0.1442187000, -0.7553578000, 0.6392353000)
(0.1340681000, -0.7399039000, 0.6592080000)
(0.1451569000, -0.7341629000, 0.6632508000)
(0.1423622000, -0.7337713000, 0.6643068000)
(0.1529678000, -0.7273632000, 0.6689726000)
(0.1554597000, -0.7297872000, 0.6657472000)
(0.1448663000, -0.7245693000, 0.6737899000)
(0.1510486000, -0.7275469000, 0.6692026000)
(0.1599731000, -0.7191364000, 0.6761985000)
(0.1599377000, -0.7199200000, 0.6753706000)
(0.1627539000, -0.7153167000, 0.6795660000)
(0.1586538000, -0.7186632000, 0.6770104000)
(0.1610981000, -0.7170603000, 0.6781319000)
(0.1608897000, -0.7155201000, 0.6798025000)
(0.1617128000, -0.7125803000, 0.6826844000)
(0.1610578000, -0.7121593000, 0.6832903000)
(0.1599256000, -0.7140043000, 0.6816145000)
(0.1598744000, -0.7116550000, 0.6840899000)
(0.1613432000, -0.6984861000, 0.6971866000)
(0.1674264000, -0.6949955000, 0.6992384000)
(0.1659271000, -0.7176026000, 0.6763924000)
(0.0000000000, 0.0000000000, 0.0000000000)
(0.0000000000, 0.0000000000, 0.0000000000)
(0.0000000000, 0.0000000000, 0.0000000000)
(0.0000000000, 0.0000000000, 0.0000000000)
(0.0000000000, 0.0000000000, 0.0000000000)
(0.0000000000, 0.0000000000, 0.0000000000)
(0.1882773000, -0.7198514000, 0.6680886000)
(0.1937810000, -0.7236128000, 0.6624395000)
(0.1864056000, -0.7264612000, 0.6614287000)
(0.1723548000, -0.7190937000, 0.6731824000)
(0.1913637000, -0.7147310000, 0.6726882000)
(0.1952794000, -0.7235693000, 0.6620329000)
(0.1955468000, -0.7218720000, 0.6638148000)
(0.1940879000, -0.7143312000, 0.6723331000)
(0.1974649000, -0.7129349000, 0.6728304000)
(0.1960724000, -0.7122530000, 0.6739630000)
(0.2017980000, -0.7099110000, 0.6747564000)
(0.2327417000, -0.7995660000, 0.5536404000)
(0.0000000000, 0.0000000000, 0.0000000000)
(0.0000000000, 0.0000000000, 0.0000000000)
(0.0000000000, 0.0000000000, 0.0000000000)
(0.0000000000, 0.0000000000, 0.0000000000)
(0.0000000000, 0.0000000000, 0.0000000000)
(0.1284148000, -0.8584824000, 0.4964806000)
(0.1776973000, -0.7711292000, 0.6113517000)
(0.1715161000, -0.7726395000, 0.6112192000)
(0.1862414000, -0.7681602000, 0.6125693000)
(0.1803937000, -0.7688152000, 0.6134904000)
(0.1777875000, -0.7635049000, 0.6208417000)
(0.1814131000, -0.7608208000, 0.6230866000)
(0.1839917000, -0.7565061000, 0.6275474000)
(0.1832431000, -0.7550440000, 0.6295249000)
(0.1827817000, -0.7542556000, 0.6306074000)
(0.1789140000, -0.7576917000, 0.6275990000)
(0.1833544000, -0.7543797000, 0.6302870000)
(0.1923433000, -0.7568572000, 0.6246168000)
(0.1901016000, -0.7546404000, 0.6279743000)
(0.1887442000, -0.7532504000, 0.6300530000)
(0.1892734000, -0.7484227000, 0.6356200000)
(0.1905325000, -0.7467899000, 0.6371583000)
(0.1957549000, -0.7462324000, 0.6362398000)
(0.1982113000, -0.7359506000, 0.6473532000)
(0.1962662000, -0.7343746000, 0.6497449000)
(0.1969265000, -0.7275986000, 0.6571161000)
(0.1947236000, -0.7264650000, 0.6590184000)
(0.1941223000, -0.7233368000, 0.6626279000)
(0.0000000000, 0.0000000000, 0.0000000000)
(0.0000000000, 0.0000000000, 0.0000000000)
(0.0000000000, 0.0000000000, 0.0000000000)
(0.0000000000, 0.0000000000, 0.0000000000)
(0.0000000000, 0.0000000000, 0.0000000000)
(0.0439884100, -0.8591223000, 0.5098633000)
(0.0843558800, -0.8239694000, 0.5603130000)
(0.0892020400, -0.8181035000, 0.5681005000)
(0.0902403700, -0.8157132000, 0.5713477000)
(0.0872610100, -0.8167713000, 0.5703016000)
(0.0827077200, -0.8170081000, 0.5706418000)
(0.0889108900, -0.8114598000, 0.5775829000)
(0.0855440000, -0.8242552000, 0.5597088000)
(0.0884570800, -0.8135538000, 0.5746952000)
(0.0911197200, -0.8100593000, 0.5792145000)
(0.0881924400, -0.8088875000, 0.5812958000)
(0.0933545000, -0.8026307000, 0.5891173000)
(0.0935659600, -0.8018966000, 0.5900682000)
(0.0937428400, -0.7997294000, 0.5929681000)
(0.0956963200, -0.7918319000, 0.6031908000)
(0.0999784500, -0.7900104000, 0.6048781000)
(0.1096054000, -0.7729877000, 0.6248775000)
(0.1125203000, -0.7719932000, 0.6255642000)
(0.1082644000, -0.7687228000, 0.6303273000)
(0.1052351000, -0.7666752000, 0.6333262000)
(0.1080920000, -0.7675964000, 0.6317363000)
(0.1140534000, -0.7676224000, 0.6306659000)
(0.1075892000, -0.7629889000, 0.6373737000)
(0.1106648000, -0.7615159000, 0.6386065000)
(0.1264958000, -0.7510633000, 0.6479978000)
(0.1173089000, -0.7478103000, 0.6534472000)
(0.1213700000, -0.7490544000, 0.6512723000)
(0.0000000000, 0.0000000000, 0.0000000000)
(0.0000000000, 0.0000000000, 0.0000000000)
(0.0000000000, 0.0000000000, 0.0000000000)
(0.0000000000, 0.0000000000, 0.0000000000)
(0.0000000000, 0.0000000000, 0.0000000000)
(0.0000000000, 0.0000000000, 0.0000000000)
(0.0000000000, 0.0000000000, 0.0000000000)
(0.1828708000, -0.7890932000, 0.5864099000)
(0.1875029000, -0.7886889000, 0.5854812000)
(0.1921841000, -0.7776765000, 0.5985551000)
(0.1985468000, -0.7763493000, 0.5981922000)
(0.1939807000, -0.7714600000, 0.6059830000)
(0.1930135000, -0.7634248000, 0.6163794000)
(0.2001669000, -0.7626805000, 0.6149982000)
(0.1907578000, -0.7664514000, 0.6133198000)
(0.2012003000, -0.7574885000, 0.6210675000)
(0.1950702000, -0.7630872000, 0.6161394000)
(0.2010876000, -0.7662817000, 0.6102113000)
(0.2005081000, -0.7565190000, 0.6224626000)
(0.2108667000, -0.7492324000, 0.6278397000)
(0.2100147000, -0.7463389000, 0.6315488000)
(0.2094855000, -0.7399480000, 0.6391969000)
(0.2097785000, -0.7341866000, 0.6457143000)
(0.2068589000, -0.7259325000, 0.6558973000)
(0.2099160000, -0.7194846000, 0.6620090000)
(0.2170392000, -0.7140777000, 0.6655642000)
(0.2193758000, -0.7093872000, 0.6697977000)
(0.2135965000, -0.7224764000, 0.6575499000)
(0.0000000000, 0.0000000000, 0.0000000000)
(0.0000000000, 0.0000000000, 0.0000000000)
(0.0000000000, 0.0000000000, 0.0000000000)
(0.0000000000, 0.0000000000, 0.0000000000)
(0.0000000000, 0.0000000000, 0.0000000000)
(0.0000000000, 0.0000000000, 0.0000000000)
(0.0000000000, 0.0000000000, 0.0000000000)
(0.0000000000, 0.0000000000, 0.0000000000)
(0.0000000000, 0.0000000000, 0.0000000000)
(0.1447606000, -0.7845730000, 0.6028799000)
(0.1492731000, -0.7816420000, 0.6055762000)
(0.1471404000, -0.7822278000, 0.6053655000)
(0.1534985000, -0.7866002000, 0.5980622000)
(0.1562151000, -0.7924502000, 0.5895707000)
(0.1444762000, -0.7759005000, 0.6140638000)
(0.1536551000, -0.7721566000, 0.6165714000)
(0.1609936000, -0.7726671000, 0.6140398000)
(0.1613657000, -0.7838771000, 0.5995663000)
(0.1692080000, -0.7601799000, 0.6272809000)
(0.1689307000, -0.7551749000, 0.6333645000)
(0.1711883000, -0.7434880000, 0.6464577000)
(0.0000000000, 0.0000000000, 0.0000000000)
(0.0000000000, 0.0000000000, 0.0000000000)
(0.0000000000, 0.0000000000, 0.0000000000)
(0.0000000000, 0.0000000000, 0.0000000000)
(0.0000000000, 0.0000000000, 0.0000000000)
(0.0000000000, 0.0000000000, 0.0000000000)
(0.0000000000, 0.0000000000, 0.0000000000)
(0.1760535000, -0.7850942000, 0.5938208000)
(0.1767021000, -0.7789259000, 0.6016949000)
(0.1858326000, -0.7795478000, 0.5981242000)
(0.1760644000, -0.7766324000, 0.6048438000)
(0.1783485000, -0.7647484000, 0.6191354000)
(0.1876125000, -0.7759480000, 0.6022357000)
(0.1897366000, -0.7710238000, 0.6078801000)
(0.1898186000, -0.7657331000, 0.6144986000)
(0.1934856000, -0.7637250000, 0.6158590000)
(0.1798115000, -0.7718950000, 0.6097867000)
(0.1805466000, -0.7716936000, 0.6098153000)
(0.1831386000, -0.7678096000, 0.6139321000)
(0.1899157000, -0.7643681000, 0.6161571000)
(0.1915479000, -0.7619690000, 0.6186296000)
(0.1896788000, -0.7523044000, 0.6308981000)
(0.1723248000, -0.7540148000, 0.6338246000)
(0.1891212000, -0.7563764000, 0.6261798000)
(0.0000000000, 0.0000000000, 0.0000000000)
(0.0000000000, 0.0000000000, 0.0000000000)
(0.0000000000, 0.0000000000, 0.0000000000)
(0.0000000000, 0.0000000000, 0.0000000000)
(0.0000000000, 0.0000000000, 0.0000000000)
(0.1787284000, -0.8246403000, 0.5366700000)
(0.1885810000, -0.8182609000, 0.5430206000)
(0.1903895000, -0.8157199000, 0.5462068000)
(0.1713506000, -0.8298505000, 0.5309960000)
(0.1927842000, -0.8111662000, 0.5521020000)
(0.1888701000, -0.8129277000, 0.5508666000)
(0.1970188000, -0.8080230000, 0.5552064000)
(0.1901910000, -0.8024246000, 0.5656097000)
(0.1924505000, -0.7988650000, 0.5698701000)
(0.2012349000, -0.7940707000, 0.5735320000)
(0.1999462000, -0.7914773000, 0.5775390000)
(0.1985036000, -0.7926480000, 0.5764355000)
(0.2010028000, -0.7853606000, 0.5854726000)
(0.1972845000, -0.7843201000, 0.5881293000)
(0.1967049000, -0.7800093000, 0.5940464000)
(0.1995465000, -0.7762075000, 0.5980576000)
(0.2023370000, -0.7754971000, 0.5980290000)
(0.1999132000, -0.7713422000, 0.6041936000)
(0.1950820000, -0.7950752000, 0.5742665000)
(0.0000000000, 0.0000000000, 0.0000000000)
(0.0000000000, 0.0000000000, 0.0000000000)
(0.0000000000, 0.0000000000, 0.0000000000)
(0.0000000000, 0.0000000000, 0.0000000000)
(0.0000000000, 0.0000000000, 0.0000000000)
(0.0000000000, 0.0000000000, 0.0000000000)
(0.0000000000, 0.0000000000, 0.0000000000)
(0.1367253000, -0.8020402000, 0.5813881000)
(0.1444478000, -0.8014909000, 0.5802804000)
(0.1448987000, -0.7896356000, 0.5962063000)
(0.1396801000, -0.8028002000, 0.5796262000)
(0.1406390000, -0.7970836000, 0.5872586000)
(0.1401335000, -0.7883396000, 0.5990471000)
(0.1426467000, -0.7880398000, 0.5988602000)
(0.1466324000, -0.7821954000, 0.6055205000)
(0.1436314000, -0.7814975000, 0.6071398000)
(0.1494830000, -0.7773594000, 0.6110100000)
(0.1470246000, -0.7789692000, 0.6095729000)
(0.1497298000, -0.7683059000, 0.6223110000)
(0.1437579000, -0.7853333000, 0.6021335000)
(0.0000000000, 0.0000000000, 0.0000000000)
(0.0000000000, 0.0000000000, 0.0000000000)
(0.0000000000, 0.0000000000, 0.0000000000)
(0.0000000000, 0.0000000000, 0.0000000000)
(0.0000000000, 0.0000000000, 0.0000000000)
(0.0000000000, 0.0000000000, 0.0000000000)
(0.0000000000, 0.0000000000, 0.0000000000)
(0.1310829000, -0.8587459000, 0.4953270000)
(0.1359271000, -0.8532622000, 0.5034239000)
(0.1284736000, -0.8488930000, 0.5126916000)
(0.1318754000, -0.8468984000, 0.5151135000)
(0.1324891000, -0.8469430000, 0.5148990000)
(0.1340234000, -0.8466213000, 0.5150313000)
(0.1372786000, -0.8456119000, 0.5158254000)
(0.1345813000, -0.8380073000, 0.5287735000)
(0.1381405000, -0.8333921000, 0.5351385000)
(0.1366916000, -0.8339038000, 0.5347022000)
(0.1389193000, -0.8306946000, 0.5390987000)
(0.1464845000, -0.8284812000, 0.5405012000)
(0.1478834000, -0.8294635000, 0.5386214000)
(0.1472917000, -0.8275279000, 0.5417404000)
(0.1596105000, -0.8173849000, 0.5535224000)
(0.1473670000, -0.8273220000, 0.5420408000)
(0.0000000000, 0.0000000000, 0.0000000000)
(0.0000000000, 0.0000000000, 0.0000000000)
(0.0000000000, 0.0000000000, 0.0000000000)
(0.0000000000, 0.0000000000, 0.0000000000)
(0.0000000000, 0.0000000000, 0.0000000000)
(0.0000000000, 0.0000000000, 0.0000000000)
(0.0000000000, 0.0000000000, 0.0000000000)
(0.0000000000, 0.0000000000, 0.0000000000)
(0.1846160000, -0.8016459000, 0.5685620000)
(0.1811669000, -0.8095050000, 0.5584573000)
(0.1905794000, -0.8035372000, 0.5639111000)
(0.1868951000, -0.8050318000, 0.5630052000)
(0.1924305000, -0.7962506000, 0.5735436000)
(0.1952939000, -0.7890492000, 0.5824467000)
(0.1928411000, -0.7830144000, 0.5913351000)
(0.2004674000, -0.7746915000, 0.5997176000)
(0.2070943000, -0.7696400000, 0.6039399000)
(0.1992705000, -0.7677687000, 0.6089295000)
(0.1968019000, -0.7706388000, 0.6061047000)
(0.1967201000, -0.7653046000, 0.6128615000)
(0.2001259000, -0.7638010000, 0.6136194000)
(0.1981599000, -0.7532184000, 0.6271942000)
(0.2001724000, -0.7521316000, 0.6278589000)
(0.2027416000, -0.7595985000, 0.6179619000)
(0.2111501000, -0.7535358000, 0.6225581000)
(0.2034140000, -0.7366220000, 0.6449818000)
(0.0000000000, 0.0000000000, 0.0000000000)
(0.0000000000, 0.0000000000, 0.0000000000)
(0.0000000000, 0.0000000000, 0.0000000000)
(0.0000000000, 0.0000000000, 0.0000000000)
(0.0000000000, 0.0000000000, 0.0000000000)
(0.0000000000, 0.0000000000, 0.0000000000)
(0.1153743000, -0.8428965000, 0.5255470000)
(0.1260050000, -0.8168775000, 0.5628590000)
(0.1283840000, -0.8129232000, 0.5680197000)
(0.1301506000, -0.8079597000, 0.5746625000)
(0.1297503000, -0.8103616000, 0.5713589000)
(0.1272092000, -0.8124721000, 0.5689471000)
(0.1309115000, -0.8140337000, 0.5658506000)
(0.1278884000, -0.8100730000, 0.5721969000)
(0.1376393000, -0.7976872000, 0.5871376000)
(0.1449941000, -0.7932203000, 0.5913929000)
(0.1353068000, -0.7913069000, 0.5962403000)
(0.1417553000, -0.7877192000, 0.5995004000)
(0.1436590000, -0.7813903000, 0.6072705000)
(0.1480067000, -0.7762204000, 0.6128389000)
(0.1460305000, -0.7685246000, 0.6229140000)
(0.1477419000, -0.7662999000, 0.6252427000)
(0.1579306000, -0.7689211000, 0.6195204000)
(0.1541832000, -0.7642662000, 0.6261906000)
(0.1573339000, -0.7602869000, 0.6302297000)
(0.1668777000, -0.7478791000, 0.6424986000)
(0.1609880000, -0.7328787000, 0.6610150000)
(0.1579727000, -0.7404222000, 0.6532983000)
(0.1578122000, -0.7473603000, 0.6453857000)
(0.1602675000, -0.7336786000, 0.6603206000)
(0.0000000000, 0.0000000000, 0.0000000000)
(0.0000000000, 0.0000000000, 0.0000000000)
(0.0000000000, 0.0000000000, 0.0000000000)
(0.0000000000, 0.0000000000, 0.0000000000)
(0.0000000000, 0.0000000000, 0.0000000000)
(0.0000000000, 0.0000000000, 0.0000000000)
(0.0000000000, 0.0000000000, 0.0000000000)
(0.1180630000, -0.8097000000, 0.5748327000)
(0.1136281000, -0.8029042000, 0.5851716000)
(0.1145744000, -0.8082319000, 0.5775982000)
(0.1195638000, -0.8000464000, 0.5878949000)
(0.1225091000, -0.8053918000, 0.5799257000)
(0.1235615000, -0.7933075000, 0.5961356000)
(0.1313260000, -0.7887258000, 0.6005319000)
(0.1292814000, -0.7819360000, 0.6097922000)
(0.1329098000, -0.7759559000, 0.6166128000)
(0.1325762000, -0.7739638000, 0.6191794000)
(0.1326120000, -0.7701713000, 0.6238719000)
(0.1359613000, -0.7682337000, 0.6255509000)
(0.1277426000, -0.7652182000, 0.6309426000)
(0.1359490000, -0.7652053000, 0.6292589000)
(0.1410756000, -0.7652441000, 0.6280807000)
(0.1396755000, -0.7536542000, 0.6422496000)
(0.1460490000, -0.7496151000, 0.6455442000)
(0.1492015000, -0.7373487000, 0.6588158000)
(0.1449064000, -0.7412855000, 0.6553463000)
(0.1553418000, -0.7242278000, 0.6718327000)
(0.1593139000, -0.7552916000, 0.6357209000)
(0.1603117000, -0.7947103000, 0.5854237000)
(0.1776316000, -0.8358358000, 0.5194238000)
(0.1761258000, -0.8285335000, 0.5315137000)
(0.1812177000, -0.8175653000, 0.5465549000)
(0.1835073000, -0.8014717000, 0.5691743000)
(0.1853294000, -0.8054384000, 0.5629444000)
(0.1905722000, -0.7985768000, 0.5709011000)
(0.2020425000, -0.7897853000, 0.5791426000)
(0.1962097000, -0.7871964000, 0.5846342000)
(0.1940448000, -0.7826304000, 0.5914472000)
(0.2004536000, -0.7755980000, 0.5985345000)
(0.2017698000, -0.7699634000, 0.6053302000)
(0.2002323000, -0.7720402000, 0.6031814000)
(0.2097097000, -0.7703232000, 0.6021639000)
(0.2040531000, -0.7669336000, 0.6083995000)
(0.2112965000, -0.7639140000, 0.6097327000)
(0.2148994000, -0.7519459000, 0.6231941000)
(0.2145849000, -0.7523885000, 0.6227743000)
(0.1454143000, -0.8033815000, 0.5774308000)
(0.1389542000, -0.8105414000, 0.5689524000)
(0.1372621000, -0.8129646000, 0.5658804000)
(0.1432194000, -0.8039132000, 0.5772240000)
(0.1471538000, -0.7998761000, 0.5818351000)
(0.1478423000, -0.7964766000, 0.5862997000)
(0.1470986000, -0.7976049000, 0.5849633000)
(0.1521398000, -0.7879413000, 0.5966492000)
(0.1488878000, -0.7837802000, 0.6029171000)
(0.1495955000, -0.7799338000, 0.6076950000)
(0.1607416000, -0.7749740000, 0.6112067000)
(0.1647615000, -0.7717135000, 0.6142384000)
(0.1666341000, -0.7673939000, 0.6191321000)
(0.1695417000, -0.7600435000, 0.6273636000)
(0.1713838000, -0.7471507000, 0.6421745000)
(0.1649605000, -0.7421979000, 0.6495388000)
(0.1668182000, -0.7416169000, 0.6497457000)
(0.1670436000, -0.7396276000, 0.6519393000)
(0.1662486000, -0.7363502000, 0.6558344000)
(0.1737060000, -0.7270383000, 0.6642497000)
(0.1754507000, -0.7159958000, 0.6756851000)
(0.1758277000, -0.7074887000, 0.6844981000)
(0.1507981000, -0.7500747000, 0.6439176000)
(0.1311668000, -0.7749435000, 0.6182498000)
(0.1245826000, -0.7889659000, 0.6016623000)
(0.1227819000, -0.7907622000, 0.5996763000)
(0.1302093000, -0.7831497000, 0.6080253000)
(0.1313933000, -0.7857983000, 0.6043503000)
(0.1318556000, -0.7820293000, 0.6091161000)
(0.1317257000, -0.7755976000, 0.6173033000)
(0.1319036000, -0.7746658000, 0.6184592000)
(0.1304960000, -0.7740831000, 0.6194715000)
(0.1366165000, -0.7726679000, 0.6199288000)
(0.1373297000, -0.7644367000, 0.6298955000)
(0.1375657000, -0.7705582000, 0.6223328000)
(0.1406102000, -0.7613102000, 0.6329495000)
(0.1420392000, -0.7577629000, 0.6368657000)
(0.1486109000, -0.7544555000, 0.6392972000)
(0.1302751000, -0.8108087000, 0.5706069000)
(0.0000000000, 0.0000000000, 0.0000000000)
(0.0000000000, 0.0000000000, 0.0000000000)
(0.0000000000, 0.0000000000, 0.0000000000)
(0.0000000000, 0.0000000000, 0.0000000000)
(0.0000000000, 0.0000000000, 0.0000000000)
(0.0000000000, 0.0000000000, 0.0000000000)
(0.0000000000, 0.0000000000, 0.0000000000)
(0.1492924000, -0.7690508000, 0.6214877000)
(0.1458924000, -0.7689053000, 0.6224841000)
(0.1464023000, -0.7675809000, 0.6240016000)
(0.1464105000, -0.7635504000, 0.6289252000)
(0.1431503000, -0.7589989000, 0.6351365000)
(0.1511384000, -0.7533179000, 0.6400366000)
(0.1436474000, -0.7516460000, 0.6437113000)
(0.1511642000, -0.7491013000, 0.6449690000)
(0.1567103000, -0.7394116000, 0.6547458000)
(0.1563784000, -0.7400002000, 0.6541732000)
(0.1591528000, -0.7390693000, 0.6545447000)
(0.1594365000, -0.7388533000, 0.6547261000)
(0.1606863000, -0.7357262000, 0.6579301000)
(0.1662375000, -0.7299255000, 0.6629909000)
(0.1696102000, -0.7263368000, 0.6660615000)
(0.1736446000, -0.7163262000, 0.6757928000)
(0.1736597000, -0.7150987000, 0.6771073000)
(0.1779138000, -0.7049705000, 0.6865554000)
(0.1711281000, -0.7639021000, 0.6222117000)
(0.1537400000, -0.8197415000, 0.5516936000)
(0.1319020000, -0.8533940000, 0.5042856000)
(0.1353823000, -0.8384339000, 0.5278943000)
(0.1364447000, -0.8448651000, 0.5172650000)
(0.1451926000, -0.8449375000, 0.5147629000)
(0.1476155000, -0.8394963000, 0.5228994000)
(0.1433172000, -0.8279877000, 0.5421087000)
(0.1409895000, -0.8221406000, 0.5515261000)
(0.1513530000, -0.8162436000, 0.5575129000)
(0.1530987000, -0.8135113000, 0.5610232000)
(0.1510461000, -0.8157007000, 0.5583870000)
(0.1278630000, -0.8538855000, 0.5044789000)
(0.0000000000, 0.0000000000, 0.0000000000)
(0.0000000000, 0.0000000000, 0.0000000000)
(0.0000000000, 0.0000000000, 0.0000000000)
(0.0000000000, 0.0000000000, 0.0000000000)
(0.0000000000, 0.0000000000, 0.0000000000)
(0.0000000000, 0.0000000000, 0.0000000000)
(0.0000000000, 0.0000000000, 0.0000000000)
(0.0000000000, 0.0000000000, 0.0000000000)
(0.1337877000, -0.8044387000, 0.5787542000)
(0.1291155000, -0.8043987000, 0.5798663000)
(0.1454921000, -0.7975954000, 0.5853618000)
(0.1326301000, -0.7992659000, 0.5861501000)
(0.1391652000, -0.7958540000, 0.5892642000)
(0.1441871000, -0.7926090000, 0.5924215000)
(0.1510777000, -0.7864061000, 0.5989293000)
(0.1453000000, -0.7841102000, 0.6033577000)
(0.1420547000, -0.7849934000, 0.6029766000)
(0.1473843000, -0.7759104000, 0.6133798000)
(0.1475082000, -0.7778534000, 0.6108706000)
(0.1527491000, -0.7674611000, 0.6226082000)
(0.1509126000, -0.7678149000, 0.6226386000)
(0.1461977000, -0.7694591000, 0.6217195000)
(0.1456842000, -0.7680171000, 0.6236200000)
(0.1495269000, -0.7639761000, 0.6276680000)
(0.1436773000, -0.7927111000, 0.5923960000)
(0.0000000000, 0.0000000000, 0.0000000000)
(0.0000000000, 0.0000000000, 0.0000000000)
(0.0000000000, 0.0000000000, 0.0000000000)
(0.0000000000, 0.0000000000, 0.0000000000)
(0.0000000000, 0.0000000000, 0.0000000000)
(0.0000000000, 0.0000000000, 0.0000000000)
(0.0000000000, 0.0000000000, 0.0000000000)
(0.0000000000, 0.0000000000, 0.0000000000)
(0.0000000000, 0.0000000000, 0.0000000000)
(0.0000000000, 0.0000000000, 0.0000000000)
(0.0000000000, 0.0000000000, 0.0000000000)
(0.0000000000, 0.0000000000, 0.0000000000)
(0.1365778000, -0.8058797000, 0.5761032000)
(0.1384307000, -0.7980800000, 0.5864156000)
(0.1350811000, -0.8013043000, 0.5827852000)
(0.1421264000, -0.7978358000, 0.5858668000)
(0.1455546000, -0.7987212000, 0.5838125000)
(0.1434611000, -0.7974430000, 0.5860713000)
(0.1454066000, -0.7919081000, 0.5930669000)
(0.1493066000, -0.7828074000, 0.6040655000)
(0.1509546000, -0.7809870000, 0.6060230000)
(0.1478808000, -0.7812990000, 0.6063647000)
(0.1501390000, -0.7713686000, 0.6184193000)
(0.1489384000, -0.7711428000, 0.6189753000)
(0.1524965000, -0.7622783000, 0.6290262000)
(0.1616173000, -0.7630441000, 0.6257886000)
(0.1643125000, -0.7657296000, 0.6218041000)
(0.1693217000, -0.7621734000, 0.6248215000)
(0.1449874000, -0.8164760000, 0.5588588000)
(0.1343265000, -0.8409094000, 0.5242198000)
(0.1171867000, -0.8800160000, 0.4602320000)
(0.1207560000, -0.8776751000, 0.4637716000)
(0.1182479000, -0.8760033000, 0.4675461000)
(0.1206573000, -0.8673650000, 0.4828047000)
(0.1213813000, -0.8687209000, 0.4801914000)
(0.1243969000, -0.8657072000, 0.4848278000)
(0.1233435000, -0.8625724000, 0.4906500000)
(0.1295520000, -0.8501892000, 0.5102686000)
(0.1273003000, -0.8540632000, 0.5043235000)
(0.1237242000, -0.8541876000, 0.5050198000)
(0.1163862000, -0.8745950000, 0.4706611000)
(0.1117165000, -0.8553185000, 0.5059109000)
(0.0000000000, 0.0000000000, 0.0000000000)
(0.0000000000, 0.0000000000, 0.0000000000)
(0.0000000000, 0.0000000000, 0.0000000000)
(0.0000000000, 0.0000000000, 0.0000000000)
(0.0000000000, 0.0000000000, 0.0000000000)
(0.0000000000, 0.0000000000, 0.0000000000)
(0.1355012000, -0.8354873000, 0.5325281000)
(0.1427224000, -0.8220028000, 0.5512801000)
(0.1351132000, -0.8161308000, 0.5618446000)
(0.1422075000, -0.8088970000, 0.5704776000)
(0.1459719000, -0.8121812000, 0.5648325000)
(0.1463757000, -0.8125333000, 0.5642283000)
(0.1466035000, -0.8126867000, 0.5639443000)
(0.1484086000, -0.8108796000, 0.5660725000)
(0.1577607000, -0.8026416000, 0.5751939000)
(0.1552883000, -0.8026959000, 0.5758011000)
(0.1543839000, -0.7996934000, 0.5801962000)
(0.1572138000, -0.7950976000, 0.5857328000)
(0.1596752000, -0.7869587000, 0.5959843000)
(0.1622174000, -0.7857337000, 0.5969111000)
(0.1594735000, -0.7812637000, 0.6034625000)
(0.1601025000, -0.7781034000, 0.6073768000)
(0.1631318000, -0.7740828000, 0.6116908000)
(0.1649983000, -0.7713766000, 0.6145923000)
(0.1674442000, -0.7660425000, 0.6205917000)
(0.1731484000, -0.7660167000, 0.6190464000)
