(0.0000000000, 0.0000000000, 0.0000000000)
(0.0000000000, 0.0000000000, 0.0000000000)
(0.0000000000, 0.0000000000, 0.0000000000)
(0.0000000000, 0.0000000000, 0.0000000000)
(0.0000000000, 0.0000000000, 0.0000000000)
(0.0000000000, 0.0000000000, 0.0000000000)
(0.0000000000, 0.0000000000, 0.0000000000)
(0.0000000000, 0.0000000000, 0.0000000000)
(0.0000000000, 0.0000000000, 0.0000000000)
(0.0000000000, 0.0000000000, 0.0000000000)
(0.0000000000, 0.0000000000, 0.0000000000)
(-0.5713128000, 0.0780333100, 0.8169929000)
(-0.5703034000, 0.0779477800, 0.8177184000)
(-0.5697125000, 0.0727694200, 0.8186064000)
(-0.5727850000, 0.0734162200, 0.8163978000)
(-0.5771687000, 0.0783380100, 0.8128442000)
(-0.5635996000, 0.0399499600, 0.8250735000)
(-0.5802991000, 0.0853812900, 0.8098988000)
(-0.5718855000, 0.0594857300, 0.8181696000)
(-0.5706453000, 0.0829887800, 0.8169800000)
(-0.5705201000, 0.0756480000, 0.8177848000)
(-0.5703348000, 0.0695622500, 0.8184506000)
(-0.5767021000, 0.0918867600, 0.8117679000)
(-0.5742661000, 0.0777195800, 0.8149664000)
(-0.5703629000, 0.0776285000, 0.8177012000)
(-0.5521098000, 0.0475809100, 0.8324080000)
(-0.5528504000, 0.0879858700, 0.8286192000)
(-0.5578489000, 0.0825214000, 0.8258166000)
(-0.5527897000, 0.0809812700, 0.8293645000)
(-0.5512944000, 0.0946007600, 0.8289269000)
(-0.5468888000, 0.1064061000, 0.8303983000)
(-0.5490478000, 0.1092171000, 0.8286058000)
(-0.5479729000, 0.1071799000, 0.8295848000)
(-0.5341408000, 0.1083902000, 0.8384021000)
(-0.5334958000, 0.1086890000, 0.8387877000)
(-0.5256048000, 0.1224843000, 0.8418574000)
(-0.5281601000, 0.1156579000, 0.8412153000)
(-0.5202764000, 0.1187826000, 0.8456833000)
(-0.5219452000, 0.1244370000, 0.8438357000)
(-0.5168834000, 0.1261263000, 0.8467034000)
(-0.5130901000, 0.1291458000, 0.8485501000)
(-0.5277876000, 0.1310675000, 0.8392010000)
(-0.5482673000, 0.1360207000, 0.8251519000)
(-0.5888138000, 0.1351399000, 0.7968715000)
(-0.6009203000, 0.1314066000, 0.7884238000)
(-0.6101765000, 0.1429445000, 0.7792506000)
(-0.6019020000, 0.1466162000, 0.7849795000)
(-0.5968846000, 0.1558010000, 0.7870373000)
(-0.6004811000, 0.1511749000, 0.7852122000)
(-0.5994350000, 0.1553758000, 0.7851934000)
(-0.5963619000, 0.1600937000, 0.7865768000)
(-0.5940932000, 0.1631692000, 0.7876683000)
(-0.5919185000, 0.1744642000, 0.7868732000)
(-0.5861345000, 0.1777710000, 0.7904513000)
(-0.5961605000, 0.1672481000, 0.7852430000)
(-0.5865633000, 0.1690953000, 0.7920400000)
(-0.5845022000, 0.1619077000, 0.7950696000)
(-0.5782394000, 0.1728441000, 0.7973446000)
(-0.5745075000, 0.1672906000, 0.8012080000)
(-0.5686885000, 0.1758974000, 0.8035176000)
(-0.5659460000, 0.1695989000, 0.8068080000)
(-0.5562654000, 0.1764502000, 0.8120419000)
(-0.5470629000, 0.1810779000, 0.8172562000)
(-0.5462761000, 0.1802089000, 0.8179817000)
(-0.5404674000, 0.1798101000, 0.8219229000)
(-0.5367897000, 0.1763765000, 0.8250586000)
(-0.5341290000, 0.1758254000, 0.8269026000)
(-0.5231657000, 0.1831760000, 0.8323085000)
(-0.5206142000, 0.1816612000, 0.8342357000)
(-0.5155053000, 0.1855266000, 0.8365543000)
(-0.5038549000, 0.1882152000, 0.8430276000)
(-0.4953961000, 0.1846239000, 0.8488156000)
(-0.4921397000, 0.1912624000, 0.8492311000)
(-0.4818084000, 0.1986642000, 0.8534408000)
(-0.4966179000, 0.1910553000, 0.8466678000)
(-0.5310396000, 0.1879984000, 0.8262191000)
(-0.5999522000, 0.1820883000, 0.7790188000)
(-0.6269457000, 0.1841110000, 0.7569870000)
(-0.6557306000, 0.1846130000, 0.7320694000)
(-0.6905878000, 0.1902486000, 0.6977680000)
(-0.6774367000, 0.1942019000, 0.7094619000)
(-0.6738496000, 0.1951566000, 0.7126173000)
(-0.6804917000, 0.1850947000, 0.7089767000)
(-0.6745085000, 0.1849446000, 0.7147158000)
(-0.6741387000, 0.1850655000, 0.7150344000)
(-0.6711935000, 0.1880789000, 0.7170128000)
(-0.6629022000, 0.1930844000, 0.7233585000)
(-0.6619777000, 0.1964186000, 0.7233166000)
(-0.6514226000, 0.1995320000, 0.7319974000)
(-0.6441003000, 0.1933387000, 0.7400956000)
(-0.6465435000, 0.1925885000, 0.7381620000)
(-0.6341820000, 0.1947447000, 0.7482479000)
(-0.6351783000, 0.1967267000, 0.7468781000)
(-0.6311710000, 0.1983537000, 0.7498437000)
(-0.6270260000, 0.1988408000, 0.7531757000)
(-0.6237081000, 0.2037091000, 0.7546381000)
(-0.6205707000, 0.2035505000, 0.7572649000)
(-0.6137618000, 0.2156050000, 0.7594705000)
(-0.6051672000, 0.2204304000, 0.7649575000)
(-0.6088497000, 0.2114231000, 0.7645743000)
(-0.6119991000, 0.2067571000, 0.7633349000)
(-0.6041353000, 0.2083573000, 0.7691448000)
(-0.6004304000, 0.2131538000, 0.7707338000)
(-0.5892953000, 0.2210376000, 0.7770795000)
(-0.5943154000, 0.2153413000, 0.7748590000)
(-0.5891246000, 0.2160414000, 0.7786189000)
(-0.5841087000, 0.2145987000, 0.7827771000)
(-0.5795714000, 0.2223655000, 0.7839808000)
(-0.5668092000, 0.2315778000, 0.7906289000)
(-0.5588450000, 0.2256300000, 0.7979740000)
(-0.5797776000, 0.2266057000, 0.7826244000)
(-0.6127409000, 0.2209979000, 0.7587414000)
(-0.6813695000, 0.1899990000, 0.7068413000)
(-0.7062552000, 0.1896140000, 0.6820707000)
(-0.7215966000, 0.1962011000, 0.6639218000)
(-0.7402065000, 0.1788761000, 0.6481422000)
(-0.7396395000, 0.1744173000, 0.6499867000)
(-0.7291727000, 0.1779695000, 0.6607601000)
(-0.7237781000, 0.1815293000, 0.6657178000)
(-0.7236085000, 0.1806434000, 0.6661431000)
(-0.7265764000, 0.1721508000, 0.6651621000)
(-0.7199833000, 0.1822463000, 0.6696135000)
(-0.7160295000, 0.1808225000, 0.6742279000)
(-0.7100704000, 0.1827774000, 0.6799828000)
(-0.7068655000, 0.1885035000, 0.6817590000)
(-0.7056199000, 0.1887817000, 0.6829553000)
(-0.6980191000, 0.1888027000, 0.6907258000)
(-0.6931162000, 0.1889465000, 0.6955980000)
(-0.6880284000, 0.1883494000, 0.7007934000)
(-0.6802276000, 0.1932856000, 0.7070538000)
(-0.6817322000, 0.1891844000, 0.7067114000)
(-0.6848592000, 0.1756296000, 0.7071895000)
(-0.6793798000, 0.1805491000, 0.7112067000)
(-0.6754647000, 0.1839636000, 0.7140709000)
(-0.6765068000, 0.1900660000, 0.7114795000)
(-0.6717355000, 0.1931816000, 0.7151461000)
(-0.6499323000, 0.2015286000, 0.7327722000)
(-0.6428838000, 0.2011997000, 0.7390488000)
(-0.6392058000, 0.2011610000, 0.7422506000)
(-0.6326538000, 0.2073237000, 0.7461652000)
(-0.6350127000, 0.1979545000, 0.7466995000)
(-0.6297807000, 0.2068935000, 0.7487112000)
(-0.6218235000, 0.2028831000, 0.7564127000)
(-0.6105124000, 0.2111415000, 0.7633278000)
(-0.6125512000, 0.2142120000, 0.7608466000)
(-0.5988481000, 0.2155249000, 0.7712999000)
(-0.6021277000, 0.2159480000, 0.7686201000)
(-0.5968560000, 0.2233167000, 0.7706258000)
(-0.5991589000, 0.2107318000, 0.7723787000)
(-0.5945375000, 0.2130052000, 0.7753365000)
(-0.5884155000, 0.2200325000, 0.7780312000)
(-0.5848746000, 0.2147878000, 0.7821499000)
(-0.5856718000, 0.2100958000, 0.7828452000)
(-0.5826070000, 0.2144219000, 0.7839421000)
(-0.5977556000, 0.2101634000, 0.7736349000)
(-0.6119282000, 0.1997456000, 0.7652726000)
(-0.6319841000, 0.2089926000, 0.7462485000)
(-0.6519336000, 0.1978821000, 0.7319865000)
(-0.6485527000, 0.2032410000, 0.7335194000)
(-0.6456712000, 0.2023866000, 0.7363042000)
(-0.6395602000, 0.2119777000, 0.7389302000)
(-0.6362610000, 0.2056893000, 0.7435397000)
(-0.6367075000, 0.2054414000, 0.7432255000)
(-0.6290540000, 0.2083126000, 0.7489166000)
(-0.6218718000, 0.2098095000, 0.7544712000)
(-0.6206670000, 0.2074420000, 0.7561189000)
(-0.6084718000, 0.2171203000, 0.7632794000)
(-0.6031677000, 0.2141928000, 0.7682964000)
(-0.6019891000, 0.2168444000, 0.7684827000)
(-0.5974203000, 0.2128311000, 0.7731619000)
(-0.5870242000, 0.2203903000, 0.7789859000)
(-0.5845575000, 0.2273252000, 0.7788383000)
(-0.5845602000, 0.2272032000, 0.7788806000)
(-0.5746691000, 0.2288914000, 0.7857059000)
(-0.5749488000, 0.2348715000, 0.7837445000)
(-0.5814011000, 0.2269793000, 0.7813011000)
(-0.6145040000, 0.1833444000, 0.7672951000)
(-0.6420495000, 0.1713564000, 0.7472634000)
(-0.6750703000, 0.1676200000, 0.7184447000)
(-0.6768925000, 0.1667193000, 0.7169400000)
(-0.6668504000, 0.1668482000, 0.7262517000)
(-0.6638083000, 0.1683085000, 0.7287137000)
(-0.6650667000, 0.1612410000, 0.7291481000)
(-0.6613914000, 0.1687097000, 0.7308012000)
(-0.6592605000, 0.1671322000, 0.7330997000)
(-0.6571206000, 0.1732651000, 0.7335865000)
(-0.6577938000, 0.1716797000, 0.7333495000)
(-0.6404823000, 0.1701332000, 0.7488819000)
(-0.6411246000, 0.1661286000, 0.7492202000)
(-0.6377979000, 0.1684941000, 0.7515419000)
(-0.6236393000, 0.1845226000, 0.7596119000)
(-0.6204720000, 0.1747782000, 0.7644836000)
(-0.6184859000, 0.1687585000, 0.7674518000)
(-0.6138173000, 0.1685211000, 0.7712455000)
(-0.6076383000, 0.1694776000, 0.7759132000)
(-0.6071645000, 0.1717747000, 0.7757698000)
(-0.6031728000, 0.1728239000, 0.7786524000)
(-0.5958810000, 0.1746369000, 0.7838390000)
(-0.5907387000, 0.1751459000, 0.7876209000)
(-0.5858485000, 0.1739637000, 0.7915141000)
(-0.5817965000, 0.1769877000, 0.7938279000)
(-0.5749343000, 0.1772472000, 0.7987537000)
(-0.6078349000, 0.1656967000, 0.7765793000)
(-0.6317168000, 0.1751927000, 0.7551282000)
(-0.6429279000, 0.1684751000, 0.7471552000)
(-0.6690519000, 0.1457043000, 0.7287859000)
(-0.6686152000, 0.1466067000, 0.7290085000)
(-0.6657844000, 0.1459100000, 0.7317268000)
(-0.6592494000, 0.1516804000, 0.7364566000)
(-0.6581116000, 0.1539825000, 0.7369968000)
(-0.6582451000, 0.1520035000, 0.7372823000)
(-0.6498049000, 0.1522148000, 0.7446826000)
(-0.6551900000, 0.1494515000, 0.7405134000)
(-0.6503373000, 0.1511905000, 0.7444403000)
(-0.6413858000, 0.1382934000, 0.7546390000)
(-0.6424307000, 0.1492004000, 0.7516608000)
(-0.6376058000, 0.1410685000, 0.7573169000)
(-0.6269138000, 0.1577381000, 0.7629361000)
(-0.6194487000, 0.1668956000, 0.7670693000)
(-0.6135721000, 0.1696916000, 0.7711761000)
(-0.6106275000, 0.1704723000, 0.7733461000)
(-0.6064667000, 0.1704154000, 0.7766230000)
(-0.6068533000, 0.1683365000, 0.7767787000)
(-0.6007647000, 0.1605527000, 0.7831327000)
(-0.5974148000, 0.1652200000, 0.7847103000)
(-0.5971445000, 0.1576941000, 0.7864769000)
(-0.5873517000, 0.1707333000, 0.7910967000)
(-0.5841046000, 0.1636214000, 0.7949963000)
(-0.5839306000, 0.1611959000, 0.7956337000)
(-0.5823255000, 0.1549650000, 0.7980348000)
(-0.5871529000, 0.1561120000, 0.7942679000)
(-0.6047661000, 0.1546718000, 0.7812312000)
(-0.6444624000, 0.1605156000, 0.7475907000)
(-0.6536912000, 0.1572581000, 0.7402312000)
(-0.6668410000, 0.1521533000, 0.7294814000)
(-0.6704866000, 0.1568998000, 0.7251307000)
(-0.6681120000, 0.1580206000, 0.7270765000)
(-0.6649805000, 0.1497740000, 0.7316748000)
(-0.6558828000, 0.1586616000, 0.7379910000)
(-0.6557288000, 0.1587949000, 0.7380895000)
(-0.6514626000, 0.1610765000, 0.7413734000)
(-0.6473872000, 0.1553778000, 0.7461526000)
(-0.6468737000, 0.1623585000, 0.7451057000)
(-0.6468526000, 0.1622093000, 0.7451466000)
(-0.6459988000, 0.1584895000, 0.7466843000)
(-0.6448327000, 0.1566800000, 0.7480696000)
(-0.6308143000, 0.1590866000, 0.7594278000)
(-0.6130087000, 0.1792695000, 0.7694672000)
(-0.6147066000, 0.1736727000, 0.7693893000)
(-0.6196685000, 0.1676626000, 0.7667264000)
(-0.6090593000, 0.1760576000, 0.7733165000)
(-0.5977349000, 0.1750961000, 0.7823206000)
(-0.6005253000, 0.1774795000, 0.7796450000)
(-0.5909680000, 0.1747977000, 0.7875255000)
(-0.5933075000, 0.1743097000, 0.7858720000)
(-0.5906346000, 0.1716358000, 0.7884551000)
(-0.5927165000, 0.1646616000, 0.7883879000)
(-0.5936868000, 0.1597320000, 0.7886707000)
(-0.5888516000, 0.1605230000, 0.7921352000)
(-0.5901254000, 0.1590196000, 0.7914842000)
(-0.5844902000, 0.1529160000, 0.7968454000)
(-0.6145828000, 0.1554890000, 0.7733696000)
(-0.6649154000, 0.1171416000, 0.7376700000)
(-0.6754993000, 0.1181141000, 0.7278314000)
(-0.6967809000, 0.1097886000, 0.7088180000)
(-0.6925519000, 0.0974928900, 0.7147382000)
(-0.6944511000, 0.1042093000, 0.7119441000)
(-0.6850622000, 0.1103018000, 0.7200708000)
(-0.6832705000, 0.1139821000, 0.7212089000)
(-0.6673979000, 0.1168544000, 0.7354650000)
(-0.6637213000, 0.1165555000, 0.7388349000)
(-0.6597843000, 0.1261960000, 0.7407618000)
(-0.6546983000, 0.1281244000, 0.7449352000)
(-0.6568832000, 0.1200854000, 0.7443560000)
(-0.6502267000, 0.1245199000, 0.7494561000)
(-0.6502066000, 0.1162499000, 0.7507984000)
(-0.6466685000, 0.1205834000, 0.7531683000)
(-0.6331095000, 0.1266708000, 0.7636225000)
(-0.6307010000, 0.1270965000, 0.7655424000)
(-0.6305819000, 0.1297792000, 0.7651722000)
(-0.6223873000, 0.1339284000, 0.7711645000)
(-0.6193984000, 0.1315610000, 0.7739701000)
(-0.6159196000, 0.1354219000, 0.7760651000)
(-0.6198645000, 0.1223348000, 0.7750994000)
(-0.6233732000, 0.1207606000, 0.7725218000)
(-0.6187949000, 0.1246033000, 0.7755994000)
(-0.6054531000, 0.1277489000, 0.7855509000)
(-0.6027419000, 0.1383087000, 0.7858493000)
(-0.5946754000, 0.1426353000, 0.7912003000)
(-0.5886819000, 0.1365460000, 0.7967315000)
(-0.5868950000, 0.1465694000, 0.7962750000)
(-0.5804105000, 0.1477024000, 0.8008135000)
(-0.5679975000, 0.1450665000, 0.8101395000)
(-0.5624003000, 0.1510016000, 0.8129492000)
(-0.5609843000, 0.1527077000, 0.8136015000)
(-0.5706257000, 0.1437848000, 0.8085113000)
(-0.6011304000, 0.1063994000, 0.7920191000)
(-0.6222720000, 0.1008233000, 0.7762637000)
(-0.6611993000, 0.0903653900, 0.7447283000)
(-0.6810296000, 0.0852964900, 0.7272605000)
(-0.6906102000, 0.0719177400, 0.7196280000)
(-0.7352003000, 0.0357302100, 0.6768885000)
(-0.7512486000, 0.0284185300, 0.6594000000)
(-0.7567869000, 0.0293988200, 0.6529925000)
(-0.7442743000, 0.0400336300, 0.6666632000)
(-0.7424919000, 0.0376701100, 0.6687698000)
(-0.7381180000, 0.0320412400, 0.6738889000)
(-0.7332030000, 0.0375010600, 0.6789544000)
(-0.7292126000, 0.0336592900, 0.6834375000)
(-0.7319277000, 0.0338888500, 0.6805201000)
(-0.7245859000, 0.0332687100, 0.6883672000)
(-0.7234789000, 0.0357790900, 0.6894099000)
(-0.7208068000, 0.0364234700, 0.6921749000)
(-0.7186739000, 0.0395674500, 0.6942124000)
(-0.7109029000, 0.0481008600, 0.7016329000)
(-0.7071893000, 0.0445271400, 0.7056075000)
(-0.7038065000, 0.0509522300, 0.7085520000)
(-0.7009454000, 0.0465784100, 0.7116773000)
(-0.6978034000, 0.0497220300, 0.7145458000)
(-0.6926640000, 0.0508658000, 0.7194474000)
(-0.6815583000, 0.0493527800, 0.7300782000)
(-0.6829987000, 0.0613924200, 0.7278163000)
(-0.6747522000, 0.0639424500, 0.7352569000)
(-0.6716241000, 0.0631711700, 0.7381720000)
(-0.6744348000, 0.0674738700, 0.7352356000)
(-0.6642372000, 0.0693171500, 0.7442800000)
(-0.6607328000, 0.0703791900, 0.7472976000)
(-0.6568108000, 0.0696516000, 0.7508115000)
(-0.6424700000, 0.0697453700, 0.7631138000)
(-0.6368047000, 0.0713602600, 0.7677069000)
(-0.6331397000, 0.0763076600, 0.7702642000)
(-0.6280479000, 0.0781507000, 0.7742258000)
(-0.6245962000, 0.0771955000, 0.7771066000)
(-0.6232784000, 0.0831902300, 0.7775475000)
(-0.6176041000, 0.0793983000, 0.7824610000)
(-0.6119453000, 0.0783516800, 0.7869973000)
(-0.6059829000, 0.0835093300, 0.7910641000)
(-0.6263965000, 0.0761695700, 0.7757604000)
(-0.6677588000, 0.0669575300, 0.7413480000)
(-0.6956198000, 0.0524900200, 0.7164757000)
(-0.7353258000, 0.0409534100, 0.6764729000)
(-0.7482737000, 0.0337645600, 0.6625083000)
(-0.7651970000, 0.0222443300, 0.6433993000)
(-0.7599206000, 0.0219546700, 0.6496284000)
(-0.7577956000, 0.0267990400, 0.6519169000)
(-0.7599437000, 0.0158568200, 0.6497809000)
(-0.7527673000, 0.0255402800, 0.6577821000)
(-0.7510157000, 0.0233955400, 0.6598504000)
(-0.7451065000, 0.0216943100, 0.6665750000)
(-0.7377529000, 0.0275373800, 0.6744879000)
(-0.7373139000, 0.0296499900, 0.6748930000)
(-0.7301872000, 0.0331497700, 0.6824221000)
(-0.7271825000, 0.0300022600, 0.6857659000)
(-0.7232028000, 0.0357403000, 0.6896943000)
(-0.7214879000, 0.0369827400, 0.6914307000)
(-0.7157102000, 0.0444592900, 0.6969709000)
(-0.7135264000, 0.0463141000, 0.6990816000)
(-0.7134091000, 0.0464995200, 0.6991844000)
(-0.7098114000, 0.0596616000, 0.7018363000)
(-0.7052405000, 0.0508790700, 0.7071331000)
(-0.7008004000, 0.0568191200, 0.7110851000)
(-0.6963657000, 0.0599666600, 0.7151607000)
(-0.6875229000, 0.0570381700, 0.7239100000)
(-0.6906342000, 0.0562915900, 0.7209946000)
(-0.6767387000, 0.0635530300, 0.7334675000)
(-0.6746331000, 0.0643815000, 0.7353184000)
(-0.6723418000, 0.0674921900, 0.7371434000)
(-0.6657541000, 0.0660855100, 0.7432213000)
(-0.6678936000, 0.0685979000, 0.7410664000)
(-0.6634874000, 0.0654529300, 0.7453008000)
(-0.6579359000, 0.0728755000, 0.7495314000)
(-0.6535848000, 0.0748503600, 0.7531268000)
(-0.6481342000, 0.0768748400, 0.7576296000)
(-0.6361309000, 0.0782045200, 0.7675943000)
(-0.6320108000, 0.0828235800, 0.7705053000)
(-0.6308320000, 0.0844513600, 0.7713016000)
(-0.6223883000, 0.0822823600, 0.7783576000)
(-0.6202126000, 0.0847148700, 0.7798350000)
(-0.6196032000, 0.0799040000, 0.7808192000)
(-0.6120197000, 0.0894009200, 0.7857583000)
(-0.6119099000, 0.0882816600, 0.7859783000)
(-0.6109252000, 0.0902259300, 0.7865236000)
(-0.6224559000, 0.0873269500, 0.7777534000)
(-0.6411321000, 0.0903217100, 0.7620930000)
(-0.6659124000, 0.0917251800, 0.7403606000)
(-0.6937559000, 0.0884621700, 0.7147327000)
(-0.6944903000, 0.0944584000, 0.7132629000)
(-0.6927499000, 0.0854228800, 0.7160873000)
(-0.6855942000, 0.0937926500, 0.7219123000)
(-0.6810064000, 0.0953148900, 0.7260442000)
(-0.6801902000, 0.0936159300, 0.7270131000)
(-0.6739512000, 0.0982369900, 0.7322106000)
(-0.6654659000, 0.0987360200, 0.7398618000)
(-0.6646115000, 0.0982810900, 0.7406849000)
(-0.6494980000, 0.1063666000, 0.7528713000)
(-0.6456980000, 0.1064380000, 0.7561240000)
(-0.6498387000, 0.1069971000, 0.7524833000)
(-0.6378791000, 0.1118948000, 0.7619479000)
(-0.6334977000, 0.1121462000, 0.7655696000)
(-0.6323103000, 0.1179612000, 0.7656783000)
(-0.6258219000, 0.1156519000, 0.7713274000)
(-0.6242291000, 0.1126204000, 0.7730611000)
(-0.6203886000, 0.1176967000, 0.7754031000)
(-0.6150882000, 0.1196194000, 0.7793110000)
(-0.6113952000, 0.1179397000, 0.7824684000)
(-0.6132838000, 0.1214308000, 0.7804523000)
(-0.6034740000, 0.1158202000, 0.7889193000)
(-0.6030659000, 0.1191376000, 0.7887411000)
(-0.5986099000, 0.1222408000, 0.7916555000)
(-0.5940462000, 0.1220490000, 0.7951037000)
(-0.5898281000, 0.1239519000, 0.7979499000)
(-0.5957430000, 0.1186702000, 0.7943419000)
(-0.6443734000, 0.0996380200, 0.7581751000)
(-0.6686456000, 0.1051128000, 0.7360948000)
(-0.6981139000, 0.0957088500, 0.7095491000)
(-0.7150784000, 0.0914041000, 0.6930318000)
(-0.7124932000, 0.1001376000, 0.6944918000)
(-0.7119752000, 0.0934269800, 0.6959559000)
(-0.6928778000, 0.1078513000, 0.7129326000)
(-0.6873820000, 0.1111908000, 0.7177185000)
(-0.6860020000, 0.1168210000, 0.7181519000)
(-0.6752710000, 0.1266646000, 0.7266014000)
(-0.6716021000, 0.1262321000, 0.7300748000)
(-0.6647163000, 0.1231381000, 0.7368629000)
(-0.6635953000, 0.1326800000, 0.7362161000)
(-0.6571916000, 0.1344682000, 0.7416163000)
(-0.6579311000, 0.1358627000, 0.7407015000)
(-0.6534677000, 0.1360597000, 0.7446047000)
(-0.6541667000, 0.1311968000, 0.7448733000)
(-0.6502656000, 0.1322085000, 0.7480991000)
(-0.6370280000, 0.1393844000, 0.7581154000)
(-0.6360352000, 0.1357186000, 0.7596110000)
(-0.6311601000, 0.1355328000, 0.7637146000)
(-0.6352564000, 0.1279117000, 0.7616231000)
(-0.6226689000, 0.1364100000, 0.7705011000)
(-0.6251428000, 0.1333804000, 0.7690133000)
(-0.6207218000, 0.1366768000, 0.7720105000)
(-0.6219949000, 0.1361033000, 0.7710910000)
(-0.6154262000, 0.1403871000, 0.7755879000)
(-0.6039753000, 0.1403826000, 0.7845274000)
(-0.6112766000, 0.1429188000, 0.7784004000)
(-0.6380054000, 0.1399901000, 0.7571933000)
(-0.6939664000, 0.1331465000, 0.7075704000)
(-0.7075099000, 0.1400308000, 0.6926674000)
(-0.7088322000, 0.1395914000, 0.6914119000)
(-0.6971265000, 0.1473994000, 0.7016193000)
(-0.6969901000, 0.1509415000, 0.7009966000)
(-0.6926892000, 0.1521259000, 0.7049975000)
(-0.6843084000, 0.1558181000, 0.7123333000)
(-0.6836854000, 0.1544738000, 0.7132247000)
(-0.6765699000, 0.1558196000, 0.7196930000)
(-0.6744143000, 0.1586650000, 0.7210862000)
(-0.6708533000, 0.1530501000, 0.7256208000)
(-0.6721796000, 0.1512994000, 0.7247409000)
(-0.6654277000, 0.1508293000, 0.7310530000)
(-0.6588301000, 0.1631560000, 0.7343668000)
(-0.6430807000, 0.1663381000, 0.7474932000)
(-0.6440743000, 0.1635249000, 0.7472612000)
(-0.6422753000, 0.1614752000, 0.7492557000)
(-0.6358237000, 0.1721001000, 0.7523977000)
(-0.6410975000, 0.1654569000, 0.7493932000)
(-0.6292711000, 0.1676198000, 0.7588862000)
(-0.6239252000, 0.1734899000, 0.7619743000)
(-0.6193160000, 0.1770540000, 0.7649009000)
(-0.6173515000, 0.1809811000, 0.7655655000)
(-0.6087623000, 0.1859264000, 0.7712438000)
(-0.6000792000, 0.1800316000, 0.7794026000)
(-0.5958752000, 0.1840165000, 0.7817078000)
(-0.5912350000, 0.1845242000, 0.7850946000)
(-0.5856030000, 0.1812873000, 0.7900521000)
(-0.5849789000, 0.1856830000, 0.7894978000)
(-0.5902919000, 0.1732625000, 0.7883595000)
(-0.5826720000, 0.1725940000, 0.7941504000)
(-0.5843623000, 0.1644663000, 0.7946395000)
(-0.5784858000, 0.1674051000, 0.7983244000)
(-0.5747094000, 0.1710292000, 0.8002752000)
(-0.5847136000, 0.1710231000, 0.7930046000)
(-0.6201155000, 0.1564054000, 0.7687454000)
(-0.6711238000, 0.1205351000, 0.7314723000)
(-0.6941888000, 0.1100473000, 0.7113206000)
(-0.6965724000, 0.1077633000, 0.7093302000)
(-0.6891094000, 0.1039682000, 0.7171408000)
(-0.6897188000, 0.1019480000, 0.7168541000)
(-0.6868579000, 0.1094545000, 0.7184842000)
(-0.6659302000, 0.1266999000, 0.7351750000)
(-0.6632772000, 0.1329213000, 0.7364599000)
(-0.6553206000, 0.1411700000, 0.7420259000)
(-0.6616918000, 0.1331667000, 0.7378409000)
(-0.6549858000, 0.1344097000, 0.7435812000)
(-0.6521419000, 0.1370025000, 0.7456040000)
(-0.6511747000, 0.1297531000, 0.7477428000)
(-0.6490921000, 0.1257921000, 0.7502195000)
(-0.6417426000, 0.1282569000, 0.7561156000)
(-0.6376491000, 0.1222032000, 0.7605498000)
(-0.6346525000, 0.1275978000, 0.7621838000)
(-0.6288112000, 0.1281398000, 0.7669209000)
(-0.6237229000, 0.1339042000, 0.7700744000)
(-0.6195448000, 0.1266989000, 0.7746624000)
(-0.6191708000, 0.1350520000, 0.7735355000)
(-0.6136899000, 0.1350023000, 0.7779043000)
(-0.6083948000, 0.1360473000, 0.7818809000)
(-0.6064683000, 0.1391484000, 0.7828286000)
(-0.5930346000, 0.1401530000, 0.7928776000)
(-0.5947375000, 0.1435142000, 0.7910001000)
(-0.5862471000, 0.1515372000, 0.7958322000)
(-0.5737812000, 0.1486790000, 0.8053817000)
(-0.5660287000, 0.1505874000, 0.8105006000)
(-0.5677691000, 0.1535209000, 0.8087376000)
(-0.5627895000, 0.1554645000, 0.8118416000)
(-0.5568692000, 0.1601593000, 0.8149945000)
(-0.5524843000, 0.1618036000, 0.8176618000)
(-0.5480389000, 0.1609667000, 0.8208131000)
(-0.5371760000, 0.1582116000, 0.8284984000)
(-0.5329602000, 0.1511150000, 0.8325179000)
(-0.5292829000, 0.1517540000, 0.8347452000)
(-0.5217776000, 0.1553531000, 0.8388130000)
(-0.5249546000, 0.1579097000, 0.8363443000)
(-0.5181025000, 0.1581152000, 0.8405643000)
(-0.5173911000, 0.1657340000, 0.8395312000)
(-0.5120126000, 0.1628237000, 0.8434000000)
(-0.5004532000, 0.1731154000, 0.8482599000)
(-0.4982927000, 0.1687228000, 0.8504243000)
(-0.4957053000, 0.1635989000, 0.8529248000)
(-0.4955252000, 0.1679578000, 0.8521832000)
(-0.4907592000, 0.1682673000, 0.8548833000)
(-0.4874277000, 0.1722642000, 0.8559980000)
(-0.4828421000, 0.1700346000, 0.8590353000)
(-0.4766442000, 0.1728694000, 0.8619270000)
(-0.4761874000, 0.1706620000, 0.8626217000)
(-0.4673150000, 0.1659758000, 0.8683621000)
(-0.4555160000, 0.1705129000, 0.8737300000)
(-0.4508128000, 0.1710931000, 0.8760469000)
(-0.4315832000, 0.1756441000, 0.8847931000)
(-0.4386463000, 0.1762372000, 0.8811912000)
(-0.4372870000, 0.1768883000, 0.8817392000)
(-0.4253486000, 0.1790029000, 0.8871333000)
(-0.4219361000, 0.1749298000, 0.8895745000)
(-0.4192290000, 0.1727627000, 0.8912817000)
(-0.4108537000, 0.1709577000, 0.8955151000)
(-0.4120271000, 0.1760640000, 0.8939849000)
(-0.4075493000, 0.1744463000, 0.8963602000)
(-0.3954411000, 0.1732646000, 0.9019861000)
(-0.3969110000, 0.1806657000, 0.8998891000)
(-0.3783799000, 0.1877896000, 0.9063990000)
(-0.3968472000, 0.1601350000, 0.9038003000)
(-0.4397649000, 0.1627849000, 0.8832169000)
(0.0000000000, 0.0000000000, 0.0000000000)
(0.0000000000, 0.0000000000, 0.0000000000)
(0.0000000000, 0.0000000000, 0.0000000000)
(0.0000000000, 0.0000000000, 0.0000000000)
(0.0000000000, 0.0000000000, 0.0000000000)
(0.0000000000, 0.0000000000, 0.0000000000)
(0.0000000000, 0.0000000000, 0.0000000000)
(0.0000000000, 0.0000000000, 0.0000000000)
(0.0000000000, 0.0000000000, 0.0000000000)
(0.0000000000, 0.0000000000, 0.0000000000)
(0.0000000000, 0.0000000000, 0.0000000000)
(0.0000000000, 0.0000000000, 0.0000000000)
(0.0000000000, 0.0000000000, 0.0000000000)
(0.0000000000, 0.0000000000, 0.0000000000)
(0.0000000000, 0.0000000000, 0.0000000000)
(0.0000000000, 0.0000000000, 0.0000000000)
(0.0000000000, 0.0000000000, 0.0000000000)
(0.0000000000, 0.0000000000, 0.0000000000)
(0.0000000000, 0.0000000000, 0.0000000000)
(0.0000000000, 0.0000000000, 0.0000000000)
(0.0000000000, 0.0000000000, 0.0000000000)
(0.0000000000, 0.0000000000, 0.0000000000)
(0.0000000000, 0.0000000000, 0.0000000000)
(0.0000000000, 0.0000000000, 0.0000000000)
(0.0000000000, 0.0000000000, 0.0000000000)
(0.0000000000, 0.0000000000, 0.0000000000)
(0.0000000000, 0.0000000000, 0.0000000000)
(0.0000000000, 0.0000000000, 0.0000000000)
(-0.6530076000, 0.0874632700, 0.7522653000)
(-0.6449389000, 0.0842114400, 0.7595761000)
(-0.6458240000, 0.0954776700, 0.7574729000)
(-0.6441129000, 0.1095406000, 0.7570267000)
(-0.6314917000, 0.0794896900, 0.7712920000)
(-0.6439517000, 0.0855965500, 0.7602465000)
(-0.6214754000, 0.0571436900, 0.7813315000)
(-0.6143168000, 0.0579678900, 0.7869088000)
(-0.6167581000, 0.0709439000, 0.7839429000)
(-0.5873795000, 0.0499363500, 0.8077478000)
(-0.6042832000, 0.0659623200, 0.7940177000)
(-0.5991133000, 0.0654480500, 0.7979724000)
(-0.6062049000, 0.1132511000, 0.7872005000)
(-0.5934275000, 0.1029860000, 0.7982696000)
(-0.6010892000, 0.1063393000, 0.7920541000)
(-0.5835239000, 0.1052353000, 0.8052353000)
(-0.5909569000, 0.1063082000, 0.7996649000)
(-0.5858813000, 0.1162906000, 0.8019950000)
(-0.5865774000, 0.1151213000, 0.8016545000)
(-0.5817902000, 0.1169643000, 0.8048674000)
(-0.5807047000, 0.1236358000, 0.8046662000)
(-0.5743958000, 0.1288584000, 0.8083560000)
(-0.5733030000, 0.1265936000, 0.8094851000)
(-0.5699698000, 0.1336701000, 0.8107106000)
(-0.5550914000, 0.1423353000, 0.8195016000)
(-0.5539101000, 0.1432717000, 0.8201438000)
(-0.5555305000, 0.1465117000, 0.8184805000)
(-0.5629572000, 0.1413003000, 0.8142994000)
(-0.5554771000, 0.1454797000, 0.8187006000)
(-0.5509443000, 0.1472722000, 0.8214298000)
(-0.5515495000, 0.1466903000, 0.8211244000)
(-0.5486524000, 0.1507308000, 0.8223362000)
(-0.5410331000, 0.1541329000, 0.8267523000)
(-0.5362927000, 0.1605581000, 0.8286047000)
(-0.5304024000, 0.1671604000, 0.8310881000)
(-0.5335913000, 0.1661698000, 0.8292459000)
(-0.5259755000, 0.1610537000, 0.8351052000)
(-0.5305495000, 0.1527943000, 0.8337651000)
(-0.5548473000, 0.1400390000, 0.8200786000)
(-0.6244137000, 0.1179041000, 0.7721230000)
(-0.6495990000, 0.1170765000, 0.7512017000)
(-0.6548593000, 0.1054425000, 0.7483417000)
(-0.7122027000, 0.0845134300, 0.6968626000)
(-0.7284132000, 0.0879408400, 0.6794484000)
(-0.7170610000, 0.0922111400, 0.6908696000)
(-0.7186974000, 0.0855134100, 0.6900386000)
(-0.7203169000, 0.0838012000, 0.6885476000)
(-0.7150407000, 0.0892662300, 0.6933522000)
(-0.7077897000, 0.0847410600, 0.7013191000)
(-0.7047118000, 0.0862756700, 0.7042039000)
(-0.7014760000, 0.0901944000, 0.7069447000)
(-0.6996537000, 0.0996144300, 0.7074811000)
(-0.6910893000, 0.1020864000, 0.7155200000)
(-0.6894969000, 0.0964182600, 0.7178343000)
(-0.6676916000, 0.1115740000, 0.7360192000)
(-0.6681339000, 0.1156211000, 0.7349910000)
(-0.6668354000, 0.1157088000, 0.7361543000)
(-0.6634977000, 0.1146788000, 0.7393306000)
(-0.6570606000, 0.1175705000, 0.7446052000)
(-0.6530055000, 0.1181771000, 0.7480698000)
(-0.6549587000, 0.1144086000, 0.7469373000)
(-0.6506612000, 0.1189979000, 0.7499806000)
(-0.6463551000, 0.1192448000, 0.7536444000)
(-0.6386300000, 0.1182659000, 0.7603644000)
(-0.6344074000, 0.1181232000, 0.7639019000)
(-0.6356302000, 0.1200874000, 0.7625920000)
(-0.6250201000, 0.1232307000, 0.7708176000)
(-0.6273086000, 0.1242253000, 0.7687904000)
(-0.6273166000, 0.1230673000, 0.7689725000)
(-0.6262103000, 0.1218589000, 0.7700593000)
(-0.6236426000, 0.1210223000, 0.7722697000)
(-0.6192865000, 0.1189401000, 0.7760929000)
(-0.6192893000, 0.1176946000, 0.7762717000)
(-0.6130869000, 0.1228258000, 0.7803929000)
(-0.6093297000, 0.1206210000, 0.7836829000)
(-0.6018049000, 0.1269591000, 0.7884802000)
(-0.5976649000, 0.1263898000, 0.7917100000)
(-0.5919871000, 0.1304761000, 0.7953082000)
(-0.5872510000, 0.1456565000, 0.7961851000)
(-0.5775102000, 0.1452028000, 0.8033615000)
(-0.5700624000, 0.1418807000, 0.8092467000)
(-0.5660279000, 0.1406025000, 0.8123006000)
(-0.5640304000, 0.1437014000, 0.8131427000)
(-0.5629221000, 0.1469092000, 0.8133318000)
(-0.5562050000, 0.1492643000, 0.8175214000)
(-0.5526035000, 0.1470699000, 0.8203557000)
(-0.5463732000, 0.1409061000, 0.8255969000)
(-0.5468505000, 0.1395462000, 0.8255025000)
(-0.5449477000, 0.1431806000, 0.8261469000)
(-0.5358118000, 0.1418443000, 0.8323308000)
(-0.5318106000, 0.1461487000, 0.8341558000)
(-0.5343531000, 0.1444845000, 0.8328073000)
(-0.5320862000, 0.1483638000, 0.8335824000)
(-0.5369187000, 0.1527754000, 0.8296834000)
(-0.5305602000, 0.1535283000, 0.8336127000)
(-0.5289798000, 0.1498279000, 0.8353013000)
(-0.5281911000, 0.1522307000, 0.8353627000)
(-0.5121558000, 0.1485697000, 0.8459346000)
(-0.5122852000, 0.1450131000, 0.8464737000)
(-0.5423796000, 0.1452538000, 0.8274800000)
(-0.6249413000, 0.1300613000, 0.7697558000)
(-0.6466289000, 0.1304011000, 0.7515540000)
(-0.7067689000, 0.0947096600, 0.7010578000)
(-0.7211200000, 0.0985749500, 0.6857553000)
(-0.7374358000, 0.1028461000, 0.6675198000)
(-0.7480595000, 0.0874392400, 0.6578388000)
(-0.7422158000, 0.0973463000, 0.6630263000)
(-0.7381857000, 0.1010315000, 0.6669759000)
(-0.7324849000, 0.1016343000, 0.6731483000)
(-0.7308568000, 0.1017536000, 0.6748928000)
(-0.7323120000, 0.1025635000, 0.6731915000)
(-0.7220815000, 0.0992841900, 0.6846333000)
(-0.7184841000, 0.1057373000, 0.6874525000)
(-0.7198766000, 0.1062793000, 0.6858961000)
(-0.7171486000, 0.1050713000, 0.6889341000)
(-0.7113503000, 0.1004127000, 0.6956210000)
(-0.7143548000, 0.1044697000, 0.6919194000)
(-0.7101443000, 0.1051370000, 0.6961551000)
(-0.6984528000, 0.1101401000, 0.7071187000)
(-0.6999531000, 0.1065903000, 0.7061762000)
(-0.6877465000, 0.1218964000, 0.7156252000)
(-0.6935822000, 0.1093623000, 0.7120166000)
(-0.6830533000, 0.1182191000, 0.7207195000)
(-0.6744929000, 0.1242651000, 0.7277423000)
(-0.6750427000, 0.1219302000, 0.7276123000)
(-0.6694725000, 0.1267060000, 0.7319329000)
(-0.6739327000, 0.1240172000, 0.7283065000)
(-0.6611045000, 0.1219308000, 0.7403018000)
(-0.6582791000, 0.1335976000, 0.7408056000)
(-0.6623358000, 0.1323386000, 0.7374054000)
(-0.6589646000, 0.1251481000, 0.7416703000)
(-0.6579282000, 0.1172180000, 0.7438911000)
(-0.6509781000, 0.1244496000, 0.7488223000)
(-0.6458341000, 0.1247386000, 0.7532135000)
(-0.6409328000, 0.1303501000, 0.7564360000)
(-0.6423288000, 0.1260987000, 0.7559693000)
(-0.6315624000, 0.1276200000, 0.7647402000)
(-0.6316601000, 0.1277786000, 0.7646381000)
(-0.6613150000, 0.1176922000, 0.7408012000)
(-0.6954965000, 0.0955597800, 0.7121229000)
(-0.7079396000, 0.0865608800, 0.7009318000)
(-0.7260095000, 0.0903178500, 0.6817105000)
(-0.7297196000, 0.0836052700, 0.6786114000)
(-0.7273725000, 0.0896896100, 0.6803427000)
(-0.7221068000, 0.0887839500, 0.6860428000)
(-0.7194963000, 0.0889257900, 0.6887692000)
(-0.7174433000, 0.0863914400, 0.6912294000)
(-0.7078788000, 0.0903724200, 0.7005162000)
(-0.7053853000, 0.0896109600, 0.7031238000)
(-0.6940302000, 0.0885048100, 0.7144738000)
(-0.6968395000, 0.0878205300, 0.7118149000)
(-0.6941717000, 0.0914662600, 0.7139670000)
(-0.6863504000, 0.0922241700, 0.7213752000)
(-0.6846871000, 0.0898621500, 0.7232540000)
(-0.6796147000, 0.0936738800, 0.7275524000)
(-0.6743566000, 0.1056199000, 0.7307977000)
(-0.6639271000, 0.1055113000, 0.7402934000)
(-0.6615645000, 0.1046966000, 0.7425237000)
(-0.6583642000, 0.1040855000, 0.7454506000)
(-0.6566345000, 0.1115412000, 0.7458942000)
(-0.6457581000, 0.1197668000, 0.7540720000)
(-0.6440969000, 0.1202521000, 0.7554126000)
(-0.6427525000, 0.1162759000, 0.7571894000)
(-0.6373281000, 0.1196340000, 0.7612398000)
(-0.6346635000, 0.1165048000, 0.7639419000)
(-0.6361467000, 0.1194463000, 0.7622564000)
(-0.6271563000, 0.1186866000, 0.7697839000)
(-0.6234668000, 0.1211895000, 0.7723899000)
(-0.6149811000, 0.1143897000, 0.7801836000)
(-0.6183733000, 0.1138637000, 0.7775820000)
(-0.6204242000, 0.1111849000, 0.7763320000)
(-0.6139330000, 0.1119830000, 0.7813717000)
(-0.6016553000, 0.1167919000, 0.7901608000)
(-0.5993602000, 0.1156157000, 0.7920679000)
(-0.5957866000, 0.1201312000, 0.7940999000)
(-0.5911431000, 0.1237778000, 0.7969981000)
(-0.5892721000, 0.1217015000, 0.7986950000)
(-0.5882289000, 0.1226557000, 0.7993289000)
(-0.5817870000, 0.1236106000, 0.8038750000)
(-0.5814943000, 0.1215036000, 0.8044078000)
(-0.5750647000, 0.1267546000, 0.8082269000)
(-0.5708627000, 0.1295608000, 0.8107422000)
(-0.5667039000, 0.1287050000, 0.8137953000)
(-0.5647668000, 0.1279196000, 0.8152617000)
(-0.5554338000, 0.1354856000, 0.8204305000)
(-0.5517764000, 0.1364246000, 0.8227482000)
(-0.5452170000, 0.1408064000, 0.8263671000)
(-0.5378063000, 0.1369908000, 0.8318460000)
(-0.5313178000, 0.1413705000, 0.8352827000)
(-0.5268410000, 0.1413493000, 0.8381224000)
(-0.5241323000, 0.1380746000, 0.8403558000)
(-0.5198726000, 0.1341425000, 0.8436261000)
(-0.5106347000, 0.1396508000, 0.8483776000)
(-0.5063366000, 0.1404983000, 0.8508115000)
(-0.5060688000, 0.1415353000, 0.8507981000)
(-0.4990740000, 0.1444353000, 0.8544253000)
(-0.4926672000, 0.1469398000, 0.8577133000)
(-0.5106797000, 0.1422320000, 0.8479229000)
(-0.5500441000, 0.1299471000, 0.8249569000)
(-0.6335838000, 0.0825898500, 0.7692440000)
(-0.6603366000, 0.0852203700, 0.7461044000)
(-0.6992221000, 0.0699400000, 0.7114598000)
(-0.7393749000, 0.0408875900, 0.6720269000)
(-0.7476841000, 0.0397790000, 0.6628530000)
(-0.7492518000, 0.0474887900, 0.6605707000)
(-0.7453279000, 0.0350346300, 0.6657474000)
(-0.7439368000, 0.0380681100, 0.6671445000)
(-0.7414337000, 0.0409249700, 0.6697516000)
(-0.7382979000, 0.0449694700, 0.6729636000)
(-0.7377511000, 0.0442488600, 0.6736052000)
(-0.7317784000, 0.0460695300, 0.6799672000)
(-0.7285522000, 0.0503617100, 0.6831246000)
(-0.7277136000, 0.0482865800, 0.6841580000)
(-0.7266080000, 0.0493670500, 0.6852689000)
(-0.7217269000, 0.0530226500, 0.6901293000)
(-0.7199611000, 0.0569462900, 0.6916515000)
(-0.7142509000, 0.0563093100, 0.6976033000)
(-0.7066901000, 0.0593506200, 0.7050194000)
(-0.7049225000, 0.0661317900, 0.7061857000)
(-0.7026533000, 0.0614344600, 0.7088577000)
(-0.6938723000, 0.0812518000, 0.7154907000)
(-0.6937038000, 0.0772278200, 0.7160984000)
(-0.6917408000, 0.0752269900, 0.7182010000)
(-0.6829187000, 0.0826566400, 0.7257946000)
(-0.6759650000, 0.0870562900, 0.7317598000)
(-0.6768795000, 0.0818347500, 0.7315172000)
(-0.6718042000, 0.0855127900, 0.7357585000)
(-0.6681938000, 0.0799578600, 0.7396632000)
(-0.6584755000, 0.0890518800, 0.7473063000)
(-0.6555182000, 0.0976042700, 0.7488354000)
(-0.6515546000, 0.0930048700, 0.7528626000)
(-0.6479097000, 0.0897074900, 0.7564024000)
(-0.6411607000, 0.0884402100, 0.7622790000)
(-0.6411398000, 0.0904703500, 0.7620665000)
(-0.6360762000, 0.0924557800, 0.7660565000)
(-0.6286563000, 0.0900246300, 0.7724470000)
(-0.6267163000, 0.0879320800, 0.7742505000)
(-0.6266086000, 0.0896404900, 0.7741474000)
(-0.6234705000, 0.0899414800, 0.7766432000)
(-0.6199012000, 0.0923489700, 0.7792043000)
(-0.6164573000, 0.0958234400, 0.7815343000)
(-0.6081554000, 0.0969208400, 0.7878678000)
(-0.6074477000, 0.1006830000, 0.7879509000)
(-0.6050003000, 0.0973953800, 0.7902307000)
(-0.5971283000, 0.1075136000, 0.7948998000)
(-0.5920767000, 0.1061359000, 0.7988577000)
(-0.5822270000, 0.1151036000, 0.8048174000)
(-0.5789623000, 0.1149628000, 0.8071965000)
(-0.5768204000, 0.1127270000, 0.8090454000)
(-0.5727517000, 0.1158404000, 0.8114846000)
(-0.5668961000, 0.1163738000, 0.8155100000)
(-0.5658236000, 0.1132338000, 0.8167013000)
(-0.5631846000, 0.1138369000, 0.8184478000)
(-0.5545936000, 0.1234047000, 0.8229064000)
(-0.5532531000, 0.1206808000, 0.8242112000)
(-0.5463532000, 0.1197613000, 0.8289310000)
(-0.5405933000, 0.1272300000, 0.8316060000)
(-0.5377128000, 0.1252120000, 0.8337722000)
(-0.5346986000, 0.1279134000, 0.8352995000)
(-0.5293707000, 0.1291626000, 0.8384895000)
(-0.5248623000, 0.1261101000, 0.8417897000)
(-0.5216223000, 0.1270756000, 0.8436469000)
(-0.5122418000, 0.1292008000, 0.8490489000)
(-0.5118365000, 0.1327963000, 0.8487456000)
(-0.5115200000, 0.1278641000, 0.8496870000)
(-0.5066858000, 0.1262120000, 0.8528335000)
(-0.5031107000, 0.1299139000, 0.8543964000)
(-0.4988475000, 0.1364113000, 0.8558841000)
(-0.4911524000, 0.1312602000, 0.8611163000)
(-0.4890003000, 0.1309739000, 0.8623904000)
(-0.4839333000, 0.1299564000, 0.8653910000)
(-0.4743111000, 0.1447258000, 0.8683696000)
(-0.4733147000, 0.1443617000, 0.8689658000)
(-0.4714168000, 0.1391398000, 0.8708571000)
(-0.4664545000, 0.1425924000, 0.8729695000)
(-0.4645234000, 0.1444272000, 0.8736923000)
(-0.4591081000, 0.1442875000, 0.8765727000)
(-0.4532312000, 0.1465608000, 0.8792552000)
(-0.4495966000, 0.1431019000, 0.8816850000)
(-0.4464709000, 0.1415725000, 0.8835142000)
(-0.4332489000, 0.1394858000, 0.8904096000)
(-0.4332755000, 0.1391827000, 0.8904305000)
(-0.4515405000, 0.1360390000, 0.8818024000)
(-0.5310215000, 0.0908159600, 0.8424660000)
(-0.5611315000, 0.0807095800, 0.8237644000)
(-0.5897342000, 0.0718247800, 0.8043879000)
(-0.6138644000, 0.0840125600, 0.7849125000)
(-0.6281787000, 0.0755424400, 0.7743766000)
(-0.6191236000, 0.0764329400, 0.7815455000)
(-0.6201881000, 0.0830547400, 0.7800365000)
(-0.6139332000, 0.0814771200, 0.7851279000)
(-0.6150692000, 0.0777817100, 0.7846255000)
(-0.6118081000, 0.0772004600, 0.7872178000)
(-0.6104078000, 0.0777308000, 0.7882599000)
(-0.6083362000, 0.0738462100, 0.7902139000)
(-0.6036372000, 0.0802937700, 0.7931957000)
(-0.6004250000, 0.0786940400, 0.7957817000)
(-0.5961182000, 0.0770960700, 0.7991701000)
(-0.5929666000, 0.0762868200, 0.8015876000)
(-0.5930857000, 0.0775030900, 0.8013845000)
(-0.5869324000, 0.0821180300, 0.8054409000)
(-0.5814385000, 0.0772640200, 0.8099056000)
(-0.5831981000, 0.0755063100, 0.8088040000)
(-0.5744630000, 0.0814588700, 0.8144463000)
(-0.5685512000, 0.0864309600, 0.8180881000)
(-0.5628830000, 0.0895687400, 0.8216612000)
(-0.5626893000, 0.0926099700, 0.8214511000)
(-0.5538263000, 0.0934166800, 0.8273581000)
(-0.5570639000, 0.0914830300, 0.8254099000)
(-0.5478268000, 0.0931524600, 0.8313861000)
(-0.5429298000, 0.0973261500, 0.8341140000)
(-0.5331501000, 0.1047271000, 0.8394955000)
(-0.5333382000, 0.1084413000, 0.8389100000)
(-0.5309364000, 0.1062160000, 0.8407201000)
(-0.5285881000, 0.1098999000, 0.8417216000)
(-0.5272326000, 0.1102105000, 0.8425241000)
(-0.5198959000, 0.1079292000, 0.8473760000)
(-0.5164798000, 0.1121155000, 0.8489203000)
(-0.5148005000, 0.1121622000, 0.8499272000)
(-0.5089976000, 0.1166349000, 0.8528255000)
(-0.5066468000, 0.1105487000, 0.8550205000)
(-0.4987735000, 0.1138532000, 0.8592049000)
(-0.4991116000, 0.1164130000, 0.8586714000)
(-0.4951299000, 0.1149937000, 0.8611703000)
(-0.4924582000, 0.1141311000, 0.8628079000)
(-0.4865299000, 0.1093336000, 0.8667865000)
(-0.4873680000, 0.1169134000, 0.8653312000)
(-0.4835197000, 0.1142086000, 0.8678327000)
(-0.4760539000, 0.1122246000, 0.8722214000)
(-0.4778989000, 0.1207494000, 0.8700603000)
(-0.4747721000, 0.1129775000, 0.8728089000)
(-0.4685297000, 0.1208744000, 0.8751278000)
(-0.4625576000, 0.1207834000, 0.8783110000)
(-0.4586586000, 0.1196490000, 0.8805125000)
(-0.4910545000, 0.0899697000, 0.8664640000)
(-0.5352125000, 0.0762875400, 0.8412495000)
(-0.5639162000, 0.0674977900, 0.8230596000)
(-0.6375812000, 0.0207852400, 0.7700905000)
(-0.6546351000, 0.0123386500, 0.7558335000)
(-0.6834787000, -0.0080504150, 0.7299117000)
(-0.7174100000, -0.0202184600, 0.6963509000)
(-0.7337024000, -0.0220141500, 0.6791037000)
(-0.7467540000, -0.0420337000, 0.6637625000)
(-0.7587070000, -0.0529250400, 0.6492625000)
(-0.7551798000, -0.0580437200, 0.6529164000)
(-0.7543147000, -0.0530984100, 0.6543444000)
(-0.7510200000, -0.0520580300, 0.6582075000)
(-0.7482856000, -0.0462178600, 0.6617468000)
(-0.7488641000, -0.0451445000, 0.6611558000)
(-0.7447379000, -0.0413492500, 0.6660660000)
(-0.7357726000, -0.0361200300, 0.6762518000)
(-0.7316369000, -0.0328166400, 0.6808920000)
(-0.7261275000, -0.0303543500, 0.6868830000)
(-0.7267087000, -0.0233722900, 0.6865324000)
(-0.7267428000, -0.0232767900, 0.6864969000)
(-0.7226599000, -0.0226794000, 0.6908096000)
(-0.7196691000, -0.0223823700, 0.6939269000)
(-0.7159655000, -0.0170566200, 0.6979134000)
(-0.7141525000, -0.0203000500, 0.6996805000)
(-0.7116007000, -0.0165901700, 0.7023713000)
(-0.7112139000, -0.0168099000, 0.7027546000)
(-0.6976004000, -0.0181153500, 0.7162346000)
(-0.6961595000, -0.0185061900, 0.7176266000)
(-0.6934977000, -0.0134638700, 0.7203202000)
(-0.6879130000, -0.0157873300, 0.7256128000)
(-0.6852486000, -0.0119516600, 0.7282035000)
(-0.6807947000, -0.0136203600, 0.7323295000)
(-0.6716387000, -0.0122499500, 0.7407570000)
(-0.6703349000, -0.0115348600, 0.7419617000)
(-0.6679758000, -0.0068745010, 0.7441303000)
(-0.6625246000, 0.0084267590, 0.7489820000)
(-0.6613648000, -0.0007240893, 0.7500579000)
(-0.6656936000, 0.0155674500, 0.7460427000)
(-0.6498164000, -0.0034796780, 0.7600622000)
(-0.6538555000, 0.0154821000, 0.7564563000)
(-0.6426283000, 0.0132117300, 0.7660592000)
(-0.6499912000, 0.0199770300, 0.7596601000)
(-0.6445604000, 0.0167666300, 0.7643584000)
(-0.6372745000, 0.0157265600, 0.7704731000)
(-0.6330712000, 0.0222104700, 0.7737534000)
(-0.6279587000, 0.0250209700, 0.7778272000)
(-0.6248534000, 0.0207767200, 0.7804608000)
(-0.6211405000, 0.0260028800, 0.7832537000)
(-0.6102169000, 0.0284710300, 0.7917134000)
(-0.6089724000, 0.0263634900, 0.7927358000)
(-0.6010945000, 0.0310724200, 0.7985584000)
(-0.5980125000, 0.0270072900, 0.8010233000)
(-0.5948060000, 0.0271558600, 0.8034025000)
(-0.6405337000, 0.0368859700, 0.7670366000)
(-0.6671901000, 0.0347585300, 0.7440608000)
(-0.6930890000, 0.0409035200, 0.7196758000)
(-0.7197592000, 0.0457952700, 0.6926868000)
(-0.7302677000, 0.0562080900, 0.6808238000)
(-0.7336207000, 0.0571833900, 0.6771352000)
(-0.7246848000, 0.0542633500, 0.6869269000)
(-0.7250564000, 0.0543110700, 0.6865293000)
(-0.7220380000, 0.0526436000, 0.6898382000)
(-0.7209296000, 0.0546251400, 0.6908391000)
(-0.7173241000, 0.0556794000, 0.6945056000)
(-0.7173949000, 0.0616937400, 0.6939210000)
(-0.7147181000, 0.0647546200, 0.6963913000)
(-0.7129188000, 0.0622751600, 0.6984675000)
(-0.7074254000, 0.0650704400, 0.7037727000)
(-0.7040433000, 0.0684552300, 0.7068391000)
(-0.7010011000, 0.0650089800, 0.7101806000)
(-0.6972378000, 0.0688535900, 0.7135211000)
(-0.6920617000, 0.0646534900, 0.7189107000)
(-0.6887446000, 0.0680996700, 0.7217925000)
(-0.6862233000, 0.0758288300, 0.7234173000)
(-0.6786716000, 0.0761889900, 0.7304695000)
(-0.6760058000, 0.0776336900, 0.7327893000)
(-0.6712961000, 0.0791395400, 0.7369365000)
(-0.6681792000, 0.0816506500, 0.7395058000)
(-0.6645625000, 0.0850306700, 0.7423734000)
(-0.6639361000, 0.0905994900, 0.7422673000)
(-0.6586540000, 0.0901817700, 0.7470168000)
(-0.6569814000, 0.0909924000, 0.7483900000)
(-0.6520697000, 0.0950588400, 0.7521674000)
(-0.6419564000, 0.0986366000, 0.7603635000)
(-0.6404283000, 0.0913221100, 0.7625557000)
(-0.6378762000, 0.0906697200, 0.7647774000)
(-0.6337242000, 0.0940715100, 0.7677995000)
(-0.6273222000, 0.0959132200, 0.7728204000)
(-0.6191019000, 0.0966849000, 0.7793173000)
(-0.6173856000, 0.0994435200, 0.7803419000)
(-0.6209128000, 0.0961102600, 0.7779595000)
(-0.6174883000, 0.0989951900, 0.7803180000)
(-0.6144430000, 0.0974563600, 0.7829086000)
(-0.6104785000, 0.0936063700, 0.7864637000)
(-0.6059550000, 0.0978604700, 0.7894456000)
(-0.5996919000, 0.1009713000, 0.7938244000)
(-0.5983962000, 0.1017019000, 0.7947041000)
(-0.5943214000, 0.1017406000, 0.7977602000)
(-0.5933754000, 0.1027736000, 0.7983224000)
(-0.5889736000, 0.1078782000, 0.8009089000)
(-0.5866877000, 0.1104313000, 0.8022313000)
(-0.5772734000, 0.1059749000, 0.8096415000)
(-0.5789731000, 0.1115321000, 0.8076690000)
(-0.5748488000, 0.1139796000, 0.8102796000)
(-0.5715405000, 0.1121051000, 0.8128695000)
(-0.5657235000, 0.1113118000, 0.8170386000)
(-0.5577640000, 0.1187625000, 0.8214378000)
(-0.5514402000, 0.1168382000, 0.8259858000)
(-0.5493213000, 0.1189935000, 0.8270890000)
(-0.5486896000, 0.1194481000, 0.8274371000)
(-0.5442250000, 0.1181503000, 0.8305585000)
(-0.5406940000, 0.1171190000, 0.8330112000)
(-0.5359972000, 0.1172451000, 0.8360336000)
(-0.5303367000, 0.1216679000, 0.8389975000)
(-0.5278223000, 0.1231781000, 0.8403590000)
(-0.5341814000, 0.1242073000, 0.8361799000)
(-0.6053531000, 0.0927437300, 0.7905154000)
(-0.6351301000, 0.0870893600, 0.7674710000)
(-0.6617638000, 0.0668997900, 0.7467127000)
(-0.7132162000, 0.0466120800, 0.6993840000)
(-0.7263596000, 0.0231799300, 0.6868988000)
(-0.7388998000, 0.0303474300, 0.6731132000)
(-0.7380282000, 0.0278069100, 0.6741912000)
(-0.7406351000, 0.0380799400, 0.6708195000)
(-0.7377371000, 0.0370080200, 0.6740683000)
(-0.7317851000, 0.0314909100, 0.6807994000)
(-0.7324271000, 0.0228429400, 0.6804510000)
(-0.7270584000, 0.0286937500, 0.6859527000)
(-0.7195699000, 0.0305842500, 0.6937265000)
(-0.7201313000, 0.0311780600, 0.6931156000)
(-0.7192310000, 0.0412020400, 0.6935347000)
(-0.7137325000, 0.0378675000, 0.6993709000)
(-0.7116886000, 0.0461406400, 0.7009614000)
(-0.7065685000, 0.0521625900, 0.7056968000)
(-0.7062286000, 0.0567311600, 0.7056914000)
(-0.6987304000, 0.0589353000, 0.7129462000)
(-0.6985869000, 0.0624920500, 0.7127707000)
(-0.6903620000, 0.0602441200, 0.7209263000)
(-0.6887168000, 0.0636736500, 0.7222123000)
(-0.6845773000, 0.0629254600, 0.7262124000)
(-0.6756069000, 0.0666075400, 0.7342370000)
(-0.6704053000, 0.0592987800, 0.7396101000)
(-0.6657579000, 0.0689263300, 0.7429710000)
(-0.6605721000, 0.0696048400, 0.7475154000)
(-0.6577972000, 0.0678387600, 0.7501286000)
(-0.6550721000, 0.0733147900, 0.7519991000)
(-0.6541961000, 0.0793959500, 0.7521284000)
(-0.6477749000, 0.0825227900, 0.7573411000)
(-0.6413445000, 0.0811019300, 0.7629368000)
(-0.6350049000, 0.0853625200, 0.7677585000)
(-0.6278594000, 0.0889871900, 0.7732194000)
(-0.6265161000, 0.0920420400, 0.7739401000)
(-0.6186997000, 0.0898151000, 0.7804650000)
(-0.6161630000, 0.0894631100, 0.7825060000)
(-0.6135052000, 0.0926744700, 0.7842299000)
(-0.6072948000, 0.0925751500, 0.7890458000)
(-0.6048205000, 0.0873056400, 0.7915475000)
(-0.6024829000, 0.0926861200, 0.7927158000)
(-0.5975480000, 0.0904013600, 0.7967022000)
(-0.5933752000, 0.0872920900, 0.8001695000)
(-0.5914294000, 0.0875958900, 0.8015683000)
(-0.5821100000, 0.0938565300, 0.8076684000)
(-0.5808156000, 0.0930115800, 0.8086959000)
(-0.5793353000, 0.0929955400, 0.8097598000)
(-0.5734655000, 0.0940242000, 0.8138069000)
(-0.5745920000, 0.0943313300, 0.8129739000)
(-0.5700497000, 0.0941053100, 0.8161852000)
(-0.5624600000, 0.1022312000, 0.8204640000)
(-0.5576471000, 0.1027205000, 0.8236900000)
(-0.5555503000, 0.1030301000, 0.8250607000)
(-0.5531980000, 0.0993625800, 0.8270841000)
(-0.5525312000, 0.1035483000, 0.8270180000)
(-0.5458372000, 0.1055456000, 0.8312089000)
(-0.5406153000, 0.1084539000, 0.8342457000)
(-0.5381774000, 0.1087661000, 0.8357787000)
(-0.5350510000, 0.1096443000, 0.8376577000)
(-0.5322869000, 0.1113123000, 0.8392112000)
(-0.5263739000, 0.1129439000, 0.8427030000)
(-0.5262902000, 0.1206789000, 0.8416845000)
(-0.5171618000, 0.1111079000, 0.8486278000)
(-0.5104171000, 0.1108051000, 0.8527397000)
(-0.5084375000, 0.1166110000, 0.8531484000)
(-0.5048630000, 0.1137835000, 0.8556568000)
(-0.5039561000, 0.1187600000, 0.8555167000)
(-0.5024184000, 0.1189756000, 0.8563918000)
(-0.4972521000, 0.1196144000, 0.8593100000)
(-0.4967660000, 0.1229315000, 0.8591310000)
(-0.4931048000, 0.1262352000, 0.8607582000)
(-0.4864063000, 0.1204928000, 0.8653752000)
(-0.4848332000, 0.1208734000, 0.8662008000)
(-0.4956409000, 0.1193108000, 0.8602766000)
(-0.5670008000, 0.0869189600, 0.8191104000)
(-0.5874488000, 0.0823797700, 0.8050502000)
(-0.6210337000, 0.0714447300, 0.7805129000)
(-0.6771947000, 0.0393831700, 0.7347279000)
(-0.6956106000, 0.0313287600, 0.7177265000)
(-0.7055919000, 0.0255607800, 0.7081434000)
(-0.7057531000, 0.0388265300, 0.7073859000)
(-0.7057577000, 0.0369155700, 0.7074716000)
(-0.7009792000, 0.0383049200, 0.7121328000)
(-0.6975546000, 0.0406206200, 0.7153763000)
(-0.6980754000, 0.0410090100, 0.7148373000)
(-0.6932365000, 0.0437466800, 0.7193698000)
(-0.6904542000, 0.0459587200, 0.7219084000)
(-0.6909488000, 0.0484684300, 0.7212608000)
(-0.6903574000, 0.0496783800, 0.7217510000)
(-0.6839460000, 0.0481088100, 0.7279260000)
(-0.6808959000, 0.0425400700, 0.7311339000)
(-0.6790308000, 0.0454418200, 0.7326849000)
(-0.6721799000, 0.0464363700, 0.7389172000)
(-0.6679836000, 0.0477813300, 0.7426310000)
(-0.6650347000, 0.0438688900, 0.7455005000)
(-0.6620809000, 0.0434870200, 0.7481487000)
(-0.6609878000, 0.0447903500, 0.7490512000)
(-0.6566863000, 0.0469585900, 0.7526814000)
(-0.6520422000, 0.0523100300, 0.7563654000)
(-0.6509664000, 0.0502365800, 0.7574261000)
(-0.6470429000, 0.0514225500, 0.7606997000)
(-0.6320854000, 0.0644074100, 0.7722080000)
(-0.6350233000, 0.0630203300, 0.7699010000)
(-0.6237975000, 0.0706075400, 0.7783820000)
(-0.6213025000, 0.0714903100, 0.7802896000)
(-0.6205992000, 0.0761499300, 0.7804183000)
(-0.6163230000, 0.0744890300, 0.7839527000)
(-0.6080880000, 0.0798857700, 0.7898188000)
(-0.6050941000, 0.0791057100, 0.7922078000)
(-0.6050240000, 0.0816629700, 0.7919998000)
(-0.5976276000, 0.0721340800, 0.7985041000)
(-0.5979298000, 0.0751719400, 0.7979980000)
(-0.5939932000, 0.0763878400, 0.8008134000)
(-0.5876731000, 0.0749936600, 0.8056020000)
(-0.5884692000, 0.0721285600, 0.8052909000)
(-0.5847767000, 0.0759778500, 0.8076220000)
(-0.5805752000, 0.0797609900, 0.8102772000)
(-0.5776439000, 0.0789318000, 0.8124622000)
(-0.5717703000, 0.0772771400, 0.8167551000)
(-0.5714146000, 0.0810567100, 0.8166322000)
(-0.5674759000, 0.0820311800, 0.8192898000)
(-0.5620065000, 0.0855511800, 0.8226942000)
(-0.5557171000, 0.0860602300, 0.8268958000)
(-0.5509069000, 0.0806225400, 0.8306609000)
(-0.5500736000, 0.0879669700, 0.8304634000)
(-0.5441388000, 0.0877503700, 0.8343908000)
(-0.5390194000, 0.0926969500, 0.8371612000)
(-0.5416881000, 0.0908306400, 0.8356453000)
(-0.5343764000, 0.0938421300, 0.8400037000)
(-0.5337300000, 0.0899067100, 0.8408561000)
(-0.5266026000, 0.0893075800, 0.8454014000)
(-0.5202438000, 0.0952845200, 0.8486794000)
(-0.5158344000, 0.0978627700, 0.8510595000)
(-0.5165298000, 0.0980105000, 0.8506293000)
(-0.5085704000, 0.1064288000, 0.8544106000)
(-0.5082917000, 0.1035879000, 0.8549145000)
(-0.5021111000, 0.1044910000, 0.8584576000)
(-0.4941701000, 0.1074856000, 0.8626820000)
(-0.4930852000, 0.1185767000, 0.8618461000)
(-0.4976812000, 0.1008005000, 0.8614675000)
(-0.5657831000, 0.0647537200, 0.8219889000)
(-0.5947477000, 0.0616172900, 0.8015274000)
(-0.6157742000, 0.0726027000, 0.7845625000)
(-0.6744628000, 0.0460106800, 0.7368572000)
(-0.6920046000, 0.0410652100, 0.7207130000)
(-0.7027453000, 0.0244841100, 0.7109950000)
(-0.6794506000, 0.0381835000, 0.7327155000)
(-0.6820108000, 0.0407144700, 0.7301931000)
(-0.6905644000, 0.0446076800, 0.7218692000)
(-0.6795235000, 0.0498682000, 0.7319524000)
(-0.6828085000, 0.0569048600, 0.7283664000)
(-0.6794558000, 0.0447422900, 0.7323434000)
(-0.6748009000, 0.0521496600, 0.7361395000)
(-0.6706033000, 0.0614478200, 0.7392448000)
(-0.6671443000, 0.0587113800, 0.7426015000)
(-0.6539608000, 0.0637452400, 0.7538243000)
(-0.6549243000, 0.0631422200, 0.7530464000)
(-0.6496425000, 0.0698790600, 0.7570157000)
(-0.6415848000, 0.0732788900, 0.7635331000)
(-0.6381245000, 0.0745970800, 0.7663012000)
(-0.6374835000, 0.0697153100, 0.7672926000)
(-0.6285837000, 0.0762289800, 0.7739879000)
(-0.6272570000, 0.0803156900, 0.7746539000)
(-0.6205552000, 0.0804089000, 0.7800266000)
(-0.6193678000, 0.0788078600, 0.7811313000)
(-0.6151631000, 0.0758697200, 0.7847332000)
(-0.6149982000, 0.0815227000, 0.7842900000)
(-0.6068781000, 0.0790168900, 0.7908539000)
(-0.6031578000, 0.0771400800, 0.7938676000)
(-0.6024399000, 0.0788878800, 0.7942448000)
(-0.5919642000, 0.0783693700, 0.8021373000)
(-0.5914007000, 0.0798596000, 0.8024116000)
(-0.5903900000, 0.0767601100, 0.8034454000)
(-0.5794621000, 0.0815552000, 0.8109033000)
(-0.5796822000, 0.0800960400, 0.8108878000)
(-0.5759600000, 0.0799894600, 0.8135374000)
(-0.5704504000, 0.0829198200, 0.8171185000)
(-0.5682988000, 0.0855519500, 0.8183431000)
(-0.5635319000, 0.0830229200, 0.8218928000)
(-0.5795566000, 0.0753483300, 0.8114381000)
(-0.6324220000, 0.0368470500, 0.7737263000)
(-0.6552133000, 0.0188295000, 0.7551931000)
(-0.6979917000, 0.0077278200, 0.7160500000)
(-0.7141573000, -0.0014947310, 0.6999573000)
(-0.7085940000, -0.0018439130, 0.7055869000)
(-0.7014980000, 0.0083149630, 0.7126085000)
(-0.6973243000, 0.0057827420, 0.7167181000)
(-0.6994047000, 0.0078726510, 0.7146668000)
(-0.6944146000, 0.0089586460, 0.7194996000)
(-0.6924475000, 0.0136974900, 0.7213179000)
(-0.6891406000, 0.0169607900, 0.7244194000)
(-0.6813121000, 0.0188125400, 0.7317476000)
(-0.6820776000, 0.0191533400, 0.7310161000)
(-0.6795941000, 0.0177589800, 0.7333482000)
(-0.6736862000, 0.0181278300, 0.7387735000)
(-0.6706603000, 0.0239960600, 0.7413698000)
(-0.6677203000, 0.0235705800, 0.7440346000)
(-0.6680491000, 0.0205348100, 0.7438176000)
(-0.6608706000, 0.0167408200, 0.7502957000)
(-0.6536983000, 0.0172323700, 0.7565358000)
(-0.6513781000, 0.0250438400, 0.7583345000)
(-0.6471640000, 0.0238543500, 0.7619619000)
(-0.6446629000, 0.0247558600, 0.7640442000)
(-0.6349904000, 0.0217601700, 0.7721975000)
(-0.6309839000, 0.0287282200, 0.7752425000)
(-0.6262652000, 0.0264146200, 0.7791549000)
(-0.6226256000, 0.0225953000, 0.7821879000)
(-0.6187556000, 0.0349961600, 0.7847923000)
(-0.6136995000, 0.0322837200, 0.7888687000)
(-0.6110141000, 0.0315234100, 0.7909845000)
(-0.6049250000, 0.0269262400, 0.7958063000)
(-0.6095926000, 0.0337791600, 0.7919822000)
(-0.5937749000, 0.0317723900, 0.8039916000)
(-0.5948640000, 0.0382062700, 0.8029104000)
(-0.5939659000, 0.0302010600, 0.8039162000)
(-0.5872488000, 0.0420742900, 0.8082973000)
(-0.5821121000, 0.0410256900, 0.8120634000)
(-0.5793813000, 0.0455516200, 0.8137714000)
(-0.5810249000, 0.0460245600, 0.8125796000)
(-0.5748884000, 0.0484196400, 0.8167942000)
(-0.5684096000, 0.0483597200, 0.8213164000)
(-0.5581784000, 0.0523594700, 0.8280454000)
(-0.5762356000, 0.0446068100, 0.8160591000)
(-0.6010706000, 0.0627559600, 0.7967113000)
(-0.6448373000, 0.0336608500, 0.7635690000)
(-0.6687177000, 0.0301897200, 0.7429025000)
(-0.6837637000, 0.0203969400, 0.7294005000)
(-0.7220741000, 0.0034694180, 0.6917861000)
(-0.7293180000, 0.0062659720, 0.6841256000)
(-0.7324245000, 0.0128533000, 0.6807223000)
(-0.7208931000, 0.0105743500, 0.6929500000)
(-0.7181243000, 0.0048061160, 0.6958861000)
(-0.7162591000, 0.0051238540, 0.6977924000)
(-0.7117123000, 0.0128408900, 0.7023344000)
(-0.7081212000, 0.0128340000, 0.7059700000)
(-0.7080104000, 0.0146368600, 0.7060359000)
(-0.7023802000, 0.0140976200, 0.7116390000)
(-0.7018461000, 0.0140535600, 0.7121794000)
(-0.6974064000, 0.0224059300, 0.7163075000)
(-0.6923034000, 0.0239479200, 0.7212043000)
(-0.6893503000, 0.0273118400, 0.7238911000)
(-0.6880895000, 0.0306574000, 0.7249648000)
(-0.6791818000, 0.0374537100, 0.7329959000)
(-0.6756186000, 0.0303864500, 0.7366118000)
(-0.6713251000, 0.0388300200, 0.7401265000)
(-0.6673026000, 0.0305343000, 0.7441432000)
(-0.6681085000, 0.0356613800, 0.7431934000)
(-0.6598737000, 0.0312886100, 0.7507014000)
(-0.6540841000, 0.0354743600, 0.7555823000)
(-0.6526983000, 0.0354263600, 0.7567687000)
(-0.6509752000, 0.0404531700, 0.7579969000)
(-0.6436525000, 0.0450440900, 0.7639760000)
(-0.6401368000, 0.0485088800, 0.7667128000)
(-0.6368710000, 0.0463137900, 0.7695596000)
(-0.6337131000, 0.0486556900, 0.7720165000)
(-0.6327344000, 0.0533818200, 0.7725185000)
(-0.6254086000, 0.0606729300, 0.7779267000)
(-0.6147468000, 0.0727217200, 0.7853462000)
(-0.6095623000, 0.0731672000, 0.7893478000)
(-0.6048950000, 0.0754665100, 0.7927143000)
(-0.5944481000, 0.0733127200, 0.8007802000)
(-0.5948794000, 0.0723828900, 0.8005270000)
(-0.5973264000, 0.0753151300, 0.7984518000)
(-0.5930635000, 0.0751818300, 0.8016168000)
(-0.5842088000, 0.0698037900, 0.8085878000)
(-0.5841404000, 0.0730497500, 0.8083459000)
(-0.5804360000, 0.0758150600, 0.8107601000)
(-0.5771526000, 0.0769121200, 0.8129976000)
(-0.5801126000, 0.0712600400, 0.8113986000)
(-0.5741540000, 0.0783801700, 0.8149868000)
(-0.5713906000, 0.0814128400, 0.8166216000)
(-0.5683847000, 0.0840121700, 0.8184580000)
(-0.5603359000, 0.0808380800, 0.8243017000)
(-0.5588627000, 0.0782949500, 0.8255529000)
(-0.5551289000, 0.0808673100, 0.8278138000)
(-0.5497730000, 0.0868918000, 0.8307761000)
(-0.5490732000, 0.0856529200, 0.8313580000)
(-0.5485228000, 0.0868269500, 0.8316011000)
(-0.5404813000, 0.0895594000, 0.8365740000)
(-0.5382525000, 0.0897544800, 0.8379791000)
(-0.5351537000, 0.0891074200, 0.8400229000)
(-0.5275788000, 0.0916380100, 0.8445336000)
(-0.5242913000, 0.0897905000, 0.8467731000)
(-0.5226583000, 0.0925647600, 0.8474923000)
(-0.5147318000, 0.0925685100, 0.8523184000)
(-0.5148912000, 0.0909692700, 0.8524139000)
(-0.5362200000, 0.0884517000, 0.8394223000)
(-0.5902913000, 0.0701616800, 0.8041248000)
(-0.6123239000, 0.0711777800, 0.7873830000)
(-0.6322481000, 0.0682705000, 0.7717318000)
(-0.6632940000, 0.0417315000, 0.7471758000)
(-0.6860203000, 0.0275770300, 0.7270439000)
(-0.6917453000, 0.0290079200, 0.7215430000)
(-0.6754967000, 0.0390623400, 0.7363067000)
(-0.6712067000, 0.0311189000, 0.7405934000)
(-0.6748767000, 0.0375040500, 0.7369529000)
(-0.6713727000, 0.0425199600, 0.7398750000)
(-0.6705400000, 0.0395555700, 0.7408093000)
(-0.6710122000, 0.0468754700, 0.7399477000)
(-0.6696585000, 0.0502351700, 0.7409570000)
(-0.6496200000, 0.0717302000, 0.7568457000)
(-0.6555237000, 0.0693834200, 0.7519754000)
(-0.6505194000, 0.0759219500, 0.7556721000)
(-0.6498170000, 0.0827147400, 0.7555568000)
(-0.6445664000, 0.0793698800, 0.7604111000)
(-0.6338661000, 0.0822114000, 0.7690401000)
(-0.6353446000, 0.0804967300, 0.7680010000)
(-0.6346365000, 0.0820754400, 0.7684250000)
(-0.6293905000, 0.0853165300, 0.7723874000)
(-0.6264918000, 0.0815230300, 0.7751347000)
(-0.6219527000, 0.0841134300, 0.7785160000)
(-0.6176552000, 0.0806626000, 0.7822943000)
(-0.6081935000, 0.0784125300, 0.7898954000)
(-0.6108031000, 0.0760543400, 0.7881021000)
(-0.6048183000, 0.0785752400, 0.7924710000)
(-0.6028391000, 0.0768332600, 0.7941395000)
(-0.6004749000, 0.0771853600, 0.7959056000)
(-0.6023949000, 0.0870181800, 0.7934315000)
(-0.5966626000, 0.0885933000, 0.7975787000)
(-0.5944472000, 0.0890350700, 0.7991852000)
(-0.5848252000, 0.0930418100, 0.8057955000)
(-0.5842836000, 0.1033640000, 0.8049276000)
(-0.5742283000, 0.1059536000, 0.8117986000)
(-0.5739442000, 0.1059511000, 0.8119960000)
(-0.5714836000, 0.1114453000, 0.8129966000)
(-0.5679450000, 0.1136933000, 0.8151574000)
(-0.5632204000, 0.1116785000, 0.8187090000)
(-0.5611019000, 0.1089463000, 0.8205399000)
(-0.5594136000, 0.1093369000, 0.8216335000)
(-0.5517040000, 0.1237660000, 0.8248002000)
(-0.5496638000, 0.1229122000, 0.8262770000)
(-0.5429599000, 0.1197107000, 0.8311742000)
(-0.5442113000, 0.1200217000, 0.8303003000)
(-0.5654190000, 0.1088857000, 0.8175827000)
(-0.5911587000, 0.1049991000, 0.7996753000)
(-0.6353027000, 0.0901423200, 0.7669755000)
(-0.6440079000, 0.0881252700, 0.7599207000)
(-0.6598899000, 0.0791673500, 0.7471714000)
(-0.7073699000, 0.0519125500, 0.7049236000)
(-0.7200586000, 0.0347675200, 0.6930228000)
(-0.7239398000, 0.0335017600, 0.6890284000)
(-0.7424126000, 0.0379114000, 0.6688654000)
(-0.7410246000, 0.0400979400, 0.6702600000)
(-0.7314619000, 0.0371679200, 0.6808642000)
(-0.7216704000, 0.0368211900, 0.6912487000)
(-0.7276611000, 0.0301058500, 0.6852688000)
(-0.7239682000, 0.0432592900, 0.6884632000)
(-0.7307890000, 0.0453497500, 0.6810889000)
(-0.7302808000, 0.0456565700, 0.6816116000)
(-0.7280737000, 0.0438666600, 0.6840724000)
(-0.7207968000, 0.0442760600, 0.6917198000)
(-0.7187389000, 0.0453915000, 0.6937757000)
(-0.7175677000, 0.0443374300, 0.6950558000)
(-0.7110567000, 0.0541164400, 0.7010252000)
(-0.7102603000, 0.0597845900, 0.7013929000)
(-0.7062404000, 0.0600283600, 0.7054036000)
(-0.6998728000, 0.0629683100, 0.7114687000)
(-0.6944683000, 0.0634331600, 0.7167000000)
(-0.6914231000, 0.0610617300, 0.7198426000)
(-0.6856179000, 0.0713939500, 0.7244284000)
(-0.6789334000, 0.0724525200, 0.7306002000)
(-0.6808251000, 0.0802073000, 0.7280241000)
(-0.6769283000, 0.0753471400, 0.7321693000)
(-0.6695149000, 0.0758993800, 0.7388970000)
(-0.6702451000, 0.0807482100, 0.7377247000)
(-0.6531947000, 0.0820942300, 0.7527179000)
(-0.6602651000, 0.0839788600, 0.7463012000)
(-0.6607943000, 0.0776141100, 0.7465258000)
(-0.6469634000, 0.0786134500, 0.7584366000)
(-0.6506232000, 0.0827306500, 0.7548764000)
(-0.6402327000, 0.0755938000, 0.7644321000)
(-0.6392334000, 0.0770798500, 0.7651353000)
(-0.6342741000, 0.0765781600, 0.7693040000)
(-0.6328265000, 0.0852337000, 0.7695816000)
(-0.6274958000, 0.0867356900, 0.7737634000)
(-0.6268101000, 0.0884905600, 0.7741089000)
(-0.6241347000, 0.0889113400, 0.7762233000)
(-0.6182130000, 0.0909666600, 0.7807186000)
(-0.6188907000, 0.0948748100, 0.7797145000)
(-0.6136077000, 0.0981052500, 0.7834881000)
(-0.6012133000, 0.1041970000, 0.7922497000)
(-0.5968699000, 0.1088647000, 0.7949076000)
(-0.5976219000, 0.1131337000, 0.7937462000)
(-0.5892809000, 0.1102334000, 0.8003656000)
(-0.5912882000, 0.1142810000, 0.7983030000)
(-0.5862567000, 0.1126187000, 0.8022498000)
(-0.5772535000, 0.1174773000, 0.8080564000)
(-0.5749202000, 0.1190082000, 0.8095033000)
(-0.5734810000, 0.1162268000, 0.8109128000)
(-0.5660354000, 0.1197655000, 0.8156210000)
(-0.5645851000, 0.1164382000, 0.8171121000)
(-0.5566574000, 0.1161467000, 0.8225681000)
(-0.5527610000, 0.1186323000, 0.8248472000)
(-0.5506648000, 0.1219057000, 0.8257583000)
(-0.5451078000, 0.1181135000, 0.8299952000)
(-0.5417584000, 0.1220722000, 0.8316211000)
(-0.5376673000, 0.1254123000, 0.8337604000)
(-0.5333022000, 0.1235750000, 0.8368356000)
(-0.5294421000, 0.1274795000, 0.8386956000)
(-0.5250643000, 0.1248862000, 0.8418354000)
(-0.5209225000, 0.1284940000, 0.8438591000)
(-0.5133790000, 0.1305431000, 0.8481671000)
(-0.5137276000, 0.1288092000, 0.8482112000)
(-0.5107080000, 0.1281385000, 0.8501328000)
(-0.5034698000, 0.1320143000, 0.8538477000)
(-0.5058402000, 0.1300133000, 0.8527572000)
(-0.5044553000, 0.1285573000, 0.8538085000)
(-0.5090795000, 0.1320833000, 0.8505173000)
(-0.5403495000, 0.1215584000, 0.8326078000)
(-0.5678781000, 0.1095188000, 0.8157883000)
(-0.5952893000, 0.0859690600, 0.7988937000)
(-0.6083483000, 0.0866611600, 0.7889165000)
(-0.6035255000, 0.0967130200, 0.7914436000)
(-0.6051418000, 0.0954829800, 0.7903687000)
(-0.5980597000, 0.1007095000, 0.7950938000)
(-0.6005835000, 0.1004302000, 0.7932179000)
(-0.5912879000, 0.1014746000, 0.8000345000)
(-0.5863945000, 0.1046083000, 0.8032248000)
(-0.5857145000, 0.1038967000, 0.8038155000)
(-0.5819666000, 0.1141713000, 0.8051405000)
(-0.5767310000, 0.1139459000, 0.8089309000)
(-0.5796750000, 0.1102874000, 0.8073398000)
(-0.5703527000, 0.1196422000, 0.8126291000)
(-0.5754381000, 0.1146631000, 0.8097634000)
(-0.5671584000, 0.1164517000, 0.8153139000)
(-0.5592773000, 0.1156534000, 0.8208542000)
(-0.5599242000, 0.1107992000, 0.8210862000)
(-0.5568299000, 0.1154501000, 0.8225602000)
(-0.5507637000, 0.1187867000, 0.8261597000)
(-0.5501992000, 0.1118607000, 0.8275053000)
(-0.5437983000, 0.1193838000, 0.8306687000)
(-0.5342985000, 0.1177820000, 0.8370391000)
(-0.5299317000, 0.1076367000, 0.8411610000)
(-0.5359796000, 0.1122759000, 0.8367239000)
(0.0000000000, 0.0000000000, 0.0000000000)
(0.0000000000, 0.0000000000, 0.0000000000)
(0.0000000000, 0.0000000000, 0.0000000000)
(0.0000000000, 0.0000000000, 0.0000000000)
(0.0000000000, 0.0000000000, 0.0000000000)
(0.0000000000, 0.0000000000, 0.0000000000)
(0.0000000000, 0.0000000000, 0.0000000000)
(0.0000000000, 0.0000000000, 0.0000000000)
(0.0000000000, 0.0000000000, 0.0000000000)
(0.0000000000, 0.0000000000, 0.0000000000)
(0.0000000000, 0.0000000000, 0.0000000000)
(0.0000000000, 0.0000000000, 0.0000000000)
(0.0000000000, 0.0000000000, 0.0000000000)
(0.0000000000, 0.0000000000, 0.0000000000)
(0.0000000000, 0.0000000000, 0.0000000000)
(0.0000000000, 0.0000000000, 0.0000000000)
(0.0000000000, 0.0000000000, 0.0000000000)
(0.0000000000, 0.0000000000, 0.0000000000)
(0.0000000000, 0.0000000000, 0.0000000000)
(0.0000000000, 0.0000000000, 0.0000000000)
(0.0000000000, 0.0000000000, 0.0000000000)
(0.0000000000, 0.0000000000, 0.0000000000)
(0.0000000000, 0.0000000000, 0.0000000000)
(0.0000000000, 0.0000000000, 0.0000000000)
(0.0000000000, 0.0000000000, 0.0000000000)
(0.0000000000, 0.0000000000, 0.0000000000)
(0.0000000000, 0.0000000000, 0.0000000000)
(-0.6260412000, 0.0282724100, 0.7792559000)
(-0.6233398000, 0.0376101700, 0.7810380000)
(-0.6232452000, 0.0441384800, 0.7807758000)
(-0.6036554000, 0.0514117700, 0.7955655000)
(-0.5989524000, 0.0563487500, 0.7987797000)
(-0.6156590000, 0.0198528000, 0.7877604000)
(-0.6158805000, 0.0417803500, 0.7867161000)
(-0.6190611000, 0.0508882800, 0.7836896000)
(-0.6080021000, 0.0747770000, 0.7903885000)
(-0.6143792000, 0.0252831000, 0.7886003000)
(-0.6331887000, 0.1468583000, 0.7599295000)
(-0.6112199000, 0.0660900400, 0.7886932000)
(-0.6178758000, 0.1266223000, 0.7759978000)
(-0.6137961000, 0.1132064000, 0.7812910000)
(-0.5965078000, 0.1092493000, 0.7951314000)
(-0.5898656000, 0.0915565200, 0.8022810000)
(-0.5802215000, 0.1047714000, 0.8076810000)
(-0.5848715000, 0.1139772000, 0.8030595000)
(-0.5714020000, 0.1129803000, 0.8128447000)
(-0.5755229000, 0.1100756000, 0.8103299000)
(-0.5980960000, 0.0729851400, 0.7980844000)
(-0.6537697000, 0.0701198800, 0.7534234000)
(-0.6368209000, 0.1017272000, 0.7642623000)
(-0.6932271000, 0.0822870700, 0.7159881000)
(-0.7201540000, 0.0735605300, 0.6898943000)
(-0.6641644000, 0.0635384000, 0.7448695000)
(-0.6713367000, 0.0713745100, 0.7376888000)
(-0.6610293000, 0.0610640000, 0.7478649000)
(-0.6818823000, 0.0682505100, 0.7282555000)
(-0.6882420000, 0.0821630400, 0.7208074000)
(-0.6862774000, 0.1042282000, 0.7198210000)
(-0.6770878000, 0.1158351000, 0.7267213000)
(-0.6712135000, 0.1171625000, 0.7319304000)
(-0.6609752000, 0.1141644000, 0.7416555000)
(-0.6645349000, 0.1171274000, 0.7380075000)
(-0.6599423000, 0.1288281000, 0.7401662000)
(-0.6485040000, 0.1152195000, 0.7524326000)
(-0.6551238000, 0.1317360000, 0.7439340000)
(-0.6546310000, 0.1291763000, 0.7448081000)
(-0.6494322000, 0.1299476000, 0.7492250000)
(-0.6486074000, 0.1229478000, 0.7511163000)
(-0.6483510000, 0.1280072000, 0.7504943000)
(-0.6387172000, 0.1245564000, 0.7592728000)
(-0.6305094000, 0.1186136000, 0.7670623000)
(-0.6315310000, 0.1273464000, 0.7648121000)
(-0.6191671000, 0.1247495000, 0.7752730000)
(-0.6090842000, 0.1283395000, 0.7826418000)
(-0.6076945000, 0.1294319000, 0.7835496000)
(-0.6008104000, 0.1297433000, 0.7887908000)
(-0.5996630000, 0.1348749000, 0.7887989000)
(-0.5983778000, 0.1364318000, 0.7894935000)
(-0.5913000000, 0.1281787000, 0.7961954000)
(-0.5863382000, 0.1278965000, 0.7998995000)
(-0.5818373000, 0.1316168000, 0.8025771000)
(-0.5894625000, 0.1432526000, 0.7949758000)
(-0.5884926000, 0.1399830000, 0.7962866000)
(-0.5828767000, 0.1435860000, 0.7997596000)
(-0.5804005000, 0.1571932000, 0.7990035000)
(-0.5789816000, 0.1493732000, 0.8015344000)
(-0.5720748000, 0.1483184000, 0.8066670000)
(-0.5822507000, 0.1603098000, 0.7970446000)
(-0.6095002000, 0.1612818000, 0.7761897000)
(-0.6091803000, 0.1784506000, 0.7726781000)
(-0.6089816000, 0.2060449000, 0.7659379000)
(-0.6081915000, 0.1980154000, 0.7686841000)
(-0.6113949000, 0.1894707000, 0.7682967000)
(-0.6041877000, 0.1935060000, 0.7729686000)
(-0.6028770000, 0.1928774000, 0.7741548000)
(-0.6094473000, 0.1875948000, 0.7703079000)
(-0.6024704000, 0.2005957000, 0.7725078000)
(-0.5951678000, 0.2050328000, 0.7769958000)
(-0.5851462000, 0.2111545000, 0.7829521000)
(-0.5822677000, 0.2095882000, 0.7855040000)
(-0.5787875000, 0.2092484000, 0.7881641000)
(-0.5779709000, 0.2078322000, 0.7891312000)
(-0.5716972000, 0.2071950000, 0.7938681000)
(-0.5738735000, 0.2082008000, 0.7920218000)
(-0.5730994000, 0.2036476000, 0.7937735000)
(-0.5671319000, 0.2106346000, 0.7962295000)
(-0.5655481000, 0.2145547000, 0.7963082000)
(-0.5591298000, 0.2092563000, 0.8022358000)
(-0.5541321000, 0.2170489000, 0.8036205000)
(-0.5521031000, 0.2163580000, 0.8052116000)
(-0.5499253000, 0.2121131000, 0.8078295000)
(-0.5395200000, 0.2174924000, 0.8133944000)
(-0.5372318000, 0.2141175000, 0.8157845000)
(-0.5327498000, 0.2235354000, 0.8162070000)
(-0.5312209000, 0.2149441000, 0.8195099000)
(-0.5303298000, 0.2160597000, 0.8197922000)
(-0.5294427000, 0.2210811000, 0.8190160000)
(-0.5603571000, 0.2167231000, 0.7993761000)
(-0.5798233000, 0.2064671000, 0.7881455000)
(-0.5933619000, 0.1923219000, 0.7816190000)
(-0.6277926000, 0.1960825000, 0.7532758000)
(-0.6281087000, 0.1910029000, 0.7543094000)
(-0.6370127000, 0.1963531000, 0.7454190000)
(-0.6270674000, 0.1954097000, 0.7540348000)
(-0.6232176000, 0.1992519000, 0.7562314000)
(-0.6186656000, 0.1879498000, 0.7628236000)
(-0.6232139000, 0.1871751000, 0.7593058000)
(-0.6199201000, 0.1931948000, 0.7605029000)
(-0.6148494000, 0.1838270000, 0.7669064000)
(-0.6117662000, 0.1937282000, 0.7669395000)
(-0.6052369000, 0.1943734000, 0.7719322000)
(-0.6014739000, 0.1945572000, 0.7748246000)
(-0.5988426000, 0.1846947000, 0.7792687000)
(-0.5940943000, 0.1863838000, 0.7824925000)
(-0.5936891000, 0.1883782000, 0.7823318000)
(-0.5874479000, 0.1918100000, 0.7861856000)
(-0.5815299000, 0.1998972000, 0.7885749000)
(-0.5769849000, 0.1949542000, 0.7931306000)
(-0.5776737000, 0.1899903000, 0.7938319000)
(-0.5713716000, 0.1884543000, 0.7987453000)
(-0.5652952000, 0.1954506000, 0.8013955000)
(-0.5589398000, 0.1935768000, 0.8062784000)
(-0.5535840000, 0.1919200000, 0.8103648000)
(-0.5565038000, 0.1928519000, 0.8081459000)
(-0.5575240000, 0.1933313000, 0.8073209000)
(-0.5568041000, 0.1944664000, 0.8075531000)
(-0.5479262000, 0.1916185000, 0.8142697000)
(-0.5444813000, 0.1986971000, 0.8148896000)
(-0.5410054000, 0.1923740000, 0.8187194000)
(-0.5330485000, 0.1998024000, 0.8221471000)
(-0.5231764000, 0.2025564000, 0.8278016000)
(-0.5220262000, 0.1975673000, 0.8297294000)
(-0.5451636000, 0.1924154000, 0.8159375000)
(-0.5815242000, 0.1916854000, 0.7906131000)
(-0.6155109000, 0.1793786000, 0.7674250000)
(-0.6216185000, 0.1828538000, 0.7616692000)
(-0.6493695000, 0.1724738000, 0.7406468000)
(-0.6428225000, 0.1777647000, 0.7450895000)
(-0.6470692000, 0.1613172000, 0.7451531000)
(-0.6442220000, 0.1607729000, 0.7477474000)
(-0.6371406000, 0.1613044000, 0.7536751000)
(-0.6328442000, 0.1716315000, 0.7550063000)
(-0.6300817000, 0.1834192000, 0.7545508000)
(-0.6190683000, 0.1864614000, 0.7628641000)
(-0.6207874000, 0.1831758000, 0.7622697000)
(-0.6093050000, 0.1757764000, 0.7731904000)
(-0.6093450000, 0.1831382000, 0.7714470000)
(-0.6080102000, 0.1804065000, 0.7731418000)
(-0.5997801000, 0.1821315000, 0.7791404000)
(-0.5996303000, 0.1796657000, 0.7798324000)
(-0.5940608000, 0.1809253000, 0.7837898000)
(-0.6002772000, 0.1810056000, 0.7790365000)
(-0.5955370000, 0.1813436000, 0.7825828000)
(-0.5910631000, 0.1835191000, 0.7854546000)
(-0.5804799000, 0.1797128000, 0.7941803000)
(-0.5821111000, 0.1827692000, 0.7922813000)
(-0.5753369000, 0.1820906000, 0.7973707000)
(-0.5705989000, 0.1810658000, 0.8010115000)
(-0.5672241000, 0.1863518000, 0.8022010000)
(-0.5609025000, 0.1768726000, 0.8087509000)
(-0.5495559000, 0.1885373000, 0.8138939000)
(-0.5470827000, 0.1860459000, 0.8161348000)
(-0.5453229000, 0.1857828000, 0.8173683000)
(-0.5446955000, 0.1807848000, 0.8189088000)
(-0.5464799000, 0.1862254000, 0.8165017000)
(-0.5449281000, 0.1870025000, 0.8173625000)
(-0.5400546000, 0.1903750000, 0.8198054000)
(-0.5435468000, 0.1819491000, 0.8194128000)
(-0.5580050000, 0.1801456000, 0.8100439000)
(-0.5958319000, 0.1695427000, 0.7850074000)
(-0.6222031000, 0.1456404000, 0.7691840000)
(-0.6506611000, 0.1362458000, 0.7470281000)
(-0.6913360000, 0.1107883000, 0.7139751000)
(-0.7061493000, 0.0952402100, 0.7016266000)
(-0.7162862000, 0.0925106400, 0.6916230000)
(-0.7194343000, 0.0860704300, 0.6891983000)
(-0.7130454000, 0.0824468600, 0.6962282000)
(-0.7117422000, 0.0874918000, 0.6969610000)
(-0.7061877000, 0.0906495600, 0.7021888000)
(-0.7044737000, 0.0945186700, 0.7033980000)
(-0.6938486000, 0.1075144000, 0.7120363000)
(-0.6950426000, 0.0991440400, 0.7120768000)
(-0.6976209000, 0.0993164100, 0.7095426000)
(-0.6932328000, 0.0979680100, 0.7140074000)
(-0.6772650000, 0.1035415000, 0.7283997000)
(-0.6756756000, 0.1040023000, 0.7298200000)
(-0.6815913000, 0.1058955000, 0.7240235000)
(-0.6705766000, 0.1125800000, 0.7332261000)
(-0.6710740000, 0.1118609000, 0.7328996000)
(-0.6685072000, 0.1152809000, 0.7346930000)
(-0.6629100000, 0.1172942000, 0.7394421000)
(-0.6624424000, 0.1160152000, 0.7400529000)
(-0.6603405000, 0.1107144000, 0.7427390000)
(-0.6556432000, 0.1167958000, 0.7459738000)
(-0.6534145000, 0.1137492000, 0.7483895000)
(-0.6537701000, 0.1139898000, 0.7480381000)
(-0.6467729000, 0.1120863000, 0.7543851000)
(-0.6469117000, 0.1127397000, 0.7541679000)
(-0.6427111000, 0.1157207000, 0.7573071000)
(-0.6410730000, 0.1140679000, 0.7589480000)
(-0.6386821000, 0.1120288000, 0.7612525000)
(-0.6337839000, 0.1116921000, 0.7653865000)
(-0.6363727000, 0.1089975000, 0.7636356000)
(-0.6241947000, 0.1144893000, 0.7728159000)
(-0.6156378000, 0.1220521000, 0.7785183000)
(-0.6087063000, 0.1276277000, 0.7830477000)
(-0.6085200000, 0.1258617000, 0.7834846000)
(-0.6074616000, 0.1314172000, 0.7833835000)
(-0.6007526000, 0.1311476000, 0.7885931000)
(-0.5986372000, 0.1334524000, 0.7898127000)
(-0.5953069000, 0.1348321000, 0.7920921000)
(-0.5853134000, 0.1426392000, 0.7981572000)
(-0.5821413000, 0.1430263000, 0.8004061000)
(-0.5787841000, 0.1453827000, 0.8023970000)
(-0.5742672000, 0.1370957000, 0.8070914000)
(-0.5762269000, 0.1417234000, 0.8048880000)
(-0.5700364000, 0.1383128000, 0.8098813000)
(-0.5671639000, 0.1389775000, 0.8117785000)
(-0.5676600000, 0.1367248000, 0.8118271000)
(-0.5533183000, 0.1417411000, 0.8208162000)
(-0.5485790000, 0.1453560000, 0.8233544000)
(-0.5449956000, 0.1428038000, 0.8261876000)
(-0.5444630000, 0.1461465000, 0.8259474000)
(-0.5424026000, 0.1473992000, 0.8270839000)
(-0.5423288000, 0.1430316000, 0.8278848000)
(-0.5387362000, 0.1456411000, 0.8297790000)
(-0.5366296000, 0.1449381000, 0.8312744000)
(-0.5255254000, 0.1547415000, 0.8365836000)
(-0.5244328000, 0.1510291000, 0.8379322000)
(-0.5239103000, 0.1566112000, 0.8372479000)
(-0.5189429000, 0.1605838000, 0.8395712000)
(-0.5128133000, 0.1562143000, 0.8441581000)
(-0.5129484000, 0.1579115000, 0.8437652000)
(-0.5106766000, 0.1542452000, 0.8458059000)
(-0.5061609000, 0.1592773000, 0.8475921000)
(-0.4962533000, 0.1583483000, 0.8535998000)
(-0.4851730000, 0.1582063000, 0.8599806000)
(-0.4895701000, 0.1594234000, 0.8572550000)
(-0.4969211000, 0.1628620000, 0.8523638000)
(-0.4918094000, 0.1664210000, 0.8546358000)
(-0.4927916000, 0.1556560000, 0.8560942000)
(-0.4877739000, 0.1629131000, 0.8576235000)
(-0.4837964000, 0.1646819000, 0.8595445000)
(-0.4762889000, 0.1755534000, 0.8615685000)
(-0.4713883000, 0.1646120000, 0.8664174000)
(-0.4519924000, 0.1692655000, 0.8758051000)
(-0.4486236000, 0.1672730000, 0.8779213000)
(-0.4516105000, 0.1671686000, 0.8764032000)
(-0.4367703000, 0.1737386000, 0.8826245000)
(-0.4358597000, 0.1752585000, 0.8827761000)
(-0.4355106000, 0.1730177000, 0.8833913000)
(-0.4346812000, 0.1700182000, 0.8843755000)
(-0.4264393000, 0.1744896000, 0.8875168000)
(-0.4231763000, 0.1743697000, 0.8891038000)
(-0.4125219000, 0.1805812000, 0.8928639000)
(-0.4115812000, 0.1768054000, 0.8940569000)
(-0.4042101000, 0.1679182000, 0.8991089000)
(-0.3972772000, 0.1771791000, 0.9004232000)
(-0.3978576000, 0.1758763000, 0.9004122000)
(-0.3822323000, 0.1762411000, 0.9070946000)
(-0.3800257000, 0.1789566000, 0.9074874000)
(-0.3804978000, 0.1779300000, 0.9074871000)
(-0.3679817000, 0.1874135000, 0.9107292000)
(-0.3764141000, 0.1735932000, 0.9100400000)
(-0.4020600000, 0.1628939000, 0.9009908000)
(-0.4915866000, 0.1524609000, 0.8573713000)
(-0.5212342000, 0.1509281000, 0.8399562000)
(-0.5427775000, 0.1420784000, 0.8277523000)
(-0.5675707000, 0.1335933000, 0.8123960000)
(-0.6281603000, 0.0935474200, 0.7724255000)
(-0.6585310000, 0.0975220700, 0.7461944000)
(-0.6785297000, 0.0807168000, 0.7301161000)
(-0.6960902000, 0.0738904100, 0.7141330000)
(-0.6841685000, 0.0748906500, 0.7254626000)
(-0.6848927000, 0.0800739700, 0.7242142000)
(-0.6802161000, 0.0745660100, 0.7291892000)
(-0.6757011000, 0.0770553400, 0.7331315000)
(-0.6713187000, 0.0823467800, 0.7365640000)
(-0.6676036000, 0.0875853300, 0.7393258000)
(-0.6692853000, 0.0910061700, 0.7374061000)
(-0.6502950000, 0.0879848500, 0.7545476000)
(-0.6595630000, 0.0931741300, 0.7458459000)
(-0.6504526000, 0.0940138100, 0.7536846000)
(-0.6448782000, 0.0894023700, 0.7590327000)
(-0.6423469000, 0.0924720700, 0.7608019000)
(-0.6361130000, 0.0879335900, 0.7665553000)
(-0.6295871000, 0.0924690000, 0.7713879000)
(-0.6291957000, 0.0994611800, 0.7708369000)
(-0.6237456000, 0.0945713000, 0.7758698000)
(-0.6189435000, 0.0908405500, 0.7801497000)
(-0.6148666000, 0.0940156800, 0.7829960000)
(-0.6152225000, 0.0858137600, 0.7836669000)
(-0.6145693000, 0.0954551300, 0.7830586000)
(-0.6112725000, 0.0968256000, 0.7854648000)
(-0.6086442000, 0.0971669500, 0.7874534000)
(-0.6033959000, 0.0981701700, 0.7913696000)
(-0.5950231000, 0.1059757000, 0.7966786000)
(-0.5951717000, 0.1020000000, 0.7970909000)
(-0.5865850000, 0.1072557000, 0.8027348000)
(-0.5831659000, 0.1117189000, 0.8046176000)
(-0.5838553000, 0.1117496000, 0.8041238000)
(-0.5853047000, 0.1086471000, 0.8034828000)
(-0.5816572000, 0.1073215000, 0.8063184000)
(-0.5715638000, 0.1072203000, 0.8135039000)
(-0.5711660000, 0.1131271000, 0.8129811000)
(-0.5623034000, 0.1190986000, 0.8182971000)
(-0.5582148000, 0.1226747000, 0.8205657000)
(-0.5510806000, 0.1183244000, 0.8260185000)
(-0.5456392000, 0.1261860000, 0.8284470000)
(-0.5455217000, 0.1344017000, 0.8272412000)
(-0.5409065000, 0.1294883000, 0.8310521000)
(-0.5343257000, 0.1281158000, 0.8354954000)
(-0.5333032000, 0.1263938000, 0.8364183000)
(-0.5324093000, 0.1287598000, 0.8366290000)
(-0.5278840000, 0.1272656000, 0.8397186000)
(-0.5224687000, 0.1367362000, 0.8416139000)
(-0.5204636000, 0.1341387000, 0.8432708000)
(-0.5221367000, 0.1275435000, 0.8432527000)
(-0.5452753000, 0.1024989000, 0.8319631000)
(-0.5829441000, 0.0899201700, 0.8075025000)
(-0.6384267000, 0.0661237800, 0.7668310000)
(-0.6561638000, 0.0447172900, 0.7532722000)
(-0.6916984000, 0.0325103700, 0.7214365000)
(-0.7092346000, 0.0196622700, 0.7046865000)
(-0.7195594000, 0.0035719880, 0.6943967000)
(-0.7211071000, 0.0037227840, 0.6927895000)
(-0.7159459000, 0.0071615860, 0.6981083000)
(-0.7162028000, 0.0055313110, 0.6978564000)
(-0.7123659000, 0.0135880100, 0.7016509000)
(-0.7096655000, 0.0088238870, 0.7044629000)
(-0.7127894000, 0.0135770900, 0.7012351000)
(-0.7056336000, 0.0166573700, 0.7083629000)
(-0.7048056000, 0.0182675300, 0.7091530000)
(-0.7014910000, 0.0240541700, 0.7122498000)
(-0.6975948000, 0.0171517300, 0.7162688000)
(-0.6927856000, 0.0179351800, 0.7209079000)
(-0.6932396000, 0.0211856500, 0.7203804000)
(-0.6900258000, 0.0197926900, 0.7234934000)
(-0.6842485000, 0.0160187700, 0.7290549000)
(-0.6810424000, 0.0250161700, 0.7318057000)
(-0.6791636000, 0.0268947700, 0.7334796000)
(-0.6795684000, 0.0281099100, 0.7330592000)
(-0.6778640000, 0.0293724700, 0.7345963000)
(-0.6747866000, 0.0265974800, 0.7375275000)
(-0.6643223000, 0.0324651000, 0.7467214000)
(-0.6660259000, 0.0297776300, 0.7453097000)
(-0.6586324000, 0.0315731800, 0.7517943000)
(-0.6588543000, 0.0329508100, 0.7515426000)
(-0.6558640000, 0.0262954800, 0.7544031000)
(-0.6503183000, 0.0317345600, 0.7589844000)
(-0.6473802000, 0.0296273500, 0.7615836000)
(-0.6405777000, 0.0310586800, 0.7672609000)
(-0.6373535000, 0.0320002300, 0.7699021000)
(-0.6351014000, 0.0384733700, 0.7714675000)
(-0.6346198000, 0.0321855300, 0.7721335000)
(-0.6271129000, 0.0414702000, 0.7778165000)
(-0.6266639000, 0.0384198600, 0.7783263000)
(-0.6224822000, 0.0419293500, 0.7815003000)
(-0.6168424000, 0.0465245100, 0.7857066000)
(-0.5974611000, 0.0541967700, 0.8000536000)
(-0.6038250000, 0.0614406400, 0.7947317000)
(-0.5993044000, 0.0574478100, 0.7984447000)
(-0.5931861000, 0.0659586400, 0.8023425000)
(-0.5909288000, 0.0647450400, 0.8041171000)
(-0.5829887000, 0.0708364900, 0.8093660000)
(-0.5863814000, 0.0659158700, 0.8073284000)
(-0.5821015000, 0.0648804800, 0.8105107000)
(-0.5796638000, 0.0691835300, 0.8119017000)
(-0.5792435000, 0.0723918200, 0.8119226000)
(-0.5735115000, 0.0745654000, 0.8157758000)
(-0.5713413000, 0.0710384000, 0.8176241000)
(-0.5687015000, 0.0732006200, 0.8192745000)
(-0.5670972000, 0.0740554100, 0.8202975000)
(-0.5631220000, 0.0735835200, 0.8230872000)
(-0.5656794000, 0.0785121200, 0.8208622000)
(-0.5625471000, 0.0788036600, 0.8229920000)
(-0.5537171000, 0.0795520400, 0.8288926000)
(-0.5538332000, 0.0798251300, 0.8287780000)
(-0.5522690000, 0.0821495200, 0.8296040000)
(-0.5472143000, 0.0839565700, 0.8327608000)
(-0.5430312000, 0.0855288400, 0.8353326000)
(-0.5426101000, 0.0880356900, 0.8353455000)
(-0.5410940000, 0.0877333900, 0.8363690000)
(-0.5347191000, 0.0879685800, 0.8404196000)
(-0.5309457000, 0.0896121000, 0.8426415000)
(-0.5290610000, 0.0853545200, 0.8442612000)
(-0.5289256000, 0.0902931900, 0.8438379000)
(-0.5250982000, 0.0885046700, 0.8464236000)
(-0.5237828000, 0.0889414000, 0.8471887000)
(-0.5230793000, 0.0893005000, 0.8475763000)
(-0.5184197000, 0.0947496700, 0.8498560000)
(-0.5202953000, 0.0916624700, 0.8490503000)
(-0.5156896000, 0.0910111200, 0.8519170000)
(-0.5149888000, 0.0983527800, 0.8515149000)
(-0.5166602000, 0.1005813000, 0.8502496000)
(-0.5075346000, 0.0956181500, 0.8562933000)
(-0.5091952000, 0.0967782700, 0.8551848000)
(-0.5058306000, 0.0971639100, 0.8571312000)
(-0.5047023000, 0.0993438600, 0.8575454000)
(-0.4972709000, 0.0974158500, 0.8621067000)
(-0.4966338000, 0.0979041000, 0.8624073000)
(-0.4884806000, 0.1025436000, 0.8665205000)
(-0.4928854000, 0.1009140000, 0.8642121000)
(-0.4890389000, 0.0964427100, 0.8669024000)
(-0.4813051000, 0.1003008000, 0.8707873000)
(-0.4822719000, 0.1029186000, 0.8699386000)
(-0.4810644000, 0.0969747800, 0.8712893000)
(-0.4814730000, 0.1038062000, 0.8702831000)
(-0.4789576000, 0.1041817000, 0.8716269000)
(-0.4756118000, 0.1066222000, 0.8731598000)
(-0.4730133000, 0.1086071000, 0.8743241000)
(-0.4678613000, 0.1112508000, 0.8767666000)
(-0.4675125000, 0.1066625000, 0.8775107000)
(-0.4607478000, 0.1118849000, 0.8804454000)
(-0.4625390000, 0.1068320000, 0.8801278000)
(-0.4503957000, 0.1078662000, 0.8862740000)
(-0.4552105000, 0.1053170000, 0.8841283000)
(-0.4510442000, 0.1119833000, 0.8854417000)
(-0.4466287000, 0.1119685000, 0.8876694000)
(-0.4428677000, 0.1075414000, 0.8901025000)
(-0.4371466000, 0.1075014000, 0.8929356000)
(-0.4289752000, 0.1077794000, 0.8968446000)
(-0.4266343000, 0.1144002000, 0.8971517000)
(-0.4262207000, 0.1107436000, 0.8978024000)
(-0.4189271000, 0.1119504000, 0.9010740000)
(-0.4140712000, 0.1066385000, 0.9039670000)
(-0.4095467000, 0.1038627000, 0.9063530000)
(-0.4073834000, 0.1134787000, 0.9061714000)
(-0.4037896000, 0.1144367000, 0.9076569000)
(-0.3969181000, 0.1082337000, 0.9114404000)
(-0.3987350000, 0.1050824000, 0.9110117000)
(-0.3931390000, 0.1144794000, 0.9123216000)
(-0.4286987000, 0.1158647000, 0.8959687000)
(-0.4787616000, 0.1052481000, 0.8716085000)
(-0.5267933000, 0.1037244000, 0.8436244000)
(-0.5630051000, 0.1046659000, 0.8197984000)
(-0.5852371000, 0.1073235000, 0.8037105000)
(-0.6429358000, 0.0923160700, 0.7603217000)
(-0.6661339000, 0.0739370700, 0.7421386000)
(-0.6864089000, 0.0593761200, 0.7247792000)
(-0.7300115000, 0.0428235900, 0.6820663000)
(-0.7426147000, 0.0357421600, 0.6687560000)
(-0.7580187000, 0.0306488900, 0.6514979000)
(-0.7815174000, 0.0132834800, 0.6237336000)
(-0.7893854000, 0.0081634520, 0.6138365000)
(-0.7877478000, 0.0146136500, 0.6158107000)
(-0.7810971000, 0.0142978800, 0.6242245000)
(-0.7834010000, 0.0082304760, 0.6214340000)
(-0.7818035000, 0.0111992400, 0.6234030000)
(-0.7777463000, 0.0138749600, 0.6284041000)
(-0.7752756000, 0.0167862000, 0.6313853000)
(-0.7746764000, 0.0182432600, 0.6320786000)
(-0.7746448000, 0.0152116700, 0.6322041000)
(-0.7739538000, 0.0156211200, 0.6330412000)
(-0.7740118000, 0.0151408700, 0.6329646000)
(-0.7728665000, 0.0173104600, 0.6343231000)
(-0.7713919000, 0.0187491100, 0.6360701000)
(-0.7606417000, 0.0349290700, 0.6482092000)
(-0.7610171000, 0.0377365900, 0.6476234000)
(-0.7554808000, 0.0364098900, 0.6541401000)
(-0.7556125000, 0.0369326100, 0.6539695000)
(-0.7509125000, 0.0397063300, 0.6591822000)
(-0.7480701000, 0.0412534500, 0.6623265000)
(-0.7433131000, 0.0408551000, 0.6676815000)
(-0.7391393000, 0.0430214600, 0.6721537000)
(-0.7383274000, 0.0355308000, 0.6734861000)
(-0.7347853000, 0.0370245200, 0.6772736000)
(-0.7282873000, 0.0369873800, 0.6842509000)
(-0.7303460000, 0.0398574700, 0.6818972000)
(-0.7265419000, 0.0466538400, 0.6855097000)
(-0.7243719000, 0.0474069400, 0.6877597000)
(-0.7208130000, 0.0506448500, 0.6912655000)
(-0.7192693000, 0.0597716500, 0.6921355000)
(-0.7145923000, 0.0547937500, 0.6973674000)
(-0.7148542000, 0.0555767000, 0.6970376000)
(-0.7077304000, 0.0600568000, 0.7039109000)
(-0.7043465000, 0.0624108500, 0.7070880000)
(-0.7038799000, 0.0607479400, 0.7076973000)
(-0.7008056000, 0.0625868500, 0.7105845000)
(-0.6925828000, 0.0653488000, 0.7183539000)
(-0.6923417000, 0.0652080600, 0.7186038000)
(-0.6878854000, 0.0636618400, 0.7230014000)
(-0.6862782000, 0.0639984800, 0.7244990000)
(-0.6805262000, 0.0679885400, 0.7295488000)
(-0.6793125000, 0.0638544300, 0.7310485000)
(-0.6769634000, 0.0715378400, 0.7325143000)
(-0.6691070000, 0.0658296000, 0.7402272000)
(-0.6728320000, 0.0696132100, 0.7365071000)
(-0.6667871000, 0.0717129000, 0.7417792000)
(-0.6657123000, 0.0743095900, 0.7424870000)
(-0.6605678000, 0.0782300300, 0.7466620000)
(-0.6593337000, 0.0785749500, 0.7477270000)
(-0.6511465000, 0.0857586900, 0.7540738000)
(-0.6488075000, 0.0793149200, 0.7568020000)
(-0.6467763000, 0.0853645700, 0.7578787000)
(-0.6437310000, 0.0919099500, 0.7597079000)
(-0.6347226000, 0.0907115300, 0.7673748000)
(-0.6273425000, 0.0864512000, 0.7739142000)
(-0.6280830000, 0.0863153800, 0.7733257000)
(-0.6210380000, 0.0902751800, 0.7785597000)
(-0.6171788000, 0.0969166700, 0.7808190000)
(-0.6184051000, 0.0942578900, 0.7801656000)
(-0.6138210000, 0.0962097000, 0.7835425000)
(-0.6100093000, 0.0979040400, 0.7863199000)
(-0.6087904000, 0.0979837200, 0.7872549000)
(-0.6035631000, 0.1005677000, 0.7909310000)
(-0.5975316000, 0.1044593000, 0.7949963000)
(-0.5969241000, 0.1052663000, 0.7953504000)
(-0.5912395000, 0.1078531000, 0.7992343000)
(-0.5936072000, 0.1015897000, 0.7983115000)
(-0.5878869000, 0.1020873000, 0.8024585000)
(-0.5882898000, 0.1042180000, 0.8019000000)
(-0.5837481000, 0.1119968000, 0.8041635000)
(-0.5847601000, 0.1081830000, 0.8039457000)
(-0.5787079000, 0.1079502000, 0.8083396000)
(-0.5740792000, 0.1083381000, 0.8115846000)
(-0.5783885000, 0.1126189000, 0.8079411000)
(-0.5665846000, 0.1142424000, 0.8160363000)
(-0.5605943000, 0.1108873000, 0.8206132000)
(-0.5644913000, 0.1137704000, 0.8175421000)
(-0.5602546000, 0.1113170000, 0.8207931000)
(-0.5572456000, 0.1126621000, 0.8226519000)
(-0.5544668000, 0.1185862000, 0.8236952000)
(-0.5496517000, 0.1187081000, 0.8269067000)
(-0.5460277000, 0.1170356000, 0.8295396000)
(-0.5395074000, 0.1192121000, 0.8334919000)
(-0.5405580000, 0.1188288000, 0.8328630000)
(-0.5358453000, 0.1229564000, 0.8353103000)
(-0.5293227000, 0.1242636000, 0.8392667000)
(-0.5279596000, 0.1225416000, 0.8403792000)
(-0.5246927000, 0.1260547000, 0.8419021000)
(-0.5212901000, 0.1286514000, 0.8436258000)
(-0.5204731000, 0.1265535000, 0.8444384000)
(-0.5201069000, 0.1273370000, 0.8445349000)
(-0.5169573000, 0.1252919000, 0.8467882000)
(-0.5163059000, 0.1240413000, 0.8473685000)
(-0.5135013000, 0.1272121000, 0.8485947000)
(-0.5111272000, 0.1212991000, 0.8508891000)
(-0.5037460000, 0.1291614000, 0.8541343000)
(-0.4984384000, 0.1322729000, 0.8567716000)
(-0.4924408000, 0.1284530000, 0.8608075000)
(-0.4952954000, 0.1305173000, 0.8588549000)
(-0.4870275000, 0.1299814000, 0.8636556000)
(-0.4842400000, 0.1277286000, 0.8655504000)
(-0.4845462000, 0.1355444000, 0.8641948000)
(-0.4727651000, 0.1387411000, 0.8701916000)
(-0.4717474000, 0.1375882000, 0.8709158000)
(-0.4714470000, 0.1323632000, 0.8718966000)
(-0.4722842000, 0.1381128000, 0.8705503000)
(-0.4639722000, 0.1361229000, 0.8753111000)
(-0.4633465000, 0.1373523000, 0.8754518000)
(-0.4558559000, 0.1391726000, 0.8791027000)
(-0.4525804000, 0.1360622000, 0.8812777000)
(-0.4464046000, 0.1373101000, 0.8842242000)
(-0.4407716000, 0.1405953000, 0.8865277000)
(-0.4392938000, 0.1395897000, 0.8874153000)
(-0.4350689000, 0.1435624000, 0.8888593000)
(-0.4268555000, 0.1411456000, 0.8932193000)
(-0.4218247000, 0.1471733000, 0.8946412000)
(-0.4198834000, 0.1483705000, 0.8953648000)
(-0.4189117000, 0.1502212000, 0.8955090000)
(-0.4130180000, 0.1512284000, 0.8980646000)
(-0.4138162000, 0.1479066000, 0.8982610000)
(-0.4253046000, 0.1463902000, 0.8931184000)
(-0.4502749000, 0.1511000000, 0.8799955000)
(-0.4671067000, 0.1466867000, 0.8719388000)
(-0.5123413000, 0.1160550000, 0.8508953000)
(0.0000000000, 0.0000000000, 0.0000000000)
(0.0000000000, 0.0000000000, 0.0000000000)
(0.0000000000, 0.0000000000, 0.0000000000)
(0.0000000000, 0.0000000000, 0.0000000000)
(0.0000000000, 0.0000000000, 0.0000000000)
(0.0000000000, 0.0000000000, 0.0000000000)
(0.0000000000, 0.0000000000, 0.0000000000)
(0.0000000000, 0.0000000000, 0.0000000000)
(0.0000000000, 0.0000000000, 0.0000000000)
(0.0000000000, 0.0000000000, 0.0000000000)
(0.0000000000, 0.0000000000, 0.0000000000)
(0.0000000000, 0.0000000000, 0.0000000000)
(0.0000000000, 0.0000000000, 0.0000000000)
(0.0000000000, 0.0000000000, 0.0000000000)
(0.0000000000, 0.0000000000, 0.0000000000)
(0.0000000000, 0.0000000000, 0.0000000000)
(0.0000000000, 0.0000000000, 0.0000000000)
(0.0000000000, 0.0000000000, 0.0000000000)
(0.0000000000, 0.0000000000, 0.0000000000)
(0.0000000000, 0.0000000000, 0.0000000000)
(0.0000000000, 0.0000000000, 0.0000000000)
(0.0000000000, 0.0000000000, 0.0000000000)
(0.0000000000, 0.0000000000, 0.0000000000)
(0.0000000000, 0.0000000000, 0.0000000000)
(0.0000000000, 0.0000000000, 0.0000000000)
(0.0000000000, 0.0000000000, 0.0000000000)
(0.0000000000, 0.0000000000, 0.0000000000)
(0.0000000000, 0.0000000000, 0.0000000000)
(0.0000000000, 0.0000000000, 0.0000000000)
(0.0000000000, 0.0000000000, 0.0000000000)
(0.0000000000, 0.0000000000, 0.0000000000)
(0.0000000000, 0.0000000000, 0.0000000000)
(0.0000000000, 0.0000000000, 0.0000000000)
(0.0000000000, 0.0000000000, 0.0000000000)
(0.0000000000, 0.0000000000, 0.0000000000)
(0.0000000000, 0.0000000000, 0.0000000000)
(0.0000000000, 0.0000000000, 0.0000000000)
(0.0000000000, 0.0000000000, 0.0000000000)
(0.0000000000, 0.0000000000, 0.0000000000)
(0.0000000000, 0.0000000000, 0.0000000000)
(0.0000000000, 0.0000000000, 0.0000000000)
(-0.6814603000, 0.0762868400, 0.7278549000)
(-0.6766791000, 0.0913323500, 0.7305821000)
(-0.6642709000, 0.0890238400, 0.7421603000)
(-0.6697558000, 0.1118797000, 0.7340948000)
(-0.6604369000, 0.0948805000, 0.7448418000)
(-0.6554001000, 0.0809125500, 0.7509236000)
(-0.6554860000, 0.1020232000, 0.7482640000)
(-0.6461723000, 0.0940260500, 0.7573683000)
(-0.6525471000, 0.0861614600, 0.7528199000)
(-0.6485748000, 0.0805839400, 0.7568519000)
(-0.6335812000, 0.0803097900, 0.7694777000)
(-0.6296786000, 0.0970362500, 0.7707573000)
(-0.6413675000, 0.1189628000, 0.7579510000)
(-0.6394073000, 0.1067741000, 0.7614046000)
(-0.6310163000, 0.1030298000, 0.7688843000)
(-0.6228645000, 0.1098820000, 0.7745632000)
(-0.6234875000, 0.1069882000, 0.7744595000)
(-0.6234972000, 0.1020542000, 0.7751338000)
(-0.6080551000, 0.1086212000, 0.7864125000)
(-0.6029218000, 0.1137616000, 0.7896378000)
(-0.5952569000, 0.1157826000, 0.7951352000)
(-0.5840449000, 0.1194174000, 0.8028867000)
(-0.5792921000, 0.1200798000, 0.8062154000)
(-0.5716547000, 0.1264914000, 0.8106663000)
(-0.5603601000, 0.1278993000, 0.8183016000)
(-0.5578782000, 0.1301143000, 0.8196528000)
(-0.5541725000, 0.1214534000, 0.8234882000)
(-0.5509037000, 0.1363323000, 0.8233466000)
(-0.5546892000, 0.1364132000, 0.8207955000)
(-0.5540861000, 0.1353673000, 0.8213633000)
(-0.5634649000, 0.1404154000, 0.8140990000)
(-0.5576262000, 0.1375361000, 0.8186175000)
(-0.5583259000, 0.1392797000, 0.8178378000)
(-0.5766325000, 0.1380698000, 0.8052484000)
(-0.6088203000, 0.1363945000, 0.7814909000)
(-0.6243560000, 0.1313403000, 0.7699986000)
(-0.6516142000, 0.1216154000, 0.7487329000)
(-0.6420191000, 0.1254369000, 0.7563415000)
(-0.6291721000, 0.1191712000, 0.7680631000)
(-0.6355824000, 0.1286551000, 0.7612267000)
(-0.6284480000, 0.1311695000, 0.7666947000)
(-0.6250090000, 0.1311505000, 0.7695090000)
(-0.6127362000, 0.1404571000, 0.7776853000)
(-0.6110073000, 0.1371160000, 0.7796477000)
(-0.6003330000, 0.1432021000, 0.7868139000)
(-0.5959957000, 0.1432550000, 0.7901013000)
(-0.5948967000, 0.1435532000, 0.7908626000)
(-0.5911474000, 0.1425701000, 0.7938454000)
(-0.5851154000, 0.1461265000, 0.7976739000)
(-0.5878470000, 0.1394173000, 0.7968618000)
(-0.5859087000, 0.1470140000, 0.7969150000)
(-0.5795800000, 0.1490581000, 0.8011625000)
(-0.5729145000, 0.1445092000, 0.8067659000)
(-0.5651833000, 0.1464869000, 0.8118489000)
(-0.5593097000, 0.1592583000, 0.8135071000)
(-0.5580815000, 0.1499812000, 0.8161159000)
(-0.5587490000, 0.1524637000, 0.8151875000)
(-0.5478324000, 0.1493564000, 0.8231330000)
(-0.5451527000, 0.1555592000, 0.8237672000)
(-0.5469419000, 0.1570379000, 0.8222967000)
(-0.5418090000, 0.1589380000, 0.8253366000)
(-0.5587181000, 0.1516308000, 0.8153610000)
(-0.5836405000, 0.1362956000, 0.8004898000)
(-0.6250117000, 0.1284194000, 0.7699594000)
(-0.6403910000, 0.1230730000, 0.7581096000)
(-0.6546364000, 0.1122822000, 0.7475435000)
(-0.6729683000, 0.0998569100, 0.7328836000)
(-0.6710126000, 0.1042701000, 0.7340725000)
(-0.6674406000, 0.1073639000, 0.7368610000)
(-0.6540122000, 0.1178868000, 0.7472203000)
(-0.6515343000, 0.1194312000, 0.7491382000)
(-0.6487256000, 0.1204859000, 0.7514188000)
(-0.6456836000, 0.1255793000, 0.7531852000)
(-0.6431297000, 0.1225463000, 0.7558759000)
(-0.6378807000, 0.1295730000, 0.7591401000)
(-0.6369777000, 0.1312487000, 0.7596077000)
(-0.6367198000, 0.1272267000, 0.7605119000)
(-0.6346530000, 0.1306432000, 0.7616549000)
(-0.6297089000, 0.1266262000, 0.7664288000)
(-0.6275764000, 0.1257997000, 0.7683142000)
(-0.6203961000, 0.1319569000, 0.7730893000)
(-0.6240910000, 0.1326374000, 0.7699977000)
(-0.6194284000, 0.1240037000, 0.7751784000)
(-0.6138684000, 0.1269914000, 0.7791246000)
(-0.6113488000, 0.1286655000, 0.7808184000)
(-0.6097322000, 0.1268906000, 0.7823668000)
(-0.6066082000, 0.1302164000, 0.7842445000)
(-0.6042100000, 0.1297086000, 0.7861907000)
(-0.5954744000, 0.1239017000, 0.7937590000)
(-0.6016157000, 0.1290760000, 0.7882719000)
(-0.5920538000, 0.1320273000, 0.7950006000)
(-0.5780209000, 0.1438794000, 0.8032287000)
(-0.5750589000, 0.1385104000, 0.8062889000)
(-0.5668065000, 0.1419648000, 0.8115090000)
(-0.5709425000, 0.1444312000, 0.8081788000)
(-0.5714911000, 0.1393287000, 0.8086769000)
(-0.5759665000, 0.1384098000, 0.8056633000)
(-0.5734578000, 0.1419410000, 0.8068256000)
(-0.5706133000, 0.1421971000, 0.8087976000)
(-0.5623622000, 0.1433572000, 0.8143584000)
(-0.5510279000, 0.1469434000, 0.8214427000)
(-0.5506458000, 0.1400426000, 0.8229002000)
(-0.5429073000, 0.1501148000, 0.8262508000)
(-0.5452180000, 0.1425695000, 0.8260689000)
(-0.5449588000, 0.1513689000, 0.8246688000)
(-0.5423353000, 0.1519409000, 0.8262950000)
(-0.5393488000, 0.1507216000, 0.8284698000)
(-0.5336335000, 0.1524933000, 0.8318378000)
(-0.5272087000, 0.1514964000, 0.8361114000)
(-0.5245410000, 0.1593784000, 0.8363311000)
(-0.5237328000, 0.1584638000, 0.8369952000)
(-0.5158383000, 0.1576214000, 0.8420424000)
(-0.5151231000, 0.1586839000, 0.8422892000)
(-0.5118443000, 0.1576804000, 0.8444730000)
(-0.5082350000, 0.1537348000, 0.8473807000)
(-0.5027692000, 0.1615894000, 0.8491715000)
(-0.5028254000, 0.1602497000, 0.8494012000)
(-0.5100083000, 0.1523373000, 0.8465625000)
(-0.5306901000, 0.1532677000, 0.8335876000)
(-0.5607734000, 0.1545880000, 0.8134034000)
(-0.6100870000, 0.1356871000, 0.7806149000)
(-0.6250949000, 0.1455945000, 0.7668392000)
(-0.6558502000, 0.1292185000, 0.7437350000)
(-0.6779531000, 0.1271042000, 0.7240276000)
(-0.7013122000, 0.1207613000, 0.7025404000)
(-0.7164603000, 0.1149026000, 0.6880773000)
(-0.7160307000, 0.1044634000, 0.6901931000)
(-0.7173862000, 0.1124249000, 0.6875243000)
(-0.7119204000, 0.1032487000, 0.6946139000)
(-0.7016863000, 0.1167326000, 0.7028558000)
(-0.6983502000, 0.1193317000, 0.7057305000)
(-0.6966207000, 0.1250388000, 0.7064549000)
(-0.6873173000, 0.1286062000, 0.7148666000)
(-0.6868792000, 0.1340363000, 0.7142914000)
(-0.6826717000, 0.1304639000, 0.7189627000)
(-0.6749059000, 0.1332107000, 0.7257592000)
(-0.6745598000, 0.1384345000, 0.7251167000)
(-0.6685013000, 0.1327514000, 0.7317618000)
(-0.6639845000, 0.1371132000, 0.7350615000)
(-0.6643551000, 0.1374292000, 0.7346673000)
(-0.6650277000, 0.1418439000, 0.7332143000)
(-0.6594573000, 0.1332034000, 0.7398309000)
(-0.6608709000, 0.1300653000, 0.7391356000)
(-0.6609005000, 0.1312335000, 0.7388980000)
(-0.6536964000, 0.1288408000, 0.7456918000)
(-0.6601048000, 0.1348565000, 0.7389630000)
(-0.6499212000, 0.1345825000, 0.7479833000)
(-0.6447006000, 0.1365108000, 0.7521405000)
(-0.6382726000, 0.1389960000, 0.7571388000)
(-0.6363534000, 0.1338793000, 0.7596855000)
(-0.6296408000, 0.1334260000, 0.7653348000)
(-0.6224280000, 0.1360630000, 0.7707565000)
(-0.6192207000, 0.1313622000, 0.7741489000)
(-0.6098678000, 0.1556135000, 0.7770625000)
(-0.6093897000, 0.1547625000, 0.7776156000)
(-0.6011015000, 0.1571169000, 0.7835628000)
(-0.5941128000, 0.1522052000, 0.7898440000)
(-0.5911294000, 0.1580088000, 0.7909362000)
(-0.5888956000, 0.1538491000, 0.7934119000)
(-0.5802978000, 0.1586141000, 0.7988005000)
(-0.5777787000, 0.1535965000, 0.8016070000)
(-0.5763520000, 0.1577480000, 0.8018144000)
(-0.5714706000, 0.1558535000, 0.8056762000)
(-0.5693734000, 0.1538761000, 0.8075451000)
(-0.5651949000, 0.1563045000, 0.8100011000)
(-0.5638376000, 0.1563604000, 0.8109393000)
(-0.5629545000, 0.1609372000, 0.8106640000)
(-0.5538107000, 0.1636323000, 0.8163944000)
(-0.5477090000, 0.1597444000, 0.8212662000)
(-0.5482832000, 0.1596699000, 0.8209018000)
(-0.5478297000, 0.1617754000, 0.8207927000)
(-0.5430084000, 0.1677822000, 0.8227801000)
(-0.5552101000, 0.1548832000, 0.8171420000)
(-0.5792091000, 0.1586674000, 0.7995744000)
(-0.6232930000, 0.1451610000, 0.7683827000)
(-0.6662165000, 0.1402100000, 0.7324543000)
(-0.6740713000, 0.1466448000, 0.7239494000)
(-0.7124991000, 0.1293839000, 0.6896257000)
(-0.7255951000, 0.1255660000, 0.6765589000)
(-0.7319105000, 0.1182961000, 0.6710350000)
(-0.7241367000, 0.1169810000, 0.6796375000)
(-0.7200642000, 0.1292168000, 0.6817635000)
(-0.7208166000, 0.1350288000, 0.6798380000)
(-0.7151790000, 0.1319074000, 0.6863672000)
(-0.7078404000, 0.1329218000, 0.6937344000)
(-0.7019936000, 0.1354470000, 0.6991685000)
(-0.7033966000, 0.1359286000, 0.6976645000)
(-0.6956500000, 0.1323059000, 0.7060872000)
(-0.6956671000, 0.1461481000, 0.7033214000)
(-0.6906500000, 0.1432909000, 0.7088327000)
(-0.6876985000, 0.1426828000, 0.7118196000)
(-0.6855696000, 0.1442790000, 0.7135553000)
(-0.6856532000, 0.1486357000, 0.7125835000)
(-0.6809697000, 0.1503117000, 0.7167037000)
(-0.6740737000, 0.1531540000, 0.7225906000)
(-0.6712905000, 0.1515053000, 0.7255313000)
(-0.6723455000, 0.1540866000, 0.7240114000)
(-0.6698818000, 0.1532735000, 0.7264521000)
(-0.6725888000, 0.1462352000, 0.7254145000)
(-0.6740809000, 0.1474823000, 0.7237740000)
(-0.6695365000, 0.1339941000, 0.7305765000)
(-0.6647772000, 0.1381166000, 0.7341569000)
(-0.6550413000, 0.1494882000, 0.7406515000)
(-0.6570519000, 0.1466825000, 0.7394153000)
(-0.6467224000, 0.1477164000, 0.7482638000)
(-0.6388746000, 0.1516257000, 0.7542014000)
(-0.6413292000, 0.1492561000, 0.7525907000)
(-0.6249859000, 0.1791939000, 0.7597734000)
(-0.6248913000, 0.1720608000, 0.7614951000)
(-0.6120279000, 0.1816849000, 0.7696669000)
(-0.6124133000, 0.1871651000, 0.7680472000)
(-0.6121070000, 0.1801329000, 0.7699798000)
(-0.6111553000, 0.1744370000, 0.7720300000)
(-0.5973089000, 0.1896909000, 0.7792521000)
(-0.5987971000, 0.1818905000, 0.7799555000)
(-0.5991873000, 0.1863620000, 0.7785979000)
(-0.6045994000, 0.1731471000, 0.7774788000)
(-0.5988299000, 0.1699252000, 0.7826400000)
(-0.5883977000, 0.1800334000, 0.7882581000)
(-0.5896456000, 0.1688251000, 0.7898036000)
(-0.5839198000, 0.1734891000, 0.7930467000)
(-0.5783583000, 0.1819146000, 0.7952281000)
(-0.5742598000, 0.1756130000, 0.7996072000)
(-0.5710114000, 0.1791363000, 0.8011454000)
(-0.5697910000, 0.1793635000, 0.8019600000)
(-0.5589789000, 0.1860383000, 0.8080224000)
(-0.5615572000, 0.1799174000, 0.8076335000)
(-0.5547680000, 0.1849161000, 0.8111784000)
(-0.5468993000, 0.1864014000, 0.8161776000)
(-0.5447483000, 0.1871064000, 0.8174558000)
(-0.5345383000, 0.1898364000, 0.8235434000)
(-0.5337180000, 0.1912048000, 0.8237504000)
(-0.5336066000, 0.1874024000, 0.8246906000)
(-0.5281342000, 0.1868123000, 0.8283386000)
(-0.5260825000, 0.1917772000, 0.8285117000)
(-0.5214176000, 0.1928252000, 0.8312189000)
(-0.5163647000, 0.1949233000, 0.8338838000)
(-0.5107003000, 0.1917504000, 0.8380889000)
(-0.5164950000, 0.1894879000, 0.8350496000)
(-0.5404750000, 0.1831567000, 0.8211792000)
(-0.6068462000, 0.1576692000, 0.7790167000)
(-0.6199528000, 0.1460443000, 0.7709127000)
(-0.6396893000, 0.1379243000, 0.7561381000)
(-0.6782109000, 0.1307102000, 0.7231389000)
(-0.6984910000, 0.1171820000, 0.7059430000)
(-0.7058705000, 0.1119114000, 0.6994329000)
(-0.7197583000, 0.0971478500, 0.6873710000)
(-0.7195896000, 0.1044776000, 0.6864878000)
(-0.7129258000, 0.1002253000, 0.6940327000)
(-0.7083501000, 0.1044764000, 0.6980652000)
(-0.7060650000, 0.1082561000, 0.6998083000)
(-0.6966503000, 0.1205859000, 0.7071972000)
(-0.6965469000, 0.1106335000, 0.7089089000)
(-0.6905820000, 0.1200695000, 0.7132062000)
(-0.6875588000, 0.1216824000, 0.7158336000)
(-0.6771837000, 0.1218066000, 0.7256511000)
(-0.6753950000, 0.1243845000, 0.7268702000)
(-0.6772007000, 0.1176911000, 0.7263117000)
(-0.6649826000, 0.1234876000, 0.7365735000)
(-0.6627001000, 0.1271671000, 0.7379934000)
(-0.6616356000, 0.1296242000, 0.7385314000)
(-0.6548316000, 0.1290228000, 0.7446776000)
(-0.6573750000, 0.1226145000, 0.7435182000)
(-0.6565765000, 0.1234926000, 0.7440677000)
(-0.6568571000, 0.1263712000, 0.7433333000)
(-0.6528668000, 0.1234793000, 0.7473181000)
(-0.6526552000, 0.1276062000, 0.7468178000)
(-0.6462114000, 0.1286693000, 0.7522280000)
(-0.6379575000, 0.1286199000, 0.7592409000)
(-0.6355785000, 0.1320010000, 0.7606551000)
(-0.6301745000, 0.1297372000, 0.7655241000)
(-0.6312870000, 0.1271654000, 0.7650478000)
(-0.6262426000, 0.1290932000, 0.7688522000)
(-0.6213687000, 0.1297021000, 0.7726917000)
(-0.6184034000, 0.1281918000, 0.7753244000)
(-0.6208147000, 0.1283667000, 0.7733603000)
(-0.6119552000, 0.1313677000, 0.7798936000)
(-0.6074466000, 0.1341003000, 0.7829550000)
(-0.6047991000, 0.1395903000, 0.7840404000)
(-0.5929998000, 0.1426177000, 0.7924554000)
(-0.5843645000, 0.1422231000, 0.7989299000)
(-0.5878688000, 0.1440838000, 0.7960184000)
(-0.5782907000, 0.1467161000, 0.8025219000)
(-0.5705453000, 0.1451136000, 0.8083315000)
(-0.5724995000, 0.1466080000, 0.8066892000)
(-0.5664349000, 0.1430994000, 0.8115864000)
(-0.5795991000, 0.1346603000, 0.8036919000)
(-0.5763569000, 0.1420375000, 0.8047415000)
(-0.5725185000, 0.1406985000, 0.8077132000)
(-0.5706045000, 0.1443268000, 0.8084259000)
(-0.5555705000, 0.1527732000, 0.8172975000)
(-0.5472481000, 0.1489433000, 0.8236077000)
(-0.5420750000, 0.1563231000, 0.8256490000)
(-0.5427514000, 0.1533796000, 0.8257554000)
(-0.5411574000, 0.1505738000, 0.8273249000)
(-0.5416772000, 0.1513339000, 0.8268462000)
(-0.5406807000, 0.1526327000, 0.8272584000)
(-0.5338172000, 0.1541960000, 0.8314112000)
(-0.5276411000, 0.1628785000, 0.8336979000)
(-0.5268451000, 0.1577556000, 0.8351893000)
(-0.5237882000, 0.1598160000, 0.8367186000)
(-0.5218220000, 0.1601367000, 0.8378835000)
(-0.5189149000, 0.1623962000, 0.8392524000)
(-0.5097275000, 0.1654813000, 0.8442572000)
(-0.5068350000, 0.1635075000, 0.8463839000)
(-0.5066804000, 0.1592688000, 0.8472910000)
(-0.4958357000, 0.1669011000, 0.8522210000)
(-0.4991976000, 0.1637079000, 0.8508719000)
(-0.4917270000, 0.1693431000, 0.8541206000)
(-0.4834325000, 0.1718569000, 0.8583336000)
(-0.4833567000, 0.1703046000, 0.8586832000)
(-0.4750645000, 0.1685598000, 0.8636482000)
(-0.4740689000, 0.1709502000, 0.8637266000)
(-0.4704993000, 0.1718716000, 0.8654842000)
(-0.4762881000, 0.1743363000, 0.8618216000)
(-0.4709027000, 0.1769948000, 0.8642422000)
(-0.4766777000, 0.1724529000, 0.8619809000)
(-0.4613868000, 0.1784509000, 0.8690619000)
(-0.4550343000, 0.1776592000, 0.8725560000)
(-0.4448888000, 0.1788988000, 0.8775200000)
(-0.4802353000, 0.1592230000, 0.8625512000)
(-0.5462981000, 0.1342910000, 0.8267481000)
(-0.5702860000, 0.1291074000, 0.8112245000)
(-0.6047644000, 0.0954890500, 0.7906484000)
(-0.6555882000, 0.0692061300, 0.7519376000)
(-0.6800032000, 0.0498544400, 0.7314914000)
(-0.6989070000, 0.0344584500, 0.7143737000)
(-0.7101879000, 0.0185320500, 0.7037422000)
(-0.7147174000, 0.0152303400, 0.6992381000)
(-0.7065887000, 0.0146633500, 0.7074473000)
(-0.7001821000, 0.0153336600, 0.7137768000)
(-0.7001138000, 0.0183805900, 0.7137704000)
(-0.6983883000, 0.0187617600, 0.7154566000)
(-0.6945558000, 0.0197629100, 0.7191637000)
(-0.6927325000, 0.0177446000, 0.7209699000)
(-0.6907769000, 0.0288754500, 0.7224710000)
(-0.6833663000, 0.0310628500, 0.7293948000)
(-0.6826698000, 0.0272128200, 0.7301986000)
(-0.6806554000, 0.0286104500, 0.7320413000)
(-0.6764847000, 0.0283268000, 0.7358902000)
(-0.6720337000, 0.0273085900, 0.7400079000)
(-0.6738678000, 0.0323451000, 0.7381381000)
(-0.6628731000, 0.0292059400, 0.7481484000)
(-0.6632681000, 0.0285031400, 0.7478355000)
(-0.6622864000, 0.0287598800, 0.7486802000)
(-0.6553416000, 0.0332085300, 0.7545849000)
(-0.6500004000, 0.0251274600, 0.7595136000)
(-0.6474153000, 0.0279946600, 0.7616004000)
(-0.6385816000, 0.0288812100, 0.7689925000)
(-0.6335554000, 0.0246115300, 0.7732915000)
(-0.6335496000, 0.0315995600, 0.7730511000)
(-0.6235431000, 0.0347319400, 0.7809962000)
(-0.6182059000, 0.0340526200, 0.7852618000)
(-0.6242123000, 0.0397471900, 0.7802324000)
(-0.6156595000, 0.0399515600, 0.7869757000)
(-0.6112612000, 0.0448612100, 0.7901386000)
(-0.6062810000, 0.0439944500, 0.7940186000)
(-0.5916471000, 0.0547055500, 0.8043270000)
(-0.5894920000, 0.0552894800, 0.8058708000)
(-0.5878092000, 0.0574519200, 0.8069382000)
(-0.5841404000, 0.0583732200, 0.8095409000)
(-0.5747256000, 0.0597131800, 0.8161609000)
(-0.5729348000, 0.0644615600, 0.8170514000)
(-0.5655654000, 0.0656388900, 0.8220721000)
(-0.5703955000, 0.0680451600, 0.8185398000)
(-0.5669998000, 0.0652510800, 0.8211249000)
(-0.5610959000, 0.0661746300, 0.8250870000)
(-0.5549742000, 0.0655418600, 0.8292776000)
(-0.5521985000, 0.0706982000, 0.8306979000)
(-0.5469098000, 0.0707842400, 0.8341769000)
(-0.5466462000, 0.0708572000, 0.8343517000)
(-0.5436030000, 0.0645440500, 0.8368504000)
(-0.5373317000, 0.0771213500, 0.8398250000)
(-0.5351222000, 0.0737716400, 0.8415346000)
(-0.5324081000, 0.0736566000, 0.8432677000)
(-0.5249192000, 0.0813137500, 0.8472493000)
(-0.5228198000, 0.0751166700, 0.8491225000)
(-0.5158800000, 0.0766574100, 0.8532109000)
(-0.5148238000, 0.0854056800, 0.8530191000)
(-0.5096534000, 0.0752215200, 0.8570678000)
(-0.5070718000, 0.0771485900, 0.8584335000)
(-0.5050285000, 0.0784831500, 0.8595202000)
(-0.5011941000, 0.0771925100, 0.8618683000)
(-0.5251226000, 0.0739388000, 0.8477945000)
(-0.5804596000, 0.0656774400, 0.8116167000)
(-0.6021574000, 0.0674148400, 0.7955191000)
(-0.6420960000, 0.0575206800, 0.7644443000)
(-0.6846874000, 0.0618123600, 0.7261950000)
(-0.7031175000, 0.0447274400, 0.7096434000)
(-0.7169953000, 0.0399988100, 0.6959181000)
(-0.7058554000, 0.0517143700, 0.7064527000)
(-0.7045929000, 0.0479727800, 0.7079704000)
(-0.7070236000, 0.0548188300, 0.7050518000)
(-0.7056421000, 0.0551978500, 0.7064026000)
(-0.7009102000, 0.0603179400, 0.7106747000)
(-0.7002495000, 0.0544248000, 0.7117953000)
(-0.6934834000, 0.0630868400, 0.7176881000)
(-0.6918542000, 0.0558785500, 0.7198609000)
(-0.6857643000, 0.0634021200, 0.7250508000)
(-0.6832747000, 0.0651213900, 0.7272428000)
(-0.6804137000, 0.0671263300, 0.7297375000)
(-0.6774414000, 0.0698619600, 0.7322322000)
(-0.6676476000, 0.0764963900, 0.7405264000)
(-0.6669220000, 0.0742689700, 0.7414120000)
(-0.6683481000, 0.0808513500, 0.7394295000)
(-0.6644276000, 0.0786054000, 0.7431971000)
(-0.6593118000, 0.0854915100, 0.7469862000)
(-0.6568273000, 0.0844479600, 0.7492789000)
(-0.6444507000, 0.0839985400, 0.7599960000)
(-0.6426739000, 0.0854754800, 0.7613454000)
(-0.6382561000, 0.0872914900, 0.7648501000)
(-0.6323630000, 0.0899591200, 0.7694209000)
(-0.6323813000, 0.0898987700, 0.7694021000)
(-0.6247594000, 0.0900587100, 0.7755935000)
(-0.6219863000, 0.0874841300, 0.7781186000)
(-0.6171857000, 0.0901184000, 0.7816257000)
(-0.6156839000, 0.0909984000, 0.7827159000)
(-0.6120972000, 0.0877647800, 0.7858953000)
(-0.6091897000, 0.0864429300, 0.7882941000)
(-0.6052381000, 0.0896327400, 0.7909644000)
(-0.6031338000, 0.0896830300, 0.7925642000)
(-0.5992280000, 0.0925448800, 0.7952033000)
(-0.5988406000, 0.0907653300, 0.7956914000)
(-0.5899810000, 0.0961286500, 0.8016618000)
(-0.5893743000, 0.0930249100, 0.8024797000)
(-0.5855430000, 0.0910999800, 0.8054962000)
(-0.5803955000, 0.0967382900, 0.8085530000)
(-0.5777668000, 0.1000943000, 0.8100319000)
(-0.5741878000, 0.0996738600, 0.8126311000)
(-0.5720087000, 0.1020793000, 0.8138633000)
(-0.5685931000, 0.0970737100, 0.8168554000)
(-0.5606735000, 0.1100271000, 0.8206792000)
(-0.5564905000, 0.1026622000, 0.8244752000)
(-0.5533556000, 0.1059436000, 0.8261649000)
(-0.5516526000, 0.1034278000, 0.8276291000)
(-0.5485140000, 0.1042876000, 0.8295951000)
(-0.5451769000, 0.1065933000, 0.8315164000)
(-0.5436993000, 0.0990467300, 0.8334092000)
(-0.5348989000, 0.1101250000, 0.8377048000)
(-0.5299234000, 0.1144382000, 0.8402719000)
(-0.5317386000, 0.1119303000, 0.8394674000)
(-0.5243894000, 0.1110392000, 0.8441895000)
(-0.5218126000, 0.1151637000, 0.8452387000)
(-0.5199713000, 0.1131656000, 0.8466333000)
(-0.5132952000, 0.1154385000, 0.8504009000)
(-0.5073362000, 0.1161029000, 0.8538732000)
(-0.5045863000, 0.1196682000, 0.8550227000)
(-0.4982590000, 0.1102167000, 0.8599831000)
(-0.4962808000, 0.1134116000, 0.8607094000)
(-0.4951634000, 0.1137027000, 0.8613232000)
(-0.4910037000, 0.1132722000, 0.8637548000)
(-0.4861996000, 0.1149705000, 0.8662361000)
(-0.4812268000, 0.1158325000, 0.8688952000)
(-0.4809779000, 0.1178148000, 0.8687698000)
(-0.4746746000, 0.1189954000, 0.8720707000)
(-0.4712726000, 0.1206196000, 0.8736889000)
(-0.4664358000, 0.1194984000, 0.8764254000)
(-0.4699470000, 0.1266860000, 0.8735468000)
(-0.4650931000, 0.1180143000, 0.8773515000)
(-0.4547589000, 0.1351438000, 0.8802829000)
(-0.4537573000, 0.1360117000, 0.8806652000)
(-0.4540112000, 0.1275445000, 0.8818144000)
(-0.4428738000, 0.1360119000, 0.8861965000)
(-0.4464700000, 0.1327568000, 0.8848833000)
(-0.4399570000, 0.1251457000, 0.8892521000)
(-0.4932014000, 0.0974378100, 0.8644360000)
(-0.5283343000, 0.0955242100, 0.8436416000)
(-0.5534669000, 0.0947491400, 0.8274429000)
(-0.5947673000, 0.0876172400, 0.7991051000)
(-0.6181146000, 0.0812115700, 0.7818757000)
(-0.6486511000, 0.0471754300, 0.7596103000)
(-0.6964266000, 0.0324303200, 0.7168879000)
(-0.7002433000, 0.0377349600, 0.7128915000)
(-0.7065025000, 0.0349954500, 0.7068295000)
(-0.7016340000, 0.0406249400, 0.7113628000)
(-0.6983692000, 0.0467305700, 0.7142022000)
(-0.6981705000, 0.0476497000, 0.7143358000)
(-0.6966177000, 0.0465492000, 0.7159228000)
(-0.6961546000, 0.0484299500, 0.7162346000)
(-0.6946621000, 0.0417574700, 0.7181030000)
(-0.6916657000, 0.0496914300, 0.7204838000)
(-0.6907156000, 0.0454908300, 0.7216766000)
(-0.6871127000, 0.0479958600, 0.7249611000)
(-0.6789448000, 0.0478427700, 0.7326208000)
(-0.6764835000, 0.0503041300, 0.7347289000)
(-0.6762536000, 0.0464009500, 0.7351925000)
(-0.6679696000, 0.0487068500, 0.7425703000)
(-0.6667255000, 0.0498597500, 0.7436221000)
(-0.6608543000, 0.0558242100, 0.7484229000)
(-0.6622102000, 0.0545624700, 0.7473173000)
(-0.6607979000, 0.0556942900, 0.7484931000)
(-0.6501663000, 0.0558923300, 0.7577249000)
(-0.6403490000, 0.0588305600, 0.7658244000)
(-0.6404000000, 0.0588512000, 0.7657760000)
(-0.6326957000, 0.0649287500, 0.7716607000)
(-0.6304966000, 0.0746061100, 0.7725917000)
(-0.6226085000, 0.0666882400, 0.7796709000)
(-0.6158363000, 0.0718848800, 0.7845690000)
(-0.6172884000, 0.0748026200, 0.7831679000)
(-0.6050407000, 0.0795584200, 0.7921944000)
(-0.6066437000, 0.0828875100, 0.7906384000)
(-0.6008809000, 0.0819494000, 0.7951114000)
(-0.5973383000, 0.0866414500, 0.7972918000)
(-0.5932241000, 0.0881571300, 0.8001915000)
(-0.5934497000, 0.0831241900, 0.8005456000)
(-0.5904238000, 0.0846514700, 0.8026256000)
(-0.5885934000, 0.0871041700, 0.8037158000)
(-0.5803390000, 0.0898866400, 0.8093822000)
(-0.5839376000, 0.0851842600, 0.8072957000)
(-0.6088156000, 0.0948346000, 0.7876192000)
(-0.6747272000, 0.0881412900, 0.7327755000)
(-0.6993831000, 0.0812239800, 0.7101117000)
(-0.7153531000, 0.0832064300, 0.6937727000)
(-0.7352391000, 0.0940295500, 0.6712367000)
(-0.7354694000, 0.0948703400, 0.6708763000)
(-0.7308925000, 0.0910203800, 0.6763842000)
(-0.7251446000, 0.0894195100, 0.6827434000)
(-0.7203040000, 0.0893122100, 0.6878628000)
(-0.7214066000, 0.0848013300, 0.6872864000)
(-0.7163646000, 0.0921171800, 0.6915956000)
(-0.7166651000, 0.0891847300, 0.6916697000)
(-0.7157665000, 0.0928544600, 0.6921294000)
(-0.7054080000, 0.1009071000, 0.7015684000)
(-0.7007263000, 0.1015020000, 0.7061521000)
(-0.6962287000, 0.1049267000, 0.7100880000)
(-0.6931568000, 0.1057538000, 0.7129826000)
(-0.6868314000, 0.1123633000, 0.7180755000)
(-0.6880750000, 0.1087397000, 0.7174424000)
(-0.6786583000, 0.1187298000, 0.7247829000)
(-0.6777460000, 0.1169360000, 0.7259317000)
(-0.6695296000, 0.1186977000, 0.7332218000)
(-0.6613775000, 0.1190372000, 0.7405356000)
(-0.6612443000, 0.1266131000, 0.7394040000)
(-0.6555138000, 0.1261589000, 0.7445606000)
(-0.6545043000, 0.1202738000, 0.7464248000)
(-0.6527895000, 0.1218866000, 0.7476468000)
(-0.6528302000, 0.1201315000, 0.7479097000)
(-0.6453590000, 0.1115435000, 0.7556868000)
(-0.6421720000, 0.1146969000, 0.7579176000)
(-0.6379679000, 0.1175464000, 0.7610230000)
(-0.6351925000, 0.1182842000, 0.7632291000)
(-0.6341251000, 0.1195473000, 0.7639257000)
(-0.6318705000, 0.1218975000, 0.7654223000)
(-0.6164450000, 0.1359597000, 0.7755595000)
(-0.6194850000, 0.1326172000, 0.7737074000)
(-0.6060687000, 0.1358108000, 0.7837251000)
(-0.6092594000, 0.1383652000, 0.7807886000)
(-0.6037098000, 0.1417519000, 0.7844803000)
(-0.6038929000, 0.1421912000, 0.7842700000)
(-0.5976255000, 0.1417239000, 0.7891392000)
(-0.5959319000, 0.1382555000, 0.7910253000)
(-0.5926831000, 0.1426747000, 0.7926823000)
(-0.5866807000, 0.1450868000, 0.7967103000)
(-0.5803146000, 0.1459778000, 0.8011982000)
(-0.5798284000, 0.1513523000, 0.8005382000)
(-0.5757345000, 0.1446787000, 0.8047242000)
(-0.5766356000, 0.1437571000, 0.8042370000)
(-0.5771781000, 0.1381629000, 0.8048302000)
(-0.5713236000, 0.1337556000, 0.8097317000)
(-0.5689497000, 0.1385608000, 0.8106131000)
(-0.5695366000, 0.1391170000, 0.8100934000)
(-0.6315408000, 0.1339988000, 0.7636714000)
(-0.6524373000, 0.1252428000, 0.7474080000)
(-0.6719390000, 0.1351320000, 0.7281665000)
(-0.7228684000, 0.1308003000, 0.6784794000)
(-0.7242188000, 0.1297719000, 0.6772398000)
(-0.7156368000, 0.1239860000, 0.6873717000)
(-0.7158493000, 0.1246973000, 0.6870084000)
(-0.7119040000, 0.1284803000, 0.6904183000)
(-0.7082375000, 0.1366009000, 0.6926099000)
(-0.7029894000, 0.1367463000, 0.6979204000)
(-0.6968575000, 0.1381486000, 0.7037668000)
(-0.6938990000, 0.1378897000, 0.7067238000)
(-0.6880687000, 0.1411492000, 0.7117797000)
(-0.6818212000, 0.1386355000, 0.7182506000)
(-0.6770664000, 0.1506126000, 0.7203423000)
(-0.6700863000, 0.1523690000, 0.7264559000)
(-0.6661400000, 0.1516513000, 0.7302343000)
(-0.6620141000, 0.1504370000, 0.7342259000)
(-0.6619566000, 0.1517924000, 0.7339878000)
(-0.6630080000, 0.1485659000, 0.7337167000)
(-0.6587142000, 0.1521096000, 0.7368401000)
(-0.6641179000, 0.1494155000, 0.7325290000)
(-0.6580328000, 0.1462707000, 0.7386446000)
(-0.6566926000, 0.1470902000, 0.7396619000)
(-0.6445816000, 0.1485839000, 0.7499461000)
(-0.6392204000, 0.1505535000, 0.7541380000)
(-0.6363454000, 0.1540849000, 0.7558443000)
(-0.6312931000, 0.1555116000, 0.7597830000)
(-0.6297446000, 0.1533626000, 0.7615100000)
(-0.6253814000, 0.1571168000, 0.7643358000)
(-0.6253046000, 0.1550816000, 0.7647989000)
(-0.6145498000, 0.1522090000, 0.7740394000)
(-0.6137394000, 0.1556011000, 0.7740166000)
(-0.6074869000, 0.1531905000, 0.7793999000)
(-0.6099606000, 0.1493505000, 0.7782123000)
(-0.5999702000, 0.1541216000, 0.7850321000)
(-0.5837653000, 0.1701248000, 0.7938923000)
(-0.5771105000, 0.1647389000, 0.7998715000)
(-0.5731378000, 0.1683435000, 0.8019634000)
(-0.5755241000, 0.1731126000, 0.7992514000)
(-0.5691719000, 0.1659246000, 0.8052918000)
(-0.5674989000, 0.1705889000, 0.8054965000)
(-0.5685456000, 0.1649486000, 0.8059357000)
(-0.5700970000, 0.1532932000, 0.8071406000)
(-0.5663400000, 0.1618630000, 0.8081160000)
(-0.5596103000, 0.1664615000, 0.8118477000)
(-0.5463747000, 0.1743061000, 0.8191969000)
(-0.5413693000, 0.1767415000, 0.8219925000)
(-0.5350006000, 0.1682867000, 0.8279061000)
(-0.5302237000, 0.1768707000, 0.8291944000)
(-0.5266003000, 0.1713697000, 0.8326454000)
(-0.5196410000, 0.1810732000, 0.8349597000)
(-0.5138581000, 0.1875784000, 0.8371009000)
(-0.5103177000, 0.1816989000, 0.8405650000)
(-0.5300894000, 0.1788605000, 0.8288507000)
(-0.6052355000, 0.1604187000, 0.7797024000)
(-0.6277340000, 0.1642259000, 0.7608900000)
(-0.6777188000, 0.1657115000, 0.7164013000)
(-0.7029986000, 0.1671245000, 0.6912587000)
(-0.7197745000, 0.1547106000, 0.6767426000)
(-0.7312066000, 0.1499335000, 0.6654589000)
(-0.7279876000, 0.1533388000, 0.6682043000)
(-0.7315144000, 0.1509137000, 0.6648930000)
(-0.7257696000, 0.1504609000, 0.6712665000)
(-0.7241029000, 0.1502858000, 0.6731102000)
(-0.7235044000, 0.1478384000, 0.6742856000)
(-0.7156585000, 0.1550702000, 0.6810048000)
(-0.7108526000, 0.1529753000, 0.6864852000)
(-0.7092803000, 0.1556309000, 0.6875203000)
(-0.6983750000, 0.1600499000, 0.6975889000)
(-0.6987950000, 0.1659589000, 0.6957914000)
(-0.6977491000, 0.1622491000, 0.6977111000)
(-0.6889883000, 0.1680116000, 0.7050261000)
(-0.6881238000, 0.1724623000, 0.7047919000)
(-0.6785301000, 0.1709289000, 0.7143989000)
(-0.6811994000, 0.1723551000, 0.7115090000)
(-0.6737248000, 0.1718113000, 0.7187205000)
(-0.6705200000, 0.1757206000, 0.7207650000)
(-0.6680326000, 0.1717284000, 0.7240387000)
(-0.6694344000, 0.1699312000, 0.7231490000)
(-0.6711947000, 0.1663692000, 0.7223557000)
(-0.6704601000, 0.1704172000, 0.7220886000)
(-0.6570938000, 0.1798841000, 0.7320151000)
(-0.6529657000, 0.1801801000, 0.7356394000)
(-0.6484777000, 0.1752404000, 0.7407696000)
(-0.6384252000, 0.1768143000, 0.7490879000)
(-0.6321203000, 0.1732378000, 0.7552508000)
(-0.6306252000, 0.1750963000, 0.7560738000)
(-0.6231999000, 0.1847533000, 0.7599156000)
(-0.6174389000, 0.1847345000, 0.7646004000)
(-0.6224470000, 0.1855528000, 0.7603299000)
(-0.6173217000, 0.1816299000, 0.7654483000)
(-0.6106982000, 0.1846620000, 0.7700204000)
(-0.6103366000, 0.1796120000, 0.7715054000)
(-0.6142119000, 0.1807571000, 0.7681524000)
(-0.6077918000, 0.1752278000, 0.7745075000)
(-0.6042537000, 0.1803091000, 0.7761150000)
(-0.6073670000, 0.1740844000, 0.7751116000)
(-0.6523914000, 0.1406538000, 0.7446964000)
(-0.7011179000, 0.1087726000, 0.7046788000)
(-0.7180866000, 0.0943348800, 0.6895204000)
(-0.7281308000, 0.0890952500, 0.6796079000)
(-0.7311704000, 0.0929474500, 0.6758144000)
(-0.7262490000, 0.0954682900, 0.6807625000)
(-0.7265579000, 0.0879118800, 0.6814523000)
(-0.7216067000, 0.0857853500, 0.6869531000)
(-0.7156841000, 0.0872804100, 0.6929253000)
(-0.7164180000, 0.0853751100, 0.6924061000)
(-0.7092380000, 0.0903199800, 0.6991331000)
(-0.7024465000, 0.0874083900, 0.7063422000)
(-0.7020776000, 0.0959744500, 0.7055869000)
(-0.6976374000, 0.0924394900, 0.7104413000)
(-0.6923147000, 0.0962154600, 0.7151311000)
(-0.6885546000, 0.1026024000, 0.7178783000)
(-0.6836417000, 0.0996826600, 0.7229602000)
(-0.6800815000, 0.1030008000, 0.7258595000)
(-0.6765384000, 0.1067202000, 0.7286274000)
(-0.6725094000, 0.1049913000, 0.7325871000)
(-0.6690394000, 0.1088130000, 0.7352076000)
(-0.6655412000, 0.1121799000, 0.7378674000)
(-0.6578120000, 0.1120880000, 0.7447841000)
(-0.6585473000, 0.1149206000, 0.7437030000)
(-0.6507318000, 0.1171576000, 0.7502078000)
(-0.6490327000, 0.1145967000, 0.7520600000)
(-0.6396765000, 0.1152428000, 0.7599467000)
(-0.6354428000, 0.1130965000, 0.7638003000)
(-0.6266294000, 0.1195551000, 0.7700841000)
(-0.6248477000, 0.1168718000, 0.7719424000)
(-0.6246474000, 0.1168960000, 0.7720915000)
(-0.6188791000, 0.1217951000, 0.7759662000)
(-0.6160908000, 0.1226457000, 0.7780585000)
(-0.6141556000, 0.1237955000, 0.7793977000)
(-0.6096639000, 0.1199771000, 0.7835121000)
(-0.6117350000, 0.1181738000, 0.7821751000)
(-0.6089720000, 0.1209082000, 0.7839185000)
(-0.6013987000, 0.1199496000, 0.7898819000)
(-0.5956581000, 0.1305274000, 0.7925454000)
(-0.5870585000, 0.1369405000, 0.7978629000)
(-0.5844310000, 0.1393520000, 0.7993687000)
(-0.5751982000, 0.1437235000, 0.8052830000)
(-0.5698833000, 0.1530347000, 0.8073323000)
(-0.5899357000, 0.1429704000, 0.7946842000)
(-0.6266706000, 0.1338392000, 0.7676933000)
(-0.6406928000, 0.1328605000, 0.7562057000)
(-0.6606705000, 0.1353503000, 0.7383611000)
(-0.6900218000, 0.1157429000, 0.7144510000)
(-0.6961439000, 0.1130122000, 0.7089450000)
(-0.6904868000, 0.1210700000, 0.7131236000)
(-0.6841453000, 0.1123117000, 0.7206262000)
(-0.6793231000, 0.1206953000, 0.7238418000)
(-0.6746014000, 0.1203110000, 0.7283018000)
(-0.6546724000, 0.1283988000, 0.7449127000)
(-0.6611682000, 0.1323208000, 0.7384662000)
(-0.6573186000, 0.1262300000, 0.7429631000)
(-0.6553906000, 0.1280152000, 0.7443491000)
(-0.6578346000, 0.1261475000, 0.7425127000)
(-0.6523779000, 0.1326566000, 0.7461808000)
(-0.6439023000, 0.1256229000, 0.7547059000)
(-0.6435765000, 0.1220970000, 0.7555725000)
(-0.6344699000, 0.1262809000, 0.7625524000)
(-0.6336261000, 0.1301012000, 0.7626155000)
(-0.6339276000, 0.1258881000, 0.7630674000)
(-0.6374528000, 0.1223213000, 0.7607141000)
(-0.6244439000, 0.1315600000, 0.7698907000)
(-0.6251146000, 0.1332283000, 0.7690650000)
(-0.6182239000, 0.1423290000, 0.7729993000)
(-0.6049037000, 0.1396669000, 0.7839355000)
(-0.6003271000, 0.1409387000, 0.7872179000)
(-0.6006424000, 0.1429826000, 0.7866206000)
(-0.5947175000, 0.1443881000, 0.7908521000)
(-0.5927943000, 0.1426911000, 0.7926027000)
(-0.5857708000, 0.1491424000, 0.7966303000)
(-0.5828224000, 0.1487985000, 0.7988404000)
(-0.5771756000, 0.1498287000, 0.8027485000)
(-0.5740079000, 0.1511539000, 0.8047599000)
(-0.5741116000, 0.1585284000, 0.8032775000)
(-0.5638925000, 0.1530528000, 0.8115294000)
(-0.5587335000, 0.1534269000, 0.8150199000)
(-0.5584632000, 0.1515883000, 0.8155513000)
(-0.5502121000, 0.1577661000, 0.8199732000)
(-0.5448570000, 0.1549914000, 0.8240719000)
(-0.5469188000, 0.1555838000, 0.8225892000)
(-0.5418787000, 0.1563620000, 0.8257781000)
(-0.5542340000, 0.1580051000, 0.8172129000)
(-0.5935933000, 0.1346317000, 0.7934173000)
(-0.6176642000, 0.1362920000, 0.7745396000)
(-0.6205682000, 0.1348462000, 0.7724543000)
(-0.6613084000, 0.1171786000, 0.7408874000)
(-0.6911409000, 0.0989555000, 0.7158987000)
(-0.7033135000, 0.0901778000, 0.7051288000)
(-0.7219909000, 0.0750332500, 0.6878035000)
(-0.7330281000, 0.0699598700, 0.6765669000)
(-0.7418314000, 0.0639446900, 0.6675270000)
(-0.7425849000, 0.0613853100, 0.6669030000)
(-0.7393631000, 0.0608344600, 0.6705377000)
(-0.7349766000, 0.0587718700, 0.6755373000)
(-0.7374766000, 0.0550070600, 0.6731019000)
(-0.7340294000, 0.0599351900, 0.6764538000)
(-0.7324119000, 0.0627035100, 0.6779426000)
(-0.7286239000, 0.0680712300, 0.6815133000)
(-0.7251655000, 0.0669098200, 0.6852962000)
(-0.7223049000, 0.0677861100, 0.6882260000)
(-0.7229351000, 0.0711551400, 0.6872230000)
(-0.7223901000, 0.0718896000, 0.6877319000)
(-0.7139421000, 0.0748691500, 0.6961736000)
(-0.7127033000, 0.0818054600, 0.6966711000)
(-0.7105719000, 0.0772767600, 0.6993522000)
(-0.7026536000, 0.0809165200, 0.7069030000)
(-0.7039657000, 0.0807379900, 0.7056111000)
(-0.7016435000, 0.0880224100, 0.7070485000)
(-0.6960013000, 0.0882694900, 0.7125793000)
(-0.6931487000, 0.0887710200, 0.7152886000)
(-0.6902387000, 0.0981701800, 0.7168698000)
(-0.6866993000, 0.0939314100, 0.7208219000)
(-0.6793852000, 0.0987001600, 0.7271100000)
(-0.6776095000, 0.1020352000, 0.7282991000)
(-0.6737174000, 0.1030287000, 0.7317656000)
(-0.6662700000, 0.1035630000, 0.7384727000)
(-0.6625258000, 0.1066043000, 0.7414052000)
(-0.6637825000, 0.1103609000, 0.7397268000)
(-0.6554147000, 0.1114051000, 0.7469862000)
(-0.6561325000, 0.1105801000, 0.7464878000)
(-0.6520131000, 0.1116855000, 0.7499115000)
(-0.6483710000, 0.1133861000, 0.7528188000)
(-0.6459427000, 0.1088833000, 0.7555710000)
(-0.6406195000, 0.1104075000, 0.7598708000)
(-0.6465180000, 0.1214255000, 0.7531540000)
(-0.6595735000, 0.1225920000, 0.7415561000)
(-0.6624638000, 0.1229143000, 0.7389221000)
(-0.6682191000, 0.1237114000, 0.7335905000)
(-0.6649379000, 0.1262172000, 0.7361535000)
(-0.6700715000, 0.1378001000, 0.7293754000)
(-0.6716650000, 0.1374132000, 0.7279881000)
(-0.6864377000, 0.1395572000, 0.7136475000)
(-0.6903223000, 0.1387680000, 0.7100604000)
(-0.6858795000, 0.1405598000, 0.7140085000)
(-0.6853310000, 0.1245857000, 0.7174754000)
(-0.7138714000, 0.1343898000, 0.6872346000)
(-0.6482918000, -0.0099543130, 0.7613162000)
(0.0000000000, 0.0000000000, 0.0000000000)
(0.0000000000, 0.0000000000, 0.0000000000)
(0.0000000000, 0.0000000000, 0.0000000000)
(0.0000000000, 0.0000000000, 0.0000000000)
(0.0000000000, 0.0000000000, 0.0000000000)
(0.0000000000, 0.0000000000, 0.0000000000)
(0.0000000000, 0.0000000000, 0.0000000000)
(0.0000000000, 0.0000000000, 0.0000000000)
(0.0000000000, 0.0000000000, 0.0000000000)
(0.0000000000, 0.0000000000, 0.0000000000)
(0.0000000000, 0.0000000000, 0.0000000000)
(0.0000000000, 0.0000000000, 0.0000000000)
(0.0000000000, 0.0000000000, 0.0000000000)
(0.0000000000, 0.0000000000, 0.0000000000)
(0.0000000000, 0.0000000000, 0.0000000000)
(0.0000000000, 0.0000000000, 0.0000000000)
(0.0000000000, 0.0000000000, 0.0000000000)
(0.0000000000, 0.0000000000, 0.0000000000)
(0.0000000000, 0.0000000000, 0.0000000000)
(0.0000000000, 0.0000000000, 0.0000000000)
(0.0000000000, 0.0000000000, 0.0000000000)
(0.0000000000, 0.0000000000, 0.0000000000)
(0.0000000000, 0.0000000000, 0.0000000000)
(0.0000000000, 0.0000000000, 0.0000000000)
(0.0000000000, 0.0000000000, 0.0000000000)
(-0.6076732000, 0.0302371300, 0.7935943000)
(-0.6157815000, 0.0536220500, 0.7860788000)
(-0.6093510000, 0.0553100400, 0.7909532000)
(-0.6120716000, 0.0412174800, 0.7897198000)
(-0.6248295000, 0.1012094000, 0.7741722000)
(-0.6178231000, 0.0810821400, 0.7821125000)
(-0.6385171000, 0.1216503000, 0.7599300000)
(-0.6266575000, 0.0931647600, 0.7736872000)
(-0.6289945000, 0.0870517000, 0.7725052000)
(-0.6154444000, 0.0977380700, 0.7820906000)
(-0.6107469000, 0.0843816300, 0.7873130000)
(-0.6073421000, 0.0837606600, 0.7899944000)
(-0.6179111000, 0.1084214000, 0.7787284000)
(-0.6041288000, 0.1010052000, 0.7904466000)
(-0.5959852000, 0.1001948000, 0.7967121000)
(-0.6052722000, 0.0901955000, 0.7908781000)
(-0.6116448000, 0.0909728700, 0.7858797000)
(-0.6153594000, 0.0833981800, 0.7838138000)
(-0.6304643000, 0.0992337500, 0.7698306000)
(-0.6317259000, 0.1117966000, 0.7670831000)
(-0.6367435000, 0.1286667000, 0.7602595000)
(-0.6363907000, 0.1358164000, 0.7592943000)
(-0.6360077000, 0.1286522000, 0.7608636000)
(-0.6355831000, 0.1307429000, 0.7608752000)
(-0.6298110000, 0.1322872000, 0.7653885000)
(-0.6288024000, 0.1492028000, 0.7631121000)
(-0.6189183000, 0.1096144000, 0.7777552000)
(-0.6557155000, 0.1311676000, 0.7435222000)
(-0.6703252000, 0.1153978000, 0.7330291000)
(-0.6743736000, 0.1035610000, 0.7310838000)
(-0.6962601000, 0.0695705600, 0.7143934000)
(-0.7011987000, 0.0337514100, 0.7121430000)
(-0.7173020000, 0.0460079800, 0.6952353000)
(-0.7079159000, 0.0478556300, 0.7046679000)
(-0.6796447000, 0.0301001900, 0.7329177000)
(-0.7213150000, 0.0594225800, 0.6900453000)
(-0.7168148000, 0.0569968300, 0.6949075000)
(-0.7096964000, 0.0468501800, 0.7029244000)
(-0.7104588000, 0.0597880600, 0.7011754000)
(-0.7031058000, 0.0746617400, 0.7071397000)
(-0.6931854000, 0.0677643300, 0.7175457000)
(-0.6812988000, 0.0788800800, 0.7277228000)
(-0.6831052000, 0.0756053000, 0.7263781000)
(-0.6781844000, 0.0824383300, 0.7302349000)
(-0.6715135000, 0.0893994500, 0.7355592000)
(-0.6697339000, 0.0808678900, 0.7381688000)
(-0.6647529000, 0.0859928200, 0.7420912000)
(-0.6553313000, 0.0729411700, 0.7517993000)
(-0.6515697000, 0.0777876700, 0.7545702000)
(-0.6500840000, 0.0892669100, 0.7545962000)
(-0.6539465000, 0.0936976200, 0.7506996000)
(-0.6461999000, 0.0910944900, 0.7576956000)
(-0.6399819000, 0.0960387000, 0.7623476000)
(-0.6395385000, 0.0952497400, 0.7628242000)
(-0.6421490000, 0.0995503200, 0.7600682000)
(-0.6326853000, 0.1037910000, 0.7674142000)
(-0.6295601000, 0.1072052000, 0.7695082000)
(-0.6311520000, 0.1071594000, 0.7682159000)
(-0.6187332000, 0.1037496000, 0.7787085000)
(-0.6193342000, 0.1019931000, 0.7784543000)
(-0.6127288000, 0.1111053000, 0.7824403000)
(-0.6030300000, 0.1092509000, 0.7901832000)
(-0.5986741000, 0.1166599000, 0.7924462000)
(-0.5934445000, 0.1204278000, 0.7958125000)
(-0.5892367000, 0.1187241000, 0.7991797000)
(-0.5853037000, 0.1234392000, 0.8013465000)
(-0.5810053000, 0.1237947000, 0.8044287000)
(-0.5754837000, 0.1262131000, 0.8079986000)
(-0.5722445000, 0.1305444000, 0.8096128000)
(-0.5704255000, 0.1296218000, 0.8110449000)
(-0.5652868000, 0.1329449000, 0.8141000000)
(-0.5597402000, 0.1287947000, 0.8185843000)
(-0.5575975000, 0.1325380000, 0.8194511000)
(-0.5510610000, 0.1237028000, 0.8252372000)
(-0.5457394000, 0.1255383000, 0.8284898000)
(-0.5406317000, 0.1287222000, 0.8313433000)
(-0.5375431000, 0.1311067000, 0.8329713000)
(-0.5324655000, 0.1287571000, 0.8365937000)
(-0.5310660000, 0.1313916000, 0.8370770000)
(-0.5234660000, 0.1317262000, 0.8417998000)
(-0.5189091000, 0.1342151000, 0.8442203000)
(-0.5070680000, 0.1321090000, 0.8517090000)
(-0.4966962000, 0.1367681000, 0.8570708000)
(-0.4933650000, 0.1359829000, 0.8591189000)
(-0.4847537000, 0.1425902000, 0.8629426000)
(-0.4868996000, 0.1464264000, 0.8610967000)
(-0.4830797000, 0.1405137000, 0.8642173000)
(-0.4765398000, 0.1482589000, 0.8665505000)
(-0.4723632000, 0.1444751000, 0.8694651000)
(-0.4676168000, 0.1481099000, 0.8714219000)
(-0.4680912000, 0.1407873000, 0.8723884000)
(-0.4615858000, 0.1430100000, 0.8754821000)
(-0.4572964000, 0.1484947000, 0.8768094000)
(-0.4562111000, 0.1468346000, 0.8776624000)
(-0.4507211000, 0.1480597000, 0.8802960000)
(-0.4458179000, 0.1469982000, 0.8829688000)
(-0.4441553000, 0.1519095000, 0.8829603000)
(-0.4481362000, 0.1493001000, 0.8813933000)
(-0.4400793000, 0.1475383000, 0.8857495000)
(-0.4386345000, 0.1465698000, 0.8866168000)
(-0.4395275000, 0.1508187000, 0.8854725000)
(-0.4385894000, 0.1518401000, 0.8857517000)
(-0.4304990000, 0.1543839000, 0.8892843000)
(-0.4228087000, 0.1518336000, 0.8933911000)
(-0.4255661000, 0.1554045000, 0.8914741000)
(-0.4217142000, 0.1585153000, 0.8927604000)
(-0.4251848000, 0.1537036000, 0.8919448000)
(-0.4997912000, 0.1102893000, 0.8590862000)
(-0.5300619000, 0.0894258400, 0.8432135000)
(-0.5570512000, 0.0795134300, 0.8266501000)
(-0.5856225000, 0.0681495000, 0.8077074000)
(-0.5925575000, 0.0794685300, 0.8015845000)
(-0.5849760000, 0.0738738700, 0.8076663000)
(-0.5845938000, 0.0700836000, 0.8082749000)
(-0.5814157000, 0.0745600700, 0.8101784000)
(-0.5812684000, 0.0781970600, 0.8099375000)
(-0.5802332000, 0.0769726700, 0.8108008000)
(-0.5762544000, 0.0780664200, 0.8135220000)
(-0.5749232000, 0.0767459000, 0.8145837000)
(-0.5732176000, 0.0861980700, 0.8148527000)
(-0.5649829000, 0.0811623100, 0.8210847000)
(-0.5631589000, 0.0907803600, 0.8213305000)
(-0.5545380000, 0.0938521000, 0.8268388000)
(-0.5527046000, 0.0925845400, 0.8282156000)
(-0.5481108000, 0.0905253000, 0.8314808000)
(-0.5456591000, 0.0857205600, 0.8336050000)
(-0.5429443000, 0.0889876200, 0.8350248000)
(-0.5426335000, 0.0907797000, 0.8350437000)
(-0.5367917000, 0.0931709500, 0.8385522000)
(-0.5297513000, 0.0959354500, 0.8426979000)
(-0.5260876000, 0.1005574000, 0.8444510000)
(-0.5232017000, 0.0965971100, 0.8467042000)
(-0.5356715000, 0.0997110000, 0.8385186000)
(-0.5884420000, 0.1100031000, 0.8010097000)
(-0.6122374000, 0.1074896000, 0.7833159000)
(-0.6274730000, 0.0987319400, 0.7723519000)
(-0.6610947000, 0.0993877400, 0.7436739000)
(-0.6677790000, 0.0889027900, 0.7390164000)
(-0.6589615000, 0.0939884000, 0.7462755000)
(-0.6599688000, 0.1033260000, 0.7441303000)
(-0.6575273000, 0.0948021400, 0.7474377000)
(-0.6596259000, 0.0983401400, 0.7451180000)
(-0.6599957000, 0.1025023000, 0.7442229000)
(-0.6557624000, 0.0937565900, 0.7491067000)
(-0.6574163000, 0.0960465900, 0.7473732000)
(-0.6460285000, 0.0969390600, 0.7571153000)
(-0.6484735000, 0.1050151000, 0.7539431000)
(-0.6444239000, 0.1073428000, 0.7570805000)
(-0.6367893000, 0.1127251000, 0.7627357000)
(-0.6431617000, 0.1082578000, 0.7580310000)
(-0.6410604000, 0.1073670000, 0.7599342000)
(-0.6323173000, 0.1105416000, 0.7667689000)
(-0.6311350000, 0.1074424000, 0.7681876000)
(-0.6351684000, 0.1085175000, 0.7646943000)
(-0.6299721000, 0.1092988000, 0.7688847000)
(-0.6221562000, 0.1114405000, 0.7749118000)
(-0.6222446000, 0.1121275000, 0.7747479000)
(-0.6104225000, 0.1161814000, 0.7834933000)
(-0.6128600000, 0.1138345000, 0.7819364000)
(-0.6108239000, 0.1173542000, 0.7830074000)
(-0.6031993000, 0.1168803000, 0.7889726000)
(-0.6058431000, 0.1226719000, 0.7860516000)
(-0.6047131000, 0.1188436000, 0.7875234000)
(-0.6041294000, 0.1261545000, 0.7868220000)
(-0.5894930000, 0.1210956000, 0.7986313000)
(-0.5991967000, 0.1213695000, 0.7913405000)
(-0.6421601000, 0.1114746000, 0.7584158000)
(-0.6637769000, 0.1007811000, 0.7410864000)
(-0.6807675000, 0.0912641700, 0.7267813000)
(-0.6908446000, 0.0924650800, 0.7170535000)
(-0.6930528000, 0.0927512900, 0.7148779000)
(-0.6932022000, 0.0925758100, 0.7147576000)
(-0.6828249000, 0.0964092100, 0.7241838000)
(-0.6895983000, 0.0952198100, 0.7178944000)
(-0.6832435000, 0.1023620000, 0.7229698000)
(-0.6760264000, 0.1033365000, 0.7295863000)
(-0.6731939000, 0.1011333000, 0.7325117000)
(-0.6690024000, 0.1029640000, 0.7360908000)
(-0.6690496000, 0.1171324000, 0.7339188000)
(-0.6668286000, 0.1157630000, 0.7361493000)
(-0.6641932000, 0.1168913000, 0.7383549000)
(-0.6597472000, 0.1201905000, 0.7417976000)
(-0.6584433000, 0.1187377000, 0.7431826000)
(-0.6601681000, 0.1174731000, 0.7418706000)
(-0.6510988000, 0.1214801000, 0.7491854000)
(-0.6498557000, 0.1246678000, 0.7497491000)
(-0.6443928000, 0.1221664000, 0.7548672000)
(-0.6455505000, 0.1215989000, 0.7539561000)
(-0.6414873000, 0.1247365000, 0.7569050000)
(-0.6389304000, 0.1256793000, 0.7589173000)
(-0.6393187000, 0.1144365000, 0.7603612000)
(-0.6458588000, 0.1238954000, 0.7533158000)
(-0.6426550000, 0.1199442000, 0.7566916000)
(-0.6489295000, 0.1305543000, 0.7495579000)
(-0.6521841000, 0.1392857000, 0.7451448000)
(-0.6485651000, 0.1415681000, 0.7478697000)
(-0.6477828000, 0.1558032000, 0.7457024000)
(-0.6428813000, 0.1588164000, 0.7493088000)
(-0.6393468000, 0.1542737000, 0.7532667000)
(-0.6368377000, 0.1560150000, 0.7550272000)
(-0.6367020000, 0.1599855000, 0.7543104000)
(-0.6319152000, 0.1641368000, 0.7574549000)
(-0.6320149000, 0.1604795000, 0.7581396000)
(-0.6343480000, 0.1566744000, 0.7569923000)
(-0.6318396000, 0.1524697000, 0.7599405000)
(-0.6342353000, 0.1554710000, 0.7573398000)
(-0.6255087000, 0.1711572000, 0.7611986000)
(-0.6257328000, 0.1716062000, 0.7609182000)
(-0.6214060000, 0.1737994000, 0.7639617000)
(-0.6207299000, 0.1687857000, 0.7656335000)
(-0.6171303000, 0.1736177000, 0.7674488000)
(-0.6101527000, 0.1731959000, 0.7731019000)
(-0.6113971000, 0.1714143000, 0.7725194000)
(-0.6121924000, 0.1734922000, 0.7714328000)
(-0.6127142000, 0.1770543000, 0.7702078000)
(-0.6123830000, 0.1845979000, 0.7686945000)
(-0.6136589000, 0.1839238000, 0.7678398000)
(-0.6163506000, 0.1820366000, 0.7661299000)
(-0.6160658000, 0.1842642000, 0.7658195000)
(-0.6159042000, 0.1833389000, 0.7661813000)
(-0.6105685000, 0.1770937000, 0.7718898000)
(-0.6114264000, 0.1884287000, 0.7685224000)
(-0.6086012000, 0.1798335000, 0.7728105000)
(-0.6055912000, 0.1850736000, 0.7739487000)
(-0.5999611000, 0.1846761000, 0.7784083000)
(-0.5993580000, 0.1849719000, 0.7787988000)
(-0.5970235000, 0.1874050000, 0.7800198000)
(-0.5956401000, 0.1870463000, 0.7811568000)
(-0.5887564000, 0.1903928000, 0.7855579000)
(-0.5914073000, 0.1911543000, 0.7833797000)
(-0.5897247000, 0.1906609000, 0.7847611000)
(-0.5875831000, 0.1895130000, 0.7866443000)
(-0.5829565000, 0.1972911000, 0.7881766000)
(-0.5788859000, 0.1985704000, 0.7908487000)
(-0.5788447000, 0.1959711000, 0.7915232000)
(-0.5770337000, 0.1941509000, 0.7932936000)
(-0.5779192000, 0.1987669000, 0.7915096000)
(-0.5763164000, 0.2003908000, 0.7922621000)
(-0.5633406000, 0.2032708000, 0.8008115000)
(-0.5640662000, 0.2144963000, 0.7973836000)
(-0.5618191000, 0.2155482000, 0.7986731000)
(-0.5558939000, 0.2077734000, 0.8048574000)
(-0.5584732000, 0.2084704000, 0.8028866000)
(-0.5582268000, 0.2009806000, 0.8049741000)
(-0.5509546000, 0.2027493000, 0.8095268000)
(-0.5475233000, 0.2081990000, 0.8104653000)
(-0.5460887000, 0.2085198000, 0.8113567000)
(-0.5393816000, 0.2071101000, 0.8161763000)
(-0.5320989000, 0.2134423000, 0.8193254000)
(-0.5255689000, 0.2165791000, 0.8227035000)
(-0.5183836000, 0.2227494000, 0.8256212000)
(-0.5144746000, 0.2262063000, 0.8271146000)
(-0.5116733000, 0.2355505000, 0.8262535000)
(-0.5052458000, 0.2311177000, 0.8314427000)
(-0.5010790000, 0.2255842000, 0.8354723000)
(-0.5012701000, 0.2307641000, 0.8339347000)
(-0.5103234000, 0.2239450000, 0.8303093000)
(-0.5302792000, 0.2190744000, 0.8190257000)
(-0.5490016000, 0.2176259000, 0.8069758000)
(-0.5814394000, 0.2117372000, 0.7855442000)
(-0.5940101000, 0.2016682000, 0.7787623000)
(-0.6149692000, 0.1944522000, 0.7641976000)
(-0.6427109000, 0.1887005000, 0.7424940000)
(-0.6541625000, 0.1895098000, 0.7322264000)
(-0.6531271000, 0.1902641000, 0.7329417000)
(-0.6573666000, 0.1877370000, 0.7297899000)
(-0.6543669000, 0.1904067000, 0.7318035000)
(-0.6530391000, 0.1914950000, 0.7326953000)
(-0.6398271000, 0.1916137000, 0.7442316000)
(-0.6391822000, 0.1883521000, 0.7456138000)
(-0.6364100000, 0.1948446000, 0.7463157000)
(-0.6282880000, 0.1867788000, 0.7552121000)
(-0.6249844000, 0.1930562000, 0.7563684000)
(-0.6251846000, 0.1900486000, 0.7569663000)
(-0.6238135000, 0.1852624000, 0.7592853000)
(-0.6257432000, 0.1853046000, 0.7576794000)
(-0.6175038000, 0.1890524000, 0.7634946000)
(-0.6075674000, 0.1985099000, 0.7690467000)
(-0.6067425000, 0.1932790000, 0.7710238000)
(-0.6023654000, 0.1972469000, 0.7734550000)
(-0.5956742000, 0.2037585000, 0.7769362000)
(-0.5964466000, 0.2006015000, 0.7771779000)
(-0.5975674000, 0.1974059000, 0.7771220000)
(-0.5902297000, 0.1994824000, 0.7821959000)
(-0.5880935000, 0.1978060000, 0.7842191000)
(-0.5840008000, 0.2044591000, 0.7855669000)
(-0.5802004000, 0.1999210000, 0.7895503000)
(-0.5751950000, 0.2037221000, 0.7922263000)
(-0.5734394000, 0.2055936000, 0.7930281000)
(-0.5657332000, 0.2063039000, 0.7983474000)
(-0.5643855000, 0.2043254000, 0.7998199000)
(-0.5612742000, 0.2016750000, 0.8026627000)
(-0.5526746000, 0.2125870000, 0.8058105000)
(-0.5530404000, 0.2089639000, 0.8065106000)
(-0.5552583000, 0.2088751000, 0.8050202000)
(-0.5473146000, 0.2110086000, 0.8098831000)
(-0.5464665000, 0.2091470000, 0.8109333000)
(-0.5426837000, 0.2095712000, 0.8133568000)
(-0.5360253000, 0.2192955000, 0.8152174000)
(-0.5296960000, 0.2174156000, 0.8198393000)
(-0.5270568000, 0.2177834000, 0.8214487000)
(-0.5109581000, 0.2214807000, 0.8305812000)
(-0.5071670000, 0.2136389000, 0.8349413000)
(0.0000000000, 0.0000000000, 0.0000000000)
(0.0000000000, 0.0000000000, 0.0000000000)
(0.0000000000, 0.0000000000, 0.0000000000)
(0.0000000000, 0.0000000000, 0.0000000000)
(0.0000000000, 0.0000000000, 0.0000000000)
(0.0000000000, 0.0000000000, 0.0000000000)
(0.0000000000, 0.0000000000, 0.0000000000)
(0.0000000000, 0.0000000000, 0.0000000000)
(0.0000000000, 0.0000000000, 0.0000000000)
(0.0000000000, 0.0000000000, 0.0000000000)
(0.0000000000, 0.0000000000, 0.0000000000)
(0.0000000000, 0.0000000000, 0.0000000000)
(0.0000000000, 0.0000000000, 0.0000000000)
(0.0000000000, 0.0000000000, 0.0000000000)
(0.0000000000, 0.0000000000, 0.0000000000)
(0.0000000000, 0.0000000000, 0.0000000000)
(0.0000000000, 0.0000000000, 0.0000000000)
(0.0000000000, 0.0000000000, 0.0000000000)
(0.0000000000, 0.0000000000, 0.0000000000)
(0.0000000000, 0.0000000000, 0.0000000000)
(0.0000000000, 0.0000000000, 0.0000000000)
(0.0000000000, 0.0000000000, 0.0000000000)
(0.0000000000, 0.0000000000, 0.0000000000)
(0.0000000000, 0.0000000000, 0.0000000000)
(0.0000000000, 0.0000000000, 0.0000000000)
(0.0000000000, 0.0000000000, 0.0000000000)
(0.0000000000, 0.0000000000, 0.0000000000)
(0.0000000000, 0.0000000000, 0.0000000000)
(-0.5880531000, -0.0428450100, 0.8076790000)
(-0.5764851000, -0.0204555800, 0.8168330000)
(-0.5861245000, -0.0540226900, 0.8084072000)
(-0.5892791000, -0.0278679400, 0.8074437000)
(-0.6063019000, -0.0275071300, 0.7947388000)
(-0.6251305000, -0.0313036300, 0.7798736000)
(-0.6038973000, -0.0268372800, 0.7965918000)
(-0.5981078000, -0.0366292600, 0.8005597000)
(-0.6232702000, -0.0238989600, 0.7816359000)
(-0.6085923000, -0.0286062900, 0.7929514000)
(-0.6056122000, -0.0223807300, 0.7954272000)
(-0.6180226000, 0.0372946300, 0.7852699000)
(-0.5942625000, -0.0094766020, 0.8041936000)
(-0.6118007000, 0.0142555900, 0.7908776000)
(-0.6018661000, 0.0328250300, 0.7979000000)
(-0.6220934000, 0.0202610600, 0.7826757000)
(-0.6124924000, 0.0316248200, 0.7898264000)
(-0.5978349000, 0.0415646100, 0.8005363000)
(-0.5970612000, 0.0441420000, 0.8009678000)
(-0.6023706000, 0.0570004200, 0.7961758000)
(-0.6038586000, 0.0711602600, 0.7938975000)
(-0.6065734000, 0.0765361200, 0.7913227000)
(-0.6050001000, 0.0787076400, 0.7923075000)
(-0.6168222000, 0.0916784300, 0.7817404000)
(-0.6187606000, 0.1026255000, 0.7788283000)
(-0.6194826000, 0.1273473000, 0.7745944000)
(-0.6172720000, 0.1155550000, 0.7781988000)
(-0.6019359000, 0.1292015000, 0.7880204000)
(-0.5980119000, 0.1341298000, 0.7901626000)
(-0.6037147000, 0.1331049000, 0.7859983000)
(-0.6058806000, 0.1405840000, 0.7830187000)
(-0.6006585000, 0.1484601000, 0.7855919000)
(-0.5997193000, 0.1486464000, 0.7862677000)
(-0.5938113000, 0.1407744000, 0.7921770000)
(-0.5916169000, 0.1494112000, 0.7922317000)
(-0.5906526000, 0.1549829000, 0.7919014000)
(-0.5847885000, 0.1537291000, 0.7964773000)
(-0.5662108000, 0.1524641000, 0.8100201000)
(-0.5625920000, 0.1661259000, 0.8098550000)
(-0.5744635000, 0.1593444000, 0.8028615000)
(-0.5556476000, 0.1524636000, 0.8173079000)
(-0.5579843000, 0.1713566000, 0.8119516000)
(-0.5633126000, 0.1638964000, 0.8098161000)
(-0.5564212000, 0.1594054000, 0.8154562000)
(-0.5597150000, 0.1518889000, 0.8146423000)
(-0.5536857000, 0.1752488000, 0.8140655000)
(-0.5499194000, 0.1701816000, 0.8176879000)
(-0.5481130000, 0.1745365000, 0.8179820000)
(-0.5395131000, 0.1712365000, 0.8243738000)
(-0.5374210000, 0.1776364000, 0.8243765000)
(-0.5363076000, 0.1750993000, 0.8256460000)
(-0.5284505000, 0.1776981000, 0.8301522000)
(-0.5370905000, 0.1828365000, 0.8234599000)
(-0.5365469000, 0.1942581000, 0.8211973000)
(-0.5380217000, 0.1907230000, 0.8210608000)
(-0.5472956000, 0.1843614000, 0.8163703000)
(-0.5728170000, 0.1691794000, 0.8020173000)
(-0.5974987000, 0.1453559000, 0.7885754000)
(-0.5967080000, 0.1394472000, 0.7902330000)
(-0.6094783000, 0.1184269000, 0.7838963000)
(-0.6276056000, 0.1066426000, 0.7711786000)
(-0.6347552000, 0.1085185000, 0.7650468000)
(-0.6316003000, 0.0734756300, 0.7718002000)
(-0.6528474000, 0.0483962100, 0.7559281000)
(-0.6278217000, 0.0539339500, 0.7764798000)
(-0.6367752000, 0.0529176500, 0.7692134000)
(-0.6577023000, 0.0485861600, 0.7516979000)
(-0.6613109000, 0.0554695800, 0.7480438000)
(-0.6639349000, 0.0562387600, 0.7456542000)
(-0.6681755000, 0.0599912900, 0.7415772000)
(-0.6586512000, 0.0446011100, 0.7511166000)
(-0.6518756000, 0.0582920800, 0.7560587000)
(-0.6509089000, 0.0612493000, 0.7566687000)
(-0.6487219000, 0.0726160900, 0.7575331000)
(-0.6393171000, 0.0715403300, 0.7655895000)
(-0.6325153000, 0.0701024200, 0.7713606000)
(-0.6394857000, 0.0835950200, 0.7642262000)
(-0.6297696000, 0.0768607500, 0.7729499000)
(-0.6332158000, 0.0752290800, 0.7702941000)
(-0.6309824000, 0.0692486500, 0.7726901000)
(-0.6317849000, 0.0693832300, 0.7720159000)
(-0.6293499000, 0.0780749500, 0.7731717000)
(-0.6202949000, 0.0848269800, 0.7797534000)
(-0.6125902000, 0.0810899400, 0.7862267000)
(-0.6300365000, 0.0857038900, 0.7718172000)
(-0.6337253000, 0.0740454300, 0.7699924000)
(-0.6297600000, 0.0812109200, 0.7725188000)
(-0.6366919000, 0.0897488600, 0.7658644000)
(-0.6312862000, 0.0872313600, 0.7706151000)
(-0.6223221000, 0.0934320800, 0.7771496000)
(-0.6275642000, 0.0923873600, 0.7730569000)
(-0.6282192000, 0.0964992600, 0.7720240000)
(-0.6323798000, 0.1015529000, 0.7679582000)
(-0.6280034000, 0.0935837300, 0.7725455000)
(-0.6233183000, 0.0977203200, 0.7758172000)
(-0.6253394000, 0.1040962000, 0.7733669000)
(-0.6189883000, 0.1067666000, 0.7780994000)
(-0.6149822000, 0.1092336000, 0.7809308000)
(-0.6172723000, 0.1100845000, 0.7790055000)
(-0.6089409000, 0.1102777000, 0.7854979000)
(-0.6104841000, 0.1117411000, 0.7841030000)
(-0.6001613000, 0.1108348000, 0.7921492000)
(-0.5990235000, 0.1192491000, 0.7917982000)
(-0.5962412000, 0.1128781000, 0.7948233000)
(-0.5964690000, 0.1185463000, 0.7938181000)
(-0.5917268000, 0.1164178000, 0.7976733000)
(-0.5927526000, 0.1123802000, 0.7974883000)
(-0.5912865000, 0.1111401000, 0.7987651000)
(-0.5844128000, 0.1173934000, 0.8029152000)
(-0.5791237000, 0.1192342000, 0.8064601000)
(-0.5787343000, 0.1172512000, 0.8070296000)
(-0.5679257000, 0.1195652000, 0.8143395000)
(-0.5648022000, 0.1137581000, 0.8173367000)
(-0.5706928000, 0.1044087000, 0.8144835000)
(-0.5778573000, 0.1015914000, 0.8097812000)
(-0.5905594000, 0.0916522000, 0.8017549000)
(-0.5934798000, 0.0720711400, 0.8015961000)
(-0.5899580000, 0.1055294000, 0.8004965000)
(-0.5952582000, 0.1071817000, 0.7963428000)
(-0.5924551000, 0.1136900000, 0.7975314000)
(-0.5927708000, 0.1115938000, 0.7975900000)
(-0.5950407000, 0.1088419000, 0.7962883000)
(-0.5948599000, 0.1176633000, 0.7951593000)
(-0.5893913000, 0.1438702000, 0.7949178000)
(-0.5816506000, 0.1289201000, 0.8031521000)
(-0.5806345000, 0.1345767000, 0.8029540000)
(-0.5943722000, 0.1273447000, 0.7940277000)
(-0.5969300000, 0.1382339000, 0.7902781000)
(-0.5884963000, 0.1234547000, 0.7990137000)
(-0.5915087000, 0.1214173000, 0.7970918000)
(-0.5771662000, 0.1190789000, 0.8078861000)
(-0.5882066000, 0.1296023000, 0.7982528000)
(-0.5950801000, 0.1046205000, 0.7968225000)
(0.0000000000, 0.0000000000, 0.0000000000)
(0.0000000000, 0.0000000000, 0.0000000000)
(0.0000000000, 0.0000000000, 0.0000000000)
(0.0000000000, 0.0000000000, 0.0000000000)
(0.0000000000, 0.0000000000, 0.0000000000)
(0.0000000000, 0.0000000000, 0.0000000000)
(0.0000000000, 0.0000000000, 0.0000000000)
(0.0000000000, 0.0000000000, 0.0000000000)
(0.0000000000, 0.0000000000, 0.0000000000)
(0.0000000000, 0.0000000000, 0.0000000000)
(0.0000000000, 0.0000000000, 0.0000000000)
(0.0000000000, 0.0000000000, 0.0000000000)
(0.0000000000, 0.0000000000, 0.0000000000)
(0.0000000000, 0.0000000000, 0.0000000000)
(0.0000000000, 0.0000000000, 0.0000000000)
(0.0000000000, 0.0000000000, 0.0000000000)
(0.0000000000, 0.0000000000, 0.0000000000)
(0.0000000000, 0.0000000000, 0.0000000000)
(0.0000000000, 0.0000000000, 0.0000000000)
(0.0000000000, 0.0000000000, 0.0000000000)
(0.0000000000, 0.0000000000, 0.0000000000)
(0.0000000000, 0.0000000000, 0.0000000000)
(0.0000000000, 0.0000000000, 0.0000000000)
(0.0000000000, 0.0000000000, 0.0000000000)
(0.0000000000, 0.0000000000, 0.0000000000)
(0.0000000000, 0.0000000000, 0.0000000000)
(-0.5449151000, 0.1342896000, 0.8276488000)
(-0.5487828000, 0.1295500000, 0.8258573000)
(-0.5521733000, 0.1112199000, 0.8262640000)
(-0.5503832000, 0.1307608000, 0.8245987000)
(-0.5507491000, 0.1412532000, 0.8226185000)
(-0.5458798000, 0.1213997000, 0.8290181000)
(-0.5351202000, 0.1243924000, 0.8355501000)
(-0.5388123000, 0.1465673000, 0.8295606000)
(-0.5365790000, 0.1339349000, 0.8331337000)
(-0.5423974000, 0.1188727000, 0.8316645000)
(-0.5461565000, 0.1350460000, 0.8267123000)
(-0.5496340000, 0.1252665000, 0.8259578000)
(-0.5437224000, 0.1129161000, 0.8316217000)
(-0.5496542000, 0.1119451000, 0.8278539000)
(-0.5552202000, 0.1103275000, 0.8243394000)
(-0.5541017000, 0.1404276000, 0.8205158000)
(-0.5592239000, 0.1328685000, 0.8182937000)
(-0.5548668000, 0.1198549000, 0.8232501000)
(-0.5546207000, 0.1226806000, 0.8229925000)
(-0.5492352000, 0.1321113000, 0.8251511000)
(-0.5492905000, 0.1191584000, 0.8270762000)
(-0.5435990000, 0.1587907000, 0.8241721000)
(-0.5557126000, 0.1362894000, 0.8201178000)
(-0.5481923000, 0.1435834000, 0.8239278000)
(-0.5463704000, 0.1567760000, 0.8227197000)
(-0.5436716000, 0.1523546000, 0.8253465000)
(-0.5442545000, 0.1537868000, 0.8246956000)
(-0.5472249000, 0.1646707000, 0.8206177000)
(-0.5448063000, 0.1585375000, 0.8234382000)
(-0.5426438000, 0.1608955000, 0.8244054000)
(-0.5405169000, 0.1609402000, 0.8257830000)
(-0.5368194000, 0.1657368000, 0.8272523000)
(-0.5329710000, 0.1614336000, 0.8305812000)
(-0.5340441000, 0.1655811000, 0.8290699000)
(-0.5343044000, 0.1629356000, 0.8294353000)
(-0.5319340000, 0.1626631000, 0.8310096000)
(-0.5290977000, 0.1643620000, 0.8324788000)
(-0.5295367000, 0.1652801000, 0.8320193000)
(-0.5318824000, 0.1662682000, 0.8303301000)
(-0.5253850000, 0.1693728000, 0.8338281000)
(-0.5252802000, 0.1696932000, 0.8338368000)
(-0.5200750000, 0.1687583000, 0.8372645000)
(-0.5197801000, 0.1778518000, 0.8355765000)
(-0.5202941000, 0.1724886000, 0.8363772000)
(-0.5159487000, 0.1780236000, 0.8379076000)
(-0.5107858000, 0.1784040000, 0.8409883000)
(-0.5094189000, 0.1726212000, 0.8430204000)
(-0.5069060000, 0.1758827000, 0.8438624000)
(-0.5036161000, 0.1819211000, 0.8445503000)
(-0.5002115000, 0.1809329000, 0.8467848000)
(-0.5243813000, 0.1707756000, 0.8341739000)
(-0.5724640000, 0.1481094000, 0.8064308000)
(-0.5871657000, 0.1421273000, 0.7968788000)
(-0.5970902000, 0.1469425000, 0.7885972000)
(-0.6021216000, 0.1484032000, 0.7844781000)
(-0.5986400000, 0.1531184000, 0.7862383000)
(-0.6015316000, 0.1418245000, 0.7861509000)
(-0.5910226000, 0.1537323000, 0.7918539000)
(-0.5906565000, 0.1537325000, 0.7921394000)
(-0.5861634000, 0.1618530000, 0.7938502000)
(-0.5865957000, 0.1621750000, 0.7934659000)
(-0.5892667000, 0.1448647000, 0.7948399000)
(-0.5854304000, 0.1487242000, 0.7969456000)
(-0.5839829000, 0.1540563000, 0.7969967000)
(-0.5789264000, 0.1544205000, 0.8006073000)
(-0.5785635000, 0.1558985000, 0.8005875000)
(-0.5748412000, 0.1581311000, 0.8028319000)
(-0.5734696000, 0.1447674000, 0.8063208000)
(-0.5684230000, 0.1511002000, 0.8087257000)
(-0.5575024000, 0.1737232000, 0.8117864000)
(-0.5518723000, 0.1779245000, 0.8147262000)
(-0.5534468000, 0.1757346000, 0.8141178000)
(-0.5487747000, 0.1785881000, 0.8166553000)
(-0.5429783000, 0.1720824000, 0.8219154000)
(-0.5444194000, 0.1718547000, 0.8210155000)
(-0.5451150000, 0.1682996000, 0.8212867000)
(-0.5386649000, 0.1723789000, 0.8246903000)
(-0.5388431000, 0.1725625000, 0.8245358000)
(-0.5312673000, 0.1716783000, 0.8296140000)
(-0.5310123000, 0.1684722000, 0.8304440000)
(-0.5323898000, 0.1729025000, 0.8286493000)
(-0.5255487000, 0.1747893000, 0.8326128000)
(-0.5315002000, 0.1694760000, 0.8299100000)
(-0.5623656000, 0.1513472000, 0.8129054000)
(-0.6109670000, 0.1324481000, 0.7804802000)
(-0.6372365000, 0.1181764000, 0.7615366000)
(-0.6637774000, 0.1121962000, 0.7394524000)
(-0.6718979000, 0.1045090000, 0.7332301000)
(-0.6565425000, 0.1172063000, 0.7451204000)
(-0.6561430000, 0.1164575000, 0.7455918000)
(-0.6820521000, 0.0962229400, 0.7249295000)
(-0.6540843000, 0.1189574000, 0.7469906000)
(-0.6566489000, 0.1134289000, 0.7456132000)
(-0.6509504000, 0.1172568000, 0.7499982000)
(-0.6559067000, 0.1159075000, 0.7458705000)
(-0.6526309000, 0.1184584000, 0.7483384000)
(-0.6464655000, 0.1209083000, 0.7532856000)
(-0.6468605000, 0.1188028000, 0.7532803000)
(-0.6416211000, 0.1206276000, 0.7574632000)
(-0.6348892000, 0.1158177000, 0.7638674000)
(-0.6368960000, 0.1194154000, 0.7616271000)
(-0.6303241000, 0.1168243000, 0.7674801000)
(-0.6260589000, 0.1234451000, 0.7699386000)
(-0.6294134000, 0.1209449000, 0.7675943000)
(-0.6162440000, 0.1265991000, 0.7772920000)
(-0.6168952000, 0.1229679000, 0.7773601000)
(-0.6116614000, 0.1253248000, 0.7811196000)
(-0.6096054000, 0.1295522000, 0.7820386000)
(-0.6086596000, 0.1246024000, 0.7835832000)
(-0.6052109000, 0.1198653000, 0.7869698000)
(-0.6055373000, 0.1218139000, 0.7864352000)
(-0.5968996000, 0.1251093000, 0.7924858000)
(-0.5933753000, 0.1331527000, 0.7938353000)
(-0.5938050000, 0.1261651000, 0.7946442000)
(-0.5890343000, 0.1349190000, 0.7967609000)
(-0.5864544000, 0.1335858000, 0.7988859000)
(-0.5880396000, 0.1310121000, 0.7981384000)
(-0.5842968000, 0.1313247000, 0.8008394000)
(-0.5799555000, 0.1373459000, 0.8029778000)
(-0.5830404000, 0.1279182000, 0.8022934000)
(-0.5786675000, 0.1331830000, 0.8046111000)
(-0.5800795000, 0.1342677000, 0.8033999000)
(-0.5694240000, 0.1344086000, 0.8109677000)
(-0.5654494000, 0.1393013000, 0.8129274000)
(-0.5664306000, 0.1418007000, 0.8118074000)
(-0.5668024000, 0.1361814000, 0.8125193000)
(-0.5611172000, 0.1442342000, 0.8150627000)
(-0.5612929000, 0.1408335000, 0.8155307000)
(-0.5567553000, 0.1371291000, 0.8192744000)
(-0.5478612000, 0.1404154000, 0.8246848000)
(-0.5439712000, 0.1403900000, 0.8272670000)
(-0.5437248000, 0.1372274000, 0.8279496000)
(-0.5371786000, 0.1427102000, 0.8312992000)
(-0.5357208000, 0.1458892000, 0.8316926000)
(-0.5342519000, 0.1431182000, 0.8331137000)
(-0.5369360000, 0.1467617000, 0.8307556000)
(-0.5322250000, 0.1444522000, 0.8341705000)
(-0.5456035000, 0.1404558000, 0.8261847000)
(-0.6037120000, 0.1275892000, 0.7869147000)
(-0.6330469000, 0.1156710000, 0.7654118000)
(-0.6489382000, 0.1009797000, 0.7541051000)
(-0.7050932000, 0.0837068300, 0.7041511000)
(-0.7253761000, 0.0627276100, 0.6854684000)
(-0.7282467000, 0.0546996100, 0.6831210000)
(-0.7330392000, 0.0586148200, 0.6776521000)
(-0.7306622000, 0.0642817300, 0.6796880000)
(-0.7255175000, 0.0639640600, 0.6852063000)
(-0.7282096000, 0.0656273900, 0.6821873000)
(-0.7246994000, 0.0652034100, 0.6859640000)
(-0.7180477000, 0.0629824800, 0.6931233000)
(-0.7144929000, 0.0810360800, 0.6949093000)
(-0.7035957000, 0.0822420300, 0.7058184000)
(-0.7053587000, 0.0829050900, 0.7039841000)
(-0.6883489000, 0.0836468900, 0.7205302000)
(-0.6855487000, 0.0915953900, 0.7222338000)
(-0.6811112000, 0.0918786900, 0.7263774000)
(-0.6814561000, 0.0971379300, 0.7253692000)
(-0.6828399000, 0.0904467300, 0.7249281000)
(-0.6785690000, 0.0944944500, 0.7284282000)
(-0.6761513000, 0.0970801300, 0.7303304000)
(-0.6754794000, 0.0984819200, 0.7307512000)
(-0.6671320000, 0.1058053000, 0.7373783000)
(-0.6573153000, 0.1008015000, 0.7468414000)
(-0.6614517000, 0.1030451000, 0.7428659000)
(-0.6565102000, 0.1012478000, 0.7474756000)
(-0.6511354000, 0.0976994600, 0.7526225000)
(-0.6457477000, 0.1016915000, 0.7567314000)
(-0.6444691000, 0.1011326000, 0.7579041000)
(-0.6394879000, 0.1038400000, 0.7617441000)
(-0.6312255000, 0.1056585000, 0.7683525000)
(-0.6293455000, 0.1068291000, 0.7697393000)
(-0.6171016000, 0.1123100000, 0.7788117000)
(-0.6164058000, 0.1096784000, 0.7797405000)
(-0.6174665000, 0.1148873000, 0.7781464000)
(-0.6090561000, 0.1194209000, 0.7840688000)
(-0.6027335000, 0.1227157000, 0.7884350000)
(-0.5996220000, 0.1189366000, 0.7913807000)
(-0.5947320000, 0.1153614000, 0.7955891000)
(-0.5942094000, 0.1225427000, 0.7949007000)
(-0.5897095000, 0.1181742000, 0.7989137000)
(-0.5845090000, 0.1159979000, 0.8030392000)
(-0.5841147000, 0.1179939000, 0.8030303000)
(-0.5817806000, 0.1183882000, 0.8046745000)
(-0.5794860000, 0.1235549000, 0.8055580000)
(-0.5685487000, 0.1300031000, 0.8123055000)
(-0.5631557000, 0.1237121000, 0.8170249000)
(-0.5604748000, 0.1270404000, 0.8183590000)
(-0.5551167000, 0.1263462000, 0.8221027000)
(-0.5642388000, 0.1218840000, 0.8165563000)
(-0.5587126000, 0.1284588000, 0.8193316000)
(-0.5495419000, 0.1362602000, 0.8242702000)
(-0.5445825000, 0.1331463000, 0.8280629000)
(-0.5408355000, 0.1337865000, 0.8304081000)
